subject,relation,object
José de Almada Negreiros,es de nacionalidad,Portugal
9789729258404,es un codigo ISBN para el libro,Almada Negreiros e os painéis
9789729258404,es un codigo ISBN de una edicion publicada por,"MNAA, Museu Nacional de Arte Antiga"
9789729258404,está escrito en,Portugués
José de Almada Negreiros,es autor de la obra,Almada Negreiros e os painéis
Almada Negreiros e os painéis,pertenece al género,Exhibitions
Almada Negreiros e os painéis,pertenece al género,Christian art and symbolism
Almada Negreiros e os painéis,pertenece al género,Portuguese Painting
9788475174655,es un codigo ISBN para el libro,La Escena del Odio
9788475174655,es un codigo ISBN de una edicion publicada por,Hiperion
9788475174655,está escrito en,Español
8475174655,es un codigo ISBN para el libro,La Escena del Odio
8475174655,es un codigo ISBN de una edicion publicada por,Hiperion
8475174655,está escrito en,Español
José de Almada Negreiros,es autor de la obra,La Escena del Odio
9722704451,es un codigo ISBN para el libro,Ensaios
9722704451,es un codigo ISBN de una edicion publicada por,Impr. Nacional-Casa da Moeda
9722704451,está escrito en,Portugués
José de Almada Negreiros,es autor de la obra,Ensaios
9723705877,es un codigo ISBN para el libro,"K4, o quadrado azul"
9723705877,es un codigo ISBN de una edicion publicada por,Assírio & Alvim
9723705877,está escrito en,Portugués
José de Almada Negreiros,es autor de la obra,"K4, o quadrado azul"
9726171369,es un codigo ISBN para el libro,Manifesto anti-Dantas
9726171369,es un codigo ISBN de una edicion publicada por,Ática
9726171369,está escrito en,Portugués
José de Almada Negreiros,es autor de la obra,Manifesto anti-Dantas
9798708111364,es un codigo ISBN para el libro,A invenção do dia claro
9798708111364,es un codigo ISBN de una edicion publicada por,Independently Published
9798708111364,está escrito en,Portugués
José de Almada Negreiros,es autor de la obra,A invenção do dia claro
972270575X,es un codigo ISBN para el libro,Teatro
972270575X,es un codigo ISBN de una edicion publicada por,Impr. Nacional-Casa da Moeda
972270575X,está escrito en,Portugués
José de Almada Negreiros,es autor de la obra,Teatro
9729593809,es un codigo ISBN para el libro,Almada
9729593809,es un codigo ISBN de una edicion publicada por,Centro Cultural de Belém
9729593809,está escrito en,Español
José de Almada Negreiros,es autor de la obra,Almada
Almada,pertenece al género,Exhibitions
9729313601,es un codigo ISBN para el libro,Almada e tudo
9729313601,es un codigo ISBN de una edicion publicada por,Universidade de Évora
9729313601,está escrito en,Portugués
José de Almada Negreiros,es autor de la obra,Almada e tudo
Almada e tudo,pertenece al género,Exhibitions
9725651480,es un codigo ISBN para el libro,"Almada, o escritor o ilustrador"
9725651480,es un codigo ISBN de una edicion publicada por,"Presidência do Conselho de Ministros, Secretaria de Estado da Cultura, Instituto da Biblioteca Nacional e do Livro"
9725651480,está escrito en,Portugués
José de Almada Negreiros,es autor de la obra,"Almada, o escritor o ilustrador"
"Almada, o escritor o ilustrador",pertenece al género,Bibliography
"Almada, o escritor o ilustrador",pertenece al género,Catalogs
9789723706529,es un codigo ISBN para el libro,Nome de guerra
9789723706529,es un codigo ISBN de una edicion publicada por,Assírio & Alvim
9723706520,es un codigo ISBN para el libro,Nome de guerra
9723706520,es un codigo ISBN de una edicion publicada por,Assírio & Alvim
9726171326,es un codigo ISBN para el libro,Nome de guerra
9726171326,es un codigo ISBN de una edicion publicada por,Edições Ática
9726171326,está escrito en,Portugués
José de Almada Negreiros,es autor de la obra,Nome de guerra
9722705458,es un codigo ISBN para el libro,Textos de intervenção
9722705458,es un codigo ISBN de una edicion publicada por,Impr. Nacional-Casa da Moeda
9722705458,está escrito en,Portugués
José de Almada Negreiros,es autor de la obra,Textos de intervenção
972808711X,es un codigo ISBN para el libro,Almada Negreiros
972808711X,es un codigo ISBN de una edicion publicada por,"Impr. Nacional, Casa da Moeda"
972808711X,es un codigo ISBN de una edicion publicada por,Instituto Português do Património Arquitectónico e Arqueológico
972808711X,está escrito en,Portugués
José de Almada Negreiros,es autor de la obra,Almada Negreiros
Almada Negreiros,pertenece al género,Exhibitions
Almada Negreiros,pertenece al género,"Themes, motives"
9789898566874,es un codigo ISBN para el libro,Almada
9789898566874,es un codigo ISBN de una edicion publicada por,Documenta
9789898566874,está escrito en,Portugués
9789723718423,es un codigo ISBN para el libro,Almada
9789723718423,es un codigo ISBN de una edicion publicada por,Assírio & Alvim
9789723718423,está escrito en,Portugués
Almada,pertenece al género,Paineis de São Vicente de Fora (Panel painting)
Almada,pertenece al género,Interviews
Almada,pertenece al género,Artists
9789722722292,es un codigo ISBN para el libro,Almada Negreiros
9789722722292,es un codigo ISBN de una edicion publicada por,Imprensa Nacional-Casa da Moeda
9789722722292,está escrito en,Portugués
Almada Negreiros,pertenece al género,Criticism and interpretation
Teixeira de Pascoaes,es de nacionalidad,Portugal
972370675X,es un codigo ISBN para el libro,O penitente (Camilo Castelo Branco)
972370675X,es un codigo ISBN de una edicion publicada por,Assírio & Alvim
972370675X,está escrito en,Portugués
9723701219,es un codigo ISBN para el libro,O penitente (Camilo Castelo Branco)
9723701219,es un codigo ISBN de una edicion publicada por,Assírio & Alvim
9723701219,está escrito en,Portugués
Teixeira de Pascoaes,es autor de la obra,O penitente (Camilo Castelo Branco)
O penitente (Camilo Castelo Branco),pertenece al género,Portuguese Authors
O penitente (Camilo Castelo Branco),pertenece al género,Biography
9723702304,es un codigo ISBN para el libro,Napoleão
9723702304,es un codigo ISBN de una edicion publicada por,Assírio & Alvim
9723702304,está escrito en,Portugués
Teixeira de Pascoaes,es autor de la obra,Napoleão
9723703106,es un codigo ISBN para el libro,São Jerónimo e a trovoada
9723703106,es un codigo ISBN de una edicion publicada por,Assírio & Alvim
9723703106,está escrito en,Portugués
9723703092,es un codigo ISBN para el libro,São Jerónimo e a trovoada
9723703092,es un codigo ISBN de una edicion publicada por,Assírio & Alvim
9723703092,está escrito en,Portugués
Teixeira de Pascoaes,es autor de la obra,São Jerónimo e a trovoada
9723707055,es un codigo ISBN para el libro,Teixeira de Pascoaes
9723707055,es un codigo ISBN de una edicion publicada por,Assírio & Alvim
9723707055,está escrito en,Portugués
Teixeira de Pascoaes,es autor de la obra,Teixeira de Pascoaes
8478250441,es un codigo ISBN para el libro,Epistolario ibérico
8478250441,es un codigo ISBN de una edicion publicada por,Orígenes
8478250441,está escrito en,Español
Teixeira de Pascoaes,es autor de la obra,Epistolario ibérico
Epistolario ibérico,pertenece al género,Correspondence
Epistolario ibérico,pertenece al género,Portuguese Authors
Epistolario ibérico,pertenece al género,Spanish Authors
9723702835,es un codigo ISBN para el libro,Arte de ser português
9723702835,es un codigo ISBN de una edicion publicada por,Assírio & Alvim
9723702835,está escrito en,Portugués
9723702924,es un codigo ISBN para el libro,Arte de ser português
9723702924,es un codigo ISBN de una edicion publicada por,Assírio & Alvim
9723702924,está escrito en,Portugués
Teixeira de Pascoaes,es autor de la obra,Arte de ser português
9723705338,es un codigo ISBN para el libro,Senhora da Noite - Verbo Escuro
9723705338,es un codigo ISBN de una edicion publicada por,Assírio & Alvim
9789723705331,es un codigo ISBN para el libro,Senhora da Noite - Verbo Escuro
9789723705331,es un codigo ISBN de una edicion publicada por,Assírio & Alvim
Teixeira de Pascoaes,es autor de la obra,Senhora da Noite - Verbo Escuro
9789723704792,es un codigo ISBN para el libro,Aforismos
9789723704792,es un codigo ISBN de una edicion publicada por,Assírio & Alvim
Teixeira de Pascoaes,es autor de la obra,Aforismos
972370644X,es un codigo ISBN para el libro,Livro de memórias
972370644X,es un codigo ISBN de una edicion publicada por,Assírio & Alvim
972370644X,está escrito en,Portugués
Teixeira de Pascoaes,es autor de la obra,Livro de memórias
Livro de memórias,pertenece al género,Portuguese Authors
Livro de memórias,pertenece al género,Biography
9723713292,es un codigo ISBN para el libro,D. Carlos
9723713292,es un codigo ISBN de una edicion publicada por,Assírio & Alvim
9723713292,está escrito en,Portugués
9789723713299,es un codigo ISBN para el libro,D. Carlos
9789723713299,es un codigo ISBN de una edicion publicada por,Assírio & Alvim
9789723713299,está escrito en,Portugués
Teixeira de Pascoaes,es autor de la obra,D. Carlos
9729470162,es un codigo ISBN para el libro,Cartas de amor
9729470162,es un codigo ISBN de una edicion publicada por,Edições do Tâmega
9729470162,está escrito en,Portugués
Teixeira de Pascoaes,es autor de la obra,Cartas de amor
Cartas de amor,pertenece al género,Correspondence
Cartas de amor,pertenece al género,Criticism and interpretation
Cartas de amor,pertenece al género,Portuguese Authors
9723704293,es un codigo ISBN para el libro,Belo
9723704293,es un codigo ISBN de una edicion publicada por,Assírio & Alvim
9723704293,está escrito en,Portugués
Teixeira de Pascoaes,es autor de la obra,Belo
9723704986,es un codigo ISBN para el libro,Para a luz
9723704986,es un codigo ISBN de una edicion publicada por,Assírio & Alvim
9723704986,está escrito en,Portugués
Teixeira de Pascoaes,es autor de la obra,Para a luz
Rui Knopfli,es de nacionalidad,Portugal
8570417152,es un codigo ISBN para el libro,Antologia poética
8570417152,es un codigo ISBN de una edicion publicada por,Editora UFMG
8570417152,está escrito en,Portugués
9788570417152,es un codigo ISBN para el libro,Antologia poética
9788570417152,es un codigo ISBN de una edicion publicada por,Editora UFMG
9788570417152,está escrito en,Portugués
Rui Knopfli,es autor de la obra,Antologia poética
9722712349,es un codigo ISBN para el libro,Obra poética
9722712349,es un codigo ISBN de una edicion publicada por,Imprensa Nacional-Casa da Moeda
9722712349,está escrito en,Portugués
Rui Knopfli,es autor de la obra,Obra poética
Obra poética,pertenece al género,Criticism and interpretation
Vitorino Nemésio,es de nacionalidad,Portugal
9722712004,es un codigo ISBN para el libro,Caderno de caligraphia e outros poemas a Marga
9722712004,es un codigo ISBN de una edicion publicada por,Imprensa Nacional-Casa da Moeda
9722712004,está escrito en,Portugués
Vitorino Nemésio,es autor de la obra,Caderno de caligraphia e outros poemas a Marga
0943722241,es un codigo ISBN para el libro,STORMY ISLES: AN AZOREAN TALE -(EURO 15.66)
0943722241,es un codigo ISBN de una edicion publicada por,Gávea-Brown
0943722241,está escrito en,Portugués
Vitorino Nemésio,es autor de la obra,STORMY ISLES: AN AZOREAN TALE -(EURO 15.66)
9789729358098,es un codigo ISBN para el libro,Vida e Obra do Infante D. Henrique
9789729358098,es un codigo ISBN de una edicion publicada por,Porto Editora
9789729358098,está escrito en,Portugués
9729358095,es un codigo ISBN para el libro,Vida e Obra do Infante D. Henrique
9729358095,es un codigo ISBN de una edicion publicada por,Porto Editora
9729358095,está escrito en,Portugués
Vitorino Nemésio,es autor de la obra,Vida e Obra do Infante D. Henrique
9781933227870,es un codigo ISBN para el libro,Stormy Isles
9781933227870,es un codigo ISBN de una edicion publicada por,Tagus Press
9781933227870,está escrito en,Inglés
Vitorino Nemésio,es autor de la obra,Stormy Isles
Stormy Isles,pertenece al género,"Fiction, general"
9722710028,es un codigo ISBN para el libro,"OBRAS COMPLETAS DE VITORINO NEMÉSIO, VOL. XIV - Ondas Médias - Biografia eLiteratura - Jornal de Vitorino Nemésio 1 -(EURO 15.96)"
9722710028,es un codigo ISBN de una edicion publicada por,Imprensa Nacional-Casa da Moeda
9722710028,está escrito en,Portugués
Vitorino Nemésio,es autor de la obra,"OBRAS COMPLETAS DE VITORINO NEMÉSIO, VOL. XIV - Ondas Médias - Biografia eLiteratura - Jornal de Vitorino Nemésio 1 -(EURO 15.96)"
"OBRAS COMPLETAS DE VITORINO NEMÉSIO, VOL. XIV - Ondas Médias - Biografia eLiteratura - Jornal de Vitorino Nemésio 1 -(EURO 15.96)",pertenece al género,Portuguese Authors
"OBRAS COMPLETAS DE VITORINO NEMÉSIO, VOL. XIV - Ondas Médias - Biografia eLiteratura - Jornal de Vitorino Nemésio 1 -(EURO 15.96)",pertenece al género,Portuguese literature
"OBRAS COMPLETAS DE VITORINO NEMÉSIO, VOL. XIV - Ondas Médias - Biografia eLiteratura - Jornal de Vitorino Nemésio 1 -(EURO 15.96)",pertenece al género,History and criticism
9789722726740,es un codigo ISBN para el libro,Teatro e Ficção
9789722726740,es un codigo ISBN de una edicion publicada por,"Imprensa Nacional Casa da Moeda, INCM"
9789722726740,está escrito en,Portugués
Vitorino Nemésio,es autor de la obra,Teatro e Ficção
Teatro e Ficção,pertenece al género,Romance literature
9782729109486,es un codigo ISBN para el libro,L'animal harmonieux et autres poèmes
9782729109486,es un codigo ISBN de una edicion publicada por,La Différence
9782729109486,está escrito en,Francés
272910948X,es un codigo ISBN para el libro,L'animal harmonieux et autres poèmes
272910948X,es un codigo ISBN de una edicion publicada por,La Différence
272910948X,está escrito en,Francés
Vitorino Nemésio,es autor de la obra,L'animal harmonieux et autres poèmes
9722709275,es un codigo ISBN para el libro,Caatinga e terra caída
9722709275,es un codigo ISBN de una edicion publicada por,"Impr. Nacional, Casa da Moeda"
9722709275,está escrito en,Portugués
Vitorino Nemésio,es autor de la obra,Caatinga e terra caída
9722704753,es un codigo ISBN para el libro,Vida e obra do Infante D. Henrique
9722704753,es un codigo ISBN de una edicion publicada por,"Impr. Nacional, Casa da Moeda"
9722704753,está escrito en,Portugués
Vitorino Nemésio,es autor de la obra,Vida e obra do Infante D. Henrique
Vida e obra do Infante D. Henrique,pertenece al género,Explorers
Vida e obra do Infante D. Henrique,pertenece al género,Biography
Vida e obra do Infante D. Henrique,pertenece al género,History
9722706829,es un codigo ISBN para el libro,Mau tempo no canal
9722706829,es un codigo ISBN de una edicion publicada por,Impr. Nacional-Casa da Moeda
9722706829,está escrito en,Portugués
Vitorino Nemésio,es autor de la obra,Mau tempo no canal
9722705083,es un codigo ISBN para el libro,Obras completas
9722705083,es un codigo ISBN de una edicion publicada por,"Impr. Nacional, Casa da Moeda"
9722705083,es un codigo ISBN de una edicion publicada por,Impr. Nacional-Casa da Moeda
9722705083,está escrito en,Portugués
9722712004,es un codigo ISBN para el libro,Obras completas
9722712004,es un codigo ISBN de una edicion publicada por,"Impr. Nacional, Casa da Moeda"
9722712004,es un codigo ISBN de una edicion publicada por,Impr. Nacional-Casa da Moeda
9722709208,es un codigo ISBN para el libro,Obras completas
9722709208,es un codigo ISBN de una edicion publicada por,"Impr. Nacional, Casa da Moeda"
9722709208,es un codigo ISBN de una edicion publicada por,Impr. Nacional-Casa da Moeda
9722709208,está escrito en,Portugués
9722712241,es un codigo ISBN para el libro,Obras completas
9722712241,es un codigo ISBN de una edicion publicada por,"Impr. Nacional, Casa da Moeda"
9722712241,es un codigo ISBN de una edicion publicada por,Impr. Nacional-Casa da Moeda
9722712241,está escrito en,Portugués
9722711172,es un codigo ISBN para el libro,Obras completas
9722711172,es un codigo ISBN de una edicion publicada por,"Impr. Nacional, Casa da Moeda"
9722711172,es un codigo ISBN de una edicion publicada por,Impr. Nacional-Casa da Moeda
9722711172,está escrito en,Portugués
9722711822,es un codigo ISBN para el libro,Obras completas
9722711822,es un codigo ISBN de una edicion publicada por,"Impr. Nacional, Casa da Moeda"
9722711822,es un codigo ISBN de una edicion publicada por,Impr. Nacional-Casa da Moeda
9722711822,está escrito en,Portugués
9722706829,es un codigo ISBN para el libro,Obras completas
9722706829,es un codigo ISBN de una edicion publicada por,"Impr. Nacional, Casa da Moeda"
9722713191,es un codigo ISBN para el libro,Obras completas
9722713191,es un codigo ISBN de una edicion publicada por,"Impr. Nacional, Casa da Moeda"
9722713191,es un codigo ISBN de una edicion publicada por,Impr. Nacional-Casa da Moeda
9722713191,está escrito en,Portugués
9722712470,es un codigo ISBN para el libro,Obras completas
9722712470,es un codigo ISBN de una edicion publicada por,"Impr. Nacional, Casa da Moeda"
9722712470,es un codigo ISBN de una edicion publicada por,Impr. Nacional-Casa da Moeda
9722712470,está escrito en,Portugués
9722709275,es un codigo ISBN para el libro,Obras completas
9722709275,es un codigo ISBN de una edicion publicada por,Impr. Nacional-Casa da Moeda
Vitorino Nemésio,es autor de la obra,Obras completas
Obras completas,pertenece al género,Travel
Obras completas,pertenece al género,Description and travel
Obras completas,pertenece al género,Modern Civilization
0943722241,es un codigo ISBN para el libro,Stormy isles
0943722241,es un codigo ISBN de una edicion publicada por,Distributed by Luso-Brazilian Books
0943722241,es un codigo ISBN de una edicion publicada por,Gávea-Brown Publications
0943722241,está escrito en,Inglés
Vitorino Nemésio,es autor de la obra,Stormy isles
Stormy isles,pertenece al género,Fiction
9722712241,es un codigo ISBN para el libro,"Era do átomo, crise do homem"
Vitorino Nemésio,es autor de la obra,"Era do átomo, crise do homem"
"Era do átomo, crise do homem",pertenece al género,"Civilization, Modern"
"Era do átomo, crise do homem",pertenece al género,Modern Civilization
9722711822,es un codigo ISBN para el libro,A mocidade de Herculano até à volta do exílio (1810-1832)
Vitorino Nemésio,es autor de la obra,A mocidade de Herculano até à volta do exílio (1810-1832)
A mocidade de Herculano até à volta do exílio (1810-1832),pertenece al género,Biography
A mocidade de Herculano até à volta do exílio (1810-1832),pertenece al género,Childhood and youth
A mocidade de Herculano até à volta do exílio (1810-1832),pertenece al género,Portuguese Authors
Júlio Dantas,es de nacionalidad,Portugal
Carlos de Oliveira,es de nacionalidad,Portugal
9723708000,es un codigo ISBN para el libro,Uma abelha na chuva
9723708000,es un codigo ISBN de una edicion publicada por,Assairio & Alvim
9723708000,está escrito en,Portugués
9789723708004,es un codigo ISBN para el libro,Uma abelha na chuva
9789723708004,es un codigo ISBN de una edicion publicada por,Assairio & Alvim
9789723708004,está escrito en,Portugués
Carlos de Oliveira,es autor de la obra,Uma abelha na chuva
9789723709643,es un codigo ISBN para el libro,Casa na duna
9789723709643,es un codigo ISBN de una edicion publicada por,Assírio & Alvim
9789723709643,está escrito en,Portugués
9723709643,es un codigo ISBN para el libro,Casa na duna
9723709643,es un codigo ISBN de una edicion publicada por,Assírio & Alvim
9723709643,está escrito en,Portugués
Carlos de Oliveira,es autor de la obra,Casa na duna
9723708019,es un codigo ISBN para el libro,Trabalho poético
9723708019,es un codigo ISBN de una edicion publicada por,Assírio & Alvim
9723708019,está escrito en,Portugués
Carlos de Oliveira,es autor de la obra,Trabalho poético
9722107844,es un codigo ISBN para el libro,Obras de Carlos de Oliveira
9722107844,es un codigo ISBN de una edicion publicada por,Caminho
9722107844,está escrito en,Portugués
Carlos de Oliveira,es autor de la obra,Obras de Carlos de Oliveira
9789725622773,es un codigo ISBN para el libro,Uma Abelha Na Chuva Romance
9789725622773,es un codigo ISBN de una edicion publicada por,Livraria Sa da Costa
9725622774,es un codigo ISBN para el libro,Uma Abelha Na Chuva Romance
9725622774,es un codigo ISBN de una edicion publicada por,Livraria Sa da Costa
Carlos de Oliveira,es autor de la obra,Uma Abelha Na Chuva Romance
9781729263587,es un codigo ISBN para el libro,Verdade Sobre Deus
9781729263587,es un codigo ISBN de una edicion publicada por,Independently Published
9781729263587,está escrito en,Portugués
Carlos de Oliveira,es autor de la obra,Verdade Sobre Deus
9780367674144,es un codigo ISBN para el libro,Climate Change-Sensitive Water Resources Management
9780367674144,es un codigo ISBN de una edicion publicada por,Taylor & Francis Group
9780367674144,está escrito en,Inglés
9780367257880,es un codigo ISBN para el libro,Climate Change-Sensitive Water Resources Management
9780367257880,es un codigo ISBN de una edicion publicada por,Taylor & Francis Group
9780367257880,está escrito en,Inglés
9781000293944,es un codigo ISBN para el libro,Climate Change-Sensitive Water Resources Management
9781000293944,es un codigo ISBN de una edicion publicada por,Taylor & Francis Group
9781000293944,está escrito en,Inglés
9780429289873,es un codigo ISBN para el libro,Climate Change-Sensitive Water Resources Management
9780429289873,es un codigo ISBN de una edicion publicada por,Taylor & Francis Group
9780429289873,está escrito en,Inglés
9781000293951,es un codigo ISBN para el libro,Climate Change-Sensitive Water Resources Management
9781000293951,es un codigo ISBN de una edicion publicada por,Taylor & Francis Group
9781000293951,está escrito en,Inglés
9781000293937,es un codigo ISBN para el libro,Climate Change-Sensitive Water Resources Management
9781000293937,es un codigo ISBN de una edicion publicada por,Taylor & Francis Group
9781000293937,está escrito en,Inglés
Carlos de Oliveira,es autor de la obra,Climate Change-Sensitive Water Resources Management
Climate Change-Sensitive Water Resources Management,pertenece al género,Water resources development
Climate Change-Sensitive Water Resources Management,pertenece al género,Water-supply
Climate Change-Sensitive Water Resources Management,pertenece al género,Effect of global warming on
Campos Monteiro,es de nacionalidad,Portugal
9789722713023,es un codigo ISBN para el libro,Mais além do drama poético de Fernando Pessoa
9789722713023,es un codigo ISBN de una edicion publicada por,Imprensa Nacional-Casa da Moeda
9789722713023,está escrito en,Portugués
Campos Monteiro,es autor de la obra,Mais além do drama poético de Fernando Pessoa
Mais além do drama poético de Fernando Pessoa,pertenece al género,Criticism and interpretation
Mais além do drama poético de Fernando Pessoa,pertenece al género,Psychology
Mais além do drama poético de Fernando Pessoa,pertenece al género,Heteronyms
9781092799270,es un codigo ISBN para el libro,Celebrando líderes Quietos
9781092799270,es un codigo ISBN de una edicion publicada por,Independently Published
9781092799270,está escrito en,Portugués
Campos Monteiro,es autor de la obra,Celebrando líderes Quietos
9781507103395,es un codigo ISBN para el libro,Que Venha o Crash!
9781507103395,es un codigo ISBN de una edicion publicada por,Babelcube Inc
9781507103395,está escrito en,Portugués
Campos Monteiro,es autor de la obra,Que Venha o Crash!
9781507162347,es un codigo ISBN para el libro,Alice 2630_Experiência Humana
9781507162347,es un codigo ISBN de una edicion publicada por,Babelcube Inc
9781507162347,está escrito en,Portugués
Campos Monteiro,es autor de la obra,Alice 2630_Experiência Humana
9781507139479,es un codigo ISBN para el libro,Celebrando léderes Quietos
9781507139479,es un codigo ISBN de una edicion publicada por,Babelcube Inc
9781507139479,está escrito en,Portugués
Campos Monteiro,es autor de la obra,Celebrando léderes Quietos
9781507115695,es un codigo ISBN para el libro,Elaboração de Cerveja - para o Principiante
9781507115695,es un codigo ISBN de una edicion publicada por,Babelcube Inc
9781507115695,está escrito en,Portugués
Campos Monteiro,es autor de la obra,Elaboração de Cerveja - para o Principiante
9781507146439,es un codigo ISBN para el libro,Aquaponia Em Casa
9781507146439,es un codigo ISBN de una edicion publicada por,Babelcube Inc
9781507146439,está escrito en,Portugués
Campos Monteiro,es autor de la obra,Aquaponia Em Casa
9788562648113,es un codigo ISBN para el libro,Cronistas de Pernambuco
9788562648113,es un codigo ISBN de una edicion publicada por,Carpe Diem
9788562648113,está escrito en,Portugués
Campos Monteiro,es autor de la obra,Cronistas de Pernambuco
Cronistas de Pernambuco,pertenece al género,Brazilian prose literature
Cronistas de Pernambuco,pertenece al género,Bio-bibliography
9786589805007,es un codigo ISBN para el libro,Pensamento nacional-desenvolvimentista
9786589805007,es un codigo ISBN de una edicion publicada por,Anita Garibaldi
9786589805007,es un codigo ISBN de una edicion publicada por,Fundação Maurício Grabois
9786589805007,está escrito en,Portugués
6589805008,es un codigo ISBN para el libro,Pensamento nacional-desenvolvimentista
6589805008,es un codigo ISBN de una edicion publicada por,Anita Garibaldi
6589805008,es un codigo ISBN de una edicion publicada por,Fundação Maurício Grabois
6589805008,está escrito en,Portugués
Campos Monteiro,es autor de la obra,Pensamento nacional-desenvolvimentista
Pensamento nacional-desenvolvimentista,pertenece al género,Economic development
Pensamento nacional-desenvolvimentista,pertenece al género,Economic policy
Pensamento nacional-desenvolvimentista,pertenece al género,Economic conditions
8560504877,es un codigo ISBN para el libro,Kobra
8560504877,es un codigo ISBN de una edicion publicada por,Arte Ensaio
8560504877,está escrito en,Portugués
9788560504879,es un codigo ISBN para el libro,Kobra
9788560504879,es un codigo ISBN de una edicion publicada por,Arte Ensaio
9788560504879,está escrito en,Portugués
Campos Monteiro,es autor de la obra,Kobra
Kobra,pertenece al género,Catalogs
Kobra,pertenece al género,Criticism and interpretation
Kobra,pertenece al género,Brazilian Mural painting and decoration
9798886700329,es un codigo ISBN para el libro,REFLEXÕES SOBRE POLÍTICAS PÚBLICAS E SOCIEDADE
9798886700329,es un codigo ISBN de una edicion publicada por,Pembroke Collins LLC
9798886700329,está escrito en,Inglés
Campos Monteiro,es autor de la obra,REFLEXÕES SOBRE POLÍTICAS PÚBLICAS E SOCIEDADE
REFLEXÕES SOBRE POLÍTICAS PÚBLICAS E SOCIEDADE,pertenece al género,Law
REFLEXÕES SOBRE POLÍTICAS PÚBLICAS E SOCIEDADE,pertenece al género,Education
Francisco Santos,es de nacionalidad,Portugal
9780130623768,es un codigo ISBN para el libro,"Prentice Hall Literature--Timeless Voices, Timeless Themes--Copper Level"
9780130623768,es un codigo ISBN de una edicion publicada por,Prentice Hall
9780130623768,está escrito en,Inglés
0130623768,es un codigo ISBN para el libro,"Prentice Hall Literature--Timeless Voices, Timeless Themes--Copper Level"
0130623768,es un codigo ISBN de una edicion publicada por,Prentice Hall
0130623768,está escrito en,Inglés
9780131802803,es un codigo ISBN para el libro,"Prentice Hall Literature--Timeless Voices, Timeless Themes--Copper Level"
9780131802803,es un codigo ISBN de una edicion publicada por,Pearson Prentice Hall
9780131802803,está escrito en,Inglés
0131802801,es un codigo ISBN para el libro,"Prentice Hall Literature--Timeless Voices, Timeless Themes--Copper Level"
0131802801,es un codigo ISBN de una edicion publicada por,Pearson Prentice Hall
0131802801,está escrito en,Inglés
9780131804302,es un codigo ISBN para el libro,"Prentice Hall Literature--Timeless Voices, Timeless Themes--Copper Level"
9780131804302,es un codigo ISBN de una edicion publicada por,Pearson Prentice Hall
9780131804302,está escrito en,Inglés
9780130547866,es un codigo ISBN para el libro,"Prentice Hall Literature--Timeless Voices, Timeless Themes--Copper Level"
9780130547866,es un codigo ISBN de una edicion publicada por,Prentice Hall
9780130547866,está escrito en,Inglés
0130547867,es un codigo ISBN para el libro,"Prentice Hall Literature--Timeless Voices, Timeless Themes--Copper Level"
0130547867,es un codigo ISBN de una edicion publicada por,Prentice Hall
0130547867,está escrito en,Inglés
0130548022,es un codigo ISBN para el libro,"Prentice Hall Literature--Timeless Voices, Timeless Themes--Copper Level"
0130548022,es un codigo ISBN de una edicion publicada por,Prentice Hall
0130548022,está escrito en,Inglés
9780130548023,es un codigo ISBN para el libro,"Prentice Hall Literature--Timeless Voices, Timeless Themes--Copper Level"
9780130548023,es un codigo ISBN de una edicion publicada por,Prentice Hall
9780130548023,está escrito en,Inglés
0131804308,es un codigo ISBN para el libro,"Prentice Hall Literature--Timeless Voices, Timeless Themes--Copper Level"
0131804308,es un codigo ISBN de una edicion publicada por,Pearson Prentice Hall
0131804308,está escrito en,Inglés
0130624349,es un codigo ISBN para el libro,"Prentice Hall Literature--Timeless Voices, Timeless Themes--Copper Level"
0130624349,es un codigo ISBN de una edicion publicada por,Prentice Hall
0130624349,está escrito en,Inglés
Francisco Santos,es autor de la obra,"Prentice Hall Literature--Timeless Voices, Timeless Themes--Copper Level"
"Prentice Hall Literature--Timeless Voices, Timeless Themes--Copper Level",pertenece al género,Literature
"Prentice Hall Literature--Timeless Voices, Timeless Themes--Copper Level",pertenece al género,Study and teaching (Elementary)
"Prentice Hall Literature--Timeless Voices, Timeless Themes--Copper Level",pertenece al género,American literature
8495886871,es un codigo ISBN para el libro,Exilio
8495886871,es un codigo ISBN de una edicion publicada por,EDITORIAL PABLO IGLESIAS
9788495886873,es un codigo ISBN para el libro,Exilio
9788495886873,es un codigo ISBN de una edicion publicada por,EDITORIAL PABLO IGLESIAS
8495886375,es un codigo ISBN para el libro,Exilio
8495886375,es un codigo ISBN de una edicion publicada por,FUNDACIÓN PABLO IGLESIAS
Francisco Santos,es autor de la obra,Exilio
Exilio,pertenece al género,Exiles
Exilio,pertenece al género,Exhibitions
Exilio,pertenece al género,History
9781000013399,es un codigo ISBN para el libro,Dark Places of Business Enterprise
9781000013399,es un codigo ISBN de una edicion publicada por,Taylor & Francis Group
9781000013399,está escrito en,Inglés
9781315208367,es un codigo ISBN para el libro,Dark Places of Business Enterprise
9781315208367,es un codigo ISBN de una edicion publicada por,Taylor & Francis Group
9781315208367,está escrito en,Inglés
9781000006865,es un codigo ISBN para el libro,Dark Places of Business Enterprise
9781000006865,es un codigo ISBN de una edicion publicada por,Taylor & Francis Group
9781000006865,está escrito en,Inglés
9781000000030,es un codigo ISBN para el libro,Dark Places of Business Enterprise
9781000000030,es un codigo ISBN de una edicion publicada por,Taylor & Francis Group
9781000000030,está escrito en,Inglés
9780367730338,es un codigo ISBN para el libro,Dark Places of Business Enterprise
9780367730338,es un codigo ISBN de una edicion publicada por,Taylor & Francis Group
9780367730338,está escrito en,Inglés
9781138632257,es un codigo ISBN para el libro,Dark Places of Business Enterprise
9781138632257,es un codigo ISBN de una edicion publicada por,Taylor & Francis Group
9781138632257,está escrito en,Inglés
9780415000505,es un codigo ISBN para el libro,Dark Places of Business Enterprise
9780415000505,es un codigo ISBN de una edicion publicada por,Taylor & Francis Group
9780415000505,está escrito en,Inglés
Francisco Santos,es autor de la obra,Dark Places of Business Enterprise
Dark Places of Business Enterprise,pertenece al género,Institutional economics
9781016738989,es un codigo ISBN para el libro,Historia silense
9781016738989,es un codigo ISBN de una edicion publicada por,"Creative Media Partners, LLC"
9781016738989,está escrito en,Español
9781016748155,es un codigo ISBN para el libro,Historia silense
9781016748155,es un codigo ISBN de una edicion publicada por,"Creative Media Partners, LLC"
9781016748155,está escrito en,Español
Francisco Santos,es autor de la obra,Historia silense
Historia silense,pertenece al género,History
9781020039706,es un codigo ISBN para el libro,Periquillo el de Las Gallineras
9781020039706,es un codigo ISBN de una edicion publicada por,"Creative Media Partners, LLC"
9781020039706,está escrito en,Español
9781022054738,es un codigo ISBN para el libro,Periquillo el de Las Gallineras
9781022054738,es un codigo ISBN de una edicion publicada por,"Creative Media Partners, LLC"
9781022054738,está escrito en,Español
Francisco Santos,es autor de la obra,Periquillo el de Las Gallineras
8574010464,es un codigo ISBN para el libro,Além da conquista
8574010464,es un codigo ISBN de una edicion publicada por,"Amazonas, Secretaria de Estado da Cultura e Turismo"
8574010464,es un codigo ISBN de una edicion publicada por,EDUA
8574010464,está escrito en,Portugués
8574010863,es un codigo ISBN para el libro,Além da conquista
8574010863,es un codigo ISBN de una edicion publicada por,Editora da Universidade do Amazonas
8574010863,está escrito en,Portugués
Francisco Santos,es autor de la obra,Além da conquista
Além da conquista,pertenece al género,Brazil
Além da conquista,pertenece al género,Civilization
Além da conquista,pertenece al género,Government relations
8445104853,es un codigo ISBN para el libro,Dia y Noche de Madrid (Clasicos Madrileños)
8445104853,es un codigo ISBN de una edicion publicada por,Comunidad de Madrid Co Etaria General Tecni
8445104853,está escrito en,Español
9788445104859,es un codigo ISBN para el libro,Dia y Noche de Madrid (Clasicos Madrileños)
9788445104859,es un codigo ISBN de una edicion publicada por,Comunidad de Madrid Co Etaria General Tecni
9788445104859,está escrito en,Español
Francisco Santos,es autor de la obra,Dia y Noche de Madrid (Clasicos Madrileños)
0900411570,es un codigo ISBN para el libro,El No Importa de España y La Verdad en el Potro (Textos B)
0900411570,es un codigo ISBN de una edicion publicada por,Tamesis Books
0900411570,está escrito en,Español
9780900411571,es un codigo ISBN para el libro,El No Importa de España y La Verdad en el Potro (Textos B)
9780900411571,es un codigo ISBN de una edicion publicada por,Tamesis Books
9780900411571,está escrito en,Español
Francisco Santos,es autor de la obra,El No Importa de España y La Verdad en el Potro (Textos B)
El No Importa de España y La Verdad en el Potro (Textos B),pertenece al género,"Fiction, general"
1855660016,es un codigo ISBN para el libro,El rey gallo y discusos de la hormiga
1855660016,es un codigo ISBN de una edicion publicada por,Tamesis
1855660016,está escrito en,Español
Francisco Santos,es autor de la obra,El rey gallo y discusos de la hormiga
El rey gallo y discusos de la hormiga,pertenece al género,"Spanish literature, history and criticism"
9782884680271,es un codigo ISBN para el libro,F1 2002-2003
9782884680271,es un codigo ISBN de una edicion publicada por,Editions Airelles
2884680276,es un codigo ISBN para el libro,F1 2002-2003
2884680276,es un codigo ISBN de una edicion publicada por,Editions Airelles
Francisco Santos,es autor de la obra,F1 2002-2003
9788432923333,es un codigo ISBN para el libro,Formula 1 1996-1997
9788432923333,es un codigo ISBN de una edicion publicada por,Ceac
9788432923333,está escrito en,Español
8432923338,es un codigo ISBN para el libro,Formula 1 1996-1997
8432923338,es un codigo ISBN de una edicion publicada por,Ceac
8432923338,está escrito en,Español
Francisco Santos,es autor de la obra,Formula 1 1996-1997
8432923648,es un codigo ISBN para el libro,Formula 1 98/99
8432923648,es un codigo ISBN de una edicion publicada por,Ceac
8432923648,está escrito en,Español
9788432923647,es un codigo ISBN para el libro,Formula 1 98/99
9788432923647,es un codigo ISBN de una edicion publicada por,Ceac
9788432923647,está escrito en,Español
Francisco Santos,es autor de la obra,Formula 1 98/99
8432924091,es un codigo ISBN para el libro,Formula 1 99/00
8432924091,es un codigo ISBN de una edicion publicada por,Ceac
8432924091,está escrito en,Español
9788432924095,es un codigo ISBN para el libro,Formula 1 99/00
9788432924095,es un codigo ISBN de una edicion publicada por,Ceac
9788432924095,está escrito en,Español
Francisco Santos,es autor de la obra,Formula 1 99/00
8400042042,es un codigo ISBN para el libro,Obras selectas
8400042042,es un codigo ISBN de una edicion publicada por,Instituto de Estudios Madrileños
8400042042,está escrito en,Español
Francisco Santos,es autor de la obra,Obras selectas
0821827693,es un codigo ISBN para el libro,Triangulations of Oriented Matroids
0821827693,es un codigo ISBN de una edicion publicada por,American Mathematical Society
0821827693,está escrito en,Inglés
9780821827697,es un codigo ISBN para el libro,Triangulations of Oriented Matroids
9780821827697,es un codigo ISBN de una edicion publicada por,American Mathematical Society
9780821827697,está escrito en,Inglés
Francisco Santos,es autor de la obra,Triangulations of Oriented Matroids
Triangulations of Oriented Matroids,pertenece al género,Oriented matroids
Triangulations of Oriented Matroids,pertenece al género,Polytopes
Triangulations of Oriented Matroids,pertenece al género,Triangularization (Mathematics)
0244259747,es un codigo ISBN para el libro,Ejercicios Espirituales en sintonía con el CG28 salesiano
0244259747,es un codigo ISBN de una edicion publicada por,Lulu.com
9780244259747,es un codigo ISBN para el libro,Ejercicios Espirituales en sintonía con el CG28 salesiano
9780244259747,es un codigo ISBN de una edicion publicada por,Lulu.com
Francisco Santos,es autor de la obra,Ejercicios Espirituales en sintonía con el CG28 salesiano
9728065221,es un codigo ISBN para el libro,Expedição Terrano II Sul-América
9728065221,es un codigo ISBN de una edicion publicada por,Entreposto Comercial
9728065221,es un codigo ISBN de una edicion publicada por,Talento
9728065221,está escrito en,Portugués
Francisco Santos,es autor de la obra,Expedição Terrano II Sul-América
Expedição Terrano II Sul-América,pertenece al género,Travel
Expedição Terrano II Sul-América,pertenece al género,Description and travel
Expedição Terrano II Sul-América,pertenece al género,Pictorial works
9789706245793,es un codigo ISBN para el libro,La otra creación
9789706245793,es un codigo ISBN de una edicion publicada por,Secretaría de Cultura del Gobierno del Estado de Jalisco
9789706245793,está escrito en,Español
Francisco Santos,es autor de la obra,La otra creación
La otra creación,pertenece al género,Humanists
La otra creación,pertenece al género,Biography
9780244867706,es un codigo ISBN para el libro,Esercizi Spirituali in sintonia con il CG28 salesiano
9780244867706,es un codigo ISBN de una edicion publicada por,Lulu.com
0244867704,es un codigo ISBN para el libro,Esercizi Spirituali in sintonia con il CG28 salesiano
0244867704,es un codigo ISBN de una edicion publicada por,Lulu.com
Francisco Santos,es autor de la obra,Esercizi Spirituali in sintonia con il CG28 salesiano
9788437636245,es un codigo ISBN para el libro,Día y noche de Madrid
9788437636245,es un codigo ISBN de una edicion publicada por,Cátedra
9788437636245,está escrito en,Español
8437636248,es un codigo ISBN para el libro,Día y noche de Madrid
8437636248,es un codigo ISBN de una edicion publicada por,Cátedra
8437636248,está escrito en,Español
Francisco Santos,es autor de la obra,Día y noche de Madrid
9977940061,es un codigo ISBN para el libro,Viendo y Volviendo
9977940061,es un codigo ISBN de una edicion publicada por,Editorial Presbere
9977940061,está escrito en,Español
Francisco Santos,es autor de la obra,Viendo y Volviendo
Mário Cláudio,es de nacionalidad,Portugal
9722014994,es un codigo ISBN para el libro,O estranho caso do trapezista azul
9722014994,es un codigo ISBN de una edicion publicada por,Publicações Dom Quixote
9722014994,es un codigo ISBN de una edicion publicada por,Sociedade Portuguesa de Autores
9722014994,está escrito en,Portugués
Mário Cláudio,es autor de la obra,O estranho caso do trapezista azul
9789722056472,es un codigo ISBN para el libro,O fotógrafo e a rapariga
9789722056472,es un codigo ISBN de una edicion publicada por,Dom Quixote
9789722056472,está escrito en,Portugués
Mário Cláudio,es autor de la obra,O fotógrafo e a rapariga
O fotógrafo e a rapariga,pertenece al género,Fiction
9789722054386,es un codigo ISBN para el libro,Retrato de rapaz
9789722054386,es un codigo ISBN de una edicion publicada por,D.Quixote
9789722054386,está escrito en,Portugués
Mário Cláudio,es autor de la obra,Retrato de rapaz
9789728651152,es un codigo ISBN para el libro,Páginas nobrianas
9789728651152,es un codigo ISBN de una edicion publicada por,Ediçoes Caixotim
9789728651152,está escrito en,Portugués
Mário Cláudio,es autor de la obra,Páginas nobrianas
Páginas nobrianas,pertenece al género,Criticism and interpretation
9722017519,es un codigo ISBN para el libro,Ursamaior
9722017519,es un codigo ISBN de una edicion publicada por,Luso Brazilian Books
9789722017510,es un codigo ISBN para el libro,Ursamaior
9789722017510,es un codigo ISBN de una edicion publicada por,Luso Brazilian Books
Mário Cláudio,es autor de la obra,Ursamaior
9789722036320,es un codigo ISBN para el libro,Boa noite Senhor Soares
9789722036320,es un codigo ISBN de una edicion publicada por,Publicações Dom Quixote
9789722036320,está escrito en,Portugués
Mário Cláudio,es autor de la obra,Boa noite Senhor Soares
Boa noite Senhor Soares,pertenece al género,Portuguese literature
9726101336,es un codigo ISBN para el libro,CIDADE (A) NO BOLSO -Fotografias de (EURO 14.66)
9726101336,es un codigo ISBN de una edicion publicada por,Campo das Letras
9726101336,está escrito en,Portugués
Mário Cláudio,es autor de la obra,CIDADE (A) NO BOLSO -Fotografias de (EURO 14.66)
CIDADE (A) NO BOLSO -Fotografias de (EURO 14.66),pertenece al género,Description and travel
9722019597,es un codigo ISBN para el libro,O anel de basalto e outras narrativas
9722019597,es un codigo ISBN de una edicion publicada por,Dom Quixote Publicações
9722019597,está escrito en,Portugués
Mário Cláudio,es autor de la obra,O anel de basalto e outras narrativas
9722017519,es un codigo ISBN de una edicion publicada por,Publicações Dom Quixote
9722017519,está escrito en,Portugués
9789892800141,es un codigo ISBN para el libro,Do espelho de Vénus de Tiago Veiga
9789892800141,es un codigo ISBN de una edicion publicada por,Arcadia
9789892800141,está escrito en,Portugués
Mário Cláudio,es autor de la obra,Do espelho de Vénus de Tiago Veiga
9789722035484,es un codigo ISBN para el libro,Medeia
9789722035484,es un codigo ISBN de una edicion publicada por,Dom Quixote
9789722035484,está escrito en,Portugués
Mário Cláudio,es autor de la obra,Medeia
9722054104,es un codigo ISBN para el libro,Triunfo do amor português
9722054104,es un codigo ISBN de una edicion publicada por,D. Quixote
9722054104,está escrito en,Portugués
9789722054102,es un codigo ISBN para el libro,Triunfo do amor português
9789722054102,es un codigo ISBN de una edicion publicada por,D. Quixote
9789722054102,está escrito en,Portugués
Mário Cláudio,es autor de la obra,Triunfo do amor português
Triunfo do amor português,pertenece al género,Romance-language fiction
9789722040730,es un codigo ISBN para el libro,Tocata para dois clarins
9789722040730,es un codigo ISBN de una edicion publicada por,Dom Quixote
9789722040730,está escrito en,Portugués
9722040731,es un codigo ISBN para el libro,Tocata para dois clarins
9722040731,es un codigo ISBN de una edicion publicada por,Dom Quixote
9722040731,está escrito en,Portugués
Mário Cláudio,es autor de la obra,Tocata para dois clarins
9789722025614,es un codigo ISBN para el libro,Gemeos
9789722025614,es un codigo ISBN de una edicion publicada por,Dom Quixote
9722025619,es un codigo ISBN para el libro,Gemeos
9722025619,es un codigo ISBN de una edicion publicada por,Dom Quixote
Mário Cláudio,es autor de la obra,Gemeos
9722017969,es un codigo ISBN para el libro,António Nobre
9722017969,es un codigo ISBN de una edicion publicada por,Publicações Dom Quixote
9722017969,está escrito en,Portugués
Mário Cláudio,es autor de la obra,António Nobre
António Nobre,pertenece al género,Pictorial works
António Nobre,pertenece al género,Portuguese Poets
António Nobre,pertenece al género,Biography
9725641019,es un codigo ISBN para el libro,A Quinta das Virtudes
9725641019,es un codigo ISBN de una edicion publicada por,Quetzal Editores
9725641019,está escrito en,Portugués
Mário Cláudio,es autor de la obra,A Quinta das Virtudes
David Mourão-Ferreira,es de nacionalidad,Portugal
9722313770,es un codigo ISBN para el libro,Um amor feliz
9722313770,es un codigo ISBN de una edicion publicada por,Editorial Presença
9722313770,es un codigo ISBN de una edicion publicada por,Editorial Presença
9722313770,está escrito en,Portugués
David Mourão-Ferreira,es autor de la obra,Um amor feliz
2909428680,es un codigo ISBN para el libro,Do tempo ao coração
2909428680,es un codigo ISBN de una edicion publicada por,ESCAMPETTE
2909428680,es un codigo ISBN de una edicion publicada por,L'Escampette
2909428680,está escrito en,Francés
David Mourão-Ferreira,es autor de la obra,Do tempo ao coração
9722315846,es un codigo ISBN para el libro,Os amantes e outros contos
9722315846,es un codigo ISBN de una edicion publicada por,Editorial Presença
9722315846,está escrito en,Portugués
David Mourão-Ferreira,es autor de la obra,Os amantes e outros contos
9722310097,es un codigo ISBN para el libro,Sob o mesmo tecto
9722310097,es un codigo ISBN de una edicion publicada por,Editorial Presença
9722310097,está escrito en,Portugués
David Mourão-Ferreira,es autor de la obra,Sob o mesmo tecto
Sob o mesmo tecto,pertenece al género,History and criticism
Sob o mesmo tecto,pertenece al género,Portuguese literature
9722107151,es un codigo ISBN para el libro,Tópicos recuperados
9722107151,es un codigo ISBN de una edicion publicada por,Caminho
9722107151,está escrito en,Portugués
David Mourão-Ferreira,es autor de la obra,Tópicos recuperados
Tópicos recuperados,pertenece al género,History and criticism
Tópicos recuperados,pertenece al género,Portuguese literature
Dulce Maria Cardoso,es de nacionalidad,Portugal
9789896715625,es un codigo ISBN para el libro,Eliete
9789896715625,es un codigo ISBN de una edicion publicada por,Tinta-da-china
9896715629,es un codigo ISBN para el libro,Eliete
9896715629,es un codigo ISBN de una edicion publicada por,Tinta-da-china
9781529418811,es un codigo ISBN para el libro,Eliete
9781529418811,es un codigo ISBN de una edicion publicada por,Quercus
9781529418811,está escrito en,Inglés
9789896714581,es un codigo ISBN para el libro,Eliete
9789896714581,es un codigo ISBN de una edicion publicada por,Tinta da China
9896714584,es un codigo ISBN para el libro,Eliete
9896714584,es un codigo ISBN de una edicion publicada por,Tinta da China
Dulce Maria Cardoso,es autor de la obra,Eliete
8565500012,es un codigo ISBN para el libro,O retorno
8565500012,es un codigo ISBN de una edicion publicada por,BTFDREEM
8565500012,es un codigo ISBN de una edicion publicada por,Tinta da China
9788565500012,es un codigo ISBN para el libro,O retorno
9788565500012,es un codigo ISBN de una edicion publicada por,BTFDREEM
9788565500012,es un codigo ISBN de una edicion publicada por,Tinta da China
9789896711160,es un codigo ISBN para el libro,O retorno
9789896711160,es un codigo ISBN de una edicion publicada por,Tinta Da China
989671116X,es un codigo ISBN para el libro,O retorno
989671116X,es un codigo ISBN de una edicion publicada por,Tinta Da China
Dulce Maria Cardoso,es autor de la obra,O retorno
9789896711986,es un codigo ISBN para el libro,Tudo são histórias de amor
9789896711986,es un codigo ISBN de una edicion publicada por,Tinta-da-China
9789896711986,está escrito en,Portugués
Dulce Maria Cardoso,es autor de la obra,Tudo são histórias de amor
Tudo são histórias de amor,pertenece al género,Love poetry
2253068446,es un codigo ISBN para el libro,Le retour
2253068446,es un codigo ISBN de una edicion publicada por,Stock
2253068446,está escrito en,Francés
Dulce Maria Cardoso,es autor de la obra,Le retour
Le retour,pertenece al género,Rapatriement
Le retour,pertenece al género,rapatriés
Le retour,pertenece al género,Décolonisation
9780857054364,es un codigo ISBN para el libro,Return
9780857054364,es un codigo ISBN de una edicion publicada por,Quercus
9780857054364,está escrito en,Inglés
9780857054333,es un codigo ISBN para el libro,Return
9780857054333,es un codigo ISBN de una edicion publicada por,Taylor & Francis Group
9780857054333,está escrito en,Inglés
9780857054326,es un codigo ISBN para el libro,Return
9780857054326,es un codigo ISBN de una edicion publicada por,Quercus
9780857054326,está escrito en,Inglés
Dulce Maria Cardoso,es autor de la obra,Return
9724128202,es un codigo ISBN para el libro,Campo de sangue
9724128202,es un codigo ISBN de una edicion publicada por,ASA Editores
9724128202,está escrito en,Portugués
Dulce Maria Cardoso,es autor de la obra,Campo de sangue
9782752900579,es un codigo ISBN para el libro,Coeurs arrachés
9782752900579,es un codigo ISBN de una edicion publicada por,Phébus
2752900570,es un codigo ISBN para el libro,Coeurs arrachés
2752900570,es un codigo ISBN de una edicion publicada por,Phébus
Dulce Maria Cardoso,es autor de la obra,Coeurs arrachés
9789898507174,es un codigo ISBN para el libro,Coisas Que Acarinho E Me Morrem Entre Os Dedos
9789898507174,es un codigo ISBN de una edicion publicada por,Diário de Notícias
9789898507174,está escrito en,Portugués
Dulce Maria Cardoso,es autor de la obra,Coisas Que Acarinho E Me Morrem Entre Os Dedos
9029082151,es un codigo ISBN para el libro,Violeta en de engelen
9029082151,es un codigo ISBN de una edicion publicada por,Meulenhoff
9029082151,está escrito en,Neerlandés
9789029082150,es un codigo ISBN para el libro,Violeta en de engelen
9789029082150,es un codigo ISBN de una edicion publicada por,Meulenhoff
9789029082150,está escrito en,Neerlandés
Dulce Maria Cardoso,es autor de la obra,Violeta en de engelen
8565500284,es un codigo ISBN para el libro,Tudo São Histórias de Amor
8565500284,es un codigo ISBN de una edicion publicada por,Tinta da China
9788565500289,es un codigo ISBN para el libro,Tudo São Histórias de Amor
9788565500289,es un codigo ISBN de una edicion publicada por,Tinta da China
Dulce Maria Cardoso,es autor de la obra,Tudo São Histórias de Amor
6556923133,es un codigo ISBN para el libro,Eliete - A vida normal
9786556923130,es un codigo ISBN para el libro,Eliete - A vida normal
Dulce Maria Cardoso,es autor de la obra,Eliete - A vida normal
9789896710989,es un codigo ISBN para el libro,O retorno
9789896710989,es un codigo ISBN de una edicion publicada por,Tinta da China
9789896710989,está escrito en,Portugués
9789892306322,es un codigo ISBN para el libro,Os meus sentimentos
9789892306322,es un codigo ISBN de una edicion publicada por,Asa
9789892306322,está escrito en,Portugués
Dulce Maria Cardoso,es autor de la obra,Os meus sentimentos
9789722039406,es un codigo ISBN para el libro,Em busca da felicidade
9789722039406,es un codigo ISBN de una edicion publicada por,Publicações Dom Quixote
9789722039406,está escrito en,Portugués
Dulce Maria Cardoso,es autor de la obra,Em busca da felicidade
Em busca da felicidade,pertenece al género,Portuguese Short stories
Em busca da felicidade,pertenece al género,Portuguese fiction
9789892306544,es un codigo ISBN para el libro,O chão dos pardais
9789892306544,es un codigo ISBN de una edicion publicada por,Asa
9789892306544,está escrito en,Portugués
Dulce Maria Cardoso,es autor de la obra,O chão dos pardais
9789892300689,es un codigo ISBN para el libro,Até nós
9789892300689,es un codigo ISBN de una edicion publicada por,Edições Asa
9789892300689,está escrito en,Portugués
Dulce Maria Cardoso,es autor de la obra,Até nós
9781529415148,es un codigo ISBN para el libro,Violeta among the Stars
9781529415148,es un codigo ISBN de una edicion publicada por,Quercus
9781529415148,está escrito en,Inglés
9781529415131,es un codigo ISBN para el libro,Violeta among the Stars
9781529415131,es un codigo ISBN de una edicion publicada por,Quercus
9781529415131,está escrito en,Inglés
9781529402445,es un codigo ISBN para el libro,Violeta among the Stars
9781529402445,es un codigo ISBN de una edicion publicada por,Quercus
9781529402445,está escrito en,Inglés
Dulce Maria Cardoso,es autor de la obra,Violeta among the Stars
843223639X,es un codigo ISBN para el libro,La vida normal
843223639X,es un codigo ISBN de una edicion publicada por,Seix Barral
9788432236396,es un codigo ISBN para el libro,La vida normal
9788432236396,es un codigo ISBN de una edicion publicada por,Seix Barral
Dulce Maria Cardoso,es autor de la obra,La vida normal
9782367321950,es un codigo ISBN para el libro,"Eliete, la vie normale"
9782367321950,es un codigo ISBN de una edicion publicada por,CHANDEIGNE
2367321957,es un codigo ISBN para el libro,"Eliete, la vie normale"
2367321957,es un codigo ISBN de una edicion publicada por,CHANDEIGNE
Dulce Maria Cardoso,es autor de la obra,"Eliete, la vie normale"
9789720041494,es un codigo ISBN para el libro,Contos policiais
9789720041494,es un codigo ISBN de una edicion publicada por,Porto Editora
9789720041494,está escrito en,Portugués
Dulce Maria Cardoso,es autor de la obra,Contos policiais
9788494832796,es un codigo ISBN para el libro,Todo son historias de amor
9788494832796,es un codigo ISBN de una edicion publicada por,"Libros de la Umbría y la Solana, S.L."
8494832794,es un codigo ISBN para el libro,Todo son historias de amor
8494832794,es un codigo ISBN de una edicion publicada por,"Libros de la Umbría y la Solana, S.L."
Dulce Maria Cardoso,es autor de la obra,Todo son historias de amor
9788496608269,es un codigo ISBN para el libro,Camp de sang
9788496608269,es un codigo ISBN de una edicion publicada por,El Gall Editor
8496608263,es un codigo ISBN para el libro,Camp de sang
8496608263,es un codigo ISBN de una edicion publicada por,El Gall Editor
Dulce Maria Cardoso,es autor de la obra,Camp de sang
Eduardo Nery,es de nacionalidad,Portugal
9789722718714,es un codigo ISBN para el libro,Artes africanas
9789722718714,es un codigo ISBN de una edicion publicada por,Imprensa Nacional-Casa da Moeda
9789722718714,está escrito en,Portugués
Eduardo Nery,es autor de la obra,Artes africanas
Artes africanas,pertenece al género,African Art
Artes africanas,pertenece al género,Art collections
Artes africanas,pertenece al género,Art
857019093X,es un codigo ISBN para el libro,Novas perspectivas em Casa-grande & senzala
857019093X,es un codigo ISBN de una edicion publicada por,"Editora Massangana, Fundação Joaquim Nabuco"
857019093X,está escrito en,Portugués
Eduardo Nery,es autor de la obra,Novas perspectivas em Casa-grande & senzala
Novas perspectivas em Casa-grande & senzala,pertenece al género,Social life and customs
Novas perspectivas em Casa-grande & senzala,pertenece al género,Congresses
Novas perspectivas em Casa-grande & senzala,pertenece al género,Blacks
9789728543044,es un codigo ISBN para el libro,Formas e energias
9789728543044,es un codigo ISBN de una edicion publicada por,Câmara Municipal de Lisboa
9789728543044,está escrito en,Portugués
Eduardo Nery,es autor de la obra,Formas e energias
Formas e energias,pertenece al género,Exhibitions
Formas e energias,pertenece al género,African Art
Formas e energias,pertenece al género,Art
9788578791223,es un codigo ISBN para el libro,De portas abertas para o lazer
9788578791223,es un codigo ISBN de una edicion publicada por,Universidade Estadual Da Para+Ba Editora
9788578791223,está escrito en,Portugués
857879026X,es un codigo ISBN para el libro,De portas abertas para o lazer
857879026X,es un codigo ISBN de una edicion publicada por,Eduepb
857879026X,está escrito en,Portugués
9788578790264,es un codigo ISBN para el libro,De portas abertas para o lazer
9788578790264,es un codigo ISBN de una edicion publicada por,Eduepb
9788578790264,está escrito en,Portugués
Eduardo Nery,es autor de la obra,De portas abertas para o lazer
De portas abertas para o lazer,pertenece al género,Communities
De portas abertas para o lazer,pertenece al género,City planning
De portas abertas para o lazer,pertenece al género,Recreation
9788544407028,es un codigo ISBN para el libro,A gestão social da EJA e suas interfaces com os movimentos sociais e a educação popular no território de identidade do Sisal-Bahia
9788544407028,es un codigo ISBN de una edicion publicada por,Editora CRV
9788544407028,está escrito en,Portugués
Eduardo Nery,es autor de la obra,A gestão social da EJA e suas interfaces com os movimentos sociais e a educação popular no território de identidade do Sisal-Bahia
A gestão social da EJA e suas interfaces com os movimentos sociais e a educação popular no território de identidade do Sisal-Bahia,pertenece al género,Adult education
A gestão social da EJA e suas interfaces com os movimentos sociais e a educação popular no território de identidade do Sisal-Bahia,pertenece al género,Social aspects
A gestão social da EJA e suas interfaces com os movimentos sociais e a educação popular no território de identidade do Sisal-Bahia,pertenece al género,Literacy
9592603332,es un codigo ISBN para el libro,Qubit
9592603332,es un codigo ISBN de una edicion publicada por,Fondo Editorial Casa de las Américas
9592603332,está escrito en,Español
9789592603332,es un codigo ISBN para el libro,Qubit
9789592603332,es un codigo ISBN de una edicion publicada por,Fondo Editorial Casa de las Américas
9789592603332,está escrito en,Español
Eduardo Nery,es autor de la obra,Qubit
Qubit,pertenece al género,Latin American Science fiction
Qubit,pertenece al género,Spanish American fiction
Qubit,pertenece al género,Latin American fiction
João Botelho,es de nacionalidad,Portugal
9789726851370,es un codigo ISBN para el libro,Formulários de sociedades por quotas
9789726851370,es un codigo ISBN de una edicion publicada por,Livraria Petrony
9789726851370,está escrito en,Portugués
João Botelho,es autor de la obra,Formulários de sociedades por quotas
Formulários de sociedades por quotas,pertenece al género,Corporation law
Formulários de sociedades por quotas,pertenece al género,Business enterprises
Formulários de sociedades por quotas,pertenece al género,Law and legislation
9789728990817,es un codigo ISBN para el libro,JusFormulários bancário
9789728990817,es un codigo ISBN de una edicion publicada por,"Coimbra Editora, grupo Wolters Kluwer"
9789728990817,está escrito en,Portugués
João Botelho,es autor de la obra,JusFormulários bancário
JusFormulários bancário,pertenece al género,Banking law
JusFormulários bancário,pertenece al género,Financial institutions
JusFormulários bancário,pertenece al género,Law and legislation
9789726851516,es un codigo ISBN para el libro,Formulários de responsabilidade dos gerentes e desconsideração jurídica da personalidade
9789726851516,es un codigo ISBN de una edicion publicada por,Livraria Petrony
9789726851516,está escrito en,Portugués
João Botelho,es autor de la obra,Formulários de responsabilidade dos gerentes e desconsideração jurídica da personalidade
Formulários de responsabilidade dos gerentes e desconsideração jurídica da personalidade,pertenece al género,Civil law
Formulários de responsabilidade dos gerentes e desconsideração jurídica da personalidade,pertenece al género,Personality (Law)
1014208424,es un codigo ISBN para el libro,Effect of size on handwheels on effort required for rotation
1014208424,es un codigo ISBN de una edicion publicada por,Hassell Street Press
9781014208422,es un codigo ISBN para el libro,Effect of size on handwheels on effort required for rotation
9781014208422,es un codigo ISBN de una edicion publicada por,Hassell Street Press
João Botelho,es autor de la obra,Effect of size on handwheels on effort required for rotation
9788587515063,es un codigo ISBN para el libro,Insano
9788587515063,es un codigo ISBN de una edicion publicada por,Edições Ciência do Acidente
9788587515063,está escrito en,Portugués
8587515063,es un codigo ISBN para el libro,Insano
8587515063,es un codigo ISBN de una edicion publicada por,Edições Ciência do Acidente
8587515063,está escrito en,Portugués
João Botelho,es autor de la obra,Insano
9788575123232,es un codigo ISBN para el libro,Entre as sombras
9788575123232,es un codigo ISBN de una edicion publicada por,Valer
9788575123232,está escrito en,Portugués
João Botelho,es autor de la obra,Entre as sombras
9789722108744,es un codigo ISBN para el libro,Beduínos a Gasóleo
9789722108744,es un codigo ISBN de una edicion publicada por,Caminho
9722108743,es un codigo ISBN para el libro,Beduínos a Gasóleo
9722108743,es un codigo ISBN de una edicion publicada por,Caminho
João Botelho,es autor de la obra,Beduínos a Gasóleo
9788580090369,es un codigo ISBN para el libro,Rede de memórias
9788580090369,es un codigo ISBN de una edicion publicada por,Carlini & Caniato Editorial
9788580090369,es un codigo ISBN de una edicion publicada por,"Instituto Mandala, AMISCIM"
9788580090369,está escrito en,Portugués
João Botelho,es autor de la obra,Rede de memórias
Rede de memórias,pertenece al género,Electric power
Rede de memórias,pertenece al género,History
Rede de memórias,pertenece al género,Electric utilities
9722110608,es un codigo ISBN para el libro,Horas do declino
9722110608,es un codigo ISBN de una edicion publicada por,Caminho
9722110608,está escrito en,Portugués
João Botelho,es autor de la obra,Horas do declino
9788532702982,es un codigo ISBN para el libro,Ofício e arte
9788532702982,es un codigo ISBN de una edicion publicada por,Carlini & Caniato Editorial
9788532702982,es un codigo ISBN de una edicion publicada por,EdUFMT
9788532702982,está escrito en,Portugués
9788599146590,es un codigo ISBN para el libro,Ofício e arte
9788599146590,es un codigo ISBN de una edicion publicada por,Carlini & Caniato Editorial
9788599146590,es un codigo ISBN de una edicion publicada por,EdUFMT
9788599146590,está escrito en,Portugués
João Botelho,es autor de la obra,Ofício e arte
Ofício e arte,pertenece al género,Photography
Ofício e arte,pertenece al género,History
3036545131,es un codigo ISBN para el libro,E-learning and Digital Training in Healthcare Education
3036545131,es un codigo ISBN de una edicion publicada por,Mdpi AG
9783036545134,es un codigo ISBN para el libro,E-learning and Digital Training in Healthcare Education
9783036545134,es un codigo ISBN de una edicion publicada por,Mdpi AG
João Botelho,es autor de la obra,E-learning and Digital Training in Healthcare Education
9789898763266,es un codigo ISBN para el libro,Pé d'orelha
9789898763266,es un codigo ISBN de una edicion publicada por,Museu Bordalo Pinheiro
9789898763266,está escrito en,Portugués
João Botelho,es autor de la obra,Pé d'orelha
Pé d'orelha,pertenece al género,Exhibitions
Pé d'orelha,pertenece al género,Art pottery
9798369305256,es un codigo ISBN para el libro,Role of Financial Inclusion for Reaching Sustainable Development Goals
9798369305256,es un codigo ISBN de una edicion publicada por,IGI Global
9798369305256,está escrito en,Inglés
João Botelho,es autor de la obra,Role of Financial Inclusion for Reaching Sustainable Development Goals
9783030756956,es un codigo ISBN para el libro,Predictive Control for Spacecraft Rendezvous
9783030756956,es un codigo ISBN de una edicion publicada por,Springer International Publishing AG
9783030756956,está escrito en,Inglés
João Botelho,es autor de la obra,Predictive Control for Spacecraft Rendezvous
Emília Pomar de Sousa Machado,es de nacionalidad,Portugal
João Soares,es de nacionalidad,Portugal
9783527809431,es un codigo ISBN para el libro,Polyolefin Reaction Engineering
9783527809431,es un codigo ISBN de una edicion publicada por,"Wiley & Sons, Incorporated, John"
9783527809431,está escrito en,Inglés
9783527809400,es un codigo ISBN para el libro,Polyolefin Reaction Engineering
9783527809400,es un codigo ISBN de una edicion publicada por,"Wiley & Sons, Incorporated, John"
9783527809400,está escrito en,Inglés
9783527809424,es un codigo ISBN para el libro,Polyolefin Reaction Engineering
9783527809424,es un codigo ISBN de una edicion publicada por,"Wiley & Sons, Incorporated, John"
9783527809424,está escrito en,Inglés
9783527343249,es un codigo ISBN para el libro,Polyolefin Reaction Engineering
9783527343249,es un codigo ISBN de una edicion publicada por,"Wiley & Sons, Limited, John"
9783527343249,está escrito en,Inglés
9783527646951,es un codigo ISBN para el libro,Polyolefin Reaction Engineering
9783527646951,es un codigo ISBN de una edicion publicada por,"Wiley & Sons, Incorporated, John"
9783527646951,está escrito en,Inglés
9783527646968,es un codigo ISBN para el libro,Polyolefin Reaction Engineering
9783527646968,es un codigo ISBN de una edicion publicada por,"Wiley & Sons, Incorporated, John"
9783527646968,está escrito en,Inglés
9783527646975,es un codigo ISBN para el libro,Polyolefin Reaction Engineering
9783527646975,es un codigo ISBN de una edicion publicada por,"Wiley & Sons, Incorporated, John"
9783527646975,está escrito en,Inglés
9783527646944,es un codigo ISBN para el libro,Polyolefin Reaction Engineering
9783527646944,es un codigo ISBN de una edicion publicada por,"Wiley & Sons, Limited, John"
9783527646944,está escrito en,Inglés
9783527317103,es un codigo ISBN para el libro,Polyolefin Reaction Engineering
9783527317103,es un codigo ISBN de una edicion publicada por,Wiley-VCH Verlag GmbH
João Soares,es autor de la obra,Polyolefin Reaction Engineering
Polyolefin Reaction Engineering,pertenece al género,Polymers
2871062412,es un codigo ISBN para el libro,"Matin de pluie, Septembre à Lisbonne"
2871062412,es un codigo ISBN de una edicion publicada por,Le Cri Edition
2871062412,está escrito en,Francés
João Soares,es autor de la obra,"Matin de pluie, Septembre à Lisbonne"
"Matin de pluie, Septembre à Lisbonne",pertenece al género,Pictorial works
9781502390936,es un codigo ISBN para el libro,Em Meio de Lobos
9781502390936,es un codigo ISBN de una edicion publicada por,CreateSpace Independent Publishing Platform
9781502390936,está escrito en,Portugués
João Soares,es autor de la obra,Em Meio de Lobos
9789681647445,es un codigo ISBN para el libro,Cambio y continuidad
9789681647445,es un codigo ISBN de una edicion publicada por,Fondo de Cultura Economica USA
9789681647445,está escrito en,Español
9681647440,es un codigo ISBN para el libro,Cambio y continuidad
9681647440,es un codigo ISBN de una edicion publicada por,Fondo de Cultura Economica USA
9681647440,está escrito en,Español
9681647440,es un codigo ISBN de una edicion publicada por,Fondo de Cultura Económica
João Soares,es autor de la obra,Cambio y continuidad
Cambio y continuidad,pertenece al género,Diplomats
Cambio y continuidad,pertenece al género,Foreign relations
Cambio y continuidad,pertenece al género,Interviews
0827033877,es un codigo ISBN para el libro,"Síntesis de una gestión, 1984-1994"
0827033877,es un codigo ISBN de una edicion publicada por,Organization of American States
0827033877,está escrito en,Español
João Soares,es autor de la obra,"Síntesis de una gestión, 1984-1994"
"Síntesis de una gestión, 1984-1994",pertenece al género,Organization of American States
"Síntesis de una gestión, 1984-1994",pertenece al género,Pan-Americanism
"Síntesis de una gestión, 1984-1994",pertenece al género,History
9783527623679,es un codigo ISBN para el libro,Polyolefin Characterization
9783527623679,es un codigo ISBN de una edicion publicada por,"Wiley & Sons, Limited, John"
9783527623679,está escrito en,Inglés
9783527623686,es un codigo ISBN para el libro,Polyolefin Characterization
9783527623686,es un codigo ISBN de una edicion publicada por,"Wiley & Sons, Incorporated, John"
9783527623686,está escrito en,Inglés
João Soares,es autor de la obra,Polyolefin Characterization
Polyolefin Characterization,pertenece al género,Polymers
Polyolefin Characterization,pertenece al género,Polymerization
9781847195913,es un codigo ISBN para el libro,Moodle 1.9 multimedia
9781847195913,es un codigo ISBN de una edicion publicada por,Packt Publishing
9781847195913,es un codigo ISBN de una edicion publicada por,Packt Publishing Ltd.
9781847195913,está escrito en,Inglés
9781847195906,es un codigo ISBN para el libro,Moodle 1.9 multimedia
9781847195906,es un codigo ISBN de una edicion publicada por,Packt Publishing
9781847195906,es un codigo ISBN de una edicion publicada por,Packt Publishing Ltd.
9781847195906,está escrito en,Inglés
João Soares,es autor de la obra,Moodle 1.9 multimedia
Moodle 1.9 multimedia,pertenece al género,Interactive multimedia
Moodle 1.9 multimedia,pertenece al género,Open source software
Moodle 1.9 multimedia,pertenece al género,Computer-assisted instruction
9727850073,es un codigo ISBN para el libro,Estudos sobre artes cénicas asiáticas
9727850073,es un codigo ISBN de una edicion publicada por,Fundação Oriente
9727850073,está escrito en,Portugués
João Soares,es autor de la obra,Estudos sobre artes cénicas asiáticas
Estudos sobre artes cénicas asiáticas,pertenece al género,Performing arts
9726702216,es un codigo ISBN para el libro,A metodologia nas humanidades
9726702216,es un codigo ISBN de una edicion publicada por,Editorial Inquérito
9726702216,está escrito en,Portugués
João Soares,es autor de la obra,A metodologia nas humanidades
9788575636039,es un codigo ISBN para el libro,Gente que conta
9788575636039,es un codigo ISBN de una edicion publicada por,Fortalezense de Letras
9788575636039,está escrito en,Portugués
João Soares,es autor de la obra,Gente que conta
Gente que conta,pertenece al género,Interviews
Gente que conta,pertenece al género,Biography
Gente que conta,pertenece al género,Brazilians
9788589214360,es un codigo ISBN para el libro,Conversas de domingo
9788589214360,es un codigo ISBN de una edicion publicada por,Ediçôes Livro Técnico
9788589214360,está escrito en,Portugués
João Soares,es autor de la obra,Conversas de domingo
9781787569188,es un codigo ISBN para el libro,SDG13 - Climate Action
9781787569188,es un codigo ISBN de una edicion publicada por,Emerald Publishing Limited
9781787569188,está escrito en,Inglés
9781787569157,es un codigo ISBN para el libro,SDG13 - Climate Action
9781787569157,es un codigo ISBN de una edicion publicada por,Emerald Publishing Limited
9781787569157,está escrito en,Inglés
9781787569171,es un codigo ISBN para el libro,SDG13 - Climate Action
9781787569171,es un codigo ISBN de una edicion publicada por,Emerald Publishing Limited
9781787569171,está escrito en,Inglés
João Soares,es autor de la obra,SDG13 - Climate Action
SDG13 - Climate Action,pertenece al género,Climatic changes
SDG13 - Climate Action,pertenece al género,Climate Change
SDG13 - Climate Action,pertenece al género,Climat
9783527310395,es un codigo ISBN para el libro,Polymer Reaction Engineering V
9783527310395,es un codigo ISBN de una edicion publicada por,Wiley-VCH
9783527310395,está escrito en,Inglés
3527310398,es un codigo ISBN para el libro,Polymer Reaction Engineering V
3527310398,es un codigo ISBN de una edicion publicada por,Wiley-VCH
3527310398,está escrito en,Inglés
João Soares,es autor de la obra,Polymer Reaction Engineering V
9781499579611,es un codigo ISBN para el libro,As Cronicas do inferno
9781499579611,es un codigo ISBN de una edicion publicada por,CreateSpace Independent Publishing Platform
1499579616,es un codigo ISBN para el libro,As Cronicas do inferno
1499579616,es un codigo ISBN de una edicion publicada por,CreateSpace Independent Publishing Platform
João Soares,es autor de la obra,As Cronicas do inferno
0827034172,es un codigo ISBN para el libro,Profile of a mandate
0827034172,es un codigo ISBN de una edicion publicada por,Organization of American States
0827034172,está escrito en,Inglés
João Soares,es autor de la obra,Profile of a mandate
Profile of a mandate,pertenece al género,History
Profile of a mandate,pertenece al género,Organization of American States
Profile of a mandate,pertenece al género,Pan-Americanism
9788522505685,es un codigo ISBN para el libro,Sem medo da diplomacia
9788522505685,es un codigo ISBN de una edicion publicada por,FGV Editora
9788522505685,está escrito en,Portugués
8522505683,es un codigo ISBN para el libro,Sem medo da diplomacia
8522505683,es un codigo ISBN de una edicion publicada por,FGV Editora
8522505683,está escrito en,Portugués
João Soares,es autor de la obra,Sem medo da diplomacia
Sem medo da diplomacia,pertenece al género,Diplomats
Sem medo da diplomacia,pertenece al género,Foreign relations
Sem medo da diplomacia,pertenece al género,Interviews
1783281472,es un codigo ISBN para el libro,Moodle 2.5 Multimedia
1783281472,es un codigo ISBN de una edicion publicada por,Packt Publishing
9781783281473,es un codigo ISBN para el libro,Moodle 2.5 Multimedia
9781783281473,es un codigo ISBN de una edicion publicada por,Packt Publishing
João Soares,es autor de la obra,Moodle 2.5 Multimedia
Moodle 2.5 Multimedia,pertenece al género,Computers
Moodle 2.5 Multimedia,pertenece al género,Computer-assisted instruction
Moodle 2.5 Multimedia,pertenece al género,Web-based instruction
9781516873159,es un codigo ISBN para el libro,Formacao de Escritor
9781516873159,es un codigo ISBN de una edicion publicada por,CreateSpace Independent Publishing Platform
9781516873159,está escrito en,Portugués
João Soares,es autor de la obra,Formacao de Escritor
9788575790328,es un codigo ISBN para el libro,Baena Soares
9788575790328,es un codigo ISBN de una edicion publicada por,Not Avail
9788575790328,está escrito en,Portugués
8575790323,es un codigo ISBN para el libro,Baena Soares
8575790323,es un codigo ISBN de una edicion publicada por,Not Avail
8575790323,está escrito en,Portugués
João Soares,es autor de la obra,Baena Soares
Baena Soares,pertenece al género,Diplomats
Baena Soares,pertenece al género,Biography
9788586871061,es un codigo ISBN para el libro,Concreta '56
9788586871061,es un codigo ISBN de una edicion publicada por,"Museu de Arte Moderna de São Paulo, MAM"
9788586871061,está escrito en,Portugués
8586871060,es un codigo ISBN para el libro,Concreta '56
8586871060,es un codigo ISBN de una edicion publicada por,"Museu de Arte Moderna de São Paulo, MAM"
8586871060,está escrito en,Portugués
João Soares,es autor de la obra,Concreta '56
Concreta '56,pertenece al género,Concrete art
Concreta '56,pertenece al género,Exhibitions
Concreta '56,pertenece al género,Concrete poetry
Luís Filipe Thomáz,es de nacionalidad,Portugal
972290308X,es un codigo ISBN para el libro,De Ceuta a Timor
972290308X,es un codigo ISBN de una edicion publicada por,DIFEL
972290308X,está escrito en,Portugués
Luís Filipe Thomáz,es autor de la obra,De Ceuta a Timor
De Ceuta a Timor,pertenece al género,History
De Ceuta a Timor,pertenece al género,Portuguese
De Ceuta a Timor,pertenece al género,Commerce
9729127220,es un codigo ISBN para el libro,Nanban Jin
9729127220,es un codigo ISBN de una edicion publicada por,"Clube do Coleccionador, CTT Correios"
9729127220,está escrito en,Portugués
Luís Filipe Thomáz,es autor de la obra,Nanban Jin
Nanban Jin,pertenece al género,Civilization
Nanban Jin,pertenece al género,Relations
Nanban Jin,pertenece al género,Portuguese influences
9729045097,es un codigo ISBN para el libro,A questão da pimenta em meados do século XVI
9729045097,es un codigo ISBN de una edicion publicada por,"Centro de Estudos dos Povos e Culturas de Expressão Portuguesa, Universidade Católica Portuguesa"
9729045097,está escrito en,Portugués
Luís Filipe Thomáz,es autor de la obra,A questão da pimenta em meados do século XVI
A questão da pimenta em meados do século XVI,pertenece al género,Pepper (Spice) industry
A questão da pimenta em meados do século XVI,pertenece al género,History
9725662326,es un codigo ISBN para el libro,Babel Loro Sa'e
9725662326,es un codigo ISBN de una edicion publicada por,Instituto Camões
9725662326,está escrito en,Portugués
Luís Filipe Thomáz,es autor de la obra,Babel Loro Sa'e
Babel Loro Sa'e,pertenece al género,Historical linguistics
Babel Loro Sa'e,pertenece al género,Languages
9726725836,es un codigo ISBN para el libro,A lenda de S. Tomé Apóstolo e a expansão portuguesa
9726725836,es un codigo ISBN de una edicion publicada por,"Ministério do Planeamento e da Administração do Território, Secretaria de Estado da Ciência e Tecnologia, Instituto de Investigação Científica Tropical"
9726725836,está escrito en,Portugués
Luís Filipe Thomáz,es autor de la obra,A lenda de S. Tomé Apóstolo e a expansão portuguesa
A lenda de S. Tomé Apóstolo e a expansão portuguesa,pertenece al género,Discovery and exploration
A lenda de S. Tomé Apóstolo e a expansão portuguesa,pertenece al género,Portuguese
9726726158,es un codigo ISBN para el libro,Do Cabo Espichel a Macau
9726726158,es un codigo ISBN de una edicion publicada por,"Ministério do Planeamento e da Administração do Território, Secretaria de Estado da Ciência e Tecnologia, Instituto de Investigação Científica Tropical"
9726726158,está escrito en,Portugués
Luís Filipe Thomáz,es autor de la obra,Do Cabo Espichel a Macau
Do Cabo Espichel a Macau,pertenece al género,Privateering
Do Cabo Espichel a Macau,pertenece al género,History
Do Cabo Espichel a Macau,pertenece al género,Naval History
9726725798,es un codigo ISBN para el libro,"A Carta que mandaram os padres da India, da China e da Magna China"
9726725798,es un codigo ISBN de una edicion publicada por,"Ministério do Planeamento e da Administração do Território, Secretaria de Estado da Ciência e Tecnologia, Instituto de Investigação Científica Tropical"
9726725798,está escrito en,Portugués
Luís Filipe Thomáz,es autor de la obra,"A Carta que mandaram os padres da India, da China e da Magna China"
"A Carta que mandaram os padres da India, da China e da Magna China",pertenece al género,History
"A Carta que mandaram os padres da India, da China e da Magna China",pertenece al género,Sources
"A Carta que mandaram os padres da India, da China e da Magna China",pertenece al género,Portuguese
9729019096,es un codigo ISBN para el libro,A rota das especiarias
9729019096,es un codigo ISBN de una edicion publicada por,Ediõ̧es Inapa
9729019096,está escrito en,Portugués
Luís Filipe Thomáz,es autor de la obra,A rota das especiarias
A rota das especiarias,pertenece al género,Spice trade
A rota das especiarias,pertenece al género,History
9729867240,es un codigo ISBN para el libro,Aquém e além da Taprobana
9729867240,es un codigo ISBN de una edicion publicada por,"CHAM, Faculdade de Ciências Sociais e Humanas, Universidade Nova de Lisboa"
9729867240,está escrito en,Portugués
9729867240,está escrito en,Francés
9729867240,está escrito en,Inglés
9729867240,está escrito en,per
9729867240,está escrito en,grc
Luís Filipe Thomáz,es autor de la obra,Aquém e além da Taprobana
Aquém e além da Taprobana,pertenece al género,Colonies
Mario Saa,es de nacionalidad,Portugal
9722713744,es un codigo ISBN para el libro,Poesia e alguma prosa
9722713744,es un codigo ISBN de una edicion publicada por,Imprensa Nacional-Casa da Moeda
9722713744,está escrito en,Portugués
Mario Saa,es autor de la obra,Poesia e alguma prosa
Poesia e alguma prosa,pertenece al género,Criticism and interpretation
9789725403532,es un codigo ISBN para el libro,Mário Saa
9789725403532,es un codigo ISBN de una edicion publicada por,Universidade Católica
9789725403532,está escrito en,Portugués
9725403533,es un codigo ISBN para el libro,Mário Saa
9725403533,es un codigo ISBN de una edicion publicada por,Universidade Católica
9725403533,está escrito en,Portugués
Mario Saa,es autor de la obra,Mário Saa
Mário Saa,pertenece al género,Criticism and interpretation
Mário Saa,pertenece al género,Congresses
Pedro Rosa Mendes,es de nacionalidad,Portugal
9722016644,es un codigo ISBN para el libro,Baía dos tigres
9722016644,es un codigo ISBN de una edicion publicada por,Publicações Dom Quixote
9722016644,está escrito en,Portugués
9789722040495,es un codigo ISBN para el libro,Baía dos tigres
9789722040495,es un codigo ISBN de una edicion publicada por,Dom Quixote
Pedro Rosa Mendes,es autor de la obra,Baía dos tigres
9781911529408,es un codigo ISBN para el libro,Business and Security Sector Reform
9781911529408,es un codigo ISBN de una edicion publicada por,Ubiquity Press
9781911529408,está escrito en,Inglés
Pedro Rosa Mendes,es autor de la obra,Business and Security Sector Reform
Business and Security Sector Reform,pertenece al género,Warfare & defence
Business and Security Sector Reform,pertenece al género,Politics & government
1862076480,es un codigo ISBN para el libro,Bay of tigers
1862076480,es un codigo ISBN de una edicion publicada por,Granta Books
9781862076488,es un codigo ISBN para el libro,Bay of tigers
9781862076488,es un codigo ISBN de una edicion publicada por,Granta Books
0151006555,es un codigo ISBN para el libro,Bay of tigers
0151006555,es un codigo ISBN de una edicion publicada por,Harcourt
0151006555,está escrito en,Inglés
Pedro Rosa Mendes,es autor de la obra,Bay of tigers
Bay of tigers,pertenece al género,Description and travel
Bay of tigers,pertenece al género,Social aspects
Bay of tigers,pertenece al género,War victims
9788484530626,es un codigo ISBN para el libro,"Bahia De Los Tigres (Cuadernos Del Bronce, 79)"
9788484530626,es un codigo ISBN de una edicion publicada por,Ediciones Del Bronce
9788484530626,está escrito en,Español
8484530620,es un codigo ISBN para el libro,"Bahia De Los Tigres (Cuadernos Del Bronce, 79)"
8484530620,es un codigo ISBN de una edicion publicada por,Ediciones Del Bronce
8484530620,está escrito en,Español
Pedro Rosa Mendes,es autor de la obra,"Bahia De Los Tigres (Cuadernos Del Bronce, 79)"
3250600377,es un codigo ISBN para el libro,Tigerbucht. Stimmen aus dem Staub. Kriegsreportage
3250600377,es un codigo ISBN de una edicion publicada por,Ammann
9783250600374,es un codigo ISBN para el libro,Tigerbucht. Stimmen aus dem Staub. Kriegsreportage
9783250600374,es un codigo ISBN de una edicion publicada por,Ammann
Pedro Rosa Mendes,es autor de la obra,Tigerbucht. Stimmen aus dem Staub. Kriegsreportage
8774459910,es un codigo ISBN para el libro,Tigerbugten
8774459910,es un codigo ISBN de una edicion publicada por,Tiderne Skifter
8774459910,está escrito en,Danés
Pedro Rosa Mendes,es autor de la obra,Tigerbugten
9722016644,es un codigo ISBN para el libro,Baía dos tigres
9722016644,es un codigo ISBN de una edicion publicada por,Publicações Dom Quixote
Pedro Rosa Mendes,es autor de la obra,Baía dos tigres
9782864243823,es un codigo ISBN para el libro,La Baie des Tigres
9782864243823,es un codigo ISBN de una edicion publicada por,Métailié
2864243822,es un codigo ISBN para el libro,La Baie des Tigres
2864243822,es un codigo ISBN de una edicion publicada por,Métailié
Pedro Rosa Mendes,es autor de la obra,La Baie des Tigres
9722031333,es un codigo ISBN para el libro,Lenin Oil
9722031333,es un codigo ISBN de una edicion publicada por,Dom Quixote
9722031333,está escrito en,Portugués
9789722031332,es un codigo ISBN para el libro,Lenin Oil
9789722031332,es un codigo ISBN de una edicion publicada por,Dom Quixote
9789722031332,está escrito en,Portugués
Pedro Rosa Mendes,es autor de la obra,Lenin Oil
9756047127,es un codigo ISBN para el libro,Kaplanlar Korfezi
9756047127,es un codigo ISBN de una edicion publicada por,UDY - Ulusdagi Yayinlari
9789756047125,es un codigo ISBN para el libro,Kaplanlar Korfezi
9789756047125,es un codigo ISBN de una edicion publicada por,UDY - Ulusdagi Yayinlari
Pedro Rosa Mendes,es autor de la obra,Kaplanlar Korfezi
8565500098,es un codigo ISBN para el libro,Peregrinacao de Enmanuel Jhesus
8565500098,es un codigo ISBN de una edicion publicada por,TINTA DA CHINA
9788565500098,es un codigo ISBN para el libro,Peregrinacao de Enmanuel Jhesus
9788565500098,es un codigo ISBN de una edicion publicada por,TINTA DA CHINA
Pedro Rosa Mendes,es autor de la obra,Peregrinacao de Enmanuel Jhesus
9729539324,es un codigo ISBN para el libro,Ilhas de fogo
9729539324,es un codigo ISBN de una edicion publicada por,Associação para a cooperação entre os povos
9729539324,está escrito en,Portugués
9789729539329,es un codigo ISBN para el libro,Ilhas de fogo
9789729539329,es un codigo ISBN de una edicion publicada por,Associação para a cooperação entre os povos
9789729539329,está escrito en,Portugués
Pedro Rosa Mendes,es autor de la obra,Ilhas de fogo
Ilhas de fogo,pertenece al género,Description and travel
Ilhas de fogo,pertenece al género,Pictorial works
Ilhas de fogo,pertenece al género,Social conditions
9789722040679,es un codigo ISBN para el libro,Peregrinação de Enmanuel Jhesus
9789722040679,es un codigo ISBN de una edicion publicada por,Publicações Dom Quixote
9789722040679,está escrito en,Portugués
Pedro Rosa Mendes,es autor de la obra,Peregrinação de Enmanuel Jhesus
9789729539336,es un codigo ISBN para el libro,Madre Cacau
9789729539336,es un codigo ISBN de una edicion publicada por,Associação para a Cooperação Entre os Povos (ACEP)
9789729539336,está escrito en,Portugués
9729539332,es un codigo ISBN para el libro,Madre Cacau
9729539332,es un codigo ISBN de una edicion publicada por,Associação para a Cooperação Entre os Povos (ACEP)
9729539332,está escrito en,Portugués
Pedro Rosa Mendes,es autor de la obra,Madre Cacau
Madre Cacau,pertenece al género,Description and travel
Madre Cacau,pertenece al género,Anecdotes
Madre Cacau,pertenece al género,Social life and customs
972759512X,es un codigo ISBN para el libro,Atlântico
972759512X,es un codigo ISBN de una edicion publicada por,Temas e Debates
972759512X,está escrito en,Portugués
Pedro Rosa Mendes,es autor de la obra,Atlântico
1862074976,es un codigo ISBN para el libro,Bay of Tigers
1862074976,es un codigo ISBN de una edicion publicada por,Granta Books
9781862074972,es un codigo ISBN para el libro,Bay of Tigers
9781862074972,es un codigo ISBN de una edicion publicada por,Granta Books
Pedro Rosa Mendes,es autor de la obra,Bay of Tigers
Fernanda Seno,es de nacionalidad,Portugal
Fernando Namora,es de nacionalidad,Portugal
9721028908,es un codigo ISBN para el libro,Retalhos da vida de um médico
9721028908,es un codigo ISBN de una edicion publicada por,Publicações Europa-América
9721028908,está escrito en,Portugués
Fernando Namora,es autor de la obra,Retalhos da vida de um médico
Retalhos da vida de um médico,pertenece al género,Correspondence
Retalhos da vida de um médico,pertenece al género,Physicians
9721003492,es un codigo ISBN para el libro,Casa da Malta
9721003492,es un codigo ISBN de una edicion publicada por,Europa-América1998.
9721003492,está escrito en,Inglés
Fernando Namora,es autor de la obra,Casa da Malta
9721028304,es un codigo ISBN para el libro,Domingo à tarde
9721028304,es un codigo ISBN de una edicion publicada por,Europa-América
9721028304,está escrito en,Portugués
Fernando Namora,es autor de la obra,Domingo à tarde
9721038547,es un codigo ISBN para el libro,A noite e a madrugada
9721038547,es un codigo ISBN de una edicion publicada por,Publicacoes Europa-America
9721038547,está escrito en,Portugués
Fernando Namora,es autor de la obra,A noite e a madrugada
972102970X,es un codigo ISBN para el libro,Os clandestinos
972102970X,es un codigo ISBN de una edicion publicada por,Publicações Europa-América
972102970X,está escrito en,Portugués
Fernando Namora,es autor de la obra,Os clandestinos
9721027448,es un codigo ISBN para el libro,Deuses e demónios da medicina
9721027448,es un codigo ISBN de una edicion publicada por,Publicações Europa-América
9721027448,está escrito en,Portugués
9721026972,es un codigo ISBN para el libro,Deuses e demónios da medicina
9721026972,es un codigo ISBN de una edicion publicada por,Publicações Europa-América
9721026972,está escrito en,Portugués
Fernando Namora,es autor de la obra,Deuses e demónios da medicina
Deuses e demónios da medicina,pertenece al género,Biography
Deuses e demónios da medicina,pertenece al género,Fiction
Deuses e demónios da medicina,pertenece al género,History
9721037052,es un codigo ISBN para el libro,Nome para uma casa
9721037052,es un codigo ISBN de una edicion publicada por,Publicações Europa-América
9721037052,está escrito en,Portugués
Fernando Namora,es autor de la obra,Nome para uma casa
8432219088,es un codigo ISBN para el libro,Os clandestinos
8432219088,es un codigo ISBN de una edicion publicada por,Seix Barral
8432219088,está escrito en,Español
Júlio Moreira,es de nacionalidad,Portugal
9725641566,es un codigo ISBN para el libro,A barragem
9725641566,es un codigo ISBN de una edicion publicada por,Quetzal Editores
9725641566,está escrito en,Portugués
Júlio Moreira,es autor de la obra,A barragem
9722510959,es un codigo ISBN para el libro,Férias de verão
9722510959,es un codigo ISBN de una edicion publicada por,Bertrand Editora
9722510959,está escrito en,Portugués
Júlio Moreira,es autor de la obra,Férias de verão
9781540896841,es un codigo ISBN para el libro,O Opala Laranja
9781540896841,es un codigo ISBN de una edicion publicada por,CreateSpace Independent Publishing Platform
9781540896841,está escrito en,Portugués
Júlio Moreira,es autor de la obra,O Opala Laranja
9781540485670,es un codigo ISBN para el libro,Menina Que Não Conhecia o Sol
9781540485670,es un codigo ISBN de una edicion publicada por,CreateSpace Independent Publishing Platform
9781540485670,está escrito en,Portugués
Júlio Moreira,es autor de la obra,Menina Que Não Conhecia o Sol
9895557582,es un codigo ISBN para el libro,O dia claro
9895557582,es un codigo ISBN de una edicion publicada por,Oficina do Livro
9895557582,está escrito en,Portugués
9789895557585,es un codigo ISBN para el libro,O dia claro
9789895557585,es un codigo ISBN de una edicion publicada por,Oficina do Livro
9789895557585,está escrito en,Portugués
Júlio Moreira,es autor de la obra,O dia claro
9728645104,es un codigo ISBN para el libro,Dentro de 5 minutos
9728645104,es un codigo ISBN de una edicion publicada por,Parceria A.M. Pereira
9728645104,está escrito en,Portugués
Júlio Moreira,es autor de la obra,Dentro de 5 minutos
8440017677,es un codigo ISBN para el libro,Les Parets en llibertat
8440017677,es un codigo ISBN de una edicion publicada por,Taller d'Impressions
8440017677,está escrito en,Español
Júlio Moreira,es autor de la obra,Les Parets en llibertat
Les Parets en llibertat,pertenece al género,Politics and government
Les Parets en llibertat,pertenece al género,Graffiti
Les Parets en llibertat,pertenece al género,Pictorial works
9788436829747,es un codigo ISBN para el libro,Percepción del color y daltonismos
9788436829747,es un codigo ISBN de una edicion publicada por,Ediciones Pirámide
9788436829747,es un codigo ISBN de una edicion publicada por,Pirámide
8436829743,es un codigo ISBN para el libro,Percepción del color y daltonismos
8436829743,es un codigo ISBN de una edicion publicada por,Ediciones Pirámide
8436829743,es un codigo ISBN de una edicion publicada por,Pirámide
Júlio Moreira,es autor de la obra,Percepción del color y daltonismos
1693045907,es un codigo ISBN para el libro,A viúva do americano
1693045907,es un codigo ISBN de una edicion publicada por,Independently Published
9781693045905,es un codigo ISBN para el libro,A viúva do americano
9781693045905,es un codigo ISBN de una edicion publicada por,Independently Published
Júlio Moreira,es autor de la obra,A viúva do americano
9789962676263,es un codigo ISBN para el libro,Garabatos
9789962676263,es un codigo ISBN de una edicion publicada por,Unversidad Tecnológica de Panamá
9789962676263,está escrito en,Español
Júlio Moreira,es autor de la obra,Garabatos
9789977682983,es un codigo ISBN para el libro,Adaptaciones de la Política Criminal en la seguridad ciudadana y la prevención de la violencia en América Latina
9789977682983,es un codigo ISBN de una edicion publicada por,FLACSO
9789977682983,está escrito en,Español
9977682984,es un codigo ISBN para el libro,Adaptaciones de la Política Criminal en la seguridad ciudadana y la prevención de la violencia en América Latina
9977682984,es un codigo ISBN de una edicion publicada por,FLACSO
9977682984,está escrito en,Español
Júlio Moreira,es autor de la obra,Adaptaciones de la Política Criminal en la seguridad ciudadana y la prevención de la violencia en América Latina
Adaptaciones de la Política Criminal en la seguridad ciudadana y la prevención de la violencia en América Latina,pertenece al género,Crime prevention
Adaptaciones de la Política Criminal en la seguridad ciudadana y la prevención de la violencia en América Latina,pertenece al género,Public safety
Adaptaciones de la Política Criminal en la seguridad ciudadana y la prevención de la violencia en América Latina,pertenece al género,Violence
9781693411649,es un codigo ISBN para el libro,Menina Que N&#65533;o Conhecia o Sol
9781693411649,es un codigo ISBN de una edicion publicada por,Independently Published
9781693411649,está escrito en,Portugués
Júlio Moreira,es autor de la obra,Menina Que N&#65533;o Conhecia o Sol
8544422268,es un codigo ISBN para el libro,Representações sociais e seus diversos olhares
8544422268,es un codigo ISBN de una edicion publicada por,Editora CRV
8544422268,está escrito en,Portugués
9788544422243,es un codigo ISBN para el libro,Representações sociais e seus diversos olhares
9788544422243,es un codigo ISBN de una edicion publicada por,Editora CRV
9788544422243,está escrito en,Portugués
9788544422267,es un codigo ISBN para el libro,Representações sociais e seus diversos olhares
9788544422267,es un codigo ISBN de una edicion publicada por,Editora CRV
9788544422267,está escrito en,Portugués
8544422241,es un codigo ISBN para el libro,Representações sociais e seus diversos olhares
8544422241,es un codigo ISBN de una edicion publicada por,Editora CRV
8544422241,está escrito en,Portugués
Júlio Moreira,es autor de la obra,Representações sociais e seus diversos olhares
Representações sociais e seus diversos olhares,pertenece al género,Social representations
Representações sociais e seus diversos olhares,pertenece al género,Health
Representações sociais e seus diversos olhares,pertenece al género,Social aspects
8497565940,es un codigo ISBN para el libro,Alfabetizaciones y tecnologías de la información y la comunicación
8497565940,es un codigo ISBN de una edicion publicada por,Sintesis
9788497565943,es un codigo ISBN para el libro,Alfabetizaciones y tecnologías de la información y la comunicación
9788497565943,es un codigo ISBN de una edicion publicada por,Sintesis
Júlio Moreira,es autor de la obra,Alfabetizaciones y tecnologías de la información y la comunicación
9789893330241,es un codigo ISBN para el libro,Creativity and Innovation Affairs
9789893330241,es un codigo ISBN de una edicion publicada por,Mindshake
Júlio Moreira,es autor de la obra,Creativity and Innovation Affairs
Creativity and Innovation Affairs,pertenece al género,business models
Creativity and Innovation Affairs,pertenece al género,design
Creativity and Innovation Affairs,pertenece al género,creativity
Alfredo Guisado,es de nacionalidad,Portugal
9722412027,es un codigo ISBN para el libro,Alfredo Guisado
9722412027,es un codigo ISBN de una edicion publicada por,Livros Horizonte
9722412027,está escrito en,Portugués
Alfredo Guisado,es autor de la obra,Alfredo Guisado
972811575X,es un codigo ISBN para el libro,Tempo de Orfeu
972811575X,es un codigo ISBN de una edicion publicada por,Angelus Novus Editora
972811575X,está escrito en,Portugués
Alfredo Guisado,es autor de la obra,Tempo de Orfeu
9788487847868,es un codigo ISBN para el libro,Tempo de orfeu 2
9788487847868,es un codigo ISBN de una edicion publicada por,"Edicións Laiovento, S.L."
8487847862,es un codigo ISBN para el libro,Tempo de orfeu 2
8487847862,es un codigo ISBN de una edicion publicada por,"Edicións Laiovento, S.L."
Alfredo Guisado,es autor de la obra,Tempo de orfeu 2
849410389X,es un codigo ISBN para el libro,37'6
849410389X,es un codigo ISBN de una edicion publicada por,Legados Ediciones
9788494103896,es un codigo ISBN para el libro,37'6
9788494103896,es un codigo ISBN de una edicion publicada por,Legados Ediciones
Alfredo Guisado,es autor de la obra,37'6
Jorge Leitão Ramos,es de nacionalidad,Portugal
9789722117630,es un codigo ISBN para el libro,"Dicionário do cinema português, 1989-2003"
9789722117630,es un codigo ISBN de una edicion publicada por,Editorial Caminho
9789722117630,está escrito en,Portugués
9789722117630,es un codigo ISBN de una edicion publicada por,Caminho
9789722117630,está escrito en,Español
9722117637,es un codigo ISBN para el libro,"Dicionário do cinema português, 1989-2003"
9722117637,es un codigo ISBN de una edicion publicada por,Caminho
9722117637,está escrito en,Español
Jorge Leitão Ramos,es autor de la obra,"Dicionário do cinema português, 1989-2003"
"Dicionário do cinema português, 1989-2003",pertenece al género,Motion pictures
"Dicionário do cinema português, 1989-2003",pertenece al género,Portuguese
"Dicionário do cinema português, 1989-2003",pertenece al género,Dictionaries
9789722720762,es un codigo ISBN para el libro,Fernando Lopes
9789722720762,es un codigo ISBN de una edicion publicada por,Imprensa Nacional-Casa da Moeda
9789722720762,es un codigo ISBN de una edicion publicada por,Sociedade Portuguesa de Autores
9789722720762,está escrito en,Portugués
9722720767,es un codigo ISBN para el libro,Fernando Lopes
9722720767,es un codigo ISBN de una edicion publicada por,Imprensa Nacional-Casa da Moeda
9722720767,es un codigo ISBN de una edicion publicada por,Sociedade Portuguesa de Autores
9722720767,está escrito en,Portugués
Jorge Leitão Ramos,es autor de la obra,Fernando Lopes
Fernando Lopes,pertenece al género,Criticism and interpretation
9789722126021,es un codigo ISBN para el libro,"Dicionário do cinema português, 1895-1961"
9789722126021,es un codigo ISBN de una edicion publicada por,Caminho
9789722126021,está escrito en,Portugués
Jorge Leitão Ramos,es autor de la obra,"Dicionário do cinema português, 1895-1961"
"Dicionário do cinema português, 1895-1961",pertenece al género,Motion pictures
"Dicionário do cinema português, 1895-1961",pertenece al género,Dictionaries
"Dicionário do cinema português, 1895-1961",pertenece al género,Portuguese
9722104462,es un codigo ISBN para el libro,"Dicionário do cinema português, 1962-1988"
9722104462,es un codigo ISBN de una edicion publicada por,Caminho
9722104462,está escrito en,Portugués
Jorge Leitão Ramos,es autor de la obra,"Dicionário do cinema português, 1962-1988"
"Dicionário do cinema português, 1962-1988",pertenece al género,Dictionaries
"Dicionário do cinema português, 1962-1988",pertenece al género,Motion pictures
"Dicionário do cinema português, 1962-1988",pertenece al género,Portuguese
9798369350577,es un codigo ISBN para el libro,Scientific Innovations for Coastal Resource Management
9798369350577,es un codigo ISBN de una edicion publicada por,IGI Global
9798369350577,está escrito en,Inglés
9798369324370,es un codigo ISBN para el libro,Scientific Innovations for Coastal Resource Management
9798369324370,es un codigo ISBN de una edicion publicada por,IGI Global
9798369324370,está escrito en,Inglés
9798369324363,es un codigo ISBN para el libro,Scientific Innovations for Coastal Resource Management
9798369324363,es un codigo ISBN de una edicion publicada por,IGI Global
9798369324363,está escrito en,Inglés
Jorge Leitão Ramos,es autor de la obra,Scientific Innovations for Coastal Resource Management
João Negreiros,es de nacionalidad,Portugal
9789896373931,es un codigo ISBN para el libro,O amor és tu
9789896373931,es un codigo ISBN de una edicion publicada por,Saída de Emergência
9789896373931,está escrito en,Portugués
João Negreiros,es autor de la obra,O amor és tu
9789896371951,es un codigo ISBN para el libro,A verdade dói e pode estar errada
9789896371951,es un codigo ISBN de una edicion publicada por,Saída de Emergência Edições
9789896371951,está escrito en,Portugués
João Negreiros,es autor de la obra,A verdade dói e pode estar errada
9789896371944,es un codigo ISBN para el libro,O mar que a gente faz
9789896371944,es un codigo ISBN de una edicion publicada por,Saída de Emergência Edições
9789896371944,está escrito en,Portugués
João Negreiros,es autor de la obra,O mar que a gente faz
9781522537595,es un codigo ISBN para el libro,Spatial Analysis Techniques Using Mygeoffice®
9781522537595,es un codigo ISBN de una edicion publicada por,IGI Global
9781522537595,está escrito en,Inglés
9781522532729,es un codigo ISBN para el libro,Spatial Analysis Techniques Using Mygeoffice®
9781522532729,es un codigo ISBN de una edicion publicada por,IGI Global
9781522532729,está escrito en,Inglés
9781522532712,es un codigo ISBN para el libro,Spatial Analysis Techniques Using Mygeoffice®
9781522532712,es un codigo ISBN de una edicion publicada por,IGI Global
9781522532712,está escrito en,Inglés
João Negreiros,es autor de la obra,Spatial Analysis Techniques Using Mygeoffice®
Spatial Analysis Techniques Using Mygeoffice®,pertenece al género,Geographic information systems
Spatial Analysis Techniques Using Mygeoffice®,pertenece al género,Spatial analysis (statistics)
Spatial Analysis Techniques Using Mygeoffice®,pertenece al género,"Image processing, digital techniques"
9788577400805,es un codigo ISBN para el libro,A presença indígena no nordeste
9788577400805,es un codigo ISBN de una edicion publicada por,Contra Capa
9788577400805,está escrito en,Portugués
João Negreiros,es autor de la obra,A presença indígena no nordeste
A presença indígena no nordeste,pertenece al género,Indians of South America
A presença indígena no nordeste,pertenece al género,Antiquities
Alfredo Cortês,es de nacionalidad,Portugal
9685925240,es un codigo ISBN para el libro,El Castigador
9685925240,es un codigo ISBN de una edicion publicada por,[Autor]
Alfredo Cortês,es autor de la obra,El Castigador
9798590951635,es un codigo ISBN para el libro,Residuo de un Sueño
9798590951635,es un codigo ISBN de una edicion publicada por,Independently Published
9798590951635,está escrito en,Español
Alfredo Cortês,es autor de la obra,Residuo de un Sueño
9781499213621,es un codigo ISBN para el libro,Soledad Del Verso
9781499213621,es un codigo ISBN de una edicion publicada por,CreateSpace Independent Publishing Platform
9781499213621,está escrito en,Español
Alfredo Cortês,es autor de la obra,Soledad Del Verso
9781546379898,es un codigo ISBN para el libro,Desde Que Abrí Los Ojos
9781546379898,es un codigo ISBN de una edicion publicada por,CreateSpace Independent Publishing Platform
9781546379898,está escrito en,Español
Alfredo Cortês,es autor de la obra,Desde Que Abrí Los Ojos
9781545441602,es un codigo ISBN para el libro,Inquilinos Del Abismo
9781545441602,es un codigo ISBN de una edicion publicada por,CreateSpace Independent Publishing Platform
9781545441602,está escrito en,Español
Alfredo Cortês,es autor de la obra,Inquilinos Del Abismo
9781546465980,es un codigo ISBN para el libro,Memorias de Barranquilla
9781546465980,es un codigo ISBN de una edicion publicada por,CreateSpace Independent Publishing Platform
9781546465980,está escrito en,Español
Alfredo Cortês,es autor de la obra,Memorias de Barranquilla
9789685891141,es un codigo ISBN para el libro,Sergio García Ramírez
9789685891141,es un codigo ISBN de una edicion publicada por,Colegio de Jalisco
9789685891141,está escrito en,Español
9685891141,es un codigo ISBN para el libro,Sergio García Ramírez
9685891141,es un codigo ISBN de una edicion publicada por,Colegio de Jalisco
9685891141,está escrito en,Español
Alfredo Cortês,es autor de la obra,Sergio García Ramírez
Sergio García Ramírez,pertenece al género,Law
9781447159407,es un codigo ISBN para el libro,Hybrid Predictive Control for Dynamic Transport Problems
9781447159407,es un codigo ISBN de una edicion publicada por,"Springer London, Limited"
9781447159407,está escrito en,Inglés
Alfredo Cortês,es autor de la obra,Hybrid Predictive Control for Dynamic Transport Problems
Hybrid Predictive Control for Dynamic Transport Problems,pertenece al género,Transportation
Hybrid Predictive Control for Dynamic Transport Problems,pertenece al género,Engineering
Hybrid Predictive Control for Dynamic Transport Problems,pertenece al género,Operations research
9709056190,es un codigo ISBN para el libro,El Caribe y América Latina
9709056190,es un codigo ISBN de una edicion publicada por,"Universidad de Puerto Rico, Recinto de Rio Piedras"
9709056190,está escrito en,Español
9789709056198,es un codigo ISBN para el libro,El Caribe y América Latina
9789709056198,es un codigo ISBN de una edicion publicada por,"Universidad de Puerto Rico, Recinto de Rio Piedras"
9789709056198,está escrito en,Español
9709056212,es un codigo ISBN para el libro,El Caribe y América Latina
9709056212,es un codigo ISBN de una edicion publicada por,Consejo Superior de Investigaciones Científicas
9709056212,es un codigo ISBN de una edicion publicada por,"Instituto Michoacano de Cultura, Gobierno del Estado de Michoacán"
9709056212,es un codigo ISBN de una edicion publicada por,"Instituto de Investigaciones Históricas, Universidad Michoacana de San Nicolás de Hidalgo"
9709056212,es un codigo ISBN de una edicion publicada por,"Universidad de Puerto Rico, Recinto de Río Piedras"
9709056212,está escrito en,Español
9709056190,es un codigo ISBN de una edicion publicada por,Consejo Superior de Investigaciones Científicas
9709056190,es un codigo ISBN de una edicion publicada por,"Instituto Michoacano de Cultura, Gobierno del Estado de Michoacán"
9709056190,es un codigo ISBN de una edicion publicada por,"Instituto de Investigaciones Históricas, Universidad Michoacana de San Nicolás de Hidalgo"
9709056190,es un codigo ISBN de una edicion publicada por,"Universidad de Puerto Rico, Recinto de Río Piedras"
9709056204,es un codigo ISBN para el libro,El Caribe y América Latina
9709056204,es un codigo ISBN de una edicion publicada por,Consejo Superior de Investigaciones Científicas
9709056204,es un codigo ISBN de una edicion publicada por,"Instituto Michoacano de Cultura, Gobierno del Estado de Michoacán"
9709056204,es un codigo ISBN de una edicion publicada por,"Instituto de Investigaciones Históricas, Universidad Michoacana de San Nicolás de Hidalgo"
9709056204,es un codigo ISBN de una edicion publicada por,"Universidad de Puerto Rico, Recinto de Río Piedras"
9709056204,está escrito en,Español
Alfredo Cortês,es autor de la obra,El Caribe y América Latina
El Caribe y América Latina,pertenece al género,Congresses
El Caribe y América Latina,pertenece al género,History
El Caribe y América Latina,pertenece al género,Influence
8499218695,es un codigo ISBN para el libro,Impro
8499218695,es un codigo ISBN de una edicion publicada por,"Editorial Octaedro, S.L."
9788499218694,es un codigo ISBN para el libro,Impro
9788499218694,es un codigo ISBN de una edicion publicada por,"Editorial Octaedro, S.L."
Alfredo Cortês,es autor de la obra,Impro
9707030194,es un codigo ISBN para el libro,Historias y procesos
9707030194,es un codigo ISBN de una edicion publicada por,"Escuela de Historia, Instituto de Investigaciones Históricas, Universidad Michoacana de San Nicolás de Hidalgo"
9707030194,es un codigo ISBN de una edicion publicada por,"Instituto Michoacano de Cultura, Gobierno del Estado de Michoacán"
9707030194,está escrito en,Español
Alfredo Cortês,es autor de la obra,Historias y procesos
Historias y procesos,pertenece al género,Education
Historias y procesos,pertenece al género,History
9786074556391,es un codigo ISBN para el libro,Imágenes de la modernidad
9786074556391,es un codigo ISBN de una edicion publicada por,Consejo Nacional para la Cultura y las Artes / Centro Cultural Tijuana
9786074556391,está escrito en,Español
6074556393,es un codigo ISBN para el libro,Imágenes de la modernidad
6074556393,es un codigo ISBN de una edicion publicada por,Consejo Nacional para la Cultura y las Artes / Centro Cultural Tijuana
6074556393,está escrito en,Español
Alfredo Cortês,es autor de la obra,Imágenes de la modernidad
Imágenes de la modernidad,pertenece al género,Documentary photography
Imágenes de la modernidad,pertenece al género,Catalogs
Imágenes de la modernidad,pertenece al género,History
9687598662,es un codigo ISBN para el libro,"Región, frontera y prácticas culturales en la historia de América Latina y el Caribe"
9687598662,es un codigo ISBN de una edicion publicada por,"Universidad Michoacana de San Nicolás de Hidalgo, Facultad de Historia"
9687598662,es un codigo ISBN de una edicion publicada por,"Universidade Federal de Goiás, Centro de Estudos do Caribe no Brasil"
9687598662,está escrito en,Español
Alfredo Cortês,es autor de la obra,"Región, frontera y prácticas culturales en la historia de América Latina y el Caribe"
"Región, frontera y prácticas culturales en la historia de América Latina y el Caribe",pertenece al género,Social conditions
"Región, frontera y prácticas culturales en la historia de América Latina y el Caribe",pertenece al género,History
"Región, frontera y prácticas culturales en la historia de América Latina y el Caribe",pertenece al género,América Latina
Carlos Queiroz,es de nacionalidad,Portugal
9726170990,es un codigo ISBN para el libro,Epístola aos vindouros e outros poemas
9726170990,es un codigo ISBN de una edicion publicada por,Edições Atica
9726170990,está escrito en,Portugués
Carlos Queiroz,es autor de la obra,Epístola aos vindouros e outros poemas
Epístola aos vindouros e outros poemas,pertenece al género,Portuguese poetry
9789726172451,es un codigo ISBN para el libro,"Fernando Pessoa, o poeta e os seus fantasmas"
9789726172451,es un codigo ISBN de una edicion publicada por,Ática
9789726172451,está escrito en,Portugués
Carlos Queiroz,es autor de la obra,"Fernando Pessoa, o poeta e os seus fantasmas"
"Fernando Pessoa, o poeta e os seus fantasmas",pertenece al género,Criticism and interpretation
"Fernando Pessoa, o poeta e os seus fantasmas",pertenece al género,Correspondence
"Fernando Pessoa, o poeta e os seus fantasmas",pertenece al género,Manuscripts
Pedro Tamen,es de nacionalidad,Portugal
1857545400,es un codigo ISBN para el libro,Honey and Poison
1857545400,es un codigo ISBN de una edicion publicada por,Carcanet
1857545400,está escrito en,Inglés
1857545400,es un codigo ISBN de una edicion publicada por,Carcanet Press Ltd.
9781857545401,es un codigo ISBN para el libro,Honey and Poison
9781857545401,es un codigo ISBN de una edicion publicada por,Carcanet Press Ltd.
9781857545401,está escrito en,Inglés
Pedro Tamen,es autor de la obra,Honey and Poison
Honey and Poison,pertenece al género,Translations into English
Honey and Poison,pertenece al género,Poetry (poetic works by one author)
9789722039710,es un codigo ISBN para el libro,O livro do sapateiro
9789722039710,es un codigo ISBN de una edicion publicada por,Publicações Dom Quixote
9789722039710,está escrito en,Portugués
Pedro Tamen,es autor de la obra,O livro do sapateiro
9726420091,es un codigo ISBN para el libro,Tábua das matérias
9726420091,es un codigo ISBN de una edicion publicada por,Tertúlia
9726420091,está escrito en,Portugués
Pedro Tamen,es autor de la obra,Tábua das matérias
9725642007,es un codigo ISBN para el libro,Depois de ver
9725642007,es un codigo ISBN de una edicion publicada por,Quetzal Editores
9725642007,está escrito en,Portugués
Pedro Tamen,es autor de la obra,Depois de ver
Depois de ver,pertenece al género,"Art, Modern"
Depois de ver,pertenece al género,"Art, Portuguese"
Depois de ver,pertenece al género,Catalogs
2930232226,es un codigo ISBN para el libro,Maitre ès Sanglots
2930232226,es un codigo ISBN de una edicion publicada por,Le Taillis Pré
2930232226,está escrito en,Francés
Pedro Tamen,es autor de la obra,Maitre ès Sanglots
9789722051798,es un codigo ISBN para el libro,Rua de nenhures
9789722051798,es un codigo ISBN de una edicion publicada por,D. Quixote
9789722051798,está escrito en,Portugués
Pedro Tamen,es autor de la obra,Rua de nenhures
9789724148786,es un codigo ISBN para el libro,Analogia e dedos
9789724148786,es un codigo ISBN de una edicion publicada por,Oceanos
9789724148786,está escrito en,Portugués
Pedro Tamen,es autor de la obra,Analogia e dedos
9727920292,es un codigo ISBN para el libro,Retábulo das matérias
9727920292,es un codigo ISBN de una edicion publicada por,Gótica
9727920292,está escrito en,Portugués
Pedro Tamen,es autor de la obra,Retábulo das matérias
9728076231,es un codigo ISBN para el libro,50 anos de tapeçaria em Portugal
9728076231,es un codigo ISBN de una edicion publicada por,O Centro
9728076231,está escrito en,Portugués
Pedro Tamen,es autor de la obra,50 anos de tapeçaria em Portugal
50 anos de tapeçaria em Portugal,pertenece al género,Manufactura de Tapeçarias de Portalegre
50 anos de tapeçaria em Portugal,pertenece al género,Exhibitions
50 anos de tapeçaria em Portugal,pertenece al género,Tapestry
9789722044011,es un codigo ISBN para el libro,Um teatro às escuras
9789722044011,es un codigo ISBN de una edicion publicada por,Publicações Dom Quixote
9789722044011,está escrito en,Portugués
Pedro Tamen,es autor de la obra,Um teatro às escuras
8804512849,es un codigo ISBN para el libro,Inchiostro nero che danza sulla pagina
8804512849,es un codigo ISBN de una edicion publicada por,A. Mondadori
8804512849,está escrito en,Italiano
Pedro Tamen,es autor de la obra,Inchiostro nero che danza sulla pagina
Inchiostro nero che danza sulla pagina,pertenece al género,Portuguese poetry
Inchiostro nero che danza sulla pagina,pertenece al género,Translations into Italian
9788483743454,es un codigo ISBN para el libro,Caronte y memoria
9788483743454,es un codigo ISBN de una edicion publicada por,Huerga y Fierro Editores
8483743450,es un codigo ISBN para el libro,Caronte y memoria
8483743450,es un codigo ISBN de una edicion publicada por,Huerga y Fierro Editores
Pedro Tamen,es autor de la obra,Caronte y memoria
Sebastião da Gama,es de nacionalidad,Portugal
9727990398,es un codigo ISBN para el libro,Pelo sonho é que vamos
9727990398,es un codigo ISBN de una edicion publicada por,Edições Arrábida
9727990398,está escrito en,Portugués
Sebastião da Gama,es autor de la obra,Pelo sonho é que vamos
9789722344944,es un codigo ISBN para el libro,Diário
9789722344944,es un codigo ISBN de una edicion publicada por,Editorial Presença
9789722344944,está escrito en,Portugués
9722344943,es un codigo ISBN para el libro,Diário
9722344943,es un codigo ISBN de una edicion publicada por,Editorial Presença
9722344943,está escrito en,Portugués
Sebastião da Gama,es autor de la obra,Diário
Diário,pertenece al género,Portuguese Poets
Diário,pertenece al género,Student teachers
Diário,pertenece al género,Diaries
9727990401,es un codigo ISBN para el libro,Itinerário paralelo
9727990401,es un codigo ISBN de una edicion publicada por,Edições Arrábida
9727990401,está escrito en,Portugués
Sebastião da Gama,es autor de la obra,Itinerário paralelo
9726170974,es un codigo ISBN para el libro,Cabo da Boa Esperança
9726170974,es un codigo ISBN de una edicion publicada por,Edições Atica
9726170974,está escrito en,Portugués
Sebastião da Gama,es autor de la obra,Cabo da Boa Esperança
9727990223,es un codigo ISBN para el libro,Não morri porque cantei--
9727990223,es un codigo ISBN de una edicion publicada por,Edições Arrábida
9727990223,está escrito en,Portugués
Sebastião da Gama,es autor de la obra,Não morri porque cantei--
9726170028,es un codigo ISBN para el libro,Serra-mãe
9726170028,es un codigo ISBN de una edicion publicada por,Edições Atica
9726170028,está escrito en,Portugués
Sebastião da Gama,es autor de la obra,Serra-mãe
9726170966,es un codigo ISBN para el libro,Cartas
9726170966,es un codigo ISBN de una edicion publicada por,Edições Atica
9726170966,está escrito en,Portugués
Sebastião da Gama,es autor de la obra,Cartas
Cartas,pertenece al género,Correspondence
Cartas,pertenece al género,Portuguese Poets
972799041X,es un codigo ISBN para el libro,Estevas
972799041X,es un codigo ISBN de una edicion publicada por,Edições Arrábida
972799041X,está escrito en,Portugués
Sebastião da Gama,es autor de la obra,Estevas
Gastão Cruz,es de nacionalidad,Portugal
856450202X,es un codigo ISBN para el libro,Escarpas
856450202X,es un codigo ISBN de una edicion publicada por,Móbile Editorial
856450202X,está escrito en,Portugués
9788564502024,es un codigo ISBN para el libro,Escarpas
9788564502024,es un codigo ISBN de una edicion publicada por,Móbile Editorial
9788564502024,está escrito en,Portugués
9789723714821,es un codigo ISBN para el libro,Escarpas
9789723714821,es un codigo ISBN de una edicion publicada por,Assírio & Alvim
9789723714821,está escrito en,Portugués
Gastão Cruz,es autor de la obra,Escarpas
9789723713640,es un codigo ISBN para el libro,A vida da poesia
9789723713640,es un codigo ISBN de una edicion publicada por,Assírio & Alvim
9789723713640,está escrito en,Portugués
Gastão Cruz,es autor de la obra,A vida da poesia
A vida da poesia,pertenece al género,Portuguese poetry
A vida da poesia,pertenece al género,History and criticism
9789723714326,es un codigo ISBN para el libro,Os poemas
9789723714326,es un codigo ISBN de una edicion publicada por,Assírio & Alvim
9789723714326,está escrito en,Portugués
Gastão Cruz,es autor de la obra,Os poemas
9723702592,es un codigo ISBN para el libro,As leis do caos
9723702592,es un codigo ISBN de una edicion publicada por,Assírio & Alvim
9723702592,está escrito en,Portugués
Gastão Cruz,es autor de la obra,As leis do caos
9727082874,es un codigo ISBN para el libro,As pedras negras
9727082874,es un codigo ISBN de una edicion publicada por,Relógio d'Agua Editores
9727082874,está escrito en,Portugués
Gastão Cruz,es autor de la obra,As pedras negras
9723706008,es un codigo ISBN para el libro,Crateras
9723706008,es un codigo ISBN de una edicion publicada por,Assírio & Alvim
9723706008,está escrito en,Portugués
Gastão Cruz,es autor de la obra,Crateras
972370904X,es un codigo ISBN para el libro,Repercussão
972370904X,es un codigo ISBN de una edicion publicada por,Assírio & Alvim
972370904X,está escrito en,Portugués
Gastão Cruz,es autor de la obra,Repercussão
9723707365,es un codigo ISBN para el libro,Rua de Portugal
9723707365,es un codigo ISBN de una edicion publicada por,Assírio & Alvim
9723707365,está escrito en,Portugués
Gastão Cruz,es autor de la obra,Rua de Portugal
9789723716764,es un codigo ISBN para el libro,Fogo
9789723716764,es un codigo ISBN de una edicion publicada por,Assírio & Alvim
9789723716764,está escrito en,Portugués
9723716763,es un codigo ISBN para el libro,Fogo
9723716763,es un codigo ISBN de una edicion publicada por,Assírio & Alvim
9723716763,está escrito en,Portugués
Gastão Cruz,es autor de la obra,Fogo
9723709848,es un codigo ISBN para el libro,Quinze poetas portugueses do seculo XX
9723709848,es un codigo ISBN de una edicion publicada por,Assírio & Alvim
9723709848,está escrito en,Portugués
Gastão Cruz,es autor de la obra,Quinze poetas portugueses do seculo XX
Quinze poetas portugueses do seculo XX,pertenece al género,Portuguese poetry
9789723716085,es un codigo ISBN para el libro,Observação do verão
9789723716085,es un codigo ISBN de una edicion publicada por,Assírio & Alvim
9789723716085,está escrito en,Portugués
Gastão Cruz,es autor de la obra,Observação do verão
João Aguiar,es de nacionalidad,Portugal
9789720041807,es un codigo ISBN para el libro,O priorado do cifrão
9789720041807,es un codigo ISBN de una edicion publicada por,Porto Editora
9789720041807,está escrito en,Portugués
João Aguiar,es autor de la obra,O priorado do cifrão
9724118223,es un codigo ISBN para el libro,Inês de Portugal
9724118223,es un codigo ISBN de una edicion publicada por,[Edições ASA]
9724118223,está escrito en,Portugués
9724119223,es un codigo ISBN para el libro,Inês de Portugal
9724119223,es un codigo ISBN de una edicion publicada por,Asa Editores
João Aguiar,es autor de la obra,Inês de Portugal
Inês de Portugal,pertenece al género,Fiction
9724132889,es un codigo ISBN para el libro,Uma deusa na bruma
9724132889,es un codigo ISBN de una edicion publicada por,Asa
9724132889,está escrito en,Portugués
João Aguiar,es autor de la obra,Uma deusa na bruma
9789724147024,es un codigo ISBN para el libro,Sebastião e os Mundos Secretos
9789724147024,es un codigo ISBN de una edicion publicada por,Edições Asa
9724147029,es un codigo ISBN para el libro,Sebastião e os Mundos Secretos
9724147029,es un codigo ISBN de una edicion publicada por,Edições Asa
João Aguiar,es autor de la obra,Sebastião e os Mundos Secretos
9781781604816,es un codigo ISBN para el libro,Sertorio
9781781604816,es un codigo ISBN de una edicion publicada por,Edhasa
9781781604816,está escrito en,Inglés
9788435045353,es un codigo ISBN para el libro,Sertorio
9788435045353,es un codigo ISBN de una edicion publicada por,Edhasa
9788435045353,está escrito en,Español
João Aguiar,es autor de la obra,Sertorio
9789898160232,es un codigo ISBN para el libro,Nas margens da solidão
9789898160232,es un codigo ISBN de una edicion publicada por,Padrões Culturais Editora
9789898160232,está escrito en,Portugués
João Aguiar,es autor de la obra,Nas margens da solidão
972412696X,es un codigo ISBN para el libro,Diálogo das compensadas
972412696X,es un codigo ISBN de una edicion publicada por,ASA Editores
972412696X,está escrito en,Portugués
João Aguiar,es autor de la obra,Diálogo das compensadas
9724116646,es un codigo ISBN para el libro,A encomendação das almas
9724116646,es un codigo ISBN de una edicion publicada por,Edições ASA
9724116646,está escrito en,Portugués
João Aguiar,es autor de la obra,A encomendação das almas
9724115380,es un codigo ISBN para el libro,A hora de Sertório
9724115380,es un codigo ISBN de una edicion publicada por,Edições ASA
9724115380,está escrito en,Portugués
João Aguiar,es autor de la obra,A hora de Sertório
A hora de Sertório,pertenece al género,Fiction
9724117812,es un codigo ISBN para el libro,Navegador solitário
9724117812,es un codigo ISBN de una edicion publicada por,Edições ASA
9724117812,está escrito en,Portugués
João Aguiar,es autor de la obra,Navegador solitário
9722007874,es un codigo ISBN para el libro,O canto dos fantasmas
9722007874,es un codigo ISBN de una edicion publicada por,Publicações Dom Quixote
9722007874,está escrito en,Portugués
João Aguiar,es autor de la obra,O canto dos fantasmas
9724120015,es un codigo ISBN para el libro,O dragão de fumo
9724120015,es un codigo ISBN de una edicion publicada por,Edições Asa
9724120015,está escrito en,Portugués
João Aguiar,es autor de la obra,O dragão de fumo
9724111229,es un codigo ISBN para el libro,Os comedores de pérolas
9724111229,es un codigo ISBN de una edicion publicada por,ASA
9724111229,está escrito en,Portugués
João Aguiar,es autor de la obra,Os comedores de pérolas
9724121593,es un codigo ISBN para el libro,O xarope do marquês
9724121593,es un codigo ISBN de una edicion publicada por,Edições ASA
9724121593,está escrito en,Portugués
João Aguiar,es autor de la obra,O xarope do marquês
9724122204,es un codigo ISBN para el libro,Um estranho antepassado
9724122204,es un codigo ISBN de una edicion publicada por,Edições Asa
9724122204,está escrito en,Portugués
João Aguiar,es autor de la obra,Um estranho antepassado
9724126420,es un codigo ISBN para el libro,O ladrão invisível
9724126420,es un codigo ISBN de una edicion publicada por,ASA
9724126420,está escrito en,Portugués
João Aguiar,es autor de la obra,O ladrão invisível
9724124614,es un codigo ISBN para el libro,Um crime na ópera
9724124614,es un codigo ISBN de una edicion publicada por,ASA
9724124614,está escrito en,Portugués
João Aguiar,es autor de la obra,Um crime na ópera
9724124126,es un codigo ISBN para el libro,A catedral verde
9724124126,es un codigo ISBN de una edicion publicada por,ASA
9724124126,está escrito en,Portugués
João Aguiar,es autor de la obra,A catedral verde
9722328891,es un codigo ISBN para el libro,"A CAUDA DO DIABO (Colecção: Pedro & Companhia, Nº na Colecção: 3)"
9722328891,es un codigo ISBN de una edicion publicada por,Editorial Presenca
9722328891,está escrito en,Portugués
João Aguiar,es autor de la obra,"A CAUDA DO DIABO (Colecção: Pedro & Companhia, Nº na Colecção: 3)"
9724112993,es un codigo ISBN para el libro,O homem sem nome
9724112993,es un codigo ISBN de una edicion publicada por,ASA
9724112993,está escrito en,Portugués
João Aguiar,es autor de la obra,O homem sem nome
9722328190,es un codigo ISBN para el libro,"OS PODERES DO RAIO (Colecção: Pedro & Companhia, Nº na Colecção: 1)"
9722328190,es un codigo ISBN de una edicion publicada por,Editorial Presenca
9722328190,está escrito en,Portugués
João Aguiar,es autor de la obra,"OS PODERES DO RAIO (Colecção: Pedro & Companhia, Nº na Colecção: 1)"
9722328522,es un codigo ISBN para el libro,"A POÇA DAS FEITICEIRAS (Colecção: Pedro & Companhia, Nº na Colecção: 2)"
9722328522,es un codigo ISBN de una edicion publicada por,Editorial Presenca
9722328522,está escrito en,Portugués
João Aguiar,es autor de la obra,"A POÇA DAS FEITICEIRAS (Colecção: Pedro & Companhia, Nº na Colecção: 2)"
9788425340369,es un codigo ISBN para el libro,El Rio Sagrado/ the Sacret River
9788425340369,es un codigo ISBN de una edicion publicada por,Grijalbo Mondadori Sa
9788425340369,está escrito en,Español
8425340365,es un codigo ISBN para el libro,El Rio Sagrado/ the Sacret River
8425340365,es un codigo ISBN de una edicion publicada por,Grijalbo Mondadori Sa
8425340365,está escrito en,Español
João Aguiar,es autor de la obra,El Rio Sagrado/ the Sacret River
9509009644,es un codigo ISBN para el libro,Ines de Portugal
9509009644,es un codigo ISBN de una edicion publicada por,Edhasa
9509009644,está escrito en,Español
9789509009646,es un codigo ISBN para el libro,Ines de Portugal
9789509009646,es un codigo ISBN de una edicion publicada por,Edhasa
9789509009646,está escrito en,Español
João Aguiar,es autor de la obra,Ines de Portugal
972412925X,es un codigo ISBN para el libro,A parede rachada
972412925X,es un codigo ISBN de una edicion publicada por,Edições ASA
972412925X,está escrito en,Portugués
João Aguiar,es autor de la obra,A parede rachada
9789722519878,es un codigo ISBN para el libro,Os super portugueses
9789722519878,es un codigo ISBN de una edicion publicada por,Bertrand Editora
9789722519878,está escrito en,Portugués
João Aguiar,es autor de la obra,Os super portugueses
Os super portugueses,pertenece al género,Biography
Os super portugueses,pertenece al género,History
9789724141442,es un codigo ISBN para el libro,O Jardim Das Delicias [ Livre importé d´Espagne ]
9789724141442,es un codigo ISBN de una edicion publicada por,ASA EDIÇOES
9789724141442,está escrito en,Portugués
9724141446,es un codigo ISBN para el libro,O Jardim Das Delicias [ Livre importé d´Espagne ]
9724141446,es un codigo ISBN de una edicion publicada por,ASA EDIÇOES
9724141446,está escrito en,Portugués
João Aguiar,es autor de la obra,O Jardim Das Delicias [ Livre importé d´Espagne ]
Teodomiro Leite de Vasconcelos,es de nacionalidad,Portugal
Lauro António,es de nacionalidad,Portugal
0769213359,es un codigo ISBN para el libro,Venezuelan Waltz
0769213359,es un codigo ISBN de una edicion publicada por,Alfred Publishing Company
0769213359,está escrito en,Inglés
9780769213354,es un codigo ISBN para el libro,Venezuelan Waltz
9780769213354,es un codigo ISBN de una edicion publicada por,Alfred Publishing Company
9780769213354,está escrito en,Inglés
Lauro António,es autor de la obra,Venezuelan Waltz
9782843944062,es un codigo ISBN para el libro,Works For Guitar
9782843944062,es un codigo ISBN de una edicion publicada por,Caroni Music
Lauro António,es autor de la obra,Works For Guitar
8402050794,es un codigo ISBN para el libro,Años difíciles
8402050794,es un codigo ISBN de una edicion publicada por,Bruguera
8402050794,está escrito en,Español
Lauro António,es autor de la obra,Años difíciles
Años difíciles,pertenece al género,Spanish drama
9781973478034,es un codigo ISBN para el libro,História de Um Ex-Viciado No Outro Mundo
9781973478034,es un codigo ISBN de una edicion publicada por,Independently Published
9781973478034,está escrito en,Portugués
Lauro António,es autor de la obra,História de Um Ex-Viciado No Outro Mundo
8877042060,es un codigo ISBN para el libro,La filosofia del denaro dopo Ezra Pound
8877042060,es un codigo ISBN de una edicion publicada por,"Fondazione culturale ""Lauro Chiazzese"" della Sicilcassa"
8877042060,está escrito en,Italiano
8877044281,es un codigo ISBN para el libro,La filosofia del denaro dopo Ezra Pound
8877044281,es un codigo ISBN de una edicion publicada por,"Fondazione culturale ""Lauro Chiazzese"" della Sicilcassa"
8877044281,está escrito en,Italiano
Lauro António,es autor de la obra,La filosofia del denaro dopo Ezra Pound
La filosofia del denaro dopo Ezra Pound,pertenece al género,Economic history
La filosofia del denaro dopo Ezra Pound,pertenece al género,Congresses
La filosofia del denaro dopo Ezra Pound,pertenece al género,Money
Gonçalo Cadilhe,es de nacionalidad,Portugal
9789897240164,es un codigo ISBN para el libro,Um lugar dentro de nós
9789897240164,es un codigo ISBN de una edicion publicada por,Clube do Autor
9789897240164,está escrito en,Portugués
Gonçalo Cadilhe,es autor de la obra,Um lugar dentro de nós
9789897240782,es un codigo ISBN para el libro,Passagem para o horizonte
9789897240782,es un codigo ISBN de una edicion publicada por,Clube do Autor
9789897240782,está escrito en,Portugués
Gonçalo Cadilhe,es autor de la obra,Passagem para o horizonte
9789895554867,es un codigo ISBN para el libro,Um Km de cada vez
9789895554867,es un codigo ISBN de una edicion publicada por,Oficina do Livro
9789895554867,está escrito en,Portugués
Gonçalo Cadilhe,es autor de la obra,Um Km de cada vez
Um Km de cada vez,pertenece al género,Voyages and travels
Um Km de cada vez,pertenece al género,Anecdotes
9789897242656,es un codigo ISBN para el libro,O mundo é fácil
9789897242656,es un codigo ISBN de una edicion publicada por,Clube do Autor
Gonçalo Cadilhe,es autor de la obra,O mundo é fácil
989555267X,es un codigo ISBN para el libro,África acima
989555267X,es un codigo ISBN de una edicion publicada por,Oficina do Livro
989555267X,está escrito en,Portugués
9789895552672,es un codigo ISBN para el libro,África acima
9789895552672,es un codigo ISBN de una edicion publicada por,Oficina do Livro
9789895552672,está escrito en,Portugués
Gonçalo Cadilhe,es autor de la obra,África acima
África acima,pertenece al género,Travel
África acima,pertenece al género,Description and travel
9897243720,es un codigo ISBN para el libro,O Esplendor do Mundo
9897243720,es un codigo ISBN de una edicion publicada por,Clube do Autor
9789897243721,es un codigo ISBN para el libro,O Esplendor do Mundo
9789897243721,es un codigo ISBN de una edicion publicada por,Clube do Autor
Gonçalo Cadilhe,es autor de la obra,O Esplendor do Mundo
9789895553471,es un codigo ISBN para el libro,Nos passos de Magalhães
9789895553471,es un codigo ISBN de una edicion publicada por,Oficina do Livro
9789895553471,está escrito en,Portugués
Gonçalo Cadilhe,es autor de la obra,Nos passos de Magalhães
Nos passos de Magalhães,pertenece al género,Travel
Nos passos de Magalhães,pertenece al género,Voyages around the world
9789895554218,es un codigo ISBN para el libro,Tournée
9789895554218,es un codigo ISBN de una edicion publicada por,Oficina do Livro
9789895554218,está escrito en,Portugués
Gonçalo Cadilhe,es autor de la obra,Tournée
Tournée,pertenece al género,Voyages and travels
Tournée,pertenece al género,Travel
Tournée,pertenece al género,Anecdotes
Gonçalo Pereira Pimenta de Castro,es de nacionalidad,Portugal
Henrique Galvão,es de nacionalidad,Portugal
0548452040,es un codigo ISBN para el libro,Santa Maria
0548452040,es un codigo ISBN de una edicion publicada por,"Kessinger Publishing, LLC"
0548452040,está escrito en,Inglés
9780548452042,es un codigo ISBN para el libro,Santa Maria
9780548452042,es un codigo ISBN de una edicion publicada por,"Kessinger Publishing, LLC"
9780548452042,está escrito en,Inglés
Henrique Galvão,es autor de la obra,Santa Maria
9780343307332,es un codigo ISBN para el libro,Santa Maria : my crusade for Portugal
9780343307332,es un codigo ISBN de una edicion publicada por,"Creative Media Partners, LLC"
9780343307332,está escrito en,Inglés
Henrique Galvão,es autor de la obra,Santa Maria : my crusade for Portugal
Santa Maria : my crusade for Portugal,pertenece al género,Henrique Galvao
Santa Maria : my crusade for Portugal,pertenece al género,Politics and government
Santa Maria : my crusade for Portugal,pertenece al género,Santa Maria (Steamship)
Ilse Losa,es de nacionalidad,Portugal
972360535X,es un codigo ISBN para el libro,O mundo em que vivi
972360535X,es un codigo ISBN de una edicion publicada por,Ediçoes Afrontamento
9789723605358,es un codigo ISBN para el libro,O mundo em que vivi
9789723605358,es un codigo ISBN de una edicion publicada por,Ediçoes Afrontamento
Ilse Losa,es autor de la obra,O mundo em que vivi
9789723605181,es un codigo ISBN para el libro,O Príncipe Nabo
9789723605181,es un codigo ISBN de una edicion publicada por,Edições Afrontamento
972360518X,es un codigo ISBN para el libro,O Príncipe Nabo
972360518X,es un codigo ISBN de una edicion publicada por,Edições Afrontamento
Ilse Losa,es autor de la obra,O Príncipe Nabo
9723602997,es un codigo ISBN para el libro,Ida e volta
9723602997,es un codigo ISBN de una edicion publicada por,Edições Afrontamento
9723602997,está escrito en,Portugués
Ilse Losa,es autor de la obra,Ida e volta
Ida e volta,pertenece al género,Description and travel
Ida e volta,pertenece al género,Journeys
Ida e volta,pertenece al género,Portuguese Authors
9724102335,es un codigo ISBN para el libro,o Quadro roubado
9724102335,es un codigo ISBN de una edicion publicada por,ASA
9724102335,está escrito en,Portugués
Ilse Losa,es autor de la obra,o Quadro roubado
9724121186,es un codigo ISBN para el libro,Um fidalgo de pernas curtas
9724121186,es un codigo ISBN de una edicion publicada por,Edições Asa
9724121186,está escrito en,Portugués
9789724121185,es un codigo ISBN para el libro,Um fidalgo de pernas curtas
9789724121185,es un codigo ISBN de una edicion publicada por,Edições Asa
9789724121185,está escrito en,Portugués
Ilse Losa,es autor de la obra,Um fidalgo de pernas curtas
9788494984303,es un codigo ISBN para el libro,El mundo en que viví
9788494984303,es un codigo ISBN de una edicion publicada por,Hércules
9788494984303,es un codigo ISBN de una edicion publicada por,Hércules de Ediciones
Ilse Losa,es autor de la obra,El mundo en que viví
9723604345,es un codigo ISBN para el libro,`A flor do tempo
9723604345,es un codigo ISBN de una edicion publicada por,Ed. Afrontamento
9723604345,está escrito en,Portugués
Ilse Losa,es autor de la obra,`A flor do tempo
9723603012,es un codigo ISBN para el libro,Miguel
9723603012,es un codigo ISBN de una edicion publicada por,Edições afrontamento
9723603012,está escrito en,Portugués
Ilse Losa,es autor de la obra,Miguel
8418966122,es un codigo ISBN para el libro,Río sen ponte
8418966122,es un codigo ISBN de una edicion publicada por,Hércules
9788418966125,es un codigo ISBN para el libro,Río sen ponte
9788418966125,es un codigo ISBN de una edicion publicada por,Hércules
Ilse Losa,es autor de la obra,Río sen ponte
8418966114,es un codigo ISBN para el libro,Río sin puente
8418966114,es un codigo ISBN de una edicion publicada por,Hércules
9788418966118,es un codigo ISBN para el libro,Río sin puente
9788418966118,es un codigo ISBN de una edicion publicada por,Hércules
Ilse Losa,es autor de la obra,Río sin puente
8494984314,es un codigo ISBN para el libro,O mundo en que vivín
8494984314,es un codigo ISBN de una edicion publicada por,Hércules
9788494984310,es un codigo ISBN para el libro,O mundo en que vivín
9788494984310,es un codigo ISBN de una edicion publicada por,Hércules
Ilse Losa,es autor de la obra,O mundo en que vivín
Inocêncio Camacho Rodrigues,es de nacionalidad,Portugal
Alberta Marques Fernandes,es de nacionalidad,Portugal
9789896263058,es un codigo ISBN para el libro,As primeiras-damas
9789896263058,es un codigo ISBN de una edicion publicada por,A Esfera dos Livros
9789896263058,está escrito en,Portugués
Alberta Marques Fernandes,es autor de la obra,As primeiras-damas
As primeiras-damas,pertenece al género,Politics and government
As primeiras-damas,pertenece al género,Presidents' spouses
As primeiras-damas,pertenece al género,HIstory
Jaime do Inso,es de nacionalidad,Portugal
9723502186,es un codigo ISBN para el libro,Cenas da vida de Macau
9723502186,es un codigo ISBN de una edicion publicada por,Instituto Cultural de Macau
9723502186,está escrito en,Portugués
Jaime do Inso,es autor de la obra,Cenas da vida de Macau
Cenas da vida de Macau,pertenece al género,Social life and customs
9723502151,es un codigo ISBN para el libro,O caminho do Oriente
9723502151,es un codigo ISBN de una edicion publicada por,Instituto Cultural de Macau
9723502151,está escrito en,Portugués
Jaime do Inso,es autor de la obra,O caminho do Oriente
O caminho do Oriente,pertenece al género,Description and travel
Joaquim de Carvalho,es de nacionalidad,Portugal
8589876411,es un codigo ISBN para el libro,Basta!
8589876411,es un codigo ISBN de una edicion publicada por,A Girafa
8589876411,está escrito en,Portugués
Joaquim de Carvalho,es autor de la obra,Basta!
Basta!,pertenece al género,Assassination
Basta!,pertenece al género,In mass media
Basta!,pertenece al género,Investigative reporting
9729470154,es un codigo ISBN para el libro,"Da alma portuguesa, da alma galega"
9729470154,es un codigo ISBN de una edicion publicada por,Edições do Tâmega
9729470154,está escrito en,Portugués
Joaquim de Carvalho,es autor de la obra,"Da alma portuguesa, da alma galega"
"Da alma portuguesa, da alma galega",pertenece al género,Galician National characteristics
"Da alma portuguesa, da alma galega",pertenece al género,"National characteristics, Galician"
"Da alma portuguesa, da alma galega",pertenece al género,"National characteristics, Portuguese"
9726803985,es un codigo ISBN para el libro,Elementos constitutivos da consciência saudosa e problemática da saudade
9726803985,es un codigo ISBN de una edicion publicada por,Lisboa Editora
9726803985,está escrito en,Portugués
Joaquim de Carvalho,es autor de la obra,Elementos constitutivos da consciência saudosa e problemática da saudade
Elementos constitutivos da consciência saudosa e problemática da saudade,pertenece al género,Civilization
Elementos constitutivos da consciência saudosa e problemática da saudade,pertenece al género,Nostalgia in literature
Elementos constitutivos da consciência saudosa e problemática da saudade,pertenece al género,Psychological aspects
Tomás da Fonseca,es de nacionalidad,Portugal
José Cutileiro,es de nacionalidad,Portugal
0198231733,es un codigo ISBN para el libro,A Portuguese rural society
0198231733,es un codigo ISBN de una edicion publicada por,Clarendon Press
0198231733,está escrito en,Inglés
José Cutileiro,es autor de la obra,A Portuguese rural society
A Portuguese rural society,pertenece al género,Rural conditions
A Portuguese rural society,pertenece al género,Case studies
A Portuguese rural society,pertenece al género,Villages
9722412965,es un codigo ISBN para el libro,Ricos e pobres no Alentejo
9722412965,es un codigo ISBN de una edicion publicada por,Livros Horizonte
9722412965,está escrito en,Portugués
José Cutileiro,es autor de la obra,Ricos e pobres no Alentejo
Ricos e pobres no Alentejo,pertenece al género,Economic conditions
Ricos e pobres no Alentejo,pertenece al género,Villages
Ricos e pobres no Alentejo,pertenece al género,Case studies
9789722069502,es un codigo ISBN para el libro,Inventa rio
9789722069502,es un codigo ISBN de una edicion publicada por,Dom Quixote
9789722069502,está escrito en,Portugués
José Cutileiro,es autor de la obra,Inventa rio
José Fonseca e Costa,es de nacionalidad,Portugal
9786557069363,es un codigo ISBN para el libro,Dinamismo e Clareza no Planejamento em Ciências da Saúde 5
9786557069363,es un codigo ISBN de una edicion publicada por,Atena Editora
9786557069363,está escrito en,Portugués
José Fonseca e Costa,es autor de la obra,Dinamismo e Clareza no Planejamento em Ciências da Saúde 5
José Riço Direitinho,es de nacionalidad,Portugal
9724110147,es un codigo ISBN para el libro,A casa do fim
9724110147,es un codigo ISBN de una edicion publicada por,Asa
9724110147,está escrito en,Portugués
9724110141,es un codigo ISBN para el libro,A casa do fim
9724110141,es un codigo ISBN de una edicion publicada por,Edições ASA
9724110141,está escrito en,Portugués
José Riço Direitinho,es autor de la obra,A casa do fim
9789897224683,es un codigo ISBN para el libro,O Escuro que te Ilumina
9789897224683,es un codigo ISBN de una edicion publicada por,Quetzal Editores
9897224688,es un codigo ISBN para el libro,O Escuro que te Ilumina
9897224688,es un codigo ISBN de una edicion publicada por,Quetzal Editores
José Riço Direitinho,es autor de la obra,O Escuro que te Ilumina
9788478444403,es un codigo ISBN para el libro,Breviario de Las Malas Inclinaciones
9788478444403,es un codigo ISBN de una edicion publicada por,Siruela
9788478444403,está escrito en,Español
8478444408,es un codigo ISBN para el libro,Breviario de Las Malas Inclinaciones
8478444408,es un codigo ISBN de una edicion publicada por,Siruela
8478444408,está escrito en,Español
José Riço Direitinho,es autor de la obra,Breviario de Las Malas Inclinaciones
9724115372,es un codigo ISBN para el libro,Breviário das más inclinacões
9724115372,es un codigo ISBN de una edicion publicada por,Edições Asa
9724115372,está escrito en,Portugués
José Riço Direitinho,es autor de la obra,Breviário das más inclinacões
9724124975,es un codigo ISBN para el libro,Hi stórias com cidades
9724124975,es un codigo ISBN de una edicion publicada por,ASA
9724124975,está escrito en,Portugués
José Riço Direitinho,es autor de la obra,Hi stórias com cidades
9724118983,es un codigo ISBN para el libro,O relógio do cárcere
9724118983,es un codigo ISBN de una edicion publicada por,ASA
9724118983,está escrito en,Portugués
José Riço Direitinho,es autor de la obra,O relógio do cárcere
João Garcia Miguel,es de nacionalidad,Portugal
9780367692599,es un codigo ISBN para el libro,Sourdough Innovations
9780367692599,es un codigo ISBN de una edicion publicada por,CRC Press LLC
9780367692599,está escrito en,Inglés
9780367674977,es un codigo ISBN para el libro,Sourdough Innovations
9780367674977,es un codigo ISBN de una edicion publicada por,Taylor & Francis Group
9780367674977,está escrito en,Inglés
João Garcia Miguel,es autor de la obra,Sourdough Innovations
Sourdough Innovations,pertenece al género,"Chemistry, technical"
9783642261541,es un codigo ISBN para el libro,Jets from Young Stars IV
9783642261541,es un codigo ISBN de una edicion publicada por,Springer Berlin / Heidelberg
9783642261541,está escrito en,Inglés
9783642022906,es un codigo ISBN para el libro,Jets from Young Stars IV
9783642022906,es un codigo ISBN de una edicion publicada por,Springer
3642022901,es un codigo ISBN para el libro,Jets from Young Stars IV
3642022901,es un codigo ISBN de una edicion publicada por,Springer
João Garcia Miguel,es autor de la obra,Jets from Young Stars IV
9783031233548,es un codigo ISBN para el libro,Traditional European Breads
9783031233548,es un codigo ISBN de una edicion publicada por,Springer International Publishing AG
9783031233548,está escrito en,Inglés
9783031233517,es un codigo ISBN para el libro,Traditional European Breads
9783031233517,es un codigo ISBN de una edicion publicada por,Springer International Publishing AG
9783031233517,está escrito en,Inglés
João Garcia Miguel,es autor de la obra,Traditional European Breads
Francisco Cunha Leal,es de nacionalidad,Portugal
Casimiro de Brito,es de nacionalidad,Portugal
9789898950536,es un codigo ISBN para el libro,Negação da morte
9789898950536,es un codigo ISBN de una edicion publicada por,Edições Glaciar
9789898950536,está escrito en,Portugués
9898950536,es un codigo ISBN para el libro,Negação da morte
9898950536,es un codigo ISBN de una edicion publicada por,Edições Glaciar
9898950536,está escrito en,Portugués
Casimiro de Brito,es autor de la obra,Negação da morte
9895477600,es un codigo ISBN para el libro,Livro de Eros ou as Teias do desejo
9895477600,es un codigo ISBN de una edicion publicada por,Razões Poéticas
9895477600,está escrito en,Portugués
9789895477609,es un codigo ISBN para el libro,Livro de Eros ou as Teias do desejo
9789895477609,es un codigo ISBN de una edicion publicada por,Razões Poéticas
9789895477609,está escrito en,Portugués
Casimiro de Brito,es autor de la obra,Livro de Eros ou as Teias do desejo
9723605805,es un codigo ISBN para el libro,Animal volátil
9723605805,es un codigo ISBN de una edicion publicada por,Ediçoes Afrontamento
9723605805,está escrito en,Portugués
Casimiro de Brito,es autor de la obra,Animal volátil
9728632339,es un codigo ISBN para el libro,Da frágil sabedoria
9728632339,es un codigo ISBN de una edicion publicada por,Quasi
9728632339,está escrito en,Portugués
Casimiro de Brito,es autor de la obra,Da frágil sabedoria
Da frágil sabedoria,pertenece al género,Maxims
9789898063175,es un codigo ISBN para el libro,Arte de bem morrer
9789898063175,es un codigo ISBN de una edicion publicada por,Roma
9789898063175,está escrito en,Portugués
9898063173,es un codigo ISBN para el libro,Arte de bem morrer
9898063173,es un codigo ISBN de una edicion publicada por,Roma
9898063173,está escrito en,Portugués
Casimiro de Brito,es autor de la obra,Arte de bem morrer
9789898261847,es un codigo ISBN para el libro,Na via do mestre
9789898261847,es un codigo ISBN de una edicion publicada por,Temas Originais
9789898261847,está escrito en,Portugués
Casimiro de Brito,es autor de la obra,Na via do mestre
9726420024,es un codigo ISBN para el libro,"Subitamente o silêncio, precidido de, Nem senhor nem servo"
9726420024,es un codigo ISBN de una edicion publicada por,Tertúlia
9726420024,está escrito en,Portugués
Casimiro de Brito,es autor de la obra,"Subitamente o silêncio, precidido de, Nem senhor nem servo"
9728393385,es un codigo ISBN para el libro,Arte pobre
9728393385,es un codigo ISBN de una edicion publicada por,Editorial Diferença
9728393385,está escrito en,Portugués
Casimiro de Brito,es autor de la obra,Arte pobre
9789895522415,es un codigo ISBN para el libro,Fragmentos de Babel
9789895522415,es un codigo ISBN de una edicion publicada por,Quasi Ediçoes
9789895522415,está escrito en,Portugués
Casimiro de Brito,es autor de la obra,Fragmentos de Babel
9726104181,es un codigo ISBN para el libro,Na barca do coracao
9726104181,es un codigo ISBN de una edicion publicada por,Campo das Letras
9726104181,está escrito en,Portugués
Casimiro de Brito,es autor de la obra,Na barca do coracao
9728490682,es un codigo ISBN para el libro,Livro das Quedas
9728490682,es un codigo ISBN de una edicion publicada por,Roma Editora
9728490682,está escrito en,Portugués
Casimiro de Brito,es autor de la obra,Livro das Quedas
Ricardo Pinto,es de nacionalidad,Portugal
9786555231564,es un codigo ISBN para el libro,"História, conceitos e futebol"
9786555231564,es un codigo ISBN de una edicion publicada por,Appris Editora
9786555231564,está escrito en,Portugués
6555231564,es un codigo ISBN para el libro,"História, conceitos e futebol"
6555231564,es un codigo ISBN de una edicion publicada por,Appris Editora
6555231564,está escrito en,Portugués
Ricardo Pinto,es autor de la obra,"História, conceitos e futebol"
"História, conceitos e futebol",pertenece al género,Soccer
"História, conceitos e futebol",pertenece al género,Social aspects
"História, conceitos e futebol",pertenece al género,Racism in sports
9781916074118,es un codigo ISBN para el libro,The Masters
9781916074118,es un codigo ISBN de una edicion publicada por,Ivory Tower Press
1916074111,es un codigo ISBN para el libro,The Masters
1916074111,es un codigo ISBN de una edicion publicada por,Ivory Tower Press
Ricardo Pinto,es autor de la obra,The Masters
9781910935873,es un codigo ISBN para el libro,Matryoshka
9781910935873,es un codigo ISBN de una edicion publicada por,Sword Publishing
9781910935873,está escrito en,Inglés
Ricardo Pinto,es autor de la obra,Matryoshka
9781407095479,es un codigo ISBN para el libro,The Third God
9781407095479,es un codigo ISBN de una edicion publicada por,Penguin Random House
9781407095479,está escrito en,Inglés
9780553815054,es un codigo ISBN para el libro,The Third God
9780553815054,es un codigo ISBN de una edicion publicada por,Transworld Publishers
0553815059,es un codigo ISBN para el libro,The Third God
0553815059,es un codigo ISBN de una edicion publicada por,Transworld Publishers
Ricardo Pinto,es autor de la obra,The Third God
The Third God,pertenece al género,Carnelian (Fictitious character)
The Third God,pertenece al género,Fiction
9780312875657,es un codigo ISBN para el libro,The Standing Dead
9780312875657,es un codigo ISBN de una edicion publicada por,"Doherty Associates, LLC, Tom"
9780312875657,está escrito en,Inglés
9781407096001,es un codigo ISBN para el libro,The Standing Dead
9781407096001,es un codigo ISBN de una edicion publicada por,Penguin Random House
9781407096001,está escrito en,Inglés
0593046706,es un codigo ISBN para el libro,The Standing Dead
0593046706,es un codigo ISBN de una edicion publicada por,Bantam Press
9780593046708,es un codigo ISBN para el libro,The Standing Dead
9780593046708,es un codigo ISBN de una edicion publicada por,Bantam Press
Ricardo Pinto,es autor de la obra,The Standing Dead
0312872097,es un codigo ISBN para el libro,The standing dead
0312872097,es un codigo ISBN de una edicion publicada por,Tor
0312872097,está escrito en,Inglés
Ricardo Pinto,es autor de la obra,The standing dead
The standing dead,pertenece al género,Gay men
The standing dead,pertenece al género,Fiction
The standing dead,pertenece al género,"Fiction, fantasy, epic"
9781910935880,es un codigo ISBN para el libro,Matryoshka (Newcon Press Novellas Set 4)
9781910935880,es un codigo ISBN de una edicion publicada por,Newcon Press
1910935883,es un codigo ISBN para el libro,Matryoshka (Newcon Press Novellas Set 4)
1910935883,es un codigo ISBN de una edicion publicada por,Newcon Press
Ricardo Pinto,es autor de la obra,Matryoshka (Newcon Press Novellas Set 4)
9780812579314,es un codigo ISBN para el libro,The chosen
9780812579314,es un codigo ISBN de una edicion publicada por,"Doherty Associates, LLC, Tom"
9780812579314,está escrito en,Inglés
9780312875664,es un codigo ISBN para el libro,The chosen
9780312875664,es un codigo ISBN de una edicion publicada por,"Doherty Associates, LLC, Tom"
9780312875664,está escrito en,Inglés
0312877056,es un codigo ISBN para el libro,The chosen
0312877056,es un codigo ISBN de una edicion publicada por,Tor
9780312877057,es un codigo ISBN para el libro,The chosen
9780312877057,es un codigo ISBN de una edicion publicada por,Tor
9781409009900,es un codigo ISBN para el libro,The chosen
9781409009900,es un codigo ISBN de una edicion publicada por,Penguin Random House
9781409009900,está escrito en,Inglés
081258435X,es un codigo ISBN para el libro,The chosen
081258435X,es un codigo ISBN de una edicion publicada por,Tor Fantasy
081258435X,está escrito en,Inglés
9780812584356,es un codigo ISBN para el libro,The chosen
9780812584356,es un codigo ISBN de una edicion publicada por,Tor Fantasy
9780812584356,está escrito en,Inglés
Ricardo Pinto,es autor de la obra,The chosen
The chosen,pertenece al género,Fiction
The chosen,pertenece al género,Exiles
The chosen,pertenece al género,"Fiction, general"
9780593050514,es un codigo ISBN para el libro,The Third God Book Three Of The Stone Dance Of The Chameleon Trilogy
9780593050514,es un codigo ISBN de una edicion publicada por,Transworld Publishers
Ricardo Pinto,es autor de la obra,The Third God Book Three Of The Stone Dance Of The Chameleon Trilogy
The Third God Book Three Of The Stone Dance Of The Chameleon Trilogy,pertenece al género,Insurgency
The Third God Book Three Of The Stone Dance Of The Chameleon Trilogy,pertenece al género,Massacres
The Third God Book Three Of The Stone Dance Of The Chameleon Trilogy,pertenece al género,Fiction
0312872089,es un codigo ISBN para el libro,The Chosen
0312872089,es un codigo ISBN de una edicion publicada por,Tor
0312872089,está escrito en,Inglés
0553505815,es un codigo ISBN para el libro,The Chosen
0553505815,es un codigo ISBN de una edicion publicada por,Tor Books
0553505815,está escrito en,Inglés
9780553505818,es un codigo ISBN para el libro,The Chosen
9780553505818,es un codigo ISBN de una edicion publicada por,Tor Books
9780553505818,está escrito en,Inglés
9780593041710,es un codigo ISBN para el libro,The Chosen
9780593041710,es un codigo ISBN de una edicion publicada por,Bantam Press
0593041712,es un codigo ISBN para el libro,The Chosen
0593041712,es un codigo ISBN de una edicion publicada por,Bantam Press
Ricardo Pinto,es autor de la obra,The Chosen
The Chosen,pertenece al género,Gay men
The Chosen,pertenece al género,Fiction
The Chosen,pertenece al género,"Fiction, fantasy, epic"
9780553812855,es un codigo ISBN para el libro,The standing dead
9780553812855,es un codigo ISBN de una edicion publicada por,Bantam
9780553812855,está escrito en,Inglés
0553812858,es un codigo ISBN para el libro,The standing dead
0553812858,es un codigo ISBN de una edicion publicada por,Bantam
0553812858,está escrito en,Inglés
Félix Bermudes,es de nacionalidad,Portugal
João Gaspar Simões,es de nacionalidad,Portugal
9722712861,es un codigo ISBN para el libro,Elói
9722712861,es un codigo ISBN de una edicion publicada por,Imprensa Nacional-Casa da Moeda
9722712861,está escrito en,Portugués
João Gaspar Simões,es autor de la obra,Elói
9722709801,es un codigo ISBN para el libro,Crítica II
9722709801,es un codigo ISBN de una edicion publicada por,Impresa Nacional-Casa da Moeda
9722709801,está escrito en,Portugués
João Gaspar Simões,es autor de la obra,Crítica II
Crítica II,pertenece al género,Portuguese poetry
Crítica II,pertenece al género,History and criticism
Crítica II,pertenece al género,Portuguese Poets
9722710702,es un codigo ISBN para el libro,Crítica III
9722710702,es un codigo ISBN de una edicion publicada por,Impresa Naciconal-Casa da Moeda
9722710702,está escrito en,Portugués
João Gaspar Simões,es autor de la obra,Crítica III
Crítica III,pertenece al género,Portuguese literature
Crítica III,pertenece al género,History and criticism
9789729960314,es un codigo ISBN para el libro,Antero de Quental
9789729960314,es un codigo ISBN de una edicion publicada por,Edição do Autor
9789729960314,está escrito en,Portugués
João Gaspar Simões,es autor de la obra,Antero de Quental
9722712926,es un codigo ISBN para el libro,Crítica VI
9722712926,es un codigo ISBN de una edicion publicada por,Imprensa Nacional-Casa da Moeda
9722712926,está escrito en,Portugués
João Gaspar Simões,es autor de la obra,Crítica VI
Duarte Leite Pereira da Silva,es de nacionalidad,Portugal
Francisco Marques de Sousa Viterbo,es de nacionalidad,Portugal
9789728917401,es un codigo ISBN para el libro,Subsidios para a história da música em Portugal
9789728917401,es un codigo ISBN de una edicion publicada por,Arquimedes
9789728917401,está escrito en,Portugués
Francisco Marques de Sousa Viterbo,es autor de la obra,Subsidios para a história da música em Portugal
Subsidios para a história da música em Portugal,pertenece al género,Musicians
Subsidios para a história da música em Portugal,pertenece al género,Biography
Subsidios para a história da música em Portugal,pertenece al género,Music
João Dias,es de nacionalidad,Portugal
Q1337232,es de nacionalidad,Portugal
9789728955960,es un codigo ISBN para el libro,O fiasco do milénio e outras tragédias menores
9789728955960,es un codigo ISBN de una edicion publicada por,Tinta-da-China
9789728955960,está escrito en,Portugués
Q1337232,es autor de la obra,O fiasco do milénio e outras tragédias menores
9896712611,es un codigo ISBN para el libro,Esquerda e Direita
9896712611,es un codigo ISBN de una edicion publicada por,Tinta Da China
9789896712617,es un codigo ISBN para el libro,Esquerda e Direita
9789896712617,es un codigo ISBN de una edicion publicada por,Tinta Da China
Q1337232,es autor de la obra,Esquerda e Direita
9788565500227,es un codigo ISBN para el libro,Esquerda e Direita. Guia Histórico Para o Século XXI
9788565500227,es un codigo ISBN de una edicion publicada por,TINTA DA CHINA
8565500225,es un codigo ISBN para el libro,Esquerda e Direita. Guia Histórico Para o Século XXI
8565500225,es un codigo ISBN de una edicion publicada por,TINTA DA CHINA
Q1337232,es autor de la obra,Esquerda e Direita. Guia Histórico Para o Século XXI
9789892620039,es un codigo ISBN para el libro,Folias Mitocondriais
9789892620039,es un codigo ISBN de una edicion publicada por,Imprensa da Universidade de Coimbra / Coimbra University Press
9892620038,es un codigo ISBN para el libro,Folias Mitocondriais
9892620038,es un codigo ISBN de una edicion publicada por,Imprensa da Universidade de Coimbra / Coimbra University Press
Q1337232,es autor de la obra,Folias Mitocondriais
9789728955304,es un codigo ISBN para el libro,O arquitecto
9789728955304,es un codigo ISBN de una edicion publicada por,Tinta-da-china
9789728955304,está escrito en,Portugués
9728955308,es un codigo ISBN para el libro,O arquitecto
9728955308,es un codigo ISBN de una edicion publicada por,Tinta-da-china
9728955308,está escrito en,Portugués
Q1337232,es autor de la obra,O arquitecto
O arquitecto,pertenece al género,Drama
O arquitecto,pertenece al género,Skyscrapers
O arquitecto,pertenece al género,Modern Architecture
9789896714390,es un codigo ISBN para el libro,O censor iluminado
9789896714390,es un codigo ISBN de una edicion publicada por,Tinta da China
9789896714390,está escrito en,Portugués
9896714398,es un codigo ISBN para el libro,O censor iluminado
9896714398,es un codigo ISBN de una edicion publicada por,Tinta da China
9896714398,está escrito en,Portugués
Q1337232,es autor de la obra,O censor iluminado
O censor iluminado,pertenece al género,Censorship
O censor iluminado,pertenece al género,History
O censor iluminado,pertenece al género,Portuguese literature
9789896711207,es un codigo ISBN para el libro,A ironia do projeto europeu
9789896711207,es un codigo ISBN de una edicion publicada por,Tinta da China
9789896711207,está escrito en,Portugués
9896711208,es un codigo ISBN para el libro,A ironia do projeto europeu
9896711208,es un codigo ISBN de una edicion publicada por,Tinta da China
9896711208,está escrito en,Portugués
Q1337232,es autor de la obra,A ironia do projeto europeu
A ironia do projeto europeu,pertenece al género,Economic policy
A ironia do projeto europeu,pertenece al género,"Global Financial Crisis, 2008-2009"
A ironia do projeto europeu,pertenece al género,Financial crises
9728955014,es un codigo ISBN para el libro,O pequeno livro do grande terramoto
9728955014,es un codigo ISBN de una edicion publicada por,Edições Tinta-da-china
9728955014,está escrito en,Portugués
Q1337232,es autor de la obra,O pequeno livro do grande terramoto
O pequeno livro do grande terramoto,pertenece al género,"Lisbon Earthquake, Portugal, 1755"
O pequeno livro do grande terramoto,pertenece al género,History
Ana Daniel,es de nacionalidad,Portugal
9788434427815,es un codigo ISBN para el libro,El arte del engaño
9788434427815,es un codigo ISBN de una edicion publicada por,Ariel
9788434427815,es un codigo ISBN de una edicion publicada por,Editorial Ariel
Ana Daniel,es autor de la obra,El arte del engaño
9781417566075,es un codigo ISBN para el libro,Encyclopedia of Contemporary Latin American and Caribbean Cultures
9781417566075,es un codigo ISBN de una edicion publicada por,Routledge
9781417566075,está escrito en,Inglés
9781280094569,es un codigo ISBN para el libro,Encyclopedia of Contemporary Latin American and Caribbean Cultures
9781280094569,es un codigo ISBN de una edicion publicada por,Routledge
9781280094569,está escrito en,Inglés
9780203435328,es un codigo ISBN para el libro,Encyclopedia of Contemporary Latin American and Caribbean Cultures
9780203435328,es un codigo ISBN de una edicion publicada por,Taylor & Francis Group
9780203435328,está escrito en,Inglés
9781134788477,es un codigo ISBN para el libro,Encyclopedia of Contemporary Latin American and Caribbean Cultures
9781134788477,es un codigo ISBN de una edicion publicada por,Taylor & Francis Group
9781134788477,está escrito en,Inglés
9781134788521,es un codigo ISBN para el libro,Encyclopedia of Contemporary Latin American and Caribbean Cultures
9781134788521,es un codigo ISBN de una edicion publicada por,Taylor & Francis Group
9781134788521,está escrito en,Inglés
9781134788514,es un codigo ISBN para el libro,Encyclopedia of Contemporary Latin American and Caribbean Cultures
9781134788514,es un codigo ISBN de una edicion publicada por,Taylor & Francis Group
9781134788514,está escrito en,Inglés
9781134788491,es un codigo ISBN para el libro,Encyclopedia of Contemporary Latin American and Caribbean Cultures
9781134788491,es un codigo ISBN de una edicion publicada por,Taylor & Francis Group
9781134788491,está escrito en,Inglés
Ana Daniel,es autor de la obra,Encyclopedia of Contemporary Latin American and Caribbean Cultures
9780810141544,es un codigo ISBN para el libro,Furious Flower
9780810141544,es un codigo ISBN de una edicion publicada por,Triquarterly
9780810141544,está escrito en,Inglés
081014154X,es un codigo ISBN para el libro,Furious Flower
081014154X,es un codigo ISBN de una edicion publicada por,Triquarterly
081014154X,está escrito en,Inglés
Ana Daniel,es autor de la obra,Furious Flower
Furious Flower,pertenece al género,American poetry
Furious Flower,pertenece al género,African American authors
Furious Flower,pertenece al género,African Americans
9781668476710,es un codigo ISBN para el libro,Female Entrepreneurship As a Driving Force of Economic Growth and Social Change
9781668476710,es un codigo ISBN de una edicion publicada por,IGI Global
9781668476710,está escrito en,Inglés
9781668476734,es un codigo ISBN para el libro,Female Entrepreneurship As a Driving Force of Economic Growth and Social Change
9781668476734,es un codigo ISBN de una edicion publicada por,IGI Global
9781668476734,está escrito en,Inglés
9781668476727,es un codigo ISBN para el libro,Female Entrepreneurship As a Driving Force of Economic Growth and Social Change
9781668476727,es un codigo ISBN de una edicion publicada por,IGI Global
9781668476727,está escrito en,Inglés
9781668476697,es un codigo ISBN para el libro,Female Entrepreneurship As a Driving Force of Economic Growth and Social Change
9781668476697,es un codigo ISBN de una edicion publicada por,IGI Global
9781668476697,está escrito en,Inglés
9781668476703,es un codigo ISBN para el libro,Female Entrepreneurship As a Driving Force of Economic Growth and Social Change
9781668476703,es un codigo ISBN de una edicion publicada por,IGI Global
9781668476703,está escrito en,Inglés
Ana Daniel,es autor de la obra,Female Entrepreneurship As a Driving Force of Economic Growth and Social Change
9780367524869,es un codigo ISBN para el libro,Oceans and Society
9780367524869,es un codigo ISBN de una edicion publicada por,Routledge
9780367524869,está escrito en,Inglés
9780367524883,es un codigo ISBN para el libro,Oceans and Society
9780367524883,es un codigo ISBN de una edicion publicada por,Routledge
9780367524883,está escrito en,Inglés
9781000832822,es un codigo ISBN para el libro,Oceans and Society
9781000832822,es un codigo ISBN de una edicion publicada por,Taylor & Francis Group
9781000832822,está escrito en,Inglés
9781000832792,es un codigo ISBN para el libro,Oceans and Society
9781000832792,es un codigo ISBN de una edicion publicada por,Taylor & Francis Group
9781000832792,está escrito en,Inglés
9781003058151,es un codigo ISBN para el libro,Oceans and Society
9781003058151,es un codigo ISBN de una edicion publicada por,Taylor & Francis Group
9781003058151,está escrito en,Inglés
Ana Daniel,es autor de la obra,Oceans and Society
9781799809869,es un codigo ISBN para el libro,Examining the Role of Entrepreneurial Universities in Regional Development
9781799809869,es un codigo ISBN de una edicion publicada por,IGI Global
9781799809869,está escrito en,Inglés
9781799801771,es un codigo ISBN para el libro,Examining the Role of Entrepreneurial Universities in Regional Development
9781799801771,es un codigo ISBN de una edicion publicada por,IGI Global
9781799801771,está escrito en,Inglés
9781799801764,es un codigo ISBN para el libro,Examining the Role of Entrepreneurial Universities in Regional Development
9781799801764,es un codigo ISBN de una edicion publicada por,IGI Global
9781799801764,está escrito en,Inglés
9781799801757,es un codigo ISBN para el libro,Examining the Role of Entrepreneurial Universities in Regional Development
9781799801757,es un codigo ISBN de una edicion publicada por,IGI Global
9781799801757,está escrito en,Inglés
9781799801740,es un codigo ISBN para el libro,Examining the Role of Entrepreneurial Universities in Regional Development
9781799801740,es un codigo ISBN de una edicion publicada por,IGI Global
9781799801740,está escrito en,Inglés
Ana Daniel,es autor de la obra,Examining the Role of Entrepreneurial Universities in Regional Development
Examining the Role of Entrepreneurial Universities in Regional Development,pertenece al género,Entrepreneurship
Examining the Role of Entrepreneurial Universities in Regional Development,pertenece al género,Community development
9781788019811,es un codigo ISBN para el libro,Surface Chemistry of Colloidal Nanocrystals
9781788019811,es un codigo ISBN de una edicion publicada por,"Royal Society of Chemistry, The"
9781788019811,está escrito en,Inglés
9781788016568,es un codigo ISBN para el libro,Surface Chemistry of Colloidal Nanocrystals
9781788016568,es un codigo ISBN de una edicion publicada por,"Royal Society of Chemistry, The"
9781788016568,está escrito en,Inglés
9781788014014,es un codigo ISBN para el libro,Surface Chemistry of Colloidal Nanocrystals
9781788014014,es un codigo ISBN de una edicion publicada por,"Royal Society of Chemistry, The"
9781788014014,está escrito en,Inglés
Ana Daniel,es autor de la obra,Surface Chemistry of Colloidal Nanocrystals
0394502647,es un codigo ISBN para el libro,"Bali, behind the mask"
0394502647,es un codigo ISBN de una edicion publicada por,Knopf
0394502647,es un codigo ISBN de una edicion publicada por,distributed by Random House
0394502647,está escrito en,Inglés
0394738446,es un codigo ISBN para el libro,"Bali, behind the mask"
0394738446,es un codigo ISBN de una edicion publicada por,Knopf
0394738446,es un codigo ISBN de una edicion publicada por,distributed by Random House
0394738446,está escrito en,Inglés
Ana Daniel,es autor de la obra,"Bali, behind the mask"
"Bali, behind the mask",pertenece al género,Dance
"Bali, behind the mask",pertenece al género,Social life and customs
9780133664133,es un codigo ISBN para el libro,Pearson Literature--California--Reading and Language
9780133664133,es un codigo ISBN de una edicion publicada por,Pearson
9780133664133,está escrito en,Inglés
0133664139,es un codigo ISBN para el libro,Pearson Literature--California--Reading and Language
0133664139,es un codigo ISBN de una edicion publicada por,Pearson
0133664139,está escrito en,Inglés
9780133664171,es un codigo ISBN para el libro,Pearson Literature--California--Reading and Language
9780133664171,es un codigo ISBN de una edicion publicada por,Pearson Educational
0133664171,es un codigo ISBN para el libro,Pearson Literature--California--Reading and Language
0133664171,es un codigo ISBN de una edicion publicada por,Pearson Educational
Ana Daniel,es autor de la obra,Pearson Literature--California--Reading and Language
Pearson Literature--California--Reading and Language,pertenece al género,literature
Pearson Literature--California--Reading and Language,pertenece al género,study and teaching
Pearson Literature--California--Reading and Language,pertenece al género,readers
9788414015827,es un codigo ISBN para el libro,Proyecto Croqueta - 5 años
9788414015827,es un codigo ISBN de una edicion publicada por,Editorial Luis Vives (Edelvives)
8414015824,es un codigo ISBN para el libro,Proyecto Croqueta - 5 años
8414015824,es un codigo ISBN de una edicion publicada por,Editorial Luis Vives (Edelvives)
9788414018170,es un codigo ISBN para el libro,Proyecto Croqueta - 5 años
9788414018170,es un codigo ISBN de una edicion publicada por,Editorial Luis Vives (Edelvives)
8414018173,es un codigo ISBN para el libro,Proyecto Croqueta - 5 años
8414018173,es un codigo ISBN de una edicion publicada por,Editorial Luis Vives (Edelvives)
8414018181,es un codigo ISBN para el libro,Proyecto Croqueta - 5 años
8414018181,es un codigo ISBN de una edicion publicada por,Editorial Luis Vives (Edelvives)
9788414018187,es un codigo ISBN para el libro,Proyecto Croqueta - 5 años
9788414018187,es un codigo ISBN de una edicion publicada por,Editorial Luis Vives (Edelvives)
Ana Daniel,es autor de la obra,Proyecto Croqueta - 5 años
9783110753523,es un codigo ISBN para el libro,Humanities and Big Data in Ibero-America
9783110753523,es un codigo ISBN de una edicion publicada por,"de Gruyter GmbH, Walter"
9783110753523,está escrito en,Inglés
9783110753615,es un codigo ISBN para el libro,Humanities and Big Data in Ibero-America
9783110753615,es un codigo ISBN de una edicion publicada por,"de Gruyter GmbH, Walter"
9783110753615,está escrito en,Inglés
9783110753516,es un codigo ISBN para el libro,Humanities and Big Data in Ibero-America
9783110753516,es un codigo ISBN de una edicion publicada por,"de Gruyter GmbH, Walter"
9783110753516,está escrito en,Inglés
Ana Daniel,es autor de la obra,Humanities and Big Data in Ibero-America
9781522576778,es un codigo ISBN para el libro,Global Considerations in Entrepreneurship Education and Training
9781522576778,es un codigo ISBN de una edicion publicada por,IGI Global
9781522576778,está escrito en,Inglés
9781522576761,es un codigo ISBN para el libro,Global Considerations in Entrepreneurship Education and Training
9781522576761,es un codigo ISBN de una edicion publicada por,IGI Global
9781522576761,está escrito en,Inglés
9781522585923,es un codigo ISBN para el libro,Global Considerations in Entrepreneurship Education and Training
9781522585923,es un codigo ISBN de una edicion publicada por,IGI Global
9781522585923,está escrito en,Inglés
Ana Daniel,es autor de la obra,Global Considerations in Entrepreneurship Education and Training
8414015816,es un codigo ISBN para el libro,Proyecto Croqueta - 4 años
8414015816,es un codigo ISBN de una edicion publicada por,Editorial Luis Vives (Edelvives)
9788414015810,es un codigo ISBN para el libro,Proyecto Croqueta - 4 años
9788414015810,es un codigo ISBN de una edicion publicada por,Editorial Luis Vives (Edelvives)
8414018130,es un codigo ISBN para el libro,Proyecto Croqueta - 4 años
8414018130,es un codigo ISBN de una edicion publicada por,Editorial Luis Vives (Edelvives)
9788414018132,es un codigo ISBN para el libro,Proyecto Croqueta - 4 años
9788414018132,es un codigo ISBN de una edicion publicada por,Editorial Luis Vives (Edelvives)
9788414018149,es un codigo ISBN para el libro,Proyecto Croqueta - 4 años
9788414018149,es un codigo ISBN de una edicion publicada por,Editorial Luis Vives (Edelvives)
8414018149,es un codigo ISBN para el libro,Proyecto Croqueta - 4 años
8414018149,es un codigo ISBN de una edicion publicada por,Editorial Luis Vives (Edelvives)
Ana Daniel,es autor de la obra,Proyecto Croqueta - 4 años
9781803272184,es un codigo ISBN para el libro,Arqueología de la Segunda Guerra Mundial en Sudamérica
9781803272184,es un codigo ISBN de una edicion publicada por,Archaeopress
9781803272184,está escrito en,Español
9781803272177,es un codigo ISBN para el libro,Arqueología de la Segunda Guerra Mundial en Sudamérica
9781803272177,es un codigo ISBN de una edicion publicada por,Archaeopress
9781803272177,está escrito en,Español
Ana Daniel,es autor de la obra,Arqueología de la Segunda Guerra Mundial en Sudamérica
9788414015803,es un codigo ISBN para el libro,Proyecto Croqueta - 3 años
9788414015803,es un codigo ISBN de una edicion publicada por,Editorial Luis Vives (Edelvives)
8414015808,es un codigo ISBN para el libro,Proyecto Croqueta - 3 años
8414015808,es un codigo ISBN de una edicion publicada por,Editorial Luis Vives (Edelvives)
8414018092,es un codigo ISBN para el libro,Proyecto Croqueta - 3 años
8414018092,es un codigo ISBN de una edicion publicada por,Editorial Luis Vives (Edelvives)
9788414018095,es un codigo ISBN para el libro,Proyecto Croqueta - 3 años
9788414018095,es un codigo ISBN de una edicion publicada por,Editorial Luis Vives (Edelvives)
8414018106,es un codigo ISBN para el libro,Proyecto Croqueta - 3 años
8414018106,es un codigo ISBN de una edicion publicada por,Editorial Luis Vives (Edelvives)
9788414018101,es un codigo ISBN para el libro,Proyecto Croqueta - 3 años
9788414018101,es un codigo ISBN de una edicion publicada por,Editorial Luis Vives (Edelvives)
Ana Daniel,es autor de la obra,Proyecto Croqueta - 3 años
9788417765255,es un codigo ISBN para el libro,Psicología de la Maldad
9788417765255,es un codigo ISBN de una edicion publicada por,"Editorial Sanz y Torres, S.L."
8417765255,es un codigo ISBN para el libro,Psicología de la Maldad
8417765255,es un codigo ISBN de una edicion publicada por,"Editorial Sanz y Torres, S.L."
9788418316678,es un codigo ISBN para el libro,Psicología de la Maldad
9788418316678,es un codigo ISBN de una edicion publicada por,"Editorial Sanz y Torres, S.L."
8418316675,es un codigo ISBN para el libro,Psicología de la Maldad
8418316675,es un codigo ISBN de una edicion publicada por,"Editorial Sanz y Torres, S.L."
Ana Daniel,es autor de la obra,Psicología de la Maldad
9789898361271,es un codigo ISBN para el libro,Bocage e o Sortilégio do Amor
9789898361271,es un codigo ISBN de una edicion publicada por,Centro de Estudos Bocageanos
9789898361271,está escrito en,Portugués
Ana Daniel,es autor de la obra,Bocage e o Sortilégio do Amor
9781787690103,es un codigo ISBN para el libro,Urban Mobility and Social Equity in Latin America
9781787690103,es un codigo ISBN de una edicion publicada por,Emerald Publishing Limited
9781787690103,está escrito en,Inglés
9781787690110,es un codigo ISBN para el libro,Urban Mobility and Social Equity in Latin America
9781787690110,es un codigo ISBN de una edicion publicada por,Emerald Publishing Limited
9781787690110,está escrito en,Inglés
9781787690097,es un codigo ISBN para el libro,Urban Mobility and Social Equity in Latin America
9781787690097,es un codigo ISBN de una edicion publicada por,Emerald Publishing Limited
9781787690097,está escrito en,Inglés
Ana Daniel,es autor de la obra,Urban Mobility and Social Equity in Latin America
Urban Mobility and Social Equity in Latin America,pertenece al género,Urban transportation
Urban Mobility and Social Equity in Latin America,pertenece al género,Transportation and state
Urban Mobility and Social Equity in Latin America,pertenece al género,Equality
9781526138101,es un codigo ISBN para el libro,"Munich Crisis, Politics and the People"
9781526138101,es un codigo ISBN de una edicion publicada por,Manchester University Press
9781526138101,está escrito en,Inglés
9781526138095,es un codigo ISBN para el libro,"Munich Crisis, Politics and the People"
9781526138095,es un codigo ISBN de una edicion publicada por,Manchester University Press
9781526138095,está escrito en,Inglés
9781526138088,es un codigo ISBN para el libro,"Munich Crisis, Politics and the People"
9781526138088,es un codigo ISBN de una edicion publicada por,Manchester University Press
9781526138088,está escrito en,Inglés
Ana Daniel,es autor de la obra,"Munich Crisis, Politics and the People"
"Munich Crisis, Politics and the People",pertenece al género,Social history
"Munich Crisis, Politics and the People",pertenece al género,"History, modern, 20th century"
"Munich Crisis, Politics and the People",pertenece al género,Diplomacy
997459720X,es un codigo ISBN para el libro,Senderos
997459720X,es un codigo ISBN de una edicion publicada por,"Arquidiócesis de Montevideo, Vicaría Pastoral"
997459720X,es un codigo ISBN de una edicion publicada por,Observatorio del Sur
997459720X,está escrito en,Español
Ana Daniel,es autor de la obra,Senderos
Senderos,pertenece al género,Basic Christian communities
Senderos,pertenece al género,Christian life
9974763606,es un codigo ISBN para el libro,Villa Serrana
9974763606,es un codigo ISBN de una edicion publicada por,Fundación Lolita Rubial
9974763606,es un codigo ISBN de una edicion publicada por,Municipio de Lavalleja
9974763606,está escrito en,Español
Ana Daniel,es autor de la obra,Villa Serrana
Villa Serrana,pertenece al género,History
Villa Serrana,pertenece al género,Poetry
8427132034,es un codigo ISBN para el libro,100 trucos para mejorar las relaciones con los niños
8427132034,es un codigo ISBN de una edicion publicada por,Mensajero
9788427132030,es un codigo ISBN para el libro,100 trucos para mejorar las relaciones con los niños
9788427132030,es un codigo ISBN de una edicion publicada por,Mensajero
Ana Daniel,es autor de la obra,100 trucos para mejorar las relaciones con los niños
9789872333188,es un codigo ISBN para el libro,La Semana Trágica y los talleres Vasena
9789872333188,es un codigo ISBN de una edicion publicada por,Asociación del Personal de los Organismos de Control
9789872333188,está escrito en,Español
Ana Daniel,es autor de la obra,La Semana Trágica y los talleres Vasena
La Semana Trágica y los talleres Vasena,pertenece al género,Talleres de Pedro Vasena e Hijos
La Semana Trágica y los talleres Vasena,pertenece al género,Excavations (Archaeology)
La Semana Trágica y los talleres Vasena,pertenece al género,Antiquities
9788494806377,es un codigo ISBN para el libro,Daniel Jiménez de Cisneros y Hervás
9788494806377,es un codigo ISBN de una edicion publicada por,Excmo. Ayuntamiento de Crevillente. Concejalía de Cultura
Ana Daniel,es autor de la obra,Daniel Jiménez de Cisneros y Hervás
Daniel Jiménez de Cisneros y Hervás,pertenece al género,PALEONTOLOGIA
Daniel Jiménez de Cisneros y Hervás,pertenece al género,Geologia
Daniel Jiménez de Cisneros y Hervás,pertenece al género,Península Ibérica
9788494806346,es un codigo ISBN para el libro,Daniel Jiménez de Cisneros y Hervás
9788494806346,es un codigo ISBN de una edicion publicada por,Ibérica
Daniel Jiménez de Cisneros y Hervás,pertenece al género,GEOLOGIA
8495353032,es un codigo ISBN para el libro,Physical Education
8495353032,es un codigo ISBN de una edicion publicada por,Pila Teleña
9788495353030,es un codigo ISBN para el libro,Physical Education
9788495353030,es un codigo ISBN de una edicion publicada por,Pila Teleña
Ana Daniel,es autor de la obra,Physical Education
8494264893,es un codigo ISBN para el libro,El dragón que se comió el sol
8494264893,es un codigo ISBN de una edicion publicada por,Libros de las Malas Compañías
9788494264894,es un codigo ISBN para el libro,El dragón que se comió el sol
9788494264894,es un codigo ISBN de una edicion publicada por,Libros de las Malas Compañías
Ana Daniel,es autor de la obra,El dragón que se comió el sol
9780429066283,es un codigo ISBN para el libro,Nanocomposite particles for bio-applications
9780429066283,es un codigo ISBN de una edicion publicada por,Jenny Stanford Publishing
9780429066283,está escrito en,Inglés
9789814267786,es un codigo ISBN para el libro,Nanocomposite particles for bio-applications
9789814267786,es un codigo ISBN de una edicion publicada por,Pan Stanford
9789814267786,está escrito en,Inglés
9814267783,es un codigo ISBN para el libro,Nanocomposite particles for bio-applications
9814267783,es un codigo ISBN de una edicion publicada por,Pan Stanford
9814267783,está escrito en,Inglés
9789814267816,es un codigo ISBN para el libro,Nanocomposite particles for bio-applications
9789814267816,es un codigo ISBN de una edicion publicada por,Pan Stanford
9789814267816,está escrito en,Inglés
Ana Daniel,es autor de la obra,Nanocomposite particles for bio-applications
Nanocomposite particles for bio-applications,pertenece al género,Biochemistry
Nanocomposite particles for bio-applications,pertenece al género,Biomedical materials
Nanocomposite particles for bio-applications,pertenece al género,Nanocomposites (Materials)
Yvette Centeno,es de nacionalidad,Portugal
9781982051464,es un codigo ISBN para el libro,Algol / Sinais
9781982051464,es un codigo ISBN de una edicion publicada por,CreateSpace Independent Publishing Platform
9781982051464,está escrito en,Portugués
Yvette Centeno,es autor de la obra,Algol / Sinais
9781546472551,es un codigo ISBN para el libro,Lendas e Bruxarias
9781546472551,es un codigo ISBN de una edicion publicada por,CreateSpace Independent Publishing Platform
9781546472551,está escrito en,Portugués
Yvette Centeno,es autor de la obra,Lendas e Bruxarias
9781481295895,es un codigo ISBN para el libro,No Rio Da Memória
9781481295895,es un codigo ISBN de una edicion publicada por,CreateSpace Independent Publishing Platform
9781481295895,está escrito en,Portugués
Yvette Centeno,es autor de la obra,No Rio Da Memória
9724132803,es un codigo ISBN para el libro,Fernando Pessoa
9724132803,es un codigo ISBN de una edicion publicada por,ASA
9724132803,está escrito en,Portugués
Yvette Centeno,es autor de la obra,Fernando Pessoa
9798644527595,es un codigo ISBN para el libro,Sintomas
9798644527595,es un codigo ISBN de una edicion publicada por,Independently Published
9798644527595,está escrito en,Portugués
Yvette Centeno,es autor de la obra,Sintomas
9726891019,es un codigo ISBN para el libro,Hermetismo e Utopia
9726891019,es un codigo ISBN de una edicion publicada por,Edições Salamandra
9726891019,está escrito en,Portugués
Yvette Centeno,es autor de la obra,Hermetismo e Utopia
9781544700816,es un codigo ISBN para el libro,Rainer Maria Rilke
9781544700816,es un codigo ISBN de una edicion publicada por,CreateSpace Independent Publishing Platform
9781544700816,está escrito en,Portugués
Yvette Centeno,es autor de la obra,Rainer Maria Rilke
9781546474807,es un codigo ISBN para el libro,Vida de Maria
9781546474807,es un codigo ISBN de una edicion publicada por,CreateSpace Independent Publishing Platform
9781546474807,está escrito en,Portugués
Yvette Centeno,es autor de la obra,Vida de Maria
Richard Zimler,es de nacionalidad,Portugal
1585670227,es un codigo ISBN para el libro,The last kabbalist of Lisbon
1585670227,es un codigo ISBN de una edicion publicada por,Overlook Press
1585670227,está escrito en,Inglés
9781585670222,es un codigo ISBN para el libro,The last kabbalist of Lisbon
9781585670222,es un codigo ISBN de una edicion publicada por,Overlook Press
9781585670222,está escrito en,Inglés
Richard Zimler,es autor de la obra,The last kabbalist of Lisbon
The last kabbalist of Lisbon,pertenece al género,Jews
The last kabbalist of Lisbon,pertenece al género,Fiction
The last kabbalist of Lisbon,pertenece al género,"Portugal, fiction"
1470898624,es un codigo ISBN para el libro,The last Kabbalist of Lisbon
1470898624,es un codigo ISBN de una edicion publicada por,"Blackstone Audio, Inc."
1470898624,es un codigo ISBN de una edicion publicada por,Blackstone Audiobooks
9781470898625,es un codigo ISBN para el libro,The last Kabbalist of Lisbon
9781470898625,es un codigo ISBN de una edicion publicada por,"Blackstone Audio, Inc."
9781470898625,es un codigo ISBN de una edicion publicada por,Blackstone Audiobooks
9781472111418,es un codigo ISBN para el libro,The last Kabbalist of Lisbon
9781472111418,es un codigo ISBN de una edicion publicada por,"Little, Brown Book Group Limited"
9781472111418,está escrito en,Inglés
1470898616,es un codigo ISBN para el libro,The last Kabbalist of Lisbon
1470898616,es un codigo ISBN de una edicion publicada por,"Blackstone Audio, Inc."
1470898616,es un codigo ISBN de una edicion publicada por,Blackstone Audiobooks
9781470898618,es un codigo ISBN para el libro,The last Kabbalist of Lisbon
9781470898618,es un codigo ISBN de una edicion publicada por,"Blackstone Audio, Inc."
9781470898618,es un codigo ISBN de una edicion publicada por,Blackstone Audiobooks
9781472112101,es un codigo ISBN para el libro,The last Kabbalist of Lisbon
9781472112101,es un codigo ISBN de una edicion publicada por,"Little, Brown Book Group Limited"
9781472112101,está escrito en,Inglés
1900850311,es un codigo ISBN para el libro,The last Kabbalist of Lisbon
1900850311,es un codigo ISBN de una edicion publicada por,Arcadia Books
1900850311,está escrito en,Inglés
Richard Zimler,es autor de la obra,The last Kabbalist of Lisbon
The last Kabbalist of Lisbon,pertenece al género,Fiction
The last Kabbalist of Lisbon,pertenece al género,Cabala and Christianity
The last Kabbalist of Lisbon,pertenece al género,Jews
9781468308235,es un codigo ISBN para el libro,The seventh gate
9781468308235,es un codigo ISBN de una edicion publicada por,"Abrams, Inc."
9781468308235,está escrito en,Inglés
9781780332505,es un codigo ISBN para el libro,The seventh gate
9781780332505,es un codigo ISBN de una edicion publicada por,"Little, Brown Book Group Limited"
9781780332505,está escrito en,Inglés
1482913933,es un codigo ISBN para el libro,The seventh gate
1482913933,es un codigo ISBN de una edicion publicada por,Blackstone Audio
1482913933,es un codigo ISBN de una edicion publicada por,Blackstone Audiobooks
9781482913934,es un codigo ISBN para el libro,The seventh gate
9781482913934,es un codigo ISBN de una edicion publicada por,Blackstone Audio
9781482913934,es un codigo ISBN de una edicion publicada por,Blackstone Audiobooks
9781482933093,es un codigo ISBN para el libro,The seventh gate
9781482933093,es un codigo ISBN de una edicion publicada por,Blackstone Pub
1482933098,es un codigo ISBN para el libro,The seventh gate
1482933098,es un codigo ISBN de una edicion publicada por,Blackstone Pub
1845294874,es un codigo ISBN para el libro,The seventh gate
1845294874,es un codigo ISBN de una edicion publicada por,Constable and Robinson
9781845294878,es un codigo ISBN para el libro,The seventh gate
9781845294878,es un codigo ISBN de una edicion publicada por,Constable and Robinson
9781845294878,es un codigo ISBN de una edicion publicada por,Constable
9781845294878,está escrito en,Inglés
Richard Zimler,es autor de la obra,The seventh gate
The seventh gate,pertenece al género,Fiction
The seventh gate,pertenece al género,Cabala
The seventh gate,pertenece al género,History
9789720047281,es un codigo ISBN para el libro,Os anagramas de Varsóvia
9789720047281,es un codigo ISBN de una edicion publicada por,Porto Editora
9789720047281,está escrito en,Portugués
Richard Zimler,es autor de la obra,Os anagramas de Varsóvia
Os anagramas de Varsóvia,pertenece al género,Fiction
Os anagramas de Varsóvia,pertenece al género,Social conditions
Os anagramas de Varsóvia,pertenece al género,Murder
8571647275,es un codigo ISBN para el libro,O último cabalista de Lisboa
8571647275,es un codigo ISBN de una edicion publicada por,Companhia das Letras
8571647275,está escrito en,Portugués
9788571647275,es un codigo ISBN para el libro,O último cabalista de Lisboa
9788571647275,es un codigo ISBN de una edicion publicada por,Companhia das Letras
9788571647275,está escrito en,Portugués
Richard Zimler,es autor de la obra,O último cabalista de Lisboa
O último cabalista de Lisboa,pertenece al género,Fiction
O último cabalista de Lisboa,pertenece al género,Jews
O último cabalista de Lisboa,pertenece al género,Persecutions
9781849013697,es un codigo ISBN para el libro,The Warsaw anagrams
9781849013697,es un codigo ISBN de una edicion publicada por,"Little, Brown Book Group Limited"
9781849013697,está escrito en,Inglés
1455122548,es un codigo ISBN para el libro,The Warsaw anagrams
1455122548,es un codigo ISBN de una edicion publicada por,"Blackstone Audio, Inc."
9781455122547,es un codigo ISBN para el libro,The Warsaw anagrams
9781455122547,es un codigo ISBN de una edicion publicada por,"Blackstone Audio, Inc."
1455122556,es un codigo ISBN para el libro,The Warsaw anagrams
1455122556,es un codigo ISBN de una edicion publicada por,"Blackstone Audio, Inc."
9781455122554,es un codigo ISBN para el libro,The Warsaw anagrams
9781455122554,es un codigo ISBN de una edicion publicada por,"Blackstone Audio, Inc."
9781590200889,es un codigo ISBN para el libro,The Warsaw anagrams
9781590200889,es un codigo ISBN de una edicion publicada por,The Overlook Press
9781590200889,está escrito en,Inglés
Richard Zimler,es autor de la obra,The Warsaw anagrams
The Warsaw anagrams,pertenece al género,"World War, 1939-1945"
The Warsaw anagrams,pertenece al género,Fiction
The Warsaw anagrams,pertenece al género,Jews
9781472112415,es un codigo ISBN para el libro,The angelic darkness
9781472112415,es un codigo ISBN de una edicion publicada por,"Little, Brown Book Group Limited"
9781472112415,está escrito en,Inglés
9780393244533,es un codigo ISBN para el libro,The angelic darkness
9780393244533,es un codigo ISBN de una edicion publicada por,"Norton & Company, Incorporated, W. W."
9780393244533,está escrito en,Inglés
9780393331707,es un codigo ISBN para el libro,The angelic darkness
9780393331707,es un codigo ISBN de una edicion publicada por,"Norton & Company, Incorporated, W. W."
9780393331707,está escrito en,Inglés
0393048179,es un codigo ISBN para el libro,The angelic darkness
0393048179,es un codigo ISBN de una edicion publicada por,Norton
0393048179,está escrito en,Inglés
Richard Zimler,es autor de la obra,The angelic darkness
The angelic darkness,pertenece al género,Good and evil
The angelic darkness,pertenece al género,Gay men
The angelic darkness,pertenece al género,Identity
9781780332512,es un codigo ISBN para el libro,Hunting midnight
9781780332512,es un codigo ISBN de una edicion publicada por,"Little, Brown Book Group Limited"
9781780332512,está escrito en,Inglés
0385336470,es un codigo ISBN para el libro,Hunting midnight
0385336470,es un codigo ISBN de una edicion publicada por,Delta
9780385336475,es un codigo ISBN para el libro,Hunting midnight
9780385336475,es un codigo ISBN de una edicion publicada por,Delta
9781841197715,es un codigo ISBN para el libro,Hunting midnight
9781841197715,es un codigo ISBN de una edicion publicada por,"Little, Brown Book Group Limited"
9781841197715,está escrito en,Inglés
0385336446,es un codigo ISBN para el libro,Hunting midnight
0385336446,es un codigo ISBN de una edicion publicada por,Delacorte Press
0385336446,está escrito en,Inglés
Richard Zimler,es autor de la obra,Hunting midnight
Hunting midnight,pertenece al género,Slave trade
Hunting midnight,pertenece al género,Jews
Hunting midnight,pertenece al género,Africans
9781472109309,es un codigo ISBN para el libro,Night Watchman
9781472109309,es un codigo ISBN de una edicion publicada por,"Little, Brown Book Group Limited"
9781472109309,está escrito en,Inglés
9781472113511,es un codigo ISBN para el libro,Night Watchman
9781472113511,es un codigo ISBN de una edicion publicada por,"Little, Brown Book Group Limited"
9781472113511,está escrito en,Inglés
9781472111272,es un codigo ISBN para el libro,Night Watchman
9781472111272,es un codigo ISBN de una edicion publicada por,"Little, Brown Book Group Limited"
9781472111272,está escrito en,Inglés
Richard Zimler,es autor de la obra,Night Watchman
Night Watchman,pertenece al género,"Fiction, mystery & detective, general"
Night Watchman,pertenece al género,"Fiction, crime"
Night Watchman,pertenece al género,"Lisbon (portugal), fiction"
9781590208472,es un codigo ISBN para el libro,Warsaw Anagrams
9781590208472,es un codigo ISBN de una edicion publicada por,"Abrams, Inc."
9781590208472,está escrito en,Inglés
9781590208922,es un codigo ISBN para el libro,Warsaw Anagrams
9781590208922,es un codigo ISBN de una edicion publicada por,ABRAMS (Ignition)
9781590208922,está escrito en,Inglés
9781849018548,es un codigo ISBN para el libro,Warsaw Anagrams
9781849018548,es un codigo ISBN de una edicion publicada por,"Little, Brown Book Group Limited"
9781849018548,está escrito en,Inglés
Richard Zimler,es autor de la obra,Warsaw Anagrams
9781590208069,es un codigo ISBN para el libro,Last Kabbalist of Lisbon
9781590208069,es un codigo ISBN de una edicion publicada por,ABRAMS (Ignition)
9781590208069,está escrito en,Inglés
9781900850032,es un codigo ISBN para el libro,Last Kabbalist of Lisbon
9781900850032,es un codigo ISBN de una edicion publicada por,Arcadia Books Limited
9781900850032,está escrito en,Inglés
9781908129246,es un codigo ISBN para el libro,Last Kabbalist of Lisbon
9781908129246,es un codigo ISBN de una edicion publicada por,Arcadia Books Limited
9781908129246,está escrito en,Inglés
Richard Zimler,es autor de la obra,Last Kabbalist of Lisbon
1094095400,es un codigo ISBN para el libro,Gospel According to Lazarus
1094095400,es un codigo ISBN de una edicion publicada por,Blackstone Pub
1094095400,es un codigo ISBN de una edicion publicada por,Skyboat Media
9781094095400,es un codigo ISBN para el libro,Gospel According to Lazarus
9781094095400,es un codigo ISBN de una edicion publicada por,Blackstone Pub
9781094095400,es un codigo ISBN de una edicion publicada por,Skyboat Media
9780720620627,es un codigo ISBN para el libro,Gospel According to Lazarus
9780720620627,es un codigo ISBN de una edicion publicada por,"Owen Limited, Peter"
9780720620627,está escrito en,Inglés
Richard Zimler,es autor de la obra,Gospel According to Lazarus
Gospel According to Lazarus,pertenece al género,"Jesus christ, fiction"
Gospel According to Lazarus,pertenece al género,"Fiction, historical"
Gospel According to Lazarus,pertenece al género,Fiction
9781472112613,es un codigo ISBN para el libro,The search for Sana
9781472112613,es un codigo ISBN de una edicion publicada por,"Little, Brown Book Group Limited"
9781472112613,está escrito en,Inglés
9781845290788,es un codigo ISBN para el libro,The search for Sana
9781845290788,es un codigo ISBN de una edicion publicada por,Constable
9781845290788,está escrito en,Inglés
184529078X,es un codigo ISBN para el libro,The search for Sana
184529078X,es un codigo ISBN de una edicion publicada por,Constable
184529078X,está escrito en,Inglés
Richard Zimler,es autor de la obra,The search for Sana
The search for Sana,pertenece al género,Women dancers
The search for Sana,pertenece al género,Fiction
The search for Sana,pertenece al género,Female friendship
1585676241,es un codigo ISBN para el libro,The last kabbalist of Lisbon
1585676241,es un codigo ISBN de una edicion publicada por,The Overlook Press
1585676241,está escrito en,Inglés
1585676659,es un codigo ISBN para el libro,The last kabbalist of Lisbon
1585676659,es un codigo ISBN de una edicion publicada por,The Overlook Press
1585676659,está escrito en,Inglés
The last kabbalist of Lisbon,pertenece al género,Historical Fiction
The last kabbalist of Lisbon,pertenece al género,Mystery
9781585428939,es un codigo ISBN para el libro,Love's voice
9781585428939,es un codigo ISBN de una edicion publicada por,Brand: Tarcher
9781585428939,es un codigo ISBN de una edicion publicada por,Jeremy P. Tarcher/Penguin
9781585428939,es un codigo ISBN de una edicion publicada por,TarcherPerigee
9781585428939,está escrito en,Inglés
Richard Zimler,es autor de la obra,Love's voice
Love's voice,pertenece al género,Cabala
Love's voice,pertenece al género,POETRY / Inspirational & Religious
Love's voice,pertenece al género,American Haiku
0385338813,es un codigo ISBN para el libro,Guardian of the dawn
0385338813,es un codigo ISBN de una edicion publicada por,Delta Trade Paperbacks
0385338813,está escrito en,Inglés
9780385338813,es un codigo ISBN para el libro,Guardian of the dawn
9780385338813,es un codigo ISBN de una edicion publicada por,Delta Trade Paperbacks
9780385338813,está escrito en,Inglés
Richard Zimler,es autor de la obra,Guardian of the dawn
Guardian of the dawn,pertenece al género,Inquisition
Guardian of the dawn,pertenece al género,Jews
Guardian of the dawn,pertenece al género,Prisoners
9781845290917,es un codigo ISBN para el libro,Guardian of the dawn
9781845290917,es un codigo ISBN de una edicion publicada por,Constable and Robinson
1845290917,es un codigo ISBN para el libro,Guardian of the dawn
1845290917,es un codigo ISBN de una edicion publicada por,Constable and Robinson
1845290917,es un codigo ISBN de una edicion publicada por,Constable
1845290917,está escrito en,Inglés
Guardian of the dawn,pertenece al género,Jewish families
9720046287,es un codigo ISBN para el libro,A Sétima Porta
9720046287,es un codigo ISBN de una edicion publicada por,Porto Editora
9789720046284,es un codigo ISBN para el libro,A Sétima Porta
9789720046284,es un codigo ISBN de una edicion publicada por,Porto Editora
Richard Zimler,es autor de la obra,A Sétima Porta
9781841199818,es un codigo ISBN para el libro,Signed - Hunting Midnight
9781841199818,es un codigo ISBN de una edicion publicada por,"Little, Brown Book Group Limited"
9781841199818,está escrito en,Inglés
Richard Zimler,es autor de la obra,Signed - Hunting Midnight
9720047275,es un codigo ISBN para el libro,Meia-Noite ou o Princípio do Mundo
9720047275,es un codigo ISBN de una edicion publicada por,Porto Editora
9789720047274,es un codigo ISBN para el libro,Meia-Noite ou o Princípio do Mundo
9789720047274,es un codigo ISBN de una edicion publicada por,Porto Editora
Richard Zimler,es autor de la obra,Meia-Noite ou o Princípio do Mundo
9781780332529,es un codigo ISBN para el libro,Guardian of Dawn
9781780332529,es un codigo ISBN de una edicion publicada por,"Little, Brown Book Group Limited"
9781780332529,está escrito en,Inglés
Richard Zimler,es autor de la obra,Guardian of Dawn
9788375067538,es un codigo ISBN para el libro,Anagramy z Warszawy
9788375067538,es un codigo ISBN de una edicion publicada por,Wydawnictwo Zysk i S-ka
9788375067538,está escrito en,Polaco
Richard Zimler,es autor de la obra,Anagramy z Warszawy
Anagramy z Warszawy,pertenece al género,"Holocaust, Jewish (1939-1945)"
Anagramy z Warszawy,pertenece al género,Fiction
9782266163392,es un codigo ISBN para el libro,Le dernier kabbaliste de Lisbonne
9782266163392,es un codigo ISBN de una edicion publicada por,Pocket
9782266163392,está escrito en,Francés
2266163396,es un codigo ISBN para el libro,Le dernier kabbaliste de Lisbonne
2266163396,es un codigo ISBN de una edicion publicada por,Pocket
2266163396,está escrito en,Francés
Richard Zimler,es autor de la obra,Le dernier kabbaliste de Lisbonne
9045203944,es un codigo ISBN para el libro,De Warschau-anagrammen
9045203944,es un codigo ISBN de una edicion publicada por,Karakter Uitgevers BV
9789045203942,es un codigo ISBN para el libro,De Warschau-anagrammen
9789045203942,es un codigo ISBN de una edicion publicada por,Karakter Uitgevers BV
Richard Zimler,es autor de la obra,De Warschau-anagrammen
8372987289,es un codigo ISBN para el libro,Szukanie midnighta
8372987289,es un codigo ISBN de una edicion publicada por,Zysk i S-ka
8372987289,está escrito en,Polaco
9788372987280,es un codigo ISBN para el libro,Szukanie midnighta
9788372987280,es un codigo ISBN de una edicion publicada por,Zysk i S-ka
9788372987280,está escrito en,Polaco
Richard Zimler,es autor de la obra,Szukanie midnighta
Szukanie midnighta,pertenece al género,Fiction
Szukanie midnighta,pertenece al género,History
Szukanie midnighta,pertenece al género,Africans
8491451927,es un codigo ISBN para el libro,Y si yo fuera? (Spanish Edition)
8491451927,es un codigo ISBN de una edicion publicada por,Obelisco
9788491451921,es un codigo ISBN para el libro,Y si yo fuera? (Spanish Edition)
9788491451921,es un codigo ISBN de una edicion publicada por,Obelisco
Richard Zimler,es autor de la obra,Y si yo fuera? (Spanish Edition)
2283025389,es un codigo ISBN para el libro,Les anagrammes de Varsovie (Domaine étranger) (French Edition)
2283025389,es un codigo ISBN de una edicion publicada por,Buchet/Chastel
9782283025383,es un codigo ISBN para el libro,Les anagrammes de Varsovie (Domaine étranger) (French Edition)
9782283025383,es un codigo ISBN de una edicion publicada por,Buchet/Chastel
Richard Zimler,es autor de la obra,Les anagrammes de Varsovie (Domaine étranger) (French Edition)
9781908129444,es un codigo ISBN para el libro,Strawberry Fields Forever
9781908129444,es un codigo ISBN de una edicion publicada por,Arcadia Books Limited
9781908129444,está escrito en,Inglés
Richard Zimler,es autor de la obra,Strawberry Fields Forever
Daniel Faria,es de nacionalidad,Portugal
9789723718447,es un codigo ISBN para el libro,Poesia
9789723718447,es un codigo ISBN de una edicion publicada por,Assírio & Alvim
9789723718447,está escrito en,Portugués
9723718448,es un codigo ISBN para el libro,Poesia
9723718448,es un codigo ISBN de una edicion publicada por,Assírio & Alvim
9723718448,está escrito en,Portugués
9789720793072,es un codigo ISBN para el libro,Poesia
9789720793072,es un codigo ISBN de una edicion publicada por,Assírio & Alvim
9789720793072,está escrito en,Portugués
9720793074,es un codigo ISBN para el libro,Poesia
9720793074,es un codigo ISBN de una edicion publicada por,Assírio & Alvim
9720793074,está escrito en,Portugués
Daniel Faria,es autor de la obra,Poesia
9729715564,es un codigo ISBN para el libro,Dos líquidos
9729715564,es un codigo ISBN de una edicion publicada por,Fundação Manuel Leão
9729715564,está escrito en,Portugués
Daniel Faria,es autor de la obra,Dos líquidos
9729854904,es un codigo ISBN para el libro,Legenda para uma casa habitada
9729854904,es un codigo ISBN de una edicion publicada por,"Paróquia de Santa Marinha de Fornos, Marco de Canaveses"
9729854904,está escrito en,Portugués
Daniel Faria,es autor de la obra,Legenda para uma casa habitada
Urbano Tavares Rodrigues,es de nacionalidad,Portugal
9725662032,es un codigo ISBN para el libro,Agosto no Cairo (1956)
9725662032,es un codigo ISBN de una edicion publicada por,Instituto Camões
9725662032,está escrito en,Portugués
9725662032,está escrito en,ara
Urbano Tavares Rodrigues,es autor de la obra,Agosto no Cairo (1956)
Agosto no Cairo (1956),pertenece al género,"Sinai Campaign, 1956"
Agosto no Cairo (1956),pertenece al género,History
9728590598,es un codigo ISBN para el libro,Treze contos obrigados a mote e mais um
9728590598,es un codigo ISBN de una edicion publicada por,Escritor
9728590598,está escrito en,Portugués
Urbano Tavares Rodrigues,es autor de la obra,Treze contos obrigados a mote e mais um
9722112511,es un codigo ISBN para el libro,O dia ultimo e o primeiro
9722112511,es un codigo ISBN de una edicion publicada por,Caminho
9722112511,está escrito en,Inglés
9722112511,está escrito en,Portugués
Urbano Tavares Rodrigues,es autor de la obra,O dia ultimo e o primeiro
9722714120,es un codigo ISBN para el libro,O mito de D. Juan
9722714120,es un codigo ISBN de una edicion publicada por,IN-CM
9722714120,está escrito en,Portugués
Urbano Tavares Rodrigues,es autor de la obra,O mito de D. Juan
O mito de D. Juan,pertenece al género,Portuguese literature
O mito de D. Juan,pertenece al género,History and criticism
O mito de D. Juan,pertenece al género,Literature
9789896893965,es un codigo ISBN para el libro,Aquilino visto por Urbano
9789896893965,es un codigo ISBN de una edicion publicada por,Colibri
9789896893965,es un codigo ISBN de una edicion publicada por,Sociedade Portuguesa de Autores
9789896893965,está escrito en,Portugués
9896893969,es un codigo ISBN para el libro,Aquilino visto por Urbano
9896893969,es un codigo ISBN de una edicion publicada por,Colibri
9896893969,es un codigo ISBN de una edicion publicada por,Sociedade Portuguesa de Autores
9896893969,está escrito en,Portugués
Urbano Tavares Rodrigues,es autor de la obra,Aquilino visto por Urbano
9782729116392,es un codigo ISBN para el libro,Violeta et la nuit
9782729116392,es un codigo ISBN de una edicion publicada por,DIFFERENCE
2729116397,es un codigo ISBN para el libro,Violeta et la nuit
2729116397,es un codigo ISBN de una edicion publicada por,DIFFERENCE
Urbano Tavares Rodrigues,es autor de la obra,Violeta et la nuit
9721048038,es un codigo ISBN para el libro,O Supremo Interdito
9721048038,es un codigo ISBN de una edicion publicada por,Publicações Europa-América
9721048038,está escrito en,Portugués
Urbano Tavares Rodrigues,es autor de la obra,O Supremo Interdito
9721038571,es un codigo ISBN para el libro,Bastardos do sol
9721038571,es un codigo ISBN de una edicion publicada por,Publicações Europa-América
9721038571,está escrito en,Portugués
Urbano Tavares Rodrigues,es autor de la obra,Bastardos do sol
9728204728,es un codigo ISBN para el libro,A horas e desoras
9728204728,es un codigo ISBN de una edicion publicada por,Colibri
9728204728,está escrito en,Portugués
Urbano Tavares Rodrigues,es autor de la obra,A horas e desoras
9722117378,es un codigo ISBN para el libro,A obra literária de Álvaro Cunhal / Manuel Tiago vista por Urbano Tavares Rodrigues
9722117378,es un codigo ISBN de una edicion publicada por,Editorial Caminho
9722117378,está escrito en,Portugués
Urbano Tavares Rodrigues,es autor de la obra,A obra literária de Álvaro Cunhal / Manuel Tiago vista por Urbano Tavares Rodrigues
A obra literária de Álvaro Cunhal / Manuel Tiago vista por Urbano Tavares Rodrigues,pertenece al género,Criticism and interpretation
9728296134,es un codigo ISBN para el libro,"Os tempos e os lugares na obra lírica, épica e narrativa de Manuel Alegre"
9728296134,es un codigo ISBN de una edicion publicada por,Edições Universitárias LusÓfonas
9728296134,está escrito en,Portugués
Urbano Tavares Rodrigues,es autor de la obra,"Os tempos e os lugares na obra lírica, épica e narrativa de Manuel Alegre"
"Os tempos e os lugares na obra lírica, épica e narrativa de Manuel Alegre",pertenece al género,Criticism and interpretation
"Os tempos e os lugares na obra lírica, épica e narrativa de Manuel Alegre",pertenece al género,Portuguese Authors
"Os tempos e os lugares na obra lírica, épica e narrativa de Manuel Alegre",pertenece al género,History and criticism
9789724124162,es un codigo ISBN para el libro,O Algarve na obra de Teixeira-Gomes
9789724124162,es un codigo ISBN de una edicion publicada por,Edições Asa
9789724124162,está escrito en,Portugués
9724124169,es un codigo ISBN para el libro,O Algarve na obra de Teixeira-Gomes
9724124169,es un codigo ISBN de una edicion publicada por,Edições Asa
9724124169,está escrito en,Portugués
Urbano Tavares Rodrigues,es autor de la obra,O Algarve na obra de Teixeira-Gomes
O Algarve na obra de Teixeira-Gomes,pertenece al género,Criticism and interpretation
Gonçalo Tavares,es de nacionalidad,Portugal
9789727088126,es un codigo ISBN para el libro,A Perna Esquerda de Paris seguido de Roland Barthes e Robert Musil
9789727088126,es un codigo ISBN de una edicion publicada por,Relógio D'Água
9727088120,es un codigo ISBN para el libro,A Perna Esquerda de Paris seguido de Roland Barthes e Robert Musil
9727088120,es un codigo ISBN de una edicion publicada por,Relógio D'Água
Gonçalo Tavares,es autor de la obra,A Perna Esquerda de Paris seguido de Roland Barthes e Robert Musil
A Perna Esquerda de Paris seguido de Roland Barthes e Robert Musil,pertenece al género,Portuguese fiction
A Perna Esquerda de Paris seguido de Roland Barthes e Robert Musil,pertenece al género,Criticism and interpretation
9789896415006,es un codigo ISBN para el libro,Breves Notas Sobre Música
9789896415006,es un codigo ISBN de una edicion publicada por,Relógio D'Água
Gonçalo Tavares,es autor de la obra,Breves Notas Sobre Música
9896600589,es un codigo ISBN para el libro,Histórias Falsas
9896600589,es un codigo ISBN de una edicion publicada por,Leya
9789896600587,es un codigo ISBN para el libro,Histórias Falsas
9789896600587,es un codigo ISBN de una edicion publicada por,Leya
Gonçalo Tavares,es autor de la obra,Histórias Falsas
9789898507051,es un codigo ISBN para el libro,A Moeda
9789898507051,es un codigo ISBN de una edicion publicada por,Diário de Notícias
9789898507051,está escrito en,Portugués
Gonçalo Tavares,es autor de la obra,A Moeda
9781628970357,es un codigo ISBN para el libro,Um homem
9781628970357,es un codigo ISBN de una edicion publicada por,Dalkey Archive Press
9781628970357,está escrito en,Inglés
9788439720324,es un codigo ISBN para el libro,Um homem
9788439720324,está escrito en,Español
8439720327,es un codigo ISBN para el libro,Um homem
8439720327,está escrito en,Español
9781628970340,es un codigo ISBN para el libro,Um homem
9781628970340,es un codigo ISBN de una edicion publicada por,Dalkey Archive Press
9781628970340,está escrito en,Inglés
9789722115742,es un codigo ISBN para el libro,Um homem
9789722115742,es un codigo ISBN de una edicion publicada por,Caminho
9789722115742,está escrito en,Portugués
972211574X,es un codigo ISBN para el libro,Um homem
972211574X,es un codigo ISBN de una edicion publicada por,Caminho
972211574X,está escrito en,Portugués
Gonçalo Tavares,es autor de la obra,Um homem
Um homem,pertenece al género,Businessmen
Um homem,pertenece al género,Fiction
Um homem,pertenece al género,"Fiction, general"
9789722121309,es un codigo ISBN para el libro,Uma Viagem à Índia
9789722121309,es un codigo ISBN de una edicion publicada por,Caminho
9789722121309,está escrito en,Portugués
9722121308,es un codigo ISBN para el libro,Uma Viagem à Índia
9722121308,es un codigo ISBN de una edicion publicada por,Caminho
9722121308,está escrito en,Portugués
9781628971606,es un codigo ISBN para el libro,Uma Viagem à Índia
9781628971606,es un codigo ISBN de una edicion publicada por,Dalkey Archive Press
9781628971606,está escrito en,Inglés
9781628972030,es un codigo ISBN para el libro,Uma Viagem à Índia
9781628972030,es un codigo ISBN de una edicion publicada por,Dalkey Archive Press
9781628972030,está escrito en,Inglés
9789722121309,es un codigo ISBN de una edicion publicada por,Editorial Caminho
Gonçalo Tavares,es autor de la obra,Uma Viagem à Índia
Uma Viagem à Índia,pertenece al género,"Fiction, general"
Uma Viagem à Índia,pertenece al género,"India, fiction"
9781564788467,es un codigo ISBN para el libro,A máquina de Joseph Walser
9781564788467,es un codigo ISBN de una edicion publicada por,Dalkey Archive Press
9781564788467,está escrito en,Inglés
9783421046277,es un codigo ISBN para el libro,A máquina de Joseph Walser
9783421046277,es un codigo ISBN de una edicion publicada por,Deutsche Verlags-Anstalt
3421046271,es un codigo ISBN para el libro,A máquina de Joseph Walser
3421046271,es un codigo ISBN de una edicion publicada por,Deutsche Verlags-Anstalt
9781564786777,es un codigo ISBN para el libro,A máquina de Joseph Walser
9781564786777,es un codigo ISBN de una edicion publicada por,Dalkey Archive Press
9781564786777,está escrito en,Inglés
9722116207,es un codigo ISBN para el libro,A máquina de Joseph Walser
9722116207,es un codigo ISBN de una edicion publicada por,Caminho
9722116207,está escrito en,Portugués
9722116207,es un codigo ISBN de una edicion publicada por,Editorial Caminho
Gonçalo Tavares,es autor de la obra,A máquina de Joseph Walser
A máquina de Joseph Walser,pertenece al género,Fiction
A máquina de Joseph Walser,pertenece al género,Portuguese fiction
A máquina de Joseph Walser,pertenece al género,"Fiction, general"
9788587220899,es un codigo ISBN para el libro,O homem ou é tonto ou é mulher
9788587220899,es un codigo ISBN de una edicion publicada por,Casa da Palavra
9788587220899,está escrito en,Portugués
8587220896,es un codigo ISBN para el libro,O homem ou é tonto ou é mulher
8587220896,es un codigo ISBN de una edicion publicada por,Casa da Palavra
8587220896,está escrito en,Portugués
Gonçalo Tavares,es autor de la obra,O homem ou é tonto ou é mulher
9722117580,es un codigo ISBN para el libro,O senhor Kraus
9722117580,es un codigo ISBN de una edicion publicada por,Caminho
9722117580,está escrito en,Portugués
Gonçalo Tavares,es autor de la obra,O senhor Kraus
9789722127660,es un codigo ISBN para el libro,"O Torcicologista, Excelência"
9789722127660,es un codigo ISBN de una edicion publicada por,Editorial Caminho
Gonçalo Tavares,es autor de la obra,"O Torcicologista, Excelência"
9789722124591,es un codigo ISBN para el libro,Short movies
9789722124591,es un codigo ISBN de una edicion publicada por,Caminho
9789722124591,está escrito en,Portugués
Gonçalo Tavares,es autor de la obra,Short movies
9782221107171,es un codigo ISBN para el libro,Lisbonne
9782221107171,es un codigo ISBN de una edicion publicada por,BOUQUINS
2221107179,es un codigo ISBN para el libro,Lisbonne
2221107179,es un codigo ISBN de una edicion publicada por,BOUQUINS
Gonçalo Tavares,es autor de la obra,Lisbonne
9722906038,es un codigo ISBN para el libro,Investigações
9722906038,es un codigo ISBN de una edicion publicada por,DIFEL
9722906038,está escrito en,Portugués
Gonçalo Tavares,es autor de la obra,Investigações
9788432228919,es un codigo ISBN para el libro,Uma menina está perdida no seu século à procura do pai
9788432228919,es un codigo ISBN de una edicion publicada por,Seix Barral
8535926496,es un codigo ISBN para el libro,Uma menina está perdida no seu século à procura do pai
8535926496,es un codigo ISBN de una edicion publicada por,Companhia das Letras
9788535926491,es un codigo ISBN para el libro,Uma menina está perdida no seu século à procura do pai
9788535926491,es un codigo ISBN de una edicion publicada por,Companhia das Letras
9720046988,es un codigo ISBN para el libro,Uma menina está perdida no seu século à procura do pai
9720046988,es un codigo ISBN de una edicion publicada por,Porto Editora
9720046988,está escrito en,Portugués
9789720046987,es un codigo ISBN para el libro,Uma menina está perdida no seu século à procura do pai
9789720046987,es un codigo ISBN de una edicion publicada por,Porto Editora
9789720046987,está escrito en,Portugués
Gonçalo Tavares,es autor de la obra,Uma menina está perdida no seu século à procura do pai
Uma menina está perdida no seu século à procura do pai,pertenece al género,Roman
Uma menina está perdida no seu século à procura do pai,pertenece al género,Portugiesisch
9723706695,es un codigo ISBN para el libro,Livro da dança
9723706695,es un codigo ISBN de una edicion publicada por,Assírio & Alvim
9723706695,está escrito en,Portugués
Gonçalo Tavares,es autor de la obra,Livro da dança
Livro da dança,pertenece al género,Dance
Livro da dança,pertenece al género,Poetry
9789722120692,es un codigo ISBN para el libro,Os sapatos
9789722120692,es un codigo ISBN de una edicion publicada por,Caminho
9789722120692,está escrito en,Portugués
Gonçalo Tavares,es autor de la obra,Os sapatos
9789728848859,es un codigo ISBN para el libro,Infinite tasks
9789728848859,es un codigo ISBN de una edicion publicada por,Calouste Gulbenkian Foundation
9789728848859,está escrito en,Inglés
Gonçalo Tavares,es autor de la obra,Infinite tasks
Infinite tasks,pertenece al género,Artists' books
Infinite tasks,pertenece al género,Exhibitions
9789655175417,es un codigo ISBN para el libro,Jerusalém
9789655175417,está escrito en,heb
607411028X,es un codigo ISBN para el libro,Jerusalém
607411028X,es un codigo ISBN de una edicion publicada por,Editorial Almadia S.C.
607411028X,está escrito en,Español
9786074110289,es un codigo ISBN para el libro,Jerusalém
9786074110289,es un codigo ISBN de una edicion publicada por,Editorial Almadia S.C.
9786074110289,está escrito en,Español
1564785556,es un codigo ISBN para el libro,Jerusalém
1564785556,es un codigo ISBN de una edicion publicada por,Dalkey Archive Press
1564785556,está escrito en,Inglés
9781564785558,es un codigo ISBN para el libro,Jerusalém
9781564785558,es un codigo ISBN de una edicion publicada por,Dalkey Archive Press
9781564785558,está escrito en,Inglés
9788439721901,es un codigo ISBN para el libro,Jerusalém
9788439721901,es un codigo ISBN de una edicion publicada por,LITERATURA RANDOM HOUSE
9788439721901,es un codigo ISBN de una edicion publicada por,Mondadori
9722117041,es un codigo ISBN para el libro,Jerusalém
9722117041,es un codigo ISBN de una edicion publicada por,Caminho
9722117041,está escrito en,Portugués
9722117041,es un codigo ISBN de una edicion publicada por,Editorial Caminho
Gonçalo Tavares,es autor de la obra,Jerusalém
Jerusalém,pertenece al género,Terminally ill
Jerusalém,pertenece al género,Fiction
Jerusalém,pertenece al género,Schizophrenics
9789896413613,es un codigo ISBN para el libro,Animalescos
9789896413613,es un codigo ISBN de una edicion publicada por,Relógio dÁ́gua
9789896413613,está escrito en,Portugués
Gonçalo Tavares,es autor de la obra,Animalescos
9786055340520,es un codigo ISBN para el libro,Kudus
9786055340520,es un codigo ISBN de una edicion publicada por,Kirmizi Kedi
6055340526,es un codigo ISBN para el libro,Kudus
6055340526,es un codigo ISBN de una edicion publicada por,Kirmizi Kedi
Gonçalo Tavares,es autor de la obra,Kudus
6074110263,es un codigo ISBN para el libro,"Água, cão, cavalo, cabeça"
6074110263,es un codigo ISBN de una edicion publicada por,Almadía
6074110263,está escrito en,Español
9786074110265,es un codigo ISBN para el libro,"Água, cão, cavalo, cabeça"
9786074110265,es un codigo ISBN de una edicion publicada por,Almadía
9786074110265,está escrito en,Español
9789722117982,es un codigo ISBN para el libro,"Água, cão, cavalo, cabeça"
9789722117982,es un codigo ISBN de una edicion publicada por,Editorial Caminho
9789722117982,está escrito en,Portugués
972211798,es un codigo ISBN para el libro,"Água, cão, cavalo, cabeça"
972211798,es un codigo ISBN de una edicion publicada por,Editorial Caminho
972211798,está escrito en,Portugués
Gonçalo Tavares,es autor de la obra,"Água, cão, cavalo, cabeça"
"Água, cão, cavalo, cabeça",pertenece al género,Portuguese Short stories
"Água, cão, cavalo, cabeça",pertenece al género,Short stories
9722116576,es un codigo ISBN para el libro,O senhor Juarroz
9722116576,es un codigo ISBN de una edicion publicada por,Caminho
9722116576,es un codigo ISBN de una edicion publicada por,Editorial Caminho
9722116576,está escrito en,Portugués
Gonçalo Tavares,es autor de la obra,O senhor Juarroz
9786072413559,es un codigo ISBN para el libro,Los amigos del señor Valéry
9786072413559,es un codigo ISBN de una edicion publicada por,SM de Ediciones
9786072413559,está escrito en,Español
6072413552,es un codigo ISBN para el libro,Los amigos del señor Valéry
6072413552,es un codigo ISBN de una edicion publicada por,SM de Ediciones
6072413552,está escrito en,Español
Gonçalo Tavares,es autor de la obra,Los amigos del señor Valéry
Los amigos del señor Valéry,pertenece al género,Friendship
Los amigos del señor Valéry,pertenece al género,Juvenile fiction
Los amigos del señor Valéry,pertenece al género,Picture books for children
6059658423,es un codigo ISBN para el libro,Joseph Walser'in Makinesi ve Bir Adam - Klaus Klump
6059658423,es un codigo ISBN de una edicion publicada por,Kirmizi Kedi Yayinevi
9786059658423,es un codigo ISBN para el libro,Joseph Walser'in Makinesi ve Bir Adam - Klaus Klump
9786059658423,es un codigo ISBN de una edicion publicada por,Kirmizi Kedi Yayinevi
Gonçalo Tavares,es autor de la obra,Joseph Walser'in Makinesi ve Bir Adam - Klaus Klump
9781941920640,es un codigo ISBN para el libro,Geography of Rebels Trilogy
9781941920640,es un codigo ISBN de una edicion publicada por,Deep Vellum Publishing
9781941920640,está escrito en,Inglés
9781941920633,es un codigo ISBN para el libro,Geography of Rebels Trilogy
9781941920633,es un codigo ISBN de una edicion publicada por,Deep Vellum Publishing
9781941920633,está escrito en,Inglés
Gonçalo Tavares,es autor de la obra,Geography of Rebels Trilogy
Geography of Rebels Trilogy,pertenece al género,"Fiction, general"
9786059908009,es un codigo ISBN para el libro,Beyefendiler
9786059908009,es un codigo ISBN de una edicion publicada por,Kirmizi Kedi
6059908004,es un codigo ISBN para el libro,Beyefendiler
6059908004,es un codigo ISBN de una edicion publicada por,Kirmizi Kedi
Gonçalo Tavares,es autor de la obra,Beyefendiler
9726107997,es un codigo ISBN para el libro,Biblioteca 1
9726107997,es un codigo ISBN de una edicion publicada por,Campo das Letras
9726107997,está escrito en,Portugués
Gonçalo Tavares,es autor de la obra,Biblioteca 1
9722115537,es un codigo ISBN para el libro,O Senhor Henri
9722115537,es un codigo ISBN de una edicion publicada por,Editorial Caminho
9722115537,está escrito en,Portugués
9789722115537,es un codigo ISBN para el libro,O Senhor Henri
9789722115537,es un codigo ISBN de una edicion publicada por,Editorial Caminho
9789722115537,está escrito en,Portugués
8439720521,es un codigo ISBN para el libro,O Senhor Henri
8439720521,es un codigo ISBN de una edicion publicada por,LITERATURA RANDOM HOUSE
8439720521,está escrito en,Español
9788439720522,es un codigo ISBN para el libro,O Senhor Henri
9788439720522,es un codigo ISBN de una edicion publicada por,LITERATURA RANDOM HOUSE
9788439720522,está escrito en,Español
9722115537,es un codigo ISBN de una edicion publicada por,"Livraria Caminho, Editorial"
Gonçalo Tavares,es autor de la obra,O Senhor Henri
9789722126564,es un codigo ISBN para el libro,Atlas do corpo e da imaginação (portuguese)
9789722126564,es un codigo ISBN de una edicion publicada por,Caminho
9789722126564,está escrito en,Portugués
9722126563,es un codigo ISBN para el libro,Atlas do corpo e da imaginação (portuguese)
9722126563,es un codigo ISBN de una edicion publicada por,Caminho
9722126563,está escrito en,Portugués
Gonçalo Tavares,es autor de la obra,Atlas do corpo e da imaginação (portuguese)
Atlas do corpo e da imaginação (portuguese),pertenece al género,Human body (Philosophy)
Atlas do corpo e da imaginação (portuguese),pertenece al género,Imagination (Philosophy)
Atlas do corpo e da imaginação (portuguese),pertenece al género,B105.b64 t38 2013
9786074111385,es un codigo ISBN para el libro,Canções mexicanas
9786074111385,es un codigo ISBN de una edicion publicada por,Almadía
9786074111385,está escrito en,Español
6074111383,es un codigo ISBN para el libro,Canções mexicanas
6074111383,es un codigo ISBN de una edicion publicada por,Almadía
6074111383,está escrito en,Español
9789896412623,es un codigo ISBN para el libro,Canções mexicanas
9789896412623,es un codigo ISBN de una edicion publicada por,Relógio d'Água
9789896412623,está escrito en,Portugués
Gonçalo Tavares,es autor de la obra,Canções mexicanas
Canções mexicanas,pertenece al género,Authors
Canções mexicanas,pertenece al género,Cuentos portugueses
Canções mexicanas,pertenece al género,Portuguese Short stories
Miguel Esteves Cardoso,es de nacionalidad,Portugal
9723703742,es un codigo ISBN para el libro,O amor é fodido
9723703742,es un codigo ISBN de una edicion publicada por,Assírio & Alvim
9723703742,está escrito en,Portugués
Miguel Esteves Cardoso,es autor de la obra,O amor é fodido
972254053X,es un codigo ISBN para el libro,As 100 Melhores Crónicas
972254053X,es un codigo ISBN de una edicion publicada por,Bertrand Editora
9789722540537,es un codigo ISBN para el libro,As 100 Melhores Crónicas
9789722540537,es un codigo ISBN de una edicion publicada por,Bertrand Editora
Miguel Esteves Cardoso,es autor de la obra,As 100 Melhores Crónicas
9723708752,es un codigo ISBN para el libro,Escrítica pop
9723708752,es un codigo ISBN de una edicion publicada por,Assírio & Alvim
9723708752,está escrito en,Portugués
Miguel Esteves Cardoso,es autor de la obra,Escrítica pop
9789722547109,es un codigo ISBN para el libro,Como Escrever
9789722547109,es un codigo ISBN de una edicion publicada por,Bertrand Editora
9789722547109,está escrito en,Portugués
Miguel Esteves Cardoso,es autor de la obra,Como Escrever
9789723710403,es un codigo ISBN para el libro,A minha andorinha
9789723710403,es un codigo ISBN de una edicion publicada por,Assírio & Alvim
9789723710403,está escrito en,Portugués
Miguel Esteves Cardoso,es autor de la obra,A minha andorinha
A minha andorinha,pertenece al género,Civilization
9789720031938,es un codigo ISBN para el libro,No passado e no futuro estamos todos mortos
9789720031938,es un codigo ISBN de una edicion publicada por,Porto Editora
9789720031938,está escrito en,Portugués
Miguel Esteves Cardoso,es autor de la obra,No passado e no futuro estamos todos mortos
9789720046475,es un codigo ISBN para el libro,Amores e saudades de um português arreliado
9789720046475,es un codigo ISBN de una edicion publicada por,Porto Editora
9789720046475,está escrito en,Portugués
Miguel Esteves Cardoso,es autor de la obra,Amores e saudades de um português arreliado
Amores e saudades de um português arreliado,pertenece al género,Love
9723706431,es un codigo ISBN para el libro,Explicações de Português
9723706431,es un codigo ISBN de una edicion publicada por,Assírio & Alvim
9723706431,está escrito en,Portugués
9789720046031,es un codigo ISBN para el libro,Explicações de Português
9789720046031,es un codigo ISBN de una edicion publicada por,Porto Editora
9789720046031,está escrito en,Portugués
Miguel Esteves Cardoso,es autor de la obra,Explicações de Português
9723702509,es un codigo ISBN para el libro,As minhas aventuras na República Portuguesa
9723702509,es un codigo ISBN de una edicion publicada por,Assírio e Alvim
9723702509,está escrito en,Portugués
Miguel Esteves Cardoso,es autor de la obra,As minhas aventuras na República Portuguesa
As minhas aventuras na República Portuguesa,pertenece al género,Civilization
9723704056,es un codigo ISBN para el libro,O cemitério de raparigas
9723704056,es un codigo ISBN de una edicion publicada por,Assírio & Alvim
9723704056,está escrito en,Portugués
Miguel Esteves Cardoso,es autor de la obra,O cemitério de raparigas
9723702916,es un codigo ISBN para el libro,Os meus problemas
9723702916,es un codigo ISBN de una edicion publicada por,Assírio & Alvim
9723702916,está escrito en,Portugués
Miguel Esteves Cardoso,es autor de la obra,Os meus problemas
Os meus problemas,pertenece al género,Civilization
9723701782,es un codigo ISBN para el libro,A vida inteira
9723701782,es un codigo ISBN de una edicion publicada por,Assírio & Alvim
9723701782,está escrito en,Portugués
Miguel Esteves Cardoso,es autor de la obra,A vida inteira
9723702746,es un codigo ISBN para el libro,A causa das coisas
9723702746,es un codigo ISBN de una edicion publicada por,Assírio & Alvim
9723702746,está escrito en,Portugués
9723702746,es un codigo ISBN de una edicion publicada por,Assírio & Alvim
Miguel Esteves Cardoso,es autor de la obra,A causa das coisas
A causa das coisas,pertenece al género,Civilization
Miguel Sousa Tavares,es de nacionalidad,Portugal
9788535923254,es un codigo ISBN para el libro,Madrugada Suja (Em Portugues do Brasil)
9788535923254,es un codigo ISBN de una edicion publicada por,Companhia das Letras
9788535923254,está escrito en,Portugués
853592325X,es un codigo ISBN para el libro,Madrugada Suja (Em Portugues do Brasil)
853592325X,es un codigo ISBN de una edicion publicada por,Companhia das Letras
853592325X,está escrito en,Portugués
Miguel Sousa Tavares,es autor de la obra,Madrugada Suja (Em Portugues do Brasil)
9895550669,es un codigo ISBN para el libro,Sul Viagens
9895550669,es un codigo ISBN de una edicion publicada por,oficina
9789895550661,es un codigo ISBN para el libro,Sul Viagens
9789895550661,es un codigo ISBN de una edicion publicada por,oficina
Miguel Sousa Tavares,es autor de la obra,Sul Viagens
Sul Viagens,pertenece al género,Travel
Sul Viagens,pertenece al género,Journalists
9897241930,es un codigo ISBN para el libro,Não Se Encontra O Que Se Procura
9897241930,es un codigo ISBN de una edicion publicada por,Clube do Autor
9789897241932,es un codigo ISBN para el libro,Não Se Encontra O Que Se Procura
9789897241932,es un codigo ISBN de una edicion publicada por,Clube do Autor
Miguel Sousa Tavares,es autor de la obra,Não Se Encontra O Que Se Procura
8495616734,es un codigo ISBN para el libro,Equador
8495616734,es un codigo ISBN de una edicion publicada por,Edicions La Campana
9788495616739,es un codigo ISBN para el libro,Equador
9788495616739,es un codigo ISBN de una edicion publicada por,Edicions La Campana
8520916368,es un codigo ISBN para el libro,Equador
8520916368,es un codigo ISBN de una edicion publicada por,Nova Fronteira
8520916368,está escrito en,Portugués
9788520916360,es un codigo ISBN para el libro,Equador
9788520916360,es un codigo ISBN de una edicion publicada por,Nova Fronteira
9788520916360,está escrito en,Portugués
Miguel Sousa Tavares,es autor de la obra,Equador
Equador,pertenece al género,Governors
Equador,pertenece al género,Fiction
Equador,pertenece al género,Slavery
9720034777,es un codigo ISBN para el libro,Último Olhar
9720034777,es un codigo ISBN de una edicion publicada por,Porto Editora
9789720034779,es un codigo ISBN para el libro,Último Olhar
9789720034779,es un codigo ISBN de una edicion publicada por,Porto Editora
Miguel Sousa Tavares,es autor de la obra,Último Olhar
9789897244056,es un codigo ISBN para el libro,Cebola Crua com Sal e Broa
9789897244056,es un codigo ISBN de una edicion publicada por,Clube do Autor
9897244050,es un codigo ISBN para el libro,Cebola Crua com Sal e Broa
9897244050,es un codigo ISBN de una edicion publicada por,Clube do Autor
Miguel Sousa Tavares,es autor de la obra,Cebola Crua com Sal e Broa
9789897240119,es un codigo ISBN para el libro,A história não acaba assim
9789897240119,es un codigo ISBN de una edicion publicada por,Clube do Autor
9789897240119,está escrito en,Portugués
Miguel Sousa Tavares,es autor de la obra,A história não acaba assim
A história não acaba assim,pertenece al género,Politics and government
9789895555536,es un codigo ISBN para el libro,Ukuhamba
9789895555536,es un codigo ISBN de una edicion publicada por,Oficina do Livro
9789895555536,está escrito en,Portugués
Miguel Sousa Tavares,es autor de la obra,Ukuhamba
Ukuhamba,pertenece al género,Animals
Ukuhamba,pertenece al género,Landscapes
Ukuhamba,pertenece al género,Description and travel
9789895555178,es un codigo ISBN para el libro,Ismael e Chopin
9789895555178,es un codigo ISBN de una edicion publicada por,Oficina do Livro
9789895555178,está escrito en,Portugués
Miguel Sousa Tavares,es autor de la obra,Ismael e Chopin
9789897240720,es un codigo ISBN para el libro,Madrugada suja
9789897240720,es un codigo ISBN de una edicion publicada por,Clube do Autor
9789897240720,está escrito en,Portugués
Miguel Sousa Tavares,es autor de la obra,Madrugada suja
9780747596622,es un codigo ISBN para el libro,Equator
9780747596622,es un codigo ISBN de una edicion publicada por,Bloomsbury USA
074759662X,es un codigo ISBN para el libro,Equator
074759662X,es un codigo ISBN de una edicion publicada por,Bloomsbury USA
Miguel Sousa Tavares,es autor de la obra,Equator
Equator,pertenece al género,"Portugal, fiction"
Equator,pertenece al género,"Fiction, historical"
9789895554645,es un codigo ISBN para el libro,No teu deserto
9789895554645,es un codigo ISBN de una edicion publicada por,Oficina do Livro
9789895554645,está escrito en,Portugués
Miguel Sousa Tavares,es autor de la obra,No teu deserto
9728579527,es un codigo ISBN para el libro,Anos perdidos
9728579527,es un codigo ISBN de una edicion publicada por,Oficina do Livro
9728579527,está escrito en,Portugués
Miguel Sousa Tavares,es autor de la obra,Anos perdidos
Anos perdidos,pertenece al género,Politics and government
Anos perdidos,pertenece al género,Socialism
Anos perdidos,pertenece al género,History
8535918981,es un codigo ISBN para el libro,Equador
8535918981,es un codigo ISBN de una edicion publicada por,Companhia das Letras3
9788535918984,es un codigo ISBN para el libro,Equador
9788535918984,es un codigo ISBN de una edicion publicada por,Companhia das Letras3
9782020669511,es un codigo ISBN para el libro,Equador
9782020669511,es un codigo ISBN de una edicion publicada por,SEUIL
202066951X,es un codigo ISBN para el libro,Equador
202066951X,es un codigo ISBN de una edicion publicada por,SEUIL
9895550138,es un codigo ISBN para el libro,Equador
9895550138,es un codigo ISBN de una edicion publicada por,Oficina do Livro
9895550138,está escrito en,Portugués
9895550138,es un codigo ISBN para el libro,Equador. Romance
Miguel Sousa Tavares,es autor de la obra,Equador. Romance
9780747581741,es un codigo ISBN para el libro,Equator
9780747581741,es un codigo ISBN de una edicion publicada por,Bloomsbury
9780747581741,está escrito en,Inglés
0747581746,es un codigo ISBN para el libro,Equator
0747581746,es un codigo ISBN de una edicion publicada por,Bloomsbury
0747581746,está escrito en,Inglés
Equator,pertenece al género,Fiction
Equator,pertenece al género,Governors
Equator,pertenece al género,Governors in fiction
9728579225,es un codigo ISBN para el libro,"Não te deixarei morrer, David Crockett"
9728579225,es un codigo ISBN de una edicion publicada por,Oficina do Livro
9728579225,es un codigo ISBN de una edicion publicada por,nan
9728579225,está escrito en,Portugués
Miguel Sousa Tavares,es autor de la obra,"Não te deixarei morrer, David Crockett"
9788535912234,es un codigo ISBN para el libro,Rio das flores
9788535912234,es un codigo ISBN de una edicion publicada por,Companhia das Letras
9788535912234,está escrito en,Portugués
8535912231,es un codigo ISBN para el libro,Rio das flores
8535912231,es un codigo ISBN de una edicion publicada por,Companhia das Letras
8535912231,está escrito en,Portugués
9789895553181,es un codigo ISBN para el libro,Rio das flores
9789895553181,es un codigo ISBN de una edicion publicada por,Oficina do Livro
9789895553181,está escrito en,Portugués
Miguel Sousa Tavares,es autor de la obra,Rio das flores
9727082254,es un codigo ISBN para el libro,Um nómada no oásis
9727082254,es un codigo ISBN de una edicion publicada por,Relógio d'Agua
9727082254,está escrito en,Portugués
Miguel Sousa Tavares,es autor de la obra,Um nómada no oásis
Um nómada no oásis,pertenece al género,Politics and government
Henrique Lopes de Mendonça,es de nacionalidad,Portugal
9781979962544,es un codigo ISBN para el libro,Terra Dos Cegos
9781979962544,es un codigo ISBN de una edicion publicada por,CreateSpace Independent Publishing Platform
9781979962544,está escrito en,Portugués
Henrique Lopes de Mendonça,es autor de la obra,Terra Dos Cegos
Ferreira de Castro,es de nacionalidad,Portugal
Mário Cesariny,es de nacionalidad,Portugal
9788486418755,es un codigo ISBN para el libro,Navío de espejos
9788486418755,es un codigo ISBN de una edicion publicada por,Círculo de Bellas Artes
9788486418755,está escrito en,Español
Mário Cesariny,es autor de la obra,Navío de espejos
Eugénio de Castro,es de nacionalidad,Portugal
972863224X,es un codigo ISBN para el libro,"Simbolismo, saudosismo e modernismo"
972863224X,es un codigo ISBN de una edicion publicada por,Quasi Edições
972863224X,está escrito en,Portugués
Eugénio de Castro,es autor de la obra,"Simbolismo, saudosismo e modernismo"
9726104580,es un codigo ISBN para el libro,Obras poéticas (Obras clássicas da literatura portuguesa)
9726104580,es un codigo ISBN de una edicion publicada por,Campo das Letras
9726104580,está escrito en,Portugués
9726104580,está escrito en,Francés
9789726104582,es un codigo ISBN para el libro,Obras poéticas (Obras clássicas da literatura portuguesa)
9789726104582,es un codigo ISBN de una edicion publicada por,Campo das Letras
9789726104582,está escrito en,Portugués
9789726104582,está escrito en,Francés
Eugénio de Castro,es autor de la obra,Obras poéticas (Obras clássicas da literatura portuguesa)
9788498520606,es un codigo ISBN para el libro,Eugénio de Castro y la cultura hispánica
9788498520606,es un codigo ISBN de una edicion publicada por,Editora Regional de Extremadura
9788498520606,está escrito en,Español
Eugénio de Castro,es autor de la obra,Eugénio de Castro y la cultura hispánica
Eugénio de Castro y la cultura hispánica,pertenece al género,Correspondence
Eugénio de Castro y la cultura hispánica,pertenece al género,Intellectual life
Eugénio de Castro y la cultura hispánica,pertenece al género,Portuguese Poets
Abel Botelho,es de nacionalidad,Portugal
9798707923814,es un codigo ISBN para el libro,Amor Crioulo
9798707923814,es un codigo ISBN de una edicion publicada por,Independently Published
9798707923814,está escrito en,Portugués
9798674930525,es un codigo ISBN para el libro,Amor Crioulo
9798674930525,es un codigo ISBN de una edicion publicada por,Independently Published
9798674930525,está escrito en,Portugués
9798468290057,es un codigo ISBN para el libro,Amor Crioulo
9798468290057,es un codigo ISBN de una edicion publicada por,Independently Published
9798468290057,está escrito en,Portugués
9798453627820,es un codigo ISBN para el libro,Amor Crioulo
9798453627820,es un codigo ISBN de una edicion publicada por,Independently Published
9798453627820,está escrito en,Portugués
9798711789109,es un codigo ISBN para el libro,Amor Crioulo
9798711789109,es un codigo ISBN de una edicion publicada por,Independently Published
9798711789109,está escrito en,Portugués
Abel Botelho,es autor de la obra,Amor Crioulo
9724818519,es un codigo ISBN para el libro,Lira insubmissa
9724818519,es un codigo ISBN de una edicion publicada por,Lello
9724818519,está escrito en,Portugués
9789724818511,es un codigo ISBN para el libro,Lira insubmissa
9789724818511,es un codigo ISBN de una edicion publicada por,Lello
9789724818511,está escrito en,Portugués
9789724818519,es un codigo ISBN para el libro,Lira insubmissa
9789724818519,es un codigo ISBN de una edicion publicada por,Lello
9789724818519,está escrito en,Portugués
Abel Botelho,es autor de la obra,Lira insubmissa
6581017043,es un codigo ISBN para el libro,O barão de Lavos
6581017043,es un codigo ISBN de una edicion publicada por,O Sexo da Palavra
6581017043,está escrito en,Portugués
9786581017040,es un codigo ISBN para el libro,O barão de Lavos
9786581017040,es un codigo ISBN de una edicion publicada por,O Sexo da Palavra
9786581017040,está escrito en,Portugués
Abel Botelho,es autor de la obra,O barão de Lavos
O barão de Lavos,pertenece al género,LGBTQ fiction before Stonewall
José Gomes Ferreira,es de nacionalidad,Portugal
9722007513,es un codigo ISBN para el libro,Aventuras de João sem medo
9722007513,es un codigo ISBN de una edicion publicada por,Publicações Dom Quixote
9722007513,está escrito en,Portugués
9789896530068,es un codigo ISBN para el libro,Aventuras de João sem medo
9789896530068,es un codigo ISBN de una edicion publicada por,BIS
9896530068,es un codigo ISBN para el libro,Aventuras de João sem medo
9896530068,es un codigo ISBN de una edicion publicada por,BIS
José Gomes Ferreira,es autor de la obra,Aventuras de João sem medo
9722007904,es un codigo ISBN para el libro,Poeta militante
9722007904,es un codigo ISBN de una edicion publicada por,Dom Quixote
9722007904,está escrito en,Portugués
9722009834,es un codigo ISBN para el libro,Poeta militante
9722009834,es un codigo ISBN de una edicion publicada por,Dom Quixote
9722009834,está escrito en,Portugués
9722000659,es un codigo ISBN para el libro,Poeta militante
9722000659,es un codigo ISBN de una edicion publicada por,Dom Quixote
9722000659,está escrito en,Portugués
José Gomes Ferreira,es autor de la obra,Poeta militante
9789899153196,es un codigo ISBN para el libro,Ensino Superior e Desenvolvimento
9789899153196,es un codigo ISBN de una edicion publicada por,Fundação Francisco Manuel dos Santos
José Gomes Ferreira,es autor de la obra,Ensino Superior e Desenvolvimento
9789722052627,es un codigo ISBN para el libro,O meu programa de governo
9789722052627,es un codigo ISBN de una edicion publicada por,Livros d'Hoje
9789722052627,está escrito en,Portugués
José Gomes Ferreira,es autor de la obra,O meu programa de governo
O meu programa de governo,pertenece al género,Economic conditions
O meu programa de governo,pertenece al género,Social conditions
9722038141,es un codigo ISBN para el libro,Tempo escandinavo
9722038141,es un codigo ISBN de una edicion publicada por,Dom Quixote
9722038141,está escrito en,Portugués
9789722038140,es un codigo ISBN para el libro,Tempo escandinavo
9789722038140,es un codigo ISBN de una edicion publicada por,Dom Quixote
9789722038140,está escrito en,Portugués
José Gomes Ferreira,es autor de la obra,Tempo escandinavo
Eugénio de Andrade,es de nacionalidad,Portugal
9789898364173,es un codigo ISBN para el libro,Poesia
9789898364173,es un codigo ISBN de una edicion publicada por,Modo de Ler
9789898364173,está escrito en,Portugués
9898364173,es un codigo ISBN para el libro,Poesia
9898364173,es un codigo ISBN de una edicion publicada por,Modo de Ler
9898364173,está escrito en,Portugués
Eugénio de Andrade,es autor de la obra,Poesia
848801581X,es un codigo ISBN para el libro,Los surcos de la sed
848801581X,es un codigo ISBN de una edicion publicada por,"Calambur Editorial, S.L."
9788488015815,es un codigo ISBN para el libro,Los surcos de la sed
9788488015815,es un codigo ISBN de una edicion publicada por,"Calambur Editorial, S.L."
Eugénio de Andrade,es autor de la obra,Los surcos de la sed
8487101127,es un codigo ISBN para el libro,El otro nombre de la tierra
8487101127,es un codigo ISBN de una edicion publicada por,Pre-textos/poesia
9788487101120,es un codigo ISBN para el libro,El otro nombre de la tierra
9788487101120,es un codigo ISBN de una edicion publicada por,Pre-textos/poesia
Eugénio de Andrade,es autor de la obra,El otro nombre de la tierra
9781956921090,es un codigo ISBN para el libro,Furrows of Thirst
9781956921090,es un codigo ISBN de una edicion publicada por,Lavender Ink
9781956921090,está escrito en,Inglés
Eugénio de Andrade,es autor de la obra,Furrows of Thirst
9723717417,es un codigo ISBN para el libro,Escrita da terra ; Homenagens e outros epitáfios
9723717417,es un codigo ISBN de una edicion publicada por,Assírio & Alvim
9723717417,está escrito en,Portugués
9789723717419,es un codigo ISBN para el libro,Escrita da terra ; Homenagens e outros epitáfios
9789723717419,es un codigo ISBN de una edicion publicada por,Assírio & Alvim
9789723717419,está escrito en,Portugués
Eugénio de Andrade,es autor de la obra,Escrita da terra ; Homenagens e outros epitáfios
9788493679033,es un codigo ISBN para el libro,Les manes enceses
9788493679033,es un codigo ISBN de una edicion publicada por,Saltadera
8493679038,es un codigo ISBN para el libro,Les manes enceses
8493679038,es un codigo ISBN de una edicion publicada por,Saltadera
Eugénio de Andrade,es autor de la obra,Les manes enceses
9788476320594,es un codigo ISBN para el libro,Quatre poetes portuguesos
9788476320594,es un codigo ISBN de una edicion publicada por,Edicions UIB
8476320590,es un codigo ISBN para el libro,Quatre poetes portuguesos
8476320590,es un codigo ISBN de una edicion publicada por,Edicions UIB
Eugénio de Andrade,es autor de la obra,Quatre poetes portuguesos
9789895522323,es un codigo ISBN para el libro,Primeiros poemas
9789895522323,es un codigo ISBN de una edicion publicada por,Quasi
9789895522323,está escrito en,Portugués
9895522320,es un codigo ISBN para el libro,Primeiros poemas
9895522320,es un codigo ISBN de una edicion publicada por,Quasi
9895522320,está escrito en,Portugués
Eugénio de Andrade,es autor de la obra,Primeiros poemas
9789723716665,es un codigo ISBN para el libro,Coração do dia ; Mar de setembro
9789723716665,es un codigo ISBN de una edicion publicada por,Assírio & Alvim
9789723716665,está escrito en,Portugués
9723716666,es un codigo ISBN para el libro,Coração do dia ; Mar de setembro
9723716666,es un codigo ISBN de una edicion publicada por,Assírio & Alvim
9723716666,está escrito en,Portugués
Eugénio de Andrade,es autor de la obra,Coração do dia ; Mar de setembro
9788475174822,es un codigo ISBN para el libro,Aquella nube y otras
9788475174822,es un codigo ISBN de una edicion publicada por,Hiperión
8475174825,es un codigo ISBN para el libro,Aquella nube y otras
8475174825,es un codigo ISBN de una edicion publicada por,Hiperión
Eugénio de Andrade,es autor de la obra,Aquella nube y otras
9789895523962,es un codigo ISBN para el libro,À sombra da memória
9789895523962,es un codigo ISBN de una edicion publicada por,Quasi
9789895523962,está escrito en,Portugués
9895523963,es un codigo ISBN para el libro,À sombra da memória
9895523963,es un codigo ISBN de una edicion publicada por,Quasi
9895523963,está escrito en,Portugués
Eugénio de Andrade,es autor de la obra,À sombra da memória
9788475176000,es un codigo ISBN para el libro,La sal de la lengua
9788475176000,es un codigo ISBN de una edicion publicada por,Hiperión
8475176003,es un codigo ISBN para el libro,La sal de la lengua
8475176003,es un codigo ISBN de una edicion publicada por,Hiperión
Eugénio de Andrade,es autor de la obra,La sal de la lengua
9788475177380,es un codigo ISBN para el libro,Lugares de la lumbre = Os lugares do lume
9788475177380,es un codigo ISBN de una edicion publicada por,Hiperión
8475177387,es un codigo ISBN para el libro,Lugares de la lumbre = Os lugares do lume
8475177387,es un codigo ISBN de una edicion publicada por,Hiperión
Eugénio de Andrade,es autor de la obra,Lugares de la lumbre = Os lugares do lume
9788481917680,es un codigo ISBN para el libro,A la sombra de la memoria
9788481917680,es un codigo ISBN de una edicion publicada por,Editorial Pre-Textos
9788481917680,es un codigo ISBN de una edicion publicada por,PRETEXTOS
8481917680,es un codigo ISBN para el libro,A la sombra de la memoria
8481917680,es un codigo ISBN de una edicion publicada por,Editorial Pre-Textos
8481917680,es un codigo ISBN de una edicion publicada por,PRETEXTOS
Eugénio de Andrade,es autor de la obra,A la sombra de la memoria
9789898364166,es un codigo ISBN para el libro,Prosa
9789898364166,es un codigo ISBN de una edicion publicada por,Modo de Ler
9789898364166,está escrito en,Portugués
9898364165,es un codigo ISBN para el libro,Prosa
9898364165,es un codigo ISBN de una edicion publicada por,Modo de Ler
9898364165,está escrito en,Portugués
Eugénio de Andrade,es autor de la obra,Prosa
9788475174518,es un codigo ISBN para el libro,Oficio de paciencia
9788475174518,es un codigo ISBN de una edicion publicada por,Hiperión
8475174515,es un codigo ISBN para el libro,Oficio de paciencia
8475174515,es un codigo ISBN de una edicion publicada por,Hiperión
Eugénio de Andrade,es autor de la obra,Oficio de paciencia
8481303658,es un codigo ISBN para el libro,O Sal da Língua precedido de Trinta Poemas
8481303658,es un codigo ISBN de una edicion publicada por,Associação Portuguesa de Escritores
8481303658,está escrito en,Portugués
Eugénio de Andrade,es autor de la obra,O Sal da Língua precedido de Trinta Poemas
9789723717402,es un codigo ISBN para el libro,Véspera da água
9789723717402,es un codigo ISBN de una edicion publicada por,Assírio & Alvim
9789723717402,está escrito en,Portugués
9723717409,es un codigo ISBN para el libro,Véspera da água
9723717409,es un codigo ISBN de una edicion publicada por,Assírio & Alvim
9723717409,está escrito en,Portugués
Eugénio de Andrade,es autor de la obra,Véspera da água
9788481914191,es un codigo ISBN para el libro,Todo el oro del día
9788481914191,es un codigo ISBN de una edicion publicada por,Editorial Pre-Textos
9788481914191,está escrito en,Español
8481914193,es un codigo ISBN para el libro,Todo el oro del día
8481914193,es un codigo ISBN de una edicion publicada por,Editorial Pre-Textos
8481914193,está escrito en,Español
Eugénio de Andrade,es autor de la obra,Todo el oro del día
António Teixeira de Sousa,es de nacionalidad,Portugal
Carlos Castro,es de nacionalidad,Portugal
8486019176,es un codigo ISBN para el libro,Fidel y la religion
8486019176,es un codigo ISBN de una edicion publicada por,Caribe
8486019176,está escrito en,Español
Carlos Castro,es autor de la obra,Fidel y la religion
Fidel y la religion,pertenece al género,Religion
Fidel y la religion,pertenece al género,Church and state
9789722033534,es un codigo ISBN para el libro,Solidão povoada
9789722033534,es un codigo ISBN de una edicion publicada por,Publicações Dom Quixote
9789722033534,está escrito en,Portugués
Carlos Castro,es autor de la obra,Solidão povoada
Solidão povoada,pertenece al género,Journalists
Solidão povoada,pertenece al género,Biography
8421400851,es un codigo ISBN para el libro,La fuga del siglo
8421400851,es un codigo ISBN de una edicion publicada por,Ediciones Aura
8421400851,está escrito en,Español
9788421400852,es un codigo ISBN para el libro,La fuga del siglo
9788421400852,es un codigo ISBN de una edicion publicada por,Ediciones Aura
9788421400852,está escrito en,Español
8421400851,es un codigo ISBN de una edicion publicada por,Ediciones Aura.
Carlos Castro,es autor de la obra,La fuga del siglo
La fuga del siglo,pertenece al género,Escapes
9781317334385,es un codigo ISBN para el libro,Migration and Agriculture
9781317334385,es un codigo ISBN de una edicion publicada por,Taylor & Francis Group
9781317334385,está escrito en,Inglés
9781315659558,es un codigo ISBN para el libro,Migration and Agriculture
9781315659558,es un codigo ISBN de una edicion publicada por,Taylor & Francis Group
9781315659558,está escrito en,Inglés
9780367200121,es un codigo ISBN para el libro,Migration and Agriculture
9780367200121,es un codigo ISBN de una edicion publicada por,Taylor & Francis Group
9780367200121,está escrito en,Inglés
9781317334408,es un codigo ISBN para el libro,Migration and Agriculture
9781317334408,es un codigo ISBN de una edicion publicada por,Taylor & Francis Group
9781317334408,está escrito en,Inglés
9781317334392,es un codigo ISBN para el libro,Migration and Agriculture
9781317334392,es un codigo ISBN de una edicion publicada por,Taylor & Francis Group
9781317334392,está escrito en,Inglés
9781138962231,es un codigo ISBN para el libro,Migration and Agriculture
9781138962231,es un codigo ISBN de una edicion publicada por,Taylor & Francis Group
9781138962231,está escrito en,Inglés
Carlos Castro,es autor de la obra,Migration and Agriculture
Migration and Agriculture,pertenece al género,Foreign workers
Migration and Agriculture,pertenece al género,Agricultural laborers
Migration and Agriculture,pertenece al género,"Mediterranean region, history"
9783031807848,es un codigo ISBN para el libro,Industrial Engineering and Operations Management
9783031807848,es un codigo ISBN de una edicion publicada por,Springer
9783031807848,está escrito en,Inglés
9783031470608,es un codigo ISBN para el libro,Industrial Engineering and Operations Management
9783031470608,es un codigo ISBN de una edicion publicada por,Springer
9783031470608,está escrito en,Inglés
9783031470578,es un codigo ISBN para el libro,Industrial Engineering and Operations Management
9783031470578,es un codigo ISBN de una edicion publicada por,Springer
9783031470578,está escrito en,Inglés
9783031147654,es un codigo ISBN para el libro,Industrial Engineering and Operations Management
9783031147654,es un codigo ISBN de una edicion publicada por,Springer International Publishing AG
9783031147654,está escrito en,Inglés
9783030785727,es un codigo ISBN para el libro,Industrial Engineering and Operations Management
9783030785727,es un codigo ISBN de una edicion publicada por,Springer International Publishing AG
9783030785727,está escrito en,Inglés
9783031147623,es un codigo ISBN para el libro,Industrial Engineering and Operations Management
9783031147623,es un codigo ISBN de una edicion publicada por,Springer International Publishing AG
9783031147623,está escrito en,Inglés
9783030569198,es un codigo ISBN para el libro,Industrial Engineering and Operations Management
9783030569198,es un codigo ISBN de una edicion publicada por,Springer International Publishing AG
9783030569198,está escrito en,Inglés
9783030785697,es un codigo ISBN para el libro,Industrial Engineering and Operations Management
9783030785697,es un codigo ISBN de una edicion publicada por,Springer International Publishing AG
9783030785697,está escrito en,Inglés
Carlos Castro,es autor de la obra,Industrial Engineering and Operations Management
9789990028034,es un codigo ISBN para el libro,Al margen de lo visible
9789990028034,es un codigo ISBN de una edicion publicada por,Libros Sin Fronteras Inventory
9990028036,es un codigo ISBN para el libro,Al margen de lo visible
9990028036,es un codigo ISBN de una edicion publicada por,Libros Sin Fronteras Inventory
Carlos Castro,es autor de la obra,Al margen de lo visible
Al margen de lo visible,pertenece al género,Nicaraguan poetry
9781032251295,es un codigo ISBN para el libro,COVID-19 and Social Change in Spain
9781032251295,es un codigo ISBN de una edicion publicada por,Routledge
9781032251295,está escrito en,Inglés
9781032251301,es un codigo ISBN para el libro,COVID-19 and Social Change in Spain
9781032251301,es un codigo ISBN de una edicion publicada por,Routledge
9781032251301,está escrito en,Inglés
9781000781960,es un codigo ISBN para el libro,COVID-19 and Social Change in Spain
9781000781960,es un codigo ISBN de una edicion publicada por,Taylor & Francis Group
9781000781960,está escrito en,Inglés
9781003281719,es un codigo ISBN para el libro,COVID-19 and Social Change in Spain
9781003281719,es un codigo ISBN de una edicion publicada por,Taylor & Francis Group
9781003281719,está escrito en,Inglés
9781000782004,es un codigo ISBN para el libro,COVID-19 and Social Change in Spain
9781000782004,es un codigo ISBN de una edicion publicada por,Taylor & Francis Group
9781000782004,está escrito en,Inglés
Carlos Castro,es autor de la obra,COVID-19 and Social Change in Spain
COVID-19 and Social Change in Spain,pertenece al género,"COVID-19 Pandemic, 2020-"
COVID-19 and Social Change in Spain,pertenece al género,Social change
COVID-19 and Social Change in Spain,pertenece al género,Social conditions
9788423410033,es un codigo ISBN para el libro,Gestion de La Fuerza de Ventas
9788423410033,es un codigo ISBN de una edicion publicada por,Deusto
9788423410033,está escrito en,Español
842341003X,es un codigo ISBN para el libro,Gestion de La Fuerza de Ventas
842341003X,es un codigo ISBN de una edicion publicada por,Deusto
842341003X,está escrito en,Español
Carlos Castro,es autor de la obra,Gestion de La Fuerza de Ventas
9781647899868,es un codigo ISBN para el libro,Auto Coaching
9781647899868,es un codigo ISBN de una edicion publicada por,BARKER & JULES LLC
9781647899868,está escrito en,Español
9781647899851,es un codigo ISBN para el libro,Auto Coaching
9781647899851,es un codigo ISBN de una edicion publicada por,BARKER & JULES LLC
9781647899851,está escrito en,Español
Carlos Castro,es autor de la obra,Auto Coaching
Auto Coaching,pertenece al género,Business
Auto Coaching,pertenece al género,Self-help techniques
9798630164421,es un codigo ISBN para el libro,Reno - Libro de Colorear
9798630164421,es un codigo ISBN de una edicion publicada por,Independently Published
9798630164421,está escrito en,Español
Carlos Castro,es autor de la obra,Reno - Libro de Colorear
9781643700687,es un codigo ISBN para el libro,Two Hundred
9781643700687,es un codigo ISBN de una edicion publicada por,Primedia eLaunch LLC
9781643700687,está escrito en,Inglés
Carlos Castro,es autor de la obra,Two Hundred
Two Hundred,pertenece al género,Philosophy
9728310102,es un codigo ISBN para el libro,O chique e o choque
9728310102,es un codigo ISBN de una edicion publicada por,Hugin
9728310102,está escrito en,Portugués
Carlos Castro,es autor de la obra,O chique e o choque
O chique e o choque,pertenece al género,Journalists
O chique e o choque,pertenece al género,Biography
9781549804854,es un codigo ISBN para el libro,Um Olhar Sobre Preto e Branco
9781549804854,es un codigo ISBN de una edicion publicada por,Independently Published
9781549804854,está escrito en,Portugués
Carlos Castro,es autor de la obra,Um Olhar Sobre Preto e Branco
9780464525684,es un codigo ISBN para el libro,Ilustraciones de Galicia
9780464525684,es un codigo ISBN de una edicion publicada por,Blurb
9780464525684,está escrito en,Español
Carlos Castro,es autor de la obra,Ilustraciones de Galicia
9781388044558,es un codigo ISBN para el libro,Carlos CastroIlustraciones
9781388044558,es un codigo ISBN de una edicion publicada por,Blurb
9781388044558,está escrito en,Español
Carlos Castro,es autor de la obra,Carlos CastroIlustraciones
9781389968846,es un codigo ISBN para el libro,Vigo and Rias Baixas
9781389968846,es un codigo ISBN de una edicion publicada por,Blurb
9781389968846,está escrito en,Español
Carlos Castro,es autor de la obra,Vigo and Rias Baixas
9781475074789,es un codigo ISBN para el libro,Mototaxi
9781475074789,es un codigo ISBN de una edicion publicada por,CreateSpace Independent Publishing Platform
9781475074789,está escrito en,Español
Carlos Castro,es autor de la obra,Mototaxi
9589021700,es un codigo ISBN para el libro,La voz del viento
9589021700,es un codigo ISBN de una edicion publicada por,Editorial Universidad de Antioquia
9589021700,está escrito en,Español
9789589021705,es un codigo ISBN para el libro,La voz del viento
9789589021705,es un codigo ISBN de una edicion publicada por,Editorial Universidad de Antioquia
9789589021705,está escrito en,Español
Carlos Castro,es autor de la obra,La voz del viento
9789997455765,es un codigo ISBN para el libro,El último tambor
9789997455765,es un codigo ISBN de una edicion publicada por,Editorial Comunicarte
9789997455765,está escrito en,Español
9997455762,es un codigo ISBN para el libro,El último tambor
9997455762,es un codigo ISBN de una edicion publicada por,Editorial Comunicarte
9997455762,está escrito en,Español
Carlos Castro,es autor de la obra,El último tambor
El último tambor,pertenece al género,"War of the Pacific, 1879-1884"
El último tambor,pertenece al género,History
El último tambor,pertenece al género,War of the Pacific (1879-1884) fast (OCoLC)fst01170524
9783030253189,es un codigo ISBN para el libro,Mobile Media In and Outside of the Art Classroom
9783030253189,es un codigo ISBN de una edicion publicada por,Springer International Publishing AG
9783030253189,está escrito en,Inglés
9783030253158,es un codigo ISBN para el libro,Mobile Media In and Outside of the Art Classroom
9783030253158,es un codigo ISBN de una edicion publicada por,Palgrave Macmillan
3030253155,es un codigo ISBN para el libro,Mobile Media In and Outside of the Art Classroom
3030253155,es un codigo ISBN de una edicion publicada por,Palgrave Macmillan
Carlos Castro,es autor de la obra,Mobile Media In and Outside of the Art Classroom
Botelho Moniz,es de nacionalidad,Portugal
9789728799595,es un codigo ISBN para el libro,Visões etratégicas no final do império
9789728799595,es un codigo ISBN de una edicion publicada por,Tribuna
9789728799595,es un codigo ISBN de una edicion publicada por,Tribuna da História
9789728799595,está escrito en,Portugués
9728799594,es un codigo ISBN para el libro,Visões etratégicas no final do império
9728799594,es un codigo ISBN de una edicion publicada por,Tribuna
9728799594,es un codigo ISBN de una edicion publicada por,Tribuna da História
9728799594,está escrito en,Portugués
Botelho Moniz,es autor de la obra,Visões etratégicas no final do império
Visões etratégicas no final do império,pertenece al género,Military History
Visões etratégicas no final do império,pertenece al género,Colonies
Visões etratégicas no final do império,pertenece al género,Defenses
"Luisa Isabel Álvarez de Toledo, XXI duquesa de Medina Sidonia",es de nacionalidad,Portugal
8425309174,es un codigo ISBN para el libro,La cacería
8425309174,es un codigo ISBN de una edicion publicada por,Grijalbo
8425309174,está escrito en,Español
8425309387,es un codigo ISBN para el libro,La cacería
8425309387,es un codigo ISBN de una edicion publicada por,Grijalbo
8425309387,está escrito en,Español
"Luisa Isabel Álvarez de Toledo, XXI duquesa de Medina Sidonia",es autor de la obra,La cacería
8436242424,es un codigo ISBN para el libro,Palomares
8436242424,es un codigo ISBN de una edicion publicada por,Universidad Nacional de Educación a Distancia
8436242424,está escrito en,Español
"Luisa Isabel Álvarez de Toledo, XXI duquesa de Medina Sidonia",es autor de la obra,Palomares
Palomares,pertenece al género,Aircraft accidents
Palomares,pertenece al género,"History, Military"
Palomares,pertenece al género,Hydrogen bomb
Maria Isabel Barreno,es de nacionalidad,Portugal
9722015001,es un codigo ISBN para el libro,Novas cartas portuguesas
9722015001,es un codigo ISBN de una edicion publicada por,Publicações Dom Quixote
9722015001,está escrito en,Portugués
Maria Isabel Barreno,es autor de la obra,Novas cartas portuguesas
9896760152,es un codigo ISBN para el libro,Corredores secretos
9896760152,es un codigo ISBN de una edicion publicada por,Sextante Editora
9896760152,está escrito en,Portugués
9789896760151,es un codigo ISBN para el libro,Corredores secretos
9789896760151,es un codigo ISBN de una edicion publicada por,Sextante Editora
9789896760151,está escrito en,Portugués
Maria Isabel Barreno,es autor de la obra,Corredores secretos
9722112481,es un codigo ISBN para el libro,As vesperas esquecidas
9722112481,es un codigo ISBN de una edicion publicada por,Editorial Caminho
9722112481,está escrito en,Inglés
Maria Isabel Barreno,es autor de la obra,As vesperas esquecidas
8756803362,es un codigo ISBN para el libro,De tre Mariaer
8756803362,es un codigo ISBN de una edicion publicada por,Samleren
8756803362,está escrito en,Danés
Maria Isabel Barreno,es autor de la obra,De tre Mariaer
9722104578,es un codigo ISBN para el libro,A morte da Mãe
9722104578,es un codigo ISBN de una edicion publicada por,Caminho
9722104578,está escrito en,Portugués
Maria Isabel Barreno,es autor de la obra,A morte da Mãe
0586082468,es un codigo ISBN para el libro,The new Portuguese letters
0586082468,es un codigo ISBN de una edicion publicada por,Paladin
0586082468,está escrito en,Inglés
Maria Isabel Barreno,es autor de la obra,The new Portuguese letters
9722110276,es un codigo ISBN para el libro,O Mundo sobre o outro desbotado
9722110276,es un codigo ISBN de una edicion publicada por,Caminho
9722110276,está escrito en,Portugués
Maria Isabel Barreno,es autor de la obra,O Mundo sobre o outro desbotado
9722100521,es un codigo ISBN para el libro,Crónica do tempo
9722100521,es un codigo ISBN de una edicion publicada por,Caminho
9722100521,está escrito en,Portugués
Maria Isabel Barreno,es autor de la obra,Crónica do tempo
2721002457,es un codigo ISBN para el libro,La disparition de la mère
2721002457,es un codigo ISBN de una edicion publicada por,Des Femmes
2721002457,está escrito en,Francés
Maria Isabel Barreno,es autor de la obra,La disparition de la mère
La disparition de la mère,pertenece al género,Femmes
La disparition de la mère,pertenece al género,Maternité
La disparition de la mère,pertenece al género,Mères
9722107119,es un codigo ISBN para el libro,O chão salgado
9722107119,es un codigo ISBN de una edicion publicada por,Caminho
9722107119,está escrito en,Portugués
Maria Isabel Barreno,es autor de la obra,O chão salgado
9722110632,es un codigo ISBN para el libro,O círculo virtuoso
9722110632,es un codigo ISBN de una edicion publicada por,Caminho
9722110632,está escrito en,Portugués
Maria Isabel Barreno,es autor de la obra,O círculo virtuoso
9722109618,es un codigo ISBN para el libro,O senhor das ilhas
9722109618,es un codigo ISBN de una edicion publicada por,Caminho
9722109618,está escrito en,Portugués
Maria Isabel Barreno,es autor de la obra,O senhor das ilhas
972210814X,es un codigo ISBN para el libro,Os outros legítimos superiores
972210814X,es un codigo ISBN de una edicion publicada por,Caminho
972210814X,está escrito en,Portugués
Maria Isabel Barreno,es autor de la obra,Os outros legítimos superiores
9722108867,es un codigo ISBN para el libro,Os sensos incomuns
9722108867,es un codigo ISBN de una edicion publicada por,Caminho
9722108867,está escrito en,Portugués
Maria Isabel Barreno,es autor de la obra,Os sensos incomuns
9722113658,es un codigo ISBN para el libro,Um imaginário europeu
9722113658,es un codigo ISBN de una edicion publicada por,Caminho
9722113658,está escrito en,Portugués
Maria Isabel Barreno,es autor de la obra,Um imaginário europeu
Um imaginário europeu,pertenece al género,"Civilization, Modern"
Um imaginário europeu,pertenece al género,Identity (Psychology)
Um imaginário europeu,pertenece al género,Modern Civilization
9789898093851,es un codigo ISBN para el libro,Vozes do vento
9789898093851,es un codigo ISBN de una edicion publicada por,Sextante Editora
9789898093851,está escrito en,Portugués
Maria Isabel Barreno,es autor de la obra,Vozes do vento
Vozes do vento,pertenece al género,Fiction
Vozes do vento,pertenece al género,History
Vozes do vento,pertenece al género,Pq9264.a74 v69 2009
António Lobo Antunes,es de nacionalidad,Portugal
9651316144,es un codigo ISBN para el libro,ha-Arurim
9651316144,es un codigo ISBN de una edicion publicada por,ʻAm ʻoved/Setsenah
9651316144,está escrito en,heb
António Lobo Antunes,es autor de la obra,ha-Arurim
9722028723,es un codigo ISBN para el libro,Tratado das paixões da alma
9722028723,es un codigo ISBN de una edicion publicada por,Publicações Dom Quixote
9722028723,está escrito en,Portugués
António Lobo Antunes,es autor de la obra,Tratado das paixões da alma
9788573025866,es un codigo ISBN para el libro,Boa tarde às coisas aqui em baixo
9788573025866,es un codigo ISBN de una edicion publicada por,Objetiva
8573025867,es un codigo ISBN para el libro,Boa tarde às coisas aqui em baixo
8573025867,es un codigo ISBN de una edicion publicada por,Objetiva
António Lobo Antunes,es autor de la obra,Boa tarde às coisas aqui em baixo
Boa tarde às coisas aqui em baixo,pertenece al género,Fiction
8499898599,es un codigo ISBN para el libro,Auto dos danados
8499898599,es un codigo ISBN de una edicion publicada por,DEBOLSILLO
9788499898599,es un codigo ISBN para el libro,Auto dos danados
9788499898599,es un codigo ISBN de una edicion publicada por,DEBOLSILLO
9783446151390,es un codigo ISBN para el libro,Auto dos danados
9783446151390,es un codigo ISBN de una edicion publicada por,Carl Hanser Verlag
9783446151390,está escrito en,Alemán
9782020338356,es un codigo ISBN para el libro,Auto dos danados
9782020338356,es un codigo ISBN de una edicion publicada por,Seuil
9782020338356,está escrito en,Francés
2020338351,es un codigo ISBN para el libro,Auto dos danados
2020338351,es un codigo ISBN de una edicion publicada por,Seuil
2020338351,está escrito en,Francés
3423124199,es un codigo ISBN para el libro,Auto dos danados
3423124199,es un codigo ISBN de una edicion publicada por,Dtv
9783423124195,es un codigo ISBN para el libro,Auto dos danados
9783423124195,es un codigo ISBN de una edicion publicada por,Dtv
9788478447107,es un codigo ISBN para el libro,Auto dos danados
9788478447107,es un codigo ISBN de una edicion publicada por,Siruela
9788478447107,está escrito en,Español
8478447105,es un codigo ISBN para el libro,Auto dos danados
8478447105,es un codigo ISBN de una edicion publicada por,Siruela
8478447105,está escrito en,Español
9780802134769,es un codigo ISBN para el libro,Auto dos danados
9780802134769,es un codigo ISBN de una edicion publicada por,Grove Press
9780802134769,está escrito en,Inglés
0802134769,es un codigo ISBN para el libro,Auto dos danados
0802134769,es un codigo ISBN de una edicion publicada por,Grove Press
0802134769,está escrito en,Inglés
0802115756,es un codigo ISBN para el libro,Auto dos danados
0802115756,es un codigo ISBN de una edicion publicada por,Grove Press
0802115756,es un codigo ISBN de una edicion publicada por,"Grove/Atlantic, Incorporated"
0802115756,está escrito en,Inglés
0436201488,es un codigo ISBN para el libro,Auto dos danados
0436201488,es un codigo ISBN de una edicion publicada por,Secker & Warburg
0436201488,está escrito en,Inglés
António Lobo Antunes,es autor de la obra,Auto dos danados
Auto dos danados,pertenece al género,Fiction
Auto dos danados,pertenece al género,Revolution (Portugal : 1974) fast (OCoLC)fst01354569
Auto dos danados,pertenece al género,Inheritance and succession
9788492574018,es un codigo ISBN para el libro,Ontem Não Te Vi Em Babilónia
9788492574018,es un codigo ISBN de una edicion publicada por,El Gall Editor
8492574011,es un codigo ISBN para el libro,Ontem Não Te Vi Em Babilónia
8492574011,es un codigo ISBN de una edicion publicada por,El Gall Editor
8439720661,es un codigo ISBN para el libro,Ontem Não Te Vi Em Babilónia
8439720661,es un codigo ISBN de una edicion publicada por,Literatura Random House
8439720661,es un codigo ISBN de una edicion publicada por,Random House
9788439720669,es un codigo ISBN para el libro,Ontem Não Te Vi Em Babilónia
9788439720669,es un codigo ISBN de una edicion publicada por,Literatura Random House
9788439720669,es un codigo ISBN de una edicion publicada por,Random House
9780300233414,es un codigo ISBN para el libro,Ontem Não Te Vi Em Babilónia
9780300233414,es un codigo ISBN de una edicion publicada por,Yale University Press
9780300233414,está escrito en,Inglés
9788483466896,es un codigo ISBN para el libro,Ontem Não Te Vi Em Babilónia
9788483466896,es un codigo ISBN de una edicion publicada por,Debolsillo
9788483466896,está escrito en,Español
8483466899,es un codigo ISBN para el libro,Ontem Não Te Vi Em Babilónia
8483466899,es un codigo ISBN de una edicion publicada por,Debolsillo
8483466899,está escrito en,Español
9722030515,es un codigo ISBN para el libro,Ontem Não Te Vi Em Babilónia
9722030515,es un codigo ISBN de una edicion publicada por,Dom Quixote
9722030515,está escrito en,Portugués
9789722030519,es un codigo ISBN para el libro,Ontem Não Te Vi Em Babilónia
9789722030519,es un codigo ISBN de una edicion publicada por,Dom Quixote
9789722030519,está escrito en,Portugués
António Lobo Antunes,es autor de la obra,Ontem Não Te Vi Em Babilónia
Ontem Não Te Vi Em Babilónia,pertenece al género,Noche
Ontem Não Te Vi Em Babilónia,pertenece al género,Novela portuguesa
Ontem Não Te Vi Em Babilónia,pertenece al género,Fiction
9788499899664,es un codigo ISBN para el libro,Exhortacion a Los Cocodrilos
9788499899664,es un codigo ISBN de una edicion publicada por,DEBOLSILLO
8499899668,es un codigo ISBN para el libro,Exhortacion a Los Cocodrilos
8499899668,es un codigo ISBN de una edicion publicada por,DEBOLSILLO
9788482569963,es un codigo ISBN para el libro,Exhortacion a Los Cocodrilos
9788482569963,es un codigo ISBN de una edicion publicada por,Proa
8482569961,es un codigo ISBN para el libro,Exhortacion a Los Cocodrilos
8482569961,es un codigo ISBN de una edicion publicada por,Proa
9781628973679,es un codigo ISBN para el libro,Exhortacion a Los Cocodrilos
9781628973679,es un codigo ISBN de una edicion publicada por,Dalkey Archive Press
9781628973679,está escrito en,Inglés
9781943150137,es un codigo ISBN para el libro,Exhortacion a Los Cocodrilos
9781943150137,es un codigo ISBN de una edicion publicada por,Dalkey Archive Press
9781943150137,está escrito en,Inglés
9722016563,es un codigo ISBN para el libro,Exhortacion a Los Cocodrilos
9722016563,es un codigo ISBN de una edicion publicada por,Publicações Dom Quixote
9722016563,está escrito en,Portugués
3596148413,es un codigo ISBN para el libro,Exhortacion a Los Cocodrilos
3596148413,es un codigo ISBN de una edicion publicada por,Fischer Taschenbuch Verlag
3596148413,está escrito en,Alemán
9722016563,es un codigo ISBN de una edicion publicada por,Schoenhofsforeign Books Inc
9789722016568,es un codigo ISBN para el libro,Exhortacion a Los Cocodrilos
9789722016568,es un codigo ISBN de una edicion publicada por,Schoenhofsforeign Books Inc
2267015153,es un codigo ISBN para el libro,Exhortacion a Los Cocodrilos
2267015153,es un codigo ISBN de una edicion publicada por,Christian Bourgois
2267015153,está escrito en,Francés
9782267015157,es un codigo ISBN para el libro,Exhortacion a Los Cocodrilos
9782267015157,es un codigo ISBN de una edicion publicada por,Christian Bourgois
9782267015157,está escrito en,Francés
3596148413,es un codigo ISBN de una edicion publicada por,"Fischer (Tb.), Frankfurt"
9783596148417,es un codigo ISBN para el libro,Exhortacion a Los Cocodrilos
9783596148417,es un codigo ISBN de una edicion publicada por,"Fischer (Tb.), Frankfurt"
9783596148417,está escrito en,Alemán
363087035X,es un codigo ISBN para el libro,Exhortacion a Los Cocodrilos
363087035X,es un codigo ISBN de una edicion publicada por,Luchterhand Literaturverlag
363087035X,está escrito en,Alemán
9783630870359,es un codigo ISBN para el libro,Exhortacion a Los Cocodrilos
9783630870359,es un codigo ISBN de una edicion publicada por,Luchterhand Literaturverlag
9783630870359,está escrito en,Alemán
8478445056,es un codigo ISBN para el libro,Exhortacion a Los Cocodrilos
8478445056,es un codigo ISBN de una edicion publicada por,Siruela
8478445056,está escrito en,Español
9788478445059,es un codigo ISBN para el libro,Exhortacion a Los Cocodrilos
9788478445059,es un codigo ISBN de una edicion publicada por,Siruela
9788478445059,está escrito en,Español
António Lobo Antunes,es autor de la obra,Exhortacion a Los Cocodrilos
Exhortacion a Los Cocodrilos,pertenece al género,Terroristin
Exhortacion a Los Cocodrilos,pertenece al género,Roman
Exhortacion a Los Cocodrilos,pertenece al género,Belletristische Darstellung
9788439722229,es un codigo ISBN para el libro,O arquipiélago da insónia
9788439722229,es un codigo ISBN de una edicion publicada por,Literatura Random House
9788439722229,es un codigo ISBN de una edicion publicada por,Random House
8439722222,es un codigo ISBN para el libro,O arquipiélago da insónia
8439722222,es un codigo ISBN de una edicion publicada por,Literatura Random House
8439722222,es un codigo ISBN de una edicion publicada por,Random House
8499892019,es un codigo ISBN para el libro,O arquipiélago da insónia
8499892019,es un codigo ISBN de una edicion publicada por,DEBOLSILLO
9788499892016,es un codigo ISBN para el libro,O arquipiélago da insónia
9788499892016,es un codigo ISBN de una edicion publicada por,DEBOLSILLO
9782757834787,es un codigo ISBN para el libro,O arquipiélago da insónia
9782757834787,es un codigo ISBN de una edicion publicada por,Points
2757834789,es un codigo ISBN para el libro,O arquipiélago da insónia
2757834789,es un codigo ISBN de una edicion publicada por,Points
9782267023626,es un codigo ISBN para el libro,O arquipiélago da insónia
9782267023626,es un codigo ISBN de una edicion publicada por,C. Bourgois
9782267023626,está escrito en,Francés
2267023628,es un codigo ISBN para el libro,O arquipiélago da insónia
2267023628,es un codigo ISBN de una edicion publicada por,C. Bourgois
2267023628,está escrito en,Francés
3442714567,es un codigo ISBN para el libro,O arquipiélago da insónia
3442714567,es un codigo ISBN de una edicion publicada por,btb Verlag
9783442714568,es un codigo ISBN para el libro,O arquipiélago da insónia
9783442714568,es un codigo ISBN de una edicion publicada por,btb Verlag
978843972229,es un codigo ISBN para el libro,O arquipiélago da insónia
978843972229,es un codigo ISBN de una edicion publicada por,Mondadori
9789722036948,es un codigo ISBN para el libro,O arquipiélago da insónia
9789722036948,es un codigo ISBN de una edicion publicada por,Publicações Dom Quixote
9789722036948,está escrito en,Portugués
António Lobo Antunes,es autor de la obra,O arquipiélago da insónia
O arquipiélago da insónia,pertenece al género,Familles
O arquipiélago da insónia,pertenece al género,"Romans, nouvelles"
O arquipiélago da insónia,pertenece al género,Vie rurale
226701680X,es un codigo ISBN para el libro,Que ferai-je quand tout brûle?
226701680X,es un codigo ISBN de una edicion publicada por,Bourgois
226701680X,está escrito en,Francés
9782267016802,es un codigo ISBN para el libro,Que ferai-je quand tout brûle?
9782267016802,es un codigo ISBN de una edicion publicada por,Bourgois
9782267016802,está escrito en,Francés
António Lobo Antunes,es autor de la obra,Que ferai-je quand tout brûle?
Que ferai-je quand tout brûle?,pertenece al género,Littérature portugaise
Que ferai-je quand tout brûle?,pertenece al género,Traductions françaises
Que ferai-je quand tout brûle?,pertenece al género,Roman portugais
9789722039130,es un codigo ISBN para el libro,Memória de elefante
9789722039130,es un codigo ISBN de una edicion publicada por,Dom Quixote
9789722039130,está escrito en,Portugués
972203913X,es un codigo ISBN para el libro,Memória de elefante
972203913X,es un codigo ISBN de una edicion publicada por,Dom Quixote
972203913X,está escrito en,Portugués
António Lobo Antunes,es autor de la obra,Memória de elefante
3353003991,es un codigo ISBN para el libro,Der Judaskuss
3353003991,es un codigo ISBN de una edicion publicada por,Verl. Volk u. Welt
3353003991,está escrito en,Alemán
9783353003997,es un codigo ISBN para el libro,Der Judaskuss
9783353003997,es un codigo ISBN de una edicion publicada por,Verl. Volk u. Welt
9783353003997,está escrito en,Alemán
António Lobo Antunes,es autor de la obra,Der Judaskuss
Der Judaskuss,pertenece al género,Kolonialkrieg
Der Judaskuss,pertenece al género,Militärarzt
Der Judaskuss,pertenece al género,Erinnerung
9781564786937,es un codigo ISBN para el libro,Splendor of Portugal
9781564786937,es un codigo ISBN de una edicion publicada por,Dalkey Archive Press
9781564786937,está escrito en,Inglés
António Lobo Antunes,es autor de la obra,Splendor of Portugal
9780300249118,es un codigo ISBN para el libro,Until Stones Become Lighter Than Water
9780300249118,es un codigo ISBN de una edicion publicada por,Yale University Press
9780300249118,está escrito en,Inglés
9780300226621,es un codigo ISBN para el libro,Until Stones Become Lighter Than Water
9780300226621,es un codigo ISBN de una edicion publicada por,Yale University Press
9780300226621,está escrito en,Inglés
António Lobo Antunes,es autor de la obra,Until Stones Become Lighter Than Water
Until Stones Become Lighter Than Water,pertenece al género,Romance literature
Until Stones Become Lighter Than Water,pertenece al género,Orphans
Until Stones Become Lighter Than Water,pertenece al género,Fiction
9782267014075,es un codigo ISBN para el libro,Mémoire d'éléphant
9782267014075,es un codigo ISBN de una edicion publicada por,Christian Bourgois éditeur
9782267014075,está escrito en,Francés
2267014076,es un codigo ISBN para el libro,Mémoire d'éléphant
2267014076,es un codigo ISBN de una edicion publicada por,Christian Bourgois éditeur
2267014076,está escrito en,Francés
António Lobo Antunes,es autor de la obra,Mémoire d'éléphant
3630875718,es un codigo ISBN para el libro,Vom Wesen der Götter
3630875718,es un codigo ISBN de una edicion publicada por,Luchterhand Literaturverlag
9783630875712,es un codigo ISBN para el libro,Vom Wesen der Götter
9783630875712,es un codigo ISBN de una edicion publicada por,Luchterhand Literaturverlag
António Lobo Antunes,es autor de la obra,Vom Wesen der Götter
9789722050722,es un codigo ISBN para el libro,Livro de crónicas
9789722050722,es un codigo ISBN de una edicion publicada por,Dom Quixote
9789722050722,está escrito en,Portugués
António Lobo Antunes,es autor de la obra,Livro de crónicas
9788439724391,es un codigo ISBN para el libro,¿Qué caballos son aquellos que hacen sombra en el mar?
9788439724391,es un codigo ISBN de una edicion publicada por,Literatura Random House
9788439724391,es un codigo ISBN de una edicion publicada por,Random House
843972439X,es un codigo ISBN para el libro,¿Qué caballos son aquellos que hacen sombra en el mar?
843972439X,es un codigo ISBN de una edicion publicada por,Literatura Random House
843972439X,es un codigo ISBN de una edicion publicada por,Random House
António Lobo Antunes,es autor de la obra,¿Qué caballos son aquellos que hacen sombra en el mar?
9789722045100,es un codigo ISBN para el libro,Quarto livro de crónicas
9789722045100,es un codigo ISBN de una edicion publicada por,D. Quixote
9789722045100,es un codigo ISBN de una edicion publicada por,nan
9789722045100,está escrito en,Portugués
9722045105,es un codigo ISBN para el libro,Quarto livro de crónicas
9722045105,es un codigo ISBN de una edicion publicada por,D. Quixote
9722045105,es un codigo ISBN de una edicion publicada por,nan
9722045105,está escrito en,Portugués
António Lobo Antunes,es autor de la obra,Quarto livro de crónicas
8466352546,es un codigo ISBN para el libro,Tercer libro de crónicas
8466352546,es un codigo ISBN de una edicion publicada por,DEBOLSILLO
9788466352543,es un codigo ISBN para el libro,Tercer libro de crónicas
9788466352543,es un codigo ISBN de una edicion publicada por,DEBOLSILLO
António Lobo Antunes,es autor de la obra,Tercer libro de crónicas
8490322287,es un codigo ISBN para el libro,No entres tan deprisa en esa noche oscura
8490322287,es un codigo ISBN de una edicion publicada por,DEBOLSILLO
9788490322284,es un codigo ISBN para el libro,No entres tan deprisa en esa noche oscura
9788490322284,es un codigo ISBN de una edicion publicada por,DEBOLSILLO
António Lobo Antunes,es autor de la obra,No entres tan deprisa en esa noche oscura
9786055159993,es un codigo ISBN para el libro,Dünyanin Sonundaki Yer
9786055159993,es un codigo ISBN de una edicion publicada por,Monokl Yayinlari
6055159996,es un codigo ISBN para el libro,Dünyanin Sonundaki Yer
6055159996,es un codigo ISBN de una edicion publicada por,Monokl Yayinlari
António Lobo Antunes,es autor de la obra,Dünyanin Sonundaki Yer
8439720904,es un codigo ISBN para el libro,Conocimiento del infierno
8439720904,es un codigo ISBN de una edicion publicada por,Literatura Random House
8439720904,es un codigo ISBN de una edicion publicada por,Random House
9788439720904,es un codigo ISBN para el libro,Conocimiento del infierno
9788439720904,es un codigo ISBN de una edicion publicada por,Literatura Random House
9788439720904,es un codigo ISBN de una edicion publicada por,Random House
António Lobo Antunes,es autor de la obra,Conocimiento del infierno
9788439735885,es un codigo ISBN para el libro,De la naturaleza de los dioses
9788439735885,es un codigo ISBN de una edicion publicada por,Penguin Random House Grupo Editorial
9788439735885,está escrito en,Español
António Lobo Antunes,es autor de la obra,De la naturaleza de los dioses
De la naturaleza de los dioses,pertenece al género,"Fiction, political"
9789026341311,es un codigo ISBN para el libro,Voor wie in het donker op mij wacht
9789026341311,es un codigo ISBN de una edicion publicada por,AmboAnthos
9789026341311,es un codigo ISBN de una edicion publicada por,Ambo|Anthos
9026341318,es un codigo ISBN para el libro,Voor wie in het donker op mij wacht
9026341318,es un codigo ISBN de una edicion publicada por,AmboAnthos
9026341318,es un codigo ISBN de una edicion publicada por,Ambo|Anthos
António Lobo Antunes,es autor de la obra,Voor wie in het donker op mij wacht
9789041417114,es un codigo ISBN para el libro,Paardenschaduw op zee
9789041417114,es un codigo ISBN de una edicion publicada por,Anthos
9041417117,es un codigo ISBN para el libro,Paardenschaduw op zee
9041417117,es un codigo ISBN de una edicion publicada por,Anthos
António Lobo Antunes,es autor de la obra,Paardenschaduw op zee
9780805057607,es un codigo ISBN para el libro,Natural Order of Things
9780805057607,es un codigo ISBN de una edicion publicada por,"Holt & Company, Henry"
9780805057607,está escrito en,Inglés
António Lobo Antunes,es autor de la obra,Natural Order of Things
Natural Order of Things,pertenece al género,"Fiction, psychological"
Natural Order of Things,pertenece al género,"Portugal, fiction"
Natural Order of Things,pertenece al género,Portuguese fiction
9026317662,es un codigo ISBN para el libro,Verdwijn niet zo snel in die donkere nacht
9026317662,es un codigo ISBN de una edicion publicada por,Ambo
9026317662,está escrito en,Neerlandés
9789026317668,es un codigo ISBN para el libro,Verdwijn niet zo snel in die donkere nacht
9789026317668,es un codigo ISBN de una edicion publicada por,Ambo
9789026317668,está escrito en,Neerlandés
António Lobo Antunes,es autor de la obra,Verdwijn niet zo snel in die donkere nacht
9788483464878,es un codigo ISBN para el libro,Fado alejandrino
9788483464878,es un codigo ISBN de una edicion publicada por,DEBOLSILLO
848346487X,es un codigo ISBN para el libro,Fado alejandrino
848346487X,es un codigo ISBN de una edicion publicada por,DEBOLSILLO
António Lobo Antunes,es autor de la obra,Fado alejandrino
9789500425841,es un codigo ISBN para el libro,Qué haré cuando todo arde?
9789500425841,es un codigo ISBN de una edicion publicada por,Emece Editores
9789500425841,está escrito en,Español
950042584X,es un codigo ISBN para el libro,Qué haré cuando todo arde?
950042584X,es un codigo ISBN de una edicion publicada por,Emece Editores
950042584X,está escrito en,Español
António Lobo Antunes,es autor de la obra,Qué haré cuando todo arde?
Qué haré cuando todo arde?,pertenece al género,Spanish fiction
Qué haré cuando todo arde?,pertenece al género,Novela portuguesa
Alves Redol,es de nacionalidad,Portugal
9722105795,es un codigo ISBN para el libro,Nasci com passaporte de turista
9722105795,es un codigo ISBN de una edicion publicada por,Caminho
9722105795,está escrito en,Portugués
Alves Redol,es autor de la obra,Nasci com passaporte de turista
Nasci com passaporte de turista,pertenece al género,Portuguese Short stories
9789722720410,es un codigo ISBN para el libro,Teatro
9789722720410,es un codigo ISBN de una edicion publicada por,Imprensa Nacional-Casa da Moeda
9789722720410,está escrito en,Portugués
Alves Redol,es autor de la obra,Teatro
Teatro,pertenece al género,Portuguese drama
9722013424,es un codigo ISBN para el libro,Teatro-Estúdio do Salitre
9722013424,es un codigo ISBN de una edicion publicada por,Publicacoes Dom Quixote
9722013424,está escrito en,Portugués
9789722013420,es un codigo ISBN para el libro,Teatro-Estúdio do Salitre
9789722013420,es un codigo ISBN de una edicion publicada por,Publicacoes Dom Quixote
9789722013420,está escrito en,Portugués
9722013424,es un codigo ISBN de una edicion publicada por,Publicações Dom Quixote
9722013424,es un codigo ISBN de una edicion publicada por,Sociedade Portuguesa de Autores
Alves Redol,es autor de la obra,Teatro-Estúdio do Salitre
Teatro-Estúdio do Salitre,pertenece al género,"One-act plays, Portuguese"
Teatro-Estúdio do Salitre,pertenece al género,Portuguese drama
Abílio Manuel Guerra Junqueiro,es de nacionalidad,Portugal
9726104572,es un codigo ISBN para el libro,Orações de Ligares
9726104572,es un codigo ISBN de una edicion publicada por,Campo das letras
9726104572,está escrito en,Portugués
Abílio Manuel Guerra Junqueiro,es autor de la obra,Orações de Ligares
Orações de Ligares,pertenece al género,Prayers
Orações de Ligares,pertenece al género,Religious life and customs
9789896710965,es un codigo ISBN para el libro,"A Torre de Babel, ou, A porra do Soriano"
9789896710965,es un codigo ISBN de una edicion publicada por,Tinta da China
9789896710965,está escrito en,Portugués
9896710961,es un codigo ISBN para el libro,"A Torre de Babel, ou, A porra do Soriano"
9896710961,es un codigo ISBN de una edicion publicada por,Tinta da China
9896710961,está escrito en,Portugués
Abílio Manuel Guerra Junqueiro,es autor de la obra,"A Torre de Babel, ou, A porra do Soriano"
António de Macedo,es de nacionalidad,Portugal
9722116444,es un codigo ISBN para el libro,As furtivas pegadas da serpente
9722116444,es un codigo ISBN de una edicion publicada por,Editorial Caminho
9722116444,está escrito en,Portugués
António de Macedo,es autor de la obra,As furtivas pegadas da serpente
9722108115,es un codigo ISBN para el libro,Contos de Androthélys
9722108115,es un codigo ISBN de una edicion publicada por,Editorial Caminho
9722108115,está escrito en,Portugués
António de Macedo,es autor de la obra,Contos de Androthélys
9789722711760,es un codigo ISBN para el libro,Da essência da libertação
9789722711760,es un codigo ISBN de una edicion publicada por,Imprensa Nacional-Casa da Moeda
9789722711760,está escrito en,Portugués
9722711768,es un codigo ISBN para el libro,Da essência da libertação
9722711768,es un codigo ISBN de una edicion publicada por,Imprensa Nacional-Casa da Moeda
9722711768,está escrito en,Portugués
António de Macedo,es autor de la obra,Da essência da libertação
Da essência da libertação,pertenece al género,Liberty
9722107496,es un codigo ISBN para el libro,"O limite de Rudzky, e outras histórias"
9722107496,es un codigo ISBN de una edicion publicada por,Caminho
9722107496,está escrito en,Portugués
António de Macedo,es autor de la obra,"O limite de Rudzky, e outras histórias"
9722109847,es un codigo ISBN para el libro,Sulphira & Lucyphur
9722109847,es un codigo ISBN de una edicion publicada por,Caminho
9722109847,está escrito en,Portugués
António de Macedo,es autor de la obra,Sulphira & Lucyphur
9722113402,es un codigo ISBN para el libro,CIPRESTE (O) APAIXONADO (Romance)(EURO 19.90)
9722113402,es un codigo ISBN de una edicion publicada por,Editorial Caminho
9722113402,está escrito en,Portugués
António de Macedo,es autor de la obra,CIPRESTE (O) APAIXONADO (Romance)(EURO 19.90)
9722112031,es un codigo ISBN para el libro,Erotosofia
9722112031,es un codigo ISBN de una edicion publicada por,Caminho
9722112031,está escrito en,Portugués
António de Macedo,es autor de la obra,Erotosofia
9722113402,es un codigo ISBN para el libro,O cipreste apaixonado
9722113402,es un codigo ISBN de una edicion publicada por,Caminho
António de Macedo,es autor de la obra,O cipreste apaixonado
9722110799,es un codigo ISBN para el libro,A Sonata de cristal
9722110799,es un codigo ISBN de una edicion publicada por,Caminho
9722110799,está escrito en,Portugués
António de Macedo,es autor de la obra,A Sonata de cristal
9781976982378,es un codigo ISBN para el libro,Menina Perdida
9781976982378,es un codigo ISBN de una edicion publicada por,Independently Published
9781976982378,está escrito en,Portugués
António de Macedo,es autor de la obra,Menina Perdida
9781980270324,es un codigo ISBN para el libro,Chronicles of Eternal
9781980270324,es un codigo ISBN de una edicion publicada por,Independently Published
9781980270324,está escrito en,Inglés
António de Macedo,es autor de la obra,Chronicles of Eternal
9729327378,es un codigo ISBN para el libro,O osso de Mafoma
9729327378,es un codigo ISBN de una edicion publicada por,Sociedade Portuguesa de Autores
9729327378,está escrito en,Portugués
António de Macedo,es autor de la obra,O osso de Mafoma
9789728958459,es un codigo ISBN para el libro,A conspiração dos abandonados
9789728958459,es un codigo ISBN de una edicion publicada por,Zéfiro
9789728958459,está escrito en,Portugués
António de Macedo,es autor de la obra,A conspiração dos abandonados
9789896373719,es un codigo ISBN para el libro,O sangue e o fogo
9789896373719,es un codigo ISBN de una edicion publicada por,Saída de Emergência
9789896373719,está escrito en,Portugués
António de Macedo,es autor de la obra,O sangue e o fogo
João Pinheiro Chagas,es de nacionalidad,Portugal
Teófilo Braga,es de nacionalidad,Portugal
9783752472622,es un codigo ISBN para el libro,Historia do theatro portuguez
9783752472622,es un codigo ISBN de una edicion publicada por,Outlook Verlag
3752472626,es un codigo ISBN para el libro,Historia do theatro portuguez
3752472626,es un codigo ISBN de una edicion publicada por,Outlook Verlag
Teófilo Braga,es autor de la obra,Historia do theatro portuguez
Historia do theatro portuguez,pertenece al género,Portuguese drama
Historia do theatro portuguez,pertenece al género,History and criticism
9781018389608,es un codigo ISBN para el libro,Cancioneiro portuguez da Vaticana: edição critica restituida sobre o texto diplomatico de Halle ...
9781018389608,es un codigo ISBN de una edicion publicada por,"Creative Media Partners, LLC"
9781018389608,está escrito en,Portugués
9781018394718,es un codigo ISBN para el libro,Cancioneiro portuguez da Vaticana: edição critica restituida sobre o texto diplomatico de Halle ...
9781018394718,es un codigo ISBN de una edicion publicada por,"Creative Media Partners, LLC"
9781018394718,está escrito en,Portugués
Teófilo Braga,es autor de la obra,Cancioneiro portuguez da Vaticana: edição critica restituida sobre o texto diplomatico de Halle ...
Cancioneiro portuguez da Vaticana: edição critica restituida sobre o texto diplomatico de Halle ...,pertenece al género,Portuguese poetry
9789726999577,es un codigo ISBN para el libro,História das ideias republicanas em Portugal
9789726999577,es un codigo ISBN de una edicion publicada por,Nova Vega
972699957X,es un codigo ISBN para el libro,História das ideias republicanas em Portugal
972699957X,es un codigo ISBN de una edicion publicada por,Nova Vega
Teófilo Braga,es autor de la obra,História das ideias republicanas em Portugal
História das ideias republicanas em Portugal,pertenece al género,Politics and government
História das ideias republicanas em Portugal,pertenece al género,Republicanism
História das ideias republicanas em Portugal,pertenece al género,Democracy
António Sardinha,es de nacionalidad,Portugal
9789725402054,es un codigo ISBN para el libro,Correspondência de António Sardinha para Ana Júlia Nunes da Silva (1910-1912)
9789725402054,es un codigo ISBN de una edicion publicada por,Universidade Católica Editora
9789725402054,está escrito en,Portugués
António Sardinha,es autor de la obra,Correspondência de António Sardinha para Ana Júlia Nunes da Silva (1910-1912)
Correspondência de António Sardinha para Ana Júlia Nunes da Silva (1910-1912),pertenece al género,Correspondence
Correspondência de António Sardinha para Ana Júlia Nunes da Silva (1910-1912),pertenece al género,Politics and government
Correspondência de António Sardinha para Ana Júlia Nunes da Silva (1910-1912),pertenece al género,Portuguese Authors
Rosa Lobato de Faria,es de nacionalidad,Portugal
9724140385,es un codigo ISBN para el libro,Os linhos da avó
9724140385,es un codigo ISBN de una edicion publicada por,ASA
9724140385,está escrito en,Portugués
9789724140384,es un codigo ISBN para el libro,Os linhos da avó
9789724140384,es un codigo ISBN de una edicion publicada por,ASA
9789724140384,está escrito en,Portugués
Rosa Lobato de Faria,es autor de la obra,Os linhos da avó
9789897240423,es un codigo ISBN para el libro,Alma minha gentil
9789897240423,es un codigo ISBN de una edicion publicada por,Clube do Autor
9789897240423,está escrito en,Portugués
989724042X,es un codigo ISBN para el libro,Alma minha gentil
989724042X,es un codigo ISBN de una edicion publicada por,Clube do Autor
989724042X,está escrito en,Portugués
Rosa Lobato de Faria,es autor de la obra,Alma minha gentil
8478393242,es un codigo ISBN para el libro,Compromiso con palabras
8478393242,es un codigo ISBN de una edicion publicada por,Ediciones Torremozas
9788478393244,es un codigo ISBN para el libro,Compromiso con palabras
9788478393244,es un codigo ISBN de una edicion publicada por,Ediciones Torremozas
Rosa Lobato de Faria,es autor de la obra,Compromiso con palabras
9789724142265,es un codigo ISBN para el libro,A flor do sal
9789724142265,es un codigo ISBN de una edicion publicada por,ASA Editores
9789724142265,está escrito en,Portugués
9724142264,es un codigo ISBN para el libro,A flor do sal
9724142264,es un codigo ISBN de una edicion publicada por,ASA Editores
9724142264,está escrito en,Portugués
Rosa Lobato de Faria,es autor de la obra,A flor do sal
9724126439,es un codigo ISBN para el libro,ABC
9724126439,es un codigo ISBN de una edicion publicada por,Edições Asa
9724126439,está escrito en,Portugués
Rosa Lobato de Faria,es autor de la obra,ABC
ABC,pertenece al género,"Children's poetry, Portuguese"
ABC,pertenece al género,Animals
ABC,pertenece al género,Juvenile poetry
972665680X,es un codigo ISBN para el libro,A noite inteira já não chega
972665680X,es un codigo ISBN de una edicion publicada por,Guimarães
972665680X,está escrito en,Portugués
9789726656807,es un codigo ISBN para el libro,A noite inteira já não chega
9789726656807,es un codigo ISBN de una edicion publicada por,Guimarães
9789726656807,está escrito en,Portugués
Rosa Lobato de Faria,es autor de la obra,A noite inteira já não chega
9789724152837,es un codigo ISBN para el libro,A alma trocada
9789724152837,es un codigo ISBN de una edicion publicada por,ASA
9789724152837,está escrito en,Portugués
Rosa Lobato de Faria,es autor de la obra,A alma trocada
9789720041814,es un codigo ISBN para el libro,As esquinas do tempo
9789720041814,es un codigo ISBN de una edicion publicada por,Porto Editora
9789720041814,está escrito en,Portugués
Rosa Lobato de Faria,es autor de la obra,As esquinas do tempo
9724116638,es un codigo ISBN para el libro,O Pranto de Lúcifer
9724116638,es un codigo ISBN de una edicion publicada por,Edições ASA
9724116638,está escrito en,Portugués
Rosa Lobato de Faria,es autor de la obra,O Pranto de Lúcifer
9724121410,es un codigo ISBN para el libro,O prenúncio das águas
9724121410,es un codigo ISBN de una edicion publicada por,ASA Editores
9724121410,está escrito en,Portugués
Rosa Lobato de Faria,es autor de la obra,O prenúncio das águas
9724117588,es un codigo ISBN para el libro,Os Pássaros de Seda
9724117588,es un codigo ISBN de una edicion publicada por,ASA
9724117588,está escrito en,Portugués
Rosa Lobato de Faria,es autor de la obra,Os Pássaros de Seda
5605248097666,es un codigo ISBN para el libro,Os três casamentos de Camilla S
5605248097666,es un codigo ISBN de una edicion publicada por,Edições ASA
5605248097666,está escrito en,Portugués
989660231X,es un codigo ISBN para el libro,Os três casamentos de Camilla S
989660231X,es un codigo ISBN de una edicion publicada por,Leya
989660231X,está escrito en,Portugués
9789896602314,es un codigo ISBN para el libro,Os três casamentos de Camilla S
9789896602314,es un codigo ISBN de una edicion publicada por,Leya
9789896602314,está escrito en,Portugués
9724119041,es un codigo ISBN para el libro,Os três casamentos de Camilla S
9724119041,es un codigo ISBN de una edicion publicada por,Edições ASA
9724119041,está escrito en,Portugués
Rosa Lobato de Faria,es autor de la obra,Os três casamentos de Camilla S
9729682461,es un codigo ISBN para el libro,"Poemas, escolhidos e dispersos"
9729682461,es un codigo ISBN de una edicion publicada por,Roma Editora
9729682461,está escrito en,Portugués
Rosa Lobato de Faria,es autor de la obra,"Poemas, escolhidos e dispersos"
9724119939,es un codigo ISBN para el libro,Romance de Cordélia
9724119939,es un codigo ISBN de una edicion publicada por,Edições ASA
9724119939,está escrito en,Portugués
Rosa Lobato de Faria,es autor de la obra,Romance de Cordélia
9724125505,es un codigo ISBN para el libro,A trança de Inês
9724125505,es un codigo ISBN de una edicion publicada por,ASA
9724125505,está escrito en,Portugués
Rosa Lobato de Faria,es autor de la obra,A trança de Inês
972412584X,es un codigo ISBN para el libro,História de muitas cores
972412584X,es un codigo ISBN de una edicion publicada por,Edições ASA
972412584X,está escrito en,Portugués
Rosa Lobato de Faria,es autor de la obra,História de muitas cores
9724133168,es un codigo ISBN para el libro,O sétimo véu
9724133168,es un codigo ISBN de una edicion publicada por,Edições ASA
9724133168,está escrito en,Portugués
9724133168,es un codigo ISBN de una edicion publicada por,Asa
Rosa Lobato de Faria,es autor de la obra,O sétimo véu
9789720775085,es un codigo ISBN para el libro,Vento suão
9789720775085,es un codigo ISBN de una edicion publicada por,Porto Editora
9789720775085,está escrito en,Portugués
9720775084,es un codigo ISBN para el libro,Vento suão
9720775084,es un codigo ISBN de una edicion publicada por,Porto Editora
9720775084,está escrito en,Portugués
9789720041821,es un codigo ISBN para el libro,Vento suão
9789720041821,es un codigo ISBN de una edicion publicada por,Porto Editora
9789720041821,está escrito en,Portugués
Rosa Lobato de Faria,es autor de la obra,Vento suão
Vento suão,pertenece al género,"Friendship, fiction"
Vento suão,pertenece al género,"Fiction, romance, general"
Vento suão,pertenece al género,"Fiction, family life, general"
António Óscar de Fragoso Carmona,es de nacionalidad,Portugal
António Ferro,es de nacionalidad,Portugal
9725591097,es un codigo ISBN para el libro,Batalha de flores
9725591097,es un codigo ISBN de una edicion publicada por,Europress
9725591097,está escrito en,Portugués
António Ferro,es autor de la obra,Batalha de flores
9783796541636,es un codigo ISBN para el libro,Aristotle on Self-Motion
9783796541636,es un codigo ISBN de una edicion publicada por,Schwabe AG Verlag Basel
9783796541636,está escrito en,Alemán
António Ferro,es autor de la obra,Aristotle on Self-Motion
9726241111,es un codigo ISBN para el libro,António Ferro e a sua política do espírito
9726241111,es un codigo ISBN de una edicion publicada por,Academia Portuguesa da História
9726241111,está escrito en,Portugués
António Ferro,es autor de la obra,António Ferro e a sua política do espírito
9728645163,es un codigo ISBN para el libro,Entrevistas de António Ferro a Salazar
9728645163,es un codigo ISBN de una edicion publicada por,Parceira A.M. Pereira
9728645163,está escrito en,Portugués
António Ferro,es autor de la obra,Entrevistas de António Ferro a Salazar
Entrevistas de António Ferro a Salazar,pertenece al género,Politics and government
Entrevistas de António Ferro a Salazar,pertenece al género,Interviews
9728645406,es un codigo ISBN para el libro,Entrevistas a Salazar
9728645406,es un codigo ISBN de una edicion publicada por,Parceria A.M. Pereira
9728645406,está escrito en,Portugués
9789728645403,es un codigo ISBN para el libro,Entrevistas a Salazar
9789728645403,es un codigo ISBN de una edicion publicada por,Parceria A.M. Pereira
9789728645403,está escrito en,Portugués
António Ferro,es autor de la obra,Entrevistas a Salazar
Entrevistas a Salazar,pertenece al género,Interviews
Entrevistas a Salazar,pertenece al género,Prime ministers
Entrevistas a Salazar,pertenece al género,History
Tomé de Barros Queirós,es de nacionalidad,Portugal
António de Spínola,es de nacionalidad,Portugal
9728563922,es un codigo ISBN para el libro,Portugal e o futuro
9728563922,es un codigo ISBN de una edicion publicada por,Prefácio
9728563922,está escrito en,Portugués
António de Spínola,es autor de la obra,Portugal e o futuro
Portugal e o futuro,pertenece al género,Politics and government
0628005954,es un codigo ISBN para el libro,Portugal and the future
0628005954,es un codigo ISBN de una edicion publicada por,Perskor Publishers
0628005954,está escrito en,Inglés
António de Spínola,es autor de la obra,Portugal and the future
Portugal and the future,pertenece al género,Politics and government
8432002585,es un codigo ISBN para el libro,Portugal y el futuro
8432002585,es un codigo ISBN de una edicion publicada por,Editorial Planeta
8432002585,está escrito en,Español
António de Spínola,es autor de la obra,Portugal y el futuro
Portugal y el futuro,pertenece al género,Politics and government
Manuel Carmo,es de nacionalidad,Portugal
9728102194,es un codigo ISBN para el libro,Noites de verão
9728102194,es un codigo ISBN de una edicion publicada por,Novo Imbondeiro Editores
9728102194,está escrito en,Portugués
Manuel Carmo,es autor de la obra,Noites de verão
9781315320915,es un codigo ISBN para el libro,Moving Finite Element Method
9781315320915,es un codigo ISBN de una edicion publicada por,Taylor & Francis Group
9781315320915,está escrito en,Inglés
9781498723893,es un codigo ISBN para el libro,Moving Finite Element Method
9781498723893,es un codigo ISBN de una edicion publicada por,Taylor & Francis Group
9781498723893,está escrito en,Inglés
9781315370712,es un codigo ISBN para el libro,Moving Finite Element Method
9781315370712,es un codigo ISBN de una edicion publicada por,Taylor & Francis Group
9781315370712,está escrito en,Inglés
9781498723886,es un codigo ISBN para el libro,Moving Finite Element Method
9781498723886,es un codigo ISBN de una edicion publicada por,Taylor & Francis Group
9781498723886,está escrito en,Inglés
9781138496729,es un codigo ISBN para el libro,Moving Finite Element Method
9781138496729,es un codigo ISBN de una edicion publicada por,Taylor & Francis Group
9781138496729,está escrito en,Inglés
9781498723862,es un codigo ISBN para el libro,Moving Finite Element Method
9781498723862,es un codigo ISBN de una edicion publicada por,Taylor & Francis Group
9781498723862,está escrito en,Inglés
Manuel Carmo,es autor de la obra,Moving Finite Element Method
Moving Finite Element Method,pertenece al género,Finite element method
Moving Finite Element Method,pertenece al género,Chemical engineering
Moving Finite Element Method,pertenece al género,Mathematics
9789728531775,es un codigo ISBN para el libro,Razão e liberdade
9789728531775,es un codigo ISBN de una edicion publicada por,Centro de Filosofia da universidade de Lisboa
9789728531775,está escrito en,Portugués
Manuel Carmo,es autor de la obra,Razão e liberdade
Razão e liberdade,pertenece al género,Modern Philosophy
Razão e liberdade,pertenece al género,Reason
Razão e liberdade,pertenece al género,Liberty
0919666817,es un codigo ISBN para el libro,Predictions under uncertainty
0919666817,es un codigo ISBN de una edicion publicada por,"Institute of Social and Economic Research, Memorial University of Newfoundland"
0919666817,está escrito en,Inglés
Manuel Carmo,es autor de la obra,Predictions under uncertainty
Predictions under uncertainty,pertenece al género,Poissons
Predictions under uncertainty,pertenece al género,Fish stock assessment
Predictions under uncertainty,pertenece al género,Populations
9722705164,es un codigo ISBN para el libro,Hegel e a justificação da filosofia
9722705164,es un codigo ISBN de una edicion publicada por,Impr. Nacional-Casa da Moeda
9722705164,está escrito en,Portugués
Manuel Carmo,es autor de la obra,Hegel e a justificação da filosofia
Hegel e a justificação da filosofia,pertenece al género,Philosophy
972804769X,es un codigo ISBN para el libro,"Religião, história e razão da Aufklärung ao romantismo : colóquio comemorativo dos 200 anos da publicação de A religião nos limites da simples razão de Immanuel Kant"
972804769X,es un codigo ISBN de una edicion publicada por,Edições Colibri
972804769X,está escrito en,Portugués
Manuel Carmo,es autor de la obra,"Religião, história e razão da Aufklärung ao romantismo : colóquio comemorativo dos 200 anos da publicação de A religião nos limites da simples razão de Immanuel Kant"
"Religião, história e razão da Aufklärung ao romantismo : colóquio comemorativo dos 200 anos da publicação de A religião nos limites da simples razão de Immanuel Kant",pertenece al género,Religion
"Religião, história e razão da Aufklärung ao romantismo : colóquio comemorativo dos 200 anos da publicação de A religião nos limites da simples razão de Immanuel Kant",pertenece al género,Philosophy
"Religião, história e razão da Aufklärung ao romantismo : colóquio comemorativo dos 200 anos da publicação de A religião nos limites da simples razão de Immanuel Kant",pertenece al género,Congresses
9087226446,es un codigo ISBN para el libro,Controlled Foreign Company Legislation
9087226446,es un codigo ISBN de una edicion publicada por,International Bureau of Fiscal Documentation (IBFD)
9789087226442,es un codigo ISBN para el libro,Controlled Foreign Company Legislation
9789087226442,es un codigo ISBN de una edicion publicada por,International Bureau of Fiscal Documentation (IBFD)
Manuel Carmo,es autor de la obra,Controlled Foreign Company Legislation
Adelino da Palma Carlos,es de nacionalidad,Portugal
9729170487,es un codigo ISBN para el libro,Linhas gerais do processo civil português
9729170487,es un codigo ISBN de una edicion publicada por,"Edições Cosmos, Livraria Arco-Iris"
9729170487,está escrito en,Portugués
Adelino da Palma Carlos,es autor de la obra,Linhas gerais do processo civil português
Linhas gerais do processo civil português,pertenece al género,Civil procedure
Mário de Sá-Carneiro,es de nacionalidad,Portugal
9788494146640,es un codigo ISBN para el libro,Cuentos portugueses
9788494146640,es un codigo ISBN de una edicion publicada por,GADIR
9788494146640,es un codigo ISBN de una edicion publicada por,"Gadir Editorial, S.L."
8494146645,es un codigo ISBN para el libro,Cuentos portugueses
8494146645,es un codigo ISBN de una edicion publicada por,GADIR
8494146645,es un codigo ISBN de una edicion publicada por,"Gadir Editorial, S.L."
Mário de Sá-Carneiro,es autor de la obra,Cuentos portugueses
9788496974319,es un codigo ISBN para el libro,O incesto
9788496974319,es un codigo ISBN de una edicion publicada por,GADIR
9788496974319,es un codigo ISBN de una edicion publicada por,"Gadir Editorial, S.L."
8496974316,es un codigo ISBN para el libro,O incesto
8496974316,es un codigo ISBN de una edicion publicada por,GADIR
8496974316,es un codigo ISBN de una edicion publicada por,"Gadir Editorial, S.L."
9728710291,es un codigo ISBN para el libro,O incesto
9728710291,es un codigo ISBN de una edicion publicada por,Coisas de Ler
9728710291,está escrito en,Portugués
Mário de Sá-Carneiro,es autor de la obra,O incesto
9788494299315,es un codigo ISBN para el libro,Céu em fogo
9788494299315,es un codigo ISBN de una edicion publicada por,GADIR
9788494299315,es un codigo ISBN de una edicion publicada por,"Gadir Editorial, S.L."
849429931X,es un codigo ISBN para el libro,Céu em fogo
849429931X,es un codigo ISBN de una edicion publicada por,GADIR
849429931X,es un codigo ISBN de una edicion publicada por,"Gadir Editorial, S.L."
9788493538255,es un codigo ISBN para el libro,Céu em fogo
9788493538255,es un codigo ISBN de una edicion publicada por,GADIR
9788493538255,es un codigo ISBN de una edicion publicada por,"Gadir Editorial, S.L."
8493538256,es un codigo ISBN para el libro,Céu em fogo
8493538256,es un codigo ISBN de una edicion publicada por,GADIR
8493538256,es un codigo ISBN de una edicion publicada por,"Gadir Editorial, S.L."
9788494945014,es un codigo ISBN para el libro,Céu em fogo
9788494945014,es un codigo ISBN de una edicion publicada por,GADIR
9788494945014,es un codigo ISBN de una edicion publicada por,Gadir Editorial
8494945017,es un codigo ISBN para el libro,Céu em fogo
8494945017,es un codigo ISBN de una edicion publicada por,GADIR
8494945017,es un codigo ISBN de una edicion publicada por,Gadir Editorial
9789727085125,es un codigo ISBN para el libro,Céu em fogo
9789727085125,es un codigo ISBN de una edicion publicada por,Luso Brazilian Books
9727085121,es un codigo ISBN para el libro,Céu em fogo
9727085121,es un codigo ISBN de una edicion publicada por,Luso Brazilian Books
9782729104900,es un codigo ISBN para el libro,Céu em fogo
9782729104900,es un codigo ISBN de una edicion publicada por,La Différence
9782729104900,está escrito en,Francés
2729104909,es un codigo ISBN para el libro,Céu em fogo
2729104909,es un codigo ISBN de una edicion publicada por,La Différence
2729104909,está escrito en,Francés
9781520640648,es un codigo ISBN para el libro,Céu em fogo
9781520640648,es un codigo ISBN de una edicion publicada por,Independently Published
9781520640648,está escrito en,Portugués
9727085121,es un codigo ISBN de una edicion publicada por,Relógio d'Agua Editores
9727085121,está escrito en,Portugués
9723705605,es un codigo ISBN para el libro,Céu em fogo
9723705605,es un codigo ISBN de una edicion publicada por,Assírio & Alvim
9723705605,está escrito en,Portugués
9798787751888,es un codigo ISBN para el libro,Céu em fogo
9798787751888,es un codigo ISBN de una edicion publicada por,Independently Published
9798787751888,está escrito en,Portugués
Mário de Sá-Carneiro,es autor de la obra,Céu em fogo
9788475175577,es un codigo ISBN para el libro,Obra poética
9788475175577,es un codigo ISBN de una edicion publicada por,Hiperión
8475175570,es un codigo ISBN para el libro,Obra poética
8475175570,es un codigo ISBN de una edicion publicada por,Hiperión
Mário de Sá-Carneiro,es autor de la obra,Obra poética
9721034339,es un codigo ISBN para el libro,Princípio e outros contos
9721034339,es un codigo ISBN de una edicion publicada por,Publicações Europa-América
9721034339,está escrito en,Portugués
Mário de Sá-Carneiro,es autor de la obra,Princípio e outros contos
9788567854205,es un codigo ISBN para el libro,Mário de Sá-Carneiro
9788567854205,es un codigo ISBN de una edicion publicada por,Edições de Janeiro
9788567854205,está escrito en,Portugués
9725684192,es un codigo ISBN para el libro,Mário de Sá-Carneiro
9725684192,es un codigo ISBN de una edicion publicada por,Editora Ulisseia
9725684192,está escrito en,Portugués
Mário de Sá-Carneiro,es autor de la obra,Mário de Sá-Carneiro
Mário de Sá-Carneiro,pertenece al género,Portuguese poetry
Mário de Sá-Carneiro,pertenece al género,Criticism and interpretation
Mário de Sá-Carneiro,pertenece al género,History and criticism
9789896712860,es un codigo ISBN para el libro,Em ouro e alma
9789896712860,es un codigo ISBN de una edicion publicada por,Tinta da China
9789896712860,está escrito en,Portugués
9896712867,es un codigo ISBN para el libro,Em ouro e alma
9896712867,es un codigo ISBN de una edicion publicada por,Tinta da China
9896712867,está escrito en,Portugués
Mário de Sá-Carneiro,es autor de la obra,Em ouro e alma
Em ouro e alma,pertenece al género,Correspondence
Em ouro e alma,pertenece al género,Portuguese Poets
Em ouro e alma,pertenece al género,Portugisiska författare
9728580061,es un codigo ISBN para el libro,No lado esquerdo da alma
9728580061,es un codigo ISBN de una edicion publicada por,Alma Azul
9728580061,está escrito en,Portugués
Mário de Sá-Carneiro,es autor de la obra,No lado esquerdo da alma
9789728989071,es un codigo ISBN para el libro,Ressurreicao
9789728989071,es un codigo ISBN de una edicion publicada por,Alma Azul
9789728989071,está escrito en,Portugués
97287102080,es un codigo ISBN para el libro,Ressurreicao
97287102080,es un codigo ISBN de una edicion publicada por,Coisas de Ler
97287102080,está escrito en,Portugués
Mário de Sá-Carneiro,es autor de la obra,Ressurreicao
972270690X,es un codigo ISBN para el libro,Juvenília dramática
972270690X,es un codigo ISBN de una edicion publicada por,Impr. Nacional-Casa da Moeda
972270690X,está escrito en,Portugués
Mário de Sá-Carneiro,es autor de la obra,Juvenília dramática
9782729109172,es un codigo ISBN para el libro,Prémices
9782729109172,es un codigo ISBN de una edicion publicada por,La Différence
9782729109172,está escrito en,Francés
272910917X,es un codigo ISBN para el libro,Prémices
272910917X,es un codigo ISBN de una edicion publicada por,La Différence
272910917X,está escrito en,Francés
Mário de Sá-Carneiro,es autor de la obra,Prémices
9727087116,es un codigo ISBN para el libro,Correspondência com Fernando Pessoa
9727087116,es un codigo ISBN de una edicion publicada por,Relógio D'Agua
9727087116,está escrito en,Portugués
9727087159,es un codigo ISBN para el libro,Correspondência com Fernando Pessoa
9727087159,es un codigo ISBN de una edicion publicada por,Relógio D'Agua
9727087159,está escrito en,Portugués
Mário de Sá-Carneiro,es autor de la obra,Correspondência com Fernando Pessoa
Correspondência com Fernando Pessoa,pertenece al género,Correspondence
Correspondência com Fernando Pessoa,pertenece al género,Portuguese Authors
9727087183,es un codigo ISBN para el libro,Poemas
9727087183,es un codigo ISBN de una edicion publicada por,Relógio D'Agua
9727087183,está escrito en,Portugués
Mário de Sá-Carneiro,es autor de la obra,Poemas
9724200914,es un codigo ISBN para el libro,Prosa
9724200914,es un codigo ISBN de una edicion publicada por,Círculo de Leitores
9724200914,está escrito en,Portugués
9724200914,es un codigo ISBN de una edicion publicada por,Círculo de Leitores
9724200914,es un codigo ISBN de una edicion publicada por,Circulo de Leitores
9789724200910,es un codigo ISBN para el libro,Prosa
9789724200910,es un codigo ISBN de una edicion publicada por,Circulo de Leitores
9789724200910,está escrito en,Portugués
Mário de Sá-Carneiro,es autor de la obra,Prosa
9789728494414,es un codigo ISBN para el libro,Crónica de um suicídio anunciado
9789728494414,es un codigo ISBN de una edicion publicada por,101 Editora
9789728494414,está escrito en,Portugués
Mário de Sá-Carneiro,es autor de la obra,Crónica de um suicídio anunciado
9789722026369,es un codigo ISBN para el libro,Antologia poética
9789722026369,es un codigo ISBN de una edicion publicada por,Dom Quixote
9789722026369,está escrito en,Portugués
9722026364,es un codigo ISBN para el libro,Antologia poética
9722026364,es un codigo ISBN de una edicion publicada por,Dom Quixote
9722026364,está escrito en,Portugués
Mário de Sá-Carneiro,es autor de la obra,Antologia poética
9789723715149,es un codigo ISBN para el libro,Verso e prosa
9789723715149,es un codigo ISBN de una edicion publicada por,Assírio & Alvim
9789723715149,está escrito en,Portugués
9723715147,es un codigo ISBN para el libro,Verso e prosa
9723715147,es un codigo ISBN de una edicion publicada por,Assírio & Alvim
9723715147,está escrito en,Portugués
Mário de Sá-Carneiro,es autor de la obra,Verso e prosa
2729105603,es un codigo ISBN para el libro,L'Amant sans amant
2729105603,es un codigo ISBN de una edicion publicada por,La Différence
2729105603,está escrito en,Francés
9782729105600,es un codigo ISBN para el libro,L'Amant sans amant
9782729105600,es un codigo ISBN de una edicion publicada por,La Différence
9782729105600,está escrito en,Francés
Mário de Sá-Carneiro,es autor de la obra,L'Amant sans amant
L'Amant sans amant,pertenece al género,Poésie portugaise
9725890280,es un codigo ISBN para el libro,Cartas a Maria e outra correspondência inédita
9725890280,es un codigo ISBN de una edicion publicada por,Quimera
9725890280,está escrito en,Portugués
Mário de Sá-Carneiro,es autor de la obra,Cartas a Maria e outra correspondência inédita
Cartas a Maria e outra correspondência inédita,pertenece al género,Correspondence
Cartas a Maria e outra correspondência inédita,pertenece al género,Portuguese Authors
9726170141,es un codigo ISBN para el libro,Cartas a Fernando Pessoa
9726170141,es un codigo ISBN de una edicion publicada por,Edições Atica
9726170141,está escrito en,Portugués
972617015X,es un codigo ISBN para el libro,Cartas a Fernando Pessoa
972617015X,es un codigo ISBN de una edicion publicada por,Edições Atica
972617015X,está escrito en,Portugués
9723706598,es un codigo ISBN para el libro,Cartas a Fernando Pessoa
9723706598,es un codigo ISBN de una edicion publicada por,Assírio & Alvim
9723706598,está escrito en,Portugués
Mário de Sá-Carneiro,es autor de la obra,Cartas a Fernando Pessoa
Cartas a Fernando Pessoa,pertenece al género,"Authors, Portuguese"
Cartas a Fernando Pessoa,pertenece al género,Correspondence
Cartas a Fernando Pessoa,pertenece al género,Portuguese Authors
9721034266,es un codigo ISBN para el libro,Cartas escolhidas
9721034266,es un codigo ISBN de una edicion publicada por,Publicações Europa-América
9721034266,está escrito en,Portugués
Mário de Sá-Carneiro,es autor de la obra,Cartas escolhidas
Cartas escolhidas,pertenece al género,Correspondence
Cartas escolhidas,pertenece al género,Portuguese Authors
9729650101,es un codigo ISBN para el libro,A estranha morte do Prof. Antena
9729650101,es un codigo ISBN de una edicion publicada por,Olhapim Edições
9729650101,está escrito en,Portugués
Mário de Sá-Carneiro,es autor de la obra,A estranha morte do Prof. Antena
Florbela Espanca,es de nacionalidad,Portugal
9786586280579,es un codigo ISBN para el libro,Poemas e contos
9786586280579,es un codigo ISBN de una edicion publicada por,Oficina Raquel
9786586280579,está escrito en,Portugués
Florbela Espanca,es autor de la obra,Poemas e contos
9781976705199,es un codigo ISBN para el libro,Cinco Histórias : (Com Notas)(Biografia)
9781976705199,es un codigo ISBN de una edicion publicada por,Independently Published
9781976705199,está escrito en,Portugués
Florbela Espanca,es autor de la obra,Cinco Histórias : (Com Notas)(Biografia)
8573211563,es un codigo ISBN para el libro,Afinado desconcerto
8573211563,es un codigo ISBN de una edicion publicada por,Iluminuras
8573211563,está escrito en,Portugués
Florbela Espanca,es autor de la obra,Afinado desconcerto
9789722022576,es un codigo ISBN para el libro,Antologia poética
9789722022576,es un codigo ISBN de una edicion publicada por,Publicações Dom Quixote
9789722022576,está escrito en,Portugués
9722022571,es un codigo ISBN para el libro,Antologia poética
9722022571,es un codigo ISBN de una edicion publicada por,Publicações Dom Quixote
9722022571,está escrito en,Portugués
Florbela Espanca,es autor de la obra,Antologia poética
9788573213300,es un codigo ISBN para el libro,Sempre tua
9788573213300,es un codigo ISBN de una edicion publicada por,Iluminuras
9788573213300,está escrito en,Portugués
Florbela Espanca,es autor de la obra,Sempre tua
9723327317,es un codigo ISBN para el libro,As máscaras do destino
9723327317,es un codigo ISBN de una edicion publicada por,Editorial Estampa
9723327317,está escrito en,Portugués
9789723327311,es un codigo ISBN para el libro,As máscaras do destino
9789723327311,es un codigo ISBN de una edicion publicada por,Editorial Estampa
9789723327311,está escrito en,Portugués
Florbela Espanca,es autor de la obra,As máscaras do destino
9899942219,es un codigo ISBN para el libro,Poètes de Lisbonne
9899942219,es un codigo ISBN de una edicion publicada por,Lisbon Poets & Co.
9789899942219,es un codigo ISBN para el libro,Poètes de Lisbonne
9789899942219,es un codigo ISBN de una edicion publicada por,Lisbon Poets & Co.
Florbela Espanca,es autor de la obra,Poètes de Lisbonne
9788412450330,es un codigo ISBN para el libro,Les màscares del destí
9788412450330,es un codigo ISBN de una edicion publicada por,Edicions del Cràter
8412450337,es un codigo ISBN para el libro,Les màscares del destí
8412450337,es un codigo ISBN de una edicion publicada por,Edicions del Cràter
Florbela Espanca,es autor de la obra,Les màscares del destí
9789896413026,es un codigo ISBN para el libro,Sonetos
9789896413026,es un codigo ISBN de una edicion publicada por,Relógio d'Água
9789896413026,está escrito en,Portugués
9896413029,es un codigo ISBN para el libro,Sonetos
9896413029,es un codigo ISBN de una edicion publicada por,Relógio d'Água
9896413029,está escrito en,Portugués
9728470312,es un codigo ISBN para el libro,Sonetos
9728470312,es un codigo ISBN de una edicion publicada por,Moderna Editorial Lavores
9728470312,está escrito en,Portugués
9789896223311,es un codigo ISBN para el libro,Sonetos
9789896223311,es un codigo ISBN de una edicion publicada por,Alêtheia
9789896223311,está escrito en,Portugués
9896223319,es un codigo ISBN para el libro,Sonetos
9896223319,es un codigo ISBN de una edicion publicada por,Alêtheia
9896223319,está escrito en,Portugués
9789720042286,es un codigo ISBN para el libro,Sonetos
9789720042286,es un codigo ISBN de una edicion publicada por,Mundo de Letras
9789720042286,está escrito en,Portugués
9720042281,es un codigo ISBN para el libro,Sonetos
9720042281,es un codigo ISBN de una edicion publicada por,Mundo de Letras
9720042281,está escrito en,Portugués
Florbela Espanca,es autor de la obra,Sonetos
Sonetos,pertenece al género,Portuguese Sonnets
9789722342117,es un codigo ISBN para el libro,Obra poética
9789722342117,es un codigo ISBN de una edicion publicada por,Presença
9789722342117,está escrito en,Portugués
9789722343220,es un codigo ISBN para el libro,Obra poética
9789722343220,es un codigo ISBN de una edicion publicada por,Presença
9789722343220,está escrito en,Portugués
9722342118,es un codigo ISBN para el libro,Obra poética
9722342118,es un codigo ISBN de una edicion publicada por,Presença
9722342118,está escrito en,Portugués
Florbela Espanca,es autor de la obra,Obra poética
9788498523607,es un codigo ISBN para el libro,Charneca em Flor
9788498523607,es un codigo ISBN de una edicion publicada por,EDITORA REGIONAL DE EXTREMADURA
8498523605,es un codigo ISBN para el libro,Charneca em Flor
8498523605,es un codigo ISBN de una edicion publicada por,EDITORA REGIONAL DE EXTREMADURA
9789723327168,es un codigo ISBN para el libro,Charneca em Flor
9789723327168,es un codigo ISBN de una edicion publicada por,Estampa
9789723327168,está escrito en,Portugués
9723327163,es un codigo ISBN para el libro,Charneca em Flor
9723327163,es un codigo ISBN de una edicion publicada por,Estampa
9723327163,está escrito en,Portugués
9781549509391,es un codigo ISBN para el libro,Charneca em Flor
9781549509391,es un codigo ISBN de una edicion publicada por,Independently Published
9781549509391,está escrito en,Portugués
Florbela Espanca,es autor de la obra,Charneca em Flor
9798674199519,es un codigo ISBN para el libro,O Livro D'Ele
9798674199519,es un codigo ISBN de una edicion publicada por,Independently Published
9798674199519,está escrito en,Portugués
9781521734896,es un codigo ISBN para el libro,O Livro D'Ele
9781521734896,es un codigo ISBN de una edicion publicada por,Independently Published
9781521734896,está escrito en,Portugués
9781549886911,es un codigo ISBN para el libro,O Livro D'Ele
9781549886911,es un codigo ISBN de una edicion publicada por,Independently Published
9781549886911,está escrito en,Portugués
Florbela Espanca,es autor de la obra,O Livro D'Ele
9798674183075,es un codigo ISBN para el libro,Livro de Mágoas e Charneca Em Flor (Ilustrado)
9798674183075,es un codigo ISBN de una edicion publicada por,Independently Published
9798674183075,está escrito en,Portugués
9781521725726,es un codigo ISBN para el libro,Livro de Mágoas e Charneca Em Flor (Ilustrado)
9781521725726,es un codigo ISBN de una edicion publicada por,Independently Published
9781521725726,está escrito en,Portugués
Florbela Espanca,es autor de la obra,Livro de Mágoas e Charneca Em Flor (Ilustrado)
9781934029329,es un codigo ISBN para el libro,Our Book
9781934029329,es un codigo ISBN de una edicion publicada por,Rail Editions
9781934029329,está escrito en,Inglés
1934029327,es un codigo ISBN para el libro,Our Book
1934029327,es un codigo ISBN de una edicion publicada por,Rail Editions
1934029327,está escrito en,Inglés
0990788164,es un codigo ISBN para el libro,Our Book
0990788164,es un codigo ISBN de una edicion publicada por,Rail Editions
9780990788164,es un codigo ISBN para el libro,Our Book
9780990788164,es un codigo ISBN de una edicion publicada por,Rail Editions
Florbela Espanca,es autor de la obra,Our Book
Our Book,pertenece al género,Poetry (poetic works by one author)
Our Book,pertenece al género,Portuguese poetry
Our Book,pertenece al género,Women authors
9798674211693,es un codigo ISBN para el libro,Reliquiae
9798674211693,es un codigo ISBN de una edicion publicada por,Independently Published
9798674211693,está escrito en,Portugués
9781549656798,es un codigo ISBN para el libro,Reliquiae
9781549656798,es un codigo ISBN de una edicion publicada por,Independently Published
9781549656798,está escrito en,Portugués
9781521736944,es un codigo ISBN para el libro,Reliquiae
9781521736944,es un codigo ISBN de una edicion publicada por,Independently Published
9781521736944,está escrito en,Portugués
Florbela Espanca,es autor de la obra,Reliquiae
9781521737064,es un codigo ISBN para el libro,Poemas Selecionados (Ilustrado)
9781521737064,es un codigo ISBN de una edicion publicada por,Independently Published
9781521737064,está escrito en,Portugués
Florbela Espanca,es autor de la obra,Poemas Selecionados (Ilustrado)
9781549971198,es un codigo ISBN para el libro,Trocando Olhares (Ilustrado)
9781549971198,es un codigo ISBN de una edicion publicada por,Independently Published
9781549971198,está escrito en,Portugués
9781521737651,es un codigo ISBN para el libro,Trocando Olhares (Ilustrado)
9781521737651,es un codigo ISBN de una edicion publicada por,Independently Published
9781521737651,está escrito en,Portugués
Florbela Espanca,es autor de la obra,Trocando Olhares (Ilustrado)
9789723326703,es un codigo ISBN para el libro,Livro de Mágoas
9789723326703,es un codigo ISBN de una edicion publicada por,Estampa
9789723326703,está escrito en,Portugués
9723326701,es un codigo ISBN para el libro,Livro de Mágoas
9723326701,es un codigo ISBN de una edicion publicada por,Estampa
9723326701,está escrito en,Portugués
9781549885006,es un codigo ISBN para el libro,Livro de Mágoas
9781549885006,es un codigo ISBN de una edicion publicada por,Independently Published
9781549885006,está escrito en,Portugués
9781521720714,es un codigo ISBN para el libro,Livro de Mágoas
9781521720714,es un codigo ISBN de una edicion publicada por,Independently Published
9781521720714,está escrito en,Portugués
9798787411935,es un codigo ISBN para el libro,Livro de Mágoas
9798787411935,es un codigo ISBN de una edicion publicada por,Independently Published
9798787411935,está escrito en,Portugués
Florbela Espanca,es autor de la obra,Livro de Mágoas
9789729026898,es un codigo ISBN para el libro,Inéditos
9789729026898,es un codigo ISBN de una edicion publicada por,Nova Acrópole
9789729026898,está escrito en,Portugués
9729026890,es un codigo ISBN para el libro,Inéditos
9729026890,es un codigo ISBN de una edicion publicada por,Nova Acrópole
9729026890,está escrito en,Portugués
Florbela Espanca,es autor de la obra,Inéditos
9798674195504,es un codigo ISBN para el libro,"Livro de ""soror saudade"""
9798674195504,es un codigo ISBN de una edicion publicada por,Independently Published
9798674195504,está escrito en,Portugués
9781549885051,es un codigo ISBN para el libro,"Livro de ""soror saudade"""
9781549885051,es un codigo ISBN de una edicion publicada por,Independently Published
9781549885051,está escrito en,Portugués
9781521723906,es un codigo ISBN para el libro,"Livro de ""soror saudade"""
9781521723906,es un codigo ISBN de una edicion publicada por,Independently Published
9781521723906,está escrito en,Portugués
9789898698018,es un codigo ISBN para el libro,"Livro de ""soror saudade"""
9789898698018,es un codigo ISBN de una edicion publicada por,Projecto Adamastor
9789898698018,está escrito en,Portugués
9789723326840,es un codigo ISBN para el libro,"Livro de ""soror saudade"""
9789723326840,es un codigo ISBN de una edicion publicada por,Estampa
9789723326840,está escrito en,Portugués
Florbela Espanca,es autor de la obra,"Livro de ""soror saudade"""
"Livro de ""soror saudade""",pertenece al género,Lyrik
"Livro de ""soror saudade""",pertenece al género,Portugiesisch
"Livro de ""soror saudade""",pertenece al género,poesia
9722346318,es un codigo ISBN para el libro,Contos
9722346318,es un codigo ISBN de una edicion publicada por,Presença
9722346318,está escrito en,Portugués
9789722346313,es un codigo ISBN para el libro,Contos
9789722346313,es un codigo ISBN de una edicion publicada por,Presença
9789722346313,está escrito en,Portugués
Florbela Espanca,es autor de la obra,Contos
972250889X,es un codigo ISBN para el libro,Contos Completos
972250889X,es un codigo ISBN de una edicion publicada por,Bertrand Editora
Florbela Espanca,es autor de la obra,Contos Completos
9788522004171,es un codigo ISBN para el libro,Florbela Espanca
9788522004171,es un codigo ISBN de una edicion publicada por,Agir
9788522004171,está escrito en,Portugués
852200417X,es un codigo ISBN para el libro,Florbela Espanca
852200417X,es un codigo ISBN de una edicion publicada por,Agir
852200417X,está escrito en,Portugués
Florbela Espanca,es autor de la obra,Florbela Espanca
Florbela Espanca,pertenece al género,Criticism and interpretation
José Tavares,es de nacionalidad,Portugal
9781519620019,es un codigo ISBN para el libro,Atos de Salomão
9781519620019,es un codigo ISBN de una edicion publicada por,CreateSpace Independent Publishing Platform
9781519620019,está escrito en,Portugués
9781522722670,es un codigo ISBN para el libro,Atos de Salomão
9781522722670,es un codigo ISBN de una edicion publicada por,CreateSpace Independent Publishing Platform
9781522722670,está escrito en,Portugués
José Tavares,es autor de la obra,Atos de Salomão
8571475946,es un codigo ISBN para el libro,Direito societário
8571475946,es un codigo ISBN de una edicion publicada por,Renovar
8571475946,está escrito en,Portugués
857147138X,es un codigo ISBN para el libro,Direito societário
857147138X,es un codigo ISBN de una edicion publicada por,Renovar
857147138X,está escrito en,Portugués
José Tavares,es autor de la obra,Direito societário
Direito societário,pertenece al género,Business enterprises
Direito societário,pertenece al género,Law and legislation
9798480501056,es un codigo ISBN para el libro,O Evangelho de TomÉ e Hino Da PÉrola
9798480501056,es un codigo ISBN de una edicion publicada por,Independently Published
9798480501056,está escrito en,Portugués
José Tavares,es autor de la obra,O Evangelho de TomÉ e Hino Da PÉrola
9724006778,es un codigo ISBN para el libro,Administração pública e direito administrativo
9724006778,es un codigo ISBN de una edicion publicada por,Livraria Almedina
9724006778,está escrito en,Portugués
José Tavares,es autor de la obra,Administração pública e direito administrativo
Administração pública e direito administrativo,pertenece al género,Administrative law
9781519513304,es un codigo ISBN para el libro,Chave de Salomão de J. R. P. T
9781519513304,es un codigo ISBN de una edicion publicada por,CreateSpace Independent Publishing Platform
9781519513304,está escrito en,Portugués
José Tavares,es autor de la obra,Chave de Salomão de J. R. P. T
9789727719549,es un codigo ISBN para el libro,O reflexo de Deus na poesia de António Oliveira Cruz
9789727719549,es un codigo ISBN de una edicion publicada por,Instituto Piaget
9789727719549,está escrito en,Portugués
José Tavares,es autor de la obra,O reflexo de Deus na poesia de António Oliveira Cruz
O reflexo de Deus na poesia de António Oliveira Cruz,pertenece al género,Criticism and interpretation
9727713653,es un codigo ISBN para el libro,A paisagem interior
9727713653,es un codigo ISBN de una edicion publicada por,Instituto Piaget
9727713653,está escrito en,Portugués
José Tavares,es autor de la obra,A paisagem interior
A paisagem interior,pertenece al género,History and criticism
A paisagem interior,pertenece al género,Portuguese literature
9789727726936,es un codigo ISBN para el libro,O campo de concentração do Tarrafal
9789727726936,es un codigo ISBN de una edicion publicada por,Edições Colibri
9789727726936,está escrito en,Portugués
José Tavares,es autor de la obra,O campo de concentração do Tarrafal
António dos Reis Rodrigues,es de nacionalidad,Portugal
9728178204,es un codigo ISBN para el libro,"Nun' Álvares, condestável e santo"
9728178204,es un codigo ISBN de una edicion publicada por,Grifo
9728178204,está escrito en,Portugués
António dos Reis Rodrigues,es autor de la obra,"Nun' Álvares, condestável e santo"
"Nun' Álvares, condestável e santo",pertenece al género,History
9728178379,es un codigo ISBN para el libro,ONDE O ESPÍRITO FLORESCE - Meditações Sobre o Espírito Santo -(EURO 12.47)
9728178379,es un codigo ISBN de una edicion publicada por,"Grifo Editores e Livreiros-Rua dos Cegos, 34"
9728178379,está escrito en,Portugués
António dos Reis Rodrigues,es autor de la obra,ONDE O ESPÍRITO FLORESCE - Meditações Sobre o Espírito Santo -(EURO 12.47)
9728818386,es un codigo ISBN para el libro,Sobre o uso da riqueza
9728818386,es un codigo ISBN de una edicion publicada por,Principia
9728818386,está escrito en,Portugués
António dos Reis Rodrigues,es autor de la obra,Sobre o uso da riqueza
Sobre o uso da riqueza,pertenece al género,Catholic Church
Sobre o uso da riqueza,pertenece al género,Distributive justice
Sobre o uso da riqueza,pertenece al género,Doctrines
9786557069271,es un codigo ISBN para el libro,Enfermagem
9786557069271,es un codigo ISBN de una edicion publicada por,Atena Editora
9786557069271,está escrito en,Portugués
António dos Reis Rodrigues,es autor de la obra,Enfermagem
Diogo Freitas do Amaral,es de nacionalidad,Portugal
9724007952,es un codigo ISBN para el libro,Curso de direito administrativo
9724007952,es un codigo ISBN de una edicion publicada por,Livraria Almedina
9724007952,está escrito en,Portugués
Diogo Freitas do Amaral,es autor de la obra,Curso de direito administrativo
Curso de direito administrativo,pertenece al género,Administrative law
9724010767,es un codigo ISBN para el libro,História das ideias políticas
9724010767,es un codigo ISBN de una edicion publicada por,Almendrina
9724010767,está escrito en,Portugués
Diogo Freitas do Amaral,es autor de la obra,História das ideias políticas
História das ideias políticas,pertenece al género,Political science
História das ideias políticas,pertenece al género,History
9789724046457,es un codigo ISBN para el libro,História do pensamento político ocidental
9789724046457,es un codigo ISBN de una edicion publicada por,Almedina
9789724046457,está escrito en,Portugués
Diogo Freitas do Amaral,es autor de la obra,História do pensamento político ocidental
História do pensamento político ocidental,pertenece al género,Political science
História do pensamento político ocidental,pertenece al género,History
9789722527347,es un codigo ISBN para el libro,Uma introdução à política
9789722527347,es un codigo ISBN de una edicion publicada por,Bertrand Editora
9789722527347,está escrito en,Portugués
Diogo Freitas do Amaral,es autor de la obra,Uma introdução à política
972401889X,es un codigo ISBN para el libro,Grandes linhas da reforma do contencioso administrativo
972401889X,es un codigo ISBN de una edicion publicada por,Almedina
972401889X,está escrito en,Portugués
9724017206,es un codigo ISBN para el libro,Grandes linhas da reforma do contencioso administrativo
9724017206,es un codigo ISBN de una edicion publicada por,Almeida
9724017206,está escrito en,Portugués
Diogo Freitas do Amaral,es autor de la obra,Grandes linhas da reforma do contencioso administrativo
Grandes linhas da reforma do contencioso administrativo,pertenece al género,Administrative procedure
Grandes linhas da reforma do contencioso administrativo,pertenece al género,Administrative courts
9722512838,es un codigo ISBN para el libro,Do 11 de Setembro à crise do Iraque
9722512838,es un codigo ISBN de una edicion publicada por,Bertrand Editora
9722512838,está escrito en,Portugués
Diogo Freitas do Amaral,es autor de la obra,Do 11 de Setembro à crise do Iraque
Do 11 de Setembro à crise do Iraque,pertenece al género,World politics
9728500661,es un codigo ISBN para el libro,Governos de gestão
9728500661,es un codigo ISBN de una edicion publicada por,"Principia, Publicaõ̧es Universitárias e Científicas"
9728500661,está escrito en,Portugués
Diogo Freitas do Amaral,es autor de la obra,Governos de gestão
Governos de gestão,pertenece al género,Executive departments
Governos de gestão,pertenece al género,Management
Governos de gestão,pertenece al género,Administrative agencies
9789722518147,es un codigo ISBN para el libro,A transição para a democracia
9789722518147,es un codigo ISBN de una edicion publicada por,Bertram/Nomen
9789722518147,está escrito en,Portugués
Diogo Freitas do Amaral,es autor de la obra,A transição para a democracia
A transição para a democracia,pertenece al género,Politics and government
972251329X,es un codigo ISBN para el libro,Viriato (peça em 3 actos)
972251329X,es un codigo ISBN de una edicion publicada por,Bertrand
972251329X,está escrito en,Portugués
Diogo Freitas do Amaral,es autor de la obra,Viriato (peça em 3 actos)
Viriato (peça em 3 actos),pertenece al género,Drama
9789722511575,es un codigo ISBN para el libro,D.AFONSO HENRIQUES - Biografia -(EURO 14.47)
9789722511575,es un codigo ISBN de una edicion publicada por,Bertrand Editora
9789722511575,está escrito en,Portugués
9722511572,es un codigo ISBN para el libro,D.AFONSO HENRIQUES - Biografia -(EURO 14.47)
9722511572,es un codigo ISBN de una edicion publicada por,Bertrand Editora
9722511572,está escrito en,Portugués
Diogo Freitas do Amaral,es autor de la obra,D.AFONSO HENRIQUES - Biografia -(EURO 14.47)
9729495661,es un codigo ISBN para el libro,O valor jurídico-político da referenda ministerial
9729495661,es un codigo ISBN de una edicion publicada por,Lex
9729495661,está escrito en,Portugués
Diogo Freitas do Amaral,es autor de la obra,O valor jurídico-político da referenda ministerial
O valor jurídico-político da referenda ministerial,pertenece al género,Ministerial responsibility
9729745757,es un codigo ISBN para el libro,Sumários de introdução ao direito
9729745757,es un codigo ISBN de una edicion publicada por,"Principia, Publicações Universitárias e Científicas"
9729745757,está escrito en,Portugués
Diogo Freitas do Amaral,es autor de la obra,Sumários de introdução ao direito
Sumários de introdução ao direito,pertenece al género,Law
Sumários de introdução ao direito,pertenece al género,"Outlines, syllabi"
9729222029,es un codigo ISBN para el libro,Direito do urbanismo
9729222029,es un codigo ISBN de una edicion publicada por,"ina, Instituto Nacional de Administração"
9729222029,está escrito en,Portugués
Diogo Freitas do Amaral,es autor de la obra,Direito do urbanismo
Direito do urbanismo,pertenece al género,Zoning law
Direito do urbanismo,pertenece al género,City planning and redevelopment law
9789724062099,es un codigo ISBN para el libro,Curso de Direito Administrativo - Volume I
9789724062099,es un codigo ISBN de una edicion publicada por,Almedina
9789724062099,está escrito en,Portugués
Diogo Freitas do Amaral,es autor de la obra,Curso de Direito Administrativo - Volume I
8415690592,es un codigo ISBN para el libro,Historia del pensamiento político occidental.
8415690592,es un codigo ISBN de una edicion publicada por,Atelier Libros S.A.
9788415690597,es un codigo ISBN para el libro,Historia del pensamiento político occidental.
9788415690597,es un codigo ISBN de una edicion publicada por,Atelier Libros S.A.
Diogo Freitas do Amaral,es autor de la obra,Historia del pensamiento político occidental.
9724016706,es un codigo ISBN para el libro,Estudos sobre concessões e outros actos da administração
9724016706,es un codigo ISBN de una edicion publicada por,Almedina
9724016706,está escrito en,Portugués
9789724016702,es un codigo ISBN para el libro,Estudos sobre concessões e outros actos da administração
9789724016702,es un codigo ISBN de una edicion publicada por,Almedina
9789724016702,está escrito en,Portugués
Diogo Freitas do Amaral,es autor de la obra,Estudos sobre concessões e outros actos da administração
Estudos sobre concessões e outros actos da administração,pertenece al género,Concessions
Estudos sobre concessões e outros actos da administração,pertenece al género,Public-private sector cooperation
Estudos sobre concessões e outros actos da administração,pertenece al género,Public contracts
9724211177,es un codigo ISBN para el libro,O Antigo Regime e a Revolução
9724211177,es un codigo ISBN de una edicion publicada por,Circulo de Leitores
9724211177,está escrito en,Portugués
Diogo Freitas do Amaral,es autor de la obra,O Antigo Regime e a Revolução
O Antigo Regime e a Revolução,pertenece al género,Politics and government
O Antigo Regime e a Revolução,pertenece al género,History
9723208180,es un codigo ISBN para el libro,Direito do ordenamento do território e constituição
9723208180,es un codigo ISBN de una edicion publicada por,Associação Portuguesa de Promotores e Investidores Imobiliários
9723208180,está escrito en,Portugués
Diogo Freitas do Amaral,es autor de la obra,Direito do ordenamento do território e constituição
Direito do ordenamento do território e constituição,pertenece al género,City planning and redevelopment law
9726627869,es un codigo ISBN para el libro,O magnífico reitor
9726627869,es un codigo ISBN de una edicion publicada por,Gradiva
9726627869,está escrito en,Portugués
Diogo Freitas do Amaral,es autor de la obra,O magnífico reitor
972320665X,es un codigo ISBN para el libro,A tentativa falhada de um acordo Portugal eua sobre o futuro do ultramar português 1963
972320665X,es un codigo ISBN de una edicion publicada por,Coimbra Editora
972320665X,está escrito en,Portugués
Diogo Freitas do Amaral,es autor de la obra,A tentativa falhada de um acordo Portugal eua sobre o futuro do ultramar português 1963
A tentativa falhada de um acordo Portugal eua sobre o futuro do ultramar português 1963,pertenece al género,Foreign relations
A tentativa falhada de um acordo Portugal eua sobre o futuro do ultramar português 1963,pertenece al género,Colonies
9726701724,es un codigo ISBN para el libro,Um voto a favor de Maastricht
9726701724,es un codigo ISBN de una edicion publicada por,Editorial Inquérito
9726701724,está escrito en,Portugués
Diogo Freitas do Amaral,es autor de la obra,Um voto a favor de Maastricht
Um voto a favor de Maastricht,pertenece al género,Economic integration
Um voto a favor de Maastricht,pertenece al género,European Economic Community
Um voto a favor de Maastricht,pertenece al género,European federation
9722513427,es un codigo ISBN para el libro,Ao correr da memória
9722513427,es un codigo ISBN de una edicion publicada por,Bertrand Editora
9722513427,está escrito en,Portugués
Diogo Freitas do Amaral,es autor de la obra,Ao correr da memória
Ao correr da memória,pertenece al género,Biography
Ao correr da memória,pertenece al género,Politics and government
Ao correr da memória,pertenece al género,Statesmen
Artur Virgílio Alves Reis,es de nacionalidad,Portugal
Lídia Jorge,es de nacionalidad,Portugal
9722016164,es un codigo ISBN para el libro,O dia dos prodígios
9722016164,es un codigo ISBN de una edicion publicada por,Publicações Dom Quixote
9722016164,está escrito en,Portugués
9722021648,es un codigo ISBN para el libro,O dia dos prodígios
9722021648,es un codigo ISBN de una edicion publicada por,Dom Quixote Publicaçoes
9722021648,está escrito en,Portugués
Lídia Jorge,es autor de la obra,O dia dos prodígios
8501070793,es un codigo ISBN para el libro,A Costa DOS Murmurios
8501070793,es un codigo ISBN de una edicion publicada por,Editora Record
8501070793,está escrito en,Portugués
9788412351262,es un codigo ISBN para el libro,A Costa DOS Murmurios
9788412351262,es un codigo ISBN de una edicion publicada por,La Umbría y la Solana
9722002171,es un codigo ISBN para el libro,A Costa DOS Murmurios
9722002171,es un codigo ISBN de una edicion publicada por,Publicacoes Dom Quixote
9722002171,está escrito en,Portugués
9789722002172,es un codigo ISBN para el libro,A Costa DOS Murmurios
9789722002172,es un codigo ISBN de una edicion publicada por,Publicacoes Dom Quixote
9789722002172,está escrito en,Portugués
Lídia Jorge,es autor de la obra,A Costa DOS Murmurios
A Costa DOS Murmurios,pertenece al género,Portuguese fiction
A Costa DOS Murmurios,pertenece al género,Roman portugais
A Costa DOS Murmurios,pertenece al género,Portuguese language materials
9780816621286,es un codigo ISBN para el libro,The murmuring coast
9780816621286,es un codigo ISBN de una edicion publicada por,University of Minnesota Press
9780816621286,está escrito en,Inglés
9722023438,es un codigo ISBN para el libro,The murmuring coast
9722023438,es un codigo ISBN de una edicion publicada por,Dom Quixote
9722023438,está escrito en,Portugués
0816621128,es un codigo ISBN para el libro,The murmuring coast
0816621128,es un codigo ISBN de una edicion publicada por,University of Minnesota Press
0816621128,está escrito en,Inglés
Lídia Jorge,es autor de la obra,The murmuring coast
The murmuring coast,pertenece al género,"Fiction, general"
The murmuring coast,pertenece al género,Pq9272.o69 c6713 1995
The murmuring coast,pertenece al género,869.3/42
015100658X,es un codigo ISBN para el libro,The migrant painter of birds
015100658X,es un codigo ISBN de una edicion publicada por,Harcourt
015100658X,está escrito en,Inglés
9780151006588,es un codigo ISBN para el libro,The migrant painter of birds
9780151006588,es un codigo ISBN de una edicion publicada por,Harcourt
9780151006588,está escrito en,Inglés
1860468861,es un codigo ISBN para el libro,The migrant painter of birds
1860468861,es un codigo ISBN de una edicion publicada por,Harvill
1860468861,está escrito en,Inglés
Lídia Jorge,es autor de la obra,The migrant painter of birds
The migrant painter of birds,pertenece al género,Fathers and daughters
The migrant painter of birds,pertenece al género,Fiction
The migrant painter of birds,pertenece al género,Portugal in fiction
9782864240617,es un codigo ISBN para el libro,Le Rivage des murmures
9782864240617,es un codigo ISBN de una edicion publicada por,A.M. Métailié
9782864240617,está escrito en,Francés
2864240610,es un codigo ISBN para el libro,Le Rivage des murmures
2864240610,es un codigo ISBN de una edicion publicada por,A.M. Métailié
2864240610,está escrito en,Francés
2864242958,es un codigo ISBN para el libro,Le Rivage des murmures
2864242958,es un codigo ISBN de una edicion publicada por,Métailié
9782864242956,es un codigo ISBN para el libro,Le Rivage des murmures
9782864242956,es un codigo ISBN de una edicion publicada por,Métailié
Lídia Jorge,es autor de la obra,Le Rivage des murmures
9789722059909,es un codigo ISBN para el libro,O amor em Lobito bay
9789722059909,es un codigo ISBN de una edicion publicada por,D. Quixote
9789722059909,está escrito en,Portugués
9722059904,es un codigo ISBN para el libro,O amor em Lobito bay
9722059904,es un codigo ISBN de una edicion publicada por,D. Quixote
9722059904,está escrito en,Portugués
Lídia Jorge,es autor de la obra,O amor em Lobito bay
O amor em Lobito bay,pertenece al género,Life change events
O amor em Lobito bay,pertenece al género,Fiction
O amor em Lobito bay,pertenece al género,Wisdom
9789722023467,es un codigo ISBN para el libro,O cais das merendas
9789722023467,es un codigo ISBN de una edicion publicada por,Publicações Dom Quixote
9789722023467,está escrito en,Portugués
9722023462,es un codigo ISBN para el libro,O cais das merendas
9722023462,es un codigo ISBN de una edicion publicada por,Publicações Dom Quixote
9722023462,está escrito en,Portugués
9721026867,es un codigo ISBN para el libro,O cais das merendas
9721026867,es un codigo ISBN de una edicion publicada por,Europa-America
9721026867,es un codigo ISBN de una edicion publicada por,Publicacoes Europa-America
9721026867,está escrito en,Portugués
Lídia Jorge,es autor de la obra,O cais das merendas
9782864242086,es un codigo ISBN para el libro,La Dernière femme
9782864242086,es un codigo ISBN de una edicion publicada por,Métailié
2864242087,es un codigo ISBN para el libro,La Dernière femme
2864242087,es un codigo ISBN de una edicion publicada por,Métailié
Lídia Jorge,es autor de la obra,La Dernière femme
9789722029759,es un codigo ISBN para el libro,Combateremos a sombra
9789722029759,es un codigo ISBN de una edicion publicada por,Dom Quixote
9789722029759,está escrito en,Portugués
9789722029759,está escrito en,Inglés
Lídia Jorge,es autor de la obra,Combateremos a sombra
9789722045131,es un codigo ISBN para el libro,A noite das mulheres cantoras
9789722045131,es un codigo ISBN de una edicion publicada por,D.Quixote
9789722045131,está escrito en,Portugués
Lídia Jorge,es autor de la obra,A noite das mulheres cantoras
9782226033772,es un codigo ISBN para el libro,La forêt dans le fleuve
9782226033772,es un codigo ISBN de una edicion publicada por,"Albin-Michel, Editions"
9782226033772,está escrito en,Francés
2864243369,es un codigo ISBN para el libro,La forêt dans le fleuve
2864243369,es un codigo ISBN de una edicion publicada por,Métailié
9782864243366,es un codigo ISBN para el libro,La forêt dans le fleuve
9782864243366,es un codigo ISBN de una edicion publicada por,Métailié
Lídia Jorge,es autor de la obra,La forêt dans le fleuve
9722013661,es un codigo ISBN para el libro,A maçon
9722013661,es un codigo ISBN de una edicion publicada por,Sociedade Portuguesa de Autores ; Publicações Dom Quixote
9722013661,está escrito en,Portugués
Lídia Jorge,es autor de la obra,A maçon
8497822617,es un codigo ISBN para el libro,Marido e outros contos
8497822617,es un codigo ISBN de una edicion publicada por,Grupo Anaya Comercial
8497822617,está escrito en,Portugués
9788497822619,es un codigo ISBN para el libro,Marido e outros contos
9788497822619,es un codigo ISBN de una edicion publicada por,Grupo Anaya Comercial
9788497822619,está escrito en,Portugués
9722014331,es un codigo ISBN para el libro,Marido e outros contos
9722014331,es un codigo ISBN de una edicion publicada por,Publicações Dom Quixote
9722014331,está escrito en,Portugués
Lídia Jorge,es autor de la obra,Marido e outros contos
9789722026710,es un codigo ISBN para el libro,O vale da paixão
9789722026710,es un codigo ISBN de una edicion publicada por,Publicações Dom Quixote
9789722026710,está escrito en,Portugués
9722026712,es un codigo ISBN para el libro,O vale da paixão
9722026712,es un codigo ISBN de una edicion publicada por,Publicações Dom Quixote
9722026712,está escrito en,Portugués
9722014730,es un codigo ISBN para el libro,O vale da paixão
9722014730,es un codigo ISBN de una edicion publicada por,Dom Quixote
9722014730,está escrito en,Portugués
Lídia Jorge,es autor de la obra,O vale da paixão
O vale da paixão,pertenece al género,Fathers and daughters
O vale da paixão,pertenece al género,Absentee fathers
O vale da paixão,pertenece al género,Letters
9722023322,es un codigo ISBN para el libro,O vento assobiando nas gruas
9722023322,es un codigo ISBN de una edicion publicada por,Dom Quixote
9722023322,está escrito en,Portugués
Lídia Jorge,es autor de la obra,O vento assobiando nas gruas
2864243180,es un codigo ISBN para el libro,Die Decke des Soldaten
2864243180,es un codigo ISBN de una edicion publicada por,Métailié
9782864243182,es un codigo ISBN para el libro,Die Decke des Soldaten
9782864243182,es un codigo ISBN de una edicion publicada por,Métailié
9783518411834,es un codigo ISBN para el libro,Die Decke des Soldaten
9783518411834,es un codigo ISBN de una edicion publicada por,Suhrkamp
3518411837,es un codigo ISBN para el libro,Die Decke des Soldaten
3518411837,es un codigo ISBN de una edicion publicada por,Suhrkamp
Lídia Jorge,es autor de la obra,Die Decke des Soldaten
9789722013666,es un codigo ISBN para el libro,A macon
9789722013666,es un codigo ISBN de una edicion publicada por,Sociedade Portuguesa de Autores ; Publicacoes Dom Quixote
9789722013666,está escrito en,Portugués
9722013661,es un codigo ISBN para el libro,A macon
9722013661,es un codigo ISBN de una edicion publicada por,Sociedade Portuguesa de Autores ; Publicacoes Dom Quixote
Lídia Jorge,es autor de la obra,A macon
8501065161,es un codigo ISBN para el libro,A manta do soldado
8501065161,es un codigo ISBN de una edicion publicada por,Editora Record
8501065161,está escrito en,Portugués
Lídia Jorge,es autor de la obra,A manta do soldado
9722013009,es un codigo ISBN para el libro,O jardim sem limites
9722013009,es un codigo ISBN de una edicion publicada por,Publicações Dom Quixote
9722013009,está escrito en,Portugués
Lídia Jorge,es autor de la obra,O jardim sem limites
2864244950,es un codigo ISBN para el libro,Le vent qui siffle dans les grues
2864244950,es un codigo ISBN de una edicion publicada por,Métailié
2864244950,está escrito en,Francés
9782864244950,es un codigo ISBN para el libro,Le vent qui siffle dans les grues
9782864244950,es un codigo ISBN de una edicion publicada por,Métailié
9782864244950,está escrito en,Francés
Lídia Jorge,es autor de la obra,Le vent qui siffle dans les grues
9722022504,es un codigo ISBN para el libro,Dia DOS Prodigios
9722022504,es un codigo ISBN de una edicion publicada por,Imprint unknown
9789722022507,es un codigo ISBN para el libro,Dia DOS Prodigios
9789722022507,es un codigo ISBN de una edicion publicada por,Imprint unknown
Lídia Jorge,es autor de la obra,Dia DOS Prodigios
9789722054362,es un codigo ISBN para el libro,Os memoráveis
9789722054362,es un codigo ISBN de una edicion publicada por,D.Quixote
9789722054362,está escrito en,Portugués
Lídia Jorge,es autor de la obra,Os memoráveis
Os memoráveis,pertenece al género,Fiction
Os memoráveis,pertenece al género,History
9789722055864,es un codigo ISBN para el libro,O organista
9789722055864,es un codigo ISBN de una edicion publicada por,Dom Quixote
9789722055864,está escrito en,Portugués
9789722055864,está escrito en,Inglés
9722055860,es un codigo ISBN para el libro,O organista
9722055860,es un codigo ISBN de una edicion publicada por,Dom Quixote
9722055860,está escrito en,Portugués
9722055860,está escrito en,Inglés
Lídia Jorge,es autor de la obra,O organista
286424280X,es un codigo ISBN para el libro,Le jardin sans limites
286424280X,es un codigo ISBN de una edicion publicada por,Métailié
286424280X,está escrito en,Francés
Lídia Jorge,es autor de la obra,Le jardin sans limites
9722026461,es un codigo ISBN para el libro,O Belo Adormecido
9722026461,es un codigo ISBN de una edicion publicada por,Dom Quixote
9722026461,está escrito en,Portugués
Lídia Jorge,es autor de la obra,O Belo Adormecido
3518402323,es un codigo ISBN para el libro,Nachricht von der anderen Seite der Straße
3518402323,es un codigo ISBN de una edicion publicada por,Suhrkamp
9783518402320,es un codigo ISBN para el libro,Nachricht von der anderen Seite der Straße
9783518402320,es un codigo ISBN de una edicion publicada por,Suhrkamp
Lídia Jorge,es autor de la obra,Nachricht von der anderen Seite der Straße
9725751884,es un codigo ISBN para el libro,O conto do nadador
9725751884,es un codigo ISBN de una edicion publicada por,Contexto
9725751884,está escrito en,Portugués
Lídia Jorge,es autor de la obra,O conto do nadador
Matilde Rosa Araújo,es de nacionalidad,Portugal
847680590X,es un codigo ISBN para el libro,O pallaso verde
847680590X,es un codigo ISBN de una edicion publicada por,Ir Indo
847680590X,está escrito en,Gallego
Matilde Rosa Araújo,es autor de la obra,O pallaso verde
9722411616,es un codigo ISBN para el libro,Voz nua
9722411616,es un codigo ISBN de una edicion publicada por,Livros Horizonte
9722411616,está escrito en,Portugués
Matilde Rosa Araújo,es autor de la obra,Voz nua
9789724739397,es un codigo ISBN para el libro,Anjos de pijama
9789724739397,es un codigo ISBN de una edicion publicada por,Editora Texto
9789724739397,está escrito en,Portugués
Matilde Rosa Araújo,es autor de la obra,Anjos de pijama
9722113100,es un codigo ISBN para el libro,Segredos e brinquedos
9722113100,es un codigo ISBN de una edicion publicada por,Editorial Caminho
9722113100,está escrito en,Portugués
Matilde Rosa Araújo,es autor de la obra,Segredos e brinquedos
Hanna Damásio,es de nacionalidad,Portugal
9781280838385,es un codigo ISBN para el libro,Human brain anatomy in computerized images
9781280838385,es un codigo ISBN de una edicion publicada por,Oxford University Press
9781280838385,está escrito en,Inglés
9780198037057,es un codigo ISBN para el libro,Human brain anatomy in computerized images
9780198037057,es un codigo ISBN de una edicion publicada por,"Oxford University Press, Incorporated"
9780198037057,está escrito en,Inglés
9780195165616,es un codigo ISBN para el libro,Human brain anatomy in computerized images
9780195165616,es un codigo ISBN de una edicion publicada por,Oxford University Press
9780195165616,es un codigo ISBN de una edicion publicada por,"Oxford University Press, USA"
9780195165616,está escrito en,Inglés
0195165616,es un codigo ISBN para el libro,Human brain anatomy in computerized images
0195165616,es un codigo ISBN de una edicion publicada por,Oxford University Press
0195165616,es un codigo ISBN de una edicion publicada por,"Oxford University Press, USA"
0195165616,está escrito en,Inglés
0195082044,es un codigo ISBN para el libro,Human brain anatomy in computerized images
0195082044,es un codigo ISBN de una edicion publicada por,Oxford University Press
0195082044,está escrito en,Inglés
Hanna Damásio,es autor de la obra,Human brain anatomy in computerized images
Human brain anatomy in computerized images,pertenece al género,Anatomy
Human brain anatomy in computerized images,pertenece al género,Anatomy & histology
Human brain anatomy in computerized images,pertenece al género,Atlases
9783642799297,es un codigo ISBN para el libro,Neurobiology of decision-making
9783642799297,es un codigo ISBN de una edicion publicada por,Island Press
9783642799297,está escrito en,Inglés
9783642799280,es un codigo ISBN para el libro,Neurobiology of decision-making
9783642799280,es un codigo ISBN de una edicion publicada por,Springer
9783642799280,está escrito en,Inglés
9783642799303,es un codigo ISBN para el libro,Neurobiology of decision-making
9783642799303,es un codigo ISBN de una edicion publicada por,Brand: Springer
9783642799303,es un codigo ISBN de una edicion publicada por,Springer
3642799302,es un codigo ISBN para el libro,Neurobiology of decision-making
3642799302,es un codigo ISBN de una edicion publicada por,Brand: Springer
3642799302,es un codigo ISBN de una edicion publicada por,Springer
3540601430,es un codigo ISBN para el libro,Neurobiology of decision-making
3540601430,es un codigo ISBN de una edicion publicada por,Springer
3540601430,está escrito en,Inglés
Hanna Damásio,es autor de la obra,Neurobiology of decision-making
Neurobiology of decision-making,pertenece al género,Physiologie
Neurobiology of decision-making,pertenece al género,Neuropsychology
Neurobiology of decision-making,pertenece al género,Neurobiologie
019503919X,es un codigo ISBN para el libro,Lesion analysis in neuropsychology
019503919X,es un codigo ISBN de una edicion publicada por,Oxford University Press
019503919X,está escrito en,Inglés
Hanna Damásio,es autor de la obra,Lesion analysis in neuropsychology
Lesion analysis in neuropsychology,pertenece al género,Anatomy
Lesion analysis in neuropsychology,pertenece al género,Anatomy & histology
Lesion analysis in neuropsychology,pertenece al género,Brain
Sofia Vitória,es de nacionalidad,Portugal
8498983649,es un codigo ISBN para el libro,Public Procurement in the European Union and its Member States
8498983649,es un codigo ISBN de una edicion publicada por,Lex Nova
8498983649,está escrito en,Inglés
9788498983647,es un codigo ISBN para el libro,Public Procurement in the European Union and its Member States
9788498983647,es un codigo ISBN de una edicion publicada por,Lex Nova
9788498983647,está escrito en,Inglés
Sofia Vitória,es autor de la obra,Public Procurement in the European Union and its Member States
Public Procurement in the European Union and its Member States,pertenece al género,Government purchasing
Public Procurement in the European Union and its Member States,pertenece al género,Law and legislation
Public Procurement in the European Union and its Member States,pertenece al género,Public contracts
9788498983630,es un codigo ISBN para el libro,Derecho de los contratos públicos en la Unión Europea y sus estados miembros
9788498983630,es un codigo ISBN de una edicion publicada por,Lex Nova
8498983630,es un codigo ISBN para el libro,Derecho de los contratos públicos en la Unión Europea y sus estados miembros
8498983630,es un codigo ISBN de una edicion publicada por,Lex Nova
Sofia Vitória,es autor de la obra,Derecho de los contratos públicos en la Unión Europea y sus estados miembros
Amália Luazes,es de nacionalidad,Portugal
Américo Durão,es de nacionalidad,Portugal
972270964X,es un codigo ISBN para el libro,Poesias completas
972270964X,es un codigo ISBN de una edicion publicada por,"ill., port."
972270964X,está escrito en,Portugués
Américo Durão,es autor de la obra,Poesias completas
Joaquim Benite,es de nacionalidad,Portugal
Beatriz Costa,es de nacionalidad,Portugal
9781435655003,es un codigo ISBN para el libro,Tactical biopolitics
9781435655003,es un codigo ISBN de una edicion publicada por,MIT Press
9781435655003,está escrito en,Inglés
9780262042499,es un codigo ISBN para el libro,Tactical biopolitics
9780262042499,es un codigo ISBN de una edicion publicada por,MIT Press
9780262042499,está escrito en,Inglés
0262042495,es un codigo ISBN para el libro,Tactical biopolitics
0262042495,es un codigo ISBN de una edicion publicada por,The MIT Press
0262042495,está escrito en,Inglés
9780262042499,es un codigo ISBN de una edicion publicada por,The MIT Press
Beatriz Costa,es autor de la obra,Tactical biopolitics
Tactical biopolitics,pertenece al género,Biology
Tactical biopolitics,pertenece al género,Biopolitics
Tactical biopolitics,pertenece al género,Biotechnology
972102967X,es un codigo ISBN para el libro,Eles e eu
972102967X,es un codigo ISBN de una edicion publicada por,Publicações Europa-América
972102967X,está escrito en,Portugués
Beatriz Costa,es autor de la obra,Eles e eu
9789871973644,es un codigo ISBN para el libro,Product Design Process
9789871973644,es un codigo ISBN de una edicion publicada por,Imaginary Cloud Limited
9871973640,es un codigo ISBN para el libro,Product Design Process
9871973640,es un codigo ISBN de una edicion publicada por,Imaginary Cloud Limited
Beatriz Costa,es autor de la obra,Product Design Process
9789724048314,es un codigo ISBN para el libro,Questões de direito societário em Portugal e no Brasil
9789724048314,es un codigo ISBN de una edicion publicada por,Almedina
9789724048314,está escrito en,Portugués
Beatriz Costa,es autor de la obra,Questões de direito societário em Portugal e no Brasil
Questões de direito societário em Portugal e no Brasil,pertenece al género,Business enterprises
Questões de direito societário em Portugal e no Brasil,pertenece al género,Law and legislation
Questões de direito societário em Portugal e no Brasil,pertenece al género,Corporation law
9788584403448,es un codigo ISBN para el libro,Meio ambiente como direito à vida
9788584403448,es un codigo ISBN de una edicion publicada por,"Lumen Juris, Editora"
9788584403448,está escrito en,Portugués
Beatriz Costa,es autor de la obra,Meio ambiente como direito à vida
9780262514910,es un codigo ISBN para el libro,Tactical Biopolitics Leonardo Books
9780262514910,es un codigo ISBN de una edicion publicada por,MIT Press (MA)
Beatriz Costa,es autor de la obra,Tactical Biopolitics Leonardo Books
Tactical Biopolitics Leonardo Books,pertenece al género,"Biology, social aspects"
Tactical Biopolitics Leonardo Books,pertenece al género,Technological innovations
Tactical Biopolitics Leonardo Books,pertenece al género,Biotechnology
8532624804,es un codigo ISBN para el libro,Economia dos setores populares
8532624804,es un codigo ISBN de una edicion publicada por,CAPINA
8532624804,es un codigo ISBN de una edicion publicada por,CESE
8532624804,es un codigo ISBN de una edicion publicada por,UCSal
8532624804,es un codigo ISBN de una edicion publicada por,Vozes
8532624804,está escrito en,Portugués
Beatriz Costa,es autor de la obra,Economia dos setores populares
Economia dos setores populares,pertenece al género,Sociological aspects
Economia dos setores populares,pertenece al género,Economics
Economia dos setores populares,pertenece al género,Economic development
9788574308197,es un codigo ISBN para el libro,Encontros entre direito e literatura
9788574308197,es un codigo ISBN de una edicion publicada por,Pontifícia Universidade Católica do Rio Grande do Sul. PUCRS
9788574308197,está escrito en,Portugués
Beatriz Costa,es autor de la obra,Encontros entre direito e literatura
9788419398116,es un codigo ISBN para el libro,CASOS CLÍNICOS EN GINECOLOGÍA
9788419398116,es un codigo ISBN de una edicion publicada por,DIEGO MARIN LIBRERO EDITOR SL
841939811X,es un codigo ISBN para el libro,CASOS CLÍNICOS EN GINECOLOGÍA
841939811X,es un codigo ISBN de una edicion publicada por,DIEGO MARIN LIBRERO EDITOR SL
Beatriz Costa,es autor de la obra,CASOS CLÍNICOS EN GINECOLOGÍA
9782501120517,es un codigo ISBN para el libro,Spiralisez vos légumes
9782501120517,es un codigo ISBN de una edicion publicada por,MARABOUT
2501120515,es un codigo ISBN para el libro,Spiralisez vos légumes
2501120515,es un codigo ISBN de una edicion publicada por,MARABOUT
Beatriz Costa,es autor de la obra,Spiralisez vos légumes
Spiralisez vos légumes,pertenece al género,Cuisine (légumes)
Spiralisez vos légumes,pertenece al género,Cuisine (Légumes)
Spiralisez vos légumes,pertenece al género,Trancheuses (Cuisine)
8579395410,es un codigo ISBN para el libro,Cultura e poder entre o Império e a República
8579395410,es un codigo ISBN de una edicion publicada por,Alameda
8579395410,está escrito en,Portugués
9788579395413,es un codigo ISBN para el libro,Cultura e poder entre o Império e a República
9788579395413,es un codigo ISBN de una edicion publicada por,Alameda
9788579395413,está escrito en,Portugués
Beatriz Costa,es autor de la obra,Cultura e poder entre o Império e a República
Cultura e poder entre o Império e a República,pertenece al género,Intellectual life
Cultura e poder entre o Império e a República,pertenece al género,History
8585298170,es un codigo ISBN para el libro,"Shattered dreams : Beatriz Milhazes, Rosângela Rennó"
8585298170,es un codigo ISBN de una edicion publicada por,Fundação Bienal de São Paulo
8585298170,está escrito en,Inglés
Beatriz Costa,es autor de la obra,"Shattered dreams : Beatriz Milhazes, Rosângela Rennó"
"Shattered dreams : Beatriz Milhazes, Rosângela Rennó",pertenece al género,Exhibitions
8578436806,es un codigo ISBN para el libro,Militância política e assessoria
8578436806,es un codigo ISBN de una edicion publicada por,Oikos Editora
8578436806,está escrito en,Portugués
9788578436803,es un codigo ISBN para el libro,Militância política e assessoria
9788578436803,es un codigo ISBN de una edicion publicada por,Oikos Editora
9788578436803,está escrito en,Portugués
Beatriz Costa,es autor de la obra,Militância política e assessoria
Militância política e assessoria,pertenece al género,History
Militância política e assessoria,pertenece al género,Politics and government
Militância política e assessoria,pertenece al género,Resistance to Government
8573162880,es un codigo ISBN para el libro,Como se fazem eleições no Brasil
8573162880,es un codigo ISBN de una edicion publicada por,Relume Dumará
8573162880,está escrito en,Portugués
Beatriz Costa,es autor de la obra,Como se fazem eleições no Brasil
Como se fazem eleições no Brasil,pertenece al género,Elections
8578111672,es un codigo ISBN para el libro,Direito e desenvolvimento no Brasil do século XXI
8578111672,es un codigo ISBN de una edicion publicada por,"CONPEDI, Conselho Nacional de Pesquisa e Pós-Graduação em Direito"
8578111672,es un codigo ISBN de una edicion publicada por,Ipea
8578111672,está escrito en,Portugués
9788578111670,es un codigo ISBN para el libro,Direito e desenvolvimento no Brasil do século XXI
9788578111670,es un codigo ISBN de una edicion publicada por,"CONPEDI, Conselho Nacional de Pesquisa e Pós-Graduação em Direito"
9788578111670,es un codigo ISBN de una edicion publicada por,Ipea
9788578111670,está escrito en,Portugués
Beatriz Costa,es autor de la obra,Direito e desenvolvimento no Brasil do século XXI
Direito e desenvolvimento no Brasil do século XXI,pertenece al género,Law and economic development
Direito e desenvolvimento no Brasil do século XXI,pertenece al género,Economic development
Direito e desenvolvimento no Brasil do século XXI,pertenece al género,History
José Régio,es de nacionalidad,Portugal
9722712195,es un codigo ISBN para el libro,Os avisos do destino
9722712195,es un codigo ISBN de una edicion publicada por,Imprensa Nacional-Casa da Moeda
9722712195,está escrito en,Portugués
José Régio,es autor de la obra,Os avisos do destino
972271208X,es un codigo ISBN para el libro,Uma gota de sangue
972271208X,es un codigo ISBN de una edicion publicada por,Imprensa Nacional-Casa da Moeda
972271208X,está escrito en,Portugués
José Régio,es autor de la obra,Uma gota de sangue
9722712195,es un codigo ISBN para el libro,A velha casa
9722712195,es un codigo ISBN de una edicion publicada por,Impresa Nacional-Case da Moeda
9722712330,es un codigo ISBN para el libro,A velha casa
9722712330,es un codigo ISBN de una edicion publicada por,Impresa Nacional-Case da Moeda
9722712330,está escrito en,Portugués
9722712586,es un codigo ISBN para el libro,A velha casa
9722712586,es un codigo ISBN de una edicion publicada por,Impresa Nacional-Case da Moeda
9722712586,está escrito en,Portugués
972271208X,es un codigo ISBN para el libro,A velha casa
972271208X,es un codigo ISBN de una edicion publicada por,Impresa Nacional-Case da Moeda
José Régio,es autor de la obra,A velha casa
9724209555,es un codigo ISBN para el libro,Páginas do diário íntimo
9724209555,es un codigo ISBN de una edicion publicada por,Círculo de Leitores
9724209555,está escrito en,Portugués
9722709917,es un codigo ISBN para el libro,Páginas do diário íntimo
9722709917,es un codigo ISBN de una edicion publicada por,Imprensa Nacional-Casa da Moeda
9722709917,está escrito en,Portugués
José Régio,es autor de la obra,Páginas do diário íntimo
Páginas do diário íntimo,pertenece al género,Diaries
Páginas do diário íntimo,pertenece al género,Portuguese Authors
Páginas do diário íntimo,pertenece al género,"Authors, Portuguese"
9722712330,es un codigo ISBN para el libro,As monstruosidades vulgares
9722712330,es un codigo ISBN de una edicion publicada por,Imprensa Nacional-Casa da Moeda
José Régio,es autor de la obra,As monstruosidades vulgares
9722710524,es un codigo ISBN para el libro,Poesia
9722710524,es un codigo ISBN de una edicion publicada por,Imprensa Nacional-Casa da Moeda
9722710524,está escrito en,Portugués
9722710591,es un codigo ISBN para el libro,Poesia
9722710591,es un codigo ISBN de una edicion publicada por,Imprensa Nacional-Casa da Moeda
9722710591,está escrito en,Portugués
José Régio,es autor de la obra,Poesia
9789722717762,es un codigo ISBN para el libro,Ensaios de interpretação crítica
9789722717762,es un codigo ISBN de una edicion publicada por,Imprensa Nacional-Casa da Moeda
9789722717762,está escrito en,Portugués
9722717766,es un codigo ISBN para el libro,Ensaios de interpretação crítica
9722717766,es un codigo ISBN de una edicion publicada por,Imprensa Nacional-Casa da Moeda
9722717766,está escrito en,Portugués
José Régio,es autor de la obra,Ensaios de interpretação crítica
Ensaios de interpretação crítica,pertenece al género,Portuguese literature
Ensaios de interpretação crítica,pertenece al género,History and criticism
9722712586,es un codigo ISBN para el libro,Vidas são vidas
9722712586,es un codigo ISBN de una edicion publicada por,Imprensa Nacional-Casa da Moeda
José Régio,es autor de la obra,Vidas são vidas
9789896580643,es un codigo ISBN para el libro,Correspondência familiar
9789896580643,es un codigo ISBN de una edicion publicada por,Caleidoscópio
9789896580643,está escrito en,Portugués
José Régio,es autor de la obra,Correspondência familiar
Correspondência familiar,pertenece al género,Family
9789895521258,es un codigo ISBN para el libro,Cântico negro
9789895521258,es un codigo ISBN de una edicion publicada por,Quasi Ediçoes
9789895521258,está escrito en,Portugués
José Régio,es autor de la obra,Cântico negro
Cântico negro,pertenece al género,Portuguese literature
Cântico negro,pertenece al género,History and criticism
Cântico negro,pertenece al género,Portuguese Poets
9789722716277,es un codigo ISBN para el libro,Contos e novelas
9789722716277,es un codigo ISBN de una edicion publicada por,Imprensa Nacional-Casa da Moeda
9789722716277,está escrito en,Portugués
9722716271,es un codigo ISBN para el libro,Contos e novelas
9722716271,es un codigo ISBN de una edicion publicada por,Imprensa Nacional-Casa da Moeda
9722716271,está escrito en,Portugués
9722710222,es un codigo ISBN para el libro,Contos e novelas
9722710222,es un codigo ISBN de una edicion publicada por,Imprensa Nacional-Casa da Moeda
9722710222,está escrito en,Portugués
José Régio,es autor de la obra,Contos e novelas
Contos e novelas,pertenece al género,Portuguese Authors
972271418X,es un codigo ISBN para el libro,Teatro
972271418X,es un codigo ISBN de una edicion publicada por,IN-CM
972271418X,está escrito en,Portugués
9722713558,es un codigo ISBN para el libro,Teatro
9722713558,es un codigo ISBN de una edicion publicada por,IN-CM
9722713558,está escrito en,Portugués
José Régio,es autor de la obra,Teatro
9722716328,es un codigo ISBN para el libro,Correspondência com Vitorino Nemésio
9722716328,es un codigo ISBN de una edicion publicada por,Imprensa Nacional-Casa da Moeda
9722716328,está escrito en,Portugués
9789722716321,es un codigo ISBN para el libro,Correspondência com Vitorino Nemésio
9789722716321,es un codigo ISBN de una edicion publicada por,Imprensa Nacional-Casa da Moeda
9789722716321,está escrito en,Portugués
José Régio,es autor de la obra,Correspondência com Vitorino Nemésio
Correspondência com Vitorino Nemésio,pertenece al género,Correspondence
Correspondência com Vitorino Nemésio,pertenece al género,Portuguese Authors
8412281195,es un codigo ISBN para el libro,Poemas de Dios y del diablo
8412281195,es un codigo ISBN de una edicion publicada por,Hermida Editores S.L.
9788412281194,es un codigo ISBN para el libro,Poemas de Dios y del diablo
9788412281194,es un codigo ISBN de una edicion publicada por,Hermida Editores S.L.
José Régio,es autor de la obra,Poemas de Dios y del diablo
9729850682,es un codigo ISBN para el libro,Não vou por aí!
9729850682,es un codigo ISBN de una edicion publicada por,Quasi Edições
9729850682,está escrito en,Portugués
José Régio,es autor de la obra,Não vou por aí!
9789899647183,es un codigo ISBN para el libro,"José Régio, ""homem-artista"""
9789899647183,es un codigo ISBN de una edicion publicada por,Centro de Estudos Regianos
9789899647183,está escrito en,Portugués
José Régio,es autor de la obra,"José Régio, ""homem-artista"""
"José Régio, ""homem-artista""",pertenece al género,Authors as artists
"José Régio, ""homem-artista""",pertenece al género,Portuguese Drawing
9729453136,es un codigo ISBN para el libro,"Primeiros versos, primeiras prosas"
9729453136,es un codigo ISBN de una edicion publicada por,Câmara Municipal de Vila do Conde
9729453136,está escrito en,Portugués
José Régio,es autor de la obra,"Primeiros versos, primeiras prosas"
9789722716826,es un codigo ISBN para el libro,Correspondência com Álvaro Ribeiro
9789722716826,es un codigo ISBN de una edicion publicada por,Imprensa Nacional-Casa da Moeda
9789722716826,está escrito en,Portugués
José Régio,es autor de la obra,Correspondência com Álvaro Ribeiro
Correspondência com Álvaro Ribeiro,pertenece al género,Correspondence
Correspondência com Álvaro Ribeiro,pertenece al género,Portuguese Authors
9725662229,es un codigo ISBN para el libro,"No Eça, nem com uma flor se toca"
9725662229,es un codigo ISBN de una edicion publicada por,Instituto Camões
9725662229,está escrito en,Portugués
José Régio,es autor de la obra,"No Eça, nem com uma flor se toca"
"No Eça, nem com uma flor se toca",pertenece al género,Criticism and interpretation
"No Eça, nem com uma flor se toca",pertenece al género,Style
"No Eça, nem com uma flor se toca",pertenece al género,Portuguese language
Adolfo Casais Monteiro,es de nacionalidad,Portugal
8539306182,es un codigo ISBN para el libro,Correspondência
8539306182,es un codigo ISBN de una edicion publicada por,Editora Unesp
8539306182,está escrito en,Portugués
9788539306183,es un codigo ISBN para el libro,Correspondência
9788539306183,es un codigo ISBN de una edicion publicada por,Editora Unesp
9788539306183,está escrito en,Portugués
Adolfo Casais Monteiro,es autor de la obra,Correspondência
Correspondência,pertenece al género,Correspondence
Correspondência,pertenece al género,Portuguese literature
Correspondência,pertenece al género,History and criticism
9722709615,es un codigo ISBN para el libro,A poesia de Fernando Pessoa
9722709615,es un codigo ISBN de una edicion publicada por,Impresa Nacional-Casa da Moeda
9722709615,está escrito en,Portugués
Adolfo Casais Monteiro,es autor de la obra,A poesia de Fernando Pessoa
A poesia de Fernando Pessoa,pertenece al género,Criticism and interpretation
9788539302451,es un codigo ISBN para el libro,Casais Monteiro
9788539302451,es un codigo ISBN de una edicion publicada por,Editora Unesp
9788539302451,está escrito en,Portugués
8539302454,es un codigo ISBN para el libro,Casais Monteiro
8539302454,es un codigo ISBN de una edicion publicada por,Editora Unesp
8539302454,está escrito en,Portugués
Adolfo Casais Monteiro,es autor de la obra,Casais Monteiro
Casais Monteiro,pertenece al género,Portuguese drama
Casais Monteiro,pertenece al género,History and criticism
Casais Monteiro,pertenece al género,Portuguese literature
9789722716246,es un codigo ISBN para el libro,Cartas em família
9789722716246,es un codigo ISBN de una edicion publicada por,Imprensa Nacional-Casa da Moeda
9789722716246,está escrito en,Portugués
9722716247,es un codigo ISBN para el libro,Cartas em família
9722716247,es un codigo ISBN de una edicion publicada por,Imprensa Nacional-Casa da Moeda
9722716247,está escrito en,Portugués
Adolfo Casais Monteiro,es autor de la obra,Cartas em família
Cartas em família,pertenece al género,Correspondence
Cartas em família,pertenece al género,Brazilian Authors
Cartas em família,pertenece al género,Portuguese Authors
9789722716239,es un codigo ISBN para el libro,Cartas a sua mãe
9789722716239,es un codigo ISBN de una edicion publicada por,Imprensa Nacional-Casa da Moeda
9789722716239,está escrito en,Portugués
Adolfo Casais Monteiro,es autor de la obra,Cartas a sua mãe
Cartas a sua mãe,pertenece al género,Correspondence
9722713078,es un codigo ISBN para el libro,Considerações pessoais
9722713078,es un codigo ISBN de una edicion publicada por,Imprensa Nacional-Casa da Moeda
9722713078,está escrito en,Portugués
Adolfo Casais Monteiro,es autor de la obra,Considerações pessoais
9722711989,es un codigo ISBN para el libro,Melancolia do progresso
9722711989,es un codigo ISBN de una edicion publicada por,Imprensa Nacional-Casa de Moeda
9722711989,está escrito en,Portugués
Adolfo Casais Monteiro,es autor de la obra,Melancolia do progresso
Melancolia do progresso,pertenece al género,Culture
9722707973,es un codigo ISBN para el libro,O que foi e o que não foi o movimento da Presença
9722707973,es un codigo ISBN de una edicion publicada por,Impr. Nacional-Casa da Moeda
9722707973,está escrito en,Portugués
Adolfo Casais Monteiro,es autor de la obra,O que foi e o que não foi o movimento da Presença
O que foi e o que não foi o movimento da Presença,pertenece al género,History and criticism
O que foi e o que não foi o movimento da Presença,pertenece al género,Portuguese poetry
O que foi e o que não foi o movimento da Presença,pertenece al género,"Presença (Coimbra, Portugal)"
9722706624,es un codigo ISBN para el libro,Poesias completas
9722706624,es un codigo ISBN de una edicion publicada por,Imprensa Nacional-Casa da Moeda
9722706624,está escrito en,Portugués
Adolfo Casais Monteiro,es autor de la obra,Poesias completas
Raul Proença,es de nacionalidad,Portugal
9722706683,es un codigo ISBN para el libro,O eterno retorno (Autores dos seculos XIX e XX)
9722706683,es un codigo ISBN de una edicion publicada por,Biblioteca Nacional
9722706683,está escrito en,Portugués
9789722706681,es un codigo ISBN para el libro,O eterno retorno (Autores dos seculos XIX e XX)
9789722706681,es un codigo ISBN de una edicion publicada por,Biblioteca Nacional
9789722706681,está escrito en,Portugués
Raul Proença,es autor de la obra,O eterno retorno (Autores dos seculos XIX e XX)
O eterno retorno (Autores dos seculos XIX e XX),pertenece al género,Eternal return
9722706683,es un codigo ISBN para el libro,O eterno retorno
Raul Proença,es autor de la obra,O eterno retorno
O eterno retorno,pertenece al género,Eternal return
Kaúlza de Arriaga,es de nacionalidad,Portugal
9728563302,es un codigo ISBN para el libro,Novas sínteses
9728563302,es un codigo ISBN de una edicion publicada por,Prefácio
9728563302,está escrito en,Portugués
Kaúlza de Arriaga,es autor de la obra,Novas sínteses
Novas sínteses,pertenece al género,History
Novas sínteses,pertenece al género,National liberation movements
Novas sínteses,pertenece al género,Politics and government
0854684530,es un codigo ISBN para el libro,The Portuguese answer
0854684530,es un codigo ISBN de una edicion publicada por,Stacey
0854684530,está escrito en,Inglés
Kaúlza de Arriaga,es autor de la obra,The Portuguese answer
The Portuguese answer,pertenece al género,Colonies
The Portuguese answer,pertenece al género,Communism
The Portuguese answer,pertenece al género,History
9780854684533,es un codigo ISBN para el libro,The Portuguese Answer
9780854684533,es un codigo ISBN de una edicion publicada por,"Tom Stacey, London"
0854684530,es un codigo ISBN para el libro,The Portuguese Answer
0854684530,es un codigo ISBN de una edicion publicada por,"Tom Stacey, London"
Kaúlza de Arriaga,es autor de la obra,The Portuguese Answer
Luís Miguel Rocha,es de nacionalidad,Portugal
9780515146608,es un codigo ISBN para el libro,The last pope
9780515146608,es un codigo ISBN de una edicion publicada por,Jove
9781440637452,es un codigo ISBN para el libro,The last pope
9781440637452,es un codigo ISBN de una edicion publicada por,"Penguin Group USA, Inc."
9781440637452,está escrito en,Inglés
9781436255561,es un codigo ISBN para el libro,The last pope
9781436255561,es un codigo ISBN de una edicion publicada por,"Penguin Group USA, Inc."
9781436255561,está escrito en,Inglés
9781436255530,es un codigo ISBN para el libro,The last pope
9781436255530,es un codigo ISBN de una edicion publicada por,"Penguin Group USA, Inc."
9781436255530,está escrito en,Inglés
9780399154898,es un codigo ISBN para el libro,The last pope
9780399154898,es un codigo ISBN de una edicion publicada por,G.P. Putnam's Sons
9780399154898,está escrito en,Inglés
Luís Miguel Rocha,es autor de la obra,The last pope
The last pope,pertenece al género,Assassination
The last pope,pertenece al género,Thriller
The last pope,pertenece al género,Fiction
9780241953228,es un codigo ISBN para el libro,The Last Pope
9780241953228,es un codigo ISBN de una edicion publicada por,"Penguin Books, Limited"
9780241953228,está escrito en,Inglés
9780141042695,es un codigo ISBN para el libro,The Last Pope
9780141042695,es un codigo ISBN de una edicion publicada por,"Penguin Books, Limited"
9780141042695,está escrito en,Inglés
9780141956657,es un codigo ISBN para el libro,The Last Pope
9780141956657,es un codigo ISBN de una edicion publicada por,Penguin Group UK
9780141956657,está escrito en,Inglés
9780399154898,es un codigo ISBN para el libro,The Last Pope
9780399154898,es un codigo ISBN de una edicion publicada por,Putnam Adult
0399154892,es un codigo ISBN para el libro,The Last Pope
0399154892,es un codigo ISBN de una edicion publicada por,Putnam Adult
0399154892,está escrito en,Inglés
Luís Miguel Rocha,es autor de la obra,The Last Pope
The Last Pope,pertenece al género,Fiction
The Last Pope,pertenece al género,Literature
The Last Pope,pertenece al género,Assassination
0718177355,es un codigo ISBN para el libro,The Papal Decree
0718177355,es un codigo ISBN de una edicion publicada por,Michael Joseph
9780718177355,es un codigo ISBN para el libro,The Papal Decree
9780718177355,es un codigo ISBN de una edicion publicada por,Michael Joseph
9780718158033,es un codigo ISBN para el libro,The Papal Decree
9780718158033,es un codigo ISBN de una edicion publicada por,"Penguin Books, Limited"
9780718158033,está escrito en,Inglés
9780141969916,es un codigo ISBN para el libro,The Papal Decree
9780141969916,es un codigo ISBN de una edicion publicada por,"Penguin Books, Limited"
9780141969916,está escrito en,Inglés
9780241954515,es un codigo ISBN para el libro,The Papal Decree
9780241954515,es un codigo ISBN de una edicion publicada por,"Penguin Books, Limited"
9780241954515,está escrito en,Inglés
9780718158026,es un codigo ISBN para el libro,The Papal Decree
9780718158026,es un codigo ISBN de una edicion publicada por,Michael Joseph
Luís Miguel Rocha,es autor de la obra,The Papal Decree
The Papal Decree,pertenece al género,"Fiction, suspense"
The Papal Decree,pertenece al género,"Fiction, thrillers, general"
The Papal Decree,pertenece al género,"Clergy, fiction"
8500024127,es un codigo ISBN para el libro,O último Papa
8500024127,es un codigo ISBN de una edicion publicada por,Ediouro
8500024127,está escrito en,Portugués
9788500024122,es un codigo ISBN para el libro,O último Papa
9788500024122,es un codigo ISBN de una edicion publicada por,Ediouro
9788500024122,está escrito en,Portugués
9789720044488,es un codigo ISBN para el libro,O último Papa
9789720044488,es un codigo ISBN de una edicion publicada por,Porto Editora
9789720044488,está escrito en,Portugués
9720044489,es un codigo ISBN para el libro,O último Papa
9720044489,es un codigo ISBN de una edicion publicada por,Porto Editora
9720044489,está escrito en,Portugués
Luís Miguel Rocha,es autor de la obra,O último Papa
O último Papa,pertenece al género,Fiction
O último Papa,pertenece al género,Assassination
O último Papa,pertenece al género,Women journalists
9789720043252,es un codigo ISBN para el libro,A mentira sagrada
9789720043252,es un codigo ISBN de una edicion publicada por,Porto Editora
9789720043252,está escrito en,Portugués
Luís Miguel Rocha,es autor de la obra,A mentira sagrada
A mentira sagrada,pertenece al género,Fiction
A mentira sagrada,pertenece al género,Portuguese language
A mentira sagrada,pertenece al género,Women journalists
0399156003,es un codigo ISBN para el libro,Bala santa
0399156003,es un codigo ISBN de una edicion publicada por,G. P. Putnam's Sons
0399156003,está escrito en,Inglés
9780399156007,es un codigo ISBN para el libro,Bala santa
9780399156007,es un codigo ISBN de una edicion publicada por,G. P. Putnam's Sons
9780399156007,está escrito en,Inglés
9781101138915,es un codigo ISBN para el libro,Bala santa
9781101138915,es un codigo ISBN de una edicion publicada por,"Penguin USA, Inc."
9781101138915,está escrito en,Inglés
9781101138786,es un codigo ISBN para el libro,Bala santa
9781101138786,es un codigo ISBN de una edicion publicada por,"Penguin USA, Inc."
9781101138786,está escrito en,Inglés
9781101138397,es un codigo ISBN para el libro,Bala santa
9781101138397,es un codigo ISBN de una edicion publicada por,"Penguin USA, Inc."
9781101138397,está escrito en,Inglés
Luís Miguel Rocha,es autor de la obra,Bala santa
Bala santa,pertenece al género,Assassination attempts
Bala santa,pertenece al género,Fiction
Bala santa,pertenece al género,Historical Fiction
9780141959375,es un codigo ISBN para el libro,The Holy Assassin
9780141959375,es un codigo ISBN de una edicion publicada por,"Penguin Books, Limited"
9780141959375,está escrito en,Inglés
9780141048406,es un codigo ISBN para el libro,The Holy Assassin
9780141048406,es un codigo ISBN de una edicion publicada por,"Penguin Books, Limited"
9780141048406,está escrito en,Inglés
9780241951958,es un codigo ISBN para el libro,The Holy Assassin
9780241951958,es un codigo ISBN de una edicion publicada por,Penguin Books Ltd
Luís Miguel Rocha,es autor de la obra,The Holy Assassin
The Holy Assassin,pertenece al género,"Women journalists, fiction"
The Holy Assassin,pertenece al género,"Fiction, christian, suspense"
The Holy Assassin,pertenece al género,Fiction
9789720044112,es un codigo ISBN para el libro,A filha do Papa
9789720044112,es un codigo ISBN de una edicion publicada por,Porto Editora
9789720044112,está escrito en,Portugués
Luís Miguel Rocha,es autor de la obra,A filha do Papa
9781466002876,es un codigo ISBN para el libro,Muerte del Papa
9781466002876,es un codigo ISBN de una edicion publicada por,Smashwords
9781466002876,está escrito en,Inglés
9781446721117,es un codigo ISBN para el libro,Muerte del Papa
9781446721117,es un codigo ISBN de una edicion publicada por,"Lulu Press, Inc."
9781446721117,está escrito en,Español
Luís Miguel Rocha,es autor de la obra,Muerte del Papa
9780515150179,es un codigo ISBN para el libro,The Pope's Assassin
9780515150179,es un codigo ISBN de una edicion publicada por,Penguin Publishing Group
9780515150179,está escrito en,Inglés
9780399156885,es un codigo ISBN para el libro,The Pope's Assassin
9780399156885,es un codigo ISBN de una edicion publicada por,Putnam
9780399156885,está escrito en,Inglés
Luís Miguel Rocha,es autor de la obra,The Pope's Assassin
The Pope's Assassin,pertenece al género,Women journalists
The Pope's Assassin,pertenece al género,Catholic Church
The Pope's Assassin,pertenece al género,Fiction
8375150541,es un codigo ISBN para el libro,Ostatni papież
8375150541,es un codigo ISBN de una edicion publicada por,Wydawn. Otwarte
8375150541,está escrito en,Polaco
8375150231,es un codigo ISBN para el libro,Ostatni papież
8375150231,es un codigo ISBN de una edicion publicada por,Wydawn. Otwarte
8375150231,está escrito en,Polaco
9788375150544,es un codigo ISBN para el libro,Ostatni papież
9788375150544,es un codigo ISBN de una edicion publicada por,Wydawn. Otwarte
9788375150544,está escrito en,Polaco
9788375150230,es un codigo ISBN para el libro,Ostatni papież
9788375150230,es un codigo ISBN de una edicion publicada por,Wydawn. Otwarte
9788375150230,está escrito en,Polaco
Luís Miguel Rocha,es autor de la obra,Ostatni papież
Ostatni papież,pertenece al género,Fiction
Ostatni papież,pertenece al género,Assassination
Ostatni papież,pertenece al género,Death and burial
9049500412,es un codigo ISBN para el libro,De Laatste Paus
9049500412,es un codigo ISBN de una edicion publicada por,De Vliegende Hollander
9789049500412,es un codigo ISBN para el libro,De Laatste Paus
9789049500412,es un codigo ISBN de una edicion publicada por,De Vliegende Hollander
Luís Miguel Rocha,es autor de la obra,De Laatste Paus
9781446721155,es un codigo ISBN para el libro,O Último Papa
9781446721155,es un codigo ISBN de una edicion publicada por,"Lulu Press, Inc."
9781446721155,está escrito en,Portugués
Luís Miguel Rocha,es autor de la obra,O Último Papa
9781446723999,es un codigo ISBN para el libro,Bala Santa
9781446723999,es un codigo ISBN de una edicion publicada por,"Lulu Press, Inc."
9781446723999,está escrito en,Portugués
Luís Miguel Rocha,es autor de la obra,Bala Santa
9781446724033,es un codigo ISBN para el libro,Pallottola Santa
9781446724033,es un codigo ISBN de una edicion publicada por,"Lulu Press, Inc."
9781446724033,está escrito en,Italiano
Luís Miguel Rocha,es autor de la obra,Pallottola Santa
9781446722633,es un codigo ISBN para el libro,Morte del Papa
9781446722633,es un codigo ISBN de una edicion publicada por,"Lulu Press, Inc."
9781446722633,está escrito en,Italiano
Luís Miguel Rocha,es autor de la obra,Morte del Papa
9789727311767,es un codigo ISBN para el libro,Um país encantado
9789727311767,es un codigo ISBN de una edicion publicada por,Planeta Editora
9789727311767,está escrito en,Portugués
9727311768,es un codigo ISBN para el libro,Um país encantado
9727311768,es un codigo ISBN de una edicion publicada por,Planeta Editora
9727311768,está escrito en,Portugués
Luís Miguel Rocha,es autor de la obra,Um país encantado
9780515148251,es un codigo ISBN para el libro,The holy bullet
9780515148251,es un codigo ISBN de una edicion publicada por,Jove
0515148253,es un codigo ISBN para el libro,The holy bullet
0515148253,es un codigo ISBN de una edicion publicada por,Jove
Luís Miguel Rocha,es autor de la obra,The holy bullet
The holy bullet,pertenece al género,Conspiracies
The holy bullet,pertenece al género,Assassination attempts
The holy bullet,pertenece al género,Fiction
9788466310352,es un codigo ISBN para el libro,La Muerte Del Papa
9788466310352,es un codigo ISBN de una edicion publicada por,Punto de Lectura
Luís Miguel Rocha,es autor de la obra,La Muerte Del Papa
9788483653685,es un codigo ISBN para el libro,La mentira sagrada
9788483653685,es un codigo ISBN de una edicion publicada por,Suma de letras
Luís Miguel Rocha,es autor de la obra,La mentira sagrada
La mentira sagrada,pertenece al género,Fiction
La mentira sagrada,pertenece al género,Portuguese language
La mentira sagrada,pertenece al género,Women journalists
9788483651056,es un codigo ISBN para el libro,Bala Santa Blessed Bullet
9788483651056,es un codigo ISBN de una edicion publicada por,Suma
Luís Miguel Rocha,es autor de la obra,Bala Santa Blessed Bullet
Bala Santa Blessed Bullet,pertenece al género,Fiction
Bala Santa Blessed Bullet,pertenece al género,Novela
Bala Santa Blessed Bullet,pertenece al género,Atentados de asesinato
2815935104,es un codigo ISBN para el libro,Le mensonge sacré
2815935104,es un codigo ISBN de una edicion publicada por,DE L AUBE
9782815935104,es un codigo ISBN para el libro,Le mensonge sacré
9782815935104,es un codigo ISBN de una edicion publicada por,DE L AUBE
Luís Miguel Rocha,es autor de la obra,Le mensonge sacré
9783030532642,es un codigo ISBN para el libro,Economic Globalization and Governance
9783030532642,es un codigo ISBN de una edicion publicada por,Springer International Publishing AG
9783030532642,está escrito en,Inglés
9783030532673,es un codigo ISBN para el libro,Economic Globalization and Governance
9783030532673,es un codigo ISBN de una edicion publicada por,Springer International Publishing AG
9783030532673,está escrito en,Inglés
Luís Miguel Rocha,es autor de la obra,Economic Globalization and Governance
8411136019,es un codigo ISBN para el libro,Derecho Internacional Económico
8411136019,es un codigo ISBN de una edicion publicada por,Editorial Tirant lo Blanch
9788411136013,es un codigo ISBN para el libro,Derecho Internacional Económico
9788411136013,es un codigo ISBN de una edicion publicada por,Editorial Tirant lo Blanch
Luís Miguel Rocha,es autor de la obra,Derecho Internacional Económico
9788430965045,es un codigo ISBN para el libro,La gobernanza del interés público global
9788430965045,es un codigo ISBN de una edicion publicada por,Tecnos
8430965041,es un codigo ISBN para el libro,La gobernanza del interés público global
8430965041,es un codigo ISBN de una edicion publicada por,Tecnos
Luís Miguel Rocha,es autor de la obra,La gobernanza del interés público global
Manuel António Pina,es de nacionalidad,Portugal
9726101352,es un codigo ISBN para el libro,"Aquilo que os olhos vêem, ou, O adamastor"
9726101352,es un codigo ISBN de una edicion publicada por,Campo das Letras
9726101352,está escrito en,Portugués
Manuel António Pina,es autor de la obra,"Aquilo que os olhos vêem, ou, O adamastor"
9789723716160,es un codigo ISBN para el libro,Como se desenha uma casa
9789723716160,es un codigo ISBN de una edicion publicada por,Assírio & Alvim
9789723716160,está escrito en,Portugués
Manuel António Pina,es autor de la obra,Como se desenha uma casa
9723604523,es un codigo ISBN para el libro,Os piratas
9723604523,es un codigo ISBN de una edicion publicada por,Edições Afrontamento
9723604523,es un codigo ISBN de una edicion publicada por,Teatro Pé de Vento
9723604523,está escrito en,Portugués
Manuel António Pina,es autor de la obra,Os piratas
2914387156,es un codigo ISBN para el libro,Quelque chose comme ça de la même substance
2914387156,es un codigo ISBN de una edicion publicada por,ESCAMPETTE
9782914387156,es un codigo ISBN para el libro,Quelque chose comme ça de la même substance
9782914387156,es un codigo ISBN de una edicion publicada por,ESCAMPETTE
Manuel António Pina,es autor de la obra,Quelque chose comme ça de la même substance
9723708345,es un codigo ISBN para el libro,Os papéis de K.
9723708345,es un codigo ISBN de una edicion publicada por,Assírio & Alvim
9723708345,está escrito en,Portugués
9789723708349,es un codigo ISBN para el libro,Os papéis de K.
9789723708349,es un codigo ISBN de una edicion publicada por,Assírio & Alvim
9789723708349,está escrito en,Portugués
Manuel António Pina,es autor de la obra,Os papéis de K.
9789720726797,es un codigo ISBN para el libro,O Pássaro da Cabeça e mais versos para crianças
9789720726797,es un codigo ISBN de una edicion publicada por,Porto Editora
9720726792,es un codigo ISBN para el libro,O Pássaro da Cabeça e mais versos para crianças
9720726792,es un codigo ISBN de una edicion publicada por,Porto Editora
Manuel António Pina,es autor de la obra,O Pássaro da Cabeça e mais versos para crianças
9789723716849,es un codigo ISBN para el libro,"Crónica, saudade da literatura"
9789723716849,es un codigo ISBN de una edicion publicada por,Assírio & Alvim
9789723716849,está escrito en,Portugués
Manuel António Pina,es autor de la obra,"Crónica, saudade da literatura"
9723602903,es un codigo ISBN para el libro,"Algo parecido com isto, da mesma substância"
9723602903,es un codigo ISBN de una edicion publicada por,Edições Afrontamento
9723602903,está escrito en,Portugués
Manuel António Pina,es autor de la obra,"Algo parecido com isto, da mesma substância"
9723705419,es un codigo ISBN para el libro,Nenhuma palavra e nenhuma lembrança
9723705419,es un codigo ISBN de una edicion publicada por,Assírio & Alvim
9723705419,está escrito en,Portugués
Manuel António Pina,es autor de la obra,Nenhuma palavra e nenhuma lembrança
9723708612,es un codigo ISBN para el libro,Os livros
9723708612,es un codigo ISBN de una edicion publicada por,Assírio & Alvim
9723708612,está escrito en,Portugués
Manuel António Pina,es autor de la obra,Os livros
9788496457119,es un codigo ISBN para el libro,Los papeles de K.
9788496457119,es un codigo ISBN de una edicion publicada por,Xordica
8496457117,es un codigo ISBN para el libro,Los papeles de K.
8496457117,es un codigo ISBN de una edicion publicada por,Xordica
Manuel António Pina,es autor de la obra,Los papeles de K.
9723715872,es un codigo ISBN para el libro,"Poesia, saudade da prosa"
9723715872,es un codigo ISBN de una edicion publicada por,Assírio & Alvim
9723715872,está escrito en,Portugués
9789723715873,es un codigo ISBN para el libro,"Poesia, saudade da prosa"
9789723715873,es un codigo ISBN de una edicion publicada por,Assírio & Alvim
9789723715873,está escrito en,Portugués
Manuel António Pina,es autor de la obra,"Poesia, saudade da prosa"
9723705540,es un codigo ISBN para el libro,Histórias que me contaste tu
9723705540,es un codigo ISBN de una edicion publicada por,Assírio & Alvim
9723705540,está escrito en,Portugués
Manuel António Pina,es autor de la obra,Histórias que me contaste tu
9789898364050,es un codigo ISBN para el libro,Por outras palavras & mais crónicas de jornal
9789898364050,es un codigo ISBN de una edicion publicada por,Modo de Ler
9789898364050,está escrito en,Portugués
Manuel António Pina,es autor de la obra,Por outras palavras & mais crónicas de jornal
9723716593,es un codigo ISBN para el libro,Aniki-Bóbó
9723716593,es un codigo ISBN de una edicion publicada por,Assírio & Alvim
9723716593,está escrito en,Portugués
9789723716597,es un codigo ISBN para el libro,Aniki-Bóbó
9789723716597,es un codigo ISBN de una edicion publicada por,Assírio & Alvim
9789723716597,está escrito en,Portugués
Manuel António Pina,es autor de la obra,Aniki-Bóbó
Aniki-Bóbó,pertenece al género,Aniki-Bóbó (Motion picture)
9789720792938,es un codigo ISBN para el libro,Todas as palavras
9789720792938,es un codigo ISBN de una edicion publicada por,Assírio & Alvim
9789720792938,está escrito en,Portugués
9720792930,es un codigo ISBN para el libro,Todas as palavras
9720792930,es un codigo ISBN de una edicion publicada por,Assírio & Alvim
9720792930,está escrito en,Portugués
Manuel António Pina,es autor de la obra,Todas as palavras
9726104459,es un codigo ISBN para el libro,A noite
9726104459,es un codigo ISBN de una edicion publicada por,Campo das Letras
9726104459,está escrito en,Portugués
Manuel António Pina,es autor de la obra,A noite
9789898834270,es un codigo ISBN para el libro,Dito em voz alta
9789898834270,es un codigo ISBN de una edicion publicada por,Documenta
9789898834270,está escrito en,Portugués
9898834277,es un codigo ISBN para el libro,Dito em voz alta
9898834277,es un codigo ISBN de una edicion publicada por,Documenta
9898834277,está escrito en,Portugués
Manuel António Pina,es autor de la obra,Dito em voz alta
Dito em voz alta,pertenece al género,Interviews
Dito em voz alta,pertenece al género,Portuguese Authors
Dito em voz alta,pertenece al género,Literature
9788490931493,es un codigo ISBN para el libro,"Cuerpo de Funcionarios Técnicos de la Administración de la Comunidad Autónoma de Aragón, Escala Técnica Sanitaria, Ayudantes Técnicos Sanitarios de ... Temario específico"
9788490931493,es un codigo ISBN de una edicion publicada por,Editorial MAD
8490931496,es un codigo ISBN para el libro,"Cuerpo de Funcionarios Técnicos de la Administración de la Comunidad Autónoma de Aragón, Escala Técnica Sanitaria, Ayudantes Técnicos Sanitarios de ... Temario específico"
8490931496,es un codigo ISBN de una edicion publicada por,Editorial MAD
849093150X,es un codigo ISBN para el libro,"Cuerpo de Funcionarios Técnicos de la Administración de la Comunidad Autónoma de Aragón, Escala Técnica Sanitaria, Ayudantes Técnicos Sanitarios de ... Temario específico"
849093150X,es un codigo ISBN de una edicion publicada por,Editorial MAD
9788490931509,es un codigo ISBN para el libro,"Cuerpo de Funcionarios Técnicos de la Administración de la Comunidad Autónoma de Aragón, Escala Técnica Sanitaria, Ayudantes Técnicos Sanitarios de ... Temario específico"
9788490931509,es un codigo ISBN de una edicion publicada por,Editorial MAD
9788490931516,es un codigo ISBN para el libro,"Cuerpo de Funcionarios Técnicos de la Administración de la Comunidad Autónoma de Aragón, Escala Técnica Sanitaria, Ayudantes Técnicos Sanitarios de ... Temario específico"
9788490931516,es un codigo ISBN de una edicion publicada por,Editorial MAD
8490931518,es un codigo ISBN para el libro,"Cuerpo de Funcionarios Técnicos de la Administración de la Comunidad Autónoma de Aragón, Escala Técnica Sanitaria, Ayudantes Técnicos Sanitarios de ... Temario específico"
8490931518,es un codigo ISBN de una edicion publicada por,Editorial MAD
Manuel António Pina,es autor de la obra,"Cuerpo de Funcionarios Técnicos de la Administración de la Comunidad Autónoma de Aragón, Escala Técnica Sanitaria, Ayudantes Técnicos Sanitarios de ... Temario específico"
849266665X,es un codigo ISBN para el libro,Contencioso Administrativo. Comentarios y Jurisprudencia
849266665X,es un codigo ISBN de una edicion publicada por,"EDITORIAL JURIDICA SEPIN, S.L."
9788492666652,es un codigo ISBN para el libro,Contencioso Administrativo. Comentarios y Jurisprudencia
9788492666652,es un codigo ISBN de una edicion publicada por,"EDITORIAL JURIDICA SEPIN, S.L."
Manuel António Pina,es autor de la obra,Contencioso Administrativo. Comentarios y Jurisprudencia
Jorge Silva Melo,es de nacionalidad,Portugal
9789727951857,es un codigo ISBN para el libro,Século passado
9789727951857,es un codigo ISBN de una edicion publicada por,Libros Cotovia
9789727951857,es un codigo ISBN de una edicion publicada por,Livros Cotovia
9789727951857,está escrito en,Portugués
Jorge Silva Melo,es autor de la obra,Século passado
Século passado,pertenece al género,Motion pictures
Século passado,pertenece al género,Motion picture producers and directors
9789892039725,es un codigo ISBN para el libro,Sala VIP
9789892039725,es un codigo ISBN de una edicion publicada por,Artistas Unidos
9789892039725,es un codigo ISBN de una edicion publicada por,Cotovia
9789892039725,es un codigo ISBN de una edicion publicada por,Culturgest
9789892039725,está escrito en,Portugués
Jorge Silva Melo,es autor de la obra,Sala VIP
9728028482,es un codigo ISBN para el libro,António um rapaz de Lisboa
9728028482,es un codigo ISBN de una edicion publicada por,Cotovia
9728028482,está escrito en,Portugués
Jorge Silva Melo,es autor de la obra,António um rapaz de Lisboa
9728423713,es un codigo ISBN para el libro,"Num país onde não querem defender os meus direitos, eu nao quero viver"
9728423713,es un codigo ISBN de una edicion publicada por,Cotovia
9728423713,es un codigo ISBN de una edicion publicada por,Instituto Português das Artes do Espectáculo
9728423713,está escrito en,Portugués
Jorge Silva Melo,es autor de la obra,"Num país onde não querem defender os meus direitos, eu nao quero viver"
9789727950386,es un codigo ISBN para el libro,Deixar a vida
9789727950386,es un codigo ISBN de una edicion publicada por,Cotovia
9789727950386,está escrito en,Portugués
9727950388,es un codigo ISBN para el libro,Deixar a vida
9727950388,es un codigo ISBN de una edicion publicada por,Cotovia
9727950388,está escrito en,Portugués
Jorge Silva Melo,es autor de la obra,Deixar a vida
Deixar a vida,pertenece al género,Theater
Deixar a vida,pertenece al género,Motion pictures
Deixar a vida,pertenece al género,Actors
9728423020,es un codigo ISBN para el libro,"O fim, ou, Tende misericórdia de nós"
9728423020,es un codigo ISBN de una edicion publicada por,Cotovia
9728423020,está escrito en,Portugués
Jorge Silva Melo,es autor de la obra,"O fim, ou, Tende misericórdia de nós"
9728028482,es un codigo ISBN para el libro,"António, um rapaz de Lisboa"
Jorge Silva Melo,es autor de la obra,"António, um rapaz de Lisboa"
9722724509,es un codigo ISBN para el libro,Poesia completa
9722724509,es un codigo ISBN de una edicion publicada por,Imprensa Nacional-Casa da Moeda
9722724509,está escrito en,Portugués
9789722724500,es un codigo ISBN para el libro,Poesia completa
9789722724500,es un codigo ISBN de una edicion publicada por,Imprensa Nacional-Casa da Moeda
9789722724500,está escrito en,Portugués
Jorge Silva Melo,es autor de la obra,Poesia completa
9789895313020,es un codigo ISBN para el libro,Casa Da América
9789895313020,es un codigo ISBN de una edicion publicada por,Artistas Unidos
9789895313020,está escrito en,Portugués
Jorge Silva Melo,es autor de la obra,Casa Da América
9788429019971,es un codigo ISBN para el libro,O Direito em Portugal
9788429019971,es un codigo ISBN de una edicion publicada por,Editorial Reus S.A.
8429019979,es un codigo ISBN para el libro,O Direito em Portugal
8429019979,es un codigo ISBN de una edicion publicada por,Editorial Reus S.A.
Jorge Silva Melo,es autor de la obra,O Direito em Portugal
9786557069042,es un codigo ISBN para el libro,Aquicultura na Amazônia
9786557069042,es un codigo ISBN de una edicion publicada por,Atena Editora
9786557069042,está escrito en,Portugués
Jorge Silva Melo,es autor de la obra,Aquicultura na Amazônia
Almeida Faria,es de nacionalidad,Portugal
9789896711115,es un codigo ISBN para el libro,O murmúrio do mundo
9789896711115,es un codigo ISBN de una edicion publicada por,Tinta da China
9789896711115,está escrito en,Portugués
Almeida Faria,es autor de la obra,O murmúrio do mundo
O murmúrio do mundo,pertenece al género,Description and travel
O murmúrio do mundo,pertenece al género,Travel
9723717603,es un codigo ISBN para el libro,Lusitânia
9723717603,es un codigo ISBN de una edicion publicada por,Assírio & Alvim
9723717603,está escrito en,Portugués
9789723717600,es un codigo ISBN para el libro,Lusitânia
9789723717600,es un codigo ISBN de una edicion publicada por,Assírio & Alvim
9789723717600,está escrito en,Portugués
Almeida Faria,es autor de la obra,Lusitânia
9789723718119,es un codigo ISBN para el libro,Cavaleiro andante
9789723718119,es un codigo ISBN de una edicion publicada por,Assírio & Alvim
9789723718119,está escrito en,Portugués
9723718111,es un codigo ISBN para el libro,Cavaleiro andante
9723718111,es un codigo ISBN de una edicion publicada por,Assírio & Alvim
9723718111,está escrito en,Portugués
Almeida Faria,es autor de la obra,Cavaleiro andante
8520902693,es un codigo ISBN para el libro,Cortes
8520902693,es un codigo ISBN de una edicion publicada por,Editora Nova Fronteira
8520902693,está escrito en,Portugués
Almeida Faria,es autor de la obra,Cortes
Cortes,pertenece al género,Fiction
Cortes,pertenece al género,History
9789723716658,es un codigo ISBN para el libro,A paixão
9789723716658,es un codigo ISBN de una edicion publicada por,Assírio & Alvim
9789723716658,está escrito en,Portugués
9723716658,es un codigo ISBN para el libro,A paixão
9723716658,es un codigo ISBN de una edicion publicada por,Assírio & Alvim
9723716658,está escrito en,Portugués
Almeida Faria,es autor de la obra,A paixão
9722720295,es un codigo ISBN para el libro,Os passeios do sonhador solitário
9722720295,es un codigo ISBN de una edicion publicada por,Imprensa Nacional-Casa da Moeda
9722720295,está escrito en,Portugués
9789722720298,es un codigo ISBN para el libro,Os passeios do sonhador solitário
9789722720298,es un codigo ISBN de una edicion publicada por,Imprensa Nacional-Casa da Moeda
9789722720298,está escrito en,Portugués
Almeida Faria,es autor de la obra,Os passeios do sonhador solitário
9788480862516,es un codigo ISBN para el libro,Compete - Simulacion Dinamica de Marketing Con Dis
9788480862516,es un codigo ISBN de una edicion publicada por,Harcourt
9788480862516,está escrito en,Español
8480862513,es un codigo ISBN para el libro,Compete - Simulacion Dinamica de Marketing Con Dis
8480862513,es un codigo ISBN de una edicion publicada por,Harcourt
8480862513,está escrito en,Español
Almeida Faria,es autor de la obra,Compete - Simulacion Dinamica de Marketing Con Dis
9788483100332,es un codigo ISBN para el libro,El Conquistador
9788483100332,es un codigo ISBN de una edicion publicada por,TusQuets
9788483100332,está escrito en,Español
8483100339,es un codigo ISBN para el libro,El Conquistador
8483100339,es un codigo ISBN de una edicion publicada por,TusQuets
8483100339,está escrito en,Español
Almeida Faria,es autor de la obra,El Conquistador
9722112465,es un codigo ISBN para el libro,A reviravolta
9722112465,es un codigo ISBN de una edicion publicada por,Caminho
9722112465,está escrito en,Portugués
Almeida Faria,es autor de la obra,A reviravolta
9722111833,es un codigo ISBN para el libro,Vozes da paixão
9722111833,es un codigo ISBN de una edicion publicada por,Caminho
9722111833,está escrito en,Portugués
Almeida Faria,es autor de la obra,Vozes da paixão
9722100513,es un codigo ISBN para el libro,O Conquistador
9722100513,es un codigo ISBN de una edicion publicada por,Editorial Caminho
9722100513,está escrito en,Portugués
9789722100519,es un codigo ISBN para el libro,O Conquistador
9789722100519,es un codigo ISBN de una edicion publicada por,Editorial Caminho
9789722100519,está escrito en,Portugués
Almeida Faria,es autor de la obra,O Conquistador
3920392701,es un codigo ISBN para el libro,Fragmente einer Biografie
3920392701,es un codigo ISBN de una edicion publicada por,Literarisches Colloquium
3920392701,está escrito en,Alemán
Almeida Faria,es autor de la obra,Fragmente einer Biografie
9788565500074,es un codigo ISBN para el libro,O Murmúrio do Mundo
9788565500074,es un codigo ISBN de una edicion publicada por,Tinta da China
8565500071,es un codigo ISBN para el libro,O Murmúrio do Mundo
8565500071,es un codigo ISBN de una edicion publicada por,Tinta da China
Almeida Faria,es autor de la obra,O Murmúrio do Mundo
2714419437,es un codigo ISBN para el libro,Chevalier errant
2714419437,es un codigo ISBN de una edicion publicada por,P. Belfond
2714419437,está escrito en,Francés
9782714419439,es un codigo ISBN para el libro,Chevalier errant
9782714419439,es un codigo ISBN de una edicion publicada por,P. Belfond
9782714419439,está escrito en,Francés
Almeida Faria,es autor de la obra,Chevalier errant
Chevalier errant,pertenece al género,Roman portugais
8532504116,es un codigo ISBN para el libro,O conquistador
8532504116,es un codigo ISBN de una edicion publicada por,Rocco
8532504116,está escrito en,Portugués
9788532504111,es un codigo ISBN para el libro,O conquistador
9788532504111,es un codigo ISBN de una edicion publicada por,Rocco
9788532504111,está escrito en,Portugués
Almeida Faria,es autor de la obra,O conquistador
9788494698804,es un codigo ISBN para el libro,Los paseos del soñador solitario
9788494698804,es un codigo ISBN de una edicion publicada por,"Libros de la Umbría y la Solana, S.L."
849469880X,es un codigo ISBN para el libro,Los paseos del soñador solitario
849469880X,es un codigo ISBN de una edicion publicada por,"Libros de la Umbría y la Solana, S.L."
Almeida Faria,es autor de la obra,Los paseos del soñador solitario
Mário Zambujal,es de nacionalidad,Portugal
9789896600556,es un codigo ISBN para el libro,Primeiro as senhoras
9789896600556,es un codigo ISBN de una edicion publicada por,Dom Quixote
9789896600556,está escrito en,Portugués
9896600554,es un codigo ISBN para el libro,Primeiro as senhoras
9896600554,es un codigo ISBN de una edicion publicada por,Dom Quixote
9896600554,está escrito en,Portugués
9895551959,es un codigo ISBN para el libro,Primeiro as senhoras
9895551959,es un codigo ISBN de una edicion publicada por,Oficina do Livro
9895551959,está escrito en,Portugués
Mário Zambujal,es autor de la obra,Primeiro as senhoras
9789725646625,es un codigo ISBN para el libro,Crónica dos bons malandros
9789725646625,es un codigo ISBN de una edicion publicada por,Livros Quetzal
9789725646625,está escrito en,Portugués
9725646622,es un codigo ISBN para el libro,Crónica dos bons malandros
9725646622,es un codigo ISBN de una edicion publicada por,Livros Quetzal
9725646622,está escrito en,Portugués
Mário Zambujal,es autor de la obra,Crónica dos bons malandros
9789895552832,es un codigo ISBN para el libro,À noite logo se vê
9789895552832,es un codigo ISBN de una edicion publicada por,Oficina do Livro
9789895552832,está escrito en,Portugués
Mário Zambujal,es autor de la obra,À noite logo se vê
9789896570309,es un codigo ISBN para el libro,Uma noite não São Dias
9789896570309,es un codigo ISBN de una edicion publicada por,Editorial Planeta
9789896570309,es un codigo ISBN de una edicion publicada por,Planeta
9789896570309,está escrito en,Portugués
Mário Zambujal,es autor de la obra,Uma noite não São Dias
9789725646113,es un codigo ISBN para el libro,CRONICA DOS BONS MALANDROS
9789725646113,es un codigo ISBN de una edicion publicada por,QUETZAL EDITORES
9725646118,es un codigo ISBN para el libro,CRONICA DOS BONS MALANDROS
9725646118,es un codigo ISBN de una edicion publicada por,QUETZAL EDITORES
Mário Zambujal,es autor de la obra,CRONICA DOS BONS MALANDROS
9789897241079,es un codigo ISBN para el libro,O diário oculto de Nora Rute
9789897241079,es un codigo ISBN de una edicion publicada por,Clube do Autor
9789897241079,está escrito en,Portugués
Mário Zambujal,es autor de la obra,O diário oculto de Nora Rute
9789897240355,es un codigo ISBN para el libro,Cafuné
9789897240355,es un codigo ISBN de una edicion publicada por,Clube do Autor
9789897240355,está escrito en,Portugués
Mário Zambujal,es autor de la obra,Cafuné
Cafuné,pertenece al género,History
Cafuné,pertenece al género,Fiction
9897241760,es un codigo ISBN para el libro,Serpentina
9897241760,es un codigo ISBN de una edicion publicada por,Clube do Autor
9897241760,está escrito en,Portugués
9789897241765,es un codigo ISBN para el libro,Serpentina
9789897241765,es un codigo ISBN de una edicion publicada por,Clube do Autor
9789897241765,está escrito en,Portugués
Mário Zambujal,es autor de la obra,Serpentina
989724414X,es un codigo ISBN para el libro,"Então, boa noite"
989724414X,es un codigo ISBN de una edicion publicada por,Clube do Autor
989724414X,está escrito en,Portugués
9789897244148,es un codigo ISBN para el libro,"Então, boa noite"
9789897244148,es un codigo ISBN de una edicion publicada por,Clube do Autor
9789897244148,está escrito en,Portugués
Mário Zambujal,es autor de la obra,"Então, boa noite"
9789897242694,es un codigo ISBN para el libro,Talismã
9789897242694,es un codigo ISBN de una edicion publicada por,Clube do Autor
9789897242694,está escrito en,Portugués
9897242694,es un codigo ISBN para el libro,Talismã
9897242694,es un codigo ISBN de una edicion publicada por,Clube do Autor
9897242694,está escrito en,Portugués
Mário Zambujal,es autor de la obra,Talismã
9895550146,es un codigo ISBN para el libro,Fora de mão
9895550146,es un codigo ISBN de una edicion publicada por,Oficina do Livro
9895550146,está escrito en,Portugués
Mário Zambujal,es autor de la obra,Fora de mão
9789898452047,es un codigo ISBN para el libro,Dama de espadas
9789898452047,es un codigo ISBN de una edicion publicada por,Clube do Autor
9789898452047,está escrito en,Portugués
Mário Zambujal,es autor de la obra,Dama de espadas
9789898452740,es un codigo ISBN para el libro,Longe é um bom lugar
9789898452740,es un codigo ISBN de una edicion publicada por,Clube do Autor
9789898452740,está escrito en,Portugués
Mário Zambujal,es autor de la obra,Longe é um bom lugar
9789896261146,es un codigo ISBN para el libro,Já não se escrevem cartas de amor
9789896261146,es un codigo ISBN de una edicion publicada por,A esfera dos livros
9789896261146,está escrito en,Portugués
Mário Zambujal,es autor de la obra,Já não se escrevem cartas de amor
Já não se escrevem cartas de amor,pertenece al género,Man-woman relationships
Já não se escrevem cartas de amor,pertenece al género,Fiction
Já não se escrevem cartas de amor,pertenece al género,Portuguese Love stories
9788415098539,es un codigo ISBN para el libro,Crònica dels bons trinxeraires
9788415098539,es un codigo ISBN de una edicion publicada por,Editorial Alrevés
8415098537,es un codigo ISBN para el libro,Crònica dels bons trinxeraires
8415098537,es un codigo ISBN de una edicion publicada por,Editorial Alrevés
Mário Zambujal,es autor de la obra,Crònica dels bons trinxeraires
100 trucos para mejorar las relaciones con los niños,es del año,2011
37'6,es del año,2015
50 anos de tapeçaria em Portugal,es del año,1996
"A CAUDA DO DIABO (Colecção: Pedro & Companhia, Nº na Colecção: 3)",es del año,2002
"A Carta que mandaram os padres da India, da China e da Magna China",es del año,1992
A Costa DOS Murmurios,es del año,1998
A Moeda,es del año,2012
"A POÇA DAS FEITICEIRAS (Colecção: Pedro & Companhia, Nº na Colecção: 2)",es del año,2002
A Perna Esquerda de Paris seguido de Roland Barthes e Robert Musil,es del año,2004
A Portuguese rural society,es del año,1971
A Quinta das Virtudes,es del año,1991
A Sonata de cristal,es del año,1996
A Sétima Porta,es del año,2015
"A Torre de Babel, ou, A porra do Soriano",es del año,2011
A alma trocada,es del año,2007
A barragem,es del año,1993
A casa do fim,es del año,1992
A catedral verde,es del año,2000
A causa das coisas,es del año,1986
A conspiração dos abandonados,es del año,2007
A encomendação das almas,es del año,1995
A estranha morte do Prof. Antena,es del año,1994
A filha do Papa,es del año,2013
A flor do sal,es del año,2005
A gestão social da EJA e suas interfaces com os movimentos sociais e a educação popular no território de identidade do Sisal-Bahia,es del año,2015
A história não acaba assim,es del año,2012
A hora de Sertório,es del año,1994
A horas e desoras,es del año,1993
A invenção do dia claro,es del año,2021
A ironia do projeto europeu,es del año,2012
A la sombra de la memoria,es del año,2006
A lenda de S. Tomé Apóstolo e a expansão portuguesa,es del año,1992
A macon,es del año,1997
A maçon,es del año,1997
A manta do soldado,es del año,2003
A mentira sagrada,es del año,2011
A metodologia nas humanidades,es del año,1994
A minha andorinha,es del año,2006
A mocidade de Herculano até à volta do exílio (1810-1832),es del año,2003
A morte da Mãe,es del año,1989
A máquina de Joseph Walser,es del año,2004
A noite,es del año,2001
A noite das mulheres cantoras,es del año,2011
A noite e a madrugada,es del año,1994
A noite inteira já não chega,es del año,2012
A obra literária de Álvaro Cunhal / Manuel Tiago vista por Urbano Tavares Rodrigues,es del año,2005
A paisagem interior,es del año,2000
A paixão,es del año,2013
A parede rachada,es del año,2002
A poesia de Fernando Pessoa,es del año,1999
A presença indígena no nordeste,es del año,2011
A questão da pimenta em meados do século XVI,es del año,1998
A reviravolta,es del año,1999
A rota das especiarias,es del año,1989
A tentativa falhada de um acordo Portugal eua sobre o futuro do ultramar português 1963,es del año,1994
A transição para a democracia,es del año,2008
A trança de Inês,es del año,2001
A velha casa,es del año,2002
A verdade dói e pode estar errada,es del año,2010
A vida da poesia,es del año,2008
A vida inteira,es del año,1995
A viúva do americano,es del año,2019
ABC,es del año,2001
Adaptaciones de la Política Criminal en la seguridad ciudadana y la prevención de la violencia en América Latina,es del año,2018
Administração pública e direito administrativo,es del año,1992
Afinado desconcerto,es del año,2002
Aforismos,es del año,1998
Agosto no Cairo (1956),es del año,1999
Al margen de lo visible,es del año,2001
Alfabetizaciones y tecnologías de la información y la comunicación,es del año,2008
Alfredo Guisado,es del año,2002
"Algo parecido com isto, da mesma substância",es del año,1992
Algol / Sinais,es del año,2018
Alice 2630_Experiência Humana,es del año,2017
Alma minha gentil,es del año,2013
Almada,es del año,1993
Almada Negreiros,es del año,1993
Almada Negreiros e os painéis,es del año,2020
Almada e tudo,es del año,1995
"Almada, o escritor o ilustrador",es del año,1993
Além da conquista,es del año,1999
Amor Crioulo,es del año,2020
Amores e saudades de um português arreliado,es del año,2014
Anagramy z Warszawy,es del año,2011
Analogia e dedos,es del año,2006
Aniki-Bóbó,es del año,2012
Animal volátil,es del año,2002
Animalescos,es del año,2013
Anjos de pijama,es del año,2009
Anos perdidos,es del año,2001
Antero de Quental,es del año,2006
Antologia poética,es del año,2002
António Ferro e a sua política do espírito,es del año,1997
António um rapaz de Lisboa,es del año,1995
"António, um rapaz de Lisboa",es del año,1996
António Nobre,es del año,2001
Ao correr da memória,es del año,2003
Aquaponia Em Casa,es del año,2016
Aquella nube y otras,es del año,1996
Aquicultura na Amazônia,es del año,2021
Aquilino visto por Urbano,es del año,2014
"Aquilo que os olhos vêem, ou, O adamastor",es del año,1998
Aquém e além da Taprobana,es del año,2002
Aristotle on Self-Motion,es del año,2021
Arqueología de la Segunda Guerra Mundial en Sudamérica,es del año,2022
Arte de bem morrer,es del año,2007
Arte de ser português,es del año,1991
Arte pobre,es del año,2000
Artes africanas,es del año,2010
As 100 Melhores Crónicas,es del año,2020
As Cronicas do inferno,es del año,2014
As esquinas do tempo,es del año,2008
As furtivas pegadas da serpente,es del año,2004
As leis do caos,es del año,1990
As minhas aventuras na República Portuguesa,es del año,1990
As monstruosidades vulgares,es del año,2003
As máscaras do destino,es del año,2015
As pedras negras,es del año,1995
As primeiras-damas,es del año,2011
Atlas do corpo e da imaginação (portuguese),es del año,2013
Atlântico,es del año,2003
Atos de Salomão,es del año,2015
Até nós,es del año,2008
Auto Coaching,es del año,2022
Auto dos danados,es del año,1991
Aventuras de João sem medo,es del año,1991
Años difíciles,es del año,1977
Babel Loro Sa'e,es del año,2002
Baena Soares,es del año,2003
"Bahia De Los Tigres (Cuadernos Del Bronce, 79)",es del año,2002
Baía dos tigres,es del año,1999
Bala Santa,es del año,2010
Bala Santa Blessed Bullet,es del año,2011
Bala santa,es del año,2009
"Bali, behind the mask",es del año,1981
Basta!,es del año,2004
Bastardos do sol,es del año,1994
Batalha de flores,es del año,1988
Bay of Tigers,es del año,2003
Bay of tigers,es del año,2003
Baía dos tigres,es del año,2000
Beduínos a Gasóleo,es del año,1993
Belo,es del año,1997
Beyefendiler,es del año,2014
Biblioteca 1,es del año,2004
Boa noite Senhor Soares,es del año,2008
Boa tarde às coisas aqui em baixo,es del año,2003
Bocage e o Sortilégio do Amor,es del año,2016
Breves Notas Sobre Música,es del año,2015
Breviario de Las Malas Inclinaciones,es del año,1999
Breviário das más inclinacões,es del año,1994
CASOS CLÍNICOS EN GINECOLOGÍA,es del año,2022
COVID-19 and Social Change in Spain,es del año,2022
CRONICA DOS BONS MALANDROS,es del año,2004
Caatinga e terra caída,es del año,1998
Cabo da Boa Esperança,es del año,1993
Caderno de caligraphia e outros poemas a Marga,es del año,2003
Cafuné,es del año,2012
Cambio y continuidad,es del año,1995
Camp de sang,es del año,2006
Campo de sangue,es del año,2002
Cancioneiro portuguez da Vaticana: edição critica restituida sobre o texto diplomatico de Halle ...,es del año,2022
Canções mexicanas,es del año,2012
Carlos CastroIlustraciones,es del año,2018
Caronte y memoria,es del año,2002
Cartas,es del año,1994
Cartas a Fernando Pessoa,es del año,1992
Cartas a Maria e outra correspondência inédita,es del año,1992
Cartas a sua mãe,es del año,2008
Cartas de amor,es del año,1996
Cartas em família,es del año,2008
Cartas escolhidas,es del año,1992
Casa Da América,es del año,2019
Casa na duna,es del año,2004
Casais Monteiro,es del año,2012
Cavaleiro andante,es del año,2015
Cebola Crua com Sal e Broa,es del año,2018
Celebrando léderes Quietos,es del año,2016
Celebrando líderes Quietos,es del año,2020
Cenas da vida de Macau,es del año,1997
Charneca em Flor,es del año,2013
Chave de Salomão de J. R. P. T,es del año,2015
Chevalier errant,es del año,1986
Chronicles of Eternal,es del año,2018
Cinco Histórias : (Com Notas)(Biografia),es del año,2017
Climate Change-Sensitive Water Resources Management,es del año,2020
Coeurs arrachés,es del año,2005
Coisas Que Acarinho E Me Morrem Entre Os Dedos,es del año,2012
Combateremos a sombra,es del año,2007
Como Escrever,es del año,2024
Como se desenha uma casa,es del año,2011
Como se fazem eleições no Brasil,es del año,2002
Compete - Simulacion Dinamica de Marketing Con Dis,es del año,1996
Compromiso con palabras,es del año,2004
Concreta '56,es del año,2006
Conocimiento del infierno,es del año,2007
Considerações pessoais,es del año,2004
Contencioso Administrativo. Comentarios y Jurisprudencia,es del año,2010
Contos,es del año,2011
Contos Completos,es del año,1995
Contos de Androthélys,es del año,1993
Contos e novelas,es del año,2000
Contos policiais,es del año,2008
Controlled Foreign Company Legislation,es del año,2020
Conversas de domingo,es del año,2009
Coração do dia ; Mar de setembro,es del año,2013
Corredores secretos,es del año,2010
Correspondência,es del año,2014
Correspondência com Fernando Pessoa,es del año,2003
Correspondência com Vitorino Nemésio,es del año,2007
Correspondência com Álvaro Ribeiro,es del año,2008
Correspondência de António Sardinha para Ana Júlia Nunes da Silva (1910-1912),es del año,2008
Correspondência familiar,es del año,2010
Cortes,es del año,1991
Crateras,es del año,2000
Creativity and Innovation Affairs,es del año,2022
Cronistas de Pernambuco,es del año,2010
Crónica do tempo,es del año,1990
Crítica II,es del año,1999
Crítica III,es del año,2000
Crítica VI,es del año,2004
Crònica dels bons trinxeraires,es del año,2012
Crónica de um suicídio anunciado,es del año,2005
Crónica dos bons malandros,es del año,2006
"Crónica, saudade da literatura",es del año,2013
Cuentos portugueses,es del año,2013
"Cuerpo de Funcionarios Técnicos de la Administración de la Comunidad Autónoma de Aragón, Escala Técnica Sanitaria, Ayudantes Técnicos Sanitarios de ... Temario específico",es del año,2015
Cultura e poder entre o Império e a República,es del año,2018
Curso de Direito Administrativo - Volume I,es del año,2016
Curso de direito administrativo,es del año,1994
Cântico negro,es del año,2005
Céu em fogo,es del año,1990
D. Carlos,es del año,2010
D.AFONSO HENRIQUES - Biografia -(EURO 14.47),es del año,2002
"Da alma portuguesa, da alma galega",es del año,1995
Da essência da libertação,es del año,2002
Da frágil sabedoria,es del año,2001
Dama de espadas,es del año,2010
Daniel Jiménez de Cisneros y Hervás,es del año,2019
Dark Places of Business Enterprise,es del año,2019
De Ceuta a Timor,es del año,1994
De Laatste Paus,es del año,2009
De Warschau-anagrammen,es del año,2012
De la naturaleza de los dioses,es del año,2020
De portas abertas para o lazer,es del año,2009
De tre Mariaer,es del año,1975
Deixar a vida,es del año,2002
Dentro de 5 minutos,es del año,2002
Depois de ver,es del año,1995
Der Judaskuss,es del año,1988
Derecho Internacional Económico,es del año,2022
Derecho de los contratos públicos en la Unión Europea y sus estados miembros,es del año,2011
Desde Que Abrí Los Ojos,es del año,2017
Deuses e demónios da medicina,es del año,1989
Dia DOS Prodigios,es del año,1995
Dia y Noche de Madrid (Clasicos Madrileños),es del año,2001
Diálogo das compensadas,es del año,2001
"Dicionário do cinema português, 1962-1988",es del año,1989
"Dicionário do cinema português, 1895-1961",es del año,2012
"Dicionário do cinema português, 1989-2003",es del año,2005
Die Decke des Soldaten,es del año,2000
Dinamismo e Clareza no Planejamento em Ciências da Saúde 5,es del año,2021
Direito do ordenamento do território e constituição,es del año,1998
Direito do urbanismo,es del año,1990
Direito e desenvolvimento no Brasil do século XXI,es del año,2013
Direito societário,es del año,1999
Dito em voz alta,es del año,2016
Diário,es del año,2011
Do 11 de Setembro à crise do Iraque,es del año,2002
Do Cabo Espichel a Macau,es del año,1993
Do espelho de Vénus de Tiago Veiga,es del año,2010
Do tempo ao coração,es del año,1998
Domingo à tarde,es del año,1989
Dos líquidos,es del año,2000
Día y noche de Madrid,es del año,2017
Dünyanin Sonundaki Yer,es del año,2019
E-learning and Digital Training in Healthcare Education,es del año,2022
Economia dos setores populares,es del año,2000
Economic Globalization and Governance,es del año,2020
Effect of size on handwheels on effort required for rotation,es del año,2021
Ejercicios Espirituales en sintonía con el CG28 salesiano,es del año,2020
El Caribe y América Latina,es del año,1998
El Castigador,es del año,2006
El Conquistador,es del año,2002
El No Importa de España y La Verdad en el Potro (Textos B),es del año,1973
El Rio Sagrado/ the Sacret River,es del año,2006
El arte del engaño,es del año,2018
El dragón que se comió el sol,es del año,2015
El mundo en que viví,es del año,2019
El otro nombre de la tierra,es del año,1989
El rey gallo y discusos de la hormiga,es del año,1991
El último tambor,es del año,2018
Elaboração de Cerveja - para o Principiante,es del año,2017
Elementos constitutivos da consciência saudosa e problemática da saudade,es del año,1998
Eles e eu,es del año,1990
Eliete,es del año,2018
Eliete - A vida normal,es del año,2019
"Eliete, la vie normale",es del año,2020
Elói,es del año,2003
Em Meio de Lobos,es del año,2014
Em busca da felicidade,es del año,2009
Em ouro e alma,es del año,2015
Encontros entre direito e literatura,es del año,2008
Encyclopedia of Contemporary Latin American and Caribbean Cultures,es del año,2000
Enfermagem,es del año,2021
Ensaios,es del año,1992
Ensaios de interpretação crítica,es del año,2009
Ensino Superior e Desenvolvimento,es del año,2024
Entre as sombras,es del año,2009
Entrevistas a Salazar,es del año,2007
Entrevistas de António Ferro a Salazar,es del año,2003
"Então, boa noite",es del año,2018
Epistolario ibérico,es del año,1990
Epístola aos vindouros e outros poemas,es del año,1989
Equador,es del año,2003
Equador. Romance,es del año,2003
Equator,es del año,2008
"Era do átomo, crise do homem",es del año,2003
Erotosofia,es del año,1998
Escarpas,es del año,2010
Escrita da terra ; Homenagens e outros epitáfios,es del año,2014
Escrítica pop,es del año,2003
Esercizi Spirituali in sintonia con il CG28 salesiano,es del año,2020
Esquerda e Direita,es del año,2015
Esquerda e Direita. Guia Histórico Para o Século XXI,es del año,2016
Estevas,es del año,2004
Estudos sobre artes cénicas asiáticas,es del año,2000
Estudos sobre concessões e outros actos da administração,es del año,2002
Eugénio de Castro y la cultura hispánica,es del año,2006
Examining the Role of Entrepreneurial Universities in Regional Development,es del año,2019
Exhortacion a Los Cocodrilos,es del año,1999
Exilio,es del año,2009
Expedição Terrano II Sul-América,es del año,1994
Explicações de Português,es del año,2001
F1 2002-2003,es del año,2002
Fado alejandrino,es del año,2007
Female Entrepreneurship As a Driving Force of Economic Growth and Social Change,es del año,2023
Fernando Lopes,es del año,2012
Fernando Pessoa,es del año,2003
"Fernando Pessoa, o poeta e os seus fantasmas",es del año,2011
Férias de verão,es del año,1999
Fidel y la religion,es del año,1989
Florbela Espanca,es del año,1995
Fogo,es del año,2013
Folias Mitocondriais,es del año,2020
Fora de mão,es del año,2003
Formacao de Escritor,es del año,2015
Formas e energias,es del año,2009
Formula 1 1996-1997,es del año,1997
Formula 1 98/99,es del año,1999
Formula 1 99/00,es del año,2000
Formulários de responsabilidade dos gerentes e desconsideração jurídica da personalidade,es del año,2010
Formulários de sociedades por quotas,es del año,2009
Fragmente einer Biografie,es del año,1980
Fragmentos de Babel,es del año,2007
Furious Flower,es del año,2019
Furrows of Thirst,es del año,2022
Garabatos,es del año,2011
Gemeos,es del año,2004
Gente que conta,es del año,2010
Geography of Rebels Trilogy,es del año,2018
Gestion de La Fuerza de Ventas,es del año,2001
Global Considerations in Entrepreneurship Education and Training,es del año,2019
Gospel According to Lazarus,es del año,2019
Governos de gestão,es del año,2002
Grandes linhas da reforma do contencioso administrativo,es del año,2002
Guardian of Dawn,es del año,2011
Guardian of the dawn,es del año,2005
Hegel e a justificação da filosofia,es del año,1992
Hermetismo e Utopia,es del año,1995
Hi stórias com cidades,es del año,2001
Historia del pensamiento político occidental.,es del año,2014
Historia do theatro portuguez,es del año,2022
Historia silense,es del año,2022
Historias y procesos,es del año,2000
História das ideias políticas,es del año,1999
História das ideias republicanas em Portugal,es del año,2010
História de muitas cores,es del año,2001
História de Um Ex-Viciado No Outro Mundo,es del año,2017
História do pensamento político ocidental,es del año,2011
"História, conceitos e futebol",es del año,2020
Histórias Falsas,es del año,2010
Histórias que me contaste tu,es del año,1999
Honey and Poison,es del año,2001
Horas do declino,es del año,1996
Human brain anatomy in computerized images,es del año,1995
Humanities and Big Data in Ibero-America,es del año,2022
Hunting midnight,es del año,2003
Hybrid Predictive Control for Dynamic Transport Problems,es del año,2014
Ida e volta,es del año,1993
Ilhas de fogo,es del año,2002
Ilustraciones de Galicia,es del año,2019
Impro,es del año,2016
Imágenes de la modernidad,es del año,2011
Inchiostro nero che danza sulla pagina,es del año,2002
Industrial Engineering and Operations Management,es del año,2020
Ines de Portugal,es del año,2006
Inês de Portugal,es del año,1997
Infinite tasks,es del año,2012
Inquilinos Del Abismo,es del año,2012
Insano,es del año,2000
Inventa rio,es del año,2020
Investigações,es del año,2002
Inéditos,es del año,2014
Ismael e Chopin,es del año,2010
Itinerário paralelo,es del año,2004
Jerusalém,es del año,2005
Jets from Young Stars IV,es del año,2010
Joseph Walser'in Makinesi ve Bir Adam - Klaus Klump,es del año,2016
"José Régio, ""homem-artista""",es del año,2020
JusFormulários bancário,es del año,2012
Juvenília dramática,es del año,1995
Já não se escrevem cartas de amor,es del año,2008
"K4, o quadrado azul",es del año,2000
Kaplanlar Korfezi,es del año,2015
Kobra,es del año,2016
Kudus,es del año,2012
L'Amant sans amant,es del año,1990
L'animal harmonieux et autres poèmes,es del año,1994
La Baie des Tigres,es del año,2001
La Dernière femme,es del año,1995
La Escena del Odio,es del año,2006
La Muerte Del Papa,es del año,2007
La Semana Trágica y los talleres Vasena,es del año,2011
La cacería,es del año,1977
La disparition de la mère,es del año,1983
La filosofia del denaro dopo Ezra Pound,es del año,1994
La forêt dans le fleuve,es del año,1988
La fuga del siglo,es del año,1974
La gobernanza del interés público global,es del año,2015
La mentira sagrada,es del año,2013
La otra creación,es del año,2009
La sal de la lengua,es del año,1999
La vida normal,es del año,2020
La voz del viento,es del año,1989
Last Kabbalist of Lisbon,es del año,1998
Le Rivage des murmures,es del año,1989
Le dernier kabbaliste de Lisbonne,es del año,2007
Le jardin sans limites,es del año,1998
Le mensonge sacré,es del año,2019
Le retour,es del año,2014
Le vent qui siffle dans les grues,es del año,2004
Legenda para uma casa habitada,es del año,2000
Lendas e Bruxarias,es del año,2017
Lenin Oil,es del año,2006
Les Parets en llibertat,es del año,1977
Les anagrammes de Varsovie (Domaine étranger) (French Edition),es del año,2013
Les manes enceses,es del año,2014
Les màscares del destí,es del año,2022
Lesion analysis in neuropsychology,es del año,1989
Linhas gerais do processo civil português,es del año,1991
Lira insubmissa,es del año,2006
Lisbonne,es del año,2013
Livro da dança,es del año,2001
Livro das Quedas,es del año,2005
"Livro de ""soror saudade""",es del año,2012
Livro de Eros ou as Teias do desejo,es del año,2020
Livro de Mágoas,es del año,2012
Livro de Mágoas e Charneca Em Flor (Ilustrado),es del año,2017
Livro de crónicas,es del año,2012
Livro de memórias,es del año,2001
Longe é um bom lugar,es del año,2011
Los amigos del señor Valéry,es del año,2014
Los papeles de K.,es del año,2006
Los paseos del soñador solitario,es del año,2017
Los surcos de la sed,es del año,2001
Love's voice,es del año,2011
Lugares de la lumbre = Os lugares do lume,es del año,2003
Lusitânia,es del año,2014
Madre Cacau,es del año,2004
Madrugada Suja (Em Portugues do Brasil),es del año,2013
Madrugada suja,es del año,2013
Mais além do drama poético de Fernando Pessoa,es del año,2006
Maitre ès Sanglots,es del año,1998
Manifesto anti-Dantas,es del año,2000
Marido e outros contos,es del año,1998
"Matin de pluie, Septembre à Lisbonne",es del año,1999
Matryoshka,es del año,2018
Matryoshka (Newcon Press Novellas Set 4),es del año,2018
Mau tempo no canal,es del año,1994
Medeia,es del año,2008
Meia-Noite ou o Princípio do Mundo,es del año,2017
Meio ambiente como direito à vida,es del año,2016
Melancolia do progresso,es del año,2003
Memorias de Barranquilla,es del año,2017
Memória de elefante,es del año,2009
Menina Perdida,es del año,2018
Menina Que N&#65533;o Conhecia o Sol,es del año,2019
Menina Que Não Conhecia o Sol,es del año,2016
Migration and Agriculture,es del año,2016
Miguel,es del año,1993
Militância política e assessoria,es del año,2017
Mobile Media In and Outside of the Art Classroom,es del año,2019
Moodle 1.9 multimedia,es del año,2009
Moodle 2.5 Multimedia,es del año,2013
Morte del Papa,es del año,2010
Mototaxi,es del año,2012
Moving Finite Element Method,es del año,2016
Muerte del Papa,es del año,2010
"Munich Crisis, Politics and the People",es del año,2021
Mário Saa,es del año,2013
Mário de Sá-Carneiro,es del año,2000
Mémoire d'éléphant,es del año,1998
Na barca do coracao,es del año,2001
Na via do mestre,es del año,2010
Nachricht von der anderen Seite der Straße,es del año,1990
Nanban Jin,es del año,1993
Nanocomposite particles for bio-applications,es del año,2011
Napoleão,es del año,1989
Nas margens da solidão,es del año,2008
Nasci com passaporte de turista,es del año,1991
Natural Order of Things,es del año,1998
Navegador solitário,es del año,1996
Navío de espejos,es del año,2006
Não morri porque cantei--,es del año,2003
Negação da morte,es del año,2020
Nenhuma palavra e nenhuma lembrança,es del año,1999
Neurobiology of decision-making,es del año,1995
Night Watchman,es del año,2014
"No Eça, nem com uma flor se toca",es del año,2002
No Rio Da Memória,es del año,2017
No entres tan deprisa en esa noche oscura,es del año,2013
No lado esquerdo da alma,es del año,2000
No passado e no futuro estamos todos mortos,es del año,2019
No teu deserto,es del año,2009
Noites de verão,es del año,2002
Nome de guerra,es del año,1956
Nome para uma casa,es del año,1993
Nos passos de Magalhães,es del año,2008
Novas cartas portuguesas,es del año,1998
Novas perspectivas em Casa-grande & senzala,es del año,1985
Novas sínteses,es del año,2001
"Num país onde não querem defender os meus direitos, eu nao quero viver",es del año,1999
"Nun' Álvares, condestável e santo",es del año,1998
Não Se Encontra O Que Se Procura,es del año,2014
"Não te deixarei morrer, David Crockett",es del año,2001
Não vou por aí!,es del año,2001
O Algarve na obra de Teixeira-Gomes,es del año,2001
O Antigo Regime e a Revolução,es del año,1995
O Belo Adormecido,es del año,2004
O Conquistador,es del año,1990
O Direito em Portugal,es del año,2017
O Escuro que te Ilumina,es del año,2018
O Esplendor do Mundo,es del año,2017
O Evangelho de TomÉ e Hino Da PÉrola,es del año,2021
O Jardim Das Delicias [ Livre importé d´Espagne ],es del año,2007
O Livro D'Ele,es del año,2017
O Mundo sobre o outro desbotado,es del año,1995
O Murmúrio do Mundo,es del año,2013
O Opala Laranja,es del año,2016
O Pranto de Lúcifer,es del año,1995
O Príncipe Nabo,es del año,2000
O Pássaro da Cabeça e mais versos para crianças,es del año,2015
O Sal da Língua precedido de Trinta Poemas,es del año,2001
O Senhor Henri,es del año,2003
"O Torcicologista, Excelência",es del año,2015
O amor em Lobito bay,es del año,2016
O amor é fodido,es del año,1995
O amor és tu,es del año,2013
O anel de basalto e outras narrativas,es del año,2001
O arquipiélago da insónia,es del año,2008
O arquitecto,es del año,2007
O barão de Lavos,es del año,2020
O cais das merendas,es del año,1989
O caminho do Oriente,es del año,1996
O campo de concentração do Tarrafal,es del año,2007
O canto dos fantasmas,es del año,1990
O cemitério de raparigas,es del año,1996
O censor iluminado,es del año,2018
O chão salgado,es del año,1992
O chique e o choque,es del año,1996
O chão dos pardais,es del año,2009
O cipreste apaixonado,es del año,2000
O círculo virtuoso,es del año,1996
O conquistador,es del año,1993
O conto do nadador,es del año,1994
O dia claro,es del año,2011
O dia dos prodígios,es del año,1999
O dia ultimo e o primeiro,es del año,1999
O diário oculto de Nora Rute,es del año,2013
O dragão de fumo,es del año,1998
O estranho caso do trapezista azul,es del año,1998
O eterno retorno,es del año,1987
O eterno retorno (Autores dos seculos XIX e XX),es del año,1994
O fiasco do milénio e outras tragédias menores,es del año,2009
"O fim, ou, Tende misericórdia de nós",es del año,1997
O fotógrafo e a rapariga,es del año,2015
O homem ou é tonto ou é mulher,es del año,2005
O homem sem nome,es del año,1994
O incesto,es del año,2005
O jardim sem limites,es del año,1995
O ladrão invisível,es del año,2001
"O limite de Rudzky, e outras histórias",es del año,1992
O livro do sapateiro,es del año,2010
O magnífico reitor,es del año,2001
O mar que a gente faz,es del año,2010
O meu programa de governo,es del año,2013
O mito de D. Juan,es del año,2005
O mundo em que vivi,es del año,1900
O mundo en que vivín,es del año,2019
O mundo é fácil,es del año,2015
O murmúrio do mundo,es del año,2012
O organista,es del año,2014
O osso de Mafoma,es del año,1989
O pallaso verde,es del año,2006
O penitente (Camilo Castelo Branco),es del año,2002
O pequeno livro do grande terramoto,es del año,2005
O prenúncio das águas,es del año,1999
O priorado do cifrão,es del año,2008
O que foi e o que não foi o movimento da Presença,es del año,1995
O reflexo de Deus na poesia de António Oliveira Cruz,es del año,2008
O relógio do cárcere,es del año,1997
O retorno,es del año,2011
O sangue e o fogo,es del año,2011
O senhor Juarroz,es del año,2004
O senhor Kraus,es del año,2005
O senhor das ilhas,es del año,1994
O sétimo véu,es del año,2003
O vale da paixão,es del año,1998
O valor jurídico-político da referenda ministerial,es del año,1997
O vento assobiando nas gruas,es del año,2002
O xarope do marquês,es del año,1999
O Último Papa,es del año,2010
O último Papa,es del año,2008
O último cabalista de Lisboa,es del año,1997
"OBRAS COMPLETAS DE VITORINO NEMÉSIO, VOL. XIV - Ondas Médias - Biografia eLiteratura - Jornal de Vitorino Nemésio 1 -(EURO 15.96)",es del año,2000
"OS PODERES DO RAIO (Colecção: Pedro & Companhia, Nº na Colecção: 1)",es del año,2001
Obra poética,es del año,1998
Obras completas,es del año,1989
Obras de Carlos de Oliveira,es del año,1992
Obras poéticas (Obras clássicas da literatura portuguesa),es del año,2001
Obras selectas,es del año,1976
Observação do verão,es del año,2011
Oceans and Society,es del año,2023
Oficio de paciencia,es del año,1995
Ofício e arte,es del año,2008
Ontem Não Te Vi Em Babilónia,es del año,2006
Orações de Ligares,es del año,2001
Os Pássaros de Seda,es del año,1996
Os amantes e outros contos,es del año,1992
Os anagramas de Varsóvia,es del año,2015
Os avisos do destino,es del año,2003
Os clandestinos,es del año,1973
Os comedores de pérolas,es del año,1992
Os linhos da avó,es del año,2004
Os livros,es del año,2003
Os memoráveis,es del año,2014
Os meus problemas,es del año,1993
Os meus sentimentos,es del año,2009
Os outros legítimos superiores,es del año,1993
Os papéis de K.,es del año,2003
Os passeios do sonhador solitário,es del año,2011
Os piratas,es del año,1997
Os poemas,es del año,2009
Os sapatos,es del año,2009
Os sensos incomuns,es del año,1993
Os super portugueses,es del año,2009
"Os tempos e os lugares na obra lírica, épica e narrativa de Manuel Alegre",es del año,1996
Os três casamentos de Camilla S,es del año,1997
Ostatni papież,es del año,2008
Our Book,es del año,2018
Paardenschaduw op zee,es del año,2011
Pallottola Santa,es del año,2010
Palomares,es del año,2001
Para a luz,es del año,1998
Passagem para o horizonte,es del año,2014
Páginas do diário íntimo,es del año,1994
Pearson Literature--California--Reading and Language,es del año,2010
Pelo sonho é que vamos,es del año,2004
Pensamento nacional-desenvolvimentista,es del año,2021
Percepción del color y daltonismos,es del año,2013
Peregrinacao de Enmanuel Jhesus,es del año,2013
Peregrinação de Enmanuel Jhesus,es del año,2010
Periquillo el de Las Gallineras,es del año,2023
Physical Education,es del año,2020
Poemas,es del año,2003
Poemas Selecionados (Ilustrado),es del año,2017
Poemas de Dios y del diablo,es del año,2021
Poemas e contos,es del año,2021
"Poemas, escolhidos e dispersos",es del año,1997
Poesia,es del año,2001
Poesia completa,es del año,2016
Poesia e alguma prosa,es del año,2006
"Poesia, saudade da prosa",es del año,2011
Poesias completas,es del año,1993
Poeta militante,es del año,1990
Polymer Reaction Engineering V,es del año,2004
Polyolefin Characterization,es del año,2008
Polyolefin Reaction Engineering,es del año,2012
Por outras palavras & mais crónicas de jornal,es del año,2010
Portugal and the future,es del año,1974
Portugal e o futuro,es del año,2003
Portugal y el futuro,es del año,1974
Poètes de Lisbonne,es del año,2016
Predictions under uncertainty,es del año,1993
Predictive Control for Spacecraft Rendezvous,es del año,2021
"Prentice Hall Literature--Timeless Voices, Timeless Themes--Copper Level",es del año,2002
Primeiro as senhoras,es del año,2006
Primeiros poemas,es del año,2008
"Primeiros versos, primeiras prosas",es del año,1994
Princípio e outros contos,es del año,1991
Product Design Process,es del año,2019
Profile of a mandate,es del año,1994
Prosa,es del año,1900
Proyecto Croqueta - 3 años,es del año,2019
Proyecto Croqueta - 4 años,es del año,2019
Proyecto Croqueta - 5 años,es del año,2019
Prémices,es del año,1993
Psicología de la Maldad,es del año,2020
Public Procurement in the European Union and its Member States,es del año,2012
Páginas nobrianas,es del año,2004
Pé d'orelha,es del año,2020
Quarto livro de crónicas,es del año,2011
Quatre poetes portuguesos,es del año,1989
Qubit,es del año,2011
Que Venha o Crash!,es del año,2016
Que ferai-je quand tout brûle?,es del año,2003
Quelque chose comme ça de la même substance,es del año,2002
Questões de direito societário em Portugal e no Brasil,es del año,2012
Qué haré cuando todo arde?,es del año,2004
Quinze poetas portugueses do seculo XX,es del año,2004
REFLEXÕES SOBRE POLÍTICAS PÚBLICAS E SOCIEDADE,es del año,2022
Rainer Maria Rilke,es del año,2017
Razão e liberdade,es del año,2010
Rede de memórias,es del año,2011
"Región, frontera y prácticas culturales en la historia de América Latina y el Caribe",es del año,2002
"Religião, história e razão da Aufklärung ao romantismo : colóquio comemorativo dos 200 anos da publicação de A religião nos limites da simples razão de Immanuel Kant",es del año,1994
Reliquiae,es del año,2017
Reno - Libro de Colorear,es del año,2020
Repercussão,es del año,2004
Representações sociais e seus diversos olhares,es del año,2018
Residuo de un Sueño,es del año,2020
Ressurreicao,es del año,2002
Retalhos da vida de um médico,es del año,1989
Retrato de rapaz,es del año,2014
Return,es del año,2016
Retábulo das matérias,es del año,2001
Ricos e pobres no Alentejo,es del año,2004
Rio das flores,es del año,2007
Role of Financial Inclusion for Reaching Sustainable Development Goals,es del año,2024
Romance de Cordélia,es del año,1998
Rua de Portugal,es del año,2002
Rua de nenhures,es del año,2013
Río sen ponte,es del año,2021
Río sin puente,es del año,2021
SDG13 - Climate Action,es del año,2020
Sala VIP,es del año,2013
Santa Maria,es del año,2007
Santa Maria : my crusade for Portugal,es del año,2018
Scientific Innovations for Coastal Resource Management,es del año,2024
Sebastião e os Mundos Secretos,es del año,2007
Segredos e brinquedos,es del año,2000
Sem medo da diplomacia,es del año,2006
Sempre tua,es del año,2012
Senderos,es del año,1997
Senhora da Noite - Verbo Escuro,es del año,1999
Sergio García Ramírez,es del año,2008
Serpentina,es del año,2014
Serra-mãe,es del año,1996
Sertorio,es del año,2012
"Shattered dreams : Beatriz Milhazes, Rosângela Rennó",es del año,2003
Short movies,es del año,2011
Signed - Hunting Midnight,es del año,2004
"Simbolismo, saudosismo e modernismo",es del año,2001
Sintomas,es del año,2020
"Síntesis de una gestión, 1984-1994",es del año,1994
Sob o mesmo tecto,es del año,1989
Sobre o uso da riqueza,es del año,2005
Soledad Del Verso,es del año,2014
Solidão povoada,es del año,2007
Sonetos,es del año,2001
Sourdough Innovations,es del año,2023
Spatial Analysis Techniques Using Mygeoffice®,es del año,2017
Spiralisez vos légumes,es del año,2017
Splendor of Portugal,es del año,2011
Stormy Isles,es del año,2019
Stormy isles,es del año,1998
Strawberry Fields Forever,es del año,2012
"Subitamente o silêncio, precidido de, Nem senhor nem servo",es del año,1991
Subsidios para a história da música em Portugal,es del año,2008
Sul Viagens,es del año,2004
Sulphira & Lucyphur,es del año,1995
Sumários de introdução ao direito,es del año,1997
Surface Chemistry of Colloidal Nanocrystals,es del año,2019
Szukanie midnighta,es del año,2005
São Jerónimo e a trovoada,es del año,1992
Século passado,es del año,2007
Tactical Biopolitics Leonardo Books,es del año,2010
Tactical biopolitics,es del año,2008
Talismã,es del año,2015
Teatro,es del año,1993
Teatro e Ficção,es del año,2018
Teatro-Estúdio do Salitre,es del año,1996
Teixeira de Pascoaes,es del año,2002
Tempo de Orfeu,es del año,2003
Tempo de orfeu 2,es del año,1996
Tempo escandinavo,es del año,2009
Tercer libro de crónicas,es del año,2019
Terra Dos Cegos,es del año,2017
Textos de intervenção,es del año,1993
The Chosen,es del año,1999
The Holy Assassin,es del año,2010
The Last Pope,es del año,2008
The Masters,es del año,2020
The Papal Decree,es del año,2011
The Pope's Assassin,es del año,2011
The Portuguese Answer,es del año,1973
The Portuguese answer,es del año,1973
The Standing Dead,es del año,2002
The Third God,es del año,2010
The Third God Book Three Of The Stone Dance Of The Chameleon Trilogy,es del año,2009
The Warsaw anagrams,es del año,2011
The angelic darkness,es del año,1999
The chosen,es del año,1999
The holy bullet,es del año,2010
The last Kabbalist of Lisbon,es del año,2001
The last kabbalist of Lisbon,es del año,2000
The last pope,es del año,2008
The migrant painter of birds,es del año,2001
The murmuring coast,es del año,1994
The new Portuguese letters,es del año,1975
The search for Sana,es del año,2005
The seventh gate,es del año,2007
The standing dead,es del año,2003
Tigerbucht. Stimmen aus dem Staub. Kriegsreportage,es del año,2001
Tigerbugten,es del año,2004
Tocata para dois clarins,es del año,2010
Todas as palavras,es del año,2012
Todo el oro del día,es del año,2001
Todo son historias de amor,es del año,2020
Tournée,es del año,2008
Trabalho poético,es del año,2003
Traditional European Breads,es del año,2023
Tratado das paixões da alma,es del año,2005
Treze contos obrigados a mote e mais um,es del año,2003
Triangulations of Oriented Matroids,es del año,2002
Triunfo do amor português,es del año,2013
Trocando Olhares (Ilustrado),es del año,2017
Tudo São Histórias de Amor,es del año,2017
Tudo são histórias de amor,es del año,2014
Two Hundred,es del año,2018
Tábua das matérias,es del año,1991
Tópicos recuperados,es del año,1992
Ukuhamba,es del año,2010
Um Km de cada vez,es del año,2009
Um Olhar Sobre Preto e Branco,es del año,2017
Um amor feliz,es del año,1986
Um crime na ópera,es del año,2001
Um estranho antepassado,es del año,2000
Um fidalgo de pernas curtas,es del año,2008
Um homem,es del año,2003
Um imaginário europeu,es del año,2000
Um lugar dentro de nós,es del año,2012
Um nómada no oásis,es del año,1994
Um país encantado,es del año,2005
Um teatro às escuras,es del año,2011
Um voto a favor de Maastricht,es del año,1992
Uma Abelha Na Chuva Romance,es del año,1996
Uma Viagem à Índia,es del año,2010
Uma abelha na chuva,es del año,2013
Uma deusa na bruma,es del año,2003
Uma gota de sangue,es del año,2002
Uma introdução à política,es del año,2014
Uma menina está perdida no seu século à procura do pai,es del año,2014
Uma noite não São Dias,es del año,2009
Until Stones Become Lighter Than Water,es del año,2019
Urban Mobility and Social Equity in Latin America,es del año,2020
Ursamaior,es del año,2000
Venezuelan Waltz,es del año,1985
Vento suão,es del año,2011
Verdade Sobre Deus,es del año,2018
Verdwijn niet zo snel in die donkere nacht,es del año,2003
Verso e prosa,es del año,2010
Vida de Maria,es del año,2017
Vida e Obra do Infante D. Henrique,es del año,1984
Vida e obra do Infante D. Henrique,es del año,1991
Vidas são vidas,es del año,2003
Viendo y Volviendo,es del año,1986
Vigo and Rias Baixas,es del año,2017
Villa Serrana,es del año,2001
Violeta among the Stars,es del año,2021
Violeta en de engelen,es del año,2009
Violeta et la nuit,es del año,2006
Viriato (peça em 3 actos),es del año,2003
Visões etratégicas no final do império,es del año,2007
Vom Wesen der Götter,es del año,2018
Voor wie in het donker op mij wacht,es del año,2018
Voz nua,es del año,2001
Vozes da paixão,es del año,1998
Vozes do vento,es del año,2009
Véspera da água,es del año,2014
Warsaw Anagrams,es del año,2011
Works For Guitar,es del año,2002
Y si yo fuera? (Spanish Edition),es del año,2019
`A flor do tempo,es del año,1997
ha-Arurim,es del año,2003
¿Qué caballos son aquellos que hacen sombra en el mar?,es del año,2012
À noite logo se vê,es del año,2007
À sombra da memória,es del año,2008
África acima,es del año,2007
"Água, cão, cavalo, cabeça",es del año,2006
Último Olhar,es del año,2021
