subject,relation,object
Max Graf,es de nacionalidad,Austria
9788435015455,es un codigo ISBN para el libro,Antología de la literatura fantástica
9788435015455,es un codigo ISBN de una edicion publicada por,Aims Intl Books Corp
9788435015455,está escrito en,Inglés
8435015459,es un codigo ISBN para el libro,Antología de la literatura fantástica
8435015459,es un codigo ISBN de una edicion publicada por,Aims Intl Books Corp
8435015459,está escrito en,Inglés
583010041X,es un codigo ISBN para el libro,Antología de la literatura fantástica
583010041X,es un codigo ISBN de una edicion publicada por,"""Amfora"""
583010041X,está escrito en,rus
9785830100410,es un codigo ISBN para el libro,Antología de la literatura fantástica
9785830100410,es un codigo ISBN de una edicion publicada por,"""Amfora"""
9785830100410,está escrito en,rus
9500705877,es un codigo ISBN para el libro,Antología de la literatura fantástica
9500705877,es un codigo ISBN de una edicion publicada por,Sudamericana
9500705877,está escrito en,Español
9789500705875,es un codigo ISBN para el libro,Antología de la literatura fantástica
9789500705875,es un codigo ISBN de una edicion publicada por,Sudamericana
9789500705875,está escrito en,Español
8435001652,es un codigo ISBN para el libro,Antología de la literatura fantástica
8435001652,es un codigo ISBN de una edicion publicada por,EDHASA
8435001652,está escrito en,Español
8435004147,es un codigo ISBN para el libro,Antología de la literatura fantástica
8435004147,es un codigo ISBN de una edicion publicada por,EDHASA
8435004147,está escrito en,Español
9780552994019,es un codigo ISBN para el libro,Antología de la literatura fantástica
9780552994019,es un codigo ISBN de una edicion publicada por,Black Swan
9780552994019,está escrito en,Inglés
0552994014,es un codigo ISBN para el libro,Antología de la literatura fantástica
0552994014,es un codigo ISBN de una edicion publicada por,Black Swan
0552994014,está escrito en,Inglés
0670823937,es un codigo ISBN para el libro,Antología de la literatura fantástica
0670823937,es un codigo ISBN de una edicion publicada por,Viking
0670823937,está escrito en,Inglés
9780670823932,es un codigo ISBN para el libro,Antología de la literatura fantástica
9780670823932,es un codigo ISBN de una edicion publicada por,Viking
9780670823932,está escrito en,Inglés
0947761446,es un codigo ISBN para el libro,Antología de la literatura fantástica
0947761446,es un codigo ISBN de una edicion publicada por,Xanadu
0947761446,está escrito en,Inglés
0947761446,está escrito en,Español
9780947761448,es un codigo ISBN para el libro,Antología de la literatura fantástica
9780947761448,es un codigo ISBN de una edicion publicada por,Xanadu
9780947761448,está escrito en,Inglés
9780947761448,está escrito en,Español
0881846562,es un codigo ISBN para el libro,Antología de la literatura fantástica
0881846562,es un codigo ISBN de una edicion publicada por,Carroll & Graf
0881846562,está escrito en,Inglés
9780881846560,es un codigo ISBN para el libro,Antología de la literatura fantástica
9780881846560,es un codigo ISBN de una edicion publicada por,Carroll & Graf
9780881846560,está escrito en,Inglés
Max Graf,es autor de la obra,Antología de la literatura fantástica
Antología de la literatura fantástica,pertenece al género,Fantasy literature
Antología de la literatura fantástica,pertenece al género,Fantastic literature
Antología de la literatura fantástica,pertenece al género,Anachronisms
9780804601764,es un codigo ISBN para el libro,Composer and critic
9780804601764,es un codigo ISBN de una edicion publicada por,Imprint unknown
0804601763,es un codigo ISBN para el libro,Composer and critic
0804601763,es un codigo ISBN de una edicion publicada por,Imprint unknown
039300497X,es un codigo ISBN para el libro,Composer and critic
039300497X,es un codigo ISBN de una edicion publicada por,W.W. Norton
039300497X,está escrito en,Inglés
0313231109,es un codigo ISBN para el libro,Composer and critic
0313231109,es un codigo ISBN de una edicion publicada por,Greenwood Press
0313231109,está escrito en,Inglés
Max Graf,es autor de la obra,Composer and critic
Composer and critic,pertenece al género,Musical criticism
Composer and critic,pertenece al género,Critique musicale
Composer and critic,pertenece al género,History
Composer and critic,pertenece al género,Crítica musical
9781404796539,es un codigo ISBN para el libro,From Beethoven to Shostakovich
9781404796539,es un codigo ISBN de una edicion publicada por,Classic Textbooks
1404796533,es un codigo ISBN para el libro,From Beethoven to Shostakovich
1404796533,es un codigo ISBN de una edicion publicada por,Classic Textbooks
9781021217806,es un codigo ISBN para el libro,From Beethoven to Shostakovich
9781021217806,es un codigo ISBN de una edicion publicada por,"Creative Media Partners, LLC"
9781021217806,está escrito en,Inglés
9781019449011,es un codigo ISBN para el libro,From Beethoven to Shostakovich
9781019449011,es un codigo ISBN de una edicion publicada por,"Creative Media Partners, LLC"
9781019449011,está escrito en,Inglés
9780343212285,es un codigo ISBN para el libro,From Beethoven to Shostakovich
9780343212285,es un codigo ISBN de una edicion publicada por,Franklin Classics
0343212285,es un codigo ISBN para el libro,From Beethoven to Shostakovich
0343212285,es un codigo ISBN de una edicion publicada por,Franklin Classics
0837124522,es un codigo ISBN para el libro,From Beethoven to Shostakovich
0837124522,es un codigo ISBN de una edicion publicada por,Greenwood
0837124522,está escrito en,Inglés
Max Graf,es autor de la obra,From Beethoven to Shostakovich
9781504060202,es un codigo ISBN para el libro,Legend of a Musical City
9781504060202,es un codigo ISBN de una edicion publicada por,"Open Road Integrated Media, Inc."
9781504060202,está escrito en,Inglés
9780802225641,es un codigo ISBN para el libro,Legend of a Musical City
9780802225641,es un codigo ISBN de una edicion publicada por,Philosophical Library
0802225640,es un codigo ISBN para el libro,Legend of a Musical City
0802225640,es un codigo ISBN de una edicion publicada por,Philosophical Library
Max Graf,es autor de la obra,Legend of a Musical City
0313201854,es un codigo ISBN para el libro,Modern music
0313201854,es un codigo ISBN de una edicion publicada por,Greenwood Press
0313201854,está escrito en,Inglés
0804605610,es un codigo ISBN para el libro,Modern music
0804605610,es un codigo ISBN de una edicion publicada por,Kennikat Press
0804605610,está escrito en,Inglés
Max Graf,es autor de la obra,Modern music
Modern music,pertenece al género,History and criticism
Modern music,pertenece al género,Music
Modern music,pertenece al género,Musicians
9781404795648,es un codigo ISBN para el libro,Modern Music
9781404795648,es un codigo ISBN de una edicion publicada por,Classic Textbooks
1404795642,es un codigo ISBN para el libro,Modern Music
1404795642,es un codigo ISBN de una edicion publicada por,Classic Textbooks
0802225659,es un codigo ISBN para el libro,Modern Music
0802225659,es un codigo ISBN de una edicion publicada por,Philosophical Library
9780802225658,es un codigo ISBN para el libro,Modern Music
9780802225658,es un codigo ISBN de una edicion publicada por,Philosophical Library
Max Graf,es autor de la obra,Modern Music
9781443721639,es un codigo ISBN para el libro,From Beethoven To Shostakovich - The Psychology Of The Composing Process
9781443721639,es un codigo ISBN de una edicion publicada por,Read Books
9781443721639,está escrito en,Inglés
9781406707106,es un codigo ISBN para el libro,From Beethoven To Shostakovich - The Psychology Of The Composing Process
9781406707106,es un codigo ISBN de una edicion publicada por,Coss Press
9781406707106,está escrito en,Inglés
1406707104,es un codigo ISBN para el libro,From Beethoven To Shostakovich - The Psychology Of The Composing Process
1406707104,es un codigo ISBN de una edicion publicada por,Coss Press
1406707104,está escrito en,Inglés
Max Graf,es autor de la obra,From Beethoven To Shostakovich - The Psychology Of The Composing Process
9781021549235,es un codigo ISBN para el libro,"Wagner-Probleme, und Andere Studien"
9781021549235,es un codigo ISBN de una edicion publicada por,"Creative Media Partners, LLC"
9781021549235,está escrito en,Alemán
9780274740369,es un codigo ISBN para el libro,"Wagner-Probleme, und Andere Studien"
9780274740369,es un codigo ISBN de una edicion publicada por,"Creative Media Partners, LLC"
9780274740369,está escrito en,Alemán
Max Graf,es autor de la obra,"Wagner-Probleme, und Andere Studien"
0837124522,es un codigo ISBN de una edicion publicada por,Greenwood Press
From Beethoven to Shostakovich,pertenece al género,Composition (Music)
From Beethoven to Shostakovich,pertenece al género,Music
From Beethoven to Shostakovich,pertenece al género,Philosophy and aesthetics
0837121280,es un codigo ISBN para el libro,Legend of a musical city
0837121280,es un codigo ISBN de una edicion publicada por,"ABC-CLIO, LLC"
0837121280,es un codigo ISBN de una edicion publicada por,Greenwood Press
0837121280,es un codigo ISBN de una edicion publicada por,"Greenwood Press,London"
0837121280,está escrito en,Inglés
Max Graf,es autor de la obra,Legend of a musical city
Legend of a musical city,pertenece al género,Music
Legend of a musical city,pertenece al género,History and criticism
Legend of a musical city,pertenece al género,"Music, austrian"
0837177413,es un codigo ISBN para el libro,The case for the Central powers
0837177413,es un codigo ISBN de una edicion publicada por,Greenwood Press
0837177413,está escrito en,Inglés
Max Graf,es autor de la obra,The case for the Central powers
The case for the Central powers,pertenece al género,Causes
The case for the Central powers,pertenece al género,"World War, 1914-1918"
The case for the Central powers,pertenece al género,"Europe, politics and government, 1918-1945"
9781021546692,es un codigo ISBN para el libro,Schriften des Vereins Für Socialpolitik. XLI. Die Deutsche Hausindustrie. Dritter Band
9781021546692,es un codigo ISBN de una edicion publicada por,"Creative Media Partners, LLC"
9781021546692,está escrito en,Alemán
9780353736481,es un codigo ISBN para el libro,Schriften des Vereins Für Socialpolitik. XLI. Die Deutsche Hausindustrie. Dritter Band
9780353736481,es un codigo ISBN de una edicion publicada por,"Creative Media Partners, LLC"
9780353736481,está escrito en,Alemán
9780274720583,es un codigo ISBN para el libro,Schriften des Vereins Für Socialpolitik. XLI. Die Deutsche Hausindustrie. Dritter Band
9780274720583,es un codigo ISBN de una edicion publicada por,"Creative Media Partners, LLC"
9780274720583,está escrito en,Alemán
Max Graf,es autor de la obra,Schriften des Vereins Für Socialpolitik. XLI. Die Deutsche Hausindustrie. Dritter Band
9783111590370,es un codigo ISBN para el libro,Karteninhalt : Aus
9783111590370,es un codigo ISBN de una edicion publicada por,"De Gruyter, Inc."
9783111590370,está escrito en,Alemán
9783112087770,es un codigo ISBN para el libro,Karteninhalt : Aus
9783112087770,es un codigo ISBN de una edicion publicada por,"De Gruyter, Inc."
9783112087770,está escrito en,Alemán
9783111216492,es un codigo ISBN para el libro,Karteninhalt : Aus
9783111216492,es un codigo ISBN de una edicion publicada por,"De Gruyter, Inc."
9783111216492,está escrito en,Alemán
Max Graf,es autor de la obra,Karteninhalt : Aus
2283018102,es un codigo ISBN para el libro,L'atelier intérieur du musicien
2283018102,es un codigo ISBN de una edicion publicada por,Buchet Chastel
9782283018101,es un codigo ISBN para el libro,L'atelier intérieur du musicien
9782283018101,es un codigo ISBN de una edicion publicada por,Buchet Chastel
Max Graf,es autor de la obra,L'atelier intérieur du musicien
0781295661,es un codigo ISBN para el libro,Legend Of A Musical City
0781295661,es un codigo ISBN de una edicion publicada por,Reprint Services Corp
9780781295666,es un codigo ISBN para el libro,Legend Of A Musical City
9780781295666,es un codigo ISBN de una edicion publicada por,Reprint Services Corp
Max Graf,es autor de la obra,Legend Of A Musical City
3908080274,es un codigo ISBN para el libro,Vor und nach Ulm
3908080274,es un codigo ISBN de una edicion publicada por,Waser
3908080274,está escrito en,Alemán
Max Graf,es autor de la obra,Vor und nach Ulm
Vor und nach Ulm,pertenece al género,Architects
Vor und nach Ulm,pertenece al género,Architecture
Vor und nach Ulm,pertenece al género,History
Hugo von Hofmannsthal,es de nacionalidad,Austria
3898531872,es un codigo ISBN para el libro,Erzählungen aus 1001 Nacht
3898531872,es un codigo ISBN de una edicion publicada por,Directmedia
3898531872,está escrito en,Alemán
Hugo von Hofmannsthal,es autor de la obra,Erzählungen aus 1001 Nacht
3709934680,es un codigo ISBN para el libro,Jedermann
3709934680,es un codigo ISBN de una edicion publicada por,Haymon Verlag
3709934680,está escrito en,Alemán
9783709934685,es un codigo ISBN para el libro,Jedermann
9783709934685,es un codigo ISBN de una edicion publicada por,Haymon Verlag
9783709934685,está escrito en,Alemán
Hugo von Hofmannsthal,es autor de la obra,Jedermann
Billy Wilder,es de nacionalidad,Austria
3822847429,es un codigo ISBN para el libro,Some Like It Hot
3822847429,es un codigo ISBN de una edicion publicada por,Taschen
3822847429,está escrito en,Inglés
9783822847428,es un codigo ISBN para el libro,Some Like It Hot
9783822847428,es un codigo ISBN de una edicion publicada por,Taschen
9783822847428,está escrito en,Inglés
Billy Wilder,es autor de la obra,Some Like It Hot
Some Like It Hot,pertenece al género,Drama (dramatic works by one author)
1578064430,es un codigo ISBN para el libro,Billy Wilder
1578064430,es un codigo ISBN de una edicion publicada por,University Press of Mississippi
1578064430,está escrito en,Inglés
9781578064434,es un codigo ISBN para el libro,Billy Wilder
9781578064434,es un codigo ISBN de una edicion publicada por,University Press of Mississippi
9781578064434,está escrito en,Inglés
Billy Wilder,es autor de la obra,Billy Wilder
Billy Wilder,pertenece al género,Interviews
Billy Wilder,pertenece al género,Motion picture producers and directors
Billy Wilder,pertenece al género,"Wilder, billy, 1906-2002"
9780879100704,es un codigo ISBN para el libro,Billy Wilder in Hollywood
9780879100704,es un codigo ISBN de una edicion publicada por,Limelight Editions
9780879100704,está escrito en,Inglés
0879100702,es un codigo ISBN para el libro,Billy Wilder in Hollywood
0879100702,es un codigo ISBN de una edicion publicada por,Limelight Editions
0879100702,está escrito en,Inglés
185145215X,es un codigo ISBN para el libro,Billy Wilder in Hollywood
185145215X,es un codigo ISBN de una edicion publicada por,Pavilion
185145215X,está escrito en,Inglés
039911789X,es un codigo ISBN para el libro,Billy Wilder in Hollywood
039911789X,es un codigo ISBN de una edicion publicada por,Putnam
039911789X,está escrito en,Inglés
Billy Wilder,es autor de la obra,Billy Wilder in Hollywood
Billy Wilder in Hollywood,pertenece al género,Biography
Billy Wilder in Hollywood,pertenece al género,Motion picture producers and directors
Billy Wilder in Hollywood,pertenece al género,Moving-picture producers and directors
1415718571,es un codigo ISBN para el libro,Stalag 17
1415718571,está escrito en,Inglés
9781415718575,es un codigo ISBN para el libro,Stalag 17
9781415718575,está escrito en,Inglés
Billy Wilder,es autor de la obra,Stalag 17
Stalag 17,pertenece al género,Drama
Stalag 17,pertenece al género,Moles (Spies)
Stalag 17,pertenece al género,"World War, 1939-1945"
0783252838,es un codigo ISBN para el libro,The lost weekend
0783252838,está escrito en,Inglés
Billy Wilder,es autor de la obra,The lost weekend
The lost weekend,pertenece al género,Alcoholismo
The lost weekend,pertenece al género,Man-woman relationships
The lost weekend,pertenece al género,Feature films
9780571194094,es un codigo ISBN para el libro,The Apartment
9780571194094,es un codigo ISBN de una edicion publicada por,Faber & Faber
9780571194094,está escrito en,Inglés
0571194095,es un codigo ISBN para el libro,The Apartment
0571194095,es un codigo ISBN de una edicion publicada por,Faber & Faber
0571194095,está escrito en,Inglés
Billy Wilder,es autor de la obra,The Apartment
The Apartment,pertenece al género,Film & television screenplays
The Apartment,pertenece al género,Screenplays Of Specific Films
The Apartment,pertenece al género,Performing Arts
9780446767798,es un codigo ISBN para el libro,Front Page
9780446767798,es un codigo ISBN de una edicion publicada por,Warner Books
9780446767798,está escrito en,Inglés
0446767794,es un codigo ISBN para el libro,Front Page
0446767794,es un codigo ISBN de una edicion publicada por,Warner Books
0446767794,está escrito en,Inglés
Billy Wilder,es autor de la obra,Front Page
9780891976608,es un codigo ISBN para el libro,The Apartment
9780891976608,es un codigo ISBN de una edicion publicada por,Irvington Publishers
9780891976608,está escrito en,Inglés
0891976604,es un codigo ISBN para el libro,The Apartment
0891976604,es un codigo ISBN de una edicion publicada por,Irvington Publishers
0891976604,está escrito en,Inglés
9781578064441,es un codigo ISBN para el libro,Billy Wilder
9781578064441,es un codigo ISBN de una edicion publicada por,University Press of Mississippi
9781578064441,está escrito en,Inglés
1578064449,es un codigo ISBN para el libro,Billy Wilder
1578064449,es un codigo ISBN de una edicion publicada por,University Press of Mississippi
1578064449,está escrito en,Inglés
3927574368,es un codigo ISBN para el libro,Der Prinz of Wales geht auf Urlaub
3927574368,es un codigo ISBN de una edicion publicada por,Fannei & Walz
3927574368,está escrito en,Alemán
Billy Wilder,es autor de la obra,Der Prinz of Wales geht auf Urlaub
Der Prinz of Wales geht auf Urlaub,pertenece al género,Biography
Der Prinz of Wales geht auf Urlaub,pertenece al género,Description and travel
Der Prinz of Wales geht auf Urlaub,pertenece al género,Homes and haunts
0520218485,es un codigo ISBN para el libro,Double indemnity
0520218485,es un codigo ISBN de una edicion publicada por,University of California Press
0520218485,está escrito en,Inglés
Billy Wilder,es autor de la obra,Double indemnity
Double indemnity,pertenece al género,Film critics
Double indemnity,pertenece al género,Motion picture authorship
Double indemnity,pertenece al género,Double indemnity (Motion picture)
8449309409,es un codigo ISBN para el libro,El Crepusculo De Los Dioses/sunset Boulevard (Paidos Peliculas)
8449309409,es un codigo ISBN de una edicion publicada por,Ediciones Paidos Iberica
8449309409,está escrito en,Español
9788449309403,es un codigo ISBN para el libro,El Crepusculo De Los Dioses/sunset Boulevard (Paidos Peliculas)
9788449309403,es un codigo ISBN de una edicion publicada por,Ediciones Paidos Iberica
9788449309403,está escrito en,Español
Billy Wilder,es autor de la obra,El Crepusculo De Los Dioses/sunset Boulevard (Paidos Peliculas)
El Crepusculo De Los Dioses/sunset Boulevard (Paidos Peliculas),pertenece al género,Mass media
3883775827,es un codigo ISBN para el libro,Emil und die Detektive
3883775827,es un codigo ISBN de una edicion publicada por,Edition Text + Kritik
3883775827,está escrito en,Alemán
Billy Wilder,es autor de la obra,Emil und die Detektive
Emil und die Detektive,pertenece al género,Emil und die Detektive (Motion picture)
0520218566,es un codigo ISBN para el libro,The lost weekend
0520218566,es un codigo ISBN de una edicion publicada por,University of California Press
0520218566,está escrito en,Inglés
The lost weekend,pertenece al género,American drama
The lost weekend,pertenece al género,Lost weekend (Motion picture)
The lost weekend,pertenece al género,Motion picture plays
0792172108,es un codigo ISBN para el libro,Sabrina
0792172108,es un codigo ISBN de una edicion publicada por,Paramount Pictures
0792172108,está escrito en,Inglés
9780792172109,es un codigo ISBN para el libro,Sabrina
9780792172109,es un codigo ISBN de una edicion publicada por,Paramount Pictures
9780792172109,está escrito en,Inglés
Billy Wilder,es autor de la obra,Sabrina
0520218574,es un codigo ISBN para el libro,Stalag 17
0520218574,es un codigo ISBN de una edicion publicada por,University of California Press
0520218574,está escrito en,Inglés
Stalag 17,pertenece al género,Motion picture plays
0520218558,es un codigo ISBN para el libro,Sunset Boulevard
0520218558,es un codigo ISBN de una edicion publicada por,University of California Press
0520218558,está escrito en,Inglés
Billy Wilder,es autor de la obra,Sunset Boulevard
Sunset Boulevard,pertenece al género,Motion picture plays
Sunset Boulevard,pertenece al género,Pn1997 .s844 1999
Sunset Boulevard,pertenece al género,791.43/72
Erika Molny,es de nacionalidad,Austria
3704601829,es un codigo ISBN para el libro,Das Fest des Hahns
3704601829,es un codigo ISBN de una edicion publicada por,Edition S
3704601829,está escrito en,Alemán
Erika Molny,es autor de la obra,Das Fest des Hahns
3854471198,es un codigo ISBN para el libro,Bruchstücke
3854471198,es un codigo ISBN de una edicion publicada por,Verlag Christian Brandstätter
3854471198,es un codigo ISBN de una edicion publicada por,Verlag der Österreichischen Staatsdruckerei
3854471198,está escrito en,Alemán
Erika Molny,es autor de la obra,Bruchstücke
3704600520,es un codigo ISBN para el libro,Der liebe Gott des Waldviertels
3704600520,es un codigo ISBN de una edicion publicada por,Österreichische Staatsdruckerei
3704600520,está escrito en,Alemán
Erika Molny,es autor de la obra,Der liebe Gott des Waldviertels
3704600326,es un codigo ISBN para el libro,Man müsste mit jemandem reden können-
3704600326,es un codigo ISBN de una edicion publicada por,Verlag der Österreichischen Staatsdruckerei
3704600326,está escrito en,Alemán
Erika Molny,es autor de la obra,Man müsste mit jemandem reden können-
3850982025,es un codigo ISBN para el libro,Schau Frau
3850982025,es un codigo ISBN de una edicion publicada por,G. Grasl
3850982025,está escrito en,Alemán
Erika Molny,es autor de la obra,Schau Frau
Grete von Urbanitzky,es de nacionalidad,Austria
Martha Wölger,es de nacionalidad,Austria
3222108943,es un codigo ISBN para el libro,Obersteirischer Hoamatkalender
3222108943,es un codigo ISBN de una edicion publicada por,Verl. Styria
3222108943,está escrito en,Alemán
Martha Wölger,es autor de la obra,Obersteirischer Hoamatkalender
3222110948,es un codigo ISBN para el libro,Wird olls wieder guat
3222110948,es un codigo ISBN de una edicion publicada por,Styria
3222110948,está escrito en,Alemán
Martha Wölger,es autor de la obra,Wird olls wieder guat
Ursel Peter,es de nacionalidad,Austria
Adolf Loos,es de nacionalidad,Austria
9655120589,es un codigo ISBN para el libro,Dibur la-riḳ
9655120589,es un codigo ISBN de una edicion publicada por,Bavel
9655120589,está escrito en,heb
Adolf Loos,es autor de la obra,Dibur la-riḳ
Dibur la-riḳ,pertenece al género,Decorative arts
Dibur la-riḳ,pertenece al género,History
Dibur la-riḳ,pertenece al género,Architecture
8085394413,es un codigo ISBN para el libro,The Müller Villa in Prague
8085394413,es un codigo ISBN de una edicion publicada por,City of Prague Museum
8085394413,está escrito en,Inglés
Adolf Loos,es autor de la obra,The Müller Villa in Prague
The Müller Villa in Prague,pertenece al género,Criticism and interpretation
The Müller Villa in Prague,pertenece al género,Homes and haunts
The Müller Villa in Prague,pertenece al género,"Buildings, structures"
9788488386045,es un codigo ISBN para el libro,Escritos
9788488386045,es un codigo ISBN de una edicion publicada por,El Croquis
9788488386045,está escrito en,Español
8488386044,es un codigo ISBN para el libro,Escritos
8488386044,es un codigo ISBN de una edicion publicada por,El Croquis
8488386044,está escrito en,Español
Adolf Loos,es autor de la obra,Escritos
Escritos,pertenece al género,Architecture
9783993003296,es un codigo ISBN para el libro,Adolf Loos
9783993003296,es un codigo ISBN de una edicion publicada por,Metroverlag
9783993003296,es un codigo ISBN de una edicion publicada por,Wienbibliothek im Rathaus
9783993003296,está escrito en,Alemán
3993003292,es un codigo ISBN para el libro,Adolf Loos
3993003292,es un codigo ISBN de una edicion publicada por,Metroverlag
3993003292,es un codigo ISBN de una edicion publicada por,Wienbibliothek im Rathaus
3993003292,está escrito en,Alemán
9788491560531,es un codigo ISBN para el libro,Adolf Loos
9788491560531,es un codigo ISBN de una edicion publicada por,Ajuntament de Barcelona
9788491560531,es un codigo ISBN de una edicion publicada por,Editorial Tenov
9788491560531,es un codigo ISBN de una edicion publicada por,"Fundación Bancaria ""la Caixa"""
9788491560531,es un codigo ISBN de una edicion publicada por,Museo del Diseño de Barcelona
9788491560531,está escrito en,Español
9788499001890,es un codigo ISBN para el libro,Adolf Loos
9788499001890,es un codigo ISBN de una edicion publicada por,Ajuntament de Barcelona
9788499001890,es un codigo ISBN de una edicion publicada por,Editorial Tenov
9788499001890,es un codigo ISBN de una edicion publicada por,"Fundación Bancaria ""la Caixa"""
9788499001890,es un codigo ISBN de una edicion publicada por,Museo del Diseño de Barcelona
9788499001890,está escrito en,Español
9788486763046,es un codigo ISBN para el libro,Adolf Loos
9788486763046,es un codigo ISBN de una edicion publicada por,Nerea
9788486763046,está escrito en,Español
8486763045,es un codigo ISBN para el libro,Adolf Loos
8486763045,es un codigo ISBN de una edicion publicada por,Nerea
8486763045,está escrito en,Español
Adolf Loos,es autor de la obra,Adolf Loos
Adolf Loos,pertenece al género,Correspondence
Adolf Loos,pertenece al género,Criticism and interpretation
Adolf Loos,pertenece al género,Modern Architecture
3205777433,es un codigo ISBN para el libro,Leben mit Loos
3205777433,es un codigo ISBN de una edicion publicada por,Böhlau
3205777433,está escrito en,Alemán
9783205777434,es un codigo ISBN para el libro,Leben mit Loos
9783205777434,es un codigo ISBN de una edicion publicada por,Böhlau
9783205777434,está escrito en,Alemán
Adolf Loos,es autor de la obra,Leben mit Loos
Leben mit Loos,pertenece al género,Criticism and interpretation
Leben mit Loos,pertenece al género,Architecture
Leben mit Loos,pertenece al género,History
9783993001322,es un codigo ISBN para el libro,Creating your home with style
9783993001322,es un codigo ISBN de una edicion publicada por,Metroverlag
9783993001322,está escrito en,Inglés
Adolf Loos,es autor de la obra,Creating your home with style
Creating your home with style,pertenece al género,Interior architecture
Creating your home with style,pertenece al género,Philosophy
Creating your home with style,pertenece al género,Architecture and society
9783991000150,es un codigo ISBN para el libro,Gesammelte Schriften
9783991000150,es un codigo ISBN de una edicion publicada por,Lesethek
9783991000150,está escrito en,Alemán
Adolf Loos,es autor de la obra,Gesammelte Schriften
Gesammelte Schriften,pertenece al género,Decorative arts
Gesammelte Schriften,pertenece al género,Architecture
Gesammelte Schriften,pertenece al género,Aesthetics
3993001419,es un codigo ISBN para el libro,"""Jeder sei sein eigener Dekorateur"""
3993001419,es un codigo ISBN de una edicion publicada por,Metroverlag
3993001419,es un codigo ISBN de una edicion publicada por,Wienbibliothek im Rathaus
3993001419,está escrito en,Alemán
9783993001414,es un codigo ISBN para el libro,"""Jeder sei sein eigener Dekorateur"""
9783993001414,es un codigo ISBN de una edicion publicada por,Metroverlag
9783993001414,es un codigo ISBN de una edicion publicada por,Wienbibliothek im Rathaus
9783993001414,está escrito en,Alemán
Adolf Loos,es autor de la obra,"""Jeder sei sein eigener Dekorateur"""
"""Jeder sei sein eigener Dekorateur""",pertenece al género,Exhibitions
"""Jeder sei sein eigener Dekorateur""",pertenece al género,Architecture
9781572410466,es un codigo ISBN para el libro,Ornament and crime
9781572410466,es un codigo ISBN de una edicion publicada por,Ariadne Press (CA)
9781572410466,está escrito en,Inglés
1572410469,es un codigo ISBN para el libro,Ornament and crime
1572410469,es un codigo ISBN de una edicion publicada por,Ariadne Press (CA)
1572410469,está escrito en,Inglés
1572410469,es un codigo ISBN de una edicion publicada por,Ariadne Press
Adolf Loos,es autor de la obra,Ornament and crime
Ornament and crime,pertenece al género,Decorative arts
Ornament and crime,pertenece al género,History
Ornament and crime,pertenece al género,Decorative arts & crafts
9783902517791,es un codigo ISBN para el libro,Warum Architektur keine Kunst ist
9783902517791,es un codigo ISBN de una edicion publicada por,Metroverlag
Adolf Loos,es autor de la obra,Warum Architektur keine Kunst ist
3851641000,es un codigo ISBN para el libro,Adolf Loos
3851641000,es un codigo ISBN de una edicion publicada por,Album
3851641000,está escrito en,Alemán
3854090013,es un codigo ISBN para el libro,Adolf Loos
3854090013,es un codigo ISBN de una edicion publicada por,Löcker Verlag
3854090013,está escrito en,Alemán
Adolf Loos,pertenece al género,Catalogs
Adolf Loos,pertenece al género,Domestic Architecture
3883319309,es un codigo ISBN para el libro,"Adolf Loos, 1870-1933"
3883319309,es un codigo ISBN de una edicion publicada por,Die Akademie
3883319309,está escrito en,Alemán
Adolf Loos,es autor de la obra,"Adolf Loos, 1870-1933"
"Adolf Loos, 1870-1933",pertenece al género,Interior decoration
"Adolf Loos, 1870-1933",pertenece al género,Architecture
"Adolf Loos, 1870-1933",pertenece al género,Exhibitions
3923344090,es un codigo ISBN para el libro,"Gründerzeit, Adolf Loos"
3923344090,es un codigo ISBN de una edicion publicada por,Die Galerie
3923344090,está escrito en,Alemán
Adolf Loos,es autor de la obra,"Gründerzeit, Adolf Loos"
"Gründerzeit, Adolf Loos",pertenece al género,"Buildings, structures"
"Gründerzeit, Adolf Loos",pertenece al género,Exhibitions
"Gründerzeit, Adolf Loos",pertenece al género,Architecture
9783993000400,es un codigo ISBN para el libro,Adolf Loos Why a Man Should be Well Dressed
9783993000400,es un codigo ISBN de una edicion publicada por,Metro Verlag
Adolf Loos,es autor de la obra,Adolf Loos Why a Man Should be Well Dressed
Adolf Loos Why a Man Should be Well Dressed,pertenece al género,Clothing and dress
Adolf Loos Why a Man Should be Well Dressed,pertenece al género,History
0728704757,es un codigo ISBN para el libro,The architecture of Adolf Loos
0728704757,es un codigo ISBN de una edicion publicada por,The Council
0728704757,está escrito en,Inglés
Adolf Loos,es autor de la obra,The architecture of Adolf Loos
The architecture of Adolf Loos,pertenece al género,Architecture
The architecture of Adolf Loos,pertenece al género,Exhibitions
The architecture of Adolf Loos,pertenece al género,History
3853670547,es un codigo ISBN para el libro,Über Architektur : b Ausgewählte Schriften die Originaltexte
3853670547,es un codigo ISBN de una edicion publicada por,Georg Prachner Verlag
3853670547,está escrito en,Alemán
Adolf Loos,es autor de la obra,Über Architektur : b Ausgewählte Schriften die Originaltexte
Über Architektur : b Ausgewählte Schriften die Originaltexte,pertenece al género,Modern Architecture
3853670385,es un codigo ISBN para el libro,Die Potemkin'sche Stadt
3853670385,es un codigo ISBN de una edicion publicada por,Prachner
3853670385,está escrito en,Alemán
Adolf Loos,es autor de la obra,Die Potemkin'sche Stadt
Die Potemkin'sche Stadt,pertenece al género,Intellectual life
Die Potemkin'sche Stadt,pertenece al género,Modern Architecture
Die Potemkin'sche Stadt,pertenece al género,Modern Art
3853670482,es un codigo ISBN para el libro,Konfrontationen
3853670482,es un codigo ISBN de una edicion publicada por,G. Prachner
3853670482,está escrito en,Alemán
Adolf Loos,es autor de la obra,Konfrontationen
Konfrontationen,pertenece al género,History
Konfrontationen,pertenece al género,Intellectual life
Konfrontationen,pertenece al género,Modern Architecture
8425217040,es un codigo ISBN para el libro,"Loos, Adolf - Arquitectura 1903 - 1932"
8425217040,es un codigo ISBN de una edicion publicada por,Editorial Gustavo Gili
8425217040,está escrito en,Español
9788425217043,es un codigo ISBN para el libro,"Loos, Adolf - Arquitectura 1903 - 1932"
9788425217043,es un codigo ISBN de una edicion publicada por,Editorial Gustavo Gili
9788425217043,está escrito en,Español
Adolf Loos,es autor de la obra,"Loos, Adolf - Arquitectura 1903 - 1932"
1572410981,es un codigo ISBN para el libro,On architecture
1572410981,es un codigo ISBN de una edicion publicada por,Ariadne Press
1572410981,está escrito en,Inglés
Adolf Loos,es autor de la obra,On architecture
On architecture,pertenece al género,Architecture
On architecture,pertenece al género,Modern Architecture
On architecture,pertenece al género,"Architecture, modern, 19th century"
9781572410985,es un codigo ISBN para el libro,On Architecture
9781572410985,es un codigo ISBN de una edicion publicada por,Ariadne Press
9781572410985,está escrito en,Inglés
1572410981,es un codigo ISBN para el libro,On Architecture
Adolf Loos,es autor de la obra,On Architecture
Peter Waterhouse,es de nacionalidad,Austria
1886224994,es un codigo ISBN para el libro,Language death night outside
1886224994,es un codigo ISBN de una edicion publicada por,Burning Deck
1886224994,está escrito en,Inglés
9781886224995,es un codigo ISBN para el libro,Language death night outside
9781886224995,es un codigo ISBN de una edicion publicada por,Burning Deck
9781886224995,está escrito en,Inglés
Peter Waterhouse,es autor de la obra,Language death night outside
Language death night outside,pertenece al género,German poetry
Language death night outside,pertenece al género,German literature
Language death night outside,pertenece al género,Modern Poetry
3854200609,es un codigo ISBN para el libro,Menz
3854200609,es un codigo ISBN de una edicion publicada por,Droschl
3854200609,está escrito en,Alemán
3854200595,es un codigo ISBN para el libro,Menz
3854200595,es un codigo ISBN de una edicion publicada por,Droschl
3854200595,está escrito en,Alemán
3854200978,es un codigo ISBN para el libro,Menz
3854200978,es un codigo ISBN de una edicion publicada por,Droschl
3854200978,está escrito en,Alemán
Peter Waterhouse,es autor de la obra,Menz
3910161030,es un codigo ISBN para el libro,Kieselsteinplan
3910161030,es un codigo ISBN de una edicion publicada por,Druckhaus Galrev
3910161030,está escrito en,Alemán
9783910161030,es un codigo ISBN para el libro,Kieselsteinplan
9783910161030,es un codigo ISBN de una edicion publicada por,Druckhaus Galrev
9783910161030,está escrito en,Alemán
Peter Waterhouse,es autor de la obra,Kieselsteinplan
9780367677589,es un codigo ISBN para el libro,Enhancing Digital Literacies with Adult English Language Learners
9780367677589,es un codigo ISBN de una edicion publicada por,Taylor & Francis Group
9780367677589,está escrito en,Inglés
9780367677602,es un codigo ISBN para el libro,Enhancing Digital Literacies with Adult English Language Learners
9780367677602,es un codigo ISBN de una edicion publicada por,Taylor & Francis Group
9780367677602,está escrito en,Inglés
9781003132684,es un codigo ISBN para el libro,Enhancing Digital Literacies with Adult English Language Learners
9781003132684,es un codigo ISBN de una edicion publicada por,Taylor & Francis Group
9781003132684,está escrito en,Inglés
9781000575583,es un codigo ISBN para el libro,Enhancing Digital Literacies with Adult English Language Learners
9781000575583,es un codigo ISBN de una edicion publicada por,Taylor & Francis Group
9781000575583,está escrito en,Inglés
9781000575569,es un codigo ISBN para el libro,Enhancing Digital Literacies with Adult English Language Learners
9781000575569,es un codigo ISBN de una edicion publicada por,Taylor & Francis Group
9781000575569,está escrito en,Inglés
Peter Waterhouse,es autor de la obra,Enhancing Digital Literacies with Adult English Language Learners
Enhancing Digital Literacies with Adult English Language Learners,pertenece al género,English language
Enhancing Digital Literacies with Adult English Language Learners,pertenece al género,Study and teaching
Enhancing Digital Literacies with Adult English Language Learners,pertenece al género,Anglais (Langue)
3854200692,es un codigo ISBN para el libro,"Besitzlosigkeit, Verzögerung, Schweigen, Anarchie"
3854200692,es un codigo ISBN de una edicion publicada por,Verlag Droschl
3854200692,está escrito en,Alemán
Peter Waterhouse,es autor de la obra,"Besitzlosigkeit, Verzögerung, Schweigen, Anarchie"
3852560004,es un codigo ISBN para el libro,Blumen
3852560004,es un codigo ISBN de una edicion publicada por,Folio
3852560004,está escrito en,Alemán
Peter Waterhouse,es autor de la obra,Blumen
3926178086,es un codigo ISBN para el libro,Das Klarsfeld Gedicht
3926178086,es un codigo ISBN de una edicion publicada por,Literarisches Colloquium
3926178086,está escrito en,Alemán
Peter Waterhouse,es autor de la obra,Das Klarsfeld Gedicht
3701709386,es un codigo ISBN para el libro,Die Geheimnislosigkeit
3701709386,es un codigo ISBN de una edicion publicada por,Residenz Verlag
3701709386,está escrito en,Alemán
Peter Waterhouse,es autor de la obra,Die Geheimnislosigkeit
3701709548,es un codigo ISBN para el libro,E 71
3701709548,es un codigo ISBN de una edicion publicada por,Residenz Verlag
3701709548,está escrito en,Alemán
Peter Waterhouse,es autor de la obra,E 71
E 71,pertenece al género,Poetry
E 71,pertenece al género,"Yugoslav War, 1991-1995"
3905591006,es un codigo ISBN para el libro,Im Genesis-Gelände
3905591006,es un codigo ISBN de una edicion publicada por,U. Engeler Editor
3905591006,está escrito en,Alemán
Peter Waterhouse,es autor de la obra,Im Genesis-Gelände
Im Genesis-Gelände,pertenece al género,Criticism and interpretation
Im Genesis-Gelände,pertenece al género,German poetry
Im Genesis-Gelände,pertenece al género,Explication
3498073109,es un codigo ISBN para el libro,Passim
3498073109,es un codigo ISBN de una edicion publicada por,Rowohlt
3498073109,está escrito en,Alemán
Peter Waterhouse,es autor de la obra,Passim
3902144041,es un codigo ISBN para el libro,Prosperos Land
3902144041,es un codigo ISBN de una edicion publicada por,Jung und Jung
3902144041,está escrito en,Alemán
Peter Waterhouse,es autor de la obra,Prosperos Land
3498073192,es un codigo ISBN para el libro,Sprache Tod Nacht aussen
3498073192,es un codigo ISBN de una edicion publicada por,Rowohlt
3498073192,está escrito en,Alemán
Peter Waterhouse,es autor de la obra,Sprache Tod Nacht aussen
389244403X,es un codigo ISBN para el libro,To change the subject
389244403X,es un codigo ISBN de una edicion publicada por,Wallstein
389244403X,está escrito en,Alemán
Peter Waterhouse,es autor de la obra,To change the subject
To change the subject,pertenece al género,German poetry
To change the subject,pertenece al género,Intertextuality
To change the subject,pertenece al género,Poetry
3701708398,es un codigo ISBN para el libro,Verloren ohne Rettung
3701708398,es un codigo ISBN de una edicion publicada por,Residenz
3701708398,está escrito en,Alemán
Peter Waterhouse,es autor de la obra,Verloren ohne Rettung
3852562996,es un codigo ISBN para el libro,Die Nicht-Anschauung
3852562996,es un codigo ISBN de una edicion publicada por,Folio
3852562996,está escrito en,Alemán
Peter Waterhouse,es autor de la obra,Die Nicht-Anschauung
Die Nicht-Anschauung,pertenece al género,Criticism and interpretation
Die Nicht-Anschauung,pertenece al género,Textual Criticism
Die Nicht-Anschauung,pertenece al género,German poetry
9783902497831,es un codigo ISBN para el libro,Der Honigverkäufer im Palastgarten und das Auditorium Maximum
9783902497831,es un codigo ISBN de una edicion publicada por,Jung und Jung
9783902497831,está escrito en,Alemán
9783902497833,es un codigo ISBN para el libro,Der Honigverkäufer im Palastgarten und das Auditorium Maximum
9783902497833,es un codigo ISBN de una edicion publicada por,Jung und Jung
9783902497833,está escrito en,Alemán
Peter Waterhouse,es autor de la obra,Der Honigverkäufer im Palastgarten und das Auditorium Maximum
3926178086,es un codigo ISBN para el libro,Das Klarfeld Gedicht
3926178086,es un codigo ISBN de una edicion publicada por,Berliner Künstlerprogramm des DAAD
Peter Waterhouse,es autor de la obra,Das Klarfeld Gedicht
3701709386,es un codigo ISBN de una edicion publicada por,Residenz
3701709548,es un codigo ISBN de una edicion publicada por,Residenz
3498073192,es un codigo ISBN para el libro,Sprache Tod Nacht Aussen
Peter Waterhouse,es autor de la obra,Sprache Tod Nacht Aussen
3957576407,es un codigo ISBN para el libro,Equus
3957576407,es un codigo ISBN de una edicion publicada por,Matthes & Seitz Berlin
3957576407,está escrito en,Alemán
9783957576408,es un codigo ISBN para el libro,Equus
9783957576408,es un codigo ISBN de una edicion publicada por,Matthes & Seitz Berlin
9783957576408,está escrito en,Alemán
Peter Waterhouse,es autor de la obra,Equus
Equus,pertenece al género,Criticism and interpretation
Equus,pertenece al género,Literary style
3905591618,es un codigo ISBN para el libro,Von herbstlicher Stille umgeben wird ein Stück gespielt
3905591618,es un codigo ISBN de una edicion publicada por,Engeler
3905591618,está escrito en,Alemán
Peter Waterhouse,es autor de la obra,Von herbstlicher Stille umgeben wird ein Stück gespielt
3902497130,es un codigo ISBN para el libro,Krieg und Welt
3902497130,es un codigo ISBN de una edicion publicada por,Jung und Jung
3902497130,está escrito en,Alemán
Peter Waterhouse,es autor de la obra,Krieg und Welt
3883775754,es un codigo ISBN para el libro,Peter Waterhouse
3883775754,es un codigo ISBN de una edicion publicada por,Edition Text + Kritik
3883775754,está escrito en,Alemán
Peter Waterhouse,es autor de la obra,Peter Waterhouse
Peter Waterhouse,pertenece al género,Criticism and interpretation
Wolfgang Leonhard,es de nacionalidad,Austria
3548003370,es un codigo ISBN para el libro,Die Revolution entläßt ihre Kinder
3548003370,es un codigo ISBN de una edicion publicada por,Ullstein
3548003370,está escrito en,Alemán
9783548003375,es un codigo ISBN para el libro,Die Revolution entläßt ihre Kinder
9783548003375,es un codigo ISBN de una edicion publicada por,Ullstein
9783548003375,está escrito en,Alemán
3548023371,es un codigo ISBN para el libro,Die Revolution entläßt ihre Kinder
3548023371,es un codigo ISBN de una edicion publicada por,Ullstein
3548023371,está escrito en,Alemán
0903868660,es un codigo ISBN para el libro,Die Revolution entläßt ihre Kinder
0903868660,es un codigo ISBN de una edicion publicada por,Overseas Publications Interchange
0903868660,está escrito en,rus
3462034987,es un codigo ISBN para el libro,Die Revolution entläßt ihre Kinder
3462034987,es un codigo ISBN de una edicion publicada por,Kiepenheuer & Witsch GmbH
9783462034981,es un codigo ISBN para el libro,Die Revolution entläßt ihre Kinder
9783462034981,es un codigo ISBN de una edicion publicada por,Kiepenheuer & Witsch GmbH
3379006416,es un codigo ISBN para el libro,Die Revolution entläßt ihre Kinder
3379006416,es un codigo ISBN de una edicion publicada por,Reclam-Verlag
3379006416,está escrito en,Alemán
0906133262,es un codigo ISBN para el libro,Die Revolution entläßt ihre Kinder
0906133262,es un codigo ISBN de una edicion publicada por,Ink Links
0906133262,es un codigo ISBN de una edicion publicada por,distributed in the USA by Pathfinder Press
0906133262,está escrito en,Inglés
3462014633,es un codigo ISBN para el libro,Die Revolution entläßt ihre Kinder
3462014633,es un codigo ISBN de una edicion publicada por,Kiepenheuer & Witsch
3462014633,está escrito en,Alemán
3462018027,es un codigo ISBN para el libro,Die Revolution entläßt ihre Kinder
3462018027,es un codigo ISBN de una edicion publicada por,Kiepenheuer & Witsch
3462018027,está escrito en,Alemán
Wolfgang Leonhard,es autor de la obra,Die Revolution entläßt ihre Kinder
Die Revolution entläßt ihre Kinder,pertenece al género,Communism
Die Revolution entläßt ihre Kinder,pertenece al género,Communists
Die Revolution entläßt ihre Kinder,pertenece al género,Biography
9781379045137,es un codigo ISBN para el libro,Kreml ohne Stalin
9781379045137,es un codigo ISBN de una edicion publicada por,"Creative Media Partners, LLC"
9781379045137,está escrito en,Inglés
9781018607634,es un codigo ISBN para el libro,Kreml ohne Stalin
9781018607634,es un codigo ISBN de una edicion publicada por,"Creative Media Partners, LLC"
9781018607634,está escrito en,Inglés
0837180422,es un codigo ISBN para el libro,Kreml ohne Stalin
0837180422,es un codigo ISBN de una edicion publicada por,Greenwood Press
0837180422,está escrito en,Inglés
0837180422,es un codigo ISBN de una edicion publicada por,"ABC-CLIO, LLC"
0837180422,es un codigo ISBN de una edicion publicada por,Brand: Greenwood Pub Group
0837180422,es un codigo ISBN de una edicion publicada por,Greenwood Pub Group
Wolfgang Leonhard,es autor de la obra,Kreml ohne Stalin
Kreml ohne Stalin,pertenece al género,Politics and government-
Kreml ohne Stalin,pertenece al género,"Kremlin (Moscow, R.S.F.S.R.)"
Kreml ohne Stalin,pertenece al género,"Soviet union, politics and government, 1945-1991"
3897023601,es un codigo ISBN para el libro,Was haben wir von Putin zu erwarten?
3897023601,es un codigo ISBN de una edicion publicada por,Sutton
3897023601,está escrito en,Alemán
Wolfgang Leonhard,es autor de la obra,Was haben wir von Putin zu erwarten?
Was haben wir von Putin zu erwarten?,pertenece al género,Politics and government
Was haben wir von Putin zu erwarten?,pertenece al género,Foreign relations
9783499622427,es un codigo ISBN para el libro,Meine Geschichte der DDR
9783499622427,es un codigo ISBN de una edicion publicada por,Rowohlt Taschenbuch Verla
3499622424,es un codigo ISBN para el libro,Meine Geschichte der DDR
3499622424,es un codigo ISBN de una edicion publicada por,Rowohlt Taschenbuch Verla
Wolfgang Leonhard,es autor de la obra,Meine Geschichte der DDR
3892991847,es un codigo ISBN para el libro,"Opfer, wofür?"
3892991847,es un codigo ISBN de una edicion publicada por,Worpsweder
3892991847,está escrito en,Alemán
Wolfgang Leonhard,es autor de la obra,"Opfer, wofür?"
"Opfer, wofür?",pertenece al género,Germans
"Opfer, wofür?",pertenece al género,Congresses
"Opfer, wofür?",pertenece al género,Communists
3570026116,es un codigo ISBN para el libro,Am Vorabend einer neuen Revolution?
3570026116,es un codigo ISBN de una edicion publicada por,Bertelsmann
3570026116,está escrito en,Alemán
Wolfgang Leonhard,es autor de la obra,Am Vorabend einer neuen Revolution?
Am Vorabend einer neuen Revolution?,pertenece al género,Politics and government
Am Vorabend einer neuen Revolution?,pertenece al género,Communism
9783871346354,es un codigo ISBN para el libro,Anmerkungen zu Stalin
9783871346354,es un codigo ISBN de una edicion publicada por,Rowohlt
9783871346354,está escrito en,Alemán
Wolfgang Leonhard,es autor de la obra,Anmerkungen zu Stalin
Anmerkungen zu Stalin,pertenece al género,Politics and government
Anmerkungen zu Stalin,pertenece al género,Heads of state
Anmerkungen zu Stalin,pertenece al género,Biography
3421065861,es un codigo ISBN para el libro,Das kurze Leben der DDR
3421065861,es un codigo ISBN de una edicion publicada por,Deutsche Verlags-Anstalt
3421065861,está escrito en,Alemán
Wolfgang Leonhard,es autor de la obra,Das kurze Leben der DDR
Das kurze Leben der DDR,pertenece al género,Politics and government
3421066744,es un codigo ISBN para el libro,Die Reform entlässt ihre Väter
3421066744,es un codigo ISBN de una edicion publicada por,Deutsche Verlags-Anstalt
3421066744,está escrito en,Alemán
Wolfgang Leonhard,es autor de la obra,Die Reform entlässt ihre Väter
Die Reform entlässt ihre Väter,pertenece al género,Politics and government
Die Reform entlässt ihre Väter,pertenece al género,Perestroĭka
0030449510,es un codigo ISBN para el libro,Eurocommunism
0030449510,es un codigo ISBN de una edicion publicada por,"Holt, Rinehart, and Winston"
0030449510,está escrito en,Inglés
Wolfgang Leonhard,es autor de la obra,Eurocommunism
Eurocommunism,pertenece al género,Communist parties
Eurocommunism,pertenece al género,Communism
Eurocommunism,pertenece al género,Eurocommunisme
3854523009,es un codigo ISBN para el libro,Sowjetreformen
3854523009,es un codigo ISBN de una edicion publicada por,Picus
3854523009,está escrito en,Alemán
Wolfgang Leonhard,es autor de la obra,Sowjetreformen
Sowjetreformen,pertenece al género,Economic policy
Sowjetreformen,pertenece al género,Perestroĭka
Sowjetreformen,pertenece al género,Glasnost
3785708459,es un codigo ISBN para el libro,Spiel mit dem Feuer
3785708459,es un codigo ISBN de una edicion publicada por,G. Lübbe
3785708459,está escrito en,Alemán
Wolfgang Leonhard,es autor de la obra,Spiel mit dem Feuer
Spiel mit dem Feuer,pertenece al género,Politics and government
Spiel mit dem Feuer,pertenece al género,Post-communism
9783404604579,es un codigo ISBN para el libro,Spiel mit dem Feuer. Rußlands schmerzhafter Weg zur Demokratie
9783404604579,es un codigo ISBN de una edicion publicada por,Lübbe
3404604571,es un codigo ISBN para el libro,Spiel mit dem Feuer. Rußlands schmerzhafter Weg zur Demokratie
3404604571,es un codigo ISBN de una edicion publicada por,Lübbe
Wolfgang Leonhard,es autor de la obra,Spiel mit dem Feuer. Rußlands schmerzhafter Weg zur Demokratie
3462021702,es un codigo ISBN para el libro,Spurensuche
3462021702,es un codigo ISBN de una edicion publicada por,Kiepenheuer & Witsch
3462021702,está escrito en,Alemán
Wolfgang Leonhard,es autor de la obra,Spurensuche
Spurensuche,pertenece al género,Communism
Spurensuche,pertenece al género,Communists
Spurensuche,pertenece al género,Biography
9783462023909,es un codigo ISBN para el libro,Spurensuche. 40 Jahre nach 'Die Revolution entläßt ihre Kinder'
9783462023909,es un codigo ISBN de una edicion publicada por,Kiepenheuer & Witsch
9783462023909,está escrito en,Alemán
346202390X,es un codigo ISBN para el libro,Spurensuche. 40 Jahre nach 'Die Revolution entläßt ihre Kinder'
346202390X,es un codigo ISBN de una edicion publicada por,Kiepenheuer & Witsch
346202390X,está escrito en,Alemán
Wolfgang Leonhard,es autor de la obra,Spurensuche. 40 Jahre nach 'Die Revolution entläßt ihre Kinder'
3570025837,es un codigo ISBN para el libro,Völker hört die Signale
3570025837,es un codigo ISBN de una edicion publicada por,Bertelsmann
3570025837,está escrito en,Alemán
Wolfgang Leonhard,es autor de la obra,Völker hört die Signale
Völker hört die Signale,pertenece al género,Communism
Völker hört die Signale,pertenece al género,History
Völker hört die Signale,pertenece al género,Communist International
0312028687,es un codigo ISBN para el libro,Betrayal
0312028687,es un codigo ISBN de una edicion publicada por,St Martins Pr
0312028687,está escrito en,Inglés
9780312028688,es un codigo ISBN para el libro,Betrayal
9780312028688,es un codigo ISBN de una edicion publicada por,St Martins Pr
9780312028688,está escrito en,Inglés
0312028687,es un codigo ISBN de una edicion publicada por,St. Martin's Press
Wolfgang Leonhard,es autor de la obra,Betrayal
Betrayal,pertenece al género,Foreign relations
Betrayal,pertenece al género,Diplomatic history
Betrayal,pertenece al género,"World War, 1939-1945"
3926901241,es un codigo ISBN para el libro,Der Schock des Hitler-Stalin-Paktes
3926901241,es un codigo ISBN de una edicion publicada por,Knesebeck & Schuler
3926901241,está escrito en,Alemán
3451082802,es un codigo ISBN para el libro,Der Schock des Hitler-Stalin-Paktes
3451082802,es un codigo ISBN de una edicion publicada por,Herder
3451082802,está escrito en,Alemán
Wolfgang Leonhard,es autor de la obra,Der Schock des Hitler-Stalin-Paktes
Der Schock des Hitler-Stalin-Paktes,pertenece al género,Diplomatic history
Der Schock des Hitler-Stalin-Paktes,pertenece al género,Foreign relations
Der Schock des Hitler-Stalin-Paktes,pertenece al género,Germany
3865570739,es un codigo ISBN para el libro,Die Vereinigung von KPD und SPD zur SED
3865570739,es un codigo ISBN de una edicion publicada por,Nora
3865570739,está escrito en,Alemán
9783865570734,es un codigo ISBN para el libro,Die Vereinigung von KPD und SPD zur SED
9783865570734,es un codigo ISBN de una edicion publicada por,Nora Verlagsgemeinschaft Dyck/Westerheide
9783865570734,está escrito en,Alemán
Wolfgang Leonhard,es autor de la obra,Die Vereinigung von KPD und SPD zur SED
Die Vereinigung von KPD und SPD zur SED,pertenece al género,History
Die Vereinigung von KPD und SPD zur SED,pertenece al género,Kommunistische Partei Deutschlands
Die Vereinigung von KPD und SPD zur SED,pertenece al género,OUR Brockhaus selection
0393305279,es un codigo ISBN para el libro,Kremlin and the West
0393305279,es un codigo ISBN de una edicion publicada por,W W Norton & Co Inc
0393305279,está escrito en,Inglés
9780393305272,es un codigo ISBN para el libro,Kremlin and the West
9780393305272,es un codigo ISBN de una edicion publicada por,W W Norton & Co Inc
9780393305272,está escrito en,Inglés
0393023729,es un codigo ISBN para el libro,Kremlin and the West
0393023729,es un codigo ISBN de una edicion publicada por,W.W. Norton
0393023729,está escrito en,Inglés
Wolfgang Leonhard,es autor de la obra,Kremlin and the West
Kremlin and the West,pertenece al género,Politics and government
Kremlin and the West,pertenece al género,World politics
Kremlin and the West,pertenece al género,Foreign relations
9783871345722,es un codigo ISBN para el libro,Meine Geschichte der DDR
9783871345722,es un codigo ISBN de una edicion publicada por,Rowohlt
9783871345722,está escrito en,Alemán
3871345725,es un codigo ISBN para el libro,Meine Geschichte der DDR
3871345725,es un codigo ISBN de una edicion publicada por,Rowohlt
3871345725,está escrito en,Alemán
9783871345722,es un codigo ISBN de una edicion publicada por,Rowohlt Berlin Verlag GmbH
Meine Geschichte der DDR,pertenece al género,Communists
Meine Geschichte der DDR,pertenece al género,OUR Brockhaus selection
Meine Geschichte der DDR,pertenece al género,History of Germany
Jil Sander,es de nacionalidad,Austria
Fritjof Capra,es de nacionalidad,Austria
9788898881796,es un codigo ISBN para el libro,Discorso sulle erbe
9788898881796,es un codigo ISBN de una edicion publicada por,Aboca
9788898881796,está escrito en,Italiano
Fritjof Capra,es autor de la obra,Discorso sulle erbe
Discorso sulle erbe,pertenece al género,Botany
Discorso sulle erbe,pertenece al género,Ecology
9781032916323,es un codigo ISBN para el libro,R. D. Laing in the Twenty-First Century
9781032916323,es un codigo ISBN de una edicion publicada por,"Routledge, Chapman & Hall, Incorporated"
9781032916323,está escrito en,Inglés
9781032916330,es un codigo ISBN para el libro,R. D. Laing in the Twenty-First Century
9781032916330,es un codigo ISBN de una edicion publicada por,"Routledge, Chapman & Hall, Incorporated"
9781032916330,está escrito en,Inglés
Fritjof Capra,es autor de la obra,R. D. Laing in the Twenty-First Century
9781515225041,es un codigo ISBN para el libro,Tao de la Fisica
9781515225041,es un codigo ISBN de una edicion publicada por,CreateSpace Independent Publishing Platform
9781515225041,está escrito en,Español
Fritjof Capra,es autor de la obra,Tao de la Fisica
9652741469,es un codigo ISBN para el libro,ha-Ṭaʾo shel ha-fiziḳah
9652741469,es un codigo ISBN de una edicion publicada por,Modan
9652741469,está escrito en,heb
Fritjof Capra,es autor de la obra,ha-Ṭaʾo shel ha-fiziḳah
ha-Ṭaʾo shel ha-fiziḳah,pertenece al género,Physics
ha-Ṭaʾo shel ha-fiziḳah,pertenece al género,Philosophy
ha-Ṭaʾo shel ha-fiziḳah,pertenece al género,Religious aspects
9780826367242,es un codigo ISBN para el libro,Patterns of Connection
9780826367242,es un codigo ISBN de una edicion publicada por,University of New Mexico Press
9780826367242,está escrito en,Inglés
Fritjof Capra,es autor de la obra,Patterns of Connection
9788433962782,es un codigo ISBN para el libro,La ciencia de Leonardo
9788433962782,es un codigo ISBN de una edicion publicada por,Editorial Anagrama
8433962787,es un codigo ISBN para el libro,La ciencia de Leonardo
8433962787,es un codigo ISBN de una edicion publicada por,Editorial Anagrama
8433974041,es un codigo ISBN para el libro,La ciencia de Leonardo
8433974041,es un codigo ISBN de una edicion publicada por,Anagrama
8433974041,es un codigo ISBN de una edicion publicada por,Editorial Anagrama
9788433974044,es un codigo ISBN para el libro,La ciencia de Leonardo
9788433974044,es un codigo ISBN de una edicion publicada por,Anagrama
9788433974044,es un codigo ISBN de una edicion publicada por,Editorial Anagrama
Fritjof Capra,es autor de la obra,La ciencia de Leonardo
2218753928,es un codigo ISBN para el libro,Ratus Poche : Francette top secrete
2218753928,es un codigo ISBN de una edicion publicada por,Editions Hatier
9782218753923,es un codigo ISBN para el libro,Ratus Poche : Francette top secrete
9782218753923,es un codigo ISBN de una edicion publicada por,Editions Hatier
Fritjof Capra,es autor de la obra,Ratus Poche : Francette top secrete
9789655177534,es un codigo ISBN para el libro,ha-Madaʻ shel Leʼonardo
9789655177534,está escrito en,heb
Fritjof Capra,es autor de la obra,ha-Madaʻ shel Leʼonardo
ha-Madaʻ shel Leʼonardo,pertenece al género,"Notebooks, sketchbooks"
ha-Madaʻ shel Leʼonardo,pertenece al género,Scientists
ha-Madaʻ shel Leʼonardo,pertenece al género,Biography
9788895642222,es un codigo ISBN para el libro,La botanica di Leonardo
9788895642222,es un codigo ISBN de una edicion publicada por,Aboca
9788895642222,está escrito en,Italiano
9788855230124,es un codigo ISBN para el libro,La botanica di Leonardo
9788855230124,es un codigo ISBN de una edicion publicada por,Aboca
9788855230124,está escrito en,Italiano
Fritjof Capra,es autor de la obra,La botanica di Leonardo
La botanica di Leonardo,pertenece al género,Exhibitions
La botanica di Leonardo,pertenece al género,Knowledge
La botanica di Leonardo,pertenece al género,Botany
4875021089,es un codigo ISBN para el libro,The Tao of Physics / Tao shizengaku
4875021089,es un codigo ISBN de una edicion publicada por,Kosakusha
9784875021087,es un codigo ISBN para el libro,The Tao of Physics / Tao shizengaku
9784875021087,es un codigo ISBN de una edicion publicada por,Kosakusha
Fritjof Capra,es autor de la obra,The Tao of Physics / Tao shizengaku
9780982014066,es un codigo ISBN para el libro,Mindwalk
9780982014066,es un codigo ISBN de una edicion publicada por,Brass Tacks Press
9780982014066,está escrito en,Inglés
Fritjof Capra,es autor de la obra,Mindwalk
Mindwalk,pertenece al género,"Comics & graphic novels, general"
9783426774892,es un codigo ISBN para el libro,Synthese. Neue Bausteine für das Weltbild von morgen.
9783426774892,es un codigo ISBN de una edicion publicada por,Droemer Knaur
9783426774892,está escrito en,Alemán
3426774895,es un codigo ISBN para el libro,Synthese. Neue Bausteine für das Weltbild von morgen.
3426774895,es un codigo ISBN de una edicion publicada por,Droemer Knaur
3426774895,está escrito en,Alemán
Fritjof Capra,es autor de la obra,Synthese. Neue Bausteine für das Weltbild von morgen.
9780369312709,es un codigo ISBN para el libro,Ecology of Law
9780369312709,es un codigo ISBN de una edicion publicada por,"ReadHowYouWant.com, Limited"
9780369312709,está escrito en,Inglés
9781459698604,es un codigo ISBN para el libro,Ecology of Law
9781459698604,es un codigo ISBN de una edicion publicada por,"ReadHowYouWant.com, Limited"
9781459698604,está escrito en,Inglés
9781626562073,es un codigo ISBN para el libro,Ecology of Law
9781626562073,es un codigo ISBN de una edicion publicada por,"Berrett-Koehler Publishers, Incorporated"
9781626562073,está escrito en,Inglés
9781626562080,es un codigo ISBN para el libro,Ecology of Law
9781626562080,es un codigo ISBN de una edicion publicada por,"Berrett-Koehler Publishers, Incorporated"
9781626562080,está escrito en,Inglés
Fritjof Capra,es autor de la obra,Ecology of Law
Ecology of Law,pertenece al género,Science and law
Ecology of Law,pertenece al género,Environmental law
9780062501950,es un codigo ISBN para el libro,Belonging to the Universe
9780062501950,es un codigo ISBN de una edicion publicada por,HarperCollins Publishers
9780062501950,está escrito en,Inglés
006250195X,es un codigo ISBN para el libro,Belonging to the Universe
006250195X,es un codigo ISBN de una edicion publicada por,HarperCollins Publishers
006250195X,está escrito en,Inglés
Fritjof Capra,es autor de la obra,Belonging to the Universe
Belonging to the Universe,pertenece al género,Spiritual life
9781609949907,es un codigo ISBN para el libro,Learning from Leonardo
9781609949907,es un codigo ISBN de una edicion publicada por,"Berrett-Koehler Publishers, Incorporated"
9781609949907,está escrito en,Inglés
9781306070263,es un codigo ISBN para el libro,Learning from Leonardo
9781306070263,es un codigo ISBN de una edicion publicada por,"Berrett-Koehler Publishers, Incorporated"
9781306070263,está escrito en,Inglés
9781609949914,es un codigo ISBN para el libro,Learning from Leonardo
9781609949914,es un codigo ISBN de una edicion publicada por,"Berrett-Koehler Publishers, Incorporated"
9781609949914,está escrito en,Inglés
9780369371997,es un codigo ISBN para el libro,Learning from Leonardo
9780369371997,es un codigo ISBN de una edicion publicada por,"ReadHowYouWant.com, Limited"
9780369371997,está escrito en,Inglés
Fritjof Capra,es autor de la obra,Learning from Leonardo
9780007458790,es un codigo ISBN para el libro,Uncommon Wisdom
9780007458790,es un codigo ISBN de una edicion publicada por,HARPER COLLINS PUBLISHERS
0007458797,es un codigo ISBN para el libro,Uncommon Wisdom
0007458797,es un codigo ISBN de una edicion publicada por,HARPER COLLINS PUBLISHERS
Fritjof Capra,es autor de la obra,Uncommon Wisdom
9780002554992,es un codigo ISBN para el libro,The web of life
9780002554992,es un codigo ISBN de una edicion publicada por,Harper Collins
9780002554992,es un codigo ISBN de una edicion publicada por,HarperCollins Publishers Limited
9780002554992,está escrito en,Inglés
1559274085,es un codigo ISBN para el libro,The web of life
1559274085,es un codigo ISBN de una edicion publicada por,Brand: Macmillan Audio
1559274085,es un codigo ISBN de una edicion publicada por,Macmillan Audio
9781559274081,es un codigo ISBN para el libro,The web of life
9781559274081,es un codigo ISBN de una edicion publicada por,Brand: Macmillan Audio
9781559274081,es un codigo ISBN de una edicion publicada por,Macmillan Audio
9783596308477,es un codigo ISBN para el libro,The web of life
9783596308477,es un codigo ISBN de una edicion publicada por,FISCHER Taschenbuch
359630847X,es un codigo ISBN para el libro,The web of life
359630847X,es un codigo ISBN de una edicion publicada por,FISCHER Taschenbuch
9783502171089,es un codigo ISBN para el libro,The web of life
3502171084,es un codigo ISBN para el libro,The web of life
9788433905543,es un codigo ISBN para el libro,The web of life
9788433905543,es un codigo ISBN de una edicion publicada por,Anagrama
8433905546,es un codigo ISBN para el libro,The web of life
8433905546,es un codigo ISBN de una edicion publicada por,Anagrama
9785344002514,es un codigo ISBN para el libro,The web of life
9785344002514,es un codigo ISBN de una edicion publicada por,Гелиос
9785344002514,es un codigo ISBN de una edicion publicada por,София
9785344002514,está escrito en,rus
5344002513,es un codigo ISBN para el libro,The web of life
5344002513,es un codigo ISBN de una edicion publicada por,Гелиос
5344002513,es un codigo ISBN de una edicion publicada por,София
5344002513,está escrito en,rus
9780613911627,es un codigo ISBN para el libro,The web of life
9780613911627,es un codigo ISBN de una edicion publicada por,Tandem Library
9780613911627,está escrito en,Inglés
0613911628,es un codigo ISBN para el libro,The web of life
0613911628,es un codigo ISBN de una edicion publicada por,Tandem Library
0613911628,está escrito en,Inglés
0385476752,es un codigo ISBN para el libro,The web of life
0385476752,es un codigo ISBN de una edicion publicada por,Anchor Books
0385476752,está escrito en,Inglés
9780385476768,es un codigo ISBN para el libro,The web of life
9780385476768,es un codigo ISBN de una edicion publicada por,Anchor
9780385476768,está escrito en,Inglés
0385476760,es un codigo ISBN para el libro,The web of life
0385476760,es un codigo ISBN de una edicion publicada por,Anchor
0385476760,está escrito en,Inglés
0006547516,es un codigo ISBN para el libro,The web of life
0006547516,es un codigo ISBN de una edicion publicada por,Flamingo
0006547516,está escrito en,Inglés
Fritjof Capra,es autor de la obra,The web of life
The web of life,pertenece al género,System theory
The web of life,pertenece al género,Science
The web of life,pertenece al género,Life (Biology)
2710703238,es un codigo ISBN para el libro,Le Tao de la physique
2710703238,es un codigo ISBN de una edicion publicada por,Sand & Tchou
2710703238,está escrito en,Francés
9782710703235,es un codigo ISBN para el libro,Le Tao de la physique
9782710703235,es un codigo ISBN de una edicion publicada por,Sand & Tchou
9782710703235,está escrito en,Francés
Fritjof Capra,es autor de la obra,Le Tao de la physique
8485351568,es un codigo ISBN para el libro,El Punto Crucial
8485351568,es un codigo ISBN de una edicion publicada por,Integral
8485351568,está escrito en,Español
Fritjof Capra,es autor de la obra,El Punto Crucial
0140172394,es un codigo ISBN para el libro,Belonging to the universe
0140172394,es un codigo ISBN de una edicion publicada por,Penguin
0140172394,está escrito en,Inglés
9780140172393,es un codigo ISBN para el libro,Belonging to the universe
9780140172393,es un codigo ISBN de una edicion publicada por,Penguin
9780140172393,está escrito en,Inglés
Fritjof Capra,es autor de la obra,Belonging to the universe
Belonging to the universe,pertenece al género,Philosophy and science
Belonging to the universe,pertenece al género,Religion and science
Belonging to the universe,pertenece al género,Religion and Science
9789752482401,es un codigo ISBN para el libro,Yeni Cagin Siradisi Bilgeleri
9789752482401,es un codigo ISBN de una edicion publicada por,Ketebe Yayinlari
9752482406,es un codigo ISBN para el libro,Yeni Cagin Siradisi Bilgeleri
9752482406,es un codigo ISBN de una edicion publicada por,Ketebe Yayinlari
Fritjof Capra,es autor de la obra,Yeni Cagin Siradisi Bilgeleri
6059389465,es un codigo ISBN para el libro,Hukuk Ekolojisi
6059389465,es un codigo ISBN de una edicion publicada por,Koc Üniversitesi Yayinlari
9786059389464,es un codigo ISBN para el libro,Hukuk Ekolojisi
9786059389464,es un codigo ISBN de una edicion publicada por,Koc Üniversitesi Yayinlari
Fritjof Capra,es autor de la obra,Hukuk Ekolojisi
9780511895555,es un codigo ISBN para el libro,Systems View of Life
9780511895555,es un codigo ISBN de una edicion publicada por,Cambridge University Press
9780511895555,está escrito en,Inglés
Fritjof Capra,es autor de la obra,Systems View of Life
9780826362803,es un codigo ISBN para el libro,Patterns of Connection
9780826362803,es un codigo ISBN de una edicion publicada por,University of New Mexico Press
9780826362803,está escrito en,Inglés
9783502191056,es un codigo ISBN para el libro,"Das neue Denken by Capra, Fritjof"
3502191050,es un codigo ISBN para el libro,"Das neue Denken by Capra, Fritjof"
Fritjof Capra,es autor de la obra,"Das neue Denken by Capra, Fritjof"
0006357075,es un codigo ISBN para el libro,The Tao of Physics
0006357075,es un codigo ISBN de una edicion publicada por,Fontana / Collins
0006357075,está escrito en,Inglés
9780006357070,es un codigo ISBN para el libro,The Tao of Physics
9780006357070,es un codigo ISBN de una edicion publicada por,Fontana / Collins
9780006357070,está escrito en,Inglés
9780553256802,es un codigo ISBN para el libro,The Tao of Physics
9780553256802,es un codigo ISBN de una edicion publicada por,BANTAM DOUBLEDAY @ DELL
0553256807,es un codigo ISBN para el libro,The Tao of Physics
0553256807,es un codigo ISBN de una edicion publicada por,BANTAM DOUBLEDAY @ DELL
9780007378289,es un codigo ISBN para el libro,The Tao of Physics
9780007378289,es un codigo ISBN de una edicion publicada por,HarperCollins Publishers Limited
9780007378289,está escrito en,Inglés
8971671637,es un codigo ISBN para el libro,The Tao of Physics
8971671637,es un codigo ISBN de una edicion publicada por,Bumyangsa
9788971671634,es un codigo ISBN para el libro,The Tao of Physics
9788971671634,es un codigo ISBN de una edicion publicada por,Bumyangsa
9780006544890,es un codigo ISBN para el libro,The Tao of Physics
9780006544890,es un codigo ISBN de una edicion publicada por,Flamingo
0006544894,es un codigo ISBN para el libro,The Tao of Physics
0006544894,es un codigo ISBN de una edicion publicada por,Flamingo
9781590308356,es un codigo ISBN para el libro,The Tao of Physics
9781590308356,es un codigo ISBN de una edicion publicada por,Shambhala
9781590308356,está escrito en,Inglés
9780553108682,es un codigo ISBN para el libro,The Tao of Physics
9780553108682,es un codigo ISBN de una edicion publicada por,Bantam Books
9780553108682,está escrito en,Inglés
0553108689,es un codigo ISBN para el libro,The Tao of Physics
0553108689,es un codigo ISBN de una edicion publicada por,Bantam Books
0553108689,está escrito en,Inglés
0533108683,es un codigo ISBN para el libro,The Tao of Physics
0533108683,es un codigo ISBN de una edicion publicada por,Bantam Books
0533108683,está escrito en,Inglés
9780533108688,es un codigo ISBN para el libro,The Tao of Physics
9780533108688,es un codigo ISBN de una edicion publicada por,Bantam Books
9780533108688,está escrito en,Inglés
0553142062,es un codigo ISBN para el libro,The Tao of Physics
0553142062,es un codigo ISBN de una edicion publicada por,Bantam New Age Book
0553142062,está escrito en,Inglés
9780553142068,es un codigo ISBN para el libro,The Tao of Physics
9780553142068,es un codigo ISBN de una edicion publicada por,Bantam New Age Book
9780553142068,está escrito en,Inglés
0704501422,es un codigo ISBN para el libro,The Tao of Physics
0704501422,es un codigo ISBN de una edicion publicada por,Wildwood House
0704501422,está escrito en,Inglés
0006341020,es un codigo ISBN para el libro,The Tao of Physics
0006341020,es un codigo ISBN de una edicion publicada por,Fontana - Collins
9780006341024,es un codigo ISBN para el libro,The Tao of Physics
9780006341024,es un codigo ISBN de una edicion publicada por,Fontana - Collins
0394716124,es un codigo ISBN para el libro,The Tao of Physics
0394716124,es un codigo ISBN de una edicion publicada por,Distributed in the U.S. by Random House
0394716124,es un codigo ISBN de una edicion publicada por,New Science Library
0394716124,es un codigo ISBN de una edicion publicada por,Shambhala
0394716124,está escrito en,Inglés
0877732469,es un codigo ISBN para el libro,The Tao of Physics
0877732469,es un codigo ISBN de una edicion publicada por,Distributed in the U.S. by Random House
0877732469,es un codigo ISBN de una edicion publicada por,New Science Library
0877732469,es un codigo ISBN de una edicion publicada por,Shambhala
0877732469,está escrito en,Inglés
0006540236,es un codigo ISBN para el libro,The Tao of Physics
0006540236,es un codigo ISBN de una edicion publicada por,Flamingo
9780006540236,es un codigo ISBN para el libro,The Tao of Physics
9780006540236,es un codigo ISBN de una edicion publicada por,Flamingo
Fritjof Capra,es autor de la obra,The Tao of Physics
The Tao of Physics,pertenece al género,Mysticism
The Tao of Physics,pertenece al género,Philosophy
The Tao of Physics,pertenece al género,Physics
Karl Popper,es de nacionalidad,Austria
2223113913,es un codigo ISBN para el libro,La Logique de la découverte scientifique
2223113913,es un codigo ISBN de una edicion publicada por,Payot
2223113913,está escrito en,Francés
2223113913,está escrito en,Inglés
Karl Popper,es autor de la obra,La Logique de la découverte scientifique
La Logique de la découverte scientifique,pertenece al género,Science
La Logique de la découverte scientifique,pertenece al género,Methodology
La Logique de la découverte scientifique,pertenece al género,Logic
1855168065,es un codigo ISBN para el libro,Buʾs al-īdiyūlūjiyā
1855168065,es un codigo ISBN de una edicion publicada por,Dār al-Sāqī
1855168065,está escrito en,ara
Karl Popper,es autor de la obra,Buʾs al-īdiyūlūjiyā
Buʾs al-īdiyūlūjiyā,pertenece al género,History
Buʾs al-īdiyūlūjiyā,pertenece al género,Philosophy
3492045626,es un codigo ISBN para el libro,Alles leben ist Problemlösen
3492045626,es un codigo ISBN de una edicion publicada por,Piper
3492045626,está escrito en,Alemán
Karl Popper,es autor de la obra,Alles leben ist Problemlösen
Alles leben ist Problemlösen,pertenece al género,Science
Alles leben ist Problemlösen,pertenece al género,Philosophy
Alles leben ist Problemlösen,pertenece al género,History
3169444824,es un codigo ISBN para el libro,"Logik der Forschung. (=Die Einheit der Gesellschaftswissenschaften, Studien in den Grenzbereichen der Wirtschafts- u. Sozialwissenschaften; Band 4)."
3169444824,es un codigo ISBN de una edicion publicada por,Mohr (Siebeck) Tübingen.
3169444824,está escrito en,Alemán
9783169444823,es un codigo ISBN para el libro,"Logik der Forschung. (=Die Einheit der Gesellschaftswissenschaften, Studien in den Grenzbereichen der Wirtschafts- u. Sozialwissenschaften; Band 4)."
9783169444823,es un codigo ISBN de una edicion publicada por,Mohr (Siebeck) Tübingen.
9783169444823,está escrito en,Alemán
Karl Popper,es autor de la obra,"Logik der Forschung. (=Die Einheit der Gesellschaftswissenschaften, Studien in den Grenzbereichen der Wirtschafts- u. Sozialwissenschaften; Band 4)."
"Logik der Forschung. (=Die Einheit der Gesellschaftswissenschaften, Studien in den Grenzbereichen der Wirtschafts- u. Sozialwissenschaften; Band 4).",pertenece al género,Science
"Logik der Forschung. (=Die Einheit der Gesellschaftswissenschaften, Studien in den Grenzbereichen der Wirtschafts- u. Sozialwissenschaften; Band 4).",pertenece al género,Methodology
"Logik der Forschung. (=Die Einheit der Gesellschaftswissenschaften, Studien in den Grenzbereichen der Wirtschafts- u. Sozialwissenschaften; Band 4).",pertenece al género,Logic
9783895845642,es un codigo ISBN para el libro,Kritik und Vernunft
9783895845642,es un codigo ISBN de una edicion publicada por,Hörverlag
9783895845642,está escrito en,Alemán
3895845647,es un codigo ISBN para el libro,Kritik und Vernunft
3895845647,es un codigo ISBN de una edicion publicada por,Hörverlag
3895845647,está escrito en,Alemán
Karl Popper,es autor de la obra,Kritik und Vernunft
Kritik und Vernunft,pertenece al género,Interviews
Kritik und Vernunft,pertenece al género,German Philosophy
9657052106,es un codigo ISBN para el libro,Ha-ḥevrah ha-petuḥah
9657052106,es un codigo ISBN de una edicion publicada por,Shalem
9657052106,está escrito en,heb
Karl Popper,es autor de la obra,Ha-ḥevrah ha-petuḥah
Ha-ḥevrah ha-petuḥah,pertenece al género,Philosophy
Ha-ḥevrah ha-petuḥah,pertenece al género,Social sciences
Ha-ḥevrah ha-petuḥah,pertenece al género,Sociology
4002602486,es un codigo ISBN para el libro,果てしなき 探求
4002602486,es un codigo ISBN de una edicion publicada por,Iwanami Shoten
4002602486,está escrito en,jpn
9784002602486,es un codigo ISBN para el libro,果てしなき 探求
9784002602486,es un codigo ISBN de una edicion publicada por,Iwanami Shoten
9784002602486,está escrito en,jpn
4002602567,es un codigo ISBN para el libro,果てしなき 探求
4002602567,es un codigo ISBN de una edicion publicada por,Iwanami Shoten
4002602567,está escrito en,jpn
9784002602561,es un codigo ISBN para el libro,果てしなき 探求
9784002602561,es un codigo ISBN de una edicion publicada por,Iwanami Shoten
9784002602561,está escrito en,jpn
4006001185,es un codigo ISBN para el libro,果てしなき 探求
4006001185,es un codigo ISBN de una edicion publicada por,Iwanami Shoten
4006001185,está escrito en,jpn
4006001177,es un codigo ISBN para el libro,果てしなき 探求
4006001177,es un codigo ISBN de una edicion publicada por,Iwanami Shoten
4006001177,está escrito en,jpn
Karl Popper,es autor de la obra,果てしなき 探求
果てしなき 探求,pertenece al género,Philosophers
果てしなき 探求,pertenece al género,Biography
9780203371060,es un codigo ISBN para el libro,After The Open Society
9780203371060,es un codigo ISBN de una edicion publicada por,Taylor & Francis Group
9780203371060,está escrito en,Inglés
9781135627041,es un codigo ISBN para el libro,After The Open Society
9781135627041,es un codigo ISBN de una edicion publicada por,Taylor & Francis Group
9781135627041,está escrito en,Inglés
9781306717151,es un codigo ISBN para el libro,After The Open Society
9781306717151,es un codigo ISBN de una edicion publicada por,Routledge
9781306717151,está escrito en,Inglés
9780415610230,es un codigo ISBN para el libro,After The Open Society
9780415610230,es un codigo ISBN de una edicion publicada por,Routledge
9780415610230,está escrito en,Inglés
0415309085,es un codigo ISBN para el libro,After The Open Society
0415309085,es un codigo ISBN de una edicion publicada por,Routledge
0415309085,está escrito en,Inglés
9780415309080,es un codigo ISBN para el libro,After The Open Society
9780415309080,es un codigo ISBN de una edicion publicada por,Routledge
9780415309080,está escrito en,Inglés
Karl Popper,es autor de la obra,After The Open Society
After The Open Society,pertenece al género,Philosophy
After The Open Society,pertenece al género,Political science
After The Open Society,pertenece al género,Philosophy and ethics
8449325803,es un codigo ISBN para el libro,LA Responsabilidad De Vivir
8449325803,es un codigo ISBN de una edicion publicada por,Ediciones Paidós
9788449325809,es un codigo ISBN para el libro,LA Responsabilidad De Vivir
9788449325809,es un codigo ISBN de una edicion publicada por,Ediciones Paidós
9788449301674,es un codigo ISBN para el libro,LA Responsabilidad De Vivir
9788449301674,es un codigo ISBN de una edicion publicada por,Ediciones Paidos Iberica
9788449301674,está escrito en,Español
844930167X,es un codigo ISBN para el libro,LA Responsabilidad De Vivir
844930167X,es un codigo ISBN de una edicion publicada por,Ediciones Paidos Iberica
844930167X,está escrito en,Español
Karl Popper,es autor de la obra,LA Responsabilidad De Vivir
9783161481123,es un codigo ISBN para el libro,The Logic of Scientific Discovery
9783161481123,es un codigo ISBN de una edicion publicada por,Mohr Siebeck GmbH & Company KG
9783161481123,está escrito en,Alemán
9783709120217,es un codigo ISBN para el libro,The Logic of Scientific Discovery
9783709120217,es un codigo ISBN de una edicion publicada por,Springer
3709120217,es un codigo ISBN para el libro,The Logic of Scientific Discovery
3709120217,es un codigo ISBN de una edicion publicada por,Springer
9788430946075,es un codigo ISBN para el libro,The Logic of Scientific Discovery
9788430946075,es un codigo ISBN de una edicion publicada por,Tecnos
8430946071,es un codigo ISBN para el libro,The Logic of Scientific Discovery
8430946071,es un codigo ISBN de una edicion publicada por,Tecnos
9753634390,es un codigo ISBN para el libro,The Logic of Scientific Discovery
9753634390,es un codigo ISBN de una edicion publicada por,Yapi Kredi Yayinlari
9753634390,está escrito en,tur
9789753634397,es un codigo ISBN para el libro,The Logic of Scientific Discovery
9789753634397,es un codigo ISBN de una edicion publicada por,Yapi Kredi Yayinlari
9789753634397,está escrito en,tur
8498879094,es un codigo ISBN para el libro,The Logic of Scientific Discovery
8498879094,es un codigo ISBN de una edicion publicada por,Universidade de Santiago de Compostela
8498879094,está escrito en,Gallego
9788498879094,es un codigo ISBN para el libro,The Logic of Scientific Discovery
9788498879094,es un codigo ISBN de una edicion publicada por,Universidade de Santiago de Compostela
9788498879094,está escrito en,Gallego
3161478371,es un codigo ISBN para el libro,The Logic of Scientific Discovery
3161478371,es un codigo ISBN de una edicion publicada por,Mohr
3161478371,está escrito en,Alemán
9783161478376,es un codigo ISBN para el libro,The Logic of Scientific Discovery
9783161478376,es un codigo ISBN de una edicion publicada por,Mohr
9783161478376,está escrito en,Alemán
2228113913,es un codigo ISBN para el libro,The Logic of Scientific Discovery
2228113913,es un codigo ISBN de una edicion publicada por,Payot
2228113913,está escrito en,Francés
9782228880107,es un codigo ISBN para el libro,The Logic of Scientific Discovery
9782228880107,es un codigo ISBN de una edicion publicada por,Editions Payot
9782228880107,es un codigo ISBN de una edicion publicada por,Payot
9782228880107,está escrito en,Francés
2228880108,es un codigo ISBN para el libro,The Logic of Scientific Discovery
2228880108,es un codigo ISBN de una edicion publicada por,Editions Payot
2228880108,es un codigo ISBN de una edicion publicada por,Payot
2228880108,está escrito en,Francés
8430907114,es un codigo ISBN para el libro,The Logic of Scientific Discovery
8430907114,es un codigo ISBN de una edicion publicada por,Tecnos
8430907114,está escrito en,Español
9788430907113,es un codigo ISBN para el libro,The Logic of Scientific Discovery
9788430907113,es un codigo ISBN de una edicion publicada por,Tecnos
9788430907113,está escrito en,Español
9780226675480,es un codigo ISBN para el libro,The Logic of Scientific Discovery
9780226675480,es un codigo ISBN de una edicion publicada por,University of Chicago Press
9780226675480,está escrito en,Inglés
9781134470013,es un codigo ISBN para el libro,The Logic of Scientific Discovery
9781134470013,es un codigo ISBN de una edicion publicada por,Taylor & Francis Group
9781134470013,está escrito en,Inglés
9781134470020,es un codigo ISBN para el libro,The Logic of Scientific Discovery
9781134470020,es un codigo ISBN de una edicion publicada por,Taylor & Francis Group
9781134470020,está escrito en,Inglés
1614277435,es un codigo ISBN para el libro,The Logic of Scientific Discovery
1614277435,es un codigo ISBN de una edicion publicada por,Martino Fine Books
9781614277439,es un codigo ISBN para el libro,The Logic of Scientific Discovery
9781614277439,es un codigo ISBN de una edicion publicada por,Martino Fine Books
9781280239304,es un codigo ISBN para el libro,The Logic of Scientific Discovery
9781280239304,es un codigo ISBN de una edicion publicada por,Taylor & Francis Group
9781280239304,está escrito en,Inglés
9781134469994,es un codigo ISBN para el libro,The Logic of Scientific Discovery
9781134469994,es un codigo ISBN de una edicion publicada por,Taylor & Francis Group
9781134469994,está escrito en,Inglés
Karl Popper,es autor de la obra,The Logic of Scientific Discovery
The Logic of Scientific Discovery,pertenece al género,Science
The Logic of Scientific Discovery,pertenece al género,Methodology
The Logic of Scientific Discovery,pertenece al género,Logic
9783161476327,es un codigo ISBN para el libro,Frühe Schriften
9783161476327,es un codigo ISBN de una edicion publicada por,Mohr Siebeck GmbH & Company KG
9783161476327,está escrito en,Alemán
Karl Popper,es autor de la obra,Frühe Schriften
9783161485053,es un codigo ISBN para el libro,Two Fundamental Problems of Knowledge
9783161485053,es un codigo ISBN de una edicion publicada por,Mohr Siebrek Ek
316148505X,es un codigo ISBN para el libro,Two Fundamental Problems of Knowledge
316148505X,es un codigo ISBN de una edicion publicada por,Mohr Siebrek Ek
3168382116,es un codigo ISBN para el libro,Two Fundamental Problems of Knowledge
3168382116,es un codigo ISBN de una edicion publicada por,J.C.B. Mohr (Paul Siebeck)
3168382116,está escrito en,Alemán
3161457730,es un codigo ISBN para el libro,Two Fundamental Problems of Knowledge
3161457730,es un codigo ISBN de una edicion publicada por,Mohr
3161457730,está escrito en,Alemán
9783161457739,es un codigo ISBN para el libro,Two Fundamental Problems of Knowledge
9783161457739,es un codigo ISBN de una edicion publicada por,Mohr
9783161457739,está escrito en,Alemán
9783161485060,es un codigo ISBN para el libro,Two Fundamental Problems of Knowledge
9783161485060,es un codigo ISBN de una edicion publicada por,Mohr Siebeck GmbH & Company KG
9783161485060,está escrito en,Alemán
9780415394314,es un codigo ISBN para el libro,Two Fundamental Problems of Knowledge
9780415394314,es un codigo ISBN de una edicion publicada por,Routledge
9780415394314,está escrito en,Inglés
9780415610223,es un codigo ISBN para el libro,Two Fundamental Problems of Knowledge
9780415610223,es un codigo ISBN de una edicion publicada por,Routledge
9780415610223,está escrito en,Inglés
0415394317,es un codigo ISBN para el libro,Two Fundamental Problems of Knowledge
0415394317,es un codigo ISBN de una edicion publicada por,Routledge
0415394317,está escrito en,Inglés
9781135626839,es un codigo ISBN para el libro,Two Fundamental Problems of Knowledge
9781135626839,es un codigo ISBN de una edicion publicada por,Taylor & Francis Group
9781135626839,está escrito en,Inglés
9781135626761,es un codigo ISBN para el libro,Two Fundamental Problems of Knowledge
9781135626761,es un codigo ISBN de una edicion publicada por,Taylor & Francis Group
9781135626761,está escrito en,Inglés
9783161485077,es un codigo ISBN para el libro,Two Fundamental Problems of Knowledge
9783161485077,es un codigo ISBN de una edicion publicada por,Mohr Siebeck GmbH & Company KG
9783161485077,está escrito en,Alemán
9781306716994,es un codigo ISBN para el libro,Two Fundamental Problems of Knowledge
9781306716994,es un codigo ISBN de una edicion publicada por,Routledge
9781306716994,está escrito en,Inglés
9788430946150,es un codigo ISBN para el libro,Two Fundamental Problems of Knowledge
9788430946150,es un codigo ISBN de una edicion publicada por,Tecnos
9788430946150,está escrito en,Portugués
8430946152,es un codigo ISBN para el libro,Two Fundamental Problems of Knowledge
8430946152,es un codigo ISBN de una edicion publicada por,Tecnos
8430946152,está escrito en,Portugués
8430932526,es un codigo ISBN para el libro,Two Fundamental Problems of Knowledge
8430932526,es un codigo ISBN de una edicion publicada por,Tecnos
8430932526,está escrito en,Portugués
9788430932528,es un codigo ISBN para el libro,Two Fundamental Problems of Knowledge
9788430932528,es un codigo ISBN de una edicion publicada por,Tecnos
9788430932528,está escrito en,Portugués
3168382124,es un codigo ISBN para el libro,Two Fundamental Problems of Knowledge
3168382124,es un codigo ISBN de una edicion publicada por,Mohr
3168382124,está escrito en,Alemán
Karl Popper,es autor de la obra,Two Fundamental Problems of Knowledge
Two Fundamental Problems of Knowledge,pertenece al género,Theory of Knowledge
Two Fundamental Problems of Knowledge,pertenece al género,Induction (Logic)
Two Fundamental Problems of Knowledge,pertenece al género,Experience
9783161480256,es un codigo ISBN para el libro,The Poverty of Historicism
9783161480256,es un codigo ISBN de una edicion publicada por,Mohr Siebrek Ek
3161480252,es un codigo ISBN para el libro,The Poverty of Historicism
3161480252,es un codigo ISBN de una edicion publicada por,Mohr Siebrek Ek
9783161478437,es un codigo ISBN para el libro,The Poverty of Historicism
9783161478437,es un codigo ISBN de una edicion publicada por,Mohr Siebrek Ek
9783161478437,está escrito en,Alemán
3161478436,es un codigo ISBN para el libro,The Poverty of Historicism
3161478436,es un codigo ISBN de una edicion publicada por,Mohr Siebrek Ek
3161478436,está escrito en,Alemán
9783161478420,es un codigo ISBN para el libro,The Poverty of Historicism
9783161478420,es un codigo ISBN de una edicion publicada por,Mohr Siebeck GmbH & Company KG
9783161478420,está escrito en,Alemán
963055397X,es un codigo ISBN para el libro,The Poverty of Historicism
963055397X,es un codigo ISBN de una edicion publicada por,Akademiai Kiado
9789630553971,es un codigo ISBN para el libro,The Poverty of Historicism
9789630553971,es un codigo ISBN de una edicion publicada por,Akademiai Kiado
9788420688435,es un codigo ISBN para el libro,The Poverty of Historicism
9788420688435,es un codigo ISBN de una edicion publicada por,Alianza Editorial
9788420688435,está escrito en,Español
8420688436,es un codigo ISBN para el libro,The Poverty of Historicism
8420688436,es un codigo ISBN de una edicion publicada por,Alianza Editorial
8420688436,está escrito en,Español
2869170238,es un codigo ISBN para el libro,The Poverty of Historicism
2869170238,es un codigo ISBN de una edicion publicada por,Plon
2869170238,está escrito en,Francés
9781135972141,es un codigo ISBN para el libro,The Poverty of Historicism
9781135972141,es un codigo ISBN de una edicion publicada por,Taylor & Francis Group
9781135972141,está escrito en,Inglés
9781135972219,es un codigo ISBN para el libro,The Poverty of Historicism
9781135972219,es un codigo ISBN de una edicion publicada por,Taylor & Francis Group
9781135972219,está escrito en,Inglés
9781135972288,es un codigo ISBN para el libro,The Poverty of Historicism
9781135972288,es un codigo ISBN de una edicion publicada por,Taylor & Francis Group
9781135972288,está escrito en,Inglés
9781283883894,es un codigo ISBN para el libro,The Poverty of Historicism
9781283883894,es un codigo ISBN de una edicion publicada por,Routledge
9781283883894,está escrito en,Inglés
9781014193070,es un codigo ISBN para el libro,The Poverty of Historicism
9781014193070,es un codigo ISBN de una edicion publicada por,"Creative Media Partners, LLC"
9781014193070,está escrito en,Inglés
9788420640884,es un codigo ISBN para el libro,The Poverty of Historicism
9788420640884,es un codigo ISBN de una edicion publicada por,"Alianza (Buenos Aires, AR)"
9788420640884,está escrito en,Español
8420640883,es un codigo ISBN para el libro,The Poverty of Historicism
8420640883,es un codigo ISBN de una edicion publicada por,"Alianza (Buenos Aires, AR)"
8420640883,está escrito en,Español
9789504000778,es un codigo ISBN para el libro,The Poverty of Historicism
9789504000778,es un codigo ISBN de una edicion publicada por,Alianza
9789504000778,está escrito en,Español
9504000770,es un codigo ISBN para el libro,The Poverty of Historicism
9504000770,es un codigo ISBN de una edicion publicada por,Alianza
9504000770,está escrito en,Español
9780744800524,es un codigo ISBN para el libro,The Poverty of Historicism
9780744800524,es un codigo ISBN de una edicion publicada por,Teacher Created Resources
9780744800524,está escrito en,Inglés
0744800528,es un codigo ISBN para el libro,The Poverty of Historicism
0744800528,es un codigo ISBN de una edicion publicada por,Teacher Created Resources
0744800528,está escrito en,Inglés
3169452924,es un codigo ISBN para el libro,The Poverty of Historicism
3169452924,es un codigo ISBN de una edicion publicada por,J.C.B. Mohr
3169452924,está escrito en,Alemán
3169452916,es un codigo ISBN para el libro,The Poverty of Historicism
3169452916,es un codigo ISBN de una edicion publicada por,J.C.B. Mohr
3169452916,está escrito en,Alemán
Karl Popper,es autor de la obra,The Poverty of Historicism
The Poverty of Historicism,pertenece al género,Kritik
The Poverty of Historicism,pertenece al género,Historism
The Poverty of Historicism,pertenece al género,Filozofija zgodovine
0415113202,es un codigo ISBN para el libro,The Myth of the Framework
0415113202,es un codigo ISBN de una edicion publicada por,Routledge
0415113202,está escrito en,Inglés
0415135559,es un codigo ISBN para el libro,The Myth of the Framework
0415135559,es un codigo ISBN de una edicion publicada por,Routledge
0415135559,está escrito en,Inglés
9780415135559,es un codigo ISBN para el libro,The Myth of the Framework
9780415135559,es un codigo ISBN de una edicion publicada por,Routledge
9780415135559,está escrito en,Inglés
9780415113205,es un codigo ISBN para el libro,The Myth of the Framework
9780415113205,es un codigo ISBN de una edicion publicada por,Routledge
9780415113205,está escrito en,Inglés
0854731997,es un codigo ISBN para el libro,The Myth of the Framework
0854731997,es un codigo ISBN de una edicion publicada por,London Association of Comparative Educationists
0854731997,está escrito en,Inglés
9781306697774,es un codigo ISBN para el libro,The Myth of the Framework
9781306697774,es un codigo ISBN de una edicion publicada por,Routledge
9781306697774,está escrito en,Inglés
9781135974879,es un codigo ISBN para el libro,The Myth of the Framework
9781135974879,es un codigo ISBN de una edicion publicada por,Taylor & Francis Group
9781135974879,está escrito en,Inglés
9780203535806,es un codigo ISBN para el libro,The Myth of the Framework
9780203535806,es un codigo ISBN de una edicion publicada por,Taylor & Francis Group
9780203535806,está escrito en,Inglés
9781135974800,es un codigo ISBN para el libro,The Myth of the Framework
9781135974800,es un codigo ISBN de una edicion publicada por,Taylor & Francis Group
9781135974800,está escrito en,Inglés
9781135974732,es un codigo ISBN para el libro,The Myth of the Framework
9781135974732,es un codigo ISBN de una edicion publicada por,Taylor & Francis Group
9781135974732,está escrito en,Inglés
9781138148185,es un codigo ISBN para el libro,The Myth of the Framework
9781138148185,es un codigo ISBN de una edicion publicada por,Taylor & Francis Group
9781138148185,está escrito en,Inglés
9788449303425,es un codigo ISBN para el libro,The Myth of the Framework
9788449303425,es un codigo ISBN de una edicion publicada por,Ediciones Paidos Iberica
9788449303425,es un codigo ISBN de una edicion publicada por,Paidos Iberica Ediciones S A
9788449303425,está escrito en,Español
8449303427,es un codigo ISBN para el libro,The Myth of the Framework
8449303427,es un codigo ISBN de una edicion publicada por,Ediciones Paidos Iberica
8449303427,es un codigo ISBN de una edicion publicada por,Paidos Iberica Ediciones S A
8449303427,está escrito en,Español
Karl Popper,es autor de la obra,The Myth of the Framework
The Myth of the Framework,pertenece al género,Cultural relativism
The Myth of the Framework,pertenece al género,Philosophy
The Myth of the Framework,pertenece al género,Rationalism
7563348611,es un codigo ISBN para el libro,The Lesson of this Century
7563348611,es un codigo ISBN de una edicion publicada por,Guangxi shi fan da xue chu ban she
7563348611,está escrito en,chi
9787563348619,es un codigo ISBN para el libro,The Lesson of this Century
9787563348619,es un codigo ISBN de una edicion publicada por,Guangxi shi fan da xue chu ban she
9787563348619,está escrito en,chi
2268037797,es un codigo ISBN para el libro,The Lesson of this Century
2268037797,es un codigo ISBN de una edicion publicada por,DU ROCHER
9782268037790,es un codigo ISBN para el libro,The Lesson of this Century
9782268037790,es un codigo ISBN de una edicion publicada por,DU ROCHER
9706513876,es un codigo ISBN para el libro,The Lesson of this Century
9706513876,es un codigo ISBN de una edicion publicada por,Océano
9706513876,es un codigo ISBN de una edicion publicada por,Temas Grupo Editorial
9706513876,está escrito en,Español
0415129583,es un codigo ISBN para el libro,The Lesson of this Century
0415129583,es un codigo ISBN de una edicion publicada por,Routledge
0415129583,está escrito en,Inglés
9780415129589,es un codigo ISBN para el libro,The Lesson of this Century
9780415129589,es un codigo ISBN de una edicion publicada por,Routledge
9780415129589,está escrito en,Inglés
0415129591,es un codigo ISBN para el libro,The Lesson of this Century
0415129591,es un codigo ISBN de una edicion publicada por,Routledge
0415129591,está escrito en,Inglés
9781135861407,es un codigo ISBN para el libro,The Lesson of this Century
9781135861407,es un codigo ISBN de una edicion publicada por,Taylor & Francis Group
9781135861407,está escrito en,Inglés
9781135861476,es un codigo ISBN para el libro,The Lesson of this Century
9781135861476,es un codigo ISBN de una edicion publicada por,Taylor & Francis Group
9781135861476,está escrito en,Inglés
9781135861544,es un codigo ISBN para el libro,The Lesson of this Century
9781135861544,es un codigo ISBN de una edicion publicada por,Taylor & Francis Group
9781135861544,está escrito en,Inglés
9781299477643,es un codigo ISBN para el libro,The Lesson of this Century
9781299477643,es un codigo ISBN de una edicion publicada por,Routledge
9781299477643,está escrito en,Inglés
9781315830933,es un codigo ISBN para el libro,The Lesson of this Century
9781315830933,es un codigo ISBN de una edicion publicada por,Taylor & Francis Group
9781315830933,está escrito en,Inglés
9781317854357,es un codigo ISBN para el libro,The Lesson of this Century
9781317854357,es un codigo ISBN de una edicion publicada por,Taylor & Francis Group
9781317854357,está escrito en,Inglés
9781317854364,es un codigo ISBN para el libro,The Lesson of this Century
9781317854364,es un codigo ISBN de una edicion publicada por,Taylor & Francis Group
9781317854364,está escrito en,Inglés
9781317854340,es un codigo ISBN para el libro,The Lesson of this Century
9781317854340,es un codigo ISBN de una edicion publicada por,Taylor & Francis Group
9781317854340,está escrito en,Inglés
9781138177826,es un codigo ISBN para el libro,The Lesson of this Century
9781138177826,es un codigo ISBN de una edicion publicada por,Taylor & Francis Group
9781138177826,está escrito en,Inglés
Karl Popper,es autor de la obra,The Lesson of this Century
The Lesson of this Century,pertenece al género,Interviews
The Lesson of this Century,pertenece al género,Communism
The Lesson of this Century,pertenece al género,Twentieth century
9782251200194,es un codigo ISBN para el libro,Auf der Suche nach einer besseren Welt
9782251200194,es un codigo ISBN de una edicion publicada por,Les Belles Lettres
9782251200194,es un codigo ISBN de una edicion publicada por,Societe d'edition Les Belles lettres
9782251200194,está escrito en,Francés
2268037789,es un codigo ISBN para el libro,Auf der Suche nach einer besseren Welt
2268037789,es un codigo ISBN de una edicion publicada por,Editions Du Rocher
2268037789,está escrito en,Francés
9782268037783,es un codigo ISBN para el libro,Auf der Suche nach einer besseren Welt
9782268037783,es un codigo ISBN de una edicion publicada por,Editions Du Rocher
9782268037783,está escrito en,Francés
Karl Popper,es autor de la obra,Auf der Suche nach einer besseren Welt
0875481418,es un codigo ISBN para el libro,The philosophy of Karl Popper
0875481418,es un codigo ISBN de una edicion publicada por,Open Court
0875481418,está escrito en,Inglés
0875481426,es un codigo ISBN para el libro,The philosophy of Karl Popper
0875481426,es un codigo ISBN de una edicion publicada por,Open Court
Karl Popper,es autor de la obra,The philosophy of Karl Popper
The philosophy of Karl Popper,pertenece al género,Philosophy
The philosophy of Karl Popper,pertenece al género,Social sciences
The philosophy of Karl Popper,pertenece al género,"Popper, Karl R. (Karl Raimund), 1902-1994"
9783825217259,es un codigo ISBN para el libro,The Open Society and Its Enemies
9783825217259,es un codigo ISBN de una edicion publicada por,"UTB, Stuttgart"
9783825217259,está escrito en,Alemán
3825217256,es un codigo ISBN para el libro,The Open Society and Its Enemies
3825217256,es un codigo ISBN de una edicion publicada por,"UTB, Stuttgart"
3825217256,está escrito en,Alemán
3772012744,es un codigo ISBN para el libro,The Open Society and Its Enemies
3772012744,es un codigo ISBN de una edicion publicada por,Francke
3772012744,está escrito en,Alemán
3772012760,es un codigo ISBN para el libro,The Open Society and Its Enemies
3772012760,es un codigo ISBN de una edicion publicada por,Francke
3772012760,está escrito en,Alemán
069101972X,es un codigo ISBN para el libro,The Open Society and Its Enemies
069101972X,es un codigo ISBN de una edicion publicada por,Princeton University Press
069101972X,está escrito en,Inglés
9780691019727,es un codigo ISBN para el libro,The Open Society and Its Enemies
9780691019727,es un codigo ISBN de una edicion publicada por,Princeton University Press
9780691019727,está escrito en,Inglés
9783161480690,es un codigo ISBN para el libro,The Open Society and Its Enemies
9783161480690,es un codigo ISBN de una edicion publicada por,Mohr
9783161480690,está escrito en,Alemán
3161480694,es un codigo ISBN para el libro,The Open Society and Its Enemies
3161480694,es un codigo ISBN de una edicion publicada por,Mohr
3161480694,está escrito en,Alemán
9781135552565,es un codigo ISBN para el libro,The Open Society and Its Enemies
9781135552565,es un codigo ISBN de una edicion publicada por,Taylor & Francis Group
9781135552565,está escrito en,Inglés
9781135552633,es un codigo ISBN para el libro,The Open Society and Its Enemies
9781135552633,es un codigo ISBN de una edicion publicada por,Taylor & Francis Group
9781135552633,está escrito en,Inglés
9781306871198,es un codigo ISBN para el libro,The Open Society and Its Enemies
9781306871198,es un codigo ISBN de una edicion publicada por,Routledge
9781306871198,está escrito en,Inglés
9783161478048,es un codigo ISBN para el libro,The Open Society and Its Enemies
9783161478048,es un codigo ISBN de una edicion publicada por,Mohr Siebeck GmbH & Company KG
9783161478048,está escrito en,Alemán
Karl Popper,es autor de la obra,The Open Society and Its Enemies
The Open Society and Its Enemies,pertenece al género,Philosophy
The Open Society and Its Enemies,pertenece al género,Social sciences
9781299286368,es un codigo ISBN para el libro,Quantum theory and the schism in physics
9781299286368,es un codigo ISBN de una edicion publicada por,Routledge
9781299286368,está escrito en,Inglés
9781138139046,es un codigo ISBN para el libro,Quantum theory and the schism in physics
9781138139046,es un codigo ISBN de una edicion publicada por,Taylor & Francis Group
9781138139046,está escrito en,Inglés
9781135859442,es un codigo ISBN para el libro,Quantum theory and the schism in physics
9781135859442,es un codigo ISBN de una edicion publicada por,Taylor & Francis Group
9781135859442,está escrito en,Inglés
9781135859510,es un codigo ISBN para el libro,Quantum theory and the schism in physics
9781135859510,es un codigo ISBN de una edicion publicada por,Taylor & Francis Group
9781135859510,está escrito en,Inglés
0415091128,es un codigo ISBN para el libro,Quantum theory and the schism in physics
0415091128,es un codigo ISBN de una edicion publicada por,Routledge
0415091128,está escrito en,Inglés
0847670198,es un codigo ISBN para el libro,Quantum theory and the schism in physics
0847670198,es un codigo ISBN de una edicion publicada por,Rowan and Littlefield
0847670198,está escrito en,Inglés
084767018X,es un codigo ISBN para el libro,Quantum theory and the schism in physics
084767018X,es un codigo ISBN de una edicion publicada por,Rowan and Littlefield
084767018X,está escrito en,Inglés
0091461707,es un codigo ISBN para el libro,Quantum theory and the schism in physics
0091461707,es un codigo ISBN de una edicion publicada por,Hutchinson
0091461707,está escrito en,Inglés
0091461715,es un codigo ISBN para el libro,Quantum theory and the schism in physics
0091461715,es un codigo ISBN de una edicion publicada por,Hutchinson
0091461715,está escrito en,Inglés
0044455550,es un codigo ISBN para el libro,Quantum theory and the schism in physics
0044455550,es un codigo ISBN de una edicion publicada por,Unwin Hyman
0044455550,está escrito en,Inglés
0091461707,es un codigo ISBN de una edicion publicada por,Unwin Hyman
0415091128,es un codigo ISBN de una edicion publicada por,Rotledge
9780044455554,es un codigo ISBN para el libro,Quantum theory and the schism in physics
9780044455554,es un codigo ISBN de una edicion publicada por,"Allen & Unwin Pty., Limited (Australia)"
9780044455554,está escrito en,Inglés
0044455550,es un codigo ISBN de una edicion publicada por,"Allen & Unwin Pty., Limited (Australia)"
0847673898,es un codigo ISBN para el libro,Quantum theory and the schism in physics
0847673898,es un codigo ISBN de una edicion publicada por,Rowman & Littlefield Pub Inc
0847673898,está escrito en,Inglés
9780847673896,es un codigo ISBN para el libro,Quantum theory and the schism in physics
9780847673896,es un codigo ISBN de una edicion publicada por,Rowman & Littlefield Pub Inc
9780847673896,está escrito en,Inglés
Karl Popper,es autor de la obra,Quantum theory and the schism in physics
Quantum theory and the schism in physics,pertenece al género,Quantum theory
Quantum theory and the schism in physics,pertenece al género,Philosophy
Quantum theory and the schism in physics,pertenece al género,Physics
9783642618925,es un codigo ISBN para el libro,The self and its brain
9783642618925,es un codigo ISBN de una edicion publicada por,Island Press
9783642618925,está escrito en,Inglés
3642618936,es un codigo ISBN para el libro,The self and its brain
3642618936,es un codigo ISBN de una edicion publicada por,Springer
3642618936,es un codigo ISBN de una edicion publicada por,Springer International
9783642618932,es un codigo ISBN para el libro,The self and its brain
9783642618932,es un codigo ISBN de una edicion publicada por,Springer
9783642618932,es un codigo ISBN de una edicion publicada por,Springer International
3492210961,es un codigo ISBN para el libro,The self and its brain
3492210961,es un codigo ISBN de una edicion publicada por,Piper
3492210961,está escrito en,Alemán
9783492210966,es un codigo ISBN para el libro,The self and its brain
9783492210966,es un codigo ISBN de una edicion publicada por,Piper
9783492210966,está escrito en,Alemán
0710095848,es un codigo ISBN para el libro,The self and its brain
0710095848,es un codigo ISBN de una edicion publicada por,Routledge & K. Paul
0710095848,está escrito en,Inglés
0387083073,es un codigo ISBN para el libro,The self and its brain
0387083073,es un codigo ISBN de una edicion publicada por,Springer International
0387083073,está escrito en,Inglés
0415058988,es un codigo ISBN para el libro,The self and its brain
0415058988,es un codigo ISBN de una edicion publicada por,Routledge
0415058988,está escrito en,Inglés
3540083073,es un codigo ISBN para el libro,The self and its brain
3540083073,es un codigo ISBN de una edicion publicada por,Springer
3540083073,está escrito en,Inglés
9783540083078,es un codigo ISBN para el libro,The self and its brain
9783540083078,es un codigo ISBN de una edicion publicada por,Springer
9783540083078,está escrito en,Inglés
0710095848,es un codigo ISBN de una edicion publicada por,Routledge & Kegan Paul
0710095848,es un codigo ISBN de una edicion publicada por,Routledge
9780710095848,es un codigo ISBN para el libro,The self and its brain
9780710095848,es un codigo ISBN de una edicion publicada por,Routledge
9780710095848,está escrito en,Inglés
Karl Popper,es autor de la obra,The self and its brain
The self and its brain,pertenece al género,Mind and body
The self and its brain,pertenece al género,Self
The self and its brain,pertenece al género,Brain
9781135975432,es un codigo ISBN para el libro,Knowledge and the Body-Mind Problem
9781135975432,es un codigo ISBN de una edicion publicada por,Taylor & Francis Group
9781135975432,está escrito en,Inglés
9780203628768,es un codigo ISBN para el libro,Knowledge and the Body-Mind Problem
9780203628768,es un codigo ISBN de una edicion publicada por,Taylor & Francis Group
9780203628768,está escrito en,Inglés
9788449303814,es un codigo ISBN para el libro,Knowledge and the Body-Mind Problem
9788449303814,es un codigo ISBN de una edicion publicada por,Ediciones Paidos Iberica
9788449303814,está escrito en,Español
8449303818,es un codigo ISBN para el libro,Knowledge and the Body-Mind Problem
8449303818,es un codigo ISBN de una edicion publicada por,Ediciones Paidos Iberica
8449303818,está escrito en,Español
9781135975296,es un codigo ISBN para el libro,Knowledge and the Body-Mind Problem
9781135975296,es un codigo ISBN de una edicion publicada por,Taylor & Francis Group
9781135975296,está escrito en,Inglés
9781135975364,es un codigo ISBN para el libro,Knowledge and the Body-Mind Problem
9781135975364,es un codigo ISBN de una edicion publicada por,Taylor & Francis Group
9781135975364,está escrito en,Inglés
9781306108324,es un codigo ISBN para el libro,Knowledge and the Body-Mind Problem
9781306108324,es un codigo ISBN de una edicion publicada por,Routledge
9781306108324,está escrito en,Inglés
0415115043,es un codigo ISBN para el libro,Knowledge and the Body-Mind Problem
0415115043,es un codigo ISBN de una edicion publicada por,Routledge
0415115043,está escrito en,Inglés
0415135567,es un codigo ISBN para el libro,Knowledge and the Body-Mind Problem
0415135567,es un codigo ISBN de una edicion publicada por,Routledge
0415135567,está escrito en,Inglés
9780415135566,es un codigo ISBN para el libro,Knowledge and the Body-Mind Problem
9780415135566,es un codigo ISBN de una edicion publicada por,Routledge
9780415135566,está escrito en,Inglés
Karl Popper,es autor de la obra,Knowledge and the Body-Mind Problem
Knowledge and the Body-Mind Problem,pertenece al género,Theory of Knowledge
Knowledge and the Body-Mind Problem,pertenece al género,Mind and body
Knowledge and the Body-Mind Problem,pertenece al género,"Knowledge, theory of"
9783161493966,es un codigo ISBN para el libro,Vermutungen und Widerlegungen
9783161493966,es un codigo ISBN de una edicion publicada por,Mohr Siebeck GmbH & Company KG
9783161493966,está escrito en,Alemán
9783161493959,es un codigo ISBN para el libro,Vermutungen und Widerlegungen
9783161493959,es un codigo ISBN de una edicion publicada por,Mohr Siebeck GmbH & Company KG
9783161493959,está escrito en,Alemán
9783161501975,es un codigo ISBN para el libro,Vermutungen und Widerlegungen
9783161501975,es un codigo ISBN de una edicion publicada por,Mohr Siebeck GmbH & Company KG
9783161501975,está escrito en,Alemán
9783161473111,es un codigo ISBN para el libro,Vermutungen und Widerlegungen
9783161473111,es un codigo ISBN de una edicion publicada por,Mohr
3161473116,es un codigo ISBN para el libro,Vermutungen und Widerlegungen
3161473116,es un codigo ISBN de una edicion publicada por,Mohr
Karl Popper,es autor de la obra,Vermutungen und Widerlegungen
9783492042055,es un codigo ISBN para el libro,The world of Parmenides
9783492042055,es un codigo ISBN de una edicion publicada por,Piper
9783492042055,está escrito en,Alemán
3492042058,es un codigo ISBN para el libro,The world of Parmenides
3492042058,es un codigo ISBN de una edicion publicada por,Piper
3492042058,está escrito en,Alemán
9788449307461,es un codigo ISBN para el libro,The world of Parmenides
9788449307461,es un codigo ISBN de una edicion publicada por,Ediciones Paidos Iberica
9788449307461,está escrito en,Español
8449307465,es un codigo ISBN para el libro,The world of Parmenides
8449307465,es un codigo ISBN de una edicion publicada por,Ediciones Paidos Iberica
8449307465,está escrito en,Español
9780415518796,es un codigo ISBN para el libro,The world of Parmenides
9780415518796,es un codigo ISBN de una edicion publicada por,Routledge
9780415518796,está escrito en,Inglés
9780203120361,es un codigo ISBN para el libro,The world of Parmenides
9780203120361,es un codigo ISBN de una edicion publicada por,Routledge
9780203120361,está escrito en,Inglés
9781136320705,es un codigo ISBN para el libro,The world of Parmenides
9781136320705,es un codigo ISBN de una edicion publicada por,Taylor & Francis Group
9781136320705,está escrito en,Inglés
9781136320743,es un codigo ISBN para el libro,The world of Parmenides
9781136320743,es un codigo ISBN de una edicion publicada por,Taylor & Francis Group
9781136320743,está escrito en,Inglés
9781136320750,es un codigo ISBN para el libro,The world of Parmenides
9781136320750,es un codigo ISBN de una edicion publicada por,Taylor & Francis Group
9781136320750,está escrito en,Inglés
9781138143005,es un codigo ISBN para el libro,The world of Parmenides
9781138143005,es un codigo ISBN de una edicion publicada por,Taylor & Francis Group
9781138143005,está escrito en,Inglés
9781317835011,es un codigo ISBN para el libro,The world of Parmenides
9781317835011,es un codigo ISBN de una edicion publicada por,Taylor & Francis Group
9781317835011,está escrito en,Inglés
9781315824482,es un codigo ISBN para el libro,The world of Parmenides
9781315824482,es un codigo ISBN de una edicion publicada por,Taylor & Francis Group
9781315824482,está escrito en,Inglés
9781317834991,es un codigo ISBN para el libro,The world of Parmenides
9781317834991,es un codigo ISBN de una edicion publicada por,Taylor & Francis Group
9781317834991,está escrito en,Inglés
9781317835004,es un codigo ISBN para el libro,The world of Parmenides
9781317835004,es un codigo ISBN de una edicion publicada por,Taylor & Francis Group
9781317835004,está escrito en,Inglés
9781306284905,es un codigo ISBN para el libro,The world of Parmenides
9781306284905,es un codigo ISBN de una edicion publicada por,Routledge
9781306284905,está escrito en,Inglés
0415173019,es un codigo ISBN para el libro,The world of Parmenides
0415173019,es un codigo ISBN de una edicion publicada por,Routledge
0415173019,está escrito en,Inglés
0415237300,es un codigo ISBN para el libro,The world of Parmenides
0415237300,es un codigo ISBN de una edicion publicada por,Routledge
0415237300,está escrito en,Inglés
Karl Popper,es autor de la obra,The world of Parmenides
The world of Parmenides,pertenece al género,Pre-Socratic philosophers
The world of Parmenides,pertenece al género,Parmenides
The world of Parmenides,pertenece al género,Présocratiques
9781013367724,es un codigo ISBN para el libro,Conjectures and refutations
9781013367724,es un codigo ISBN de una edicion publicada por,"Creative Media Partners, LLC"
9781013367724,está escrito en,Inglés
9781013443930,es un codigo ISBN para el libro,Conjectures and refutations
9781013443930,es un codigo ISBN de una edicion publicada por,"Creative Media Partners, LLC"
9781013443930,está escrito en,Inglés
9781013507366,es un codigo ISBN para el libro,Conjectures and refutations
9781013507366,es un codigo ISBN de una edicion publicada por,"Creative Media Partners, LLC"
9781013507366,está escrito en,Inglés
9781013388309,es un codigo ISBN para el libro,Conjectures and refutations
9781013388309,es un codigo ISBN de una edicion publicada por,"Creative Media Partners, LLC"
9781013388309,está escrito en,Inglés
9780226675497,es un codigo ISBN para el libro,Conjectures and refutations
9780226675497,es un codigo ISBN de una edicion publicada por,University of Chicago Press
9780226675497,está escrito en,Inglés
9781306717069,es un codigo ISBN para el libro,Conjectures and refutations
9781306717069,es un codigo ISBN de una edicion publicada por,Routledge
9781306717069,está escrito en,Inglés
9782228138703,es un codigo ISBN para el libro,Conjectures and refutations
9782228138703,es un codigo ISBN de una edicion publicada por,Payot
2228138703,es un codigo ISBN para el libro,Conjectures and refutations
2228138703,es un codigo ISBN de una edicion publicada por,Payot
9782228900584,es un codigo ISBN para el libro,Conjectures and refutations
9782228900584,es un codigo ISBN de una edicion publicada por,PAYOT
9782228900584,está escrito en,Francés
2228900583,es un codigo ISBN para el libro,Conjectures and refutations
2228900583,es un codigo ISBN de una edicion publicada por,PAYOT
2228900583,está escrito en,Francés
9780203538074,es un codigo ISBN para el libro,Conjectures and refutations
9780203538074,es un codigo ISBN de una edicion publicada por,Taylor & Francis Group
9780203538074,está escrito en,Inglés
9781135971304,es un codigo ISBN para el libro,Conjectures and refutations
9781135971304,es un codigo ISBN de una edicion publicada por,Taylor & Francis Group
9781135971304,está escrito en,Inglés
9780061313769,es un codigo ISBN para el libro,Conjectures and refutations
9780061313769,es un codigo ISBN de una edicion publicada por,Brand: HarperCollins Publishers
9780061313769,es un codigo ISBN de una edicion publicada por,Harper & Row
9780061313769,es un codigo ISBN de una edicion publicada por,HarperCollins Publishers
0061313769,es un codigo ISBN para el libro,Conjectures and refutations
0061313769,es un codigo ISBN de una edicion publicada por,Brand: HarperCollins Publishers
0061313769,es un codigo ISBN de una edicion publicada por,Harper & Row
0061313769,es un codigo ISBN de una edicion publicada por,HarperCollins Publishers
9788475091464,es un codigo ISBN para el libro,Conjectures and refutations
9788475091464,es un codigo ISBN de una edicion publicada por,Ediciones Paidos Iberica
9788475091464,está escrito en,Español
8475091466,es un codigo ISBN para el libro,Conjectures and refutations
8475091466,es un codigo ISBN de una edicion publicada por,Ediciones Paidos Iberica
8475091466,está escrito en,Español
Karl Popper,es autor de la obra,Conjectures and refutations
Conjectures and refutations,pertenece al género,Methodology
Conjectures and refutations,pertenece al género,Theory of Knowledge
Conjectures and refutations,pertenece al género,Science
Wolf Haas,es de nacionalidad,Austria
3446282726,es un codigo ISBN para el libro,Wackelkontakt
3446282726,es un codigo ISBN de una edicion publicada por,Carl Hanser Verlag GmbH & Co. KG
3446282726,está escrito en,Alemán
9783446282728,es un codigo ISBN para el libro,Wackelkontakt
9783446282728,es un codigo ISBN de una edicion publicada por,Carl Hanser Verlag GmbH & Co. KG
9783446282728,está escrito en,Alemán
Wolf Haas,es autor de la obra,Wackelkontakt
9783453438392,es un codigo ISBN para el libro,Brennerova
9783453438392,es un codigo ISBN de una edicion publicada por,Wilhelm Heyne Verlag
9783453438392,está escrito en,Alemán
3453438396,es un codigo ISBN para el libro,Brennerova
3453438396,es un codigo ISBN de una edicion publicada por,Wilhelm Heyne Verlag
3453438396,está escrito en,Alemán
9783455404999,es un codigo ISBN para el libro,Brennerova
9783455404999,es un codigo ISBN de una edicion publicada por,Hoffmann und Campe
9783455404999,está escrito en,Alemán
3455404995,es un codigo ISBN para el libro,Brennerova
3455404995,es un codigo ISBN de una edicion publicada por,Hoffmann und Campe
3455404995,está escrito en,Alemán
Wolf Haas,es autor de la obra,Brennerova
9783423212823,es un codigo ISBN para el libro,Der Brenner und der liebe Gott
9783423212823,es un codigo ISBN de una edicion publicada por,dtv
9783423212823,está escrito en,Alemán
Wolf Haas,es autor de la obra,Der Brenner und der liebe Gott
1612191134,es un codigo ISBN para el libro,Brenner and God
1612191134,está escrito en,Inglés
9781612191133,es un codigo ISBN para el libro,Brenner and God
9781612191133,está escrito en,Inglés
Wolf Haas,es autor de la obra,Brenner and God
Brenner and God,pertenece al género,Kidnapping
Brenner and God,pertenece al género,Fiction
Brenner and God,pertenece al género,"Fiction, mystery & detective, general"
9781612192710,es un codigo ISBN para el libro,Resurrection
9781612192710,es un codigo ISBN de una edicion publicada por,Melville House
9781612192710,está escrito en,Inglés
161219270X,es un codigo ISBN para el libro,Resurrection
161219270X,es un codigo ISBN de una edicion publicada por,Melville House
161219270X,está escrito en,Inglés
9781612192703,es un codigo ISBN para el libro,Resurrection
9781612192703,es un codigo ISBN de una edicion publicada por,Melville House
9781612192703,está escrito en,Inglés
Wolf Haas,es autor de la obra,Resurrection
Resurrection,pertenece al género,Private investigators
Resurrection,pertenece al género,Murder
Resurrection,pertenece al género,Mystery & Detective
9781612191690,es un codigo ISBN para el libro,The Bone Man
9781612191690,es un codigo ISBN de una edicion publicada por,Melville International Crime
Wolf Haas,es autor de la obra,The Bone Man
The Bone Man,pertenece al género,Ex-police officers
The Bone Man,pertenece al género,Private investigators
The Bone Man,pertenece al género,Murder
3499433257,es un codigo ISBN para el libro,Ausgebremst
3499433257,es un codigo ISBN de una edicion publicada por,Rowohlt Taschenbuch Verlag GmbH
9783499433252,es un codigo ISBN para el libro,Ausgebremst
9783499433252,es un codigo ISBN de una edicion publicada por,Rowohlt Taschenbuch Verlag GmbH
Wolf Haas,es autor de la obra,Ausgebremst
9783499228681,es un codigo ISBN para el libro,Ausgebremst. Der Roman zur Formel 1
9783499228681,es un codigo ISBN de una edicion publicada por,Rowohlt Tb.
9783499228681,está escrito en,Alemán
3499228688,es un codigo ISBN para el libro,Ausgebremst. Der Roman zur Formel 1
3499228688,es un codigo ISBN de una edicion publicada por,Rowohlt Tb.
3499228688,está escrito en,Alemán
Wolf Haas,es autor de la obra,Ausgebremst. Der Roman zur Formel 1
9783455025590,es un codigo ISBN para el libro,Das ewige Leben
9783455025590,es un codigo ISBN de una edicion publicada por,"Hoffmann und Campe, Verlag"
9783455025590,está escrito en,Alemán
3455025595,es un codigo ISBN para el libro,Das ewige Leben
3455025595,es un codigo ISBN de una edicion publicada por,"Hoffmann und Campe, Verlag"
3455025595,está escrito en,Alemán
Wolf Haas,es autor de la obra,Das ewige Leben
Das ewige Leben,pertenece al género,Roman
Das ewige Leben,pertenece al género,Deutsch
Das ewige Leben,pertenece al género,Kriminalliteratur
3455303218,es un codigo ISBN para el libro,Das ewige Leben. 3 CDs
3455303218,es un codigo ISBN de una edicion publicada por,Hoffmann & Campe
3455303218,está escrito en,Alemán
9783455303216,es un codigo ISBN para el libro,Das ewige Leben. 3 CDs
9783455303216,es un codigo ISBN de una edicion publicada por,Hoffmann & Campe
9783455303216,está escrito en,Alemán
Wolf Haas,es autor de la obra,Das ewige Leben. 3 CDs
9783455400045,es un codigo ISBN para el libro,Das Wetter vor 15 Jahren
9783455400045,es un codigo ISBN de una edicion publicada por,Hoffmann und Campe
9783455400045,está escrito en,Alemán
3455400043,es un codigo ISBN para el libro,Das Wetter vor 15 Jahren
3455400043,es un codigo ISBN de una edicion publicada por,Hoffmann und Campe
3455400043,está escrito en,Alemán
Wolf Haas,es autor de la obra,Das Wetter vor 15 Jahren
Das Wetter vor 15 Jahren,pertenece al género,Detective and mystery stories
Das Wetter vor 15 Jahren,pertenece al género,Meteorology
Das Wetter vor 15 Jahren,pertenece al género,Fiction
9783455400045,es un codigo ISBN para el libro,Das Wetter vor 15 Jahren: Roman
9783455400045,es un codigo ISBN de una edicion publicada por,Hoffmann und Campe Verlag
Wolf Haas,es autor de la obra,Das Wetter vor 15 Jahren: Roman
Das Wetter vor 15 Jahren: Roman,pertenece al género,German fiction
Das Wetter vor 15 Jahren: Roman,pertenece al género,OUR Brockhaus selection
9783499228148,es un codigo ISBN para el libro,"Komm, süßer Tod"
9783499228148,es un codigo ISBN de una edicion publicada por,Rowohlt Tb.
9783499228148,está escrito en,Alemán
3499228149,es un codigo ISBN para el libro,"Komm, süßer Tod"
3499228149,es un codigo ISBN de una edicion publicada por,Rowohlt Tb.
3499228149,está escrito en,Alemán
Wolf Haas,es autor de la obra,"Komm, süßer Tod"
9783499432873,es un codigo ISBN para el libro,"Komm, Suesser Tod"
9783499432873,es un codigo ISBN de una edicion publicada por,Rowohlt Taschenbuch Verlag GmbH
3499432870,es un codigo ISBN para el libro,"Komm, Suesser Tod"
3499432870,es un codigo ISBN de una edicion publicada por,Rowohlt Taschenbuch Verlag GmbH
Wolf Haas,es autor de la obra,"Komm, Suesser Tod"
3499228300,es un codigo ISBN para el libro,Silentium
3499228300,es un codigo ISBN de una edicion publicada por,Rowohlt Taschenbuch Verlag
3499228300,está escrito en,Alemán
9783499228308,es un codigo ISBN para el libro,Silentium
9783499228308,es un codigo ISBN de una edicion publicada por,Rowohlt Taschenbuch Verlag
9783499228308,está escrito en,Alemán
Wolf Haas,es autor de la obra,Silentium
Silentium,pertenece al género,Austrian Detective and mystery stories
3880992371,es un codigo ISBN para el libro,Sprachtheoretische Grundlagen der konkreten Poesie
3880992371,es un codigo ISBN de una edicion publicada por,H.-D. Heinz Akademischer Verlag
3880992371,está escrito en,Alemán
Wolf Haas,es autor de la obra,Sprachtheoretische Grundlagen der konkreten Poesie
Sprachtheoretische Grundlagen der konkreten Poesie,pertenece al género,German Concrete poetry
Sprachtheoretische Grundlagen der konkreten Poesie,pertenece al género,History and criticism
9781572411661,es un codigo ISBN para el libro,The weather fifteen years ago
9781572411661,es un codigo ISBN de una edicion publicada por,Ariadne Press
9781572411661,está escrito en,Inglés
Wolf Haas,es autor de la obra,The weather fifteen years ago
The weather fifteen years ago,pertenece al género,Experimental fiction
9783036911199,es un codigo ISBN para el libro,Wie die Tiere. 2 CDs
9783036911199,es un codigo ISBN de una edicion publicada por,Kein & Aber
9783036911199,está escrito en,Alemán
3036911197,es un codigo ISBN para el libro,Wie die Tiere. 2 CDs
3036911197,es un codigo ISBN de una edicion publicada por,Kein & Aber
3036911197,está escrito en,Alemán
Wolf Haas,es autor de la obra,Wie die Tiere. 2 CDs
9783499228315,es un codigo ISBN para el libro,Auferstehung der Toten
9783499228315,es un codigo ISBN de una edicion publicada por,Rowohlt Tb.
9783499228315,está escrito en,Alemán
3499228319,es un codigo ISBN para el libro,Auferstehung der Toten
3499228319,es un codigo ISBN de una edicion publicada por,Rowohlt Tb.
3499228319,está escrito en,Alemán
3499432447,es un codigo ISBN para el libro,Auferstehung der Toten
3499432447,es un codigo ISBN de una edicion publicada por,Rowohlt Taschenbuch Verlag GmbH
3499432447,está escrito en,Alemán
9783499432446,es un codigo ISBN para el libro,Auferstehung der Toten
9783499432446,es un codigo ISBN de una edicion publicada por,Rowohlt Taschenbuch Verlag GmbH
9783499432446,está escrito en,Alemán
Wolf Haas,es autor de la obra,Auferstehung der Toten
3499228327,es un codigo ISBN para el libro,Der Knochenmann
3499228327,es un codigo ISBN de una edicion publicada por,Rowohlt Tb.
3499228327,está escrito en,Alemán
9783499228322,es un codigo ISBN para el libro,Der Knochenmann
9783499228322,es un codigo ISBN de una edicion publicada por,Rowohlt Tb.
9783499228322,está escrito en,Alemán
9783499432583,es un codigo ISBN para el libro,Der Knochenmann
9783499432583,es un codigo ISBN de una edicion publicada por,Rowohlt Taschenbuch Verlag GmbH
9783499432583,está escrito en,Alemán
3499432587,es un codigo ISBN para el libro,Der Knochenmann
3499432587,es un codigo ISBN de una edicion publicada por,Rowohlt Taschenbuch Verlag GmbH
3499432587,está escrito en,Alemán
Wolf Haas,es autor de la obra,Der Knochenmann
Der Knochenmann,pertenece al género,Austrian Detective and mystery stories
Der Knochenmann,pertenece al género,Simon Brenner (Fictitious character)
Der Knochenmann,pertenece al género,Fiction
3498029614,es un codigo ISBN para el libro,Wie die Tiere
3498029614,es un codigo ISBN de una edicion publicada por,Rowohlt
3498029614,está escrito en,Alemán
3499233312,es un codigo ISBN para el libro,Wie die Tiere
3499233312,es un codigo ISBN de una edicion publicada por,Rowohlt Tb.
3499233312,está escrito en,Alemán
9783499233319,es un codigo ISBN para el libro,Wie die Tiere
9783499233319,es un codigo ISBN de una edicion publicada por,Rowohlt Tb.
9783499233319,está escrito en,Alemán
9783498029616,es un codigo ISBN para el libro,Wie die Tiere
9783498029616,es un codigo ISBN de una edicion publicada por,"Rowohlt, Reinbek"
9783498029616,está escrito en,Alemán
3498029614,es un codigo ISBN de una edicion publicada por,"Rowohlt, Reinbek"
3499237512,es un codigo ISBN para el libro,Wie die Tiere
3499237512,es un codigo ISBN de una edicion publicada por,Rowohlt
3499237512,es un codigo ISBN de una edicion publicada por,Rowohlt Taschenbuch Verla
Wolf Haas,es autor de la obra,Wie die Tiere
Wie die Tiere,pertenece al género,Austrian Detective and mystery stories
9782743608804,es un codigo ISBN para el libro,Vienne la mort
9782743608804,es un codigo ISBN de una edicion publicada por,Payot-Rivages
2743608803,es un codigo ISBN para el libro,Vienne la mort
2743608803,es un codigo ISBN de una edicion publicada por,Payot-Rivages
Wolf Haas,es autor de la obra,Vienne la mort
9783455401899,es un codigo ISBN para el libro,Der Brenner und der liebe Gott
9783455401899,es un codigo ISBN de una edicion publicada por,Hoffmann und Campe
9783455401899,está escrito en,Alemán
Der Brenner und der liebe Gott,pertenece al género,Text
Der Brenner und der liebe Gott,pertenece al género,Kriminalgeschichte
Der Brenner und der liebe Gott,pertenece al género,Kriminalroman
Bertolt Brecht,es de nacionalidad,Austria
9780895770080,es un codigo ISBN para el libro,Great Short Stories of the World
9780895770080,es un codigo ISBN de una edicion publicada por,Reader's Digest
9780895770080,es un codigo ISBN de una edicion publicada por,Reader's Digest Association
9780895770080,está escrito en,Inglés
0895770083,es un codigo ISBN para el libro,Great Short Stories of the World
0895770083,es un codigo ISBN de una edicion publicada por,Reader's Digest
0895770083,es un codigo ISBN de una edicion publicada por,Reader's Digest Association
0895770083,está escrito en,Inglés
Bertolt Brecht,es autor de la obra,Great Short Stories of the World
Great Short Stories of the World,pertenece al género,Short stories
Great Short Stories of the World,pertenece al género,fiction
Great Short Stories of the World,pertenece al género,Mothers and daughters
888737306X,es un codigo ISBN para el libro,Da Nietzsche a Benn
888737306X,es un codigo ISBN de una edicion publicada por,Memoria
888737306X,está escrito en,Italiano
888737306X,está escrito en,Alemán
Bertolt Brecht,es autor de la obra,Da Nietzsche a Benn
Da Nietzsche a Benn,pertenece al género,German poetry
Da Nietzsche a Benn,pertenece al género,Translations into Italian
3518417673,es un codigo ISBN para el libro,"""Wie ich mir aus einem Roman gemerkt habe-- """
3518417673,es un codigo ISBN de una edicion publicada por,Suhrkamp
3518417673,está escrito en,Alemán
Bertolt Brecht,es autor de la obra,"""Wie ich mir aus einem Roman gemerkt habe-- """
7560011535,es un codigo ISBN para el libro,四川好人
7560011535,es un codigo ISBN de una edicion publicada por,Wai yu jiao xue yu yan jiu chu ban she
7560011535,está escrito en,chi
9787560011530,es un codigo ISBN para el libro,四川好人
9787560011530,es un codigo ISBN de una edicion publicada por,Wai yu jiao xue yu yan jiu chu ban she
9787560011530,está escrito en,chi
Bertolt Brecht,es autor de la obra,四川好人
四川好人,pertenece al género,German Drama
Michael Haberlandt,es de nacionalidad,Austria
0486227472,es un codigo ISBN para el libro,Primitive and folk jewelry
0486227472,es un codigo ISBN de una edicion publicada por,Dover Publications
0486227472,está escrito en,Inglés
Michael Haberlandt,es autor de la obra,Primitive and folk jewelry
Primitive and folk jewelry,pertenece al género,Jewelry
Anton Wildgans,es de nacionalidad,Austria
3702301569,es un codigo ISBN para el libro,Rede über Österreich
3702301569,es un codigo ISBN de una edicion publicada por,Verlag Das Bergland-Buch
3702301569,está escrito en,Alemán
Anton Wildgans,es autor de la obra,Rede über Österreich
Rede über Österreich,pertenece al género,History
Rede über Österreich,pertenece al género,Civilization
3218002893,es un codigo ISBN para el libro,Gedichte ; Musik der Kindheit ; Kirbisch
3218002893,es un codigo ISBN de una edicion publicada por,Kremayr & Scheriau
3218002893,está escrito en,Alemán
Anton Wildgans,es autor de la obra,Gedichte ; Musik der Kindheit ; Kirbisch
Alois Podhajsky,es de nacionalidad,Austria
8487428126,es un codigo ISBN para el libro,La equitación
8487428126,es un codigo ISBN de una edicion publicada por,Noticias
8487428126,está escrito en,Español
9788487428128,es un codigo ISBN para el libro,La equitación
9788487428128,es un codigo ISBN de una edicion publicada por,Noticias
9788487428128,está escrito en,Español
Alois Podhajsky,es autor de la obra,La equitación
La equitación,pertenece al género,Equitación
0851316921,es un codigo ISBN para el libro,"My Horses, My Teachers"
0851316921,es un codigo ISBN de una edicion publicada por,J.A.Allen
0851316921,es un codigo ISBN de una edicion publicada por,The Crowood Press
0851316921,está escrito en,Inglés
Alois Podhajsky,es autor de la obra,"My Horses, My Teachers"
"My Horses, My Teachers",pertenece al género,Horsemen and horsewomen
"My Horses, My Teachers",pertenece al género,Correspondence
"My Horses, My Teachers",pertenece al género,"Spanische reitschule (vienna, austria)"
0948253665,es un codigo ISBN para el libro,Riding teacher
0948253665,es un codigo ISBN de una edicion publicada por,Sportsman's Press
0948253665,está escrito en,Inglés
Alois Podhajsky,es autor de la obra,Riding teacher
Riding teacher,pertenece al género,Horsemanship
Robert Jungk,es de nacionalidad,Austria
9783925646652,es un codigo ISBN para el libro,Zukunft gewinnen!
9783925646652,es un codigo ISBN de una edicion publicada por,Altop Verlag
9783925646652,está escrito en,Alemán
Robert Jungk,es autor de la obra,Zukunft gewinnen!
Zukunft gewinnen!,pertenece al género,Forecasting
Zukunft gewinnen!,pertenece al género,The Future
Zukunft gewinnen!,pertenece al género,Social change
3893680780,es un codigo ISBN para el libro,"Zukünfte ""erfinden"" und ihre Verwirklichung in die eigene Hand nehmen"
3893680780,es un codigo ISBN de una edicion publicada por,Zukunftswerkstätten zu menschengemässer Informations- und Kommunikationstechnik
3893680780,está escrito en,Alemán
Robert Jungk,es autor de la obra,"Zukünfte ""erfinden"" und ihre Verwirklichung in die eigene Hand nehmen"
"Zukünfte ""erfinden"" und ihre Verwirklichung in die eigene Hand nehmen",pertenece al género,Information technology
"Zukünfte ""erfinden"" und ihre Verwirklichung in die eigene Hand nehmen",pertenece al género,Social aspects
"Zukünfte ""erfinden"" und ihre Verwirklichung in die eigene Hand nehmen",pertenece al género,Employees
3887092139,es un codigo ISBN para el libro,Das umstrittene Experiment--der Mensch
3887092139,es un codigo ISBN de una edicion publicada por,J. Schweitzer
3887092139,está escrito en,Alemán
Robert Jungk,es autor de la obra,Das umstrittene Experiment--der Mensch
Das umstrittene Experiment--der Mensch,pertenece al género,Social evolution
Das umstrittene Experiment--der Mensch,pertenece al género,Congresses
Das umstrittene Experiment--der Mensch,pertenece al género,Evolutionary Ethics
9783701312078,es un codigo ISBN para el libro,Projekt Zukunft
9783701312078,es un codigo ISBN de una edicion publicada por,Otto Müller Verlag
9783701312078,está escrito en,Alemán
Robert Jungk,es autor de la obra,Projekt Zukunft
Projekt Zukunft,pertenece al género,The Future
Projekt Zukunft,pertenece al género,Futurologists
Projekt Zukunft,pertenece al género,Biography
3701312060,es un codigo ISBN para el libro,Das Sonnenbuch
3701312060,es un codigo ISBN de una edicion publicada por,Otto Müller Verlag
3701312060,está escrito en,Alemán
9783701312061,es un codigo ISBN para el libro,Das Sonnenbuch
9783701312061,es un codigo ISBN de una edicion publicada por,Otto Müller Verlag
9783701312061,está escrito en,Alemán
Robert Jungk,es autor de la obra,Das Sonnenbuch
Das Sonnenbuch,pertenece al género,Social change
Das Sonnenbuch,pertenece al género,Human ecology
Das Sonnenbuch,pertenece al género,Technology
3499166534,es un codigo ISBN para el libro,Die Zukunft hat schon begonnen
3499166534,es un codigo ISBN de una edicion publicada por,Rowohlt
3499166534,está escrito en,Alemán
Robert Jungk,es autor de la obra,Die Zukunft hat schon begonnen
Die Zukunft hat schon begonnen,pertenece al género,Description and travel
9788200045847,es un codigo ISBN para el libro,Mankind Two Thousand
9788200045847,es un codigo ISBN de una edicion publicada por,Universitetsforlaget
8200045846,es un codigo ISBN para el libro,Mankind Two Thousand
8200045846,es un codigo ISBN de una edicion publicada por,Universitetsforlaget
Robert Jungk,es autor de la obra,Mankind Two Thousand
3884580116,es un codigo ISBN para el libro,Der Störfall von Harrisburg
3884580116,es un codigo ISBN de una edicion publicada por,Erb
3884580116,está escrito en,Alemán
9783884580110,es un codigo ISBN para el libro,Der Störfall von Harrisburg
9783884580110,es un codigo ISBN de una edicion publicada por,Erb
9783884580110,está escrito en,Alemán
Robert Jungk,es autor de la obra,Der Störfall von Harrisburg
Der Störfall von Harrisburg,pertenece al género,Störfall <Kerntechn.>
Der Störfall von Harrisburg,pertenece al género,Harrisburg
Der Störfall von Harrisburg,pertenece al género,Technik
9780940512221,es un codigo ISBN para el libro,Dead tech
9780940512221,es un codigo ISBN de una edicion publicada por,Hennessey & Ingalls
9780940512221,está escrito en,Inglés
094051222X,es un codigo ISBN para el libro,Dead tech
094051222X,es un codigo ISBN de una edicion publicada por,Hennessey & Ingalls
094051222X,está escrito en,Inglés
Robert Jungk,es autor de la obra,Dead tech
Dead tech,pertenece al género,Social aspects
Dead tech,pertenece al género,Industrial archaeology
Dead tech,pertenece al género,Technology
0900391308,es un codigo ISBN para el libro,China and the West
0900391308,es un codigo ISBN de una edicion publicada por,Garnstone Press
0900391308,está escrito en,Inglés
0391000233,es un codigo ISBN para el libro,China and the West
0391000233,es un codigo ISBN de una edicion publicada por,Humanities Press
0391000233,está escrito en,Inglés
Robert Jungk,es autor de la obra,China and the West
China and the West,pertenece al género,Civilization
China and the West,pertenece al género,Civilisation
China and the West,pertenece al género,"China, civilization"
3630868010,es un codigo ISBN para el libro,Katalog der Hoffnung
3630868010,es un codigo ISBN de una edicion publicada por,Luchterhand
3630868010,está escrito en,Alemán
Robert Jungk,es autor de la obra,Katalog der Hoffnung
Katalog der Hoffnung,pertenece al género,Twenty-first century
Katalog der Hoffnung,pertenece al género,Twentieth century
Katalog der Hoffnung,pertenece al género,Forecasts
3797102011,es un codigo ISBN para el libro,Alternatives Leben
3797102011,es un codigo ISBN de una edicion publicada por,Signal-Verlag Frevert
3797102011,está escrito en,Alemán
Robert Jungk,es autor de la obra,Alternatives Leben
Alternatives Leben,pertenece al género,Social conditions
Alternatives Leben,pertenece al género,Conflict of generations
Alternatives Leben,pertenece al género,Communal living
3872941011,es un codigo ISBN para el libro,Die Grenzen der Resignation
3872941011,es un codigo ISBN de una edicion publicada por,Hammer
3872941011,está escrito en,Alemán
Robert Jungk,es autor de la obra,Die Grenzen der Resignation
Die Grenzen der Resignation,pertenece al género,"Addresses, essays, lectures"
Die Grenzen der Resignation,pertenece al género,Modern Civilization
Die Grenzen der Resignation,pertenece al género,Forecasting
3882660007,es un codigo ISBN para el libro,Enzyklopädie der Zukunft
3882660007,es un codigo ISBN de una edicion publicada por,IVA
3882660007,está escrito en,Alemán
Robert Jungk,es autor de la obra,Enzyklopädie der Zukunft
Enzyklopädie der Zukunft,pertenece al género,Forecasting
Enzyklopädie der Zukunft,pertenece al género,Modern Civilization
Enzyklopädie der Zukunft,pertenece al género,"Addresses, essays, lectures"
3901100164,es un codigo ISBN para el libro,--damit wir nicht untergehen--
3901100164,es un codigo ISBN de una edicion publicada por,Edition Sandkorn
3901100164,está escrito en,Alemán
Robert Jungk,es autor de la obra,--damit wir nicht untergehen--
--damit wir nicht untergehen--,pertenece al género,Austria
--damit wir nicht untergehen--,pertenece al género,Forecasts
--damit wir nicht untergehen--,pertenece al género,Modern Civilization
3463007045,es un codigo ISBN para el libro,Der Atom-Staat
3463007045,es un codigo ISBN de una edicion publicada por,Kindler
3463007045,está escrito en,Alemán
Robert Jungk,es autor de la obra,Der Atom-Staat
Der Atom-Staat,pertenece al género,Law and legislation
Der Atom-Staat,pertenece al género,Nuclear energy
Der Atom-Staat,pertenece al género,Nuclear industry
3453033949,es un codigo ISBN para el libro,Deutschland von aussen
3453033949,es un codigo ISBN de una edicion publicada por,Heyne
3453033949,está escrito en,Alemán
Robert Jungk,es autor de la obra,Deutschland von aussen
Deutschland von aussen,pertenece al género,"World War, 1939-1945"
Deutschland von aussen,pertenece al género,Public opinion
Deutschland von aussen,pertenece al género,History
Heinrich Brandler,es de nacionalidad,Austria
3767805227,es un codigo ISBN para el libro,Unabhängige Kommunisten
3767805227,es un codigo ISBN de una edicion publicada por,Colloquium-Verlag
3767805227,está escrito en,Alemán
Heinrich Brandler,es autor de la obra,Unabhängige Kommunisten
Unabhängige Kommunisten,pertenece al género,Communists
Unabhängige Kommunisten,pertenece al género,Correspondence
Rudolf Eisler,es de nacionalidad,Austria
3932544528,es un codigo ISBN para el libro,Philosophen-Lexikon
3932544528,es un codigo ISBN de una edicion publicada por,Directmedia Publishing
3932544528,está escrito en,Alemán
Rudolf Eisler,es autor de la obra,Philosophen-Lexikon
Philosophen-Lexikon,pertenece al género,Philosophers
9780543783202,es un codigo ISBN para el libro,Das Wirken der Seele
9780543783202,es un codigo ISBN de una edicion publicada por,Adamant Media Corporation
9780543783202,está escrito en,Alemán
0543783200,es un codigo ISBN para el libro,Das Wirken der Seele
0543783200,es un codigo ISBN de una edicion publicada por,Adamant Media Corporation
0543783200,está escrito en,Alemán
Rudolf Eisler,es autor de la obra,Das Wirken der Seele
0790575132,es un codigo ISBN para el libro,Der zweck
0790575132,es un codigo ISBN de una edicion publicada por,E.S. Mittler
0790575132,está escrito en,Alemán
Rudolf Eisler,es autor de la obra,Der zweck
Der zweck,pertenece al género,Teleology
0790577267,es un codigo ISBN para el libro,Geschichte des Monismus
0790577267,es un codigo ISBN de una edicion publicada por,Alfred Kröner
0790577267,está escrito en,Alemán
Rudolf Eisler,es autor de la obra,Geschichte des Monismus
Geschichte des Monismus,pertenece al género,Monism
Geschichte des Monismus,pertenece al género,History
3777800813,es un codigo ISBN para el libro,Kritische Einführung in die Philosophie
3777800813,es un codigo ISBN de una edicion publicada por,Journalfranz A. Liebing
3777800813,está escrito en,Alemán
Rudolf Eisler,es autor de la obra,Kritische Einführung in die Philosophie
Kritische Einführung in die Philosophie,pertenece al género,Introductions
Kritische Einführung in die Philosophie,pertenece al género,Philosophy
0828864179,es un codigo ISBN para el libro,Philosophen Lexikon Lexicon of Philosophy
0828864179,es un codigo ISBN de una edicion publicada por,French & European Pubns
9780828864176,es un codigo ISBN para el libro,Philosophen Lexikon Lexicon of Philosophy
9780828864176,es un codigo ISBN de una edicion publicada por,French & European Pubns
Rudolf Eisler,es autor de la obra,Philosophen Lexikon Lexicon of Philosophy
Clemens Berger,es de nacionalidad,Austria
3980692507,es un codigo ISBN para el libro,Percy Aldridge Grainger 1882-1961
3980692507,es un codigo ISBN de una edicion publicada por,HeBu Musikverlag
3980692507,está escrito en,Alemán
Clemens Berger,es autor de la obra,Percy Aldridge Grainger 1882-1961
Percy Aldridge Grainger 1882-1961,pertenece al género,Composers
Percy Aldridge Grainger 1882-1961,pertenece al género,Biography
9783835306196,es un codigo ISBN para el libro,Das Streichelinstitut
9783835306196,es un codigo ISBN de una edicion publicada por,Wallstein
9783835306196,está escrito en,Alemán
3442748496,es un codigo ISBN para el libro,Das Streichelinstitut
3442748496,es un codigo ISBN de una edicion publicada por,btb Verlag
9783442748495,es un codigo ISBN para el libro,Das Streichelinstitut
9783442748495,es un codigo ISBN de una edicion publicada por,btb Verlag
Clemens Berger,es autor de la obra,Das Streichelinstitut
3708231961,es un codigo ISBN para el libro,Paul Beers Beweis
3708231961,es un codigo ISBN de una edicion publicada por,Skarabaeus
3708231961,está escrito en,Alemán
Clemens Berger,es autor de la obra,Paul Beers Beweis
9783630874104,es un codigo ISBN para el libro,Ein Versprechen von Gegenwart
9783630874104,es un codigo ISBN de una edicion publicada por,Luchterhand
9783630874104,está escrito en,Alemán
363087410X,es un codigo ISBN para el libro,Ein Versprechen von Gegenwart
363087410X,es un codigo ISBN de una edicion publicada por,Luchterhand
363087410X,está escrito en,Alemán
Clemens Berger,es autor de la obra,Ein Versprechen von Gegenwart
Ein Versprechen von Gegenwart,pertenece al género,Erotica
Ein Versprechen von Gegenwart,pertenece al género,Fiction
Ein Versprechen von Gegenwart,pertenece al género,Man-woman relationships
9783835304734,es un codigo ISBN para el libro,Und hieb ihm das rechte Ohr ab
9783835304734,es un codigo ISBN de una edicion publicada por,Wallstein
9783835304734,está escrito en,Alemán
Clemens Berger,es autor de la obra,Und hieb ihm das rechte Ohr ab
Und hieb ihm das rechte Ohr ab,pertenece al género,Emotions
Und hieb ihm das rechte Ohr ab,pertenece al género,Fiction
9783942212588,es un codigo ISBN para el libro,Beef Tartare
9783942212588,es un codigo ISBN de una edicion publicada por,"Literatur-Quickie, Probsthayn"
9783942212588,está escrito en,Alemán
Clemens Berger,es autor de la obra,Beef Tartare
9783901757853,es un codigo ISBN para el libro,"Gatsch, Und jetzt"
9783901757853,es un codigo ISBN de una edicion publicada por,Edition lex liszt 12
9783901757853,está escrito en,Alemán
Clemens Berger,es autor de la obra,"Gatsch, Und jetzt"
9783708232195,es un codigo ISBN para el libro,Die Wettesser
9783708232195,es un codigo ISBN de una edicion publicada por,Skarabaeus
9783708232195,está escrito en,Alemán
Clemens Berger,es autor de la obra,Die Wettesser
9783835308039,es un codigo ISBN para el libro,Streichelinstitut
9783835308039,es un codigo ISBN de una edicion publicada por,Wallstein Verlag
9783835308039,está escrito en,gem
Clemens Berger,es autor de la obra,Streichelinstitut
9783835307278,es un codigo ISBN para el libro,Und Hieb Ihm das Rechte Ohr Ab
9783835307278,es un codigo ISBN de una edicion publicada por,Wallstein Verlag
9783835307278,está escrito en,gem
Clemens Berger,es autor de la obra,Und Hieb Ihm das Rechte Ohr Ab
9783630875316,es un codigo ISBN para el libro,Im Jahr des Panda
9783630875316,es un codigo ISBN de una edicion publicada por,Luchterhand Literaturverlag
3630875319,es un codigo ISBN para el libro,Im Jahr des Panda
3630875319,es un codigo ISBN de una edicion publicada por,Luchterhand Literaturverlag
Clemens Berger,es autor de la obra,Im Jahr des Panda
9783701717330,es un codigo ISBN para el libro,Der Präsident
9783701717330,es un codigo ISBN de una edicion publicada por,Residenz Verlag
9783701717330,está escrito en,Alemán
Clemens Berger,es autor de la obra,Der Präsident
Arthur Schnitzler,es de nacionalidad,Austria
9788466313414,es un codigo ISBN para el libro,'La cita' y otros cuentos de mujeres infieles
9788466313414,es un codigo ISBN de una edicion publicada por,Suma de Letras
9788466313414,está escrito en,Español
8466313419,es un codigo ISBN para el libro,'La cita' y otros cuentos de mujeres infieles
8466313419,es un codigo ISBN de una edicion publicada por,Suma de Letras
8466313419,está escrito en,Español
9681913620,es un codigo ISBN para el libro,'La cita' y otros cuentos de mujeres infieles
9681913620,es un codigo ISBN de una edicion publicada por,Alfaguara
9681913620,está escrito en,Español
9789681913625,es un codigo ISBN para el libro,'La cita' y otros cuentos de mujeres infieles
9789681913625,es un codigo ISBN de una edicion publicada por,Alfaguara
9789681913625,está escrito en,Español
Arthur Schnitzler,es autor de la obra,'La cita' y otros cuentos de mujeres infieles
'La cita' y otros cuentos de mujeres infieles,pertenece al género,Ficción
'La cita' y otros cuentos de mujeres infieles,pertenece al género,Adulterio
'La cita' y otros cuentos de mujeres infieles,pertenece al género,Adultery
Andreas Mölzer,es de nacionalidad,Austria
3900968012,es un codigo ISBN para el libro,Deutsche Bausteine Mitteleuropas
3900968012,es un codigo ISBN de una edicion publicada por,Aula-Verlag
3900968012,está escrito en,Alemán
Andreas Mölzer,es autor de la obra,Deutsche Bausteine Mitteleuropas
Deutsche Bausteine Mitteleuropas,pertenece al género,Nationalism
Deutsche Bausteine Mitteleuropas,pertenece al género,Relations
Deutsche Bausteine Mitteleuropas,pertenece al género,Politics and government
3950000909,es un codigo ISBN para el libro,"Jörg, der Eisbrecher"
3950000909,es un codigo ISBN de una edicion publicada por,Suxxes
3950000909,está escrito en,Alemán
Andreas Mölzer,es autor de la obra,"Jörg, der Eisbrecher"
"Jörg, der Eisbrecher",pertenece al género,Freiheitliche Partei Österreichs
"Jörg, der Eisbrecher",pertenece al género,Politics and government
3850022978,es un codigo ISBN para el libro,Kärntner Freiheit
3850022978,es un codigo ISBN de una edicion publicada por,Amalthea
3850022978,está escrito en,Alemán
Andreas Mölzer,es autor de la obra,Kärntner Freiheit
Kärntner Freiheit,pertenece al género,History
Kärntner Freiheit,pertenece al género,Ethnic relations
Kärntner Freiheit,pertenece al género,Slovenes
3900968020,es un codigo ISBN para el libro,Pro patria
3900968020,es un codigo ISBN de una edicion publicada por,Aula
3900968020,está escrito en,Alemán
Andreas Mölzer,es autor de la obra,Pro patria
Pro patria,pertenece al género,Students
Pro patria,pertenece al género,Societies
Pro patria,pertenece al género,History
3861180383,es un codigo ISBN para el libro,Servus Österreich
3861180383,es un codigo ISBN de una edicion publicada por,VGB-Verlagsgesellschaft Berg
3861180383,está escrito en,Alemán
Andreas Mölzer,es autor de la obra,Servus Österreich
Servus Österreich,pertenece al género,Politics and government
Servus Österreich,pertenece al género,Philosophy
Servus Österreich,pertenece al género,History
3921655773,es un codigo ISBN para el libro,Und wo bleibt Österreich?
3921655773,es un codigo ISBN de una edicion publicada por,Verlagsgemeinschaft Berg
3921655773,está escrito en,Alemán
Andreas Mölzer,es autor de la obra,Und wo bleibt Österreich?
Und wo bleibt Österreich?,pertenece al género,Foreign relations
Und wo bleibt Österreich?,pertenece al género,Politics and government
Und wo bleibt Österreich?,pertenece al género,European federation
9783900052102,es un codigo ISBN para el libro,Europa - Traum und Albtraum
9783900052102,es un codigo ISBN de una edicion publicada por,W3 Verlagsges.
9783900052102,es un codigo ISBN de una edicion publicada por,W3 Verlagsgesellschaft
9783900052102,está escrito en,Alemán
3900052107,es un codigo ISBN para el libro,Europa - Traum und Albtraum
3900052107,es un codigo ISBN de una edicion publicada por,W3 Verlagsges.
3900052107,es un codigo ISBN de una edicion publicada por,W3 Verlagsgesellschaft
3900052107,está escrito en,Alemán
Andreas Mölzer,es autor de la obra,Europa - Traum und Albtraum
Europa - Traum und Albtraum,pertenece al género,History
Europa - Traum und Albtraum,pertenece al género,Politics and government
Europa - Traum und Albtraum,pertenece al género,Civilization
9783900052143,es un codigo ISBN para el libro,Freiheit schreibt auf Eure Fahnen!
9783900052143,es un codigo ISBN de una edicion publicada por,W3 Verlagsges
9783900052143,está escrito en,Alemán
9783900052140,es un codigo ISBN para el libro,Freiheit schreibt auf Eure Fahnen!
9783900052140,es un codigo ISBN de una edicion publicada por,W3 Verlagsges
9783900052140,está escrito en,Alemán
Andreas Mölzer,es autor de la obra,Freiheit schreibt auf Eure Fahnen!
Freiheit schreibt auf Eure Fahnen!,pertenece al género,History
Freiheit schreibt auf Eure Fahnen!,pertenece al género,Politics and government
Freiheit schreibt auf Eure Fahnen!,pertenece al género,Liberalism
3900600007,es un codigo ISBN para el libro,Österreich und die deutsche Nation
3900600007,es un codigo ISBN de una edicion publicada por,Aula-Verlag
3900600007,está escrito en,Alemán
Andreas Mölzer,es autor de la obra,Österreich und die deutsche Nation
Österreich und die deutsche Nation,pertenece al género,German National characteristics
Österreich und die deutsche Nation,pertenece al género,Nationalism
Österreich und die deutsche Nation,pertenece al género,Relations
3902350148,es un codigo ISBN para el libro,Europa unser
3902350148,es un codigo ISBN de una edicion publicada por,Österreichische Landsmannschaft
3902350148,está escrito en,Alemán
Andreas Mölzer,es autor de la obra,Europa unser
Europa unser,pertenece al género,Politics and government
Europa unser,pertenece al género,Social conditions
9783900052324,es un codigo ISBN para el libro,Wendezeiten
9783900052324,es un codigo ISBN de una edicion publicada por,W3 Verlagsges. m.b.H.
9783900052324,está escrito en,Alemán
Andreas Mölzer,es autor de la obra,Wendezeiten
Wendezeiten,pertenece al género,International relations
Wendezeiten,pertenece al género,History
Wendezeiten,pertenece al género,Foreign relations
3927940135,es un codigo ISBN para el libro,Lob der Kälte
3927940135,es un codigo ISBN de una edicion publicada por,Arun
3927940135,está escrito en,Alemán
Andreas Mölzer,es autor de la obra,Lob der Kälte
9783900052119,es un codigo ISBN para el libro,Vogelfrei
9783900052119,es un codigo ISBN de una edicion publicada por,W3
9783900052119,es un codigo ISBN de una edicion publicada por,W3 Verlagsges.
9783900052119,está escrito en,Alemán
3900052115,es un codigo ISBN para el libro,Vogelfrei
3900052115,es un codigo ISBN de una edicion publicada por,W3
3900052115,es un codigo ISBN de una edicion publicada por,W3 Verlagsges.
3900052115,está escrito en,Alemán
Andreas Mölzer,es autor de la obra,Vogelfrei
Vogelfrei,pertenece al género,Radicalism
Vogelfrei,pertenece al género,Left-wing extremists
Vogelfrei,pertenece al género,Right-wing extremists
3702006842,es un codigo ISBN para el libro,Zukunft europäisches Sicherheitssystem?
3702006842,es un codigo ISBN de una edicion publicada por,Stocker
3702006842,está escrito en,Alemán
Andreas Mölzer,es autor de la obra,Zukunft europäisches Sicherheitssystem?
Zukunft europäisches Sicherheitssystem?,pertenece al género,Congresses
Zukunft europäisches Sicherheitssystem?,pertenece al género,North Atlantic Treaty Organization
Zukunft europäisches Sicherheitssystem?,pertenece al género,Military relations
9783200027527,es un codigo ISBN para el libro,Seid verschlungen Billionen -
9783200027527,es un codigo ISBN de una edicion publicada por,Tributsch
9783200027527,está escrito en,Alemán
Andreas Mölzer,es autor de la obra,Seid verschlungen Billionen -
Seid verschlungen Billionen -,pertenece al género,Euro
Seid verschlungen Billionen -,pertenece al género,Eurozone
Seid verschlungen Billionen -,pertenece al género,Currency crises
3702006869,es un codigo ISBN para el libro,Sozialismus - Ende oder Aufbruch?
3702006869,es un codigo ISBN de una edicion publicada por,Leopold Stocker
3702006869,está escrito en,Alemán
Andreas Mölzer,es autor de la obra,Sozialismus - Ende oder Aufbruch?
Sozialismus - Ende oder Aufbruch?,pertenece al género,Socialism
Sozialismus - Ende oder Aufbruch?,pertenece al género,Communism
Sozialismus - Ende oder Aufbruch?,pertenece al género,History
3702007032,es un codigo ISBN para el libro,Juden und Deutsche
3702007032,es un codigo ISBN de una edicion publicada por,L. Stocker
3702007032,está escrito en,Alemán
Andreas Mölzer,es autor de la obra,Juden und Deutsche
Juden und Deutsche,pertenece al género,Jews
Juden und Deutsche,pertenece al género,Ethnic relations
Juden und Deutsche,pertenece al género,History
Peter Sichrovsky,es de nacionalidad,Austria
9780465007424,es un codigo ISBN para el libro,Born guilty
9780465007424,es un codigo ISBN de una edicion publicada por,Basic Books
9780465007424,está escrito en,Inglés
0465007422,es un codigo ISBN para el libro,Born guilty
0465007422,es un codigo ISBN de una edicion publicada por,Basic Books
0465007422,está escrito en,Inglés
0465007422,está escrito en,Alemán
Peter Sichrovsky,es autor de la obra,Born guilty
Born guilty,pertenece al género,Psychological aspects
Born guilty,pertenece al género,Guilt
Born guilty,pertenece al género,Children
1850430330,es un codigo ISBN para el libro,"Wir wissen nicht was morgen wird, wir wissen wohl was gestern war"
1850430330,es un codigo ISBN de una edicion publicada por,Tauris
1850430330,está escrito en,Inglés
0465082114,es un codigo ISBN para el libro,"Wir wissen nicht was morgen wird, wir wissen wohl was gestern war"
0465082114,es un codigo ISBN de una edicion publicada por,Basic Books
0465082114,está escrito en,Inglés
0140099654,es un codigo ISBN para el libro,"Wir wissen nicht was morgen wird, wir wissen wohl was gestern war"
0140099654,es un codigo ISBN de una edicion publicada por,Penguin Books
0140099654,está escrito en,Inglés
3462016717,es un codigo ISBN para el libro,"Wir wissen nicht was morgen wird, wir wissen wohl was gestern war"
3462016717,es un codigo ISBN de una edicion publicada por,Kiepenheuer & Witsch
3462016717,está escrito en,Alemán
Peter Sichrovsky,es autor de la obra,"Wir wissen nicht was morgen wird, wir wissen wohl was gestern war"
"Wir wissen nicht was morgen wird, wir wissen wohl was gestern war",pertenece al género,Biography
"Wir wissen nicht was morgen wird, wir wissen wohl was gestern war",pertenece al género,Children of Holocaust survivors
"Wir wissen nicht was morgen wird, wir wissen wohl was gestern war",pertenece al género,History
9780983254034,es un codigo ISBN para el libro,Verklempt
9780983254034,es un codigo ISBN de una edicion publicada por,DoppelHouse Press
9780983254034,está escrito en,Inglés
9780999754481,es un codigo ISBN para el libro,Verklempt
9780999754481,es un codigo ISBN de una edicion publicada por,DoppelHouse Press
0999754483,es un codigo ISBN para el libro,Verklempt
0999754483,es un codigo ISBN de una edicion publicada por,DoppelHouse Press
Peter Sichrovsky,es autor de la obra,Verklempt
Verklempt,pertenece al género,"Fiction, short stories (single author)"
Verklempt,pertenece al género,"Jews, fiction"
Verklempt,pertenece al género,"Fiction, general"
8307019214,es un codigo ISBN para el libro,Schuldig geboren
8307019214,es un codigo ISBN de una edicion publicada por,Czytelnik
8307019214,está escrito en,Polaco
3462018361,es un codigo ISBN para el libro,Schuldig geboren
3462018361,es un codigo ISBN de una edicion publicada por,Kiepenheuer & Witsch
3462018361,está escrito en,Alemán
Peter Sichrovsky,es autor de la obra,Schuldig geboren
Schuldig geboren,pertenece al género,Psychological aspects
Schuldig geboren,pertenece al género,Guilt
Schuldig geboren,pertenece al género,Children
3800413728,es un codigo ISBN para el libro,Der Antifa- Komplex. Das korrekte Weltbild
3800413728,es un codigo ISBN de una edicion publicada por,Universitas Verlag
9783800413720,es un codigo ISBN para el libro,Der Antifa- Komplex. Das korrekte Weltbild
9783800413720,es un codigo ISBN de una edicion publicada por,Universitas Verlag
Peter Sichrovsky,es autor de la obra,Der Antifa- Komplex. Das korrekte Weltbild
0679404198,es un codigo ISBN para el libro,Abraham's children
0679404198,es un codigo ISBN de una edicion publicada por,Pantheon Books
0679404198,está escrito en,Inglés
9780517088555,es un codigo ISBN para el libro,Abraham's children
9780517088555,es un codigo ISBN de una edicion publicada por,Random House Value Publishing
9780517088555,está escrito en,Inglés
051708855X,es un codigo ISBN para el libro,Abraham's children
051708855X,es un codigo ISBN de una edicion publicada por,Random House Value Publishing
051708855X,está escrito en,Inglés
Peter Sichrovsky,es autor de la obra,Abraham's children
Abraham's children,pertenece al género,Arab-Israeli conflict
Abraham's children,pertenece al género,Interviews
Abraham's children,pertenece al género,Israeli National characteristics
9780140099652,es un codigo ISBN para el libro,Strangers in Their Own
9780140099652,es un codigo ISBN de una edicion publicada por,Penguin (Non-Classics)
9780140099652,está escrito en,Inglés
0140099654,es un codigo ISBN para el libro,Strangers in Their Own
0140099654,es un codigo ISBN de una edicion publicada por,Penguin (Non-Classics)
Peter Sichrovsky,es autor de la obra,Strangers in Their Own
9789650420956,es un codigo ISBN para el libro,Noldu ashemim
9789650420956,es un codigo ISBN de una edicion publicada por,Sifriyat poalim
9789650420956,está escrito en,heb
9650420959,es un codigo ISBN para el libro,Noldu ashemim
9650420959,es un codigo ISBN de una edicion publicada por,Sifriyat poalim
9650420959,está escrito en,heb
Peter Sichrovsky,es autor de la obra,Noldu ashemim
Noldu ashemim,pertenece al género,National socialism
Noldu ashemim,pertenece al género,Psychological aspects
Noldu ashemim,pertenece al género,Children
9783499187742,es un codigo ISBN para el libro,Seelentraining
9783499187742,es un codigo ISBN de una edicion publicada por,Rowohlt
9783499187742,está escrito en,Alemán
3499187744,es un codigo ISBN para el libro,Seelentraining
3499187744,es un codigo ISBN de una edicion publicada por,Rowohlt
3499187744,está escrito en,Alemán
3805204612,es un codigo ISBN para el libro,Seelentraining
3805204612,es un codigo ISBN de una edicion publicada por,Wunderlich
3805204612,está escrito en,Alemán
Peter Sichrovsky,es autor de la obra,Seelentraining
Seelentraining,pertenece al género,Management
Seelentraining,pertenece al género,Study and teaching
Seelentraining,pertenece al género,Psychological aspects
9780465007417,es un codigo ISBN para el libro,Born Guilty
9780465007417,es un codigo ISBN de una edicion publicada por,Basic Books
9780465007417,está escrito en,Inglés
0465007414,es un codigo ISBN para el libro,Born Guilty
0465007414,es un codigo ISBN de una edicion publicada por,Basic Books
0465007414,está escrito en,Inglés
Peter Sichrovsky,es autor de la obra,Born Guilty
3921099684,es un codigo ISBN para el libro,China-Handel
3921099684,es un codigo ISBN de una edicion publicada por,Deutscher Betriebswirte-Verlag
3921099684,está escrito en,Alemán
Peter Sichrovsky,es autor de la obra,China-Handel
China-Handel,pertenece al género,Commerce
China-Handel,pertenece al género,Economic conditions
China-Handel,pertenece al género,"Handbooks, manuals"
3312007828,es un codigo ISBN para el libro,Das Bild des roten Drachen
3312007828,es un codigo ISBN de una edicion publicada por,Nagel & Kimche
3312007828,está escrito en,Alemán
Peter Sichrovsky,es autor de la obra,Das Bild des roten Drachen
3462020293,es un codigo ISBN para el libro,Die Kinder Abrahams
3462020293,es un codigo ISBN de una edicion publicada por,Kiepenheuer & Witsch
3462020293,está escrito en,Alemán
Peter Sichrovsky,es autor de la obra,Die Kinder Abrahams
Die Kinder Abrahams,pertenece al género,Arab-Israeli conflict
Die Kinder Abrahams,pertenece al género,Interviews
Die Kinder Abrahams,pertenece al género,Israel
3312007739,es un codigo ISBN para el libro,Die Kobra-Falle
3312007739,es un codigo ISBN de una edicion publicada por,Nagel & Kimche
3312007739,está escrito en,Alemán
Peter Sichrovsky,es autor de la obra,Die Kobra-Falle
0940429179,es un codigo ISBN para el libro,Incurably German
0940429179,es un codigo ISBN de una edicion publicada por,Swan Books
0940429179,está escrito en,Inglés
9780940429178,es un codigo ISBN para el libro,Incurably German
9780940429178,es un codigo ISBN de una edicion publicada por,Swan Books
9780940429178,está escrito en,Inglés
Peter Sichrovsky,es autor de la obra,Incurably German
3455083862,es un codigo ISBN para el libro,"Liebe, Hass und Gleichgültigkeit"
3455083862,es un codigo ISBN de una edicion publicada por,Hoffmann und Campe
3455083862,está escrito en,Alemán
Peter Sichrovsky,es autor de la obra,"Liebe, Hass und Gleichgültigkeit"
"Liebe, Hass und Gleichgültigkeit",pertenece al género,Intergenerational relations
"Liebe, Hass und Gleichgültigkeit",pertenece al género,Interpersonal relations
"Liebe, Hass und Gleichgültigkeit",pertenece al género,Man-woman relationships
3312007380,es un codigo ISBN para el libro,Mein Freund David
3312007380,es un codigo ISBN de una edicion publicada por,Nagel & Kimche
3312007380,está escrito en,Alemán
Peter Sichrovsky,es autor de la obra,Mein Freund David
Mein Freund David,pertenece al género,Judaism
Mein Freund David,pertenece al género,Juvenile fiction
9782020126373,es un codigo ISBN para el libro,"Naître coupable, Naître victime"
9782020126373,es un codigo ISBN de una edicion publicada por,Seuil
9782020126373,está escrito en,Francés
2020126370,es un codigo ISBN para el libro,"Naître coupable, Naître victime"
2020126370,es un codigo ISBN de una edicion publicada por,Seuil
2020126370,está escrito en,Francés
Peter Sichrovsky,es autor de la obra,"Naître coupable, Naître victime"
3462022938,es un codigo ISBN para el libro,Unheilbar Deutsch
3462022938,es un codigo ISBN de una edicion publicada por,Kiepenheuer & Witsch
3462022938,está escrito en,Alemán
Peter Sichrovsky,es autor de la obra,Unheilbar Deutsch
Unheilbar Deutsch,pertenece al género,Biography
Unheilbar Deutsch,pertenece al género,Politics and government
Unheilbar Deutsch,pertenece al género,Radicals
3854850026,es un codigo ISBN para el libro,Verklemmt
3854850026,es un codigo ISBN de una edicion publicada por,Molden
3854850026,está escrito en,Alemán
Peter Sichrovsky,es autor de la obra,Verklemmt
3827001803,es un codigo ISBN para el libro,Resistent
3827001803,es un codigo ISBN de una edicion publicada por,Berlin-Verl.
3827001803,está escrito en,Alemán
9783827001801,es un codigo ISBN para el libro,Resistent
9783827001801,es un codigo ISBN de una edicion publicada por,Berlin-Verl.
9783827001801,está escrito en,Alemán
Peter Sichrovsky,es autor de la obra,Resistent
Resistent,pertenece al género,Communicable diseases
Resistent,pertenece al género,Animals as carriers of disease
Resistent,pertenece al género,Transmission
"Wir wissen nicht was morgen wird, wir wissen wohl was gestern war",pertenece al género,Jews
"Wir wissen nicht was morgen wird, wir wissen wohl was gestern war",pertenece al género,Personal narratives
9788307022802,es un codigo ISBN para el libro,Dzieci Abrahama
9788307022802,es un codigo ISBN de una edicion publicada por,Czytelnik
9788307022802,está escrito en,Polaco
8307022800,es un codigo ISBN para el libro,Dzieci Abrahama
8307022800,es un codigo ISBN de una edicion publicada por,Czytelnik
8307022800,está escrito en,Polaco
Peter Sichrovsky,es autor de la obra,Dzieci Abrahama
Dzieci Abrahama,pertenece al género,Israeli National characteristics
Dzieci Abrahama,pertenece al género,Israelis
Dzieci Abrahama,pertenece al género,Interviews
1850430624,es un codigo ISBN para el libro,Born guilty
1850430624,es un codigo ISBN de una edicion publicada por,I.B. Tauris
1850430624,está escrito en,Inglés
Born guilty,pertenece al género,National socialism
2876040131,es un codigo ISBN para el libro,Na©ʾtre coupable na©ʾtre victime
2876040131,es un codigo ISBN de una edicion publicada por,Maren Sell
2876040131,está escrito en,Francés
Peter Sichrovsky,es autor de la obra,Na©ʾtre coupable na©ʾtre victime
Na©ʾtre coupable na©ʾtre victime,pertenece al género,Children of Holocaust survivors
Na©ʾtre coupable na©ʾtre victime,pertenece al género,Children
Na©ʾtre coupable na©ʾtre victime,pertenece al género,Biography
Norbert Gstrein,es de nacionalidad,Austria
3518394592,es un codigo ISBN para el libro,Einer
3518394592,es un codigo ISBN de una edicion publicada por,"Suhrkamp, Ffm."
3518394592,está escrito en,Alemán
9783518394595,es un codigo ISBN para el libro,Einer
9783518394595,es un codigo ISBN de una edicion publicada por,"Suhrkamp, Ffm."
9783518394595,está escrito en,Alemán
3518124234,es un codigo ISBN para el libro,Einer
3518124234,es un codigo ISBN de una edicion publicada por,Suhrkamp
3518124234,está escrito en,Alemán
3518114832,es un codigo ISBN para el libro,Einer
3518114832,es un codigo ISBN de una edicion publicada por,Suhrkamp
3518114832,está escrito en,Alemán
Norbert Gstrein,es autor de la obra,Einer
3518404784,es un codigo ISBN para el libro,Das Register
3518404784,es un codigo ISBN de una edicion publicada por,Suhrkamp
3518404784,está escrito en,Alemán
9783518404782,es un codigo ISBN para el libro,Das Register
9783518404782,es un codigo ISBN de una edicion publicada por,Suhrkamp
9783518404782,está escrito en,Alemán
3518387987,es un codigo ISBN para el libro,Das Register
3518387987,es un codigo ISBN de una edicion publicada por,Suhrkamp
3518387987,está escrito en,Alemán
9783518387986,es un codigo ISBN para el libro,Das Register
9783518387986,es un codigo ISBN de una edicion publicada por,Suhrkamp
9783518387986,está escrito en,Alemán
Norbert Gstrein,es autor de la obra,Das Register
3518397745,es un codigo ISBN para el libro,Die englischen Jahre
3518397745,es un codigo ISBN de una edicion publicada por,Suhrkamp
3518397745,está escrito en,Alemán
9783518397749,es un codigo ISBN para el libro,Die englischen Jahre
9783518397749,es un codigo ISBN de una edicion publicada por,Suhrkamp
9783518397749,está escrito en,Alemán
3518410636,es un codigo ISBN para el libro,Die englischen Jahre
3518410636,es un codigo ISBN de una edicion publicada por,Suhrkamp
3518410636,está escrito en,Alemán
Norbert Gstrein,es autor de la obra,Die englischen Jahre
Die englischen Jahre,pertenece al género,German fiction
9781849164047,es un codigo ISBN para el libro,Winters in the south
9781849164047,es un codigo ISBN de una edicion publicada por,MacLehose Press
9781849164047,está escrito en,Inglés
1849164045,es un codigo ISBN para el libro,Winters in the south
1849164045,es un codigo ISBN de una edicion publicada por,MacLehose Press
1849164045,está escrito en,Inglés
9781849169844,es un codigo ISBN para el libro,Winters in the south
9781849169844,es un codigo ISBN de una edicion publicada por,MacLehose Press
9781849169844,está escrito en,Inglés
1906694311,es un codigo ISBN para el libro,Winters in the south
1906694311,es un codigo ISBN de una edicion publicada por,"MacLehose Press, Quercus"
1906694311,está escrito en,Inglés
9781906694302,es un codigo ISBN para el libro,Winters in the south
9781906694302,es un codigo ISBN de una edicion publicada por,"MacLehose Press, Quercus"
9781906694302,está escrito en,Inglés
9781906694319,es un codigo ISBN para el libro,Winters in the south
9781906694319,es un codigo ISBN de una edicion publicada por,"MacLehose Press, Quercus"
9781906694319,está escrito en,Inglés
1906694303,es un codigo ISBN para el libro,Winters in the south
1906694303,es un codigo ISBN de una edicion publicada por,"MacLehose Press, Quercus"
1906694303,está escrito en,Inglés
Norbert Gstrein,es autor de la obra,Winters in the south
Winters in the south,pertenece al género,Fathers and daughters
Winters in the south,pertenece al género,Exiles
Winters in the south,pertenece al género,Croats
9783518392188,es un codigo ISBN para el libro,Der Kommerzialrat. Bericht
9783518392188,es un codigo ISBN de una edicion publicada por,Suhrkamp
9783518392188,está escrito en,Alemán
3518392182,es un codigo ISBN para el libro,Der Kommerzialrat. Bericht
3518392182,es un codigo ISBN de una edicion publicada por,Suhrkamp
3518392182,está escrito en,Alemán
Norbert Gstrein,es autor de la obra,Der Kommerzialrat. Bericht
3518066986,es un codigo ISBN para el libro,Die englischen Jahre 1-3
3518066986,es un codigo ISBN de una edicion publicada por,Suhrkamp
3518066986,está escrito en,Alemán
Norbert Gstrein,es autor de la obra,Die englischen Jahre 1-3
9783446230484,es un codigo ISBN para el libro,Die Winter im Süden
9783446230484,es un codigo ISBN de una edicion publicada por,Carl Hanser
9783446230484,está escrito en,Alemán
Norbert Gstrein,es autor de la obra,Die Winter im Süden
Die Winter im Süden,pertenece al género,German fiction
3518405519,es un codigo ISBN para el libro,O₂
3518405519,es un codigo ISBN de una edicion publicada por,Suhrkamp
3518405519,está escrito en,Alemán
Norbert Gstrein,es autor de la obra,O₂
3518411233,es un codigo ISBN para el libro,Selbstportrait mit einer Toten
3518411233,es un codigo ISBN de una edicion publicada por,Suhrkamp
3518411233,está escrito en,Alemán
Norbert Gstrein,es autor de la obra,Selbstportrait mit einer Toten
3518416375,es un codigo ISBN para el libro,Wem gehört eine Geschichte?
3518416375,es un codigo ISBN de una edicion publicada por,Suhrkamp
3518416375,está escrito en,Alemán
Norbert Gstrein,es autor de la obra,Wem gehört eine Geschichte?
Wem gehört eine Geschichte?,pertenece al género,Travel
Wem gehört eine Geschichte?,pertenece al género,German Authors
Wem gehört eine Geschichte?,pertenece al género,Biography
9783518124239,es un codigo ISBN para el libro,Einer. Sonderausgabe
9783518124239,es un codigo ISBN de una edicion publicada por,Suhrkamp
9783518124239,está escrito en,Alemán
3518124234,es un codigo ISBN para el libro,Einer. Sonderausgabe
Norbert Gstrein,es autor de la obra,Einer. Sonderausgabe
848310184X,es un codigo ISBN para el libro,Los Anos Ingleses
848310184X,es un codigo ISBN de una edicion publicada por,Tusquets
848310184X,está escrito en,Español
9788483101841,es un codigo ISBN para el libro,Los Anos Ingleses
9788483101841,es un codigo ISBN de una edicion publicada por,Tusquets
9788483101841,está escrito en,Español
Norbert Gstrein,es autor de la obra,Los Anos Ingleses
3518389769,es un codigo ISBN para el libro,O2
3518389769,es un codigo ISBN de una edicion publicada por,Suhrkamp
3518389769,está escrito en,Alemán
9783518389768,es un codigo ISBN para el libro,O2
9783518389768,es un codigo ISBN de una edicion publicada por,Suhrkamp
9783518389768,está escrito en,Alemán
Norbert Gstrein,es autor de la obra,O2
1572410124,es un codigo ISBN para el libro,The register
1572410124,es un codigo ISBN de una edicion publicada por,Ariadne Press
1572410124,está escrito en,Inglés
Norbert Gstrein,es autor de la obra,The register
The register,pertenece al género,"Fiction, general"
3518116258,es un codigo ISBN para el libro,Anderntags
3518116258,es un codigo ISBN de una edicion publicada por,Suhrkamp
3518116258,está escrito en,Alemán
Norbert Gstrein,es autor de la obra,Anderntags
3518414593,es un codigo ISBN para el libro,Das Handwerk des Tötens
3518414593,es un codigo ISBN de una edicion publicada por,Suhrkamp
3518414593,está escrito en,Alemán
Norbert Gstrein,es autor de la obra,Das Handwerk des Tötens
3518407120,es un codigo ISBN para el libro,Der Kommerzialrat
3518407120,es un codigo ISBN de una edicion publicada por,Suhrkamp
3518407120,está escrito en,Alemán
Norbert Gstrein,es autor de la obra,Der Kommerzialrat
1860469469,es un codigo ISBN para el libro,The English years
1860469469,es un codigo ISBN de una edicion publicada por,Harvill
1860469469,está escrito en,Inglés
Norbert Gstrein,es autor de la obra,The English years
The English years,pertenece al género,"Authors, fiction"
The English years,pertenece al género,"Fiction, general"
3518414593,es un codigo ISBN para el libro,Das Handwerk des T otens
3518414593,es un codigo ISBN de una edicion publicada por,Suhrkamp Verlag
Norbert Gstrein,es autor de la obra,Das Handwerk des T otens
Das Handwerk des T otens,pertenece al género,OUR Brockhaus selection
Das Handwerk des T otens,pertenece al género,Belletristik
3518405519,es un codigo ISBN para el libro,O2
3518416375,es un codigo ISBN para el libro,Wem geh ort eine Geschichte
3518416375,es un codigo ISBN de una edicion publicada por,Suhrkamp Verlag
Norbert Gstrein,es autor de la obra,Wem geh ort eine Geschichte
Wem geh ort eine Geschichte,pertenece al género,German fiction
Wem geh ort eine Geschichte,pertenece al género,OUR Brockhaus selection
3518188615,es un codigo ISBN para el libro,Einer
3518188615,es un codigo ISBN de una edicion publicada por,Suhrkamp
3518188615,está escrito en,Alemán
9783446263710,es un codigo ISBN para el libro,Als ich jung war
9783446263710,es un codigo ISBN de una edicion publicada por,Carl Hanser Verlag
9783446263710,está escrito en,Alemán
3446263713,es un codigo ISBN para el libro,Als ich jung war
3446263713,es un codigo ISBN de una edicion publicada por,Carl Hanser Verlag
3446263713,está escrito en,Alemán
Norbert Gstrein,es autor de la obra,Als ich jung war
Als ich jung war,pertenece al género,Young adults
Als ich jung war,pertenece al género,Fiction
Als ich jung war,pertenece al género,Marriage
3446258140,es un codigo ISBN para el libro,Die kommenden Jahre
3446258140,es un codigo ISBN de una edicion publicada por,Carl Hanser Verlag
3446258140,está escrito en,Alemán
9783446259409,es un codigo ISBN para el libro,Die kommenden Jahre
9783446259409,es un codigo ISBN de una edicion publicada por,Carl Hanser Verlag
9783446259409,está escrito en,Alemán
9783446258143,es un codigo ISBN para el libro,Die kommenden Jahre
9783446258143,es un codigo ISBN de una edicion publicada por,Carl Hanser Verlag
9783446258143,está escrito en,Alemán
Norbert Gstrein,es autor de la obra,Die kommenden Jahre
Die kommenden Jahre,pertenece al género,Academic couples
Die kommenden Jahre,pertenece al género,Fiction
Die kommenden Jahre,pertenece al género,Middle-aged persons
9781843431336,es un codigo ISBN para el libro,English Years (Signed)
9781843431336,es un codigo ISBN de una edicion publicada por,Penguin Random House
9781843431336,está escrito en,Inglés
Norbert Gstrein,es autor de la obra,English Years (Signed)
8483103419,es un codigo ISBN para el libro,El oficio de matar
8483103419,es un codigo ISBN de una edicion publicada por,Tusquets Editores S.A.
9788483103418,es un codigo ISBN para el libro,El oficio de matar
9788483103418,es un codigo ISBN de una edicion publicada por,Tusquets Editores S.A.
Norbert Gstrein,es autor de la obra,El oficio de matar
Franz Karl Stanzel,es de nacionalidad,Austria
9783826057816,es un codigo ISBN para el libro,Die Typischen Erzählsituationen 1955-2015
9783826057816,es un codigo ISBN de una edicion publicada por,Königshausen & Neumann
3826057813,es un codigo ISBN para el libro,Die Typischen Erzählsituationen 1955-2015
3826057813,es un codigo ISBN de una edicion publicada por,Königshausen & Neumann
Franz Karl Stanzel,es autor de la obra,Die Typischen Erzählsituationen 1955-2015
Ernst Florian Winter,es de nacionalidad,Austria
Eugenie Schwarzwald,es de nacionalidad,Austria
3853060064,es un codigo ISBN para el libro,Die Ochsen von Topolschitz
3853060064,es un codigo ISBN de una edicion publicada por,Garamond
3853060064,está escrito en,Alemán
Eugenie Schwarzwald,es autor de la obra,Die Ochsen von Topolschitz
Alfred Brendel,es de nacionalidad,Austria
091226,es un codigo ISBN para el libro,Musical thoughts & afterthoughts
091226,es un codigo ISBN de una edicion publicada por,Princeton University Press
091226,está escrito en,Inglés
0903895439,es un codigo ISBN para el libro,Musical thoughts & afterthoughts
0903895439,es un codigo ISBN de una edicion publicada por,Robson Books
0903895439,está escrito en,Inglés
9780860511878,es un codigo ISBN para el libro,Musical thoughts & afterthoughts
9780860511878,es un codigo ISBN de una edicion publicada por,Robson Books Ltd
0860511871,es un codigo ISBN para el libro,Musical thoughts & afterthoughts
0860511871,es un codigo ISBN de una edicion publicada por,Robson Books Ltd
0860511871,es un codigo ISBN de una edicion publicada por,Robson
0860511871,está escrito en,Inglés
0000027056,es un codigo ISBN para el libro,Musical thoughts & afterthoughts
0000027056,es un codigo ISBN de una edicion publicada por,Princeton University Press
0000027056,está escrito en,Inglés
0000091226,es un codigo ISBN para el libro,Musical thoughts & afterthoughts
0000091226,es un codigo ISBN de una edicion publicada por,Princeton University Press
0000091226,está escrito en,Inglés
0374522782,es un codigo ISBN para el libro,Musical thoughts & afterthoughts
0374522782,es un codigo ISBN de una edicion publicada por,Noonday Pr
0374522782,está escrito en,Inglés
9780374522780,es un codigo ISBN para el libro,Musical thoughts & afterthoughts
9780374522780,es un codigo ISBN de una edicion publicada por,Noonday Pr
9780374522780,está escrito en,Inglés
027056,es un codigo ISBN para el libro,Musical thoughts & afterthoughts
027056,es un codigo ISBN de una edicion publicada por,Princeton University Press
027056,está escrito en,Inglés
0374522782,es un codigo ISBN de una edicion publicada por,Farrar Straus Giroux
0691091226,es un codigo ISBN para el libro,Musical thoughts & afterthoughts
0691091226,es un codigo ISBN de una edicion publicada por,Princeton Univ Pr
0691091226,es un codigo ISBN de una edicion publicada por,Princeton University Press
9780691091228,es un codigo ISBN para el libro,Musical thoughts & afterthoughts
9780691091228,es un codigo ISBN de una edicion publicada por,Princeton Univ Pr
9780691091228,es un codigo ISBN de una edicion publicada por,Princeton University Press
Alfred Brendel,es autor de la obra,Musical thoughts & afterthoughts
Musical thoughts & afterthoughts,pertenece al género,History and criticism
Musical thoughts & afterthoughts,pertenece al género,Music
Musical thoughts & afterthoughts,pertenece al género,Piano music
9781861053787,es un codigo ISBN para el libro,Alfred Brendel on music
9781861053787,es un codigo ISBN de una edicion publicada por,Pavilion Books
9781861053787,está escrito en,Inglés
1556524080,es un codigo ISBN para el libro,Alfred Brendel on music
1556524080,es un codigo ISBN de una edicion publicada por,A Cappella Books
1556524080,está escrito en,Inglés
1861053589,es un codigo ISBN para el libro,Alfred Brendel on music
1861053589,es un codigo ISBN de una edicion publicada por,Robson Books
1861053589,está escrito en,Inglés
9783492249393,es un codigo ISBN para el libro,Alfred Brendel on music
9783492249393,es un codigo ISBN de una edicion publicada por,Piper
Alfred Brendel,es autor de la obra,Alfred Brendel on music
Alfred Brendel on music,pertenece al género,History and criticism
Alfred Brendel on music,pertenece al género,Music
Alfred Brendel on music,pertenece al género,"Music, history and criticism"
9780374523312,es un codigo ISBN para el libro,Music sounded out
9780374523312,es un codigo ISBN de una edicion publicada por,Noonday Pr
9780374523312,está escrito en,Inglés
0374523312,es un codigo ISBN para el libro,Music sounded out
0374523312,es un codigo ISBN de una edicion publicada por,Noonday Pr
0374523312,está escrito en,Inglés
0374216517,es un codigo ISBN para el libro,Music sounded out
0374216517,es un codigo ISBN de una edicion publicada por,Farrar Straus Giroux
0374216517,está escrito en,Inglés
0860516660,es un codigo ISBN para el libro,Music sounded out
0860516660,es un codigo ISBN de una edicion publicada por,Robson Books
0860516660,está escrito en,Inglés
9780860519867,es un codigo ISBN para el libro,Music sounded out
9780860519867,es un codigo ISBN de una edicion publicada por,Robson Books Ltd
0860519864,es un codigo ISBN para el libro,Music sounded out
0860519864,es un codigo ISBN de una edicion publicada por,Robson Books Ltd
Alfred Brendel,es autor de la obra,Music sounded out
Music sounded out,pertenece al género,History and criticism
Music sounded out,pertenece al género,Music
Music sounded out,pertenece al género,Musique
0571196187,es un codigo ISBN para el libro,One finger too many
0571196187,es un codigo ISBN de una edicion publicada por,Faber and Faber
0571196187,está escrito en,Inglés
0375502939,es un codigo ISBN para el libro,One finger too many
0375502939,es un codigo ISBN de una edicion publicada por,Random House
0375502939,está escrito en,Inglés
Alfred Brendel,es autor de la obra,One finger too many
One finger too many,pertenece al género,Translations into English
One finger too many,pertenece al género,Poetry (poetic works by one author)
3446200010,es un codigo ISBN para el libro,Ausgerechnet ich
3446200010,es un codigo ISBN de una edicion publicada por,Hanser Gardner Publications
9783446200012,es un codigo ISBN para el libro,Ausgerechnet ich
9783446200012,es un codigo ISBN de una edicion publicada por,Hanser Gardner Publications
9780801440991,es un codigo ISBN para el libro,Ausgerechnet ich
9780801440991,es un codigo ISBN de una edicion publicada por,Cornell University Press
9780801440991,está escrito en,Inglés
0801440998,es un codigo ISBN para el libro,Ausgerechnet ich
0801440998,es un codigo ISBN de una edicion publicada por,Cornell University Press
0801440998,está escrito en,Inglés
Alfred Brendel,es autor de la obra,Ausgerechnet ich
Ausgerechnet ich,pertenece al género,Pianistes
Ausgerechnet ich,pertenece al género,Interviews
Ausgerechnet ich,pertenece al género,Pianists
9780571338009,es un codigo ISBN para el libro,The veil of order
9780571338009,es un codigo ISBN de una edicion publicada por,"Faber & Faber, Limited"
9780571338009,está escrito en,Inglés
0571210619,es un codigo ISBN para el libro,The veil of order
0571210619,es un codigo ISBN de una edicion publicada por,Faber and Faber
0571210619,está escrito en,Inglés
Alfred Brendel,es autor de la obra,The veil of order
The veil of order,pertenece al género,Interviews
The veil of order,pertenece al género,Pianists
The veil of order,pertenece al género,Entretiens
1906217017,es un codigo ISBN para el libro,Alfred Brendel on Music
1906217017,es un codigo ISBN de una edicion publicada por,JR
1906217017,es un codigo ISBN de una edicion publicada por,JR Books
1906217017,está escrito en,Inglés
9781906217013,es un codigo ISBN para el libro,Alfred Brendel on Music
9781906217013,es un codigo ISBN de una edicion publicada por,JR
9781906217013,es un codigo ISBN de una edicion publicada por,JR Books
9781906217013,está escrito en,Inglés
9781306416658,es un codigo ISBN para el libro,Alfred Brendel on Music
9781306416658,es un codigo ISBN de una edicion publicada por,Quarto Publishing Group UK
9781306416658,está escrito en,Inglés
9781907532702,es un codigo ISBN para el libro,Alfred Brendel on Music
9781907532702,es un codigo ISBN de una edicion publicada por,Quarto Publishing Group UK
9781907532702,está escrito en,Inglés
Alfred Brendel,es autor de la obra,Alfred Brendel on Music
Alfred Brendel on Music,pertenece al género,"Music, history and criticism"
Alfred Brendel on Music,pertenece al género,Music
Alfred Brendel on Music,pertenece al género,History and criticism
9781849549615,es un codigo ISBN para el libro,"Music, Sense and Nonsense"
9781849549615,es un codigo ISBN de una edicion publicada por,Biteback Publishing
9781849549615,está escrito en,Inglés
9781849549059,es un codigo ISBN para el libro,"Music, Sense and Nonsense"
9781849549059,es un codigo ISBN de una edicion publicada por,Biteback Publishing
9781849549059,está escrito en,Inglés
9781785902673,es un codigo ISBN para el libro,"Music, Sense and Nonsense"
9781785902673,es un codigo ISBN de una edicion publicada por,Biteback Publishing
9781785902673,está escrito en,Inglés
Alfred Brendel,es autor de la obra,"Music, Sense and Nonsense"
"Music, Sense and Nonsense",pertenece al género,"Music, history and criticism"
"Music, Sense and Nonsense",pertenece al género,"Piano music, history and criticism"
"Music, Sense and Nonsense",pertenece al género,Music
9780571220700,es un codigo ISBN para el libro,Cursing bagels
9780571220700,es un codigo ISBN de una edicion publicada por,Faber and Faber
0571220703,es un codigo ISBN para el libro,Cursing bagels
0571220703,es un codigo ISBN de una edicion publicada por,Faber and Faber
0571220703,está escrito en,Inglés
Alfred Brendel,es autor de la obra,Cursing bagels
Cursing bagels,pertenece al género,Translations into English
3492022650,es un codigo ISBN para el libro,Nachdenken über Musik
3492022650,es un codigo ISBN de una edicion publicada por,R. Piper
3492022650,está escrito en,Alemán
349228244X,es un codigo ISBN para el libro,Nachdenken über Musik
349228244X,es un codigo ISBN de una edicion publicada por,Piper
349228244X,está escrito en,Alemán
9783492282444,es un codigo ISBN para el libro,Nachdenken über Musik
9783492282444,es un codigo ISBN de una edicion publicada por,Piper
9783492282444,está escrito en,Alemán
Alfred Brendel,es autor de la obra,Nachdenken über Musik
Nachdenken über Musik,pertenece al género,Music
9781112694134,es un codigo ISBN para el libro,Musical Thoughts and Afterthoughts
9781112694134,es un codigo ISBN de una edicion publicada por,PRINCETON UNIV PRESS@
9780691027050,es un codigo ISBN para el libro,Musical Thoughts and Afterthoughts
9780691027050,es un codigo ISBN de una edicion publicada por,Princeton University Press
9780691027050,está escrito en,Inglés
Alfred Brendel,es autor de la obra,Musical Thoughts and Afterthoughts
Musical Thoughts and Afterthoughts,pertenece al género,"Musicians, biography"
9780571353736,es un codigo ISBN para el libro,Lady from Arezzo
9780571353736,es un codigo ISBN de una edicion publicada por,"Faber & Faber, Limited"
9780571353736,está escrito en,Inglés
9780571353729,es un codigo ISBN para el libro,Lady from Arezzo
9780571353729,es un codigo ISBN de una edicion publicada por,"Faber & Faber, Incorporated"
9780571353729,está escrito en,Inglés
Alfred Brendel,es autor de la obra,Lady from Arezzo
Lady from Arezzo,pertenece al género,Music and literature
Lady from Arezzo,pertenece al género,"Music, philosophy and aesthetics"
Lady from Arezzo,pertenece al género,Art and music
9786301949576,es un codigo ISBN para el libro,Schubert:Wanderer Fantasy/Impromptus
9786301949576,es un codigo ISBN de una edicion publicada por,Vox
6301949579,es un codigo ISBN para el libro,Schubert:Wanderer Fantasy/Impromptus
6301949579,es un codigo ISBN de una edicion publicada por,Vox
Alfred Brendel,es autor de la obra,Schubert:Wanderer Fantasy/Impromptus
6306564373,es un codigo ISBN para el libro,Haydn/Schubert/Liszt:Live in Salzburg
6306564373,es un codigo ISBN de una edicion publicada por,UNIVERSAL CLASSICS
9786306564378,es un codigo ISBN para el libro,Haydn/Schubert/Liszt:Live in Salzburg
9786306564378,es un codigo ISBN de una edicion publicada por,UNIVERSAL CLASSICS
Alfred Brendel,es autor de la obra,Haydn/Schubert/Liszt:Live in Salzburg
9786307883911,es un codigo ISBN para el libro,Liszt:Masterpieces for Solo Piano V.1
9786307883911,es un codigo ISBN de una edicion publicada por,ARTEMIS RECORDS/MUSICRAMA
630788391X,es un codigo ISBN para el libro,Liszt:Masterpieces for Solo Piano V.1
630788391X,es un codigo ISBN de una edicion publicada por,ARTEMIS RECORDS/MUSICRAMA
Alfred Brendel,es autor de la obra,Liszt:Masterpieces for Solo Piano V.1
9786306053452,es un codigo ISBN para el libro,Alfred Brendel Plays Schubert
9786306053452,es un codigo ISBN de una edicion publicada por,Vox
630605345X,es un codigo ISBN para el libro,Alfred Brendel Plays Schubert
630605345X,es un codigo ISBN de una edicion publicada por,Vox
Alfred Brendel,es autor de la obra,Alfred Brendel Plays Schubert
6305670951,es un codigo ISBN para el libro,Mozart - Piano Concerti 20 & 24
6305670951,es un codigo ISBN de una edicion publicada por,POLYGRAM CLASSICS
9786305670957,es un codigo ISBN para el libro,Mozart - Piano Concerti 20 & 24
9786305670957,es un codigo ISBN de una edicion publicada por,POLYGRAM CLASSICS
Alfred Brendel,es autor de la obra,Mozart - Piano Concerti 20 & 24
9786309100771,es un codigo ISBN para el libro,Mozart:Piano Sons
9786309100771,es un codigo ISBN de una edicion publicada por,UNIVERSAL MUSIC GROUP
6309100777,es un codigo ISBN para el libro,Mozart:Piano Sons
6309100777,es un codigo ISBN de una edicion publicada por,UNIVERSAL MUSIC GROUP
Alfred Brendel,es autor de la obra,Mozart:Piano Sons
6309100793,es un codigo ISBN para el libro,Beethoven:Complete Works for Piano &
6309100793,es un codigo ISBN de una edicion publicada por,UNIVERSAL MUSIC GROUP
9786309100795,es un codigo ISBN para el libro,Beethoven:Complete Works for Piano &
9786309100795,es un codigo ISBN de una edicion publicada por,UNIVERSAL MUSIC GROUP
Alfred Brendel,es autor de la obra,Beethoven:Complete Works for Piano &
3446258329,es un codigo ISBN para el libro,Die Dame aus Arezzo
3446258329,es un codigo ISBN de una edicion publicada por,Carl Hanser Verlag
3446258329,está escrito en,Alemán
9783446258327,es un codigo ISBN para el libro,Die Dame aus Arezzo
9783446258327,es un codigo ISBN de una edicion publicada por,Carl Hanser Verlag
9783446258327,está escrito en,Alemán
Alfred Brendel,es autor de la obra,Die Dame aus Arezzo
Die Dame aus Arezzo,pertenece al género,Music
Die Dame aus Arezzo,pertenece al género,Philosophy and aesthetics
Die Dame aus Arezzo,pertenece al género,History and criticism
3446234829,es un codigo ISBN para el libro,Nach dem Schlussakkord
3446234829,es un codigo ISBN de una edicion publicada por,Hanser
3446234829,está escrito en,Alemán
9783446234826,es un codigo ISBN para el libro,Nach dem Schlussakkord
9783446234826,es un codigo ISBN de una edicion publicada por,Hanser
9783446234826,está escrito en,Alemán
Alfred Brendel,es autor de la obra,Nach dem Schlussakkord
Nach dem Schlussakkord,pertenece al género,Interviews
Nach dem Schlussakkord,pertenece al género,Pianists
3492047831,es un codigo ISBN para el libro,Über Musik
3492047831,es un codigo ISBN de una edicion publicada por,Piper
3492047831,está escrito en,Alemán
Alfred Brendel,es autor de la obra,Über Musik
Über Musik,pertenece al género,Music
Über Musik,pertenece al género,Philosophy and aesthetics
Über Musik,pertenece al género,History and criticism
9783446246188,es un codigo ISBN para el libro,Wunderglaube und Misstonleiter
9783446246188,es un codigo ISBN de una edicion publicada por,Hanser
9783446246188,está escrito en,Alemán
3446246185,es un codigo ISBN para el libro,Wunderglaube und Misstonleiter
3446246185,es un codigo ISBN de una edicion publicada por,Hanser
3446246185,está escrito en,Alemán
Alfred Brendel,es autor de la obra,Wunderglaube und Misstonleiter
Wunderglaube und Misstonleiter,pertenece al género,Piano music
Wunderglaube und Misstonleiter,pertenece al género,History and criticism
Wunderglaube und Misstonleiter,pertenece al género,Music
9780571301850,es un codigo ISBN para el libro,Pianist's A-Z
9780571301850,es un codigo ISBN de una edicion publicada por,"Faber & Faber, Limited"
9780571301850,está escrito en,Inglés
Alfred Brendel,es autor de la obra,Pianist's A-Z
Pianist's A-Z,pertenece al género,Piano music
Pianist's A-Z,pertenece al género,Piano
3446239979,es un codigo ISBN para el libro,A bis Z eines Pianisten
3446239979,es un codigo ISBN de una edicion publicada por,"Hanser, Carl GmbH + Co."
9783446239975,es un codigo ISBN para el libro,A bis Z eines Pianisten
9783446239975,es un codigo ISBN de una edicion publicada por,"Hanser, Carl GmbH + Co."
Alfred Brendel,es autor de la obra,A bis Z eines Pianisten
A bis Z eines Pianisten,pertenece al género,Miscellanea
A bis Z eines Pianisten,pertenece al género,"Interpretation (Phrasing, dynamics, etc.)"
A bis Z eines Pianisten,pertenece al género,Music
9783492231862,es un codigo ISBN para el libro,Ein Finger zuviel. 142 Gedichte
9783492231862,es un codigo ISBN de una edicion publicada por,Piper
9783492231862,está escrito en,Alemán
3492231861,es un codigo ISBN para el libro,Ein Finger zuviel. 142 Gedichte
3492231861,es un codigo ISBN de una edicion publicada por,Piper
3492231861,está escrito en,Alemán
Alfred Brendel,es autor de la obra,Ein Finger zuviel. 142 Gedichte
3446187375,es un codigo ISBN para el libro,Fingerzeig
3446187375,es un codigo ISBN de una edicion publicada por,Hanser
3446187375,está escrito en,Alemán
Alfred Brendel,es autor de la obra,Fingerzeig
3446197907,es un codigo ISBN para el libro,Kleine Teufel
3446197907,es un codigo ISBN de una edicion publicada por,C. Hanser
3446197907,está escrito en,Alemán
Alfred Brendel,es autor de la obra,Kleine Teufel
3492283349,es un codigo ISBN para el libro,"Musik beim Wort genommen. Über Musik, Musiker und das Metier des Pianisten"
3492283349,es un codigo ISBN de una edicion publicada por,Piper
3492283349,está escrito en,Alemán
9783492283342,es un codigo ISBN para el libro,"Musik beim Wort genommen. Über Musik, Musiker und das Metier des Pianisten"
9783492283342,es un codigo ISBN de una edicion publicada por,Piper
9783492283342,está escrito en,Alemán
Alfred Brendel,es autor de la obra,"Musik beim Wort genommen. Über Musik, Musiker und das Metier des Pianisten"
9782702015988,es un codigo ISBN para el libro,"Musique côté cour, côté jardin"
9782702015988,es un codigo ISBN de una edicion publicada por,Buchet Chastel
9782702015988,está escrito en,Francés
2702015980,es un codigo ISBN para el libro,"Musique côté cour, côté jardin"
2702015980,es un codigo ISBN de una edicion publicada por,Buchet Chastel
2702015980,está escrito en,Francés
Alfred Brendel,es autor de la obra,"Musique côté cour, côté jardin"
Michael Haneke,es de nacionalidad,Austria
9783499241758,es un codigo ISBN para el libro,Die Klavierspielerin
9783499241758,es un codigo ISBN de una edicion publicada por,Rowohlt Taschenbuch Verla
3499241757,es un codigo ISBN para el libro,Die Klavierspielerin
3499241757,es un codigo ISBN de una edicion publicada por,Rowohlt Taschenbuch Verla
3499158124,es un codigo ISBN para el libro,Die Klavierspielerin
3499158124,es un codigo ISBN de una edicion publicada por,Rowohlt
3499158124,está escrito en,Alemán
3498033166,es un codigo ISBN para el libro,Die Klavierspielerin
3498033166,es un codigo ISBN de una edicion publicada por,Rowohlt
3498033166,está escrito en,Alemán
3498092022,es un codigo ISBN para el libro,Die Klavierspielerin
3498092022,es un codigo ISBN de una edicion publicada por,Rowohlt
3498092022,está escrito en,Alemán
9861240721,es un codigo ISBN para el libro,Die Klavierspielerin
9861240721,es un codigo ISBN de una edicion publicada por,Shang zhou chu ban
9861240721,está escrito en,chi
Michael Haneke,es autor de la obra,Die Klavierspielerin
Die Klavierspielerin,pertenece al género,Ficción
Die Klavierspielerin,pertenece al género,Fiction
Die Klavierspielerin,pertenece al género,Littérature allemande
2866423186,es un codigo ISBN para el libro,La pianiste
2866423186,es un codigo ISBN de una edicion publicada por,Cahiers du Cinema Livres
9782866423186,es un codigo ISBN para el libro,La pianiste
9782866423186,es un codigo ISBN de una edicion publicada por,Cahiers du Cinema Livres
Michael Haneke,es autor de la obra,La pianiste
3552058591,es un codigo ISBN para el libro,Happy End
3552058591,es un codigo ISBN de una edicion publicada por,Paul Zsolnay Verlag
3552058591,está escrito en,Alemán
9783552058590,es un codigo ISBN para el libro,Happy End
9783552058590,es un codigo ISBN de una edicion publicada por,Paul Zsolnay Verlag
9783552058590,está escrito en,Alemán
Michael Haneke,es autor de la obra,Happy End
Happy End,pertenece al género,Motion picture plays
Happy End,pertenece al género,Scénarios de cinéma
Happy End,pertenece al género,Screenplays
9783895812972,es un codigo ISBN para el libro,Haneke über Haneke
9783895812972,es un codigo ISBN de una edicion publicada por,Alexander Verlag
9783895812972,está escrito en,Alemán
3895812978,es un codigo ISBN para el libro,Haneke über Haneke
3895812978,es un codigo ISBN de una edicion publicada por,Alexander Verlag
3895812978,está escrito en,Alemán
Michael Haneke,es autor de la obra,Haneke über Haneke
Haneke über Haneke,pertenece al género,Interviews
Haneke über Haneke,pertenece al género,Motion picture producers and directors
1681430681,es un codigo ISBN para el libro,"Code inconnu, récit incomplet de divers voyages"
1681430681,está escrito en,Francés
Michael Haneke,es autor de la obra,"Code inconnu, récit incomplet de divers voyages"
"Code inconnu, récit incomplet de divers voyages",pertenece al género,Actresses
"Code inconnu, récit incomplet de divers voyages",pertenece al género,Drama
"Code inconnu, récit incomplet de divers voyages",pertenece al género,Man-woman relationships
9783446240278,es un codigo ISBN para el libro,Liebe
9783446240278,es un codigo ISBN de una edicion publicada por,Hanser Verlag
3446240276,es un codigo ISBN para el libro,Liebe
3446240276,es un codigo ISBN de una edicion publicada por,Hanser Verlag
Michael Haneke,es autor de la obra,Liebe
Liebe,pertenece al género,Love
Liebe,pertenece al género,Drama
Liebe,pertenece al género,Man-woman relationships
9783895811883,es un codigo ISBN para el libro,Michael Haneke
9783895811883,es un codigo ISBN de una edicion publicada por,Alexander
9783895811883,está escrito en,Alemán
Michael Haneke,es autor de la obra,Michael Haneke
Michael Haneke,pertenece al género,Interviews
Michael Haneke,pertenece al género,Motion picture producers and directors
3868056424,es un codigo ISBN para el libro,Das weisse Band
3868056424,es un codigo ISBN de una edicion publicada por,Pro Business
3868056424,está escrito en,Alemán
9783868056426,es un codigo ISBN para el libro,Das weisse Band
9783868056426,es un codigo ISBN de una edicion publicada por,Pro Business
9783868056426,está escrito en,Alemán
Michael Haneke,es autor de la obra,Das weisse Band
Das weisse Band,pertenece al género,Drama
Das weisse Band,pertenece al género,Violence in children
Das weisse Band,pertenece al género,Children
9783827009135,es un codigo ISBN para el libro,Das weisse Band
9783827009135,es un codigo ISBN de una edicion publicada por,Berlin Verlag
9783827009135,está escrito en,Alemán
3827009138,es un codigo ISBN para el libro,Das weisse Band
3827009138,es un codigo ISBN de una edicion publicada por,Berlin Verlag
3827009138,está escrito en,Alemán
Das weisse Band,pertenece al género,Children and violence
Das weisse Band,pertenece al género,Cruelty in motion pictures
3854491913,es un codigo ISBN para el libro,Haneke/Jelinek
3854491913,es un codigo ISBN de una edicion publicada por,Sonderzahl
3854491913,está escrito en,Alemán
Michael Haneke,es autor de la obra,Haneke/Jelinek
Haneke/Jelinek,pertenece al género,Klavierspielerin (Motion picture)
Haneke/Jelinek,pertenece al género,Criticism and interpretation
Haneke/Jelinek,pertenece al género,Motion picture producers and directors
2130621163,es un codigo ISBN para el libro,Éthique du mikado
2130621163,es un codigo ISBN de una edicion publicada por,Presses universitaires de France
2130621163,está escrito en,Francés
9782130621164,es un codigo ISBN para el libro,Éthique du mikado
9782130621164,es un codigo ISBN de una edicion publicada por,Presses universitaires de France
9782130621164,está escrito en,Francés
Michael Haneke,es autor de la obra,Éthique du mikado
Éthique du mikado,pertenece al género,Criticism and interpretation
Éthique du mikado,pertenece al género,Interviews
Éthique du mikado,pertenece al género,Motion picture producers and directors
9782234064850,es un codigo ISBN para el libro,Haneke par Haneke
9782234064850,es un codigo ISBN de una edicion publicada por,Stock
2234064856,es un codigo ISBN para el libro,Haneke par Haneke
2234064856,es un codigo ISBN de una edicion publicada por,Stock
Michael Haneke,es autor de la obra,Haneke par Haneke
Haneke par Haneke,pertenece al género,Interviews
Haneke par Haneke,pertenece al género,Motion picture producers and directors
9781681433561,es un codigo ISBN para el libro,The piano teacher
9781681433561,está escrito en,Francés
Michael Haneke,es autor de la obra,The piano teacher
The piano teacher,pertenece al género,Drama
The piano teacher,pertenece al género,Mothers and daughters
The piano teacher,pertenece al género,Teacher-student relationships
Margret Kreidl,es de nacionalidad,Austria
3900956596,es un codigo ISBN para el libro,Grinshorn und Wespenmaler
3900956596,es un codigo ISBN de una edicion publicada por,Das Fröhliche Wohnzimmer
3900956596,está escrito en,Alemán
3900956596,es un codigo ISBN de una edicion publicada por,Das Fröhliche Wohnzimmer
Margret Kreidl,es autor de la obra,Grinshorn und Wespenmaler
3900956596,es un codigo ISBN para el libro,Grinshorn und Wespenmaler: 34 Heimatdramen
3900956596,es un codigo ISBN de una edicion publicada por,Edition Das Fr ohliche Wohnzimmer
Margret Kreidl,es autor de la obra,Grinshorn und Wespenmaler: 34 Heimatdramen
Grinshorn und Wespenmaler: 34 Heimatdramen,pertenece al género,Belletristik
Grinshorn und Wespenmaler: 34 Heimatdramen,pertenece al género,SEL Library selection
9783902113641,es un codigo ISBN para el libro,Eine Schwalbe falten
9783902113641,es un codigo ISBN de una edicion publicada por,Edition Korrespondenzen
9783902113641,está escrito en,Alemán
Margret Kreidl,es autor de la obra,Eine Schwalbe falten
Eine Schwalbe falten,pertenece al género,Austrian Authors
Eine Schwalbe falten,pertenece al género,German literature
3851291697,es un codigo ISBN para el libro,Ich bin eine Königin
3851291697,es un codigo ISBN de una edicion publicada por,Wieser
3851291697,está escrito en,Alemán
Margret Kreidl,es autor de la obra,Ich bin eine Königin
3854152205,es un codigo ISBN para el libro,In allen Einzelheiten
3854152205,es un codigo ISBN de una edicion publicada por,Ritter
3854152205,está escrito en,Alemán
Margret Kreidl,es autor de la obra,In allen Einzelheiten
3900956324,es un codigo ISBN para el libro,Schnelle Schüsse
3900956324,es un codigo ISBN de una edicion publicada por,Das Fröhliche Wohnzimmer
3900956324,está escrito en,Alemán
Margret Kreidl,es autor de la obra,Schnelle Schüsse
3900956464,es un codigo ISBN para el libro,Süsse Büsche
3900956464,es un codigo ISBN de una edicion publicada por,Das Fröhlische Wohnzimmer
3900956464,está escrito en,Alemán
Margret Kreidl,es autor de la obra,Süsse Büsche
3902113375,es un codigo ISBN para el libro,Mitten ins Herz
3902113375,es un codigo ISBN de una edicion publicada por,Edition Korrespondenzen
3902113375,está escrito en,Alemán
9783902113375,es un codigo ISBN para el libro,Mitten ins Herz
9783902113375,es un codigo ISBN de una edicion publicada por,Edition Korrespondenzen
9783902113375,está escrito en,Alemán
Margret Kreidl,es autor de la obra,Mitten ins Herz
9783902951649,es un codigo ISBN para el libro,Schlüssel zum Offenen
9783902951649,es un codigo ISBN de una edicion publicada por,Edition Korrespondenzen
9783902951649,está escrito en,Alemán
Margret Kreidl,es autor de la obra,Schlüssel zum Offenen
3902951265,es un codigo ISBN para el libro,"Zitat, Zikade"
3902951265,es un codigo ISBN de una edicion publicada por,Edition Korrespondenzen
3902951265,está escrito en,Alemán
9783902951267,es un codigo ISBN para el libro,"Zitat, Zikade"
9783902951267,es un codigo ISBN de una edicion publicada por,Edition Korrespondenzen
9783902951267,está escrito en,Alemán
Margret Kreidl,es autor de la obra,"Zitat, Zikade"
9783902951038,es un codigo ISBN para el libro,Einfache Erklärung
9783902951038,es un codigo ISBN de una edicion publicada por,Edition Korrespondenzen
9783902951038,está escrito en,Alemán
Margret Kreidl,es autor de la obra,Einfache Erklärung
3854492235,es un codigo ISBN para el libro,Der Geschmack der Fremde
3854492235,es un codigo ISBN de una edicion publicada por,Sonderzahl
3854492235,está escrito en,Alemán
Margret Kreidl,es autor de la obra,Der Geschmack der Fremde
Der Geschmack der Fremde,pertenece al género,International cooking
Der Geschmack der Fremde,pertenece al género,Immigrants
Der Geschmack der Fremde,pertenece al género,Social life and customs
9781886224926,es un codigo ISBN para el libro,Dichten = No. 10
9781886224926,es un codigo ISBN de una edicion publicada por,Burning Deck/Anyart
9781886224926,es un codigo ISBN de una edicion publicada por,Small Press Distribution
9781886224926,está escrito en,Inglés
9781886224926,es un codigo ISBN de una edicion publicada por,Burning deck
Margret Kreidl,es autor de la obra,Dichten = No. 10
Dichten = No. 10,pertenece al género,German poetry
Dichten = No. 10,pertenece al género,Translations into English
Robert Jan Verbelen,es de nacionalidad,Austria
Gerd Honsik,es de nacionalidad,Austria
3900900000,es un codigo ISBN para el libro,Freispruch Fur Hitler
Gerd Honsik,es autor de la obra,Freispruch Fur Hitler
Reinhold Stecher,es de nacionalidad,Austria
3702235531,es un codigo ISBN para el libro,Die leisen Seiten der Weihnacht
3702235531,es un codigo ISBN de una edicion publicada por,Tyrolia Verlagsanstalt Gm
9783702235536,es un codigo ISBN para el libro,Die leisen Seiten der Weihnacht
9783702235536,es un codigo ISBN de una edicion publicada por,Tyrolia Verlagsanstalt Gm
9783702235796,es un codigo ISBN para el libro,Die leisen Seiten der Weihnacht
9783702235796,es un codigo ISBN de una edicion publicada por,Tyrolia Verlagsanstalt Gm
3702235795,es un codigo ISBN para el libro,Die leisen Seiten der Weihnacht
3702235795,es un codigo ISBN de una edicion publicada por,Tyrolia Verlagsanstalt Gm
9783702221874,es un codigo ISBN para el libro,Die leisen Seiten der Weihnacht
9783702221874,es un codigo ISBN de una edicion publicada por,Tyrolia Verlaganstalt
3702221875,es un codigo ISBN para el libro,Die leisen Seiten der Weihnacht
3702221875,es un codigo ISBN de una edicion publicada por,Tyrolia Verlaganstalt
Reinhold Stecher,es autor de la obra,Die leisen Seiten der Weihnacht
3702235132,es un codigo ISBN para el libro,Heiter-besinnlich rund um den Krummstab
3702235132,es un codigo ISBN de una edicion publicada por,Tyrolia Verlagsanstalt Gm
9783702235130,es un codigo ISBN para el libro,Heiter-besinnlich rund um den Krummstab
9783702235130,es un codigo ISBN de una edicion publicada por,Tyrolia Verlagsanstalt Gm
9783702218027,es un codigo ISBN para el libro,Heiter-besinnlich rund um den Krummstab
9783702218027,es un codigo ISBN de una edicion publicada por,Tyrolia Verlaganstalt
3702218025,es un codigo ISBN para el libro,Heiter-besinnlich rund um den Krummstab
3702218025,es un codigo ISBN de una edicion publicada por,Tyrolia Verlaganstalt
Reinhold Stecher,es autor de la obra,Heiter-besinnlich rund um den Krummstab
9783702235109,es un codigo ISBN para el libro,Wer ist dieser Mensch?
9783702235109,es un codigo ISBN de una edicion publicada por,Tyrolia Verlagsanstalt Gm
3702235108,es un codigo ISBN para el libro,Wer ist dieser Mensch?
3702235108,es un codigo ISBN de una edicion publicada por,Tyrolia Verlagsanstalt Gm
9783702235123,es un codigo ISBN para el libro,Wer ist dieser Mensch?
9783702235123,es un codigo ISBN de una edicion publicada por,Tyrolia Verlagsanstalt Gm
3702235124,es un codigo ISBN para el libro,Wer ist dieser Mensch?
3702235124,es un codigo ISBN de una edicion publicada por,Tyrolia Verlagsanstalt Gm
Reinhold Stecher,es autor de la obra,Wer ist dieser Mensch?
9783702233853,es un codigo ISBN para el libro,Botschaft der Berge
9783702233853,es un codigo ISBN de una edicion publicada por,Tyrolia Verlagsanstalt Gm
3702233857,es un codigo ISBN para el libro,Botschaft der Berge
3702233857,es un codigo ISBN de una edicion publicada por,Tyrolia Verlagsanstalt Gm
3702215697,es un codigo ISBN para el libro,Botschaft der Berge
3702215697,es un codigo ISBN de una edicion publicada por,Tyrolia
3702215697,está escrito en,Alemán
Reinhold Stecher,es autor de la obra,Botschaft der Berge
Botschaft der Berge,pertenece al género,Mountains
Botschaft der Berge,pertenece al género,Pictorial works
Botschaft der Berge,pertenece al género,Religious aspects
9783702225018,es un codigo ISBN para el libro,Augenblicke
9783702225018,es un codigo ISBN de una edicion publicada por,Tyrolia
3702225013,es un codigo ISBN para el libro,Augenblicke
3702225013,es un codigo ISBN de una edicion publicada por,Tyrolia
Reinhold Stecher,es autor de la obra,Augenblicke
9783702218737,es un codigo ISBN para el libro,Ein Singen geht über die Erde. Österliche Bilder und Gedanken
9783702218737,es un codigo ISBN de una edicion publicada por,Tyrolia Verlaganstalt
3702218734,es un codigo ISBN para el libro,Ein Singen geht über die Erde. Österliche Bilder und Gedanken
3702218734,es un codigo ISBN de una edicion publicada por,Tyrolia Verlaganstalt
Reinhold Stecher,es autor de la obra,Ein Singen geht über die Erde. Österliche Bilder und Gedanken
9783702220471,es un codigo ISBN para el libro,Fröhlich und ernst unter der Mitra
9783702220471,es un codigo ISBN de una edicion publicada por,Tyrolia Verlaganstalt
9783702220471,está escrito en,Alemán
370222047X,es un codigo ISBN para el libro,Fröhlich und ernst unter der Mitra
370222047X,es un codigo ISBN de una edicion publicada por,Tyrolia Verlaganstalt
370222047X,está escrito en,Alemán
Reinhold Stecher,es autor de la obra,Fröhlich und ernst unter der Mitra
Fröhlich und ernst unter der Mitra,pertenece al género,Christian life
9783702221461,es un codigo ISBN para el libro,Heiter-besinnlich rund um den Krummstab. Cassette
9783702221461,es un codigo ISBN de una edicion publicada por,Tyrolia Verlaganstalt
3702221468,es un codigo ISBN para el libro,Heiter-besinnlich rund um den Krummstab. Cassette
3702221468,es un codigo ISBN de una edicion publicada por,Tyrolia Verlaganstalt
Reinhold Stecher,es autor de la obra,Heiter-besinnlich rund um den Krummstab. Cassette
3702221476,es un codigo ISBN para el libro,Heiter-besinnlich rund um den Krummstab. CD
3702221476,es un codigo ISBN de una edicion publicada por,Tyrolia Verlaganstalt
9783702221478,es un codigo ISBN para el libro,Heiter-besinnlich rund um den Krummstab. CD
9783702221478,es un codigo ISBN de una edicion publicada por,Tyrolia Verlaganstalt
Reinhold Stecher,es autor de la obra,Heiter-besinnlich rund um den Krummstab. CD
3702214232,es un codigo ISBN para el libro,Liebe ohne Widerruf. Betrachtungen
3702214232,es un codigo ISBN de una edicion publicada por,Tyrolia Verlaganstalt
3702214232,está escrito en,Alemán
9783702214234,es un codigo ISBN para el libro,Liebe ohne Widerruf. Betrachtungen
9783702214234,es un codigo ISBN de una edicion publicada por,Tyrolia Verlaganstalt
9783702214234,está escrito en,Alemán
Reinhold Stecher,es autor de la obra,Liebe ohne Widerruf. Betrachtungen
Liebe ohne Widerruf. Betrachtungen,pertenece al género,God
Liebe ohne Widerruf. Betrachtungen,pertenece al género,Love
Liebe ohne Widerruf. Betrachtungen,pertenece al género,Meditations
3702223428,es un codigo ISBN para el libro,Werte im Wellengang. Ungewöhnliche Interviews
3702223428,es un codigo ISBN de una edicion publicada por,Tyrolia Verlaganstalt
9783702223427,es un codigo ISBN para el libro,Werte im Wellengang. Ungewöhnliche Interviews
9783702223427,es un codigo ISBN de una edicion publicada por,Tyrolia Verlaganstalt
Reinhold Stecher,es autor de la obra,Werte im Wellengang. Ungewöhnliche Interviews
9783702235529,es un codigo ISBN para el libro,Mit Leben anstecken
9783702235529,es un codigo ISBN de una edicion publicada por,Tyrolia Verlagsanstalt Gm
3702235523,es un codigo ISBN para el libro,Mit Leben anstecken
3702235523,es un codigo ISBN de una edicion publicada por,Tyrolia Verlagsanstalt Gm
Reinhold Stecher,es autor de la obra,Mit Leben anstecken
3702231633,es un codigo ISBN para el libro,Der Gletscherhahnenfuß
3702231633,es un codigo ISBN de una edicion publicada por,Tyrolia Verlagsanstalt Gm
9783702231637,es un codigo ISBN para el libro,Der Gletscherhahnenfuß
9783702231637,es un codigo ISBN de una edicion publicada por,Tyrolia Verlagsanstalt Gm
Reinhold Stecher,es autor de la obra,Der Gletscherhahnenfuß
9783702233198,es un codigo ISBN para el libro,Nachlese
9783702233198,es un codigo ISBN de una edicion publicada por,Tyrolia Verlagsanstalt Gm
3702233199,es un codigo ISBN para el libro,Nachlese
3702233199,es un codigo ISBN de una edicion publicada por,Tyrolia Verlagsanstalt Gm
Reinhold Stecher,es autor de la obra,Nachlese
3702232354,es un codigo ISBN para el libro,Spätlese
3702232354,es un codigo ISBN de una edicion publicada por,Tyrolia Verlagsanstalt Gm
9783702232351,es un codigo ISBN para el libro,Spätlese
9783702232351,es un codigo ISBN de una edicion publicada por,Tyrolia Verlagsanstalt Gm
Reinhold Stecher,es autor de la obra,Spätlese
2877184684,es un codigo ISBN para el libro,Un train nommé Espérance
2877184684,es un codigo ISBN de una edicion publicada por,Éd. du Signe
2877184684,está escrito en,Francés
9782877184687,es un codigo ISBN para el libro,Un train nommé Espérance
9782877184687,es un codigo ISBN de una edicion publicada por,Éd. du Signe
9782877184687,está escrito en,Francés
Reinhold Stecher,es autor de la obra,Un train nommé Espérance
Un train nommé Espérance,pertenece al género,Auteurs catholiques
Un train nommé Espérance,pertenece al género,Vie chrétienne
Un train nommé Espérance,pertenece al género,Méditations
3854000766,es un codigo ISBN para el libro,Gott finden in allen Dingen
3854000766,es un codigo ISBN de una edicion publicada por,Druck- und Verlagshaus Thaur
3854000766,está escrito en,Alemán
Reinhold Stecher,es autor de la obra,Gott finden in allen Dingen
Gott finden in allen Dingen,pertenece al género,Theology
Gott finden in allen Dingen,pertenece al género,Spirituality
Gott finden in allen Dingen,pertenece al género,Christian life
Rudolf Breuss,es de nacionalidad,Austria
9780920470565,es un codigo ISBN para el libro,The Breuss Cancer Cure
9780920470565,es un codigo ISBN de una edicion publicada por,Alive Books
9780920470565,está escrito en,Inglés
0920470564,es un codigo ISBN para el libro,The Breuss Cancer Cure
0920470564,es un codigo ISBN de una edicion publicada por,Alive Books
0920470564,está escrito en,Inglés
Rudolf Breuss,es autor de la obra,The Breuss Cancer Cure
9789739907019,es un codigo ISBN para el libro,"Cancer, leucemie"
9789739907019,es un codigo ISBN de una edicion publicada por,AnandaKali
9789739907019,está escrito en,Rumano
9739907016,es un codigo ISBN para el libro,"Cancer, leucemie"
9739907016,es un codigo ISBN de una edicion publicada por,AnandaKali
9739907016,está escrito en,Rumano
Rudolf Breuss,es autor de la obra,"Cancer, leucemie"
"Cancer, leucemie",pertenece al género,Leucemie
"Cancer, leucemie",pertenece al género,Medicină naturistă
"Cancer, leucemie",pertenece al género,Cancer
Alois Wotawa,es de nacionalidad,Austria
9783111260303,es un codigo ISBN para el libro,Auf Spurensuche mit Schachfiguren
9783111260303,es un codigo ISBN de una edicion publicada por,"De Gruyter, Inc."
9783111260303,está escrito en,Alemán
9783111997612,es un codigo ISBN para el libro,Auf Spurensuche mit Schachfiguren
9783111997612,es un codigo ISBN de una edicion publicada por,"De Gruyter, Inc."
9783111997612,está escrito en,Alemán
Alois Wotawa,es autor de la obra,Auf Spurensuche mit Schachfiguren
Maximilian Ronge,es de nacionalidad,Austria
5934850025,es un codigo ISBN para el libro,Voĭna i industrii͡a shpionazha
5934850025,es un codigo ISBN de una edicion publicada por,Pravovoe prosveshchenie
5934850025,está escrito en,rus
Maximilian Ronge,es autor de la obra,Voĭna i industrii͡a shpionazha
Voĭna i industrii͡a shpionazha,pertenece al género,"World War, 1914-1918"
Voĭna i industrii͡a shpionazha,pertenece al género,Secret service
Voĭna i industrii͡a shpionazha,pertenece al género,Spies
Ernst Alexander Rauter,es de nacionalidad,Austria
Elfriede Jelinek,es de nacionalidad,Austria
3150180740,es un codigo ISBN para el libro,"Wolken, Heim"
3150180740,es un codigo ISBN de una edicion publicada por,Philipp Reclam jun.
3150180740,está escrito en,Alemán
Elfriede Jelinek,es autor de la obra,"Wolken, Heim"
3036958266,es un codigo ISBN para el libro,Schreibtisch mit Aussicht
3036958266,es un codigo ISBN de una edicion publicada por,Kein & Aber
3036958266,está escrito en,Alemán
9783036958262,es un codigo ISBN para el libro,Schreibtisch mit Aussicht
9783036958262,es un codigo ISBN de una edicion publicada por,Kein & Aber
9783036958262,está escrito en,Alemán
Elfriede Jelinek,es autor de la obra,Schreibtisch mit Aussicht
Schreibtisch mit Aussicht,pertenece al género,Women authors
Schreibtisch mit Aussicht,pertenece al género,Biography
Schreibtisch mit Aussicht,pertenece al género,Women and literature
3708601033,es un codigo ISBN para el libro,Smrt in deklica I-V
3708601033,es un codigo ISBN de una edicion publicada por,Mohorjeva
3708601033,está escrito en,Esloveno
Elfriede Jelinek,es autor de la obra,Smrt in deklica I-V
9655120767,es un codigo ISBN para el libro,ha-Meʾahavot
9655120767,es un codigo ISBN de una edicion publicada por,Bavel
9655120767,está escrito en,heb
Elfriede Jelinek,es autor de la obra,ha-Meʾahavot
8466405410,es un codigo ISBN para el libro,La pianista
8466405410,es un codigo ISBN de una edicion publicada por,Columna CAT
9788466405416,es un codigo ISBN para el libro,La pianista
9788466405416,es un codigo ISBN de una edicion publicada por,Columna CAT
Elfriede Jelinek,es autor de la obra,La pianista
9781846687372,es un codigo ISBN para el libro,The piano teacher
9781846687372,es un codigo ISBN de una edicion publicada por,Serpent's Tail
9781846687372,está escrito en,Inglés
1846687373,es un codigo ISBN para el libro,The piano teacher
1846687373,es un codigo ISBN de una edicion publicada por,Serpent's Tail
1846687373,está escrito en,Inglés
Elfriede Jelinek,es autor de la obra,The piano teacher
The piano teacher,pertenece al género,Woman music teachers
The piano teacher,pertenece al género,Fiction
The piano teacher,pertenece al género,"Vienna (austria), fiction"
9788467210170,es un codigo ISBN para el libro,La pianista
9788467210170,es un codigo ISBN de una edicion publicada por,Cículo de Lectores
8467210176,es un codigo ISBN para el libro,La pianista
8467210176,es un codigo ISBN de una edicion publicada por,Cículo de Lectores
9752970079,es un codigo ISBN para el libro,Piyanist
9752970079,es un codigo ISBN de una edicion publicada por,Everest
9752970079,está escrito en,tur
6055904780,es un codigo ISBN para el libro,Piyanist
6055904780,es un codigo ISBN de una edicion publicada por,Notos Kitap
9786055904784,es un codigo ISBN para el libro,Piyanist
9786055904784,es un codigo ISBN de una edicion publicada por,Notos Kitap
6257650801,es un codigo ISBN para el libro,Piyanist
6257650801,es un codigo ISBN de una edicion publicada por,İthaki Yayınları
9786257650809,es un codigo ISBN para el libro,Piyanist
9786257650809,es un codigo ISBN de una edicion publicada por,İthaki Yayınları
Elfriede Jelinek,es autor de la obra,Piyanist
9060127145,es un codigo ISBN para el libro,De pianiste
9060127145,es un codigo ISBN de una edicion publicada por,Van Gennep
9060127145,está escrito en,Neerlandés
9789060127148,es un codigo ISBN para el libro,De pianiste
9789060127148,es un codigo ISBN de una edicion publicada por,Van Gennep
9789060127148,está escrito en,Neerlandés
Elfriede Jelinek,es autor de la obra,De pianiste
De pianiste,pertenece al género,German literature
9781781255681,es un codigo ISBN para el libro,Piano Teacher
9781781255681,es un codigo ISBN de una edicion publicada por,Serpent's Tail Limited
9781781255681,está escrito en,Inglés
9780802198839,es un codigo ISBN para el libro,Piano Teacher
9780802198839,es un codigo ISBN de una edicion publicada por,"Grove/Atlantic, Incorporated"
9780802198839,está escrito en,Inglés
9781782832645,es un codigo ISBN para el libro,Piano Teacher
9781782832645,es un codigo ISBN de una edicion publicada por,Serpent's Tail Limited
9781782832645,está escrito en,Inglés
Elfriede Jelinek,es autor de la obra,Piano Teacher
Piano Teacher,pertenece al género,"Fiction, general"
Piano Teacher,pertenece al género,"Vienna (austria), fiction"
2286007519,es un codigo ISBN para el libro,La pianiste
2286007519,es un codigo ISBN de una edicion publicada por,Le Grand livre du mois
2286007519,está escrito en,Francés
9782286007515,es un codigo ISBN para el libro,La pianiste
9782286007515,es un codigo ISBN de una edicion publicada por,Le Grand livre du mois
9782286007515,está escrito en,Francés
Elfriede Jelinek,es autor de la obra,La pianiste
0802144616,es un codigo ISBN para el libro,The piano teacher
0802144616,es un codigo ISBN de una edicion publicada por,Grove Press
0802144616,está escrito en,Inglés
9780802144614,es un codigo ISBN para el libro,The piano teacher
9780802144614,es un codigo ISBN de una edicion publicada por,Grove Press
9780802144614,está escrito en,Inglés
The piano teacher,pertenece al género,Piano teachers
The piano teacher,pertenece al género,"Fiction, romance, erotica"
9781852427504,es un codigo ISBN para el libro,The piano teacher
9781852427504,es un codigo ISBN de una edicion publicada por,Serpent's Tail
9781852427504,está escrito en,Inglés
1852427507,es un codigo ISBN para el libro,The piano teacher
1852427507,es un codigo ISBN de una edicion publicada por,Serpent's Tail
1852427507,está escrito en,Inglés
The piano teacher,pertenece al género,New York Times reviewed
The piano teacher,pertenece al género,"Fiction, general"
9781852427504,es un codigo ISBN para el libro,The Piano Teacher
1852427507,es un codigo ISBN para el libro,The Piano Teacher
1852427256,es un codigo ISBN para el libro,The Piano Teacher
1852427256,es un codigo ISBN de una edicion publicada por,Serpent's Tail
1852427256,está escrito en,Inglés
9780802118066,es un codigo ISBN para el libro,The Piano Teacher
9780802118066,es un codigo ISBN de una edicion publicada por,Grove Press
9780802118066,está escrito en,Inglés
0802118062,es un codigo ISBN para el libro,The Piano Teacher
0802118062,es un codigo ISBN de una edicion publicada por,Grove Press
0802118062,está escrito en,Inglés
1852421576,es un codigo ISBN para el libro,The Piano Teacher
1852421576,es un codigo ISBN de una edicion publicada por,Serpent's Tail
1852421576,está escrito en,Inglés
1555840523,es un codigo ISBN para el libro,The Piano Teacher
1555840523,es un codigo ISBN de una edicion publicada por,"Grove/Atlantic, Incorporated"
1555840523,es un codigo ISBN de una edicion publicada por,Weidenfeld & Nicolson
1555840523,está escrito en,Inglés
1555840523,está escrito en,Alemán
Elfriede Jelinek,es autor de la obra,The Piano Teacher
The Piano Teacher,pertenece al género,"Fiction, erotica"
The Piano Teacher,pertenece al género,Fiction
2877110001,es un codigo ISBN para el libro,La Pianiste
2877110001,es un codigo ISBN de una edicion publicada por,Jacqueline Chambon
2877110001,está escrito en,Francés
9782877110006,es un codigo ISBN para el libro,La Pianiste
9782877110006,es un codigo ISBN de una edicion publicada por,Jacqueline Chambon
9782877110006,está escrito en,Francés
2020508729,es un codigo ISBN para el libro,La Pianiste
2020508729,es un codigo ISBN de una edicion publicada por,European Schoolbooks
2020508729,está escrito en,Francés
9782020508728,es un codigo ISBN para el libro,La Pianiste
9782020508728,es un codigo ISBN de una edicion publicada por,European Schoolbooks
9782020508728,está escrito en,Francés
Elfriede Jelinek,es autor de la obra,La Pianiste
La Pianiste,pertenece al género,Littérature allemande
La Pianiste,pertenece al género,Roman allemand
La Pianiste,pertenece al género,Musique
9879397355,es un codigo ISBN para el libro,La Pianista
9879397355,es un codigo ISBN de una edicion publicada por,Mondadori (IT)
9879397355,está escrito en,Español
9789879397350,es un codigo ISBN para el libro,La Pianista
9789879397350,es un codigo ISBN de una edicion publicada por,Mondadori (IT)
9789879397350,está escrito en,Español
8439711689,es un codigo ISBN para el libro,La Pianista
8439711689,es un codigo ISBN de una edicion publicada por,Mondadori
8439711689,está escrito en,Español
9685957282,es un codigo ISBN para el libro,La Pianista
9685957282,es un codigo ISBN de una edicion publicada por,Mondadori
9685957282,está escrito en,Español
Elfriede Jelinek,es autor de la obra,La Pianista
La Pianista,pertenece al género,Ficción
La Pianista,pertenece al género,Fiction
9781852421571,es un codigo ISBN para el libro,The Piano Teacher (Masks)
9781852421571,es un codigo ISBN de una edicion publicada por,Serpent's Tail
9781852421571,está escrito en,Inglés
1852421576,es un codigo ISBN para el libro,The Piano Teacher (Masks)
Elfriede Jelinek,es autor de la obra,The Piano Teacher (Masks)
5890912720,es un codigo ISBN para el libro,Pianistka
5890912720,es un codigo ISBN de una edicion publicada por,"""Symposium"""
5890912720,está escrito en,rus
Elfriede Jelinek,es autor de la obra,Pianistka
Pianistka,pertenece al género,Fiction
9788439711681,es un codigo ISBN para el libro,La Pianista / The Pianist
9788439711681,es un codigo ISBN de una edicion publicada por,Grijalbo Mondadori Sa
9788439711681,está escrito en,Español
8439711689,es un codigo ISBN para el libro,La Pianista / The Pianist
8439711689,es un codigo ISBN de una edicion publicada por,Grijalbo Mondadori Sa
Elfriede Jelinek,es autor de la obra,La Pianista / The Pianist
8497938445,es un codigo ISBN para el libro,La Pianista/ The Pianist (Contemporanea)
8497938445,es un codigo ISBN de una edicion publicada por,DEBOLSILLO
8497938445,está escrito en,Español
9788497938440,es un codigo ISBN para el libro,La Pianista/ The Pianist (Contemporanea)
9788497938440,es un codigo ISBN de una edicion publicada por,DEBOLSILLO
9788497938440,está escrito en,Español
Elfriede Jelinek,es autor de la obra,La Pianista/ The Pianist (Contemporanea)
9789685957281,es un codigo ISBN para el libro,La pianista/ The Pianist
9789685957281,es un codigo ISBN de una edicion publicada por,Random House Mondadori
9789685957281,está escrito en,Español
9685957282,es un codigo ISBN para el libro,La pianista/ The Pianist
9685957282,es un codigo ISBN de una edicion publicada por,Random House Mondadori
Elfriede Jelinek,es autor de la obra,La pianista/ The Pianist
La pianista/ The Pianist,pertenece al género,Ficción
La pianista/ The Pianist,pertenece al género,Fiction
837414100X,es un codigo ISBN para el libro,Pianistka
837414100X,es un codigo ISBN de una edicion publicada por,WAB
837414100X,está escrito en,Polaco
9780300142150,es un codigo ISBN para el libro,Die Kinder der Toten
9780300142150,es un codigo ISBN de una edicion publicada por,Yale University Press
9780300142150,está escrito en,Inglés
3499221616,es un codigo ISBN para el libro,Die Kinder der Toten
3499221616,es un codigo ISBN de una edicion publicada por,Rowohlt Taschenbuch Verlag
3499221616,está escrito en,Alemán
349803328X,es un codigo ISBN para el libro,Die Kinder der Toten
349803328X,es un codigo ISBN de una edicion publicada por,Rowohlt
349803328X,está escrito en,Alemán
Elfriede Jelinek,es autor de la obra,Die Kinder der Toten
158322842X,es un codigo ISBN para el libro,Gier
158322842X,es un codigo ISBN de una edicion publicada por,Seven Stories Press
9781583228425,es un codigo ISBN para el libro,Gier
9781583228425,es un codigo ISBN de una edicion publicada por,Seven Stories Press
9781846686665,es un codigo ISBN para el libro,Gier
9781846686665,es un codigo ISBN de una edicion publicada por,Serpent's Tail Limited
9781846686665,está escrito en,Inglés
9781852429027,es un codigo ISBN para el libro,Gier
9781852429027,es un codigo ISBN de una edicion publicada por,Serpent's Tail
9781852429027,está escrito en,Inglés
185242902X,es un codigo ISBN para el libro,Gier
185242902X,es un codigo ISBN de una edicion publicada por,Serpent's Tail
185242902X,está escrito en,Inglés
1583227571,es un codigo ISBN para el libro,Gier
1583227571,es un codigo ISBN de una edicion publicada por,Seven Stories Press
1583227571,está escrito en,Inglés
9781583227572,es un codigo ISBN para el libro,Gier
9781583227572,es un codigo ISBN de una edicion publicada por,Seven Stories Press
9781583227572,está escrito en,Inglés
9783499231315,es un codigo ISBN para el libro,Gier
9783499231315,es un codigo ISBN de una edicion publicada por,Distribooks
9783499231315,está escrito en,Alemán
349923131X,es un codigo ISBN para el libro,Gier
349923131X,es un codigo ISBN de una edicion publicada por,Distribooks
349923131X,está escrito en,Alemán
3498033344,es un codigo ISBN para el libro,Gier
3498033344,es un codigo ISBN de una edicion publicada por,Rowohlt
3498033344,está escrito en,Alemán
185242902X,está escrito en,und
Elfriede Jelinek,es autor de la obra,Gier
Gier,pertenece al género,Alleinstehende Frau
Gier,pertenece al género,Polizeibeamter
Gier,pertenece al género,Mord
Otto Bauer,es de nacionalidad,Austria
3778720945,es un codigo ISBN para el libro,Hans Eisenmann
3778720945,es un codigo ISBN de una edicion publicada por,W. Ludwig
3778720945,está escrito en,Alemán
Otto Bauer,es autor de la obra,Hans Eisenmann
Hans Eisenmann,pertenece al género,State governments
Hans Eisenmann,pertenece al género,Officials and employees
Hans Eisenmann,pertenece al género,Biography
9781520963839,es un codigo ISBN para el libro,Tausend und ein Gespenst
9781520963839,es un codigo ISBN de una edicion publicada por,Independently Published
9781520963839,está escrito en,Alemán
Otto Bauer,es autor de la obra,Tausend und ein Gespenst
9781642592566,es un codigo ISBN para el libro,Austrian Revolution
9781642592566,es un codigo ISBN de una edicion publicada por,Haymarket Books
9781642592566,está escrito en,Inglés
9781642591620,es un codigo ISBN para el libro,Austrian Revolution
9781642591620,es un codigo ISBN de una edicion publicada por,Haymarket Books
9781642591620,está escrito en,Inglés
Otto Bauer,es autor de la obra,Austrian Revolution
Austrian Revolution,pertenece al género,History
Austrian Revolution,pertenece al género,Politics and government
9781014969781,es un codigo ISBN para el libro,Austrian democracy under fire
9781014969781,es un codigo ISBN de una edicion publicada por,"Creative Media Partners, LLC"
9781014969781,está escrito en,Inglés
Otto Bauer,es autor de la obra,Austrian democracy under fire
9789004325081,es un codigo ISBN para el libro,Austro-Marxism : The Ideology of Unity. Volume II : Changing the World
9789004325081,es un codigo ISBN de una edicion publicada por,BRILL
9789004325081,está escrito en,Inglés
160846993X,es un codigo ISBN para el libro,Austro-Marxism : The Ideology of Unity. Volume II : Changing the World
160846993X,es un codigo ISBN de una edicion publicada por,Haymarket Books
9781608469932,es un codigo ISBN para el libro,Austro-Marxism : The Ideology of Unity. Volume II : Changing the World
9781608469932,es un codigo ISBN de una edicion publicada por,Haymarket Books
Otto Bauer,es autor de la obra,Austro-Marxism : The Ideology of Unity. Volume II : Changing the World
Austro-Marxism : The Ideology of Unity. Volume II : Changing the World,pertenece al género,Socialists
Austro-Marxism : The Ideology of Unity. Volume II : Changing the World,pertenece al género,Socialism
Austro-Marxism : The Ideology of Unity. Volume II : Changing the World,pertenece al género,"Austria, politics and government"
9780353695368,es un codigo ISBN para el libro,Die Nationalitätenfrage Und Die Sozialdemokratie
9780353695368,es un codigo ISBN de una edicion publicada por,"Creative Media Partners, LLC"
9780353695368,está escrito en,Alemán
9780342381029,es un codigo ISBN para el libro,Die Nationalitätenfrage Und Die Sozialdemokratie
9780342381029,es un codigo ISBN de una edicion publicada por,"Creative Media Partners, LLC"
9780342381029,está escrito en,Inglés
9780274671298,es un codigo ISBN para el libro,Die Nationalitätenfrage Und Die Sozialdemokratie
9780274671298,es un codigo ISBN de una edicion publicada por,"Creative Media Partners, LLC"
9780274671298,está escrito en,Alemán
0342381032,es un codigo ISBN para el libro,Die Nationalitätenfrage Und Die Sozialdemokratie
0342381032,es un codigo ISBN de una edicion publicada por,Franklin Classics
9780342381036,es un codigo ISBN para el libro,Die Nationalitätenfrage Und Die Sozialdemokratie
9780342381036,es un codigo ISBN de una edicion publicada por,Franklin Classics
0344349489,es un codigo ISBN para el libro,Die Nationalitätenfrage Und Die Sozialdemokratie
0344349489,es un codigo ISBN de una edicion publicada por,Franklin Classics Trade Press
9780344349485,es un codigo ISBN para el libro,Die Nationalitätenfrage Und Die Sozialdemokratie
9780344349485,es un codigo ISBN de una edicion publicada por,Franklin Classics Trade Press
Otto Bauer,es autor de la obra,Die Nationalitätenfrage Und Die Sozialdemokratie
9783847238287,es un codigo ISBN para el libro,Selbstmörder
9783847238287,es un codigo ISBN de una edicion publicada por,tredition Verlag
9783847238287,está escrito en,Inglés
9781720181002,es un codigo ISBN para el libro,Selbstmörder
9781720181002,es un codigo ISBN de una edicion publicada por,Independently Published
9781720181002,está escrito en,Alemán
Otto Bauer,es autor de la obra,Selbstmörder
Paulina de Metternich,es de nacionalidad,Austria
3800032635,es un codigo ISBN para el libro,Erinnerungen
3800032635,es un codigo ISBN de una edicion publicada por,Ueberreuter
3800032635,está escrito en,Alemán
Paulina de Metternich,es autor de la obra,Erinnerungen
Erinnerungen,pertenece al género,Ambassadors' spouses
Erinnerungen,pertenece al género,Biography
Erinnerungen,pertenece al género,Nobility
2847345418,es un codigo ISBN para el libro,"""Je ne suis pas jolie, je suis pire"""
2847345418,es un codigo ISBN de una edicion publicada por,Tallandier
2847345418,está escrito en,Francés
9782847345414,es un codigo ISBN para el libro,"""Je ne suis pas jolie, je suis pire"""
9782847345414,es un codigo ISBN de una edicion publicada por,Tallandier
9782847345414,está escrito en,Francés
Paulina de Metternich,es autor de la obra,"""Je ne suis pas jolie, je suis pire"""
"""Je ne suis pas jolie, je suis pire""",pertenece al género,Social life and customs
"""Je ne suis pas jolie, je suis pire""",pertenece al género,Princesses
"""Je ne suis pas jolie, je suis pire""",pertenece al género,Biography
Reimmichl,es de nacionalidad,Austria
3850014886,es un codigo ISBN para el libro,Das grosse Reimmichl Hausbuch
3850014886,es un codigo ISBN de una edicion publicada por,Tosa
3850014886,está escrito en,Alemán
Reimmichl,es autor de la obra,Das grosse Reimmichl Hausbuch
3702212884,es un codigo ISBN para el libro,Tirol isch lei oans
3702212884,es un codigo ISBN de una edicion publicada por,Tyrolia-Verl
3702212884,es un codigo ISBN de una edicion publicada por,Tyrolia-Verl.
3702212884,está escrito en,Alemán
Reimmichl,es autor de la obra,Tirol isch lei oans
9783702212223,es un codigo ISBN para el libro,Weihnacht in Tirol. Ein Volksbuch
9783702212223,es un codigo ISBN de una edicion publicada por,Tyrolia Verlaganstalt
9783702212223,está escrito en,Alemán
3702212221,es un codigo ISBN para el libro,Weihnacht in Tirol. Ein Volksbuch
3702212221,es un codigo ISBN de una edicion publicada por,Tyrolia Verlaganstalt
3702212221,está escrito en,Alemán
Reimmichl,es autor de la obra,Weihnacht in Tirol. Ein Volksbuch
3702212426,es un codigo ISBN para el libro,Die Grossglocknerin
3702212426,es un codigo ISBN de una edicion publicada por,Tyrolia-Verlag
3702212426,está escrito en,Alemán
Reimmichl,es autor de la obra,Die Grossglocknerin
Wilhelm Reich,es de nacionalidad,Austria
9781322030234,es un codigo ISBN para el libro,Sex-Pol
9781322030234,es un codigo ISBN de una edicion publicada por,Verso
9781322030234,está escrito en,Inglés
Wilhelm Reich,es autor de la obra,Sex-Pol
Sex-Pol,pertenece al género,Communism and society
Sex-Pol,pertenece al género,Alienation (social psychology)
Sex-Pol,pertenece al género,Sex (psychology)
9780575030541,es un codigo ISBN para el libro,Record of a friendship
9780575030541,es un codigo ISBN de una edicion publicada por,Gollancz
9780575030541,es un codigo ISBN de una edicion publicada por,"Orion Publishing Group, Limited"
0575030542,es un codigo ISBN para el libro,Record of a friendship
0575030542,es un codigo ISBN de una edicion publicada por,Gollancz
0575030542,es un codigo ISBN de una edicion publicada por,"Orion Publishing Group, Limited"
0374248079,es un codigo ISBN para el libro,Record of a friendship
0374248079,es un codigo ISBN de una edicion publicada por,"Farrar, Straus, Giroux"
0374248079,está escrito en,Inglés
9780374517700,es un codigo ISBN para el libro,Record of a friendship
9780374517700,es un codigo ISBN de una edicion publicada por,"Farrar, Straus and Giroux"
9780374517700,está escrito en,Inglés
0374517703,es un codigo ISBN para el libro,Record of a friendship
0374517703,es un codigo ISBN de una edicion publicada por,"Farrar, Straus and Giroux"
0374517703,está escrito en,Inglés
Wilhelm Reich,es autor de la obra,Record of a friendship
Record of a friendship,pertenece al género,Correspondence
Record of a friendship,pertenece al género,Teachers
Record of a friendship,pertenece al género,Psychoanalysts
9781952000218,es un codigo ISBN para el libro,Where's the Truth?
9781952000218,es un codigo ISBN de una edicion publicada por,Wilhelm Reich Infant Trust
9781952000218,está escrito en,Inglés
Wilhelm Reich,es autor de la obra,Where's the Truth?
Where's the Truth?,pertenece al género,Psychology
Where's the Truth?,pertenece al género,Biography
9754069387,es un codigo ISBN para el libro,Cinsel Devrim
9754069387,es un codigo ISBN de una edicion publicada por,Cem Yayinevi
9789754069389,es un codigo ISBN para el libro,Cinsel Devrim
9789754069389,es un codigo ISBN de una edicion publicada por,Cem Yayinevi
Wilhelm Reich,es autor de la obra,Cinsel Devrim
9781952000164,es un codigo ISBN para el libro,Selected Writings
9781952000164,es un codigo ISBN de una edicion publicada por,Wilhelm Reich Infant Trust
9781952000164,está escrito en,Inglés
9781952000171,es un codigo ISBN para el libro,Selected Writings
9781952000171,es un codigo ISBN de una edicion publicada por,Wilhelm Reich Infant Trust
9781952000171,está escrito en,Inglés
Wilhelm Reich,es autor de la obra,Selected Writings
Selected Writings,pertenece al género,Psychology
2228323608,es un codigo ISBN para el libro,L'IRRUPTION DE LA MORALE SEXUELLE
2228323608,es un codigo ISBN de una edicion publicada por,PETITE BIBLIOTHEQUE PAYOT
9782228323604,es un codigo ISBN para el libro,L'IRRUPTION DE LA MORALE SEXUELLE
9782228323604,es un codigo ISBN de una edicion publicada por,PETITE BIBLIOTHEQUE PAYOT
Wilhelm Reich,es autor de la obra,L'IRRUPTION DE LA MORALE SEXUELLE
9781952000188,es un codigo ISBN para el libro,The Bion Experiments
9781952000188,es un codigo ISBN de una edicion publicada por,Wilhelm Reich Infant Trust
9781952000188,está escrito en,Inglés
9781952000195,es un codigo ISBN para el libro,The Bion Experiments
9781952000195,es un codigo ISBN de una edicion publicada por,Wilhelm Reich Infant Trust
9781952000195,está escrito en,Inglés
Wilhelm Reich,es autor de la obra,The Bion Experiments
The Bion Experiments,pertenece al género,Science
The Bion Experiments,pertenece al género,Nature
9780285647008,es un codigo ISBN para el libro,Mass Psychology of Fascism
9780285647008,es un codigo ISBN de una edicion publicada por,Souvenir Press Limited
9780285647008,está escrito en,Inglés
Wilhelm Reich,es autor de la obra,Mass Psychology of Fascism
Mass Psychology of Fascism,pertenece al género,Social sciences
Mass Psychology of Fascism,pertenece al género,Psychology
Mass Psychology of Fascism,pertenece al género,Political science
9780374139773,es un codigo ISBN para el libro,Massenpsychologie des Faschismus
9780374139773,es un codigo ISBN de una edicion publicada por,"Farrar, Straus & Giroux"
9780374139773,está escrito en,Inglés
Wilhelm Reich,es autor de la obra,Massenpsychologie des Faschismus
Massenpsychologie des Faschismus,pertenece al género,Fascism
Massenpsychologie des Faschismus,pertenece al género,Social psychology
9789754069372,es un codigo ISBN para el libro,Orgazmin Islevi
9789754069372,es un codigo ISBN de una edicion publicada por,Cem Yayinevi
9754069379,es un codigo ISBN para el libro,Orgazmin Islevi
9754069379,es un codigo ISBN de una edicion publicada por,Cem Yayinevi
Wilhelm Reich,es autor de la obra,Orgazmin Islevi
9781716258619,es un codigo ISBN para el libro,Otroci Prihodnosti
9781716258619,es un codigo ISBN de una edicion publicada por,"Lulu Press, Inc."
9781716258619,está escrito en,sla
Wilhelm Reich,es autor de la obra,Otroci Prihodnosti
9781466846890,es un codigo ISBN para el libro,Early Writings
9781466846890,es un codigo ISBN de una edicion publicada por,"Farrar, Straus & Giroux"
9781466846890,está escrito en,Inglés
Wilhelm Reich,es autor de la obra,Early Writings
Early Writings,pertenece al género,Psychiatry
Hans Hauenstein,es de nacionalidad,Austria
Alfred Komarek,es de nacionalidad,Austria
3224162864,es un codigo ISBN para el libro,Austria
3224162864,es un codigo ISBN de una edicion publicada por,Jungend & Volk
3224162864,está escrito en,Inglés
Alfred Komarek,es autor de la obra,Austria
Austria,pertenece al género,Pictorial works
Austria,pertenece al género,Description and travel
3218006147,es un codigo ISBN para el libro,Rings um Wien
3218006147,es un codigo ISBN de una edicion publicada por,Kremayr & Scheriau
3218006147,está escrito en,Alemán
Alfred Komarek,es autor de la obra,Rings um Wien
Rings um Wien,pertenece al género,History
3701624399,es un codigo ISBN para el libro,Impressionen aus Salzburg
3701624399,es un codigo ISBN de una edicion publicada por,Pinguin
3701624399,está escrito en,Alemán
Alfred Komarek,es autor de la obra,Impressionen aus Salzburg
Impressionen aus Salzburg,pertenece al género,Pictorial works
Impressionen aus Salzburg,pertenece al género,Description and travel
9783709934548,es un codigo ISBN para el libro,Alfred
9783709934548,es un codigo ISBN de una edicion publicada por,Haymon Verlag
9783709934548,está escrito en,Alemán
Alfred Komarek,es autor de la obra,Alfred
321800487X,es un codigo ISBN para el libro,Niemandsnacht
321800487X,es un codigo ISBN de una edicion publicada por,Kremayr & Scheriau
321800487X,está escrito en,Alemán
Alfred Komarek,es autor de la obra,Niemandsnacht
3218005094,es un codigo ISBN para el libro,"Vorarlberg, das andere Land"
3218005094,es un codigo ISBN de una edicion publicada por,Kremayr & Scheriau
3218005094,está escrito en,Alemán
Alfred Komarek,es autor de la obra,"Vorarlberg, das andere Land"
"Vorarlberg, das andere Land",pertenece al género,Pictorial works
3218005000,es un codigo ISBN para el libro,Tirol
3218005000,es un codigo ISBN de una edicion publicada por,Kremayr u. Scheriau
3218005000,está escrito en,Alemán
Alfred Komarek,es autor de la obra,Tirol
3218004888,es un codigo ISBN para el libro,Burgenland
3218004888,es un codigo ISBN de una edicion publicada por,Kremayr u. Scheriau
3218004888,está escrito en,Alemán
Alfred Komarek,es autor de la obra,Burgenland
3218004705,es un codigo ISBN para el libro,Oberösterreich
3218004705,es un codigo ISBN de una edicion publicada por,Kremayr u. Scheriau
3218004705,está escrito en,Alemán
Alfred Komarek,es autor de la obra,Oberösterreich
9783709970942,es un codigo ISBN para el libro,Wachau
9783709970942,es un codigo ISBN de una edicion publicada por,Haymon
9783709970942,está escrito en,Alemán
Alfred Komarek,es autor de la obra,Wachau
Wachau,pertenece al género,Description and travel
Wachau,pertenece al género,Social life and customs
Wachau,pertenece al género,Pictorial works
9783852184135,es un codigo ISBN para el libro,Polterabend
9783852184135,es un codigo ISBN de una edicion publicada por,nan
3852184134,es un codigo ISBN para el libro,Polterabend
3852184134,es un codigo ISBN de una edicion publicada por,nan
Alfred Komarek,es autor de la obra,Polterabend
9783900678272,es un codigo ISBN para el libro,... Wenn der Kater kommt ...
9783900678272,es un codigo ISBN de una edicion publicada por,Edition Thurnhof
9783900678272,está escrito en,Alemán
Alfred Komarek,es autor de la obra,... Wenn der Kater kommt ...
3852184444,es un codigo ISBN para el libro,Die Villen der Frau Hürsch
3852184444,es un codigo ISBN de una edicion publicada por,Haymon Verlag
9783852184449,es un codigo ISBN para el libro,Die Villen der Frau Hürsch
9783852184449,es un codigo ISBN de una edicion publicada por,Haymon Verlag
Alfred Komarek,es autor de la obra,Die Villen der Frau Hürsch
Die Villen der Frau Hürsch,pertenece al género,Journalists
Die Villen der Frau Hürsch,pertenece al género,Fiction
Die Villen der Frau Hürsch,pertenece al género,Women household employees
3701730903,es un codigo ISBN para el libro,Niederosterreich
3701730903,es un codigo ISBN de una edicion publicada por,Residenz
9783701730902,es un codigo ISBN para el libro,Niederosterreich
9783701730902,es un codigo ISBN de una edicion publicada por,Residenz
Alfred Komarek,es autor de la obra,Niederosterreich
9783852183879,es un codigo ISBN para el libro,Laguna.
9783852183879,es un codigo ISBN de una edicion publicada por,Haymon Verlag
3852183871,es un codigo ISBN para el libro,Laguna.
3852183871,es un codigo ISBN de una edicion publicada por,Haymon Verlag
Alfred Komarek,es autor de la obra,Laguna.
Laguna.,pertenece al género,Pictorial works
9783765811692,es un codigo ISBN para el libro,Österreich. Sonderausgabe
9783765811692,es un codigo ISBN de una edicion publicada por,Bucher
3765811696,es un codigo ISBN para el libro,Österreich. Sonderausgabe
3765811696,es un codigo ISBN de una edicion publicada por,Bucher
Alfred Komarek,es autor de la obra,Österreich. Sonderausgabe
9783709970010,es un codigo ISBN para el libro,Semmering
9783709970010,es un codigo ISBN de una edicion publicada por,Haymon
9783709970010,está escrito en,Alemán
Alfred Komarek,es autor de la obra,Semmering
Semmering,pertenece al género,Description and travel
Semmering,pertenece al género,Cities and towns
Semmering,pertenece al género,History
9783257233933,es un codigo ISBN para el libro,Polterabend
9783257233933,es un codigo ISBN de una edicion publicada por,Diogenes Verlag AG
3257233930,es un codigo ISBN para el libro,Polterabend
3257233930,es un codigo ISBN de una edicion publicada por,Diogenes Verlag AG
9783709971772,es un codigo ISBN para el libro,"Alt, aber Polt"
9783709971772,es un codigo ISBN de una edicion publicada por,Haymon Verlag
3709971772,es un codigo ISBN para el libro,"Alt, aber Polt"
3709971772,es un codigo ISBN de una edicion publicada por,Haymon Verlag
Alfred Komarek,es autor de la obra,"Alt, aber Polt"
3850024628,es un codigo ISBN para el libro,Der Asoziale
3850024628,es un codigo ISBN de una edicion publicada por,Amalthea
3850024628,está escrito en,Alemán
Alfred Komarek,es autor de la obra,Der Asoziale
Der Asoziale,pertenece al género,Criticism and interpretation
Der Asoziale,pertenece al género,Outsiders in art
9783852189475,es un codigo ISBN para el libro,Zwölf mal Polt
9783852189475,es un codigo ISBN de una edicion publicada por,Haymon Verlag
3852189470,es un codigo ISBN para el libro,Zwölf mal Polt
3852189470,es un codigo ISBN de una edicion publicada por,Haymon Verlag
Alfred Komarek,es autor de la obra,Zwölf mal Polt
3218009340,es un codigo ISBN para el libro,"Schräge Vögel, Faszinierende Lebensentwürfe"
3218009340,es un codigo ISBN de una edicion publicada por,Kremayr und Scheriau
9783218009348,es un codigo ISBN para el libro,"Schräge Vögel, Faszinierende Lebensentwürfe"
9783218009348,es un codigo ISBN de una edicion publicada por,Kremayr und Scheriau
Alfred Komarek,es autor de la obra,"Schräge Vögel, Faszinierende Lebensentwürfe"
3257240694,es un codigo ISBN para el libro,Polt.
3257240694,es un codigo ISBN de una edicion publicada por,Diogenes Verlag AG
9783257240696,es un codigo ISBN para el libro,Polt.
9783257240696,es un codigo ISBN de una edicion publicada por,Diogenes Verlag AG
Alfred Komarek,es autor de la obra,Polt.
3218008239,es un codigo ISBN para el libro,Rings um Wien
3218008239,es un codigo ISBN de una edicion publicada por,Kremayr und Scheriau
9783218008235,es un codigo ISBN para el libro,Rings um Wien
9783218008235,es un codigo ISBN de una edicion publicada por,Kremayr und Scheriau
8085401967,es un codigo ISBN para el libro,Tri mestá
8085401967,es un codigo ISBN de una edicion publicada por,Q111
8085401967,está escrito en,slo
Alfred Komarek,es autor de la obra,Tri mestá
Tri mestá,pertenece al género,Fiction
3218005493,es un codigo ISBN para el libro,Ausseerland
3218005493,es un codigo ISBN de una edicion publicada por,Kremayr & Scheriau
3218005493,está escrito en,Alemán
Alfred Komarek,es autor de la obra,Ausseerland
Ausseerland,pertenece al género,Social life and customs
Ausseerland,pertenece al género,Description and travel
Ausseerland,pertenece al género,History
3218007038,es un codigo ISBN para el libro,Ausseerland. Die Bühne hinter den Kulissen
3218007038,es un codigo ISBN de una edicion publicada por,Kremayr & Scheriau
3218007038,está escrito en,Alemán
9783218007030,es un codigo ISBN para el libro,Ausseerland. Die Bühne hinter den Kulissen
9783218007030,es un codigo ISBN de una edicion publicada por,Kremayr & Scheriau
9783218007030,está escrito en,Alemán
Alfred Komarek,es autor de la obra,Ausseerland. Die Bühne hinter den Kulissen
3257232950,es un codigo ISBN para el libro,Blumen für Polt. Ein Krimi mit Gendamerie- Inspektor Simon Polt
3257232950,es un codigo ISBN de una edicion publicada por,Diogenes Verlag
3257232950,está escrito en,Alemán
9783257232950,es un codigo ISBN para el libro,Blumen für Polt. Ein Krimi mit Gendamerie- Inspektor Simon Polt
9783257232950,es un codigo ISBN de una edicion publicada por,Diogenes Verlag
9783257232950,está escrito en,Alemán
Alfred Komarek,es autor de la obra,Blumen für Polt. Ein Krimi mit Gendamerie- Inspektor Simon Polt
3853262848,es un codigo ISBN para el libro,Bohumil Blubb und die Wächter der Wasserwelt
3853262848,es un codigo ISBN de una edicion publicada por,NP [i.e. Niederösterreichisches Pressehaus]
3853262848,está escrito en,Alemán
Alfred Komarek,es autor de la obra,Bohumil Blubb und die Wächter der Wasserwelt
Thomas Bubendorfer,es de nacionalidad,Austria
3701500576,es un codigo ISBN para el libro,Mount Fitz Roy. Die Qualität des nächsten Schritts
3701500576,está escrito en,Alemán
9783701500574,es un codigo ISBN para el libro,Mount Fitz Roy. Die Qualität des nächsten Schritts
9783701500574,está escrito en,Alemán
Thomas Bubendorfer,es autor de la obra,Mount Fitz Roy. Die Qualität des nächsten Schritts
3850490106,es un codigo ISBN para el libro,SOLO
9783850490108,es un codigo ISBN para el libro,SOLO
Thomas Bubendorfer,es autor de la obra,SOLO
3760719988,es un codigo ISBN para el libro,ZauberWort vom Berg
3760719988,es un codigo ISBN de una edicion publicada por,Ars Edition
9783760719986,es un codigo ISBN para el libro,ZauberWort vom Berg
9783760719986,es un codigo ISBN de una edicion publicada por,Ars Edition
Thomas Bubendorfer,es autor de la obra,ZauberWort vom Berg
3776619112,es un codigo ISBN para el libro,Senkrecht gegen die Zeit. Die Eroberung des Unsichtbaren
3776619112,es un codigo ISBN de una edicion publicada por,Herbig
9783776619119,es un codigo ISBN para el libro,Senkrecht gegen die Zeit. Die Eroberung des Unsichtbaren
9783776619119,es un codigo ISBN de una edicion publicada por,Herbig
Thomas Bubendorfer,es autor de la obra,Senkrecht gegen die Zeit. Die Eroberung des Unsichtbaren
Carl Merz,es de nacionalidad,Austria
3216302601,es un codigo ISBN para el libro,Der Herr Karl.
3216302601,es un codigo ISBN de una edicion publicada por,Deuticke
9783216302601,es un codigo ISBN para el libro,Der Herr Karl.
9783216302601,es un codigo ISBN de una edicion publicada por,Deuticke
Carl Merz,es autor de la obra,Der Herr Karl.
3850021742,es un codigo ISBN para el libro,Österreichs goldene 50er Jahre
3850021742,es un codigo ISBN de una edicion publicada por,Amalthea
3850021742,está escrito en,Alemán
Carl Merz,es autor de la obra,Österreichs goldene 50er Jahre
Österreichs goldene 50er Jahre,pertenece al género,Austrian newspapers
Österreichs goldene 50er Jahre,pertenece al género,"Sections, columns"
Österreichs goldene 50er Jahre,pertenece al género,Humor
9783839138137,es un codigo ISBN para el libro,Steckbrief
9783839138137,es un codigo ISBN de una edicion publicada por,Books on Demand GmbH
9783839138137,está escrito en,Inglés
Carl Merz,es autor de la obra,Steckbrief
3499106078,es un codigo ISBN para el libro,Der Herr Karl und weiteres Heiteres
3499106078,es un codigo ISBN de una edicion publicada por,Rowohlt
3499106078,está escrito en,Alemán
Carl Merz,es autor de la obra,Der Herr Karl und weiteres Heiteres
3216301656,es un codigo ISBN para el libro,Travniceks gesammelte Werke
3216301656,es un codigo ISBN de una edicion publicada por,Deuticke
3216301656,está escrito en,Alemán
Carl Merz,es autor de la obra,Travniceks gesammelte Werke
Erich Fried,es de nacionalidad,Austria
9783803133038,es un codigo ISBN para el libro,Freiheit
9783803133038,es un codigo ISBN de una edicion publicada por,Verlag Klaus Wagenbach
9783803133038,está escrito en,Alemán
Erich Fried,es autor de la obra,Freiheit
3458359974,es un codigo ISBN para el libro,"Gedichte, die glücklich machen"
3458359974,es un codigo ISBN de una edicion publicada por,Insel Verlag GmbH
3458359974,está escrito en,Alemán
9783458359975,es un codigo ISBN para el libro,"Gedichte, die glücklich machen"
9783458359975,es un codigo ISBN de una edicion publicada por,Insel Verlag GmbH
9783458359975,está escrito en,Alemán
Erich Fried,es autor de la obra,"Gedichte, die glücklich machen"
3499238349,es un codigo ISBN para el libro,Mein Heldenzeitalter
3499238349,es un codigo ISBN de una edicion publicada por,Rowohlt Taschenbuch Verlag
3499238349,está escrito en,Alemán
Erich Fried,es autor de la obra,Mein Heldenzeitalter
3803101298,es un codigo ISBN para el libro,Beunruhigungen
3803101298,es un codigo ISBN de una edicion publicada por,Klaus Wagenbach
3803101298,está escrito en,Alemán
Erich Fried,es autor de la obra,Beunruhigungen
1852422114,es un codigo ISBN para el libro,Children and fools
1852422114,es un codigo ISBN de una edicion publicada por,Serpent's Tail
1852422114,está escrito en,Inglés
Erich Fried,es autor de la obra,Children and fools
3923854498,es un codigo ISBN para el libro,Erich Fried - Heiner Müller
3923854498,es un codigo ISBN de una edicion publicada por,Alexander Verlag
3923854498,está escrito en,Alemán
Erich Fried,es autor de la obra,Erich Fried - Heiner Müller
3803100755,es un codigo ISBN para el libro,Fast alles Mögliche
3803100755,es un codigo ISBN de una edicion publicada por,Wagenbach
3803100755,está escrito en,Alemán
Erich Fried,es autor de la obra,Fast alles Mögliche
3766307959,es un codigo ISBN para el libro,In die Sinne einradiert
3766307959,es un codigo ISBN de una edicion publicada por,Bund-Bibliophil
3766307959,está escrito en,Alemán
Erich Fried,es autor de la obra,In die Sinne einradiert
3803101115,es un codigo ISBN para el libro,Lebensschatten
3803101115,es un codigo ISBN de una edicion publicada por,Wagenbach
3803101115,está escrito en,Alemán
Erich Fried,es autor de la obra,Lebensschatten
3203510227,es un codigo ISBN para el libro,"Nicht verdrängen, nicht gewöhnen"
3203510227,es un codigo ISBN de una edicion publicada por,Europaverlag
3203510227,está escrito en,Alemán
Erich Fried,es autor de la obra,"Nicht verdrängen, nicht gewöhnen"
3546429710,es un codigo ISBN para el libro,Reich der Steine
3546429710,es un codigo ISBN de una edicion publicada por,Claassen
3546429710,está escrito en,Alemán
Erich Fried,es autor de la obra,Reich der Steine
3900478066,es un codigo ISBN para el libro,Von Bis nach Seit
3900478066,es un codigo ISBN de una edicion publicada por,Promedia
3900478066,está escrito en,Alemán
Erich Fried,es autor de la obra,Von Bis nach Seit
3596222257,es un codigo ISBN para el libro,Warngedichte
3596222257,es un codigo ISBN de una edicion publicada por,Fischer
3596222257,está escrito en,Alemán
Erich Fried,es autor de la obra,Warngedichte
3803121159,es un codigo ISBN para el libro,Zeitfragen und Überlegungen
3803121159,es un codigo ISBN de una edicion publicada por,Klaus Wagenbach
3803121159,está escrito en,Alemán
Erich Fried,es autor de la obra,Zeitfragen und Überlegungen
Zeitfragen und Überlegungen,pertenece al género,Political psychology
Zeitfragen und Überlegungen,pertenece al género,Autonomy
Zeitfragen und Überlegungen,pertenece al género,Political alienation
3803120446,es un codigo ISBN para el libro,100 Gedichte ohne Vaterland
3803120446,es un codigo ISBN de una edicion publicada por,Wagenbach
3803120446,está escrito en,Alemán
Erich Fried,es autor de la obra,100 Gedichte ohne Vaterland
3596103436,es un codigo ISBN para el libro,Anfechtungen
3596103436,es un codigo ISBN de una edicion publicada por,Fischer
3596103436,está escrito en,Alemán
Erich Fried,es autor de la obra,Anfechtungen
3546429745,es un codigo ISBN para el libro,Ein Soldat und ein Mädchen
3546429745,es un codigo ISBN de una edicion publicada por,Claassen
3546429745,está escrito en,Alemán
3596254329,es un codigo ISBN para el libro,Ein Soldat und ein Mädchen
3596254329,es un codigo ISBN de una edicion publicada por,Fischer Taschenbuch Verlag
3596254329,está escrito en,Alemán
Erich Fried,es autor de la obra,Ein Soldat und ein Mädchen
3596295114,es un codigo ISBN para el libro,Frühe Gedichte
3596295114,es un codigo ISBN de una edicion publicada por,Fischer Taschenbuch Verlag
3596295114,está escrito en,Alemán
3546429664,es un codigo ISBN para el libro,Frühe Gedichte
3546429664,es un codigo ISBN de una edicion publicada por,Claassen
3546429664,está escrito en,Alemán
Erich Fried,es autor de la obra,Frühe Gedichte
3803120837,es un codigo ISBN para el libro,Kinder und Narren
3803120837,es un codigo ISBN de una edicion publicada por,Wagenbach
3803120837,está escrito en,Alemán
Erich Fried,es autor de la obra,Kinder und Narren
3803101557,es un codigo ISBN para el libro,Am Rand unserer Lebenszeit
3803101557,es un codigo ISBN de una edicion publicada por,Wagenbach
3803101557,está escrito en,Alemán
Erich Fried,es autor de la obra,Am Rand unserer Lebenszeit
Am Rand unserer Lebenszeit,pertenece al género,Spanish literature
Am Rand unserer Lebenszeit,pertenece al género,Translations into German
Am Rand unserer Lebenszeit,pertenece al género,German literature
3922723241,es un codigo ISBN para el libro,Angst und Trost
3922723241,es un codigo ISBN de una edicion publicada por,Alibaba Verlag
3922723241,está escrito en,Alemán
Erich Fried,es autor de la obra,Angst und Trost
Daniel Kehlmann,es de nacionalidad,Austria
3446253904,es un codigo ISBN para el libro,Von Meeren und Menschen
3446253904,es un codigo ISBN de una edicion publicada por,"Hanser, Carl GmbH + Co."
9783446253902,es un codigo ISBN para el libro,Von Meeren und Menschen
9783446253902,es un codigo ISBN de una edicion publicada por,"Hanser, Carl GmbH + Co."
Daniel Kehlmann,es autor de la obra,Von Meeren und Menschen
9783835301450,es un codigo ISBN para el libro,Diese sehr ernsten Scherze
9783835301450,es un codigo ISBN de una edicion publicada por,Wallstein
9783835301450,está escrito en,Alemán
3835301454,es un codigo ISBN para el libro,Diese sehr ernsten Scherze
3835301454,es un codigo ISBN de una edicion publicada por,Wallstein
3835301454,está escrito en,Alemán
Daniel Kehlmann,es autor de la obra,Diese sehr ernsten Scherze
Diese sehr ernsten Scherze,pertenece al género,Interviews
Diese sehr ernsten Scherze,pertenece al género,Criticism and interpretation
9783763275267,es un codigo ISBN para el libro,Lichtspiel
9783763275267,es un codigo ISBN de una edicion publicada por,Büchergilde Gutenberg
9783763275267,está escrito en,Alemán
Daniel Kehlmann,es autor de la obra,Lichtspiel
9789668849527,es un codigo ISBN para el libro,Kraj svitu
9789668849527,es un codigo ISBN de una edicion publicada por,VNTL-Klasyka
9789668849527,está escrito en,ukr
Daniel Kehlmann,es autor de la obra,Kraj svitu
Kraj svitu,pertenece al género,Konferenz
Kraj svitu,pertenece al género,Wissenschaftler
Kraj svitu,pertenece al género,Leistungsdruck
9789668849510,es un codigo ISBN para el libro,Ja i Kamins'kyj
9789668849510,es un codigo ISBN de una edicion publicada por,VNTL-Klasyka
9789668849510,está escrito en,ukr
Daniel Kehlmann,es autor de la obra,Ja i Kamins'kyj
Ja i Kamins'kyj,pertenece al género,Maler
Ja i Kamins'kyj,pertenece al género,Pop-Art
Ja i Kamins'kyj,pertenece al género,Kunsthistoriker
9789664413111,es un codigo ISBN para el libro,Obmirjuvannja svitu
9789664413111,es un codigo ISBN de una edicion publicada por,Piramida
9789664413111,está escrito en,ukr
Daniel Kehlmann,es autor de la obra,Obmirjuvannja svitu
9789654822763,es un codigo ISBN para el libro,Modedim et ha-ʻolam
9789654822763,está escrito en,heb
Daniel Kehlmann,es autor de la obra,Modedim et ha-ʻolam
Modedim et ha-ʻolam,pertenece al género,Fiction
Modedim et ha-ʻolam,pertenece al género,Explorers
Modedim et ha-ʻolam,pertenece al género,Mathematicians
3311140095,es un codigo ISBN para el libro,Der unsichtbare Drache
3311140095,es un codigo ISBN de una edicion publicada por,Kampa
3311140095,está escrito en,Alemán
9783311140092,es un codigo ISBN para el libro,Der unsichtbare Drache
9783311140092,es un codigo ISBN de una edicion publicada por,Kampa
9783311140092,está escrito en,Alemán
Daniel Kehlmann,es autor de la obra,Der unsichtbare Drache
Der unsichtbare Drache,pertenece al género,Interviews
Der unsichtbare Drache,pertenece al género,German Authors
Der unsichtbare Drache,pertenece al género,Authors
3980975320,es un codigo ISBN para el libro,The book of Zinik
3980975320,es un codigo ISBN de una edicion publicada por,Edition AVL
3980975320,está escrito en,Inglés
9783980975322,es un codigo ISBN para el libro,The book of Zinik
9783980975322,es un codigo ISBN de una edicion publicada por,Edition AVL
9783980975322,está escrito en,Inglés
Daniel Kehlmann,es autor de la obra,The book of Zinik
The book of Zinik,pertenece al género,Authorship
The book of Zinik,pertenece al género,Collaboration
3518395734,es un codigo ISBN para el libro,Beerholms Vorstellung
3518395734,es un codigo ISBN de una edicion publicada por,Suhrkamp
3518395734,está escrito en,Alemán
Daniel Kehlmann,es autor de la obra,Beerholms Vorstellung
9783608984804,es un codigo ISBN para el libro,Mein Algorithmus und Ich
9783608984804,es un codigo ISBN de una edicion publicada por,Klett-Cotta
9783608984804,está escrito en,Alemán
Daniel Kehlmann,es autor de la obra,Mein Algorithmus und Ich
Mein Algorithmus und Ich,pertenece al género,KI
Mein Algorithmus und Ich,pertenece al género,AI
Mein Algorithmus und Ich,pertenece al género,Artificial intelligence
9783518456279,es un codigo ISBN para el libro,Der fernste Ort
9783518456279,es un codigo ISBN de una edicion publicada por,Suhrkamp Verlag KG
351845627X,es un codigo ISBN para el libro,Der fernste Ort
351845627X,es un codigo ISBN de una edicion publicada por,Suhrkamp Verlag KG
Daniel Kehlmann,es autor de la obra,Der fernste Ort
9783499246333,es un codigo ISBN para el libro,Unter Der Sonne
9783499246333,es un codigo ISBN de una edicion publicada por,Rowohlt Taschenbuch Verlag Gmb
9783499246333,es un codigo ISBN de una edicion publicada por,Rowohlt Taschenbuch Verlag GmbH
3499246333,es un codigo ISBN para el libro,Unter Der Sonne
3499246333,es un codigo ISBN de una edicion publicada por,Rowohlt Taschenbuch Verlag Gmb
3499246333,es un codigo ISBN de una edicion publicada por,Rowohlt Taschenbuch Verlag GmbH
Daniel Kehlmann,es autor de la obra,Unter Der Sonne
3464616444,es un codigo ISBN para el libro,Ruhm
3464616444,es un codigo ISBN de una edicion publicada por,Cornelsen Verlag GmbH
9783464616444,es un codigo ISBN para el libro,Ruhm
9783464616444,es un codigo ISBN de una edicion publicada por,Cornelsen Verlag GmbH
Daniel Kehlmann,es autor de la obra,Ruhm
3499241390,es un codigo ISBN para el libro,Wo ist Carlos Montúfar?
3499241390,es un codigo ISBN de una edicion publicada por,Rowohlt Taschenbuch Verla
9783499241390,es un codigo ISBN para el libro,Wo ist Carlos Montúfar?
9783499241390,es un codigo ISBN de una edicion publicada por,Rowohlt Taschenbuch Verla
Daniel Kehlmann,es autor de la obra,Wo ist Carlos Montúfar?
9780571345311,es un codigo ISBN para el libro,Christmas Eve *ebook*
9780571345311,es un codigo ISBN de una edicion publicada por,"Faber & Faber, Limited"
9780571345311,está escrito en,Inglés
Daniel Kehlmann,es autor de la obra,Christmas Eve *ebook*
Christmas Eve *ebook*,pertenece al género,Drama (dramatic works by one author)
9789864775613,es un codigo ISBN para el libro,Xiao Chou Tier
9789864775613,es un codigo ISBN de una edicion publicada por,Shang zhou chu ban
9789864775613,está escrito en,chi
Daniel Kehlmann,es autor de la obra,Xiao Chou Tier
0307389898,es un codigo ISBN para el libro,Me and Kaminski (Vintage)
0307389898,es un codigo ISBN de una edicion publicada por,Vintage
9780307389893,es un codigo ISBN para el libro,Me and Kaminski (Vintage)
9780307389893,es un codigo ISBN de una edicion publicada por,Vintage
Daniel Kehlmann,es autor de la obra,Me and Kaminski (Vintage)
Me and Kaminski (Vintage),pertenece al género,"Fiction, biographical"
Me and Kaminski (Vintage),pertenece al género,"Artists, fiction"
9750739019,es un codigo ISBN para el libro,Gitmeliydin
9750739019,es un codigo ISBN de una edicion publicada por,Can Yayinlari
9789750739019,es un codigo ISBN para el libro,Gitmeliydin
9789750739019,es un codigo ISBN de una edicion publicada por,Can Yayinlari
Daniel Kehlmann,es autor de la obra,Gitmeliydin
9783499249266,es un codigo ISBN para el libro,Ruhm; Ein Roman in neun Geschichten
9783499249266,es un codigo ISBN de una edicion publicada por,Rowohlt Taschenbuch Verlag Gmb
9783499249266,es un codigo ISBN de una edicion publicada por,Rowohlt Taschenbuch Verlag GmbH
349924926X,es un codigo ISBN para el libro,Ruhm; Ein Roman in neun Geschichten
349924926X,es un codigo ISBN de una edicion publicada por,Rowohlt Taschenbuch Verlag Gmb
349924926X,es un codigo ISBN de una edicion publicada por,Rowohlt Taschenbuch Verlag GmbH
Daniel Kehlmann,es autor de la obra,Ruhm; Ein Roman in neun Geschichten
3499254166,es un codigo ISBN para el libro,Requiem für einen Hund
3499254166,es un codigo ISBN de una edicion publicada por,Rowohlt Taschenbuch
9783499254161,es un codigo ISBN para el libro,Requiem für einen Hund
9783499254161,es un codigo ISBN de una edicion publicada por,Rowohlt Taschenbuch
Daniel Kehlmann,es autor de la obra,Requiem für einen Hund
1101871989,es un codigo ISBN para el libro,You Should Have Left: A Novel
1101871989,es un codigo ISBN de una edicion publicada por,Vintage
9781101871980,es un codigo ISBN para el libro,You Should Have Left: A Novel
9781101871980,es un codigo ISBN de una edicion publicada por,Vintage
Daniel Kehlmann,es autor de la obra,You Should Have Left: A Novel
You Should Have Left: A Novel,pertenece al género,Authors
You Should Have Left: A Novel,pertenece al género,Fiction
You Should Have Left: A Novel,pertenece al género,FICTION
9750711947,es un codigo ISBN para el libro,Sesler
9750711947,es un codigo ISBN de una edicion publicada por,Can Yayinlari
9789750711947,es un codigo ISBN para el libro,Sesler
9789750711947,es un codigo ISBN de una edicion publicada por,Can Yayinlari
Daniel Kehlmann,es autor de la obra,Sesler
0571339646,es un codigo ISBN para el libro,The Mentor
0571339646,es un codigo ISBN de una edicion publicada por,Faber & Faber
9780571339648,es un codigo ISBN para el libro,The Mentor
9780571339648,es un codigo ISBN de una edicion publicada por,Faber & Faber
Daniel Kehlmann,es autor de la obra,The Mentor
The Mentor,pertenece al género,Drama (dramatic works by one author)
The Mentor,pertenece al género,German drama
9783644425712,es un codigo ISBN para el libro,Requiem für einen Hund: Ein Gespräch (German Edition)
9783644425712,es un codigo ISBN de una edicion publicada por,Rowohlt E-Book
364442571X,es un codigo ISBN para el libro,Requiem für einen Hund: Ein Gespräch (German Edition)
364442571X,es un codigo ISBN de una edicion publicada por,Rowohlt E-Book
Daniel Kehlmann,es autor de la obra,Requiem für einen Hund: Ein Gespräch (German Edition)
9750725360,es un codigo ISBN para el libro,F
9750725360,es un codigo ISBN de una edicion publicada por,Can Yayinlari
9789750725364,es un codigo ISBN para el libro,F
9789750725364,es un codigo ISBN de una edicion publicada por,Can Yayinlari
9780804171595,es un codigo ISBN para el libro,F
9780804171595,es un codigo ISBN de una edicion publicada por,Knopf Doubleday Publishing Group
9780804171595,está escrito en,Inglés
9781848667518,es un codigo ISBN para el libro,F
9781848667518,es un codigo ISBN de una edicion publicada por,TBS/GBS/Transworld
9781848667518,está escrito en,Inglés
1483037053,es un codigo ISBN para el libro,F
1483037053,es un codigo ISBN de una edicion publicada por,Blackstone Pub
9781483037059,es un codigo ISBN para el libro,F
9781483037059,es un codigo ISBN de una edicion publicada por,Blackstone Pub
9783499249273,es un codigo ISBN para el libro,F
9783499249273,es un codigo ISBN de una edicion publicada por,Rowohlt Taschenbuch Verlag GmbH
9783499249273,es un codigo ISBN de una edicion publicada por,Rowohlt Verlag
3499249278,es un codigo ISBN para el libro,F
3499249278,es un codigo ISBN de una edicion publicada por,Rowohlt Taschenbuch Verlag GmbH
3499249278,es un codigo ISBN de una edicion publicada por,Rowohlt Verlag
Daniel Kehlmann,es autor de la obra,F
9783498035709,es un codigo ISBN para el libro,"Kommt, Geister"
9783498035709,es un codigo ISBN de una edicion publicada por,Rowohlt Verlag GmbH
3498035703,es un codigo ISBN para el libro,"Kommt, Geister"
3498035703,es un codigo ISBN de una edicion publicada por,Rowohlt Verlag GmbH
3499272059,es un codigo ISBN para el libro,"Kommt, Geister"
3499272059,es un codigo ISBN de una edicion publicada por,Rowohlt Taschenbuch
9783499272059,es un codigo ISBN para el libro,"Kommt, Geister"
9783499272059,es un codigo ISBN de una edicion publicada por,Rowohlt Taschenbuch
Daniel Kehlmann,es autor de la obra,"Kommt, Geister"
"Kommt, Geister",pertenece al género,History and criticism
"Kommt, Geister",pertenece al género,Modern Literature
9780525432913,es un codigo ISBN para el libro,You Should Have Left
9780525432913,es un codigo ISBN de una edicion publicada por,Knopf Doubleday Publishing Group
9780525432913,está escrito en,Inglés
1786484048,es un codigo ISBN para el libro,You Should Have Left
1786484048,es un codigo ISBN de una edicion publicada por,Quercus Publishing
1786484048,es un codigo ISBN de una edicion publicada por,riverrun
9781786484048,es un codigo ISBN para el libro,You Should Have Left
9781786484048,es un codigo ISBN de una edicion publicada por,Quercus Publishing
9781786484048,es un codigo ISBN de una edicion publicada por,riverrun
Daniel Kehlmann,es autor de la obra,You Should Have Left
You Should Have Left,pertenece al género,"Fiction, suspense"
You Should Have Left,pertenece al género,"Fiction, ghost"
You Should Have Left,pertenece al género,"Authors, fiction"
3499245493,es un codigo ISBN para el libro,Beerholms Vorstellung : Roman
3499245493,está escrito en,Inglés
Daniel Kehlmann,es autor de la obra,Beerholms Vorstellung : Roman
Beerholms Vorstellung : Roman,pertenece al género,Zauberkünstler
Christoph Schönborn,es de nacionalidad,Austria
2728905649,es un codigo ISBN para el libro,L'unité de la foi
2728905649,es un codigo ISBN de una edicion publicada por,Mame
2728905649,está escrito en,Francés
Christoph Schönborn,es autor de la obra,L'unité de la foi
L'unité de la foi,pertenece al género,God
L'unité de la foi,pertenece al género,Simplicity
9781535194495,es un codigo ISBN para el libro,Youcat
9781535194495,es un codigo ISBN de una edicion publicada por,CreateSpace Independent Publishing Platform
9781535194495,está escrito en,Inglés
Christoph Schönborn,es autor de la obra,Youcat
2856168221,es un codigo ISBN para el libro,Quel avenir pour l'Eglise ?
2856168221,es un codigo ISBN de una edicion publicada por,Presses de la Renaissance
9782856168226,es un codigo ISBN para el libro,Quel avenir pour l'Eglise ?
9782856168226,es un codigo ISBN de una edicion publicada por,Presses de la Renaissance
Christoph Schönborn,es autor de la obra,Quel avenir pour l'Eglise ?
9782845739192,es un codigo ISBN para el libro,Vie dans le Christ
9782845739192,es un codigo ISBN de una edicion publicada por,Parole et Silence
2845739192,es un codigo ISBN para el libro,Vie dans le Christ
2845739192,es un codigo ISBN de una edicion publicada por,Parole et Silence
Christoph Schönborn,es autor de la obra,Vie dans le Christ
9782845736078,es un codigo ISBN para el libro,Creation et evolution
9782845736078,es un codigo ISBN de una edicion publicada por,PAROLE SILENCE
284573607X,es un codigo ISBN para el libro,Creation et evolution
284573607X,es un codigo ISBN de una edicion publicada por,PAROLE SILENCE
Christoph Schönborn,es autor de la obra,Creation et evolution
2850497932,es un codigo ISBN para el libro,Liturgie et sacrements
2850497932,es un codigo ISBN de una edicion publicada por,Saint-Paul
9782850497933,es un codigo ISBN para el libro,Liturgie et sacrements
9782850497933,es un codigo ISBN de una edicion publicada por,Saint-Paul
Christoph Schönborn,es autor de la obra,Liturgie et sacrements
9783936055634,es un codigo ISBN para el libro,Schmetterlingsfauna Sachsen-Anhalts
9783936055634,es un codigo ISBN de una edicion publicada por,Weissdorn
9783936055634,está escrito en,Alemán
Christoph Schönborn,es autor de la obra,Schmetterlingsfauna Sachsen-Anhalts
Schmetterlingsfauna Sachsen-Anhalts,pertenece al género,Lepidoptera
Ernst Jandl,es de nacionalidad,Austria
Ernst Jandl,es autor de la obra,"Gedichte, die glücklich machen"
9783707603040,es un codigo ISBN para el libro,Von Jandl weg auf Jandl zu
9783707603040,es un codigo ISBN de una edicion publicada por,Czernin Verlag
9783707603040,está escrito en,Alemán
Ernst Jandl,es autor de la obra,Von Jandl weg auf Jandl zu
Von Jandl weg auf Jandl zu,pertenece al género,German Authors
9783852567020,es un codigo ISBN para el libro,not/a concrete pot
9783852567020,es un codigo ISBN de una edicion publicada por,Folio Verlag
9783852567020,está escrito en,Alemán
9783990370636,es un codigo ISBN para el libro,not/a concrete pot
9783990370636,es un codigo ISBN de una edicion publicada por,Folio Verlag
9783990370636,está escrito en,Alemán
3852567025,es un codigo ISBN para el libro,not/a concrete pot
3852567025,es un codigo ISBN de una edicion publicada por,Folio Verlag
3852567025,está escrito en,Alemán
Ernst Jandl,es autor de la obra,not/a concrete pot
not/a concrete pot,pertenece al género,Correspondence
3990270028,es un codigo ISBN para el libro,Der beschriftete Sessel
3990270028,es un codigo ISBN de una edicion publicada por,Jung und Jung
3990270028,está escrito en,Alemán
9783990270028,es un codigo ISBN para el libro,Der beschriftete Sessel
9783990270028,es un codigo ISBN de una edicion publicada por,Jung und Jung
9783990270028,está escrito en,Alemán
Ernst Jandl,es autor de la obra,Der beschriftete Sessel
Der beschriftete Sessel,pertenece al género,Poetry
Der beschriftete Sessel,pertenece al género,Homes and haunts
Der beschriftete Sessel,pertenece al género,Austrian Authors
8489804214,es un codigo ISBN para el libro,Ser quinto
8489804214,es un codigo ISBN de una edicion publicada por,Lóguez
8489804214,es un codigo ISBN de una edicion publicada por,Lóguez Ediciones
8489804214,está escrito en,Español
8489804214,es un codigo ISBN de una edicion publicada por,Lectorum Publications
9788489804210,es un codigo ISBN para el libro,Ser quinto
9788489804210,es un codigo ISBN de una edicion publicada por,Lectorum Publications
9788489804210,está escrito en,Español
Ernst Jandl,es autor de la obra,Ser quinto
Ser quinto,pertenece al género,Fiction
Ser quinto,pertenece al género,Ficción juvenil
Ser quinto,pertenece al género,Juguetes
3358010074,es un codigo ISBN para el libro,Im Delikatessenladen
3358010074,es un codigo ISBN de una edicion publicada por,Kinderbuchverl.
3358010074,está escrito en,Alemán
9783358010075,es un codigo ISBN para el libro,Im Delikatessenladen
9783358010075,es un codigo ISBN de una edicion publicada por,Kinderbuchverl.
9783358010075,está escrito en,Alemán
Ernst Jandl,es autor de la obra,Im Delikatessenladen
3353006508,es un codigo ISBN para el libro,"Das Rocheln der Mona Lisa : Gedichte, Szenen, Prosa"
3353006508,es un codigo ISBN de una edicion publicada por,Volk und Welt
3353006508,está escrito en,Alemán
Ernst Jandl,es autor de la obra,"Das Rocheln der Mona Lisa : Gedichte, Szenen, Prosa"
3472865080,es un codigo ISBN para el libro,Der gelbe Hund
3472865080,es un codigo ISBN de una edicion publicada por,Luchterhand
3472865080,está escrito en,Alemán
Ernst Jandl,es autor de la obra,Der gelbe Hund
8489804990,es un codigo ISBN para el libro,Antípodas
8489804990,es un codigo ISBN de una edicion publicada por,Lóguez
Ernst Jandl,es autor de la obra,Antípodas
3630620310,es un codigo ISBN para el libro,Aus dem wirklichen leben. Gedichte und Prosa
3630620310,es un codigo ISBN de una edicion publicada por,Luchterhand Literaturverlag
3630620310,está escrito en,Alemán
9783630620312,es un codigo ISBN para el libro,Aus dem wirklichen leben. Gedichte und Prosa
9783630620312,es un codigo ISBN de una edicion publicada por,Luchterhand Literaturverlag
9783630620312,está escrito en,Alemán
Ernst Jandl,es autor de la obra,Aus dem wirklichen leben. Gedichte und Prosa
3630870309,es un codigo ISBN para el libro,Autor in Gesellschaft. Aufsätze und Reden
3630870309,es un codigo ISBN de una edicion publicada por,"Luchterhand Literaturverlag, Muenchen"
9783630870304,es un codigo ISBN para el libro,Autor in Gesellschaft. Aufsätze und Reden
9783630870304,es un codigo ISBN de una edicion publicada por,"Luchterhand Literaturverlag, Muenchen"
Ernst Jandl,es autor de la obra,Autor in Gesellschaft. Aufsätze und Reden
3980308758,es un codigo ISBN para el libro,Bibliothek
3980308758,es un codigo ISBN de una edicion publicada por,Logo Verlag Eric Erfurth
3980308758,está escrito en,Alemán
Ernst Jandl,es autor de la obra,Bibliothek
3873650819,es un codigo ISBN para el libro,Der versteckte Hirte
3873650819,es un codigo ISBN de una edicion publicada por,Verlag Eremiten-Presse
3873650819,está escrito en,Alemán
Ernst Jandl,es autor de la obra,Der versteckte Hirte
3630867340,es un codigo ISBN para el libro,Gesammelte Werke
3630867340,es un codigo ISBN de una edicion publicada por,Luchterhand
3630867340,está escrito en,Alemán
Ernst Jandl,es autor de la obra,Gesammelte Werke
3472866101,es un codigo ISBN para el libro,Gesammelte Werke. Erster Band. Gedichte 1
3472866101,es un codigo ISBN de una edicion publicada por,Luchterhand
3472866101,está escrito en,Alemán
Ernst Jandl,es autor de la obra,Gesammelte Werke. Erster Band. Gedichte 1
Gesammelte Werke. Erster Band. Gedichte 1,pertenece al género,Natural history
9783803140364,es un codigo ISBN para el libro,"him hanflang war das wort. Cassette. Sprechgedichte, gelesen vom Autoren"
9783803140364,es un codigo ISBN de una edicion publicada por,Wagenbach
3803140366,es un codigo ISBN para el libro,"him hanflang war das wort. Cassette. Sprechgedichte, gelesen vom Autoren"
3803140366,es un codigo ISBN de una edicion publicada por,Wagenbach
Ernst Jandl,es autor de la obra,"him hanflang war das wort. Cassette. Sprechgedichte, gelesen vom Autoren"
3803140374,es un codigo ISBN para el libro,"him hanflang war das wort. CD. Sprechgedichte, gelesen vom Autor"
3803140374,es un codigo ISBN de una edicion publicada por,Wagenbach
9783803140371,es un codigo ISBN para el libro,"him hanflang war das wort. CD. Sprechgedichte, gelesen vom Autor"
9783803140371,es un codigo ISBN de una edicion publicada por,Wagenbach
Ernst Jandl,es autor de la obra,"him hanflang war das wort. CD. Sprechgedichte, gelesen vom Autor"
3150098238,es un codigo ISBN para el libro,Laut Und Luise (Universal-Bibliothek ; Nr. 9823)
3150098238,es un codigo ISBN de una edicion publicada por,Philipp Reclam jun. Verlag GmbH
3150098238,está escrito en,Alemán
9783150098233,es un codigo ISBN para el libro,Laut Und Luise (Universal-Bibliothek ; Nr. 9823)
9783150098233,es un codigo ISBN de una edicion publicada por,Philipp Reclam jun. Verlag GmbH
9783150098233,está escrito en,Alemán
Ernst Jandl,es autor de la obra,Laut Und Luise (Universal-Bibliothek ; Nr. 9823)
9783423124492,es un codigo ISBN para el libro,Lechts Und Rinks
9783423124492,es un codigo ISBN de una edicion publicada por,Deutscher Taschenbuch Verlag GmbH & Co.
9783423124492,está escrito en,Alemán
3423124490,es un codigo ISBN para el libro,Lechts Und Rinks
3423124490,es un codigo ISBN de una edicion publicada por,Deutscher Taschenbuch Verlag GmbH & Co.
3423124490,está escrito en,Alemán
Ernst Jandl,es autor de la obra,Lechts Und Rinks
3630620019,es un codigo ISBN para el libro,Letzte Gedichte
3630620019,es un codigo ISBN de una edicion publicada por,Luchterhand
Ernst Jandl,es autor de la obra,Letzte Gedichte
3630620019,es un codigo ISBN para el libro,Letzte Gedichte (Veroffentlichungen Des Archivs Der Stadt Stuttgart)
3630620019,es un codigo ISBN de una edicion publicada por,"Luchterhand Literaturverlag, GmbH"
3630620019,está escrito en,Inglés
9783630620015,es un codigo ISBN para el libro,Letzte Gedichte (Veroffentlichungen Des Archivs Der Stadt Stuttgart)
9783630620015,es un codigo ISBN de una edicion publicada por,"Luchterhand Literaturverlag, GmbH"
9783630620015,está escrito en,Inglés
Ernst Jandl,es autor de la obra,Letzte Gedichte (Veroffentlichungen Des Archivs Der Stadt Stuttgart)
Hermann Broch,es de nacionalidad,Austria
9665210203,es un codigo ISBN para el libro,Lunatiki
9665210203,es un codigo ISBN de una edicion publicada por,Labirint
9665210203,está escrito en,rus
5873290097,es un codigo ISBN para el libro,Lunatiki
5873290097,es un codigo ISBN de una edicion publicada por,Labirint
5873290097,está escrito en,rus
9665210157,es un codigo ISBN para el libro,Lunatiki
9665210157,es un codigo ISBN de una edicion publicada por,Labirint
9665210157,está escrito en,rus
5873290089,es un codigo ISBN para el libro,Lunatiki
5873290089,es un codigo ISBN de una edicion publicada por,Labirint
5873290089,está escrito en,rus
Hermann Broch,es autor de la obra,Lunatiki
9786226530088,es un codigo ISBN para el libro,Khabgard-ha
9786226530088,es un codigo ISBN de una edicion publicada por,Lahita
9786226530088,está escrito en,per
Hermann Broch,es autor de la obra,Khabgard-ha
9786053752943,es un codigo ISBN para el libro,Buyulenme
9786053752943,es un codigo ISBN de una edicion publicada por,Ithaki Yayinlari
6053752940,es un codigo ISBN para el libro,Buyulenme
6053752940,es un codigo ISBN de una edicion publicada por,Ithaki Yayinlari
Hermann Broch,es autor de la obra,Buyulenme
9786053751007,es un codigo ISBN para el libro,Bilinmeyen Deger
9786053751007,es un codigo ISBN de una edicion publicada por,Ithaki Yayinlari
6053751006,es un codigo ISBN para el libro,Bilinmeyen Deger
6053751006,es un codigo ISBN de una edicion publicada por,Ithaki Yayinlari
Hermann Broch,es autor de la obra,Bilinmeyen Deger
Peter Altenberg,es de nacionalidad,Austria
3895615765,es un codigo ISBN para el libro,Wiener Nachtleben
3895615765,es un codigo ISBN de una edicion publicada por,Schöffling
3895615765,está escrito en,Alemán
Peter Altenberg,es autor de la obra,Wiener Nachtleben
9783865392008,es un codigo ISBN para el libro,Was der Tag mir zuträgt
9783865392008,es un codigo ISBN de una edicion publicada por,Marixverlag
9783865392008,está escrito en,Alemán
Peter Altenberg,es autor de la obra,Was der Tag mir zuträgt
3895615420,es un codigo ISBN para el libro,Wiener Geschichten
3895615420,es un codigo ISBN de una edicion publicada por,Schöffling & Co.
3895615420,está escrito en,Alemán
Peter Altenberg,es autor de la obra,Wiener Geschichten
3854472706,es un codigo ISBN para el libro,Wien poetisch
3854472706,es un codigo ISBN de una edicion publicada por,C. Brandstätter
3854472706,está escrito en,Alemán
Peter Altenberg,es autor de la obra,Wien poetisch
Wien poetisch,pertenece al género,Austrian literature
Wien poetisch,pertenece al género,Literary collections
3458335544,es un codigo ISBN para el libro,Peter Altenberg
3458335544,es un codigo ISBN de una edicion publicada por,Insel
3458335544,está escrito en,Alemán
Peter Altenberg,es autor de la obra,Peter Altenberg
Peter Altenberg,pertenece al género,Austrian Authors
Peter Altenberg,pertenece al género,Biography
3446129766,es un codigo ISBN para el libro,Ausgewählte Werke
3446129766,es un codigo ISBN de una edicion publicada por,Hanser
3446129766,está escrito en,Alemán
Peter Altenberg,es autor de la obra,Ausgewählte Werke
0974968080,es un codigo ISBN para el libro,Telegrams Of The Soul
0974968080,es un codigo ISBN de una edicion publicada por,Archipelago Books
0974968080,está escrito en,Inglés
9780974968087,es un codigo ISBN para el libro,Telegrams Of The Soul
9780974968087,es un codigo ISBN de una edicion publicada por,Archipelago Books
9780974968087,está escrito en,Inglés
Peter Altenberg,es autor de la obra,Telegrams Of The Soul
Telegrams Of The Soul,pertenece al género,Translations into English
Telegrams Of The Soul,pertenece al género,"Fiction, short stories (single author)"
9783835304093,es un codigo ISBN para el libro,Das Buch der Bücher von Peter Altenberg
9783835304093,es un codigo ISBN de una edicion publicada por,Wallstein
9783835304093,está escrito en,Alemán
Peter Altenberg,es autor de la obra,Das Buch der Bücher von Peter Altenberg
Iván Illich,es de nacionalidad,Austria
9780714532011,es un codigo ISBN para el libro,Energy and Equity
9780714532011,es un codigo ISBN de una edicion publicada por,"Boyars Publishers, Ltd., Marion"
9780714532011,está escrito en,Inglés
Iván Illich,es autor de la obra,Energy and Equity
9780887848612,es un codigo ISBN para el libro,Ivan Illich in conversation
9780887848612,es un codigo ISBN de una edicion publicada por,House of Anansi Press
9780887848612,está escrito en,Inglés
9789752498457,es un codigo ISBN para el libro,Ivan Illich in conversation
9789752498457,es un codigo ISBN de una edicion publicada por,Yeni Insan Yayinlari
9752498450,es un codigo ISBN para el libro,Ivan Illich in conversation
9752498450,es un codigo ISBN de una edicion publicada por,Yeni Insan Yayinlari
088784524X,es un codigo ISBN para el libro,Ivan Illich in conversation
088784524X,es un codigo ISBN de una edicion publicada por,Anansi
088784524X,está escrito en,Inglés
Iván Illich,es autor de la obra,Ivan Illich in conversation
Ivan Illich in conversation,pertenece al género,Interviews
Ivan Illich in conversation,pertenece al género,Philosophy
Ivan Illich in conversation,pertenece al género,Medicine
9682705355,es un codigo ISBN para el libro,H₂O y las aguas del olvido
9682705355,es un codigo ISBN de una edicion publicada por,Editorial Joaquín Mortiz
9682705355,está escrito en,Español
Iván Illich,es autor de la obra,H₂O y las aguas del olvido
H₂O y las aguas del olvido,pertenece al género,Water
H₂O y las aguas del olvido,pertenece al género,Social aspects
H₂O y las aguas del olvido,pertenece al género,Water conservation
9721007900,es un codigo ISBN para el libro,Schadet die Schule unseren Kindern?
9721007900,es un codigo ISBN de una edicion publicada por,Publicações Europa-América
9789721007901,es un codigo ISBN para el libro,Schadet die Schule unseren Kindern?
9789721007901,es un codigo ISBN de una edicion publicada por,Publicações Europa-América
Iván Illich,es autor de la obra,Schadet die Schule unseren Kindern?
3499144255,es un codigo ISBN para el libro,Entmündigung durch Experten
3499144255,es un codigo ISBN de una edicion publicada por,Rowohlt
3499144255,está escrito en,Alemán
Iván Illich,es autor de la obra,Entmündigung durch Experten
Entmündigung durch Experten,pertenece al género,Professions
Entmündigung durch Experten,pertenece al género,Social aspects
3499151316,es un codigo ISBN para el libro,FORTSCHRITTSMYTHEN
3499151316,es un codigo ISBN de una edicion publicada por,ROWOHLT
3499151316,está escrito en,Alemán
Iván Illich,es autor de la obra,FORTSCHRITTSMYTHEN
9783034852289,es un codigo ISBN para el libro,Was macht den Menschen krank?
9783034852289,es un codigo ISBN de una edicion publicada por,Birkhauser Verlag
9783034852289,está escrito en,Alemán
9783764325831,es un codigo ISBN para el libro,Was macht den Menschen krank?
9783764325831,es un codigo ISBN de una edicion publicada por,Birkhäuser
9783764325831,está escrito en,Alemán
3764325836,es un codigo ISBN para el libro,Was macht den Menschen krank?
3764325836,es un codigo ISBN de una edicion publicada por,Birkhäuser
3764325836,está escrito en,Alemán
Iván Illich,es autor de la obra,Was macht den Menschen krank?
9780714523606,es un codigo ISBN para el libro,Beyond Economics and Ecology
9780714523606,es un codigo ISBN de una edicion publicada por,"Boyars Publishers, Ltd., Marion"
9780714523606,está escrito en,Inglés
Iván Illich,es autor de la obra,Beyond Economics and Ecology
9780714521404,es un codigo ISBN para el libro,Shadow Work
9780714521404,es un codigo ISBN de una edicion publicada por,"Boyars Publishers, Ltd., Marion"
9780714521404,está escrito en,Inglés
Iván Illich,es autor de la obra,Shadow Work
9780714520803,es un codigo ISBN para el libro,Disabling Professions
9780714520803,es un codigo ISBN de una edicion publicada por,"Boyars Publishers, Ltd., Marion"
9780714520803,está escrito en,Inglés
Iván Illich,es autor de la obra,Disabling Professions
9780714521701,es un codigo ISBN para el libro,In the Mirror of the Past
9780714521701,es un codigo ISBN de una edicion publicada por,"Boyars Publishers, Ltd., Marion"
9780714521701,está escrito en,Inglés
Iván Illich,es autor de la obra,In the Mirror of the Past
9780714521305,es un codigo ISBN para el libro,Right to Useful Unemployment
9780714521305,es un codigo ISBN de una edicion publicada por,"Boyars Publishers, Ltd., Marion"
9780714521305,está escrito en,Inglés
Iván Illich,es autor de la obra,Right to Useful Unemployment
9755390650,es un codigo ISBN para el libro,Sagligin Gaspi
9755390650,es un codigo ISBN de una edicion publicada por,Ayrinti Yayinlari
9789755390659,es un codigo ISBN para el libro,Sagligin Gaspi
9789755390659,es un codigo ISBN de una edicion publicada por,Ayrinti Yayinlari
Iván Illich,es autor de la obra,Sagligin Gaspi
9786055895174,es un codigo ISBN para el libro,Issizlik Hakki
9786055895174,es un codigo ISBN de una edicion publicada por,Yeni Insan Yayinevi
605589517X,es un codigo ISBN para el libro,Issizlik Hakki
605589517X,es un codigo ISBN de una edicion publicada por,Yeni Insan Yayinevi
Iván Illich,es autor de la obra,Issizlik Hakki
9786055895396,es un codigo ISBN para el libro,Golge Is
9786055895396,es un codigo ISBN de una edicion publicada por,Yeni İnsan Yayınları
6055895390,es un codigo ISBN para el libro,Golge Is
6055895390,es un codigo ISBN de una edicion publicada por,Yeni İnsan Yayınları
Iván Illich,es autor de la obra,Golge Is
9780714531571,es un codigo ISBN para el libro,In the Vineyard of the Text
9780714531571,es un codigo ISBN de una edicion publicada por,"Boyars Publishers, Ltd., Marion"
9780714531571,está escrito en,Inglés
Iván Illich,es autor de la obra,In the Vineyard of the Text
2757850083,es un codigo ISBN para el libro,Deschooling Society
2757850083,es un codigo ISBN de una edicion publicada por,POINTS
9782757850084,es un codigo ISBN para el libro,Deschooling Society
9782757850084,es un codigo ISBN de una edicion publicada por,POINTS
2020021749,es un codigo ISBN para el libro,Deschooling Society
2020021749,es un codigo ISBN de una edicion publicada por,Seuil
2020021749,está escrito en,Francés
9782020021746,es un codigo ISBN para el libro,Deschooling Society
9782020021746,es un codigo ISBN de una edicion publicada por,Seuil
9782020021746,está escrito en,Francés
3499152460,es un codigo ISBN para el libro,Deschooling Society
3499152460,es un codigo ISBN de una edicion publicada por,Rowohlt
3499152460,está escrito en,Alemán
9783499152467,es un codigo ISBN para el libro,Deschooling Society
9783499152467,es un codigo ISBN de una edicion publicada por,Rowohlt
9783499152467,está escrito en,Alemán
3499168286,es un codigo ISBN para el libro,Deschooling Society
3499168286,es un codigo ISBN de una edicion publicada por,Rowohlt
3499168286,está escrito en,Alemán
2020055511,es un codigo ISBN para el libro,Deschooling Society
2020055511,es un codigo ISBN de una edicion publicada por,Seuil
2020055511,está escrito en,Francés
2020055511,es un codigo ISBN de una edicion publicada por,Points
9782020055512,es un codigo ISBN para el libro,Deschooling Society
9782020055512,es un codigo ISBN de una edicion publicada por,Seuil
9782020055512,está escrito en,Francés
9783406494864,es un codigo ISBN para el libro,Deschooling Society
9783406494864,es un codigo ISBN de una edicion publicada por,"Beck, Mchn."
3406494862,es un codigo ISBN para el libro,Deschooling Society
3406494862,es un codigo ISBN de una edicion publicada por,"Beck, Mchn."
3406392326,es un codigo ISBN para el libro,Deschooling Society
3406392326,es un codigo ISBN de una edicion publicada por,C.H.Beck
9783406392320,es un codigo ISBN para el libro,Deschooling Society
9783406392320,es un codigo ISBN de una edicion publicada por,C.H.Beck
9780714520704,es un codigo ISBN para el libro,Deschooling Society
9780714520704,es un codigo ISBN de una edicion publicada por,"Boyars Publishers, Ltd., Marion"
9780714520704,está escrito en,Inglés
9788857556321,es un codigo ISBN para el libro,Deschooling Society
9788857556321,es un codigo ISBN de una edicion publicada por,Mimesis
9788857556321,está escrito en,Italiano
8857556328,es un codigo ISBN para el libro,Deschooling Society
8857556328,es un codigo ISBN de una edicion publicada por,Mimesis
8857556328,está escrito en,Italiano
9780140212808,es un codigo ISBN para el libro,Deschooling Society
9780140212808,es un codigo ISBN de una edicion publicada por,"Penguin Books, Limited"
9780140212808,está escrito en,Inglés
9780060803810,es un codigo ISBN para el libro,Deschooling Society
9780060803810,es un codigo ISBN de una edicion publicada por,HarperCollins Publishers
9780060803810,está escrito en,Inglés
006087015X,es un codigo ISBN para el libro,Deschooling Society
006087015X,es un codigo ISBN de una edicion publicada por,Perennial
006087015X,está escrito en,Inglés
9780060870157,es un codigo ISBN para el libro,Deschooling Society
9780060870157,es un codigo ISBN de una edicion publicada por,Perennial
9780060870157,está escrito en,Inglés
Iván Illich,es autor de la obra,Deschooling Society
Deschooling Society,pertenece al género,Education
Deschooling Society,pertenece al género,Educational sociology
Deschooling Society,pertenece al género,Philosophy
9782020064583,es un codigo ISBN para el libro,Le Genre Vernaculaire
9782020064583,es un codigo ISBN de una edicion publicada por,"Seuil, Paris"
9782020064583,está escrito en,Francés
2020064588,es un codigo ISBN para el libro,Le Genre Vernaculaire
2020064588,es un codigo ISBN de una edicion publicada por,"Seuil, Paris"
2020064588,está escrito en,Francés
Iván Illich,es autor de la obra,Le Genre Vernaculaire
9780271082295,es un codigo ISBN para el libro,"The Powerless Church and Other Selected Writings, 1955-1985"
9780271082295,es un codigo ISBN de una edicion publicada por,Pennsylvania State University Press
9780271082295,está escrito en,Inglés
9780271082288,es un codigo ISBN para el libro,"The Powerless Church and Other Selected Writings, 1955-1985"
9780271082288,es un codigo ISBN de una edicion publicada por,Penn State University Press
9780271082288,está escrito en,Inglés
0271082283,es un codigo ISBN para el libro,"The Powerless Church and Other Selected Writings, 1955-1985"
0271082283,es un codigo ISBN de una edicion publicada por,Penn State University Press
0271082283,está escrito en,Inglés
Iván Illich,es autor de la obra,"The Powerless Church and Other Selected Writings, 1955-1985"
"The Powerless Church and Other Selected Writings, 1955-1985",pertenece al género,"Christianity, philosophy"
"The Powerless Church and Other Selected Writings, 1955-1985",pertenece al género,Christianity
"The Powerless Church and Other Selected Writings, 1955-1985",pertenece al género,Philosophy
9786052199398,es un codigo ISBN para el libro,Okulsuz Toplum
9786052199398,es un codigo ISBN de una edicion publicada por,Sule Yayinlari
6052199393,es un codigo ISBN para el libro,Okulsuz Toplum
6052199393,es un codigo ISBN de una edicion publicada por,Sule Yayinlari
9789753853507,es un codigo ISBN para el libro,Okulsuz Toplum
9789753853507,es un codigo ISBN de una edicion publicada por,Oda Yayinlari
9753853505,es un codigo ISBN para el libro,Okulsuz Toplum
9753853505,es un codigo ISBN de una edicion publicada por,Oda Yayinlari
Iván Illich,es autor de la obra,Okulsuz Toplum
9783402120583,es un codigo ISBN para el libro,Kirche Ohne Macht
9783402120583,es un codigo ISBN de una edicion publicada por,Aschendorff Verlag GmbH & Co. KG
9783402120583,está escrito en,Alemán
Iván Illich,es autor de la obra,Kirche Ohne Macht
2020028026,es un codigo ISBN para el libro,Medical Nemesis
2020028026,es un codigo ISBN de una edicion publicada por,Seuil
9782020028028,es un codigo ISBN para el libro,Medical Nemesis
9782020028028,es un codigo ISBN de una edicion publicada por,Seuil
9789682700057,es un codigo ISBN para el libro,Medical Nemesis
9789682700057,es un codigo ISBN de una edicion publicada por,Joaquin Mortiz
9789682700057,está escrito en,Español
9682700051,es un codigo ISBN para el libro,Medical Nemesis
9682700051,es un codigo ISBN de una edicion publicada por,Joaquin Mortiz
9682700051,está escrito en,Español
0553105965,es un codigo ISBN para el libro,Medical Nemesis
0553105965,es un codigo ISBN de una edicion publicada por,Bantam Books
9780553105964,es un codigo ISBN para el libro,Medical Nemesis
9780553105964,es un codigo ISBN de una edicion publicada por,Bantam Books
0714510963,es un codigo ISBN para el libro,Medical Nemesis
0714510963,es un codigo ISBN de una edicion publicada por,Calder & Boyars
0714510963,está escrito en,Inglés
0714510955,es un codigo ISBN para el libro,Medical Nemesis
0714510955,es un codigo ISBN de una edicion publicada por,Calder & Boyars
0714510955,está escrito en,Inglés
0394712455,es un codigo ISBN para el libro,Medical Nemesis
0394712455,es un codigo ISBN de una edicion publicada por,Pantheon Books
0394712455,está escrito en,Inglés
0552105965,es un codigo ISBN para el libro,Medical Nemesis
0552105965,es un codigo ISBN de una edicion publicada por,Bantam Books
0552105965,está escrito en,Inglés
0394402251,es un codigo ISBN para el libro,Medical Nemesis
0394402251,es un codigo ISBN de una edicion publicada por,Pantheon Books
0394402251,está escrito en,Inglés
9780714529936,es un codigo ISBN para el libro,Medical Nemesis
9780714529936,es un codigo ISBN de una edicion publicada por,Marion Boyars Publishers
9780714529936,está escrito en,Inglés
0714529931,es un codigo ISBN para el libro,Medical Nemesis
0714529931,es un codigo ISBN de una edicion publicada por,Marion Boyars Publishers
0714529931,está escrito en,Inglés
0714525138,es un codigo ISBN para el libro,Medical Nemesis
0714525138,es un codigo ISBN de una edicion publicada por,Marion Boyars
0714525138,está escrito en,Inglés
1842300075,es un codigo ISBN para el libro,Medical Nemesis
1842300075,es un codigo ISBN de una edicion publicada por,Marion Boyars
1842300075,está escrito en,Inglés
0140220097,es un codigo ISBN para el libro,Medical Nemesis
0140220097,es un codigo ISBN de una edicion publicada por,Penguin
0140220097,está escrito en,Inglés
0140136150,es un codigo ISBN para el libro,Medical Nemesis
0140136150,es un codigo ISBN de una edicion publicada por,Penguin
0140136150,está escrito en,Inglés
071452512X,es un codigo ISBN para el libro,Medical Nemesis
071452512X,es un codigo ISBN de una edicion publicada por,Boyars
071452512X,está escrito en,Inglés
9781842300077,es un codigo ISBN para el libro,Medical Nemesis
9781842300077,es un codigo ISBN de una edicion publicada por,Marion Boyars Publishers
1842300075,es un codigo ISBN de una edicion publicada por,Marion Boyars Publishers
Iván Illich,es autor de la obra,Medical Nemesis
Medical Nemesis,pertenece al género,Soins médicaux
Medical Nemesis,pertenece al género,Médecine sociale
Medical Nemesis,pertenece al género,Médecine
9780714520902,es un codigo ISBN para el libro,Gender
9780714520902,es un codigo ISBN de una edicion publicada por,"Boyars Publishers, Ltd., Marion"
9780714520902,está escrito en,Inglés
0930588401,es un codigo ISBN para el libro,Gender
0930588401,es un codigo ISBN de una edicion publicada por,Heyday Books
0930588401,está escrito en,Inglés
9780394715872,es un codigo ISBN para el libro,Gender
9780394715872,es un codigo ISBN de una edicion publicada por,Pantheon
9780394715872,está escrito en,Inglés
039471587X,es un codigo ISBN para el libro,Gender
039471587X,es un codigo ISBN de una edicion publicada por,Pantheon
039471587X,está escrito en,Inglés
0394527321,es un codigo ISBN para el libro,Gender
0394527321,es un codigo ISBN de una edicion publicada por,Pantheon Books
0394527321,está escrito en,Inglés
0714527580,es un codigo ISBN para el libro,Gender
0714527580,es un codigo ISBN de una edicion publicada por,M. Boyars
0714527580,está escrito en,Inglés
0714527572,es un codigo ISBN para el libro,Gender
0714527572,es un codigo ISBN de una edicion publicada por,M. Boyars
0714527572,está escrito en,Inglés
9780930588403,es un codigo ISBN para el libro,Gender
9780930588403,es un codigo ISBN de una edicion publicada por,Heyday Books
9780930588403,está escrito en,Inglés
Iván Illich,es autor de la obra,Gender
Gender,pertenece al género,Economic conditions
Gender,pertenece al género,History
Gender,pertenece al género,Sex discrimination against women
9789755396323,es un codigo ISBN para el libro,Tools for Conviviality
9789755396323,es un codigo ISBN de una edicion publicada por,Ayrinti Yayinlari
9755396322,es un codigo ISBN para el libro,Tools for Conviviality
9755396322,es un codigo ISBN de una edicion publicada por,Ayrinti Yayinlari
9782020022019,es un codigo ISBN para el libro,Tools for Conviviality
9782020022019,es un codigo ISBN de una edicion publicada por,Seuil
202002201X,es un codigo ISBN para el libro,Tools for Conviviality
202002201X,es un codigo ISBN de una edicion publicada por,Seuil
8492559357,es un codigo ISBN para el libro,Tools for Conviviality
8492559357,es un codigo ISBN de una edicion publicada por,Virus
8492559357,está escrito en,Español
9788492559350,es un codigo ISBN para el libro,Tools for Conviviality
9788492559350,es un codigo ISBN de una edicion publicada por,Virus
9788492559350,está escrito en,Español
9782020042598,es un codigo ISBN para el libro,Tools for Conviviality
9782020042598,es un codigo ISBN de una edicion publicada por,Seuil
2020042592,es un codigo ISBN para el libro,Tools for Conviviality
2020042592,es un codigo ISBN de una edicion publicada por,Seuil
9782757842119,es un codigo ISBN para el libro,Tools for Conviviality
9782757842119,es un codigo ISBN de una edicion publicada por,Points
9782757842119,está escrito en,Francés
2757842110,es un codigo ISBN para el libro,Tools for Conviviality
2757842110,es un codigo ISBN de una edicion publicada por,Points
2757842110,está escrito en,Francés
9780060907433,es un codigo ISBN para el libro,Tools for Conviviality
9780060907433,es un codigo ISBN de una edicion publicada por,Harper & Row
9780060907433,está escrito en,Inglés
0060907436,es un codigo ISBN para el libro,Tools for Conviviality
0060907436,es un codigo ISBN de una edicion publicada por,Harper & Row
0060907436,está escrito en,Inglés
9781842300114,es un codigo ISBN para el libro,Tools for Conviviality
9781842300114,es un codigo ISBN de una edicion publicada por,Marion Boyars
1842300113,es un codigo ISBN para el libro,Tools for Conviviality
1842300113,es un codigo ISBN de una edicion publicada por,Marion Boyars
9789350027172,es un codigo ISBN para el libro,Tools for Conviviality
9789350027172,es un codigo ISBN de una edicion publicada por,Bio-Green Books
9350027178,es un codigo ISBN para el libro,Tools for Conviviality
9350027178,es un codigo ISBN de una edicion publicada por,Bio-Green Books
9780714521602,es un codigo ISBN para el libro,Tools for Conviviality
9780714521602,es un codigo ISBN de una edicion publicada por,"Boyars Publishers, Ltd., Marion"
9780714521602,está escrito en,Inglés
9780060803087,es un codigo ISBN para el libro,Tools for Conviviality
9780060803087,es un codigo ISBN de una edicion publicada por,Heyday Books
0060803088,es un codigo ISBN para el libro,Tools for Conviviality
0060803088,es un codigo ISBN de una edicion publicada por,Heyday Books
9783498032012,es un codigo ISBN para el libro,Tools for Conviviality
9783498032012,es un codigo ISBN de una edicion publicada por,Rowohlt Verlag
9783498032012,está escrito en,Alemán
3498032011,es un codigo ISBN para el libro,Tools for Conviviality
3498032011,es un codigo ISBN de una edicion publicada por,Rowohlt Verlag
3498032011,está escrito en,Alemán
0714509744,es un codigo ISBN para el libro,Tools for Conviviality
0714509744,es un codigo ISBN de una edicion publicada por,Marion Boyars Publishers
0714509744,está escrito en,Inglés
9780714509747,es un codigo ISBN para el libro,Tools for Conviviality
9780714509747,es un codigo ISBN de una edicion publicada por,Marion Boyars Publishers
9780714509747,está escrito en,Inglés
0714509736,es un codigo ISBN para el libro,Tools for Conviviality
0714509736,es un codigo ISBN de una edicion publicada por,Calder and Boyars
0714509736,está escrito en,Inglés
0060121386,es un codigo ISBN para el libro,Tools for Conviviality
0060121386,es un codigo ISBN de una edicion publicada por,Harper & Row
0060121386,está escrito en,Inglés
Iván Illich,es autor de la obra,Tools for Conviviality
Tools for Conviviality,pertenece al género,Economic development
Tools for Conviviality,pertenece al género,Industrialization
Tools for Conviviality,pertenece al género,Industries
9780140219272,es un codigo ISBN para el libro,Celebration of Awareness
9780140219272,es un codigo ISBN de una edicion publicada por,"Penguin Books, Limited"
9780140219272,está escrito en,Inglés
9780714520605,es un codigo ISBN para el libro,Celebration of Awareness
9780714520605,es un codigo ISBN de una edicion publicada por,"Boyars Publishers, Ltd., Marion"
9780714520605,está escrito en,Inglés
9780385073868,es un codigo ISBN para el libro,Celebration of Awareness
9780385073868,es un codigo ISBN de una edicion publicada por,DoubleDay
9780385073868,está escrito en,Inglés
0385073860,es un codigo ISBN para el libro,Celebration of Awareness
0385073860,es un codigo ISBN de una edicion publicada por,DoubleDay
0385073860,está escrito en,Inglés
0140803564,es un codigo ISBN para el libro,Celebration of Awareness
0140803564,es un codigo ISBN de una edicion publicada por,Penguin Books
9780140803563,es un codigo ISBN para el libro,Celebration of Awareness
9780140803563,es un codigo ISBN de una edicion publicada por,Penguin Books
0714508381,es un codigo ISBN para el libro,Celebration of Awareness
0714508381,es un codigo ISBN de una edicion publicada por,M.Boyars
0714508381,está escrito en,und
0714508373,es un codigo ISBN para el libro,Celebration of Awareness
0714508373,es un codigo ISBN de una edicion publicada por,Marion Boyars Publishers
0714508373,está escrito en,Inglés
9780714508375,es un codigo ISBN para el libro,Celebration of Awareness
9780714508375,es un codigo ISBN de una edicion publicada por,Marion Boyars Publishers
9780714508375,está escrito en,Inglés
9780930588366,es un codigo ISBN para el libro,Celebration of Awareness
9780930588366,es un codigo ISBN de una edicion publicada por,Heyday Books
9780930588366,está escrito en,Inglés
0930588363,es un codigo ISBN para el libro,Celebration of Awareness
0930588363,es un codigo ISBN de una edicion publicada por,Heyday Books
0930588363,está escrito en,Inglés
0714508381,es un codigo ISBN de una edicion publicada por,Marion Boyars Publishers
0714508381,está escrito en,Inglés
9780714508382,es un codigo ISBN para el libro,Celebration of Awareness
9780714508382,es un codigo ISBN de una edicion publicada por,Marion Boyars Publishers
9780714508382,está escrito en,Inglés
0394714725,es un codigo ISBN para el libro,Celebration of Awareness
0394714725,es un codigo ISBN de una edicion publicada por,Pantheon
0394714725,está escrito en,Inglés
Iván Illich,es autor de la obra,Celebration of Awareness
Celebration of Awareness,pertenece al género,Progress
Celebration of Awareness,pertenece al género,Social change
Celebration of Awareness,pertenece al género,Church and society
Volker Zotz,es de nacionalidad,Austria
9781648373299,es un codigo ISBN para el libro,Creative Meditation and Multi-Dimensional Consciousness
9781648373299,es un codigo ISBN de una edicion publicada por,"Echo Point Books & Media, LLC."
9781648373299,está escrito en,Inglés
9781648373305,es un codigo ISBN para el libro,Creative Meditation and Multi-Dimensional Consciousness
9781648373305,es un codigo ISBN de una edicion publicada por,"Echo Point Books & Media, LLC."
9781648373305,está escrito en,Inglés
Volker Zotz,es autor de la obra,Creative Meditation and Multi-Dimensional Consciousness
Creative Meditation and Multi-Dimensional Consciousness,pertenece al género,Religion
Creative Meditation and Multi-Dimensional Consciousness,pertenece al género,Philosophy
9783864141584,es un codigo ISBN para el libro,Die Neue Wirtschaftsmacht Am Ganges
9783864141584,es un codigo ISBN de una edicion publicada por,Muenchner Verlagsgruppe GmbH
9783864141584,está escrito en,Inglés
Volker Zotz,es autor de la obra,Die Neue Wirtschaftsmacht Am Ganges
9783864141577,es un codigo ISBN para el libro,Business Im Land der Aufgehenden Sonne
9783864141577,es un codigo ISBN de una edicion publicada por,Muenchner Verlagsgruppe GmbH
9783864141577,está escrito en,Inglés
Volker Zotz,es autor de la obra,Business Im Land der Aufgehenden Sonne
9781621388982,es un codigo ISBN para el libro,Personal Certainty
9781621388982,es un codigo ISBN de una edicion publicada por,Angelico Press
9781621388982,está escrito en,Inglés
9781621388975,es un codigo ISBN para el libro,Personal Certainty
9781621388975,es un codigo ISBN de una edicion publicada por,Angelico Press
9781621388975,está escrito en,Inglés
Volker Zotz,es autor de la obra,Personal Certainty
Personal Certainty,pertenece al género,Religion
Personal Certainty,pertenece al género,Philosophy
9782959982965,es un codigo ISBN para el libro,Die Suche Nach Einem Sozialen Buddhismus (German Edition)
9782959982965,es un codigo ISBN de una edicion publicada por,Kairos Edition
2959982967,es un codigo ISBN para el libro,Die Suche Nach Einem Sozialen Buddhismus (German Edition)
2959982967,es un codigo ISBN de una edicion publicada por,Kairos Edition
Volker Zotz,es autor de la obra,Die Suche Nach Einem Sozialen Buddhismus (German Edition)
Die Suche Nach Einem Sozialen Buddhismus (German Edition),pertenece al género,Buddhism
Die Suche Nach Einem Sozialen Buddhismus (German Edition),pertenece al género,Social aspects
Die Suche Nach Einem Sozialen Buddhismus (German Edition),pertenece al género,Buddhist ethics
2919771000,es un codigo ISBN para el libro,Innere Gewissheit (German Edition)
2919771000,es un codigo ISBN de una edicion publicada por,Kairos Edition
9782919771004,es un codigo ISBN para el libro,Innere Gewissheit (German Edition)
9782919771004,es un codigo ISBN de una edicion publicada por,Kairos Edition
Volker Zotz,es autor de la obra,Innere Gewissheit (German Edition)
3593385155,es un codigo ISBN para el libro,Ka masu tra im Management
3593385155,es un codigo ISBN de una edicion publicada por,Campus-Verl.
3593385155,está escrito en,Alemán
9783593385150,es un codigo ISBN para el libro,Ka masu tra im Management
9783593385150,es un codigo ISBN de una edicion publicada por,Campus-Verl.
9783593385150,está escrito en,Alemán
Volker Zotz,es autor de la obra,Ka masu tra im Management
Ka masu tra im Management,pertenece al género,Indische Philosophie
Ka masu tra im Management,pertenece al género,Management
Ka masu tra im Management,pertenece al género,Leitbild
3499555379,es un codigo ISBN para el libro,Geschichte der buddhistischen Philosophie
3499555379,es un codigo ISBN de una edicion publicada por,Rowohlt Tb.
3499555379,está escrito en,Alemán
9783499555374,es un codigo ISBN para el libro,Geschichte der buddhistischen Philosophie
9783499555374,es un codigo ISBN de una edicion publicada por,Rowohlt Tb.
9783499555374,está escrito en,Alemán
Volker Zotz,es autor de la obra,Geschichte der buddhistischen Philosophie
Geschichte der buddhistischen Philosophie,pertenece al género,Buddhist philosophy
Geschichte der buddhistischen Philosophie,pertenece al género,Introductions
9783502611646,es un codigo ISBN para el libro,Konfuzius für den Westen
9783502611646,es un codigo ISBN de una edicion publicada por,Scherz Verlag GmbH
9783502611646,está escrito en,Alemán
Volker Zotz,es autor de la obra,Konfuzius für den Westen
Konfuzius für den Westen,pertenece al género,OUR Brockhaus selection
Konfuzius für den Westen,pertenece al género,Philosophy
349950555X,es un codigo ISBN para el libro,Konfuzius. Mit Selbstzeugnissen und Bilddokumenten
349950555X,es un codigo ISBN de una edicion publicada por,Rowohlt Tb.
9783499505553,es un codigo ISBN para el libro,Konfuzius. Mit Selbstzeugnissen und Bilddokumenten
9783499505553,es un codigo ISBN de una edicion publicada por,Rowohlt Tb.
Volker Zotz,es autor de la obra,Konfuzius. Mit Selbstzeugnissen und Bilddokumenten
9783499605864,es un codigo ISBN para el libro,Mit Buddha das Leben meistern. Buddhismus für Praktiker
9783499605864,es un codigo ISBN de una edicion publicada por,Rowohlt Tb.
9783499605864,está escrito en,Alemán
3499605864,es un codigo ISBN para el libro,Mit Buddha das Leben meistern. Buddhismus für Praktiker
3499605864,es un codigo ISBN de una edicion publicada por,Rowohlt Tb.
3499605864,está escrito en,Alemán
Volker Zotz,es autor de la obra,Mit Buddha das Leben meistern. Buddhismus für Praktiker
Johannes Mario Simmel,es de nacionalidad,Austria
9789023502692,es un codigo ISBN para el libro,De stof waarvan de dromen zijn
9789023502692,es un codigo ISBN de una edicion publicada por,AD. M. C. Stok
9789023502692,está escrito en,Neerlandés
9023502698,es un codigo ISBN para el libro,De stof waarvan de dromen zijn
9023502698,es un codigo ISBN de una edicion publicada por,AD. M. C. Stok
9023502698,está escrito en,Neerlandés
Johannes Mario Simmel,es autor de la obra,De stof waarvan de dromen zijn
De stof waarvan de dromen zijn,pertenece al género,Spionageromans
De stof waarvan de dromen zijn,pertenece al género,Relations internationales
De stof waarvan de dromen zijn,pertenece al género,Oorlogsromans
9783453542457,es un codigo ISBN para el libro,Gott schützt die Liebenden
9783453542457,es un codigo ISBN de una edicion publicada por,Heyne
9783453542457,está escrito en,Alemán
3453542452,es un codigo ISBN para el libro,Gott schützt die Liebenden
3453542452,es un codigo ISBN de una edicion publicada por,Heyne
3453542452,está escrito en,Alemán
Johannes Mario Simmel,es autor de la obra,Gott schützt die Liebenden
9783404104079,es un codigo ISBN para el libro,Das geheime Brot
9783404104079,es un codigo ISBN de una edicion publicada por,Bastei Lübbe
9783404104079,está escrito en,Alemán
3404104072,es un codigo ISBN para el libro,Das geheime Brot
3404104072,es un codigo ISBN de una edicion publicada por,Bastei Lübbe
3404104072,está escrito en,Alemán
Johannes Mario Simmel,es autor de la obra,Das geheime Brot
9022506401,es un codigo ISBN para el libro,De stem van Sibylle
9022506401,es un codigo ISBN de una edicion publicada por,De Boekerij
9022506401,está escrito en,Neerlandés
9789022506400,es un codigo ISBN para el libro,De stem van Sibylle
9789022506400,es un codigo ISBN de una edicion publicada por,De Boekerij
9789022506400,está escrito en,Neerlandés
Johannes Mario Simmel,es autor de la obra,De stem van Sibylle
9782253059059,es un codigo ISBN para el libro,Et voici les clowns
9782253059059,es un codigo ISBN de una edicion publicada por,Librairie générale française
9782253059059,está escrito en,Francés
2253059056,es un codigo ISBN para el libro,Et voici les clowns
2253059056,es un codigo ISBN de una edicion publicada por,Librairie générale française
2253059056,está escrito en,Francés
Johannes Mario Simmel,es autor de la obra,Et voici les clowns
9787540724887,es un codigo ISBN para el libro,Wo liu zi bai zai ren jian
9787540724887,es un codigo ISBN de una edicion publicada por,Li jiang
9787540724887,está escrito en,chi
7540724889,es un codigo ISBN para el libro,Wo liu zi bai zai ren jian
7540724889,es un codigo ISBN de una edicion publicada por,Li jiang
7540724889,está escrito en,chi
7890724854,es un codigo ISBN para el libro,Wo liu zi bai zai ren jian
7890724854,es un codigo ISBN de una edicion publicada por,Li jiang
7890724854,está escrito en,chi
Johannes Mario Simmel,es autor de la obra,Wo liu zi bai zai ren jian
Wo liu zi bai zai ren jian,pertenece al género,German fiction
Wo liu zi bai zai ren jian,pertenece al género,Chinese fiction
Wo liu zi bai zai ren jian,pertenece al género,Translations
3426601311,es un codigo ISBN para el libro,Es muss nicht immer Kaviar sein
3426601311,es un codigo ISBN de una edicion publicada por,Droemer Knaur
3426601311,está escrito en,Alemán
9783426601310,es un codigo ISBN para el libro,Es muss nicht immer Kaviar sein
9783426601310,es un codigo ISBN de una edicion publicada por,Droemer Knaur
9783426601310,está escrito en,Alemán
Johannes Mario Simmel,es autor de la obra,Es muss nicht immer Kaviar sein
2253049247,es un codigo ISBN para el libro,On n'a pas toujours du caviar
2253049247,es un codigo ISBN de una edicion publicada por,Librairie ge ne rale franc ʹaise
2253049247,está escrito en,Francés
9782253049241,es un codigo ISBN para el libro,On n'a pas toujours du caviar
9782253049241,es un codigo ISBN de una edicion publicada por,Librairie ge ne rale franc ʹaise
9782253049241,está escrito en,Francés
Johannes Mario Simmel,es autor de la obra,On n'a pas toujours du caviar
3499103591,es un codigo ISBN para el libro,Affäre Nina B
3499103591,es un codigo ISBN de una edicion publicada por,Rowohlt
3499103591,está escrito en,Alemán
Johannes Mario Simmel,es autor de la obra,Affäre Nina B
3426603705,es un codigo ISBN para el libro,"Auch wenn ich lache, muss ich weinen"
3426603705,es un codigo ISBN de una edicion publicada por,Knaur
3426603705,está escrito en,Alemán
Johannes Mario Simmel,es autor de la obra,"Auch wenn ich lache, muss ich weinen"
"Auch wenn ich lache, muss ich weinen",pertenece al género,German fiction
3426194856,es un codigo ISBN para el libro,"Der Mann, der die Mandelbäume malte"
3426194856,es un codigo ISBN de una edicion publicada por,Droemer
3426194856,está escrito en,Alemán
Johannes Mario Simmel,es autor de la obra,"Der Mann, der die Mandelbäume malte"
"Der Mann, der die Mandelbäume malte",pertenece al género,Painting
"Der Mann, der die Mandelbäume malte",pertenece al género,Fiction
"Der Mann, der die Mandelbäume malte",pertenece al género,Painters
342600481X,es un codigo ISBN para el libro,Die Antwort kennt nur der Wind
342600481X,es un codigo ISBN de una edicion publicada por,Knaur
342600481X,está escrito en,Alemán
Johannes Mario Simmel,es autor de la obra,Die Antwort kennt nur der Wind
3426011581,es un codigo ISBN para el libro,Die Erde bleibt noch lange jung
3426011581,es un codigo ISBN de una edicion publicada por,Knaur
3426011581,está escrito en,Alemán
Johannes Mario Simmel,es autor de la obra,Die Erde bleibt noch lange jung
3426600897,es un codigo ISBN para el libro,Im Frühling singt zum letztenmal die Lerche
3426600897,es un codigo ISBN de una edicion publicada por,Knaur
3426600897,está escrito en,Alemán
Johannes Mario Simmel,es autor de la obra,Im Frühling singt zum letztenmal die Lerche
3426001454,es un codigo ISBN para el libro,Liebe ist nur ein Wort
3426001454,es un codigo ISBN de una edicion publicada por,Knaur
3426001454,está escrito en,Alemán
Johannes Mario Simmel,es autor de la obra,Liebe ist nur ein Wort
3858860565,es un codigo ISBN para el libro,Weinen streng verboten
3858860565,es un codigo ISBN de una edicion publicada por,Droemer Knaur
3858860565,está escrito en,Alemán
Johannes Mario Simmel,es autor de la obra,Weinen streng verboten
3426002345,es un codigo ISBN para el libro,Gott schützt die Liebenden
3426002345,es un codigo ISBN de una edicion publicada por,Knaur
3426002345,está escrito en,Alemán
Johannes Mario Simmel,es autor de la obra,Gott schützt die Liebenden
3426007282,es un codigo ISBN para el libro,Hurra wir leben noch
3426007282,es un codigo ISBN de una edicion publicada por,Droemer Knaur
3426007282,está escrito en,Alemán
3858860646,es un codigo ISBN para el libro,Hurra wir leben noch
3858860646,es un codigo ISBN de una edicion publicada por,Droemer Knaur
3858860646,está escrito en,Alemán
Johannes Mario Simmel,es autor de la obra,Hurra wir leben noch
3426001934,es un codigo ISBN para el libro,Ich gestehe alles
3426001934,es un codigo ISBN de una edicion publicada por,Droemer
3426001934,está escrito en,Alemán
Johannes Mario Simmel,es autor de la obra,Ich gestehe alles
3426002094,es un codigo ISBN para el libro,Lieb Vaterland magst ruhig sein
3426002094,es un codigo ISBN de una edicion publicada por,Knaur
3426002094,está escrito en,Inglés
Johannes Mario Simmel,es autor de la obra,Lieb Vaterland magst ruhig sein
Heinrich Harrer,es de nacionalidad,Austria
3907495179,es un codigo ISBN para el libro,Heinrich Harrer
3907495179,es un codigo ISBN de una edicion publicada por,Offizin
3907495179,está escrito en,Alemán
Heinrich Harrer,es autor de la obra,Heinrich Harrer
Heinrich Harrer,pertenece al género,Description and travel
Heinrich Harrer,pertenece al género,Pictorial works
Heinrich Harrer,pertenece al género,Social life and customs
354834612X,es un codigo ISBN para el libro,Die Weisse Spinne
354834612X,es un codigo ISBN de una edicion publicada por,Ullstein
354834612X,está escrito en,Alemán
9783548346120,es un codigo ISBN para el libro,Die Weisse Spinne
9783548346120,es un codigo ISBN de una edicion publicada por,Ullstein
9783548346120,está escrito en,Alemán
Heinrich Harrer,es autor de la obra,Die Weisse Spinne
Die Weisse Spinne,pertenece al género,Mountaineering
3701622906,es un codigo ISBN para el libro,Das Buch vom Eiger
3701622906,es un codigo ISBN de una edicion publicada por,Pinguin-Verl.
3701622906,está escrito en,Alemán
Heinrich Harrer,es autor de la obra,Das Buch vom Eiger
3572030323,es un codigo ISBN para el libro,Ich komme aus der Steinzeit
3572030323,es un codigo ISBN de una edicion publicada por,Orbis-Verl.
3572030323,está escrito en,Alemán
Heinrich Harrer,es autor de la obra,Ich komme aus der Steinzeit
Ich komme aus der Steinzeit,pertenece al género,Description and travel
3550065183,es un codigo ISBN para el libro,Sieben Jahre in Tibet. Mein Leben am Hofe des Dalai Lama
3550065183,es un codigo ISBN de una edicion publicada por,Ullstein
9783550065187,es un codigo ISBN para el libro,Sieben Jahre in Tibet. Mein Leben am Hofe des Dalai Lama
9783550065187,es un codigo ISBN de una edicion publicada por,Ullstein
Heinrich Harrer,es autor de la obra,Sieben Jahre in Tibet. Mein Leben am Hofe des Dalai Lama
Sieben Jahre in Tibet. Mein Leben am Hofe des Dalai Lama,pertenece al género,Travelers
Sieben Jahre in Tibet. Mein Leben am Hofe des Dalai Lama,pertenece al género,Biography
Sieben Jahre in Tibet. Mein Leben am Hofe des Dalai Lama,pertenece al género,Description and travel
3550065167,es un codigo ISBN para el libro,Die Weisse Spinne
3550065167,es un codigo ISBN de una edicion publicada por,Ullstein Vlg.
3550065167,está escrito en,Alemán
9783548353364,es un codigo ISBN para el libro,Geister und Dämonen
9783548353364,es un codigo ISBN de una edicion publicada por,Ullstein
9783548353364,está escrito en,Alemán
Heinrich Harrer,es autor de la obra,Geister und Dämonen
9783548343211,es un codigo ISBN para el libro,Wiedersehn mit Tibet
9783548343211,es un codigo ISBN de una edicion publicada por,Ullstein
9783548343211,está escrito en,Alemán
354834321X,es un codigo ISBN para el libro,Wiedersehn mit Tibet
354834321X,es un codigo ISBN de una edicion publicada por,Ullstein
354834321X,está escrito en,Alemán
Heinrich Harrer,es autor de la obra,Wiedersehn mit Tibet
Wiedersehn mit Tibet,pertenece al género,Tibet
Wiedersehn mit Tibet,pertenece al género,Reisebeschreibungen
1585427438,es un codigo ISBN para el libro,Seven years in Tibet
1585427438,es un codigo ISBN de una edicion publicada por,Jeremy P. Tarcher/Penguin
1585427438,está escrito en,Inglés
9781585427437,es un codigo ISBN para el libro,Seven years in Tibet
9781585427437,es un codigo ISBN de una edicion publicada por,Jeremy P. Tarcher/Penguin
9781585427437,está escrito en,Inglés
Heinrich Harrer,es autor de la obra,Seven years in Tibet
Seven years in Tibet,pertenece al género,Description and travel
Seven years in Tibet,pertenece al género,Explorers
Seven years in Tibet,pertenece al género,"Austria, biography"
8440670265,es un codigo ISBN para el libro,SIete años en el Tíbet
8440670265,es un codigo ISBN de una edicion publicada por,"Ediciones B, S.A."
Heinrich Harrer,es autor de la obra,SIete años en el Tíbet
355009549X,es un codigo ISBN para el libro,Mein Leben. 4 Cassetten. Mit einem Exclusivinterview des Autors
355009549X,es un codigo ISBN de una edicion publicada por,Ullstein Hörverlag
9783550095498,es un codigo ISBN para el libro,Mein Leben. 4 Cassetten. Mit einem Exclusivinterview des Autors
9783550095498,es un codigo ISBN de una edicion publicada por,Ullstein Hörverlag
Heinrich Harrer,es autor de la obra,Mein Leben. 4 Cassetten. Mit einem Exclusivinterview des Autors
3550090498,es un codigo ISBN para el libro,Mein Leben. 5 CDs. Mit einem Exclusivinterview des Autors
3550090498,es un codigo ISBN de una edicion publicada por,Ullstein Hörverlag
9783550090493,es un codigo ISBN para el libro,Mein Leben. 5 CDs. Mit einem Exclusivinterview des Autors
9783550090493,es un codigo ISBN de una edicion publicada por,Ullstein Hörverlag
Heinrich Harrer,es autor de la obra,Mein Leben. 5 CDs. Mit einem Exclusivinterview des Autors
1425488587,es un codigo ISBN para el libro,Tibet Is My Country
1425488587,es un codigo ISBN de una edicion publicada por,"Kessinger Publishing, LLC"
1425488587,está escrito en,Inglés
9781425488581,es un codigo ISBN para el libro,Tibet Is My Country
9781425488581,es un codigo ISBN de una edicion publicada por,"Kessinger Publishing, LLC"
9781425488581,está escrito en,Inglés
Heinrich Harrer,es autor de la obra,Tibet Is My Country
9781101134849,es un codigo ISBN para el libro,Seven Years in Tibet
9781101134849,es un codigo ISBN de una edicion publicada por,"Penguin USA, Inc."
9781101134849,está escrito en,Inglés
9781101135389,es un codigo ISBN para el libro,Seven Years in Tibet
9781101135389,es un codigo ISBN de una edicion publicada por,"Penguin USA, Inc."
9781101135389,está escrito en,Inglés
9781101135563,es un codigo ISBN para el libro,Seven Years in Tibet
9781101135563,es un codigo ISBN de una edicion publicada por,"Penguin USA, Inc."
9781101135563,está escrito en,Inglés
Heinrich Harrer,es autor de la obra,Seven Years in Tibet
Seven Years in Tibet,pertenece al género,Nonfiction
Seven Years in Tibet,pertenece al género,Religion & Spirituality
Seven Years in Tibet,pertenece al género,Travel
0708908543,es un codigo ISBN para el libro,Sieben Jahre in Tibet
0708908543,es un codigo ISBN de una edicion publicada por,Ulverscroft
0708908543,es un codigo ISBN de una edicion publicada por,Ulverscroft Large Print
0708908543,está escrito en,Inglés
9780708908549,es un codigo ISBN para el libro,Sieben Jahre in Tibet
9780708908549,es un codigo ISBN de una edicion publicada por,Ulverscroft
9780708908549,es un codigo ISBN de una edicion publicada por,Ulverscroft Large Print
9780708908549,está escrito en,Inglés
Heinrich Harrer,es autor de la obra,Sieben Jahre in Tibet
Sieben Jahre in Tibet,pertenece al género,Description and travel
9781921196003,es un codigo ISBN para el libro,Beyond Seven years in Tibet
9781921196003,es un codigo ISBN de una edicion publicada por,Cordee Limited [distributor]
9781921196003,es un codigo ISBN de una edicion publicada por,Labyrinth
9781921196003,está escrito en,Inglés
Heinrich Harrer,es autor de la obra,Beyond Seven years in Tibet
Beyond Seven years in Tibet,pertenece al género,Travel
Beyond Seven years in Tibet,pertenece al género,Austrian
Beyond Seven years in Tibet,pertenece al género,Discovery and exploration
0340511834,es un codigo ISBN para el libro,The Book of the Eiger
0340511834,es un codigo ISBN de una edicion publicada por,Hodder & Stoughton Ltd
9780340511831,es un codigo ISBN para el libro,The Book of the Eiger
9780340511831,es un codigo ISBN de una edicion publicada por,Hodder & Stoughton Ltd
Heinrich Harrer,es autor de la obra,The Book of the Eiger
3701622949,es un codigo ISBN para el libro,Borneo
3701622949,es un codigo ISBN de una edicion publicada por,Pinguin-Verlag
3701622949,es un codigo ISBN de una edicion publicada por,Umschau-Verlag
3701622949,está escrito en,Alemán
Heinrich Harrer,es autor de la obra,Borneo
Borneo,pertenece al género,Social life and customs
Borneo,pertenece al género,Description and travel
Borneo,pertenece al género,History
3550084358,es un codigo ISBN para el libro,Das alte Lhasa. Bilder aus Tibet
3550084358,es un codigo ISBN de una edicion publicada por,Ullstein Buchverlage GmbH & Co. KG / Ullstein Tas
3550084358,está escrito en,Alemán
9783550084355,es un codigo ISBN para el libro,Das alte Lhasa. Bilder aus Tibet
9783550084355,es un codigo ISBN de una edicion publicada por,Ullstein Buchverlage GmbH & Co. KG / Ullstein Tas
9783550084355,está escrito en,Alemán
Heinrich Harrer,es autor de la obra,Das alte Lhasa. Bilder aus Tibet
Das alte Lhasa. Bilder aus Tibet,pertenece al género,Civilization
Das alte Lhasa. Bilder aus Tibet,pertenece al género,Pictorial works
3524760317,es un codigo ISBN para el libro,Der Himalaya blüht
3524760317,es un codigo ISBN de una edicion publicada por,Pinguin-Verlag
3524760317,es un codigo ISBN de una edicion publicada por,Umschau-Verlag
3524760317,está escrito en,Alemán
Heinrich Harrer,es autor de la obra,Der Himalaya blüht
Der Himalaya blüht,pertenece al género,Flowers
Der Himalaya blüht,pertenece al género,Description and travel
9783548034997,es un codigo ISBN para el libro,Die Götter sollen siegen
9783548034997,es un codigo ISBN de una edicion publicada por,Ullstein
9783548034997,está escrito en,Alemán
3548034993,es un codigo ISBN para el libro,Die Götter sollen siegen
3548034993,es un codigo ISBN de una edicion publicada por,Ullstein
3548034993,está escrito en,Alemán
Heinrich Harrer,es autor de la obra,Die Götter sollen siegen
Die Götter sollen siegen,pertenece al género,Description and travel
3550065744,es un codigo ISBN para el libro,Die letzten Fünfhundert
3550065744,es un codigo ISBN de una edicion publicada por,Ullstein
3550065744,está escrito en,Alemán
Heinrich Harrer,es autor de la obra,Die letzten Fünfhundert
Die letzten Fünfhundert,pertenece al género,Negritos
Die letzten Fünfhundert,pertenece al género,Ethnology
Rudolf Hilferding,es de nacionalidad,Austria
9780415379243,es un codigo ISBN para el libro,Das Finanzkapital
9780415379243,es un codigo ISBN de una edicion publicada por,Routledge
9780415379243,está escrito en,Inglés
0415379245,es un codigo ISBN para el libro,Das Finanzkapital
0415379245,es un codigo ISBN de una edicion publicada por,Routledge
0415379245,está escrito en,Inglés
3434450149,es un codigo ISBN para el libro,Das Finanzkapital
3434450149,es un codigo ISBN de una edicion publicada por,Europäische Verlagsanstalt
3434450149,está escrito en,Alemán
0710006187,es un codigo ISBN para el libro,Das Finanzkapital
0710006187,es un codigo ISBN de una edicion publicada por,Routledge and Kegan Paul
0710006187,está escrito en,Inglés
9780415436649,es un codigo ISBN para el libro,Das Finanzkapital
9780415436649,es un codigo ISBN de una edicion publicada por,Routledge
9780415436649,está escrito en,Inglés
0415436648,es un codigo ISBN para el libro,Das Finanzkapital
0415436648,es un codigo ISBN de una edicion publicada por,Routledge
0415436648,está escrito en,Inglés
0415379288,es un codigo ISBN para el libro,Das Finanzkapital
0415379288,es un codigo ISBN de una edicion publicada por,Routledge
0415379288,está escrito en,Inglés
9780415379281,es un codigo ISBN para el libro,Das Finanzkapital
9780415379281,es un codigo ISBN de una edicion publicada por,Routledge
9780415379281,está escrito en,Inglés
0710006187,es un codigo ISBN de una edicion publicada por,Routledge & Kegan Paul
9780710205322,es un codigo ISBN para el libro,Das Finanzkapital
9780710205322,es un codigo ISBN de una edicion publicada por,Routledge & Kegan Paul Books
9780710205322,está escrito en,Inglés
0710205325,es un codigo ISBN para el libro,Das Finanzkapital
0710205325,es un codigo ISBN de una edicion publicada por,Routledge & Kegan Paul Books
0710205325,está escrito en,Inglés
2707302775,es un codigo ISBN para el libro,Das Finanzkapital
2707302775,es un codigo ISBN de una edicion publicada por,Éditions de Minuit
2707302775,está escrito en,Francés
8430911588,es un codigo ISBN para el libro,Das Finanzkapital
8430911588,es un codigo ISBN de una edicion publicada por,Tecnos
Rudolf Hilferding,es autor de la obra,Das Finanzkapital
Das Finanzkapital,pertenece al género,Capital
Das Finanzkapital,pertenece al género,Finance
Das Finanzkapital,pertenece al género,Finances
380121124X,es un codigo ISBN para el libro,"Zwischen den Stühlen, oder, Über die Unvereinbarkeit von Theorie und Praxis"
380121124X,es un codigo ISBN de una edicion publicada por,Dietz
380121124X,está escrito en,Alemán
Rudolf Hilferding,es autor de la obra,"Zwischen den Stühlen, oder, Über die Unvereinbarkeit von Theorie und Praxis"
"Zwischen den Stühlen, oder, Über die Unvereinbarkeit von Theorie und Praxis",pertenece al género,Capitalism
"Zwischen den Stühlen, oder, Über die Unvereinbarkeit von Theorie und Praxis",pertenece al género,Economic history
"Zwischen den Stühlen, oder, Über die Unvereinbarkeit von Theorie und Praxis",pertenece al género,Socialism
Ludwig von Mises,es de nacionalidad,Austria
9780814707654,es un codigo ISBN para el libro,Ultimate Found Economics
9780814707654,es un codigo ISBN de una edicion publicada por,New York University Press
9780814707654,está escrito en,Inglés
0814707653,es un codigo ISBN para el libro,Ultimate Found Economics
0814707653,es un codigo ISBN de una edicion publicada por,New York University Press
0814707653,está escrito en,Inglés
Ludwig von Mises,es autor de la obra,Ultimate Found Economics
Ultimate Found Economics,pertenece al género,Economics
0910614008,es un codigo ISBN para el libro,Planned Chaos
0910614008,es un codigo ISBN de una edicion publicada por,Foundation for Economic Education
0910614008,está escrito en,Inglés
9780910614009,es un codigo ISBN para el libro,Planned Chaos
9780910614009,es un codigo ISBN de una edicion publicada por,Foundation for Economic Education
9780910614009,está escrito en,Inglés
Ludwig von Mises,es autor de la obra,Planned Chaos
9788595070295,es un codigo ISBN para el libro,Burocracia
9788595070295,es un codigo ISBN de una edicion publicada por,Vide Editorial
9788595070295,está escrito en,Portugués
8595070296,es un codigo ISBN para el libro,Burocracia
8595070296,es un codigo ISBN de una edicion publicada por,Vide Editorial
8595070296,está escrito en,Portugués
Ludwig von Mises,es autor de la obra,Burocracia
859375158X,es un codigo ISBN para el libro,Economic Policy
859375158X,es un codigo ISBN de una edicion publicada por,LVM Editora
859375158X,está escrito en,Portugués
9788593751585,es un codigo ISBN para el libro,Economic Policy
9788593751585,es un codigo ISBN de una edicion publicada por,LVM Editora
9788593751585,está escrito en,Portugués
Ludwig von Mises,es autor de la obra,Economic Policy
0865976643,es un codigo ISBN para el libro,Bureaucracy
0865976643,es un codigo ISBN de una edicion publicada por,Liberty Fund
0865976643,está escrito en,Inglés
9780865976641,es un codigo ISBN para el libro,Bureaucracy
9780865976641,es un codigo ISBN de una edicion publicada por,Liberty Fund
9780865976641,está escrito en,Inglés
Ludwig von Mises,es autor de la obra,Bureaucracy
Bureaucracy,pertenece al género,Public administration
Bureaucracy,pertenece al género,Industrial policy
Bureaucracy,pertenece al género,Bureaucracy
9781306548359,es un codigo ISBN para el libro,Human action
9781306548359,es un codigo ISBN de una edicion publicada por,"Liberty Fund, Incorporated"
9781306548359,está escrito en,Inglés
0930073185,es un codigo ISBN para el libro,Human action
0930073185,es un codigo ISBN de una edicion publicada por,Fox & Wilkes
0930073185,está escrito en,und
9780930073183,es un codigo ISBN para el libro,Human action
9780930073183,es un codigo ISBN de una edicion publicada por,Fox & Wilkes
9780930073183,está escrito en,und
Ludwig von Mises,es autor de la obra,Human action
9781306568760,es un codigo ISBN para el libro,Liberalism
9781306568760,es un codigo ISBN de una edicion publicada por,"Liberty Fund, Incorporated"
9781306568760,está escrito en,Inglés
Ludwig von Mises,es autor de la obra,Liberalism
9781610161336,es un codigo ISBN para el libro,Anti-Capitalistic Mentality
9781610161336,es un codigo ISBN de una edicion publicada por,Ludwig von Mises Institute
1610161335,es un codigo ISBN para el libro,Anti-Capitalistic Mentality
1610161335,es un codigo ISBN de una edicion publicada por,Ludwig von Mises Institute
9781614878353,es un codigo ISBN para el libro,Anti-Capitalistic Mentality
9781614878353,es un codigo ISBN de una edicion publicada por,"Liberty Fund, Incorporated"
9781614878353,está escrito en,Inglés
Ludwig von Mises,es autor de la obra,Anti-Capitalistic Mentality
Anti-Capitalistic Mentality,pertenece al género,Capitalism
Anti-Capitalistic Mentality,pertenece al género,"Socialism, united states"
9781306578004,es un codigo ISBN para el libro,Epistemological Problems of Economics
9781306578004,es un codigo ISBN de una edicion publicada por,"Liberty Fund, Incorporated"
9781306578004,está escrito en,Inglés
Ludwig von Mises,es autor de la obra,Epistemological Problems of Economics
Epistemological Problems of Economics,pertenece al género,"Economics, methodology"
Epistemological Problems of Economics,pertenece al género,Values
9781614879138,es un codigo ISBN para el libro,Notes and Recollections
9781614879138,es un codigo ISBN de una edicion publicada por,"Liberty Fund, Incorporated"
9781614879138,está escrito en,Inglés
Ludwig von Mises,es autor de la obra,Notes and Recollections
1795802561,es un codigo ISBN para el libro,Le calcul économique en régime socialiste
1795802561,es un codigo ISBN de una edicion publicada por,Independently Published
9781795802567,es un codigo ISBN para el libro,Le calcul économique en régime socialiste
9781795802567,es un codigo ISBN de una edicion publicada por,Independently Published
Ludwig von Mises,es autor de la obra,Le calcul économique en régime socialiste
9781306541190,es un codigo ISBN para el libro,Theory of Money and Credit
9781306541190,es un codigo ISBN de una edicion publicada por,"Liberty Fund, Incorporated"
9781306541190,está escrito en,Inglés
Ludwig von Mises,es autor de la obra,Theory of Money and Credit
9781306541138,es un codigo ISBN para el libro,Ultimate Foundation of Economic Science
9781306541138,es un codigo ISBN de una edicion publicada por,"Liberty Fund, Incorporated"
9781306541138,está escrito en,Inglés
Ludwig von Mises,es autor de la obra,Ultimate Foundation of Economic Science
9781626365223,es un codigo ISBN para el libro,Theory of Money and Credit
9781626365223,es un codigo ISBN de una edicion publicada por,"Skyhorse Publishing Company, Incorporated"
9781626365223,está escrito en,Inglés
0464861209,es un codigo ISBN para el libro,Theory of Money and Credit
0464861209,es un codigo ISBN de una edicion publicada por,Blurb
9780464861201,es un codigo ISBN para el libro,Theory of Money and Credit
9780464861201,es un codigo ISBN de una edicion publicada por,Blurb
9781614878421,es un codigo ISBN para el libro,Theory of Money and Credit
9781614878421,es un codigo ISBN de una edicion publicada por,"Liberty Fund, Incorporated"
9781614878421,está escrito en,Inglés
9781620871614,es un codigo ISBN para el libro,Theory of Money and Credit
9781620871614,es un codigo ISBN de una edicion publicada por,"Skyhorse Publishing Company, Incorporated"
9781620871614,está escrito en,Inglés
Theory of Money and Credit,pertenece al género,Money
9788585054151,es un codigo ISBN para el libro,Ação humana
9788585054151,es un codigo ISBN de una edicion publicada por,Instituo Liberal
9788585054151,está escrito en,Portugués
8585054158,es un codigo ISBN para el libro,Ação humana
8585054158,es un codigo ISBN de una edicion publicada por,Instituo Liberal
8585054158,está escrito en,Portugués
Ludwig von Mises,es autor de la obra,Ação humana
Ação humana,pertenece al género,Ação social
Ação humana,pertenece al género,Economia politica (teoria e filosofia)
Ação humana,pertenece al género,Filosofia social
9781614878988,es un codigo ISBN para el libro,Epistemological Problems of Economics
9781614878988,es un codigo ISBN de una edicion publicada por,"Liberty Fund, Incorporated"
9781614878988,está escrito en,Inglés
9780865978508,es un codigo ISBN para el libro,Epistemological Problems of Economics
9780865978508,es un codigo ISBN de una edicion publicada por,"Liberty Fund, Incorporated"
9780865978508,está escrito en,Inglés
Epistemological Problems of Economics,pertenece al género,Value
9781306541121,es un codigo ISBN para el libro,Theory and History
9781306541121,es un codigo ISBN de una edicion publicada por,"Liberty Fund, Incorporated"
9781306541121,está escrito en,Inglés
Ludwig von Mises,es autor de la obra,Theory and History
9781773230467,es un codigo ISBN para el libro,Bureaucracy
9781773230467,es un codigo ISBN de una edicion publicada por,"Rehak, David"
9781773230467,está escrito en,Inglés
0865978492,es un codigo ISBN para el libro,Epistemological Problems of Economics. Ludwig Von Mises (Liberty Fund Library of the Works of Ludwig Von Mises)
0865978492,es un codigo ISBN de una edicion publicada por,Liberty Fund
9780865978492,es un codigo ISBN para el libro,Epistemological Problems of Economics. Ludwig Von Mises (Liberty Fund Library of the Works of Ludwig Von Mises)
9780865978492,es un codigo ISBN de una edicion publicada por,Liberty Fund
Ludwig von Mises,es autor de la obra,Epistemological Problems of Economics. Ludwig Von Mises (Liberty Fund Library of the Works of Ludwig Von Mises)
Epistemological Problems of Economics. Ludwig Von Mises (Liberty Fund Library of the Works of Ludwig Von Mises),pertenece al género,"Economics, methodology"
Epistemological Problems of Economics. Ludwig Von Mises (Liberty Fund Library of the Works of Ludwig Von Mises),pertenece al género,Value
Epistemological Problems of Economics. Ludwig Von Mises (Liberty Fund Library of the Works of Ludwig Von Mises),pertenece al género,Economics
8593751571,es un codigo ISBN para el libro,Caixa Von Mises - Box Edicao Premium
8593751571,es un codigo ISBN de una edicion publicada por,LVM Editora
9788593751578,es un codigo ISBN para el libro,Caixa Von Mises - Box Edicao Premium
9788593751578,es un codigo ISBN de una edicion publicada por,LVM Editora
Ludwig von Mises,es autor de la obra,Caixa Von Mises - Box Edicao Premium
9781306541114,es un codigo ISBN para el libro,"Nation, State, and Economy"
9781306541114,es un codigo ISBN de una edicion publicada por,"Liberty Fund, Incorporated"
9781306541114,está escrito en,Inglés
Ludwig von Mises,es autor de la obra,"Nation, State, and Economy"
9781933550268,es un codigo ISBN para el libro,Memoirs
9781933550268,es un codigo ISBN de una edicion publicada por,Ludwig von Mises Institute
9781933550268,está escrito en,Inglés
1933550260,es un codigo ISBN para el libro,Memoirs
1933550260,es un codigo ISBN de una edicion publicada por,Ludwig von Mises Institute
1933550260,está escrito en,Inglés
Ludwig von Mises,es autor de la obra,Memoirs
Memoirs,pertenece al género,Autobiography
9781614878919,es un codigo ISBN para el libro,Interventionism
9781614878919,es un codigo ISBN de una edicion publicada por,"Liberty Fund, Incorporated"
9781614878919,está escrito en,Inglés
Ludwig von Mises,es autor de la obra,Interventionism
9781987817706,es un codigo ISBN para el libro,The Anti-Capitalistic Mentality
9781987817706,es un codigo ISBN de una edicion publicada por,"Rehak, David"
9781987817706,está escrito en,Inglés
9781306568777,es un codigo ISBN para el libro,The Anti-Capitalistic Mentality
9781306568777,es un codigo ISBN de una edicion publicada por,"Liberty Fund, Incorporated"
9781306568777,está escrito en,Inglés
9781891396212,es un codigo ISBN para el libro,The Anti-Capitalistic Mentality
9781891396212,es un codigo ISBN de una edicion publicada por,Martino Fine Books
1891396218,es un codigo ISBN para el libro,The Anti-Capitalistic Mentality
1891396218,es un codigo ISBN de una edicion publicada por,Martino Fine Books
1684113334,es un codigo ISBN para el libro,The Anti-Capitalistic Mentality
1684113334,es un codigo ISBN de una edicion publicada por,www.bnpublishing.com
9781684113330,es un codigo ISBN para el libro,The Anti-Capitalistic Mentality
9781684113330,es un codigo ISBN de una edicion publicada por,www.bnpublishing.com
Ludwig von Mises,es autor de la obra,The Anti-Capitalistic Mentality
9781614879008,es un codigo ISBN para el libro,"Monetary and Economic Policy Problems Before, During, and after the Great War"
9781614879008,es un codigo ISBN de una edicion publicada por,"Liberty Fund, Incorporated"
9781614879008,está escrito en,Inglés
Ludwig von Mises,es autor de la obra,"Monetary and Economic Policy Problems Before, During, and after the Great War"
9781299680098,es un codigo ISBN para el libro,Interventionism
9781299680098,es un codigo ISBN de una edicion publicada por,"Liberty Fund, Incorporated"
9781299680098,está escrito en,Inglés
9785863660226,es un codigo ISBN para el libro,Sot͡sializm
9785863660226,es un codigo ISBN de una edicion publicada por,"Obshchestvo ""Catallaxy"""
9785863660226,está escrito en,rus
5863660228,es un codigo ISBN para el libro,Sot͡sializm
5863660228,es un codigo ISBN de una edicion publicada por,"Obshchestvo ""Catallaxy"""
5863660228,está escrito en,rus
Ludwig von Mises,es autor de la obra,Sot͡sializm
Sot͡sializm,pertenece al género,Socialism
Peter F. Drucker,es de nacionalidad,Austria
9781633693319,es un codigo ISBN para el libro,HBR's 10 Must Reads Boxed Set with Bonus Emotional Intelligence (7 Books) (HBR's 10 Must Reads)
9781633693319,es un codigo ISBN de una edicion publicada por,Harvard Business Review Press
9781633693319,está escrito en,Inglés
Peter F. Drucker,es autor de la obra,HBR's 10 Must Reads Boxed Set with Bonus Emotional Intelligence (7 Books) (HBR's 10 Must Reads)
HBR's 10 Must Reads Boxed Set with Bonus Emotional Intelligence (7 Books) (HBR's 10 Must Reads),pertenece al género,Leadership
HBR's 10 Must Reads Boxed Set with Bonus Emotional Intelligence (7 Books) (HBR's 10 Must Reads),pertenece al género,Strategic planning
HBR's 10 Must Reads Boxed Set with Bonus Emotional Intelligence (7 Books) (HBR's 10 Must Reads),pertenece al género,Emotional intelligence
9781633693128,es un codigo ISBN para el libro,HBR Classics Boxed Set (16 Books)
9781633693128,es un codigo ISBN de una edicion publicada por,Harvard Business Review Press
9781633693128,está escrito en,Inglés
Peter F. Drucker,es autor de la obra,HBR Classics Boxed Set (16 Books)
9781633698437,es un codigo ISBN para el libro,HBR's 10 Must Reads for Healthcare Leaders Collection
9781633698437,es un codigo ISBN de una edicion publicada por,Harvard Business Review Press
9781633698437,está escrito en,Inglés
Peter F. Drucker,es autor de la obra,HBR's 10 Must Reads for Healthcare Leaders Collection
9781633693159,es un codigo ISBN para el libro,HBR's 10 Must Reads Ultimate Boxed Set (14 Books)
9781633693159,es un codigo ISBN de una edicion publicada por,Harvard Business Review Press
9781633693159,está escrito en,Inglés
Peter F. Drucker,es autor de la obra,HBR's 10 Must Reads Ultimate Boxed Set (14 Books)
HBR's 10 Must Reads Ultimate Boxed Set (14 Books),pertenece al género,Leadership
HBR's 10 Must Reads Ultimate Boxed Set (14 Books),pertenece al género,Strategic planning
163369478X,es un codigo ISBN para el libro,The Peter F. Drucker Reader
163369478X,es un codigo ISBN de una edicion publicada por,Harvard Business Review Press
9781633694781,es un codigo ISBN para el libro,The Peter F. Drucker Reader
9781633694781,es un codigo ISBN de una edicion publicada por,Harvard Business Review Press
Peter F. Drucker,es autor de la obra,The Peter F. Drucker Reader
1633696901,es un codigo ISBN para el libro,HBR's 10 Must Reads on Nonprofits and the Social Sectors
1633696901,es un codigo ISBN de una edicion publicada por,Harvard Business Review Press
1633696901,está escrito en,Inglés
9781633696907,es un codigo ISBN para el libro,HBR's 10 Must Reads on Nonprofits and the Social Sectors
9781633696907,es un codigo ISBN de una edicion publicada por,Harvard Business Review Press
9781633696907,está escrito en,Inglés
Peter F. Drucker,es autor de la obra,HBR's 10 Must Reads on Nonprofits and the Social Sectors
HBR's 10 Must Reads on Nonprofits and the Social Sectors,pertenece al género,"Nonprofit organizations, management"
HBR's 10 Must Reads on Nonprofits and the Social Sectors,pertenece al género,Humanitarianism
HBR's 10 Must Reads on Nonprofits and the Social Sectors,pertenece al género,Leadership
9781531836108,es un codigo ISBN para el libro,HBR's 10 Must Reads
9781531836108,es un codigo ISBN de una edicion publicada por,Audible Studios on Brilliance
9781531836108,es un codigo ISBN de una edicion publicada por,Audible Studios on Brilliance Audio
1531836100,es un codigo ISBN para el libro,HBR's 10 Must Reads
1531836100,es un codigo ISBN de una edicion publicada por,Audible Studios on Brilliance
1531836100,es un codigo ISBN de una edicion publicada por,Audible Studios on Brilliance Audio
Peter F. Drucker,es autor de la obra,HBR's 10 Must Reads
1531836542,es un codigo ISBN para el libro,HBR's 10 Must Reads on Innovation
1531836542,es un codigo ISBN de una edicion publicada por,Audible Studios on Brilliance
1531836542,es un codigo ISBN de una edicion publicada por,Audible Studios on Brilliance Audio
9781531836542,es un codigo ISBN para el libro,HBR's 10 Must Reads on Innovation
9781531836542,es un codigo ISBN de una edicion publicada por,Audible Studios on Brilliance
9781531836542,es un codigo ISBN de una edicion publicada por,Audible Studios on Brilliance Audio
1633694607,es un codigo ISBN para el libro,HBR's 10 Must Reads on Innovation
1633694607,es un codigo ISBN de una edicion publicada por,Harvard Business Review Press
9781633694606,es un codigo ISBN para el libro,HBR's 10 Must Reads on Innovation
9781633694606,es un codigo ISBN de una edicion publicada por,Harvard Business Review Press
Peter F. Drucker,es autor de la obra,HBR's 10 Must Reads on Innovation
9781633694705,es un codigo ISBN para el libro,HBR's 10 Must Reads on Leadership for Healthcare
9781633694705,es un codigo ISBN de una edicion publicada por,Harvard Business Review Press
1633694704,es un codigo ISBN para el libro,HBR's 10 Must Reads on Leadership for Healthcare
1633694704,es un codigo ISBN de una edicion publicada por,Harvard Business Review Press
1633694321,es un codigo ISBN para el libro,HBR's 10 Must Reads on Leadership for Healthcare
1633694321,es un codigo ISBN de una edicion publicada por,Harvard Business Review Press
9781633694323,es un codigo ISBN para el libro,HBR's 10 Must Reads on Leadership for Healthcare
9781633694323,es un codigo ISBN de una edicion publicada por,Harvard Business Review Press
Peter F. Drucker,es autor de la obra,HBR's 10 Must Reads on Leadership for Healthcare
HBR's 10 Must Reads on Leadership for Healthcare,pertenece al género,Health services administration
HBR's 10 Must Reads on Leadership for Healthcare,pertenece al género,Leadership
1633694488,es un codigo ISBN para el libro,HBR's 10 Must Reads on Leadership
1633694488,es un codigo ISBN de una edicion publicada por,Harvard Business Review Press
9781633694484,es un codigo ISBN para el libro,HBR's 10 Must Reads on Leadership
9781633694484,es un codigo ISBN de una edicion publicada por,Harvard Business Review Press
Peter F. Drucker,es autor de la obra,HBR's 10 Must Reads on Leadership
163369447X,es un codigo ISBN para el libro,HBR's 10 Must Reads on Managing Yourself
163369447X,es un codigo ISBN de una edicion publicada por,Harvard Business Review Press
9781633694477,es un codigo ISBN para el libro,HBR's 10 Must Reads on Managing Yourself
9781633694477,es un codigo ISBN de una edicion publicada por,Harvard Business Review Press
Peter F. Drucker,es autor de la obra,HBR's 10 Must Reads on Managing Yourself
9781633693005,es un codigo ISBN para el libro,HBR's 10 Must Reads Leadership Collection (4 Books) (HBR's 10 Must Reads)
9781633693005,es un codigo ISBN de una edicion publicada por,Harvard Business Review Press
9781633693005,está escrito en,Inglés
Peter F. Drucker,es autor de la obra,HBR's 10 Must Reads Leadership Collection (4 Books) (HBR's 10 Must Reads)
9789500704335,es un codigo ISBN para el libro,Serie negra
9789500704335,es un codigo ISBN de una edicion publicada por,Sudamericana
9789500704335,está escrito en,Español
9500704331,es un codigo ISBN para el libro,Serie negra
9500704331,es un codigo ISBN de una edicion publicada por,Sudamericana
9500704331,está escrito en,Español
Peter F. Drucker,es autor de la obra,Serie negra
9784478300619,es un codigo ISBN para el libro,チェンジ・リーダーの条件
9784478300619,es un codigo ISBN de una edicion publicada por,Daiyamondosha
9784478300619,está escrito en,jpn
4478300615,es un codigo ISBN para el libro,チェンジ・リーダーの条件
4478300615,es un codigo ISBN de una edicion publicada por,Daiyamondosha
4478300615,está escrito en,jpn
Peter F. Drucker,es autor de la obra,チェンジ・リーダーの条件
チェンジ・リーダーの条件,pertenece al género,Industrial management
チェンジ・リーダーの条件,pertenece al género,Success in business
4478331030,es un codigo ISBN para el libro,仕事の哲学
4478331030,es un codigo ISBN de una edicion publicada por,Daiyamondosha
4478331030,está escrito en,jpn
9784478331033,es un codigo ISBN para el libro,仕事の哲学
9784478331033,es un codigo ISBN de una edicion publicada por,Daiyamondosha
9784478331033,está escrito en,jpn
Peter F. Drucker,es autor de la obra,仕事の哲学
仕事の哲学,pertenece al género,Executive ability
仕事の哲学,pertenece al género,Industrial management
仕事の哲学,pertenece al género,Jinseikun
4478331057,es un codigo ISBN para el libro,歴史の哲学
4478331057,es un codigo ISBN de una edicion publicada por,Daiyamondosha
4478331057,está escrito en,jpn
9784478331057,es un codigo ISBN para el libro,歴史の哲学
9784478331057,es un codigo ISBN de una edicion publicada por,Daiyamondosha
9784478331057,está escrito en,jpn
Peter F. Drucker,es autor de la obra,歴史の哲学
歴史の哲学,pertenece al género,Industries
歴史の哲学,pertenece al género,Social aspects
4478331049,es un codigo ISBN para el libro,変革の哲学
4478331049,es un codigo ISBN de una edicion publicada por,Daiyamondosha
4478331049,está escrito en,jpn
9784478331040,es un codigo ISBN para el libro,変革の哲学
9784478331040,es un codigo ISBN de una edicion publicada por,Daiyamondosha
9784478331040,está escrito en,jpn
Peter F. Drucker,es autor de la obra,変革の哲学
変革の哲学,pertenece al género,Organizational change
変革の哲学,pertenece al género,Management
変革の哲学,pertenece al género,Industrial management
9784478331026,es un codigo ISBN para el libro,経営の哲学
9784478331026,es un codigo ISBN de una edicion publicada por,Daiyamondosha
9784478331026,está escrito en,jpn
4478331022,es un codigo ISBN para el libro,経営の哲学
4478331022,es un codigo ISBN de una edicion publicada por,Daiyamondosha
4478331022,está escrito en,jpn
Peter F. Drucker,es autor de la obra,経営の哲学
経営の哲学,pertenece al género,Industrial management
経営の哲学,pertenece al género,Success in business
経営の哲学,pertenece al género,Executive ability
4478330468,es un codigo ISBN para el libro,創生の時
4478330468,es un codigo ISBN de una edicion publicada por,Daiyamondosha
4478330468,está escrito en,jpn
Peter F. Drucker,es autor de la obra,創生の時
447833045X,es un codigo ISBN para el libro,挑戦の時
447833045X,es un codigo ISBN de una edicion publicada por,Daiyamondosha
447833045X,está escrito en,jpn
Peter F. Drucker,es autor de la obra,挑戦の時
4478372632,es un codigo ISBN para el libro,Ashita o shihaisuru mono
4478372632,está escrito en,jpn
Peter F. Drucker,es autor de la obra,Ashita o shihaisuru mono
Ashita o shihaisuru mono,pertenece al género,Management
Ashita o shihaisuru mono,pertenece al género,Forecasting
Ashita o shihaisuru mono,pertenece al género,Twenty-first century
Helmut Qualtinger,es de nacionalidad,Austria
Helmut Qualtinger,es autor de la obra,Der Herr Karl.
3216301648,es un codigo ISBN para el libro,"""Brettl vor dem Kopf"" und andere Texte fürs Kabarett"
3216301648,es un codigo ISBN de una edicion publicada por,Deuticke
3216301648,está escrito en,Alemán
Helmut Qualtinger,es autor de la obra,"""Brettl vor dem Kopf"" und andere Texte fürs Kabarett"
3765803367,es un codigo ISBN para el libro,Über Ärzte und Patienten
3765803367,es un codigo ISBN de una edicion publicada por,C.J. Bucher
3765803367,está escrito en,Alemán
Helmut Qualtinger,es autor de la obra,Über Ärzte und Patienten
3216304868,es un codigo ISBN para el libro,Best of Qualtinger
3216304868,es un codigo ISBN de una edicion publicada por,Deuticke
3216304868,está escrito en,Alemán
Helmut Qualtinger,es autor de la obra,Best of Qualtinger
3216301672,es un codigo ISBN para el libro,"""Blattl vorm Mund"""
3216301672,es un codigo ISBN de una edicion publicada por,Deuticke
3216301672,está escrito en,Alemán
Helmut Qualtinger,es autor de la obra,"""Blattl vorm Mund"""
"""Blattl vorm Mund""",pertenece al género,Austrian Satire
3784417159,es un codigo ISBN para el libro,Das letzte Lokal
3784417159,es un codigo ISBN de una edicion publicada por,Langen-Müller
3784417159,está escrito en,Alemán
Helmut Qualtinger,es autor de la obra,Das letzte Lokal
Das letzte Lokal,pertenece al género,German Satire
3784416020,es un codigo ISBN para el libro,Der Mörder und andere Leut'
3784416020,es un codigo ISBN de una edicion publicada por,Langen-Müller
3784416020,está escrito en,Alemán
Helmut Qualtinger,es autor de la obra,Der Mörder und andere Leut'
3548201962,es un codigo ISBN para el libro,Die rot-weiss-rote Rasse
3548201962,es un codigo ISBN de una edicion publicada por,Ullstein
3548201962,está escrito en,Alemán
Helmut Qualtinger,es autor de la obra,Die rot-weiss-rote Rasse
3784418996,es un codigo ISBN para el libro,Halbwelttheater
3784418996,es un codigo ISBN de una edicion publicada por,Langen Müller
3784418996,está escrito en,Alemán
Helmut Qualtinger,es autor de la obra,Halbwelttheater
3216301664,es un codigo ISBN para el libro,Heimat bist du grosser Zwerge
3216301664,es un codigo ISBN de una edicion publicada por,Deuticke
3216301664,está escrito en,Alemán
Helmut Qualtinger,es autor de la obra,Heimat bist du grosser Zwerge
3784415350,es un codigo ISBN para el libro,Qualtinger's beste Satiren
3784415350,es un codigo ISBN de una edicion publicada por,Langen-Müller
3784415350,está escrito en,Alemán
Helmut Qualtinger,es autor de la obra,Qualtinger's beste Satiren
321800246X,es un codigo ISBN para el libro,Schwarze Wiener Messe
321800246X,es un codigo ISBN de una edicion publicada por,Kremayr & Scheriau
321800246X,está escrito en,Alemán
Helmut Qualtinger,es autor de la obra,Schwarze Wiener Messe
3548222129,es un codigo ISBN para el libro,Das Qualtinger-Buch
3548222129,es un codigo ISBN de una edicion publicada por,Ullstein
3548222129,está escrito en,Alemán
3784420834,es un codigo ISBN para el libro,Das Qualtinger-Buch
3784420834,es un codigo ISBN de una edicion publicada por,Langen Müller
3784420834,está escrito en,Alemán
Helmut Qualtinger,es autor de la obra,Das Qualtinger-Buch
9783850028899,es un codigo ISBN para el libro,Der Herr Karl
9783850028899,es un codigo ISBN de una edicion publicada por,Amalthea Verlag
9783850028899,está escrito en,Alemán
3850028895,es un codigo ISBN para el libro,Der Herr Karl
3850028895,es un codigo ISBN de una edicion publicada por,Amalthea Verlag
3850028895,está escrito en,Alemán
3216301567,es un codigo ISBN para el libro,Der Herr Karl
3216301567,es un codigo ISBN de una edicion publicada por,Deuticke
3216301567,está escrito en,Alemán
3499106078,es un codigo ISBN para el libro,Der Herr Karl
3499106078,está escrito en,Inglés
Helmut Qualtinger,es autor de la obra,Der Herr Karl
Der Herr Karl,pertenece al género,Illustrations
Der Herr Karl,pertenece al género,Adaptations
Der Herr Karl,pertenece al género,"Comic books, strips"
3548201776,es un codigo ISBN para el libro,Drei Viertel ohne Takt
3548201776,es un codigo ISBN de una edicion publicada por,Ullstein
3548201776,está escrito en,Alemán
3784418406,es un codigo ISBN para el libro,Drei Viertel ohne Takt
3784418406,es un codigo ISBN de una edicion publicada por,Langen Müller
3784418406,está escrito en,Alemán
Helmut Qualtinger,es autor de la obra,Drei Viertel ohne Takt
Drei Viertel ohne Takt,pertenece al género,German Satire
H. C. Artmann,es de nacionalidad,Austria
H. C. Artmann,es autor de la obra,"Gedichte, die glücklich machen"
3885371456,es un codigo ISBN para el libro,Das poetische Werk
3885371456,es un codigo ISBN de una edicion publicada por,K.G. Renner
3885371456,es un codigo ISBN de una edicion publicada por,Rainer Verlag
3885371456,está escrito en,Alemán
3927480304,es un codigo ISBN para el libro,Das poetische Werk
3927480304,es un codigo ISBN de una edicion publicada por,K.G. Renner
3927480304,es un codigo ISBN de una edicion publicada por,Rainer Verlag
3927480304,está escrito en,Alemán
H. C. Artmann,es autor de la obra,Das poetische Werk
3701702217,es un codigo ISBN para el libro,Grammatikder Rosen
3701702217,es un codigo ISBN de una edicion publicada por,Residenz Verl.
3701702217,está escrito en,Alemán
3701702217,es un codigo ISBN de una edicion publicada por,Residenz Verl
3701702217,es un codigo ISBN de una edicion publicada por,Residenz Verlag
H. C. Artmann,es autor de la obra,Grammatikder Rosen
3701704554,es un codigo ISBN para el libro,"Artmann, H.C., Dichter"
3701704554,es un codigo ISBN de una edicion publicada por,Residenz Verlag
3701704554,está escrito en,Alemán
H. C. Artmann,es autor de la obra,"Artmann, H.C., Dichter"
"Artmann, H.C., Dichter",pertenece al género,Austrian Poets
"Artmann, H.C., Dichter",pertenece al género,Pictorial works
"Artmann, H.C., Dichter",pertenece al género,Biography
3423013699,es un codigo ISBN para el libro,Aus meiner Botanisiertrommel
3423013699,es un codigo ISBN de una edicion publicada por,Deutscher Taschenbuch Verlag
3423013699,está escrito en,Alemán
H. C. Artmann,es autor de la obra,Aus meiner Botanisiertrommel
3854204906,es un codigo ISBN para el libro,Eine Lektion in Poesie wird vorbereitet
3854204906,es un codigo ISBN de una edicion publicada por,Literaturverl. Droschl
3854204906,está escrito en,Alemán
H. C. Artmann,es autor de la obra,Eine Lektion in Poesie wird vorbereitet
3927480320,es un codigo ISBN para el libro,Ein Engel hilft mir frühaufstehen
3927480320,es un codigo ISBN de una edicion publicada por,Renner
3927480320,está escrito en,Alemán
H. C. Artmann,es autor de la obra,Ein Engel hilft mir frühaufstehen
3518016911,es un codigo ISBN para el libro,Fleiss und Industrie
3518016911,es un codigo ISBN de una edicion publicada por,Suhrkamp Verlag
3518016911,está escrito en,Alemán
H. C. Artmann,es autor de la obra,Fleiss und Industrie
3701705682,es un codigo ISBN para el libro,Gedichte von der Wollust des Dichtens in Worte gefasst
3701705682,es un codigo ISBN de una edicion publicada por,Residenz
3701705682,está escrito en,Alemán
H. C. Artmann,es autor de la obra,Gedichte von der Wollust des Dichtens in Worte gefasst
3927480177,es un codigo ISBN para el libro,Hans-Christof Stenzel's POEtarium
3927480177,es un codigo ISBN de una edicion publicada por,Klaus G. Renner
3927480177,está escrito en,Alemán
3927480177,está escrito en,Inglés
H. C. Artmann,es autor de la obra,Hans-Christof Stenzel's POEtarium
Hans-Christof Stenzel's POEtarium,pertenece al género,Translations into German
3900986088,es un codigo ISBN para el libro,Holzrauch
3900986088,es un codigo ISBN de una edicion publicada por,Thanhäuser
3900986088,está escrito en,Alemán
H. C. Artmann,es autor de la obra,Holzrauch
392039237X,es un codigo ISBN para el libro,Von der Wiener Seite
392039237X,es un codigo ISBN de una edicion publicada por,Literarisches Colloquium
392039237X,está escrito en,Inglés
392039237X,está escrito en,Alemán
H. C. Artmann,es autor de la obra,Von der Wiener Seite
3518067753,es un codigo ISBN para el libro,The best of H. C. Artmann
3518067753,es un codigo ISBN de una edicion publicada por,Suhrkamp
3518067753,está escrito en,Alemán
H. C. Artmann,es autor de la obra,The best of H. C. Artmann
3518065823,es un codigo ISBN para el libro,Grünverschlossene Botschaft
3518065823,es un codigo ISBN de una edicion publicada por,Suhrkamp
3518065823,está escrito en,Alemán
H. C. Artmann,es autor de la obra,Grünverschlossene Botschaft
Grünverschlossene Botschaft,pertenece al género,Correspondence
Grünverschlossene Botschaft,pertenece al género,Humanism
Grünverschlossene Botschaft,pertenece al género,Views on humanism
3701707847,es un codigo ISBN para el libro,Der zerbrochene Krug
3701707847,es un codigo ISBN de una edicion publicada por,Residenz
3701707847,está escrito en,Inglés
H. C. Artmann,es autor de la obra,Der zerbrochene Krug
3701703000,es un codigo ISBN para el libro,Die Sonne war ein grünes Ei
3701703000,es un codigo ISBN de una edicion publicada por,Residenz
3701703000,está escrito en,Alemán
H. C. Artmann,es autor de la obra,Die Sonne war ein grünes Ei
3701308152,es un codigo ISBN para el libro,Wiener Vorstadtballade
3701308152,es un codigo ISBN de una edicion publicada por,Otto Müller
3701308152,está escrito en,Alemán
H. C. Artmann,es autor de la obra,Wiener Vorstadtballade
Wiener Vorstadtballade,pertenece al género,Poetry
Wiener Vorstadtballade,pertenece al género,Pictorial works
Alfred Kolleritsch,es de nacionalidad,Austria
9783854154877,es un codigo ISBN para el libro,Wahr ist viel mehr
9783854154877,es un codigo ISBN de una edicion publicada por,Ritter
9783854154877,está escrito en,Alemán
3854154879,es un codigo ISBN para el libro,Wahr ist viel mehr
3854154879,es un codigo ISBN de una edicion publicada por,Ritter
3854154879,está escrito en,Alemán
Alfred Kolleritsch,es autor de la obra,Wahr ist viel mehr
Wahr ist viel mehr,pertenece al género,Arts
Wahr ist viel mehr,pertenece al género,Museum der Wahrnehmung
9783835336728,es un codigo ISBN para el libro,Die Nacht des Sehens
9783835336728,es un codigo ISBN de una edicion publicada por,Wallstein Verlag
9783835336728,está escrito en,Alemán
383533672X,es un codigo ISBN para el libro,Die Nacht des Sehens
383533672X,es un codigo ISBN de una edicion publicada por,Wallstein Verlag
383533672X,está escrito en,Alemán
Alfred Kolleritsch,es autor de la obra,Die Nacht des Sehens
Die Nacht des Sehens,pertenece al género,Austrian poetry
9783854206712,es un codigo ISBN para el libro,Peter Weibel
3854206712,es un codigo ISBN para el libro,Peter Weibel
Alfred Kolleritsch,es autor de la obra,Peter Weibel
Peter Weibel,pertenece al género,Criticism and interpretation
3878771452,es un codigo ISBN para el libro,"Manuskripte, 1960-1980"
3878771452,es un codigo ISBN de una edicion publicada por,Roter Stern
3878771452,es un codigo ISBN de una edicion publicada por,Stroemfeld
3878771452,está escrito en,Alemán
Alfred Kolleritsch,es autor de la obra,"Manuskripte, 1960-1980"
"Manuskripte, 1960-1980",pertenece al género,Austrian literature
"Manuskripte, 1960-1980",pertenece al género,German literature
9783854208372,es un codigo ISBN para el libro,Es gibt den ungeheuren Anderen
9783854208372,es un codigo ISBN de una edicion publicada por,Literaturverlag Droschl
9783854208372,está escrito en,Alemán
Alfred Kolleritsch,es autor de la obra,Es gibt den ungeheuren Anderen
3701703477,es un codigo ISBN para el libro,Absturz ins Glück
3701703477,es un codigo ISBN de una edicion publicada por,Residenz
3701703477,está escrito en,Alemán
Alfred Kolleritsch,es autor de la obra,Absturz ins Glück
3701704619,es un codigo ISBN para el libro,Augenlust
3701704619,es un codigo ISBN de una edicion publicada por,Residenz Verlag
3701704619,está escrito en,Alemán
Alfred Kolleritsch,es autor de la obra,Augenlust
3854206445,es un codigo ISBN para el libro,Befreiung des Empfindens
3854206445,es un codigo ISBN de una edicion publicada por,Droschl
3854206445,está escrito en,Alemán
3854206585,es un codigo ISBN para el libro,Befreiung des Empfindens
3854206585,es un codigo ISBN de una edicion publicada por,Droschl
3854206585,está escrito en,Alemán
Alfred Kolleritsch,es autor de la obra,Befreiung des Empfindens
3701707286,es un codigo ISBN para el libro,Über das Kindsein
3701707286,es un codigo ISBN de una edicion publicada por,Residenz
3701707286,está escrito en,Alemán
Alfred Kolleritsch,es autor de la obra,Über das Kindsein
Über das Kindsein,pertenece al género,Children
3701709343,es un codigo ISBN para el libro,Der letzte Österreicher
3701709343,es un codigo ISBN de una edicion publicada por,Residenz
3701709343,está escrito en,Alemán
Alfred Kolleritsch,es autor de la obra,Der letzte Österreicher
3701710600,es un codigo ISBN para el libro,Die geretteten Köche
3701710600,es un codigo ISBN de una edicion publicada por,Residenz
3701710600,está escrito en,Alemán
Alfred Kolleritsch,es autor de la obra,Die geretteten Köche
3902144076,es un codigo ISBN para el libro,Die Summe der Tage
3902144076,es un codigo ISBN de una edicion publicada por,Jung und Jung
3902144076,está escrito en,Alemán
Alfred Kolleritsch,es autor de la obra,Die Summe der Tage
9783701712472,es un codigo ISBN para el libro,Die Verschwörung der Wörter. 70 ausgewählte Gedichte
9783701712472,es un codigo ISBN de una edicion publicada por,Residenz
3701712476,es un codigo ISBN para el libro,Die Verschwörung der Wörter. 70 ausgewählte Gedichte
3701712476,es un codigo ISBN de una edicion publicada por,Residenz
Alfred Kolleritsch,es autor de la obra,Die Verschwörung der Wörter. 70 ausgewählte Gedichte
3701701954,es un codigo ISBN para el libro,Einübung in das Vermeidbare
3701701954,es un codigo ISBN de una edicion publicada por,Residenz Verl
3701701954,es un codigo ISBN de una edicion publicada por,Residenz Verl.
3701701954,está escrito en,Alemán
Alfred Kolleritsch,es autor de la obra,Einübung in das Vermeidbare
3518380907,es un codigo ISBN para el libro,Gedichte
3518380907,es un codigo ISBN de una edicion publicada por,Suhrkamp
3518380907,está escrito en,Alemán
Alfred Kolleritsch,es autor de la obra,Gedichte
3701706921,es un codigo ISBN para el libro,Gegenwege
3701706921,es un codigo ISBN de una edicion publicada por,Residenz
3701706921,está escrito en,Alemán
Alfred Kolleritsch,es autor de la obra,Gegenwege
3701704074,es un codigo ISBN para el libro,Gespräche im Heilbad
3701704074,es un codigo ISBN de una edicion publicada por,Residenz Verlag
3701704074,está escrito en,Alemán
Alfred Kolleritsch,es autor de la obra,Gespräche im Heilbad
3854203063,es un codigo ISBN para el libro,Hemler der Vogel
3854203063,es un codigo ISBN de una edicion publicada por,Droschl
3854203063,está escrito en,Alemán
3854203055,es un codigo ISBN para el libro,Hemler der Vogel
3854203055,es un codigo ISBN de una edicion publicada por,Droschl
3854203055,está escrito en,Alemán
Alfred Kolleritsch,es autor de la obra,Hemler der Vogel
3701703035,es un codigo ISBN para el libro,Im Vorfeld der Augen
3701703035,es un codigo ISBN de una edicion publicada por,Residenz
3701703035,está escrito en,Alemán
Alfred Kolleritsch,es autor de la obra,Im Vorfeld der Augen
Im Vorfeld der Augen,pertenece al género,German poetry
Im Vorfeld der Augen,pertenece al género,Texts
Im Vorfeld der Augen,pertenece al género,German poetry -- 20th century -- Texts
3701711364,es un codigo ISBN para el libro,In den Tälern der Welt
3701711364,es un codigo ISBN de una edicion publicada por,Residenz
3701711364,está escrito en,Alemán
Alfred Kolleritsch,es autor de la obra,In den Tälern der Welt
3854205708,es un codigo ISBN para el libro,Marginalien und Widersprüche
3854205708,es un codigo ISBN de una edicion publicada por,Droschl
3854205708,está escrito en,Alemán
3854205694,es un codigo ISBN para el libro,Marginalien und Widersprüche
3854205694,es un codigo ISBN de una edicion publicada por,Droschl
3854205694,está escrito en,Alemán
Alfred Kolleritsch,es autor de la obra,Marginalien und Widersprüche
Marginalien und Widersprüche,pertenece al género,History and criticism
Marginalien und Widersprüche,pertenece al género,Literature
9781905700301,es un codigo ISBN para el libro,Selected Poems
9781905700301,es un codigo ISBN de una edicion publicada por,Shearsman Books
9781905700301,está escrito en,Inglés
190570030X,es un codigo ISBN para el libro,Selected Poems
190570030X,es un codigo ISBN de una edicion publicada por,Shearsman Books
190570030X,está escrito en,Inglés
Alfred Kolleritsch,es autor de la obra,Selected Poems
3854207050,es un codigo ISBN para el libro,Tröstliche Parallelen
3854207050,es un codigo ISBN de una edicion publicada por,Droschl
3854207050,está escrito en,Alemán
Alfred Kolleritsch,es autor de la obra,Tröstliche Parallelen
3701708126,es un codigo ISBN para el libro,"Zwei Wege, mehr nicht"
3701708126,es un codigo ISBN de una edicion publicada por,Residenz
3701708126,está escrito en,Alemán
Alfred Kolleritsch,es autor de la obra,"Zwei Wege, mehr nicht"
3701705712,es un codigo ISBN para el libro,Allemann
3701705712,es un codigo ISBN de una edicion publicada por,Residenz
3701705712,está escrito en,Alemán
157241068X,es un codigo ISBN para el libro,Allemann
157241068X,es un codigo ISBN de una edicion publicada por,Ariadne Press
157241068X,está escrito en,Inglés
Alfred Kolleritsch,es autor de la obra,Allemann
Allemann,pertenece al género,Fiction
Allemann,pertenece al género,National socialism
Allemann,pertenece al género,"Fiction, historical, general"
3701700121,es un codigo ISBN para el libro,Die grüne Seite
3701700121,es un codigo ISBN de una edicion publicada por,Residenz Verl.
3701700121,está escrito en,Alemán
385420566X,es un codigo ISBN para el libro,Die grüne Seite
385420566X,es un codigo ISBN de una edicion publicada por,Droschl
385420566X,está escrito en,Alemán
3701701121,es un codigo ISBN para el libro,Die grüne Seite
3701701121,es un codigo ISBN de una edicion publicada por,Residenz Verl.
3701701121,está escrito en,Alemán
Alfred Kolleritsch,es autor de la obra,Die grüne Seite
3423063416,es un codigo ISBN para el libro,Die Pfirsichtöter
3423063416,es un codigo ISBN de una edicion publicada por,Deutscher Taschenbuch Verlag
3423063416,está escrito en,Alemán
3854202024,es un codigo ISBN para el libro,Die Pfirsichtöter
3854202024,es un codigo ISBN de una edicion publicada por,Droschl
3854202024,está escrito en,Alemán
3701700370,es un codigo ISBN para el libro,Die Pfirsichtöter
3701700370,es un codigo ISBN de una edicion publicada por,Residenz Ver̄l
3701700370,está escrito en,Alemán
3701700370,es un codigo ISBN de una edicion publicada por,Salzburg: Residenz 1972.
3423054301,es un codigo ISBN para el libro,Die Pfirsichtöter
3423054301,es un codigo ISBN de una edicion publicada por,Deutscher Taschenbuch Verlag
3423054301,está escrito en,Alemán
3701700370,es un codigo ISBN de una edicion publicada por,Deutscher Taschenbuch Verlag
Alfred Kolleritsch,es autor de la obra,Die Pfirsichtöter
Jura Soyfer,es de nacionalidad,Austria
9783950266986,es un codigo ISBN para el libro,Ihr nennt uns Menschen? Wartet noch damit
9783950266986,es un codigo ISBN de una edicion publicada por,Globus Verlag
9783950266986,está escrito en,Alemán
Jura Soyfer,es autor de la obra,Ihr nennt uns Menschen? Wartet noch damit
Ihr nennt uns Menschen? Wartet noch damit,pertenece al género,Austrian literature
9667109011,es un codigo ISBN para el libro,Astorija ta inši istorii͏̈
9667109011,es un codigo ISBN de una edicion publicada por,"Vyd. Hazety ""Molodyj Bukovynecʹ"""
9667109011,está escrito en,ukr
Jura Soyfer,es autor de la obra,Astorija ta inši istorii͏̈
3631456662,es un codigo ISBN para el libro,Jura Soyfer und Theater
3631456662,es un codigo ISBN de una edicion publicada por,"Lang AG International Academic Publishers, Peter"
3631456662,es un codigo ISBN de una edicion publicada por,P. Lang
3631456662,está escrito en,Alemán
Jura Soyfer,es autor de la obra,Jura Soyfer und Theater
Jura Soyfer und Theater,pertenece al género,Sources
Jura Soyfer und Theater,pertenece al género,Stage history
Jura Soyfer und Theater,pertenece al género,"Actors, biography"
3203511940,es un codigo ISBN para el libro,Gesammelte Werke
3203511940,es un codigo ISBN de una edicion publicada por,Europaverlag
3203511940,está escrito en,Alemán
Jura Soyfer,es autor de la obra,Gesammelte Werke
3861102226,es un codigo ISBN para el libro,Jura Soyfer (1912-1939) zum Gedenken
3861102226,es un codigo ISBN de una edicion publicada por,Röhrig
3861102226,está escrito en,Alemán
Jura Soyfer,es autor de la obra,Jura Soyfer (1912-1939) zum Gedenken
Jura Soyfer (1912-1939) zum Gedenken,pertenece al género,Austrian Authors
Jura Soyfer (1912-1939) zum Gedenken,pertenece al género,Congresses
Jura Soyfer (1912-1939) zum Gedenken,pertenece al género,Biography
3853740081,es un codigo ISBN para el libro,Astoria : Der Lechner-Edi schaut ins Paradies
3853740081,es un codigo ISBN de una edicion publicada por,Edition Roetzer
3853740081,es un codigo ISBN de una edicion publicada por,Sessler
3853740081,está escrito en,Alemán
Jura Soyfer,es autor de la obra,Astoria : Der Lechner-Edi schaut ins Paradies
3853740081,es un codigo ISBN para el libro,Der Lechner-Edi schaut ins Paradies
3853740081,es un codigo ISBN de una edicion publicada por,Thomas Sessler Verlag
3853740081,es un codigo ISBN de una edicion publicada por,Wien: Sessler 1975. (Der Souffleur-Kasten)
Jura Soyfer,es autor de la obra,Der Lechner-Edi schaut ins Paradies
3203787504,es un codigo ISBN para el libro,Herrlichen Zeiten entgegen
3203787504,es un codigo ISBN de una edicion publicada por,Europaverlag
3203787504,está escrito en,Alemán
Jura Soyfer,es autor de la obra,Herrlichen Zeiten entgegen
0929497554,es un codigo ISBN para el libro,It's up to us!
0929497554,es un codigo ISBN de una edicion publicada por,Ariadne Press
0929497554,está escrito en,Inglés
Jura Soyfer,es autor de la obra,It's up to us!
It's up to us!,pertenece al género,Translations into English
It's up to us!,pertenece al género,English Translations
9783203508825,es un codigo ISBN para el libro,Jura Soyfer Prosa
9783203508825,es un codigo ISBN de una edicion publicada por,Europa Verlag GmbH
9783203508825,está escrito en,Alemán
3203508826,es un codigo ISBN para el libro,Jura Soyfer Prosa
3203508826,es un codigo ISBN de una edicion publicada por,Europa Verlag GmbH
3203508826,está escrito en,Alemán
Jura Soyfer,es autor de la obra,Jura Soyfer Prosa
0919830072,es un codigo ISBN para el libro,"The legacy of Jura Soyfer, 1912-1939"
0919830072,es un codigo ISBN de una edicion publicada por,Engendra Press
0919830072,está escrito en,Inglés
0919830072,está escrito en,Alemán
Jura Soyfer,es autor de la obra,"The legacy of Jura Soyfer, 1912-1939"
"The legacy of Jura Soyfer, 1912-1939",pertenece al género,Translations into English
3851151402,es un codigo ISBN para el libro,Sturmzeit
3851151402,es un codigo ISBN de una edicion publicada por,Verlag für Gesellschaftskritik
3851151402,está escrito en,Alemán
Jura Soyfer,es autor de la obra,Sturmzeit
Sturmzeit,pertenece al género,Austrian Authors
Sturmzeit,pertenece al género,"Authors, Austrian"
Sturmzeit,pertenece al género,Correspondence
9783216306616,es un codigo ISBN para el libro,Sturmzeit. Briefe 1931 - 1939. Werkausgabe 4
9783216306616,es un codigo ISBN de una edicion publicada por,"Deuticke, Verlagsgesellschaft mbH Franz"
3216306615,es un codigo ISBN para el libro,Sturmzeit. Briefe 1931 - 1939. Werkausgabe 4
3216306615,es un codigo ISBN de una edicion publicada por,"Deuticke, Verlagsgesellschaft mbH Franz"
Jura Soyfer,es autor de la obra,Sturmzeit. Briefe 1931 - 1939. Werkausgabe 4
9783216306432,es un codigo ISBN para el libro,Werkausgabe
9783216306432,es un codigo ISBN de una edicion publicada por,"Deuticke, Verlagsgesellschaft mbH Franz"
3216306437,es un codigo ISBN para el libro,Werkausgabe
3216306437,es un codigo ISBN de una edicion publicada por,"Deuticke, Verlagsgesellschaft mbH Franz"
Jura Soyfer,es autor de la obra,Werkausgabe
3216306585,es un codigo ISBN para el libro,Zwischenrufe links. Werkausgabe 1
3216306585,es un codigo ISBN de una edicion publicada por,"Deuticke, Verlagsgesellschaft mbH Franz"
9783216306586,es un codigo ISBN para el libro,Zwischenrufe links. Werkausgabe 1
9783216306586,es un codigo ISBN de una edicion publicada por,"Deuticke, Verlagsgesellschaft mbH Franz"
Jura Soyfer,es autor de la obra,Zwischenrufe links. Werkausgabe 1
3203507412,es un codigo ISBN para el libro,Das Gesamtwerk
3203507412,es un codigo ISBN de una edicion publicada por,Europaverlag
3203507412,está escrito en,Alemán
Jura Soyfer,es autor de la obra,Das Gesamtwerk
Peter Turrini,es de nacionalidad,Austria
Peter Turrini,es autor de la obra,"Gedichte, die glücklich machen"
9783709978740,es un codigo ISBN para el libro,Sieben Sekunden Ewigkeit
9783709978740,es un codigo ISBN de una edicion publicada por,Haymon Taschenbuch
9783709978740,está escrito en,Alemán
3709978742,es un codigo ISBN para el libro,Sieben Sekunden Ewigkeit
3709978742,es un codigo ISBN de una edicion publicada por,Haymon Taschenbuch
3709978742,está escrito en,Alemán
9783709937709,es un codigo ISBN para el libro,Sieben Sekunden Ewigkeit
9783709937709,es un codigo ISBN de una edicion publicada por,Haymon Taschenbuch
9783709937709,está escrito en,Alemán
Peter Turrini,es autor de la obra,Sieben Sekunden Ewigkeit
9783800077199,es un codigo ISBN para el libro,"Zwei Lebenswege, eine Debatte"
9783800077199,es un codigo ISBN de una edicion publicada por,Ueberreuter
9783800077199,está escrito en,Alemán
3800077191,es un codigo ISBN para el libro,"Zwei Lebenswege, eine Debatte"
3800077191,es un codigo ISBN de una edicion publicada por,Ueberreuter
3800077191,está escrito en,Alemán
Peter Turrini,es autor de la obra,"Zwei Lebenswege, eine Debatte"
"Zwei Lebenswege, eine Debatte",pertenece al género,Interviews
"Zwei Lebenswege, eine Debatte",pertenece al género,Austrian Authors
"Zwei Lebenswege, eine Debatte",pertenece al género,Politicians
9783709978979,es un codigo ISBN para el libro,Fremdenzimmer
9783709978979,es un codigo ISBN de una edicion publicada por,Haymon Taschenbuch
9783709978979,está escrito en,Alemán
3709978971,es un codigo ISBN para el libro,Fremdenzimmer
3709978971,es un codigo ISBN de una edicion publicada por,Haymon Taschenbuch
3709978971,está escrito en,Alemán
Peter Turrini,es autor de la obra,Fremdenzimmer
3518429027,es un codigo ISBN para el libro,Schuberts Reise nach Atzenbrugg
3518429027,es un codigo ISBN de una edicion publicada por,Suhrkamp
3518429027,está escrito en,Alemán
9783518429020,es un codigo ISBN para el libro,Schuberts Reise nach Atzenbrugg
9783518429020,es un codigo ISBN de una edicion publicada por,Suhrkamp
9783518429020,está escrito en,Alemán
Peter Turrini,es autor de la obra,Schuberts Reise nach Atzenbrugg
Schuberts Reise nach Atzenbrugg,pertenece al género,Drama
Schuberts Reise nach Atzenbrugg,pertenece al género,Travel
Schuberts Reise nach Atzenbrugg,pertenece al género,Relations with women
9783709979303,es un codigo ISBN para el libro,Gemeinsam ist Alzheimer schöner
9783709979303,es un codigo ISBN de una edicion publicada por,Haymon
9783709979303,está escrito en,Alemán
3709979307,es un codigo ISBN para el libro,Gemeinsam ist Alzheimer schöner
3709979307,es un codigo ISBN de una edicion publicada por,Haymon
3709979307,está escrito en,Alemán
Peter Turrini,es autor de la obra,Gemeinsam ist Alzheimer schöner
Gemeinsam ist Alzheimer schöner,pertenece al género,Alzheimer's disease
Gemeinsam ist Alzheimer schöner,pertenece al género,Drama
9783518459669,es un codigo ISBN para el libro,Mein Nestroy
9783518459669,es un codigo ISBN de una edicion publicada por,Suhrkamp
9783518459669,es un codigo ISBN de una edicion publicada por,Suhrkamp Verlag
9783518459669,está escrito en,Alemán
351845966X,es un codigo ISBN para el libro,Mein Nestroy
351845966X,es un codigo ISBN de una edicion publicada por,Suhrkamp
351845966X,es un codigo ISBN de una edicion publicada por,Suhrkamp Verlag
351845966X,está escrito en,Alemán
Peter Turrini,es autor de la obra,Mein Nestroy
Mein Nestroy,pertenece al género,Drama
Mein Nestroy,pertenece al género,Identity (Psychology)
9783518458846,es un codigo ISBN para el libro,Bei Einbruch der Dunkelheit ; Die Bürger ; Gott im Wienerwald
9783518458846,es un codigo ISBN de una edicion publicada por,Suhrkamp
9783518458846,está escrito en,Alemán
Peter Turrini,es autor de la obra,Bei Einbruch der Dunkelheit ; Die Bürger ; Gott im Wienerwald
3518457829,es un codigo ISBN para el libro,"Die Eröffnung, Endlich Schluss, Kindsmord"
3518457829,es un codigo ISBN de una edicion publicada por,Suhrkamp
3518457829,está escrito en,Alemán
Peter Turrini,es autor de la obra,"Die Eröffnung, Endlich Schluss, Kindsmord"
3899290119,es un codigo ISBN para el libro,Tübingen ade?
3899290119,es un codigo ISBN de una edicion publicada por,Swiridoff
3899290119,está escrito en,Alemán
Peter Turrini,es autor de la obra,Tübingen ade?
Tübingen ade?,pertenece al género,German drama
Tübingen ade?,pertenece al género,Würth-Literatur-Preis
9783518398890,es un codigo ISBN para el libro,Ein paar Schritte zurück
9783518398890,es un codigo ISBN de una edicion publicada por,Suhrkamp
9783518398890,está escrito en,Alemán
351839889X,es un codigo ISBN para el libro,Ein paar Schritte zurück
351839889X,es un codigo ISBN de una edicion publicada por,Suhrkamp
351839889X,está escrito en,Alemán
Peter Turrini,es autor de la obra,Ein paar Schritte zurück
9783902819406,es un codigo ISBN para el libro,Peter Turrini im Gespräch mit Werner Krause und Gerhard Melzer
9783902819406,es un codigo ISBN de una edicion publicada por,Edition Kleine Zeitung
9783902819406,está escrito en,Alemán
Peter Turrini,es autor de la obra,Peter Turrini im Gespräch mit Werner Krause und Gerhard Melzer
Peter Turrini im Gespräch mit Werner Krause und Gerhard Melzer,pertenece al género,Interviews
Peter Turrini im Gespräch mit Werner Krause und Gerhard Melzer,pertenece al género,Austrian Authors
9783708404615,es un codigo ISBN para el libro,Matthias Kralj
9783708404615,es un codigo ISBN de una edicion publicada por,Heyn
9783708404615,está escrito en,Alemán
Peter Turrini,es autor de la obra,Matthias Kralj
Matthias Kralj,pertenece al género,Catalogs
3518462571,es un codigo ISBN para el libro,Die Minderleister
3518462571,es un codigo ISBN de una edicion publicada por,Suhrkamp
3518462571,está escrito en,Alemán
9783518462577,es un codigo ISBN para el libro,Die Minderleister
9783518462577,es un codigo ISBN de una edicion publicada por,Suhrkamp
9783518462577,está escrito en,Alemán
Peter Turrini,es autor de la obra,Die Minderleister
9783630870434,es un codigo ISBN para el libro,Ein irrer Traum
9783630870434,es un codigo ISBN de una edicion publicada por,"Luchterhand Literaturverlag, Muenchen"
3630870430,es un codigo ISBN para el libro,Ein irrer Traum
3630870430,es un codigo ISBN de una edicion publicada por,"Luchterhand Literaturverlag, Muenchen"
Peter Turrini,es autor de la obra,Ein irrer Traum
370265853X,es un codigo ISBN para el libro,Manchmal ist ein Fasan eine Ente
370265853X,es un codigo ISBN de una edicion publicada por,Jungbrunnen Verlag
9783702658533,es un codigo ISBN para el libro,Manchmal ist ein Fasan eine Ente
9783702658533,es un codigo ISBN de una edicion publicada por,Jungbrunnen Verlag
Peter Turrini,es autor de la obra,Manchmal ist ein Fasan eine Ente
385002895X,es un codigo ISBN para el libro,C'est la vie - Ein Lebens-Lauf
385002895X,es un codigo ISBN de una edicion publicada por,Amalthea Verlag
9783850028950,es un codigo ISBN para el libro,C'est la vie - Ein Lebens-Lauf
9783850028950,es un codigo ISBN de una edicion publicada por,Amalthea Verlag
Peter Turrini,es autor de la obra,C'est la vie - Ein Lebens-Lauf
C'est la vie - Ein Lebens-Lauf,pertenece al género,Austrian Authors
C'est la vie - Ein Lebens-Lauf,pertenece al género,Biography
9783630870458,es un codigo ISBN para el libro,Lesebuch
9783630870458,es un codigo ISBN de una edicion publicada por,"Luchterhand Literaturverlag, Muenchen"
9783630870458,está escrito en,Alemán
3630870457,es un codigo ISBN para el libro,Lesebuch
3630870457,es un codigo ISBN de una edicion publicada por,"Luchterhand Literaturverlag, Muenchen"
3630870457,está escrito en,Alemán
3362004393,es un codigo ISBN para el libro,Lesebuch
3362004393,es un codigo ISBN de una edicion publicada por,Henschelverlag
3362004393,está escrito en,Alemán
3630870457,es un codigo ISBN de una edicion publicada por,Luchterhand
3630870449,es un codigo ISBN para el libro,Lesebuch
3630870449,es un codigo ISBN de una edicion publicada por,Luchterhand
3630870449,está escrito en,Alemán
9783630870441,es un codigo ISBN para el libro,Lesebuch
9783630870441,es un codigo ISBN de una edicion publicada por,Luchterhand
9783630870441,está escrito en,Alemán
Peter Turrini,es autor de la obra,Lesebuch
3852190126,es un codigo ISBN para el libro,Literatalk
3852190126,es un codigo ISBN de una edicion publicada por,Albatros
3852190126,está escrito en,Alemán
Peter Turrini,es autor de la obra,Literatalk
Literatalk,pertenece al género,Austrian literature
Literatalk,pertenece al género,History and criticism
Literatalk,pertenece al género,Austrian Authors
9783701730582,es un codigo ISBN para el libro,Peter Turrini
9783701730582,es un codigo ISBN de una edicion publicada por,Residenz Verlag Ges. mbH
9783701730582,está escrito en,Alemán
9783701730582,es un codigo ISBN de una edicion publicada por,Residenz
370173058X,es un codigo ISBN para el libro,Peter Turrini
370173058X,es un codigo ISBN de una edicion publicada por,Residenz
370173058X,está escrito en,Alemán
Peter Turrini,es autor de la obra,Peter Turrini
Peter Turrini,pertenece al género,Criticism and interpretation
Peter Turrini,pertenece al género,German Literature
Peter Turrini,pertenece al género,OUR Brockhaus selection
3630867995,es un codigo ISBN para el libro,Alpenglühen
3630867995,es un codigo ISBN de una edicion publicada por,Luchterhand Literaturverlag
3630867995,está escrito en,Alemán
Peter Turrini,es autor de la obra,Alpenglühen
0929497953,es un codigo ISBN para el libro,Alpine glow
0929497953,es un codigo ISBN de una edicion publicada por,Ariadne Press
0929497953,está escrito en,Inglés
Peter Turrini,es autor de la obra,Alpine glow
3518134299,es un codigo ISBN para el libro,Da Ponte in Santa Fe. Stück und Materialien
3518134299,es un codigo ISBN de una edicion publicada por,Suhrkamp
9783518134290,es un codigo ISBN para el libro,Da Ponte in Santa Fe. Stück und Materialien
9783518134290,es un codigo ISBN de una edicion publicada por,Suhrkamp
Peter Turrini,es autor de la obra,Da Ponte in Santa Fe. Stück und Materialien
Da Ponte in Santa Fe. Stück und Materialien,pertenece al género,Drama
3518134264,es un codigo ISBN para el libro,Der Riese vom Steinfeld
3518134264,es un codigo ISBN de una edicion publicada por,Suhrkamp
3518134264,está escrito en,Alemán
Peter Turrini,es autor de la obra,Der Riese vom Steinfeld
3880100039,es un codigo ISBN para el libro,Der tollste Tag
3880100039,es un codigo ISBN de una edicion publicada por,Georg Lentz
3880100039,está escrito en,Alemán
Peter Turrini,es autor de la obra,Der tollste Tag
3518455265,es un codigo ISBN para el libro,Der tollste Tag ; Die Wirtin ; Campiello
3518455265,es un codigo ISBN de una edicion publicada por,Suhrkamp
3518455265,está escrito en,Alemán
Peter Turrini,es autor de la obra,Der tollste Tag ; Die Wirtin ; Campiello
3630869831,es un codigo ISBN para el libro,Die Liebe in Madagaskar
3630869831,es un codigo ISBN de una edicion publicada por,Luchterhand
3630869831,está escrito en,Alemán
Peter Turrini,es autor de la obra,Die Liebe in Madagaskar
3630869084,es un codigo ISBN para el libro,Die Schlacht um Wien
3630869084,es un codigo ISBN de una edicion publicada por,Luchterhand
3630869084,está escrito en,Alemán
Peter Turrini,es autor de la obra,Die Schlacht um Wien
3630869785,es un codigo ISBN para el libro,Die Verhaftung des Johann Nepomuk Nestroy
3630869785,es un codigo ISBN de una edicion publicada por,Luchterhand
3630869785,está escrito en,Alemán
Peter Turrini,es autor de la obra,Die Verhaftung des Johann Nepomuk Nestroy
Die Verhaftung des Johann Nepomuk Nestroy,pertenece al género,Fiction
3518134124,es un codigo ISBN para el libro,"Edition Suhrkamp, Band 3412: Ich liebe dieses Land"
3518134124,es un codigo ISBN de una edicion publicada por,Suhrkamp Verlag
3518134124,está escrito en,Alemán
Peter Turrini,es autor de la obra,"Edition Suhrkamp, Band 3412: Ich liebe dieses Land"
"Edition Suhrkamp, Band 3412: Ich liebe dieses Land",pertenece al género,OUR Brockhaus selection
Alfred Polgar,es de nacionalidad,Austria
Konrad Bayer,es de nacionalidad,Austria
8876941312,es un codigo ISBN para el libro,La testa di Vitus Bering
8876941312,es un codigo ISBN de una edicion publicada por,Edizioni dell'orso
8876941312,está escrito en,Italiano
Konrad Bayer,es autor de la obra,La testa di Vitus Bering
La testa di Vitus Bering,pertenece al género,Fiction
3499250764,es un codigo ISBN para el libro,Das Gesamtwerk
3499250764,es un codigo ISBN de una edicion publicada por,Rowohlt
3499250764,está escrito en,Alemán
Konrad Bayer,es autor de la obra,Das Gesamtwerk
0909229180,es un codigo ISBN para el libro,The head of Vitus Bering
0909229180,es un codigo ISBN de una edicion publicada por,Rigmarole of the Hours
0909229180,está escrito en,Inglés
Konrad Bayer,es autor de la obra,The head of Vitus Bering
9780947757830,es un codigo ISBN para el libro,The Head of Vitus Bering (Printed Head Series)
9780947757830,es un codigo ISBN de una edicion publicada por,Serpent's Tail
9780947757830,está escrito en,Inglés
094775783X,es un codigo ISBN para el libro,The Head of Vitus Bering (Printed Head Series)
094775783X,es un codigo ISBN de una edicion publicada por,Serpent's Tail
094775783X,está escrito en,Inglés
Konrad Bayer,es autor de la obra,The Head of Vitus Bering (Printed Head Series)
The Head of Vitus Bering (Printed Head Series),pertenece al género,"Fiction, general"
0947757066,es un codigo ISBN para el libro,Selected works of Konrad Bayer
0947757066,es un codigo ISBN de una edicion publicada por,Atlas
0947757066,está escrito en,Inglés
Konrad Bayer,es autor de la obra,Selected works of Konrad Bayer
Selected works of Konrad Bayer,pertenece al género,"Literature, collections"
9780947757069,es un codigo ISBN para el libro,Selected Works of Konrad Bayers
9780947757069,es un codigo ISBN de una edicion publicada por,Serpent's Tail
9780947757069,está escrito en,Inglés
0947757066,es un codigo ISBN para el libro,Selected Works of Konrad Bayers
0947757066,es un codigo ISBN de una edicion publicada por,Serpent's Tail
Konrad Bayer,es autor de la obra,Selected Works of Konrad Bayers
1900565412,es un codigo ISBN para el libro,The sixth sense
1900565412,es un codigo ISBN de una edicion publicada por,Atlas Press
1900565412,está escrito en,Inglés
9781900565417,es un codigo ISBN para el libro,The sixth sense
9781900565417,es un codigo ISBN de una edicion publicada por,Atlas Press
9781900565417,está escrito en,Inglés
Konrad Bayer,es autor de la obra,The sixth sense
The sixth sense,pertenece al género,Germanic literature
3608953213,es un codigo ISBN para el libro,Sämtliche Werke
3608953213,es un codigo ISBN de una edicion publicada por,Klett-Cotta
3608953213,está escrito en,Alemán
Konrad Bayer,es autor de la obra,Sämtliche Werke
Sämtliche Werke,pertenece al género,Philosophy
3886611256,es un codigo ISBN para el libro,Theatertexte
3886611256,es un codigo ISBN de una edicion publicada por,Verlag der Autoren
3886611256,está escrito en,Alemán
Konrad Bayer,es autor de la obra,Theatertexte
3216300501,es un codigo ISBN para el libro,Der sechste Sinn
3216300501,es un codigo ISBN de una edicion publicada por,Deuticke
3216300501,está escrito en,Alemán
Konrad Bayer,es autor de la obra,Der sechste Sinn
Johann Lafer,es de nacionalidad,Austria
9783767004085,es un codigo ISBN para el libro,Werkstatt Küche
9783767004085,es un codigo ISBN de una edicion publicada por,Ceres-Verl.
9783767004085,está escrito en,Alemán
3767004089,es un codigo ISBN para el libro,Werkstatt Küche
3767004089,es un codigo ISBN de una edicion publicada por,Ceres-Verl.
3767004089,está escrito en,Alemán
Johann Lafer,es autor de la obra,Werkstatt Küche
Werkstatt Küche,pertenece al género,Kochen
Werkstatt Küche,pertenece al género,Kochbuch
9783806819700,es un codigo ISBN para el libro,Meisterhaft gewürzt im Handumdrehen
9783806819700,es un codigo ISBN de una edicion publicada por,Falken
9783806819700,está escrito en,Alemán
3806817715,es un codigo ISBN para el libro,Meisterhaft gewürzt im Handumdrehen
3806817715,es un codigo ISBN de una edicion publicada por,Falken
3806817715,está escrito en,Alemán
9783806817713,es un codigo ISBN para el libro,Meisterhaft gewürzt im Handumdrehen
9783806817713,es un codigo ISBN de una edicion publicada por,Falken
9783806817713,está escrito en,Alemán
380681970X,es un codigo ISBN para el libro,Meisterhaft gewürzt im Handumdrehen
380681970X,es un codigo ISBN de una edicion publicada por,Falken
380681970X,está escrito en,Alemán
Johann Lafer,es autor de la obra,Meisterhaft gewürzt im Handumdrehen
Meisterhaft gewürzt im Handumdrehen,pertenece al género,Gewürz
Meisterhaft gewürzt im Handumdrehen,pertenece al género,Kochbuch
9783806848489,es un codigo ISBN para el libro,Johann Lafer kocht
9783806848489,es un codigo ISBN de una edicion publicada por,FALKEN
Johann Lafer,es autor de la obra,Johann Lafer kocht
3809416665,es un codigo ISBN para el libro,Rezepte
3809416665,es un codigo ISBN de una edicion publicada por,Bassermann
3809416665,está escrito en,Alemán
9783809416661,es un codigo ISBN para el libro,Rezepte
9783809416661,es un codigo ISBN de una edicion publicada por,Bassermann
9783809416661,está escrito en,Alemán
Johann Lafer,es autor de la obra,Rezepte
Rezepte,pertenece al género,Kochbuch
3898832678,es un codigo ISBN para el libro,Der neue Lafer! Lichter! Lecker!
3898832678,es un codigo ISBN de una edicion publicada por,Zabert Sandmann
3898832678,está escrito en,Alemán
9783898832670,es un codigo ISBN para el libro,Der neue Lafer! Lichter! Lecker!
9783898832670,es un codigo ISBN de una edicion publicada por,Zabert Sandmann
9783898832670,está escrito en,Alemán
Johann Lafer,es autor de la obra,Der neue Lafer! Lichter! Lecker!
Der neue Lafer! Lichter! Lecker!,pertenece al género,Kochbuch
382891067X,es un codigo ISBN para el libro,Asien. Die neue große Schule
382891067X,es un codigo ISBN de una edicion publicada por,Verlag Zabert Sandmann
9783828910676,es un codigo ISBN para el libro,Asien. Die neue große Schule
9783828910676,es un codigo ISBN de una edicion publicada por,Verlag Zabert Sandmann
Johann Lafer,es autor de la obra,Asien. Die neue große Schule
380942479X,es un codigo ISBN para el libro,Himmlische Sterneküche
380942479X,es un codigo ISBN de una edicion publicada por,Bassermann Verlag
9783809424796,es un codigo ISBN para el libro,Himmlische Sterneküche
9783809424796,es un codigo ISBN de una edicion publicada por,Bassermann Verlag
Johann Lafer,es autor de la obra,Himmlische Sterneküche
9783625109556,es un codigo ISBN para el libro,Johann Lafers frische regionale Küche
9783625109556,es un codigo ISBN de una edicion publicada por,Naumann & Göbel
9783625109556,está escrito en,Alemán
3625109557,es un codigo ISBN para el libro,Johann Lafers frische regionale Küche
3625109557,es un codigo ISBN de una edicion publicada por,Naumann & Göbel
3625109557,está escrito en,Alemán
Johann Lafer,es autor de la obra,Johann Lafers frische regionale Küche
9782012367173,es un codigo ISBN para el libro,Desserts
9782012367173,es un codigo ISBN de una edicion publicada por,Hachette Pratique
2012367178,es un codigo ISBN para el libro,Desserts
2012367178,es un codigo ISBN de una edicion publicada por,Hachette Pratique
Johann Lafer,es autor de la obra,Desserts
9783806874013,es un codigo ISBN para el libro,Desserts die mein Leben begleiten
9783806874013,es un codigo ISBN de una edicion publicada por,Falken
3806874018,es un codigo ISBN para el libro,Desserts die mein Leben begleiten
3806874018,es un codigo ISBN de una edicion publicada por,Falken
Johann Lafer,es autor de la obra,Desserts die mein Leben begleiten
Desserts die mein Leben begleiten,pertenece al género,Desserts
Desserts die mein Leben begleiten,pertenece al género,Austrian Cooking
3806874018,es un codigo ISBN para el libro,"Desserts die mein Leben begleiten / Johann Lafer ; [Redaktion, Tanja Schindler ; Fotos, Michael Wissing]"
3806874018,está escrito en,Alemán
Johann Lafer,es autor de la obra,"Desserts die mein Leben begleiten / Johann Lafer ; [Redaktion, Tanja Schindler ; Fotos, Michael Wissing]"
"Desserts die mein Leben begleiten / Johann Lafer ; [Redaktion, Tanja Schindler ; Fotos, Michael Wissing]",pertenece al género,Austrian Cookery
"Desserts die mein Leben begleiten / Johann Lafer ; [Redaktion, Tanja Schindler ; Fotos, Michael Wissing]",pertenece al género,Desserts
9783625109600,es un codigo ISBN para el libro,Frische moderne Küche. essen und trinken. Genießen auf gut deutsch
9783625109600,es un codigo ISBN de una edicion publicada por,Naumann & Göbel
3625109603,es un codigo ISBN para el libro,Frische moderne Küche. essen und trinken. Genießen auf gut deutsch
3625109603,es un codigo ISBN de una edicion publicada por,Naumann & Göbel
Johann Lafer,es autor de la obra,Frische moderne Küche. essen und trinken. Genießen auf gut deutsch
9783625109938,es un codigo ISBN para el libro,Genuss auf Italienisch. essen und trinken. Johann Lafers Culinarium
9783625109938,es un codigo ISBN de una edicion publicada por,Naumann & Göbel
362510993X,es un codigo ISBN para el libro,Genuss auf Italienisch. essen und trinken. Johann Lafers Culinarium
362510993X,es un codigo ISBN de una edicion publicada por,Naumann & Göbel
Johann Lafer,es autor de la obra,Genuss auf Italienisch. essen und trinken. Johann Lafers Culinarium
3806875871,es un codigo ISBN para el libro,Himmel un Erd. Kochen mit Johann Lafer. Die besten Rezepte aus der TV-Sendung
3806875871,es un codigo ISBN de una edicion publicada por,Falken
9783806875874,es un codigo ISBN para el libro,Himmel un Erd. Kochen mit Johann Lafer. Die besten Rezepte aus der TV-Sendung
9783806875874,es un codigo ISBN de una edicion publicada por,Falken
Johann Lafer,es autor de la obra,Himmel un Erd. Kochen mit Johann Lafer. Die besten Rezepte aus der TV-Sendung
9783806875294,es un codigo ISBN para el libro,Johann Lafer kocht. Die neuen Rezepte aus der TV-Küche
9783806875294,es un codigo ISBN de una edicion publicada por,Falken
3806875294,es un codigo ISBN para el libro,Johann Lafer kocht. Die neuen Rezepte aus der TV-Küche
3806875294,es un codigo ISBN de una edicion publicada por,Falken
Johann Lafer,es autor de la obra,Johann Lafer kocht. Die neuen Rezepte aus der TV-Küche
3625109751,es un codigo ISBN para el libro,Johann Lafer kocht Leibgerichte. essen und trinken. Genießen auf gut deutsch
3625109751,es un codigo ISBN de una edicion publicada por,Naumann & Göbel
9783625109754,es un codigo ISBN para el libro,Johann Lafer kocht Leibgerichte. essen und trinken. Genießen auf gut deutsch
9783625109754,es un codigo ISBN de una edicion publicada por,Naumann & Göbel
Johann Lafer,es autor de la obra,Johann Lafer kocht Leibgerichte. essen und trinken. Genießen auf gut deutsch
3625109662,es un codigo ISBN para el libro,"Johann Lafers Frische, feine Küche. essen und trinken. Genießen auf gut deutsch"
3625109662,es un codigo ISBN de una edicion publicada por,Naumann & Göbel
9783625109662,es un codigo ISBN para el libro,"Johann Lafers Frische, feine Küche. essen und trinken. Genießen auf gut deutsch"
9783625109662,es un codigo ISBN de una edicion publicada por,Naumann & Göbel
Johann Lafer,es autor de la obra,"Johann Lafers Frische, feine Küche. essen und trinken. Genießen auf gut deutsch"
3806876169,es un codigo ISBN para el libro,Johann Lafers frische Saisonküche. Raffinierte Rezepte mit dem Zauberstab
3806876169,es un codigo ISBN de una edicion publicada por,Falken
9783806876161,es un codigo ISBN para el libro,Johann Lafers frische Saisonküche. Raffinierte Rezepte mit dem Zauberstab
9783806876161,es un codigo ISBN de una edicion publicada por,Falken
Johann Lafer,es autor de la obra,Johann Lafers frische Saisonküche. Raffinierte Rezepte mit dem Zauberstab
3806873720,es un codigo ISBN para el libro,Johann Lafers Kochschule
3806873720,es un codigo ISBN de una edicion publicada por,Falken
3806873720,está escrito en,Alemán
9783806873726,es un codigo ISBN para el libro,Johann Lafers Kochschule
9783806873726,es un codigo ISBN de una edicion publicada por,Falken
9783806873726,está escrito en,Alemán
Johann Lafer,es autor de la obra,Johann Lafers Kochschule
3809410985,es un codigo ISBN para el libro,Kochen mit Johann Lafer
3809410985,es un codigo ISBN de una edicion publicada por,Bassermann
3809410985,está escrito en,Alemán
9783809410980,es un codigo ISBN para el libro,Kochen mit Johann Lafer
9783809410980,es un codigo ISBN de una edicion publicada por,Bassermann
9783809410980,está escrito en,Alemán
Johann Lafer,es autor de la obra,Kochen mit Johann Lafer
Gerhard Bronner,es de nacionalidad,Austria
3851670256,es un codigo ISBN para el libro,Im Guglhupf
3851670256,es un codigo ISBN de una edicion publicada por,Edition Va bene
3851670256,está escrito en,Alemán
Gerhard Bronner,es autor de la obra,Im Guglhupf
9783443640729,es un codigo ISBN para el libro,"Vegetation and Land Use in the Math.ews Range Area, Samburu-District, Kenya"
9783443640729,es un codigo ISBN de una edicion publicada por,"Gebruder Borntraeger Verlagsbuchhandlung, Science Publishers"
9783443640729,está escrito en,Inglés
Gerhard Bronner,es autor de la obra,"Vegetation and Land Use in the Math.ews Range Area, Samburu-District, Kenya"
"Vegetation and Land Use in the Math.ews Range Area, Samburu-District, Kenya",pertenece al género,"Botany, africa"
"Vegetation and Land Use in the Math.ews Range Area, Samburu-District, Kenya",pertenece al género,"Dissertations, academic"
"Vegetation and Land Use in the Math.ews Range Area, Samburu-District, Kenya",pertenece al género,"Botany, study and teaching"
3421058121,es un codigo ISBN para el libro,Spiegel vorm Gesicht
3421058121,es un codigo ISBN de una edicion publicada por,Deutsche Verlags-Anstalt
3421058121,está escrito en,Alemán
Gerhard Bronner,es autor de la obra,Spiegel vorm Gesicht
Spiegel vorm Gesicht,pertenece al género,Jews
Spiegel vorm Gesicht,pertenece al género,Biography
Spiegel vorm Gesicht,pertenece al género,Entertainers
9783900277161,es un codigo ISBN para el libro,Kein Blattl vor'm Mund Ein ungeschriebenes Buch
9783900277161,es un codigo ISBN de una edicion publicada por,Astor Verlag
3900277168,es un codigo ISBN para el libro,Kein Blattl vor'm Mund Ein ungeschriebenes Buch
3900277168,es un codigo ISBN de una edicion publicada por,Astor Verlag
Gerhard Bronner,es autor de la obra,Kein Blattl vor'm Mund Ein ungeschriebenes Buch
3854451156,es un codigo ISBN para el libro,Die goldene Zeit des Wiener Cabarets
3854451156,es un codigo ISBN de una edicion publicada por,Hannibal
3854451156,está escrito en,Alemán
Gerhard Bronner,es autor de la obra,Die goldene Zeit des Wiener Cabarets
Die goldene Zeit des Wiener Cabarets,pertenece al género,Austrian Satire
Die goldene Zeit des Wiener Cabarets,pertenece al género,History
Die goldene Zeit des Wiener Cabarets,pertenece al género,"Music-halls (Variety-theaters, cabarets, etc.)"
3850024393,es un codigo ISBN para el libro,Tränen gelacht
3850024393,es un codigo ISBN de una edicion publicada por,Amalthea
3850024393,está escrito en,Alemán
Gerhard Bronner,es autor de la obra,Tränen gelacht
Tränen gelacht,pertenece al género,Jewish wit and humor
Tränen gelacht,pertenece al género,Jews
Tränen gelacht,pertenece al género,Anecdotes
André Gorz,es de nacionalidad,Austria
9788535930979,es un codigo ISBN para el libro,Brief an D.
9788535930979,es un codigo ISBN de una edicion publicada por,Companhia das Letras
9788535930979,está escrito en,Portugués
9789606691263,es un codigo ISBN para el libro,Brief an D.
9789606691263,es un codigo ISBN de una edicion publicada por,Potamos
9789606691263,está escrito en,Griego
9788449324789,es un codigo ISBN para el libro,Brief an D.
9788449324789,es un codigo ISBN de una edicion publicada por,Ediciones Paidós
8449324785,es un codigo ISBN para el libro,Brief an D.
8449324785,es un codigo ISBN de una edicion publicada por,Ediciones Paidós
8417743340,es un codigo ISBN para el libro,Brief an D.
8417743340,es un codigo ISBN de una edicion publicada por,Atico de los Libros
9788417743345,es un codigo ISBN para el libro,Brief an D.
9788417743345,es un codigo ISBN de una edicion publicada por,Atico de los Libros
8408005065,es un codigo ISBN para el libro,Brief an D.
8408005065,es un codigo ISBN de una edicion publicada por,Booket
9788408005063,es un codigo ISBN para el libro,Brief an D.
9788408005063,es un codigo ISBN de una edicion publicada por,Booket
9780745680903,es un codigo ISBN para el libro,Brief an D.
9780745680903,es un codigo ISBN de una edicion publicada por,Polity Press
9780745680903,está escrito en,Inglés
9780745659862,es un codigo ISBN para el libro,Brief an D.
9780745659862,es un codigo ISBN de una edicion publicada por,Polity Press
9780745659862,está escrito en,Inglés
9781119740742,es un codigo ISBN para el libro,Brief an D.
9781119740742,es un codigo ISBN de una edicion publicada por,Polity Press
9781119740742,está escrito en,Inglés
9781509543977,es un codigo ISBN para el libro,Brief an D.
9781509543977,es un codigo ISBN de una edicion publicada por,Polity
9781509543977,es un codigo ISBN de una edicion publicada por,Polity Press
9781509543977,está escrito en,Inglés
9780732287740,es un codigo ISBN para el libro,Brief an D.
9780732287740,es un codigo ISBN de una edicion publicada por,HarperCollins Publishers Australia
9780732287740,está escrito en,Inglés
9783858697257,es un codigo ISBN para el libro,Brief an D.
9783858697257,es un codigo ISBN de una edicion publicada por,Rotpunktverlag
3858697257,es un codigo ISBN para el libro,Brief an D.
3858697257,es un codigo ISBN de una edicion publicada por,Rotpunktverlag
André Gorz,es autor de la obra,Brief an D.
Brief an D.,pertenece al género,"Jews, france"
Brief an D.,pertenece al género,"Jews, biography"
Brief an D.,pertenece al género,"Journalists, biography"
0807005975,es un codigo ISBN para el libro,Strategy for labor
0807005975,es un codigo ISBN de una edicion publicada por,Beacon Press
0807005975,está escrito en,Inglés
9780807005972,es un codigo ISBN para el libro,Strategy for labor
9780807005972,es un codigo ISBN de una edicion publicada por,Beacon Press
9780807005972,está escrito en,Inglés
André Gorz,es autor de la obra,Strategy for labor
Strategy for labor,pertenece al género,Labor and laboring classes
Strategy for labor,pertenece al género,Working class
Strategy for labor,pertenece al género,Labor movement
9501254623,es un codigo ISBN para el libro,"Misères du présent, richesse du possible"
9501254623,es un codigo ISBN de una edicion publicada por,Ediciones Paidos Iberica
9501254623,está escrito en,Español
9789501254624,es un codigo ISBN para el libro,"Misères du présent, richesse du possible"
9789501254624,es un codigo ISBN de una edicion publicada por,Ediciones Paidos Iberica
9789501254624,está escrito en,Español
9780745621272,es un codigo ISBN para el libro,"Misères du présent, richesse du possible"
9780745621272,es un codigo ISBN de una edicion publicada por,Polity Press
9780745621272,está escrito en,Inglés
0745621279,es un codigo ISBN para el libro,"Misères du présent, richesse du possible"
0745621279,es un codigo ISBN de una edicion publicada por,Polity Press
0745621279,está escrito en,Inglés
0745621287,es un codigo ISBN para el libro,"Misères du présent, richesse du possible"
0745621287,es un codigo ISBN de una edicion publicada por,Polity Press
0745621287,está escrito en,Inglés
9780745621289,es un codigo ISBN para el libro,"Misères du présent, richesse du possible"
9780745621289,es un codigo ISBN de una edicion publicada por,Polity Press
9780745621289,está escrito en,Inglés
9782718604510,es un codigo ISBN para el libro,"Misères du présent, richesse du possible"
9782718604510,es un codigo ISBN de una edicion publicada por,Galilee
9782718604510,está escrito en,Francés
2718604514,es un codigo ISBN para el libro,"Misères du présent, richesse du possible"
2718604514,es un codigo ISBN de una edicion publicada por,Galilee
2718604514,está escrito en,Francés
9783518410172,es un codigo ISBN para el libro,"Misères du présent, richesse du possible"
9783518410172,es un codigo ISBN de una edicion publicada por,Suhrkamp Verlag
9783518410172,está escrito en,Alemán
3518410172,es un codigo ISBN para el libro,"Misères du présent, richesse du possible"
3518410172,es un codigo ISBN de una edicion publicada por,Suhrkamp Verlag
3518410172,está escrito en,Alemán
0745621287,es un codigo ISBN de una edicion publicada por,Blackwell
0745621287,es un codigo ISBN de una edicion publicada por,Brand: Polity
0745621287,es un codigo ISBN de una edicion publicada por,Polity
0745621279,es un codigo ISBN de una edicion publicada por,Blackwell
0745621279,es un codigo ISBN de una edicion publicada por,Brand: Polity
0745621279,es un codigo ISBN de una edicion publicada por,Polity
2718604514,es un codigo ISBN de una edicion publicada por,Galilée
André Gorz,es autor de la obra,"Misères du présent, richesse du possible"
"Misères du présent, richesse du possible",pertenece al género,Industrial sociology
"Misères du présent, richesse du possible",pertenece al género,Social aspects
"Misères du présent, richesse du possible",pertenece al género,Social aspects of Work
0896081672,es un codigo ISBN para el libro,Abschied vom Proletariat
0896081672,es un codigo ISBN de una edicion publicada por,South End Press
0896081672,está escrito en,Inglés
202005874X,es un codigo ISBN para el libro,Abschied vom Proletariat
202005874X,es un codigo ISBN de una edicion publicada por,Éditions Galilée
202005874X,está escrito en,Francés
202005874X,es un codigo ISBN de una edicion publicada por,Editions Galilee
0896081680,es un codigo ISBN para el libro,Abschied vom Proletariat
0896081680,es un codigo ISBN de una edicion publicada por,South End Pr
9780896081680,es un codigo ISBN para el libro,Abschied vom Proletariat
9780896081680,es un codigo ISBN de una edicion publicada por,South End Pr
9780861043644,es un codigo ISBN para el libro,Abschied vom Proletariat
9780861043644,es un codigo ISBN de una edicion publicada por,Pluto Press
9780861043644,está escrito en,Inglés
0861043642,es un codigo ISBN para el libro,Abschied vom Proletariat
0861043642,es un codigo ISBN de una edicion publicada por,Pluto Press
0861043642,está escrito en,Inglés
0745312713,es un codigo ISBN para el libro,Abschied vom Proletariat
0745312713,es un codigo ISBN de una edicion publicada por,Pluto Press
9780745312712,es un codigo ISBN para el libro,Abschied vom Proletariat
9780745312712,es un codigo ISBN de una edicion publicada por,Pluto Press
2718601663,es un codigo ISBN para el libro,Abschied vom Proletariat
2718601663,es un codigo ISBN de una edicion publicada por,Éditions Galilée
2718601663,es un codigo ISBN de una edicion publicada por,GALILEE
2718601663,está escrito en,Francés
3434004378,es un codigo ISBN para el libro,Abschied vom Proletariat
3434004378,es un codigo ISBN de una edicion publicada por,Europäische Verlagsanstalt
3434004378,está escrito en,Alemán
349917801X,es un codigo ISBN para el libro,Abschied vom Proletariat
349917801X,es un codigo ISBN de una edicion publicada por,Rowohlt
349917801X,está escrito en,Alemán
André Gorz,es autor de la obra,Abschied vom Proletariat
Abschied vom Proletariat,pertenece al género,Socialism
Abschied vom Proletariat,pertenece al género,Proletariat
Abschied vom Proletariat,pertenece al género,Capitalism
9781844676675,es un codigo ISBN para el libro,Critique of economic reason
9781844676675,es un codigo ISBN de una edicion publicada por,Verso
0860919684,es un codigo ISBN para el libro,Critique of economic reason
0860919684,es un codigo ISBN de una edicion publicada por,Verso
0860919684,está escrito en,Inglés
0860912531,es un codigo ISBN para el libro,Critique of economic reason
0860912531,es un codigo ISBN de una edicion publicada por,Verso
0860912531,está escrito en,Inglés
André Gorz,es autor de la obra,Critique of economic reason
Critique of economic reason,pertenece al género,Quality of work life
Critique of economic reason,pertenece al género,Marxian economics
Critique of economic reason,pertenece al género,Hours of labor
0919618715,es un codigo ISBN para el libro,Écologie et politique
0919618715,es un codigo ISBN de una edicion publicada por,Black Rose Books
0919618715,está escrito en,Inglés
0919618723,es un codigo ISBN para el libro,Écologie et politique
0919618723,es un codigo ISBN de una edicion publicada por,Black Rose Books
0919618723,está escrito en,Inglés
0861049047,es un codigo ISBN para el libro,Écologie et politique
0861049047,es un codigo ISBN de una edicion publicada por,Pluto Pr
9780861049042,es un codigo ISBN para el libro,Écologie et politique
9780861049042,es un codigo ISBN de una edicion publicada por,Pluto Pr
9780861047123,es un codigo ISBN para el libro,Écologie et politique
9780861047123,es un codigo ISBN de una edicion publicada por,Pluto Press
0861047125,es un codigo ISBN para el libro,Écologie et politique
0861047125,es un codigo ISBN de una edicion publicada por,Pluto Press
2020047713,es un codigo ISBN para el libro,Écologie et politique
2020047713,es un codigo ISBN de una edicion publicada por,Seuil
2020047713,está escrito en,Francés
André Gorz,es autor de la obra,Écologie et politique
Écologie et politique,pertenece al género,Economic development
Écologie et politique,pertenece al género,Environmental policy
Écologie et politique,pertenece al género,Human ecology
9782070358861,es un codigo ISBN para el libro,Lettre à D.
9782070358861,es un codigo ISBN de una edicion publicada por,folio
9782070358861,está escrito en,Francés
2718607270,es un codigo ISBN para el libro,Lettre à D.
2718607270,es un codigo ISBN de una edicion publicada por,Galilée
2718607270,está escrito en,Francés
André Gorz,es autor de la obra,Lettre à D.
Lettre à D.,pertenece al género,Love in literature
Lettre à D.,pertenece al género,Journalists
Lettre à D.,pertenece al género,Married people
2718602449,es un codigo ISBN para el libro,Les chemins du paradis
2718602449,es un codigo ISBN de una edicion publicada por,Ed. Galilée
2718602449,está escrito en,Francés
9780861047628,es un codigo ISBN para el libro,Les chemins du paradis
9780861047628,es un codigo ISBN de una edicion publicada por,Westview Pr (Short Disc)
0861047621,es un codigo ISBN para el libro,Les chemins du paradis
0861047621,es un codigo ISBN de una edicion publicada por,Westview Pr (Short Disc)
9780896082427,es un codigo ISBN para el libro,Les chemins du paradis
9780896082427,es un codigo ISBN de una edicion publicada por,South End Pr
9780896082427,está escrito en,Inglés
0896082423,es un codigo ISBN para el libro,Les chemins du paradis
0896082423,es un codigo ISBN de una edicion publicada por,South End Pr
0896082423,está escrito en,Inglés
0861047621,es un codigo ISBN de una edicion publicada por,Pluto Press
0861047621,está escrito en,Inglés
0896082431,es un codigo ISBN para el libro,Les chemins du paradis
0896082431,es un codigo ISBN de una edicion publicada por,South End Press
0896082431,está escrito en,Inglés
0896082423,es un codigo ISBN de una edicion publicada por,South End Press
9783880222793,es un codigo ISBN para el libro,Les chemins du paradis
9783880222793,es un codigo ISBN de una edicion publicada por,Rotbuch Verlag
9783880222793,está escrito en,Alemán
3880222797,es un codigo ISBN para el libro,Les chemins du paradis
3880222797,es un codigo ISBN de una edicion publicada por,Rotbuch Verlag
3880222797,está escrito en,Alemán
2718602449,es un codigo ISBN de una edicion publicada por,Editions Galilée
2718602449,es un codigo ISBN de una edicion publicada por,GALILEE
André Gorz,es autor de la obra,Les chemins du paradis
Les chemins du paradis,pertenece al género,Capitalism
Les chemins du paradis,pertenece al género,Economic history
Les chemins du paradis,pertenece al género,Industries
0385048319,es un codigo ISBN para el libro,Socialisme difficile
0385048319,es un codigo ISBN de una edicion publicada por,Anchor
0385048319,está escrito en,Inglés
0385048319,está escrito en,Francés
0713903155,es un codigo ISBN para el libro,Socialisme difficile
0713903155,es un codigo ISBN de una edicion publicada por,Allen Lane
0713903155,está escrito en,Inglés
0385048319,es un codigo ISBN de una edicion publicada por,Anchor Books
André Gorz,es autor de la obra,Socialisme difficile
Socialisme difficile,pertenece al género,Socialism
9780745646770,es un codigo ISBN para el libro,Letter to D
9780745646770,es un codigo ISBN de una edicion publicada por,Polity
0745646778,es un codigo ISBN para el libro,Letter to D
0745646778,es un codigo ISBN de una edicion publicada por,Polity
André Gorz,es autor de la obra,Letter to D
Letter to D,pertenece al género,Love in literature
Letter to D,pertenece al género,Journalists
Letter to D,pertenece al género,Married people
0860919412,es un codigo ISBN para el libro,The traitor
0860919412,es un codigo ISBN de una edicion publicada por,Verso
0860919412,está escrito en,Inglés
0860919412,está escrito en,Francés
0860912280,es un codigo ISBN para el libro,The traitor
0860912280,es un codigo ISBN de una edicion publicada por,Verso
0860912280,está escrito en,Inglés
0860912280,está escrito en,Francés
André Gorz,es autor de la obra,The traitor
The traitor,pertenece al género,Existentialism
The traitor,pertenece al género,Jewish Personal narratives
The traitor,pertenece al género,"World War, 1939-1945"
9781906497613,es un codigo ISBN para el libro,The Immaterial Knowledge Value And Capital
9781906497613,es un codigo ISBN de una edicion publicada por,Seagull Books
André Gorz,es autor de la obra,The Immaterial Knowledge Value And Capital
The Immaterial Knowledge Value And Capital,pertenece al género,"Economics, history"
The Immaterial Knowledge Value And Capital,pertenece al género,Intellectual capital
The Immaterial Knowledge Value And Capital,pertenece al género,Science and civilization
2020003376,es un codigo ISBN para el libro,Réforme et révolution
2020003376,es un codigo ISBN de una edicion publicada por,Éditions du Seuil
2020003376,está escrito en,Francés
André Gorz,es autor de la obra,Réforme et révolution
Réforme et révolution,pertenece al género,Socialism
Réforme et révolution,pertenece al género,Labor and laboring classes
Réforme et révolution,pertenece al género,Working class
9781322030210,es un codigo ISBN para el libro,"Capitalisme, socialisme, écologie"
9781322030210,es un codigo ISBN de una edicion publicada por,Verso
9781322030210,está escrito en,Inglés
9781781680261,es un codigo ISBN para el libro,"Capitalisme, socialisme, écologie"
9781781680261,es un codigo ISBN de una edicion publicada por,Verso
0860916472,es un codigo ISBN para el libro,"Capitalisme, socialisme, écologie"
0860916472,es un codigo ISBN de una edicion publicada por,Verso
0860916472,está escrito en,Inglés
0860914771,es un codigo ISBN para el libro,"Capitalisme, socialisme, écologie"
0860914771,es un codigo ISBN de una edicion publicada por,Verso
0860914771,está escrito en,Inglés
2718603836,es un codigo ISBN para el libro,"Capitalisme, socialisme, écologie"
2718603836,es un codigo ISBN de una edicion publicada por,Galilée
2718603836,está escrito en,Francés
André Gorz,es autor de la obra,"Capitalisme, socialisme, écologie"
"Capitalisme, socialisme, écologie",pertenece al género,Quality of work life
"Capitalisme, socialisme, écologie",pertenece al género,Socialism
"Capitalisme, socialisme, écologie",pertenece al género,Work
2070309045,es un codigo ISBN para el libro,Le traître
2070309045,es un codigo ISBN de una edicion publicada por,Gallimard
2070309045,está escrito en,Francés
André Gorz,es autor de la obra,Le traître
Le traître,pertenece al género,Existentialism
Le traître,pertenece al género,Jewish Personal narratives
Le traître,pertenece al género,"World War, 1939-1945"
9781906497415,es un codigo ISBN para el libro,Ecologica
9781906497415,es un codigo ISBN de una edicion publicada por,Seagull Books
André Gorz,es autor de la obra,Ecologica
Ecologica,pertenece al género,Political ecology
Ecologica,pertenece al género,Social ecology
0896080897,es un codigo ISBN para el libro,Ecology as politics
0896080897,es un codigo ISBN de una edicion publicada por,South End Press
0896080897,está escrito en,Inglés
0896080897,está escrito en,Francés
0896080889,es un codigo ISBN para el libro,Ecology as politics
0896080889,es un codigo ISBN de una edicion publicada por,South End Press
0896080889,está escrito en,Inglés
0896080889,está escrito en,Francés
André Gorz,es autor de la obra,Ecology as politics
Ecology as politics,pertenece al género,Economic development
Ecology as politics,pertenece al género,Human ecology
Ecology as politics,pertenece al género,Social medicine
0855271248,es un codigo ISBN para el libro,Critique de la division du travail
0855271248,es un codigo ISBN de una edicion publicada por,Harvester Press
0855271248,está escrito en,Inglés
039100591X,es un codigo ISBN para el libro,Critique de la division du travail
039100591X,es un codigo ISBN de una edicion publicada por,Humanities Press
039100591X,está escrito en,Inglés
039100591X,está escrito en,Francés
André Gorz,es autor de la obra,Critique de la division du travail
Critique de la division du travail,pertenece al género,Industrial sociology
Critique de la division du travail,pertenece al género,Division of labor
Critique de la division du travail,pertenece al género,"Addresses, essays, lectures"
2020003651,es un codigo ISBN para el libro,Critique de la division du travail. Texte de K. Marx [et autres] choisis et présentés par A. Gorz
2020003651,es un codigo ISBN de una edicion publicada por,Points French
9782020003650,es un codigo ISBN para el libro,Critique de la division du travail. Texte de K. Marx [et autres] choisis et présentés par A. Gorz
9782020003650,es un codigo ISBN de una edicion publicada por,Points French
André Gorz,es autor de la obra,Critique de la division du travail. Texte de K. Marx [et autres] choisis et présentés par A. Gorz
Critique de la division du travail. Texte de K. Marx [et autres] choisis et présentés par A. Gorz,pertenece al género,Aliénation (Psychologie sociale)
Critique de la division du travail. Texte de K. Marx [et autres] choisis et présentés par A. Gorz,pertenece al género,Division du travail
9782845973220,es un codigo ISBN para el libro,Vers la société libérée
9782845973220,es un codigo ISBN de una edicion publicada por,INA
9782845973220,es un codigo ISBN de una edicion publicada por,Textuel
9782845973220,está escrito en,Francés
André Gorz,es autor de la obra,Vers la société libérée
039100591,es un codigo ISBN para el libro,The division of labour
André Gorz,es autor de la obra,The division of labour
The division of labour,pertenece al género,"Addresses, essays, lectures"
The division of labour,pertenece al género,Division of labor
The division of labour,pertenece al género,Industrial sociology
9780857425751,es un codigo ISBN para el libro,Ecologica
9780857425751,es un codigo ISBN de una edicion publicada por,Seagull Books
0857425757,es un codigo ISBN para el libro,Ecologica
0857425757,es un codigo ISBN de una edicion publicada por,Seagull Books
Ecologica,pertenece al género,Political science
9783880223530,es un codigo ISBN para el libro,Kritik der ökonomischen Vernunft
9783880223530,es un codigo ISBN de una edicion publicada por,Rotbuch Verlag
388022353X,es un codigo ISBN para el libro,Kritik der ökonomischen Vernunft
388022353X,es un codigo ISBN de una edicion publicada por,Rotbuch Verlag
3858694290,es un codigo ISBN para el libro,Kritik der ökonomischen Vernunft
3858694290,es un codigo ISBN de una edicion publicada por,Rotpunktverlag
9783858694294,es un codigo ISBN para el libro,Kritik der ökonomischen Vernunft
9783858694294,es un codigo ISBN de una edicion publicada por,Rotpunktverlag
André Gorz,es autor de la obra,Kritik der ökonomischen Vernunft
9782020047715,es un codigo ISBN para el libro,Ecologie Et Politique
9782020047715,es un codigo ISBN de una edicion publicada por,Editions du Seuil
9782020047715,está escrito en,Francés
2020047713,es un codigo ISBN para el libro,Ecologie Et Politique
2020047713,es un codigo ISBN de una edicion publicada por,Editions du Seuil
André Gorz,es autor de la obra,Ecologie Et Politique
Vers la société libérée,pertenece al género,Political ecology
Vers la société libérée,pertenece al género,Socialism
Vers la société libérée,pertenece al género,Capitalism
2718607572,es un codigo ISBN para el libro,Écologica
2718607572,es un codigo ISBN de una edicion publicada por,Galilée
2718607572,está escrito en,Francés
9782718607573,es un codigo ISBN para el libro,Écologica
9782718607573,es un codigo ISBN de una edicion publicada por,Galilée
9782718607573,está escrito en,Francés
André Gorz,es autor de la obra,Écologica
Écologica,pertenece al género,Political ecology
María Schell,es de nacionalidad,Austria
089869339X,es un codigo ISBN para el libro,"My father, my daughter"
089869339X,es un codigo ISBN de una edicion publicada por,Church Publishing
089869339X,está escrito en,Inglés
9780898693393,es un codigo ISBN para el libro,"My father, my daughter"
9780898693393,es un codigo ISBN de una edicion publicada por,Church Publishing
9780898693393,está escrito en,Inglés
María Schell,es autor de la obra,"My father, my daughter"
"My father, my daughter",pertenece al género,Travel
"My father, my daughter",pertenece al género,Christian pilgrims and pilgrimages
"My father, my daughter",pertenece al género,Description and travel
3785708033,es un codigo ISBN para el libro,"""--und wenn's a Katz is!"""
3785708033,es un codigo ISBN de una edicion publicada por,G. Lübbe
3785708033,está escrito en,Alemán
María Schell,es autor de la obra,"""--und wenn's a Katz is!"""
"""--und wenn's a Katz is!""",pertenece al género,Biography
"""--und wenn's a Katz is!""",pertenece al género,Motion picture actors and actresses
9783404127849,es un codigo ISBN para el libro,... und wenn's a Katz is! Mein Weg durchs Leben
9783404127849,es un codigo ISBN de una edicion publicada por,Lübbe
3404127846,es un codigo ISBN para el libro,... und wenn's a Katz is! Mein Weg durchs Leben
3404127846,es un codigo ISBN de una edicion publicada por,Lübbe
María Schell,es autor de la obra,... und wenn's a Katz is! Mein Weg durchs Leben
3784420729,es un codigo ISBN para el libro,Die Kostbarkeit des Augenblicks
3784420729,es un codigo ISBN de una edicion publicada por,Langen Müller
3784420729,está escrito en,Alemán
3548207243,es un codigo ISBN para el libro,Die Kostbarkeit des Augenblicks
3548207243,es un codigo ISBN de una edicion publicada por,Ullstein
3548207243,está escrito en,Alemán
3784420729,es un codigo ISBN de una edicion publicada por,Ullstein
María Schell,es autor de la obra,Die Kostbarkeit des Augenblicks
Die Kostbarkeit des Augenblicks,pertenece al género,Biography
Die Kostbarkeit des Augenblicks,pertenece al género,Motion picture actors and actresses
Die Kostbarkeit des Augenblicks,pertenece al género,Maria Schell
Friedrich Achleitner,es de nacionalidad,Austria
9783851324099,es un codigo ISBN para el libro,Geschichte. Schreiben
9783851324099,es un codigo ISBN de una edicion publicada por,Turia + Kant
9783851324099,está escrito en,Alemán
3851324099,es un codigo ISBN para el libro,Geschichte. Schreiben
3851324099,es un codigo ISBN de una edicion publicada por,Turia + Kant
3851324099,está escrito en,Alemán
Friedrich Achleitner,es autor de la obra,Geschichte. Schreiben
Geschichte. Schreiben,pertenece al género,Historiography
Geschichte. Schreiben,pertenece al género,History
Geschichte. Schreiben,pertenece al género,Philosophy
3854492545,es un codigo ISBN para el libro,Der Auftrag
3854492545,es un codigo ISBN de una edicion publicada por,Sonderzahl
3854492545,está escrito en,Alemán
9783854492542,es un codigo ISBN para el libro,Der Auftrag
9783854492542,es un codigo ISBN de una edicion publicada por,Sonderzahl
9783854492542,está escrito en,Alemán
Friedrich Achleitner,es autor de la obra,Der Auftrag
Der Auftrag,pertenece al género,Public broadcasting
8090250793,es un codigo ISBN para el libro,Zrození metropole
8090250793,es un codigo ISBN de una edicion publicada por,Obecní dům
8090250793,está escrito en,Checo
Friedrich Achleitner,es autor de la obra,Zrození metropole
Zrození metropole,pertenece al género,Architecture
Zrození metropole,pertenece al género,History
Zrození metropole,pertenece al género,City planning
3902015012,es un codigo ISBN para el libro,"Wien, Stadterhaltung, Stadterneuerung"
3902015012,es un codigo ISBN de una edicion publicada por,Stadtplanung
3902015012,está escrito en,Alemán
3902015012,está escrito en,Inglés
3902015012,está escrito en,mul
Friedrich Achleitner,es autor de la obra,"Wien, Stadterhaltung, Stadterneuerung"
"Wien, Stadterhaltung, Stadterneuerung",pertenece al género,Urban renewal
"Wien, Stadterhaltung, Stadterneuerung",pertenece al género,Architecture
"Wien, Stadterhaltung, Stadterneuerung",pertenece al género,History
9783552054714,es un codigo ISBN para el libro,Der springende Punkt
9783552054714,es un codigo ISBN de una edicion publicada por,Paul Zsolnay Verlag
9783552054714,está escrito en,Alemán
Friedrich Achleitner,es autor de la obra,Der springende Punkt
3901174702,es un codigo ISBN para el libro,Fast modern
3901174702,es un codigo ISBN de una edicion publicada por,Haus der Architektur
3901174702,está escrito en,Alemán
9783901174704,es un codigo ISBN para el libro,Fast modern
9783901174704,es un codigo ISBN de una edicion publicada por,Haus der Architektur
9783901174704,está escrito en,Alemán
Friedrich Achleitner,es autor de la obra,Fast modern
Fast modern,pertenece al género,Domestic Architecture
Fast modern,pertenece al género,Exhibitions
Fast modern,pertenece al género,Architecture
3851255062,es un codigo ISBN para el libro,Wolfgang Heusgen
3851255062,es un codigo ISBN de una edicion publicada por,Verlag der Technischen Universität Graz
3851255062,está escrito en,Alemán
9783851255065,es un codigo ISBN para el libro,Wolfgang Heusgen
9783851255065,es un codigo ISBN de una edicion publicada por,Verlag der Technischen Universität Graz
9783851255065,está escrito en,Alemán
Friedrich Achleitner,es autor de la obra,Wolfgang Heusgen
Wolfgang Heusgen,pertenece al género,Steel sculpture
3702509348,es un codigo ISBN para el libro,"Bunt, sozial, brutal"
3702509348,es un codigo ISBN de una edicion publicada por,Verlag Anton Pustet
3702509348,está escrito en,Alemán
9783702509347,es un codigo ISBN para el libro,"Bunt, sozial, brutal"
9783702509347,es un codigo ISBN de una edicion publicada por,Verlag Anton Pustet
9783702509347,está escrito en,Alemán
Friedrich Achleitner,es autor de la obra,"Bunt, sozial, brutal"
"Bunt, sozial, brutal",pertenece al género,Architectural photography
9783791322193,es un codigo ISBN para el libro,Museums for a new millennium
9783791322193,es un codigo ISBN de una edicion publicada por,Prestel Publishing
9783791322193,está escrito en,Inglés
3791322192,es un codigo ISBN para el libro,Museums for a new millennium
3791322192,es un codigo ISBN de una edicion publicada por,Prestel Publishing
3791322192,está escrito en,Inglés
Friedrich Achleitner,es autor de la obra,Museums for a new millennium
Museums for a new millennium,pertenece al género,Art museum architecture
Museums for a new millennium,pertenece al género,Modern Architecture
Museums for a new millennium,pertenece al género,Art
3854151012,es un codigo ISBN para el libro,"Miteinander, zueinander, gegeneinander"
3854151012,es un codigo ISBN de una edicion publicada por,Ritter Verlag
3854151012,está escrito en,Alemán
Friedrich Achleitner,es autor de la obra,"Miteinander, zueinander, gegeneinander"
"Miteinander, zueinander, gegeneinander",pertenece al género,Austrian Arts
370170189X,es un codigo ISBN para el libro,Glückliches Österreich
370170189X,es un codigo ISBN de una edicion publicada por,Residenz Verlag
370170189X,está escrito en,Alemán
Friedrich Achleitner,es autor de la obra,Glückliches Österreich
Glückliches Österreich,pertenece al género,Austrian literature
Glückliches Österreich,pertenece al género,History and criticism
Glückliches Österreich,pertenece al género,In literature
3854471599,es un codigo ISBN para el libro,Wien 1945
3854471599,es un codigo ISBN de una edicion publicada por,C. Brandstätter
3854471599,está escrito en,Alemán
Friedrich Achleitner,es autor de la obra,Wien 1945
Wien 1945,pertenece al género,"World War, 1939-1945"
Wien 1945,pertenece al género,History
8090273505,es un codigo ISBN para el libro,Regionalismus a internacionalismus v soudobé architektuře
8090273505,es un codigo ISBN de una edicion publicada por,Česká komora architektů
8090273505,está escrito en,Checo
Friedrich Achleitner,es autor de la obra,Regionalismus a internacionalismus v soudobé architektuře
Regionalismus a internacionalismus v soudobé architektuře,pertenece al género,Regionalism in architecture
Regionalismus a internacionalismus v soudobé architektuře,pertenece al género,Modern Architecture
9783775710312,es un codigo ISBN para el libro,Sondermodelle
9783775710312,es un codigo ISBN de una edicion publicada por,Hatje Cantz Publishers
9783775710312,está escrito en,Inglés
3775710310,es un codigo ISBN para el libro,Sondermodelle
3775710310,es un codigo ISBN de una edicion publicada por,Hatje Cantz Publishers
3775710310,está escrito en,Inglés
3775710310,es un codigo ISBN de una edicion publicada por,Hatje Cantz
3775710310,está escrito en,Alemán
Friedrich Achleitner,es autor de la obra,Sondermodelle
Sondermodelle,pertenece al género,Architectural models
Sondermodelle,pertenece al género,Folk art
Sondermodelle,pertenece al género,Exhibitions
3791317008,es un codigo ISBN para el libro,Kunst aus Österreich
3791317008,es un codigo ISBN de una edicion publicada por,Prestel
3791317008,está escrito en,Alemán
Friedrich Achleitner,es autor de la obra,Kunst aus Österreich
Kunst aus Österreich,pertenece al género,Exhibitions
Kunst aus Österreich,pertenece al género,Austrian Art
Kunst aus Österreich,pertenece al género,Modern Art
3854983190,es un codigo ISBN para el libro,Secession
3854983190,es un codigo ISBN de una edicion publicada por,Christian Brandst atter Verlagsgesellschaft mbH
3854983190,está escrito en,Alemán
3854983190,es un codigo ISBN de una edicion publicada por,C. Brandstätter
3854983190,es un codigo ISBN de una edicion publicada por,Secession
Friedrich Achleitner,es autor de la obra,Secession
Secession,pertenece al género,"Buildings, structures"
Secession,pertenece al género,Wiener Secession
Secession,pertenece al género,Architecture
3702006222,es un codigo ISBN para el libro,Lebendige Altstadt
3702006222,es un codigo ISBN de una edicion publicada por,L. Stocker
3702006222,está escrito en,Alemán
Friedrich Achleitner,es autor de la obra,Lebendige Altstadt
Lebendige Altstadt,pertenece al género,Historic districts
Lebendige Altstadt,pertenece al género,Urban renewal
Lebendige Altstadt,pertenece al género,"Buildings, structures"
3901174524,es un codigo ISBN para el libro,"St. Ulrich im Greith, Austria"
3901174524,es un codigo ISBN de una edicion publicada por,Haus der Architektur
3901174524,está escrito en,Alemán
9783901174520,es un codigo ISBN para el libro,"St. Ulrich im Greith, Austria"
9783901174520,es un codigo ISBN de una edicion publicada por,Haus der Architektur
Friedrich Achleitner,es autor de la obra,"St. Ulrich im Greith, Austria"
"St. Ulrich im Greith, Austria",pertenece al género,"Buildings, structures"
"St. Ulrich im Greith, Austria",pertenece al género,Szyszkowitz + Kowalski
"St. Ulrich im Greith, Austria",pertenece al género,Architecture
9783211992036,es un codigo ISBN para el libro,Edvard Ravnikar
9783211992036,es un codigo ISBN de una edicion publicada por,Springer
9783211992036,está escrito en,Inglés
3211992030,es un codigo ISBN para el libro,Edvard Ravnikar
3211992030,es un codigo ISBN de una edicion publicada por,Springer
3211992030,está escrito en,Inglés
Friedrich Achleitner,es autor de la obra,Edvard Ravnikar
Edvard Ravnikar,pertenece al género,Criticism and interpretation
Edvard Ravnikar,pertenece al género,Architecture
Edvard Ravnikar,pertenece al género,History
9783764362430,es un codigo ISBN para el libro,Atelier 5
9783764362430,es un codigo ISBN de una edicion publicada por,Birkhauser
9783764362430,es un codigo ISBN de una edicion publicada por,Birkhauser Verlag
9783764362430,es un codigo ISBN de una edicion publicada por,Birkhäuser Basel
9783764362430,es un codigo ISBN de una edicion publicada por,Brand: Birkhäuser Basel
9783764362430,está escrito en,Inglés
9783764362430,está escrito en,Alemán
376436243X,es un codigo ISBN para el libro,Atelier 5
376436243X,es un codigo ISBN de una edicion publicada por,Birkhauser
376436243X,es un codigo ISBN de una edicion publicada por,Birkhauser Verlag
376436243X,es un codigo ISBN de una edicion publicada por,Birkhäuser Basel
376436243X,es un codigo ISBN de una edicion publicada por,Brand: Birkhäuser Basel
376436243X,está escrito en,Inglés
376436243X,está escrito en,Alemán
Friedrich Achleitner,es autor de la obra,Atelier 5
Atelier 5,pertenece al género,Domestic Architecture
Atelier 5,pertenece al género,Architecture
Atelier 5,pertenece al género,Atelier 5 (Firm)
Bruno Bettelheim,es de nacionalidad,Austria
9780380491308,es un codigo ISBN para el libro,The children of the dream: communal child-rearing and its implications for society
9780380491308,es un codigo ISBN de una edicion publicada por,Avon
0380491303,es un codigo ISBN para el libro,The children of the dream: communal child-rearing and its implications for society
0380491303,es un codigo ISBN de una edicion publicada por,Avon
0500010641,es un codigo ISBN para el libro,The children of the dream: communal child-rearing and its implications for society
0500010641,es un codigo ISBN de una edicion publicada por,Thames and Hudson
0500010641,está escrito en,Inglés
9780743217958,es un codigo ISBN para el libro,The children of the dream: communal child-rearing and its implications for society
9780743217958,es un codigo ISBN de una edicion publicada por,Simon & Schuster
9780743217958,está escrito en,Inglés
0743217950,es un codigo ISBN para el libro,The children of the dream: communal child-rearing and its implications for society
0743217950,es un codigo ISBN de una edicion publicada por,Simon & Schuster
0743217950,está escrito en,Inglés
0586080511,es un codigo ISBN para el libro,The children of the dream: communal child-rearing and its implications for society
0586080511,es un codigo ISBN de una edicion publicada por,Paladin
0586080511,está escrito en,Inglés
Bruno Bettelheim,es autor de la obra,The children of the dream: communal child-rearing and its implications for society
The children of the dream: communal child-rearing and its implications for society,pertenece al género,Education
The children of the dream: communal child-rearing and its implications for society,pertenece al género,Kibbutzim
The children of the dream: communal child-rearing and its implications for society,pertenece al género,Children
225313533X,es un codigo ISBN para el libro,L'amour ne suffit pas
225313533X,es un codigo ISBN de una edicion publicada por,LGF
9782253135333,es un codigo ISBN para el libro,L'amour ne suffit pas
9782253135333,es un codigo ISBN de una edicion publicada por,LGF
0029032806,es un codigo ISBN para el libro,L'amour ne suffit pas
0029032806,es un codigo ISBN de una edicion publicada por,Free Press
0029032806,está escrito en,Inglés
9780029032800,es un codigo ISBN para el libro,L'amour ne suffit pas
9780029032800,es un codigo ISBN de una edicion publicada por,Free Press
9780029032800,está escrito en,Inglés
9780380014057,es un codigo ISBN para el libro,L'amour ne suffit pas
9780380014057,es un codigo ISBN de una edicion publicada por,HarperCollins Publishers
9780380014057,está escrito en,Inglés
Bruno Bettelheim,es autor de la obra,L'amour ne suffit pas
L'amour ne suffit pas,pertenece al género,Sonia Shankman Orthogenic School
L'amour ne suffit pas,pertenece al género,Child psychology
L'amour ne suffit pas,pertenece al género,Problem children
9788449338175,es un codigo ISBN para el libro,La Fortaleza vacia/ The Empty Fortress
9788449338175,es un codigo ISBN de una edicion publicada por,Ediciones Paidós
8449338174,es un codigo ISBN para el libro,La Fortaleza vacia/ The Empty Fortress
8449338174,es un codigo ISBN de una edicion publicada por,Ediciones Paidós
8449310644,es un codigo ISBN para el libro,La Fortaleza vacia/ The Empty Fortress
8449310644,es un codigo ISBN de una edicion publicada por,Paidós
8449310644,está escrito en,Español
0029031400,es un codigo ISBN para el libro,La Fortaleza vacia/ The Empty Fortress
0029031400,es un codigo ISBN de una edicion publicada por,Free Press
0029031400,está escrito en,Inglés
9780029031407,es un codigo ISBN para el libro,La Fortaleza vacia/ The Empty Fortress
9780029031407,es un codigo ISBN de una edicion publicada por,Free Press
9780029031407,está escrito en,Inglés
8449310644,es un codigo ISBN de una edicion publicada por,Ediciones Paidos Iberica
9788449310645,es un codigo ISBN para el libro,La Fortaleza vacia/ The Empty Fortress
9788449310645,es un codigo ISBN de una edicion publicada por,Ediciones Paidos Iberica
9788449310645,está escrito en,Español
Bruno Bettelheim,es autor de la obra,La Fortaleza vacia/ The Empty Fortress
La Fortaleza vacia/ The Empty Fortress,pertenece al género,Autism
La Fortaleza vacia/ The Empty Fortress,pertenece al género,Autism in children
La Fortaleza vacia/ The Empty Fortress,pertenece al género,Autismo
0029034507,es un codigo ISBN para el libro,Truants from life
0029034507,es un codigo ISBN de una edicion publicada por,Free Press
0029034507,está escrito en,Inglés
9780029034507,es un codigo ISBN para el libro,Truants from life
9780029034507,es un codigo ISBN de una edicion publicada por,Free Press
9780029034507,está escrito en,Inglés
002903440X,es un codigo ISBN para el libro,Truants from life
002903440X,es un codigo ISBN de una edicion publicada por,Free Press
002903440X,está escrito en,Inglés
9780029034408,es un codigo ISBN para el libro,Truants from life
9780029034408,es un codigo ISBN de una edicion publicada por,Free Press
9780029034408,está escrito en,Inglés
Bruno Bettelheim,es autor de la obra,Truants from life
Truants from life,pertenece al género,Sonia Shankman Orthogenic School
Truants from life,pertenece al género,Child psychiatry
Truants from life,pertenece al género,Mentally ill children
9782012788794,es un codigo ISBN para el libro,Dialogues avec les mères
9782012788794,es un codigo ISBN de una edicion publicada por,Hachette littératures
9782012788794,está escrito en,Francés
2012788793,es un codigo ISBN para el libro,Dialogues avec les mères
2012788793,es un codigo ISBN de una edicion publicada por,Hachette littératures
2012788793,está escrito en,Francés
Bruno Bettelheim,es autor de la obra,Dialogues avec les mères
Dialogues avec les mères,pertenece al género,Enfants
Dialogues avec les mères,pertenece al género,Psychologie
Dialogues avec les mères,pertenece al género,Développement
9788408124016,es un codigo ISBN para el libro,A good enough parent
9788408124016,es un codigo ISBN de una edicion publicada por,Booket
9788408124016,es un codigo ISBN de una edicion publicada por,Editorial Crítica
0500014132,es un codigo ISBN para el libro,A good enough parent
0500014132,es un codigo ISBN de una edicion publicada por,Thames and Hudson Ltd
9780500014134,es un codigo ISBN para el libro,A good enough parent
9780500014134,es un codigo ISBN de una edicion publicada por,Thames and Hudson Ltd
9780500278338,es un codigo ISBN para el libro,A good enough parent
9780500278338,es un codigo ISBN de una edicion publicada por,Thames & Hudson Ltd
0500278334,es un codigo ISBN para el libro,A good enough parent
0500278334,es un codigo ISBN de una edicion publicada por,Thames & Hudson Ltd
0394471482,es un codigo ISBN para el libro,A good enough parent
0394471482,es un codigo ISBN de una edicion publicada por,Distributed by Random House
0394471482,es un codigo ISBN de una edicion publicada por,Knopf
0394471482,está escrito en,Inglés
0394757769,es un codigo ISBN para el libro,A good enough parent
0394757769,es un codigo ISBN de una edicion publicada por,Vintage Books
0394757769,está escrito en,Inglés
0517094878,es un codigo ISBN para el libro,A good enough parent
0517094878,es un codigo ISBN de una edicion publicada por,Random House Value Publishing
0517094878,está escrito en,Inglés
9780517094877,es un codigo ISBN para el libro,A good enough parent
9780517094877,es un codigo ISBN de una edicion publicada por,Random House Value Publishing
9780517094877,está escrito en,Inglés
9780330302708,es un codigo ISBN para el libro,A good enough parent
9780330302708,es un codigo ISBN de una edicion publicada por,Pan Books
0330302701,es un codigo ISBN para el libro,A good enough parent
0330302701,es un codigo ISBN de una edicion publicada por,Pan Books
8474233577,es un codigo ISBN para el libro,A good enough parent
8474233577,es un codigo ISBN de una edicion publicada por,CRITICA
8474233577,es un codigo ISBN de una edicion publicada por,Editorial Crítica. Grupo Editorial Grijalbo
8474233577,está escrito en,Español
0500014132,es un codigo ISBN de una edicion publicada por,Thames and Hudson
0500014132,está escrito en,Inglés
0330302701,está escrito en,Inglés
Bruno Bettelheim,es autor de la obra,A good enough parent
A good enough parent,pertenece al género,Child psychology
A good enough parent,pertenece al género,Child rearing
A good enough parent,pertenece al género,Deberes y derechos
9782253016526,es un codigo ISBN para el libro,Le Coeur conscient
9782253016526,es un codigo ISBN de una edicion publicada por,Le Livre de poche
9782253016526,está escrito en,Francés
2253016527,es un codigo ISBN para el libro,Le Coeur conscient
2253016527,es un codigo ISBN de una edicion publicada por,Le Livre de poche
2253016527,está escrito en,Francés
Bruno Bettelheim,es autor de la obra,Le Coeur conscient
9586391450,es un codigo ISBN para el libro,Educacion y vida moderna
9586391450,es un codigo ISBN de una edicion publicada por,Crítica
Bruno Bettelheim,es autor de la obra,Educacion y vida moderna
9788421102893,es un codigo ISBN para el libro,Heridas simbo licas
9788421102893,es un codigo ISBN de una edicion publicada por,Barral
9788421102893,está escrito en,Español
8421102893,es un codigo ISBN para el libro,Heridas simbo licas
8421102893,es un codigo ISBN de una edicion publicada por,Barral
8421102893,está escrito en,Español
Bruno Bettelheim,es autor de la obra,Heridas simbo licas
Heridas simbo licas,pertenece al género,Ritos de iniciacio n.
Heridas simbo licas,pertenece al género,Ritos y ceremonias
Heridas simbo licas,pertenece al género,Pubertad
8484322289,es un codigo ISBN para el libro,Aprender a Leer
8484322289,es un codigo ISBN de una edicion publicada por,Critica (Grijalbo Mondadori)
8484322289,está escrito en,Español
9788484322283,es un codigo ISBN para el libro,Aprender a Leer
9788484322283,es un codigo ISBN de una edicion publicada por,Critica (Grijalbo Mondadori)
9788484322283,está escrito en,Español
9789684199316,es un codigo ISBN para el libro,Aprender a Leer
9789684199316,es un codigo ISBN de una edicion publicada por,Grijalbo Mexico
9789684199316,está escrito en,Español
9684199317,es un codigo ISBN para el libro,Aprender a Leer
9684199317,es un codigo ISBN de una edicion publicada por,Grijalbo Mexico
9684199317,está escrito en,Español
Bruno Bettelheim,es autor de la obra,Aprender a Leer
Aprender a Leer,pertenece al género,Reading
3463022176,es un codigo ISBN para el libro,Aufstand gegen die Masse
3463022176,es un codigo ISBN de una edicion publicada por,Kindler
3463022176,está escrito en,Alemán
9783463022178,es un codigo ISBN para el libro,Aufstand gegen die Masse
9783463022178,es un codigo ISBN de una edicion publicada por,Kindler
9783463022178,está escrito en,Alemán
9783596422173,es un codigo ISBN para el libro,Aufstand gegen die Masse
9783596422173,es un codigo ISBN de una edicion publicada por,"Fischer (Tb.), Frankfurt"
3596422175,es un codigo ISBN para el libro,Aufstand gegen die Masse
3596422175,es un codigo ISBN de una edicion publicada por,"Fischer (Tb.), Frankfurt"
Bruno Bettelheim,es autor de la obra,Aufstand gegen die Masse
9780070794283,es un codigo ISBN para el libro,CS Set Speaking (Distinguished Scholars Program)
9780070794283,es un codigo ISBN de una edicion publicada por,McGraw-Hill Companies
9780070794283,está escrito en,Inglés
0070794286,es un codigo ISBN para el libro,CS Set Speaking (Distinguished Scholars Program)
0070794286,es un codigo ISBN de una edicion publicada por,McGraw-Hill Companies
0070794286,está escrito en,Inglés
Bruno Bettelheim,es autor de la obra,CS Set Speaking (Distinguished Scholars Program)
3596422477,es un codigo ISBN para el libro,Die Geburt Des Selbst
3596422477,es un codigo ISBN de una edicion publicada por,Fischer Taschenbuch Verlag
9783596422470,es un codigo ISBN para el libro,Die Geburt Des Selbst
9783596422470,es un codigo ISBN de una edicion publicada por,Fischer Taschenbuch Verlag
Bruno Bettelheim,es autor de la obra,Die Geburt Des Selbst
9780804511629,es un codigo ISBN para el libro,"Dr. Bruno Bettelheim Reads ""the Struggle for Meaning"" and ""Hansel and Gretel"" from the Uses of Enchantment"
9780804511629,es un codigo ISBN de una edicion publicada por,Spoken Arts
9780804511629,está escrito en,Inglés
0804511624,es un codigo ISBN para el libro,"Dr. Bruno Bettelheim Reads ""the Struggle for Meaning"" and ""Hansel and Gretel"" from the Uses of Enchantment"
0804511624,es un codigo ISBN de una edicion publicada por,Spoken Arts
0804511624,está escrito en,Inglés
Bruno Bettelheim,es autor de la obra,"Dr. Bruno Bettelheim Reads ""the Struggle for Meaning"" and ""Hansel and Gretel"" from the Uses of Enchantment"
9783407220219,es un codigo ISBN para el libro,Ein Leben für Kinder. Erziehung in unserer Zeit
9783407220219,es un codigo ISBN de una edicion publicada por,Beltz
3407220219,es un codigo ISBN para el libro,Ein Leben für Kinder. Erziehung in unserer Zeit
3407220219,es un codigo ISBN de una edicion publicada por,Beltz
Bruno Bettelheim,es autor de la obra,Ein Leben für Kinder. Erziehung in unserer Zeit
9788474236361,es un codigo ISBN para el libro,El Arte de Lo Obvio
9788474236361,es un codigo ISBN de una edicion publicada por,Grijalbo
9788474236361,está escrito en,Español
8474236363,es un codigo ISBN para el libro,El Arte de Lo Obvio
8474236363,es un codigo ISBN de una edicion publicada por,Grijalbo
8474236363,está escrito en,Español
Bruno Bettelheim,es autor de la obra,El Arte de Lo Obvio
0029031303,es un codigo ISBN para el libro,"Empty Fortress, Infantile Autism and the Birth of Self"
0029031303,es un codigo ISBN de una edicion publicada por,Free Press
9780029031308,es un codigo ISBN para el libro,"Empty Fortress, Infantile Autism and the Birth of Self"
9780029031308,es un codigo ISBN de una edicion publicada por,Free Press
0029031303,es un codigo ISBN de una edicion publicada por,"Free P.,U.S."
0029031303,está escrito en,und
Bruno Bettelheim,es autor de la obra,"Empty Fortress, Infantile Autism and the Birth of Self"
"Empty Fortress, Infantile Autism and the Birth of Self",pertenece al género,Kind
"Empty Fortress, Infantile Autism and the Birth of Self",pertenece al género,Autisme
"Empty Fortress, Infantile Autism and the Birth of Self",pertenece al género,Kinderen
3889773435,es un codigo ISBN para el libro,Erziehung zum Leben
3889773435,es un codigo ISBN de una edicion publicada por,Lamuv
3889773435,está escrito en,Alemán
Bruno Bettelheim,es autor de la obra,Erziehung zum Leben
Erziehung zum Leben,pertenece al género,Child psychiatry
Erziehung zum Leben,pertenece al género,Biography
Erziehung zum Leben,pertenece al género,Child Psychology
0829026215,es un codigo ISBN para el libro,Individual and Mass Behavior in Extreme Situations
0829026215,es un codigo ISBN de una edicion publicada por,Irvington Pub
0829026215,está escrito en,Inglés
9780829026214,es un codigo ISBN para el libro,Individual and Mass Behavior in Extreme Situations
9780829026214,es un codigo ISBN de una edicion publicada por,Irvington Pub
9780829026214,está escrito en,Inglés
Bruno Bettelheim,es autor de la obra,Individual and Mass Behavior in Extreme Situations
9783423350280,es un codigo ISBN para el libro,Kinder brauchen Märchen
9783423350280,es un codigo ISBN de una edicion publicada por,Dtv
9783423350280,está escrito en,Alemán
3423350288,es un codigo ISBN para el libro,Kinder brauchen Märchen
3423350288,es un codigo ISBN de una edicion publicada por,Dtv
3423350288,está escrito en,Alemán
Bruno Bettelheim,es autor de la obra,Kinder brauchen Märchen
Kinder brauchen Märchen,pertenece al género,Folklore and children
Kinder brauchen Märchen,pertenece al género,Psychological aspects of Children's stories
Kinder brauchen Märchen,pertenece al género,History and criticism
9782070268207,es un codigo ISBN para el libro,La forteresse vide
9782070268207,es un codigo ISBN de una edicion publicada por,Gallimard
9782070268207,está escrito en,Francés
2070268209,es un codigo ISBN para el libro,La forteresse vide
2070268209,es un codigo ISBN de una edicion publicada por,Gallimard
2070268209,está escrito en,Francés
Bruno Bettelheim,es autor de la obra,La forteresse vide
La forteresse vide,pertenece al género,Child psychology
La forteresse vide,pertenece al género,Case studies
La forteresse vide,pertenece al género,Autism in children
9782221094846,es un codigo ISBN para el libro,La lecture et l'enfant
9782221094846,es un codigo ISBN de una edicion publicada por,Robert Laffont
9782221094846,está escrito en,Francés
2221094840,es un codigo ISBN para el libro,La lecture et l'enfant
2221094840,es un codigo ISBN de una edicion publicada por,Robert Laffont
2221094840,está escrito en,Francés
2221009827,es un codigo ISBN para el libro,La lecture et l'enfant
2221009827,es un codigo ISBN de una edicion publicada por,Laffont
2221009827,está escrito en,Francés
0394515927,es un codigo ISBN para el libro,La lecture et l'enfant
0394515927,es un codigo ISBN de una edicion publicada por,Robert Laffont
0394515927,está escrito en,Francés
Bruno Bettelheim,es autor de la obra,La lecture et l'enfant
La lecture et l'enfant,pertenece al género,Reading
La lecture et l'enfant,pertenece al género,Lecture
La lecture et l'enfant,pertenece al género,Infant
2221068181,es un codigo ISBN para el libro,Le poids d'une vie
2221068181,es un codigo ISBN de una edicion publicada por,Robert Laffont
9782221068182,es un codigo ISBN para el libro,Le poids d'une vie
9782221068182,es un codigo ISBN de una edicion publicada por,Robert Laffont
2010189817,es un codigo ISBN para el libro,Le poids d'une vie
2010189817,es un codigo ISBN de una edicion publicada por,Hachette Littérature
9782010189814,es un codigo ISBN para el libro,Le poids d'une vie
9782010189814,es un codigo ISBN de una edicion publicada por,Hachette Littérature
Bruno Bettelheim,es autor de la obra,Le poids d'une vie
9783608918793,es un codigo ISBN para el libro,Liebe allein genügt nicht. Die Erziehung emotional gestörter Kinder
9783608918793,es un codigo ISBN de una edicion publicada por,Klett-Cotta
3608918795,es un codigo ISBN para el libro,Liebe allein genügt nicht. Die Erziehung emotional gestörter Kinder
3608918795,es un codigo ISBN de una edicion publicada por,Klett-Cotta
Bruno Bettelheim,es autor de la obra,Liebe allein genügt nicht. Die Erziehung emotional gestörter Kinder
1579703690,es un codigo ISBN para el libro,Man's Identity in a Mass Society
1579703690,es un codigo ISBN de una edicion publicada por,Jeffrey Norton Pub
1579703690,está escrito en,Inglés
9781579703691,es un codigo ISBN para el libro,Man's Identity in a Mass Society
9781579703691,es un codigo ISBN de una edicion publicada por,Jeffrey Norton Pub
9781579703691,está escrito en,Inglés
1579700500,es un codigo ISBN para el libro,Man's Identity in a Mass Society
1579700500,es un codigo ISBN de una edicion publicada por,Audio-Forum
1579700500,está escrito en,Inglés
9781579700508,es un codigo ISBN para el libro,Man's Identity in a Mass Society
9781579700508,es un codigo ISBN de una edicion publicada por,Audio-Forum
9781579700508,está escrito en,Inglés
Bruno Bettelheim,es autor de la obra,Man's Identity in a Mass Society
9684198388,es un codigo ISBN para el libro,No Hay Padres Perfecto
9684198388,es un codigo ISBN de una edicion publicada por,Grijalbo
9684198388,está escrito en,Inglés
9789684198388,es un codigo ISBN para el libro,No Hay Padres Perfecto
9789684198388,es un codigo ISBN de una edicion publicada por,Grijalbo
9789684198388,está escrito en,Inglés
Bruno Bettelheim,es autor de la obra,No Hay Padres Perfecto
9780911302110,es un codigo ISBN para el libro,Obsolete Youth
9780911302110,es un codigo ISBN de una edicion publicada por,San Francisco Pr
9780911302110,está escrito en,Inglés
0911302115,es un codigo ISBN para el libro,Obsolete Youth
0911302115,es un codigo ISBN de una edicion publicada por,San Francisco Pr
0911302115,está escrito en,Inglés
Bruno Bettelheim,es autor de la obra,Obsolete Youth
9782221077603,es un codigo ISBN para el libro,Parents et enfants
9782221077603,es un codigo ISBN de una edicion publicada por,Robert Laffont
2221077601,es un codigo ISBN para el libro,Parents et enfants
2221077601,es un codigo ISBN de una edicion publicada por,Robert Laffont
Bruno Bettelheim,es autor de la obra,Parents et enfants
Martin Buber,es de nacionalidad,Austria
9789753631129,es un codigo ISBN para el libro,Yahudi yazarlar antolojisi
9789753631129,es un codigo ISBN de una edicion publicada por,Yapı Kredi Yayınları
9789753631129,está escrito en,tur
975363112X,es un codigo ISBN para el libro,Yahudi yazarlar antolojisi
975363112X,es un codigo ISBN de una edicion publicada por,Yapı Kredi Yayınları
975363112X,está escrito en,tur
Martin Buber,es autor de la obra,Yahudi yazarlar antolojisi
Yahudi yazarlar antolojisi,pertenece al género,Jewish literature
Yahudi yazarlar antolojisi,pertenece al género,Translations into Turkish
Yahudi yazarlar antolojisi,pertenece al género,Jewish authors
9789544490027,es un codigo ISBN para el libro,Аз и ти
9789544490027,es un codigo ISBN de una edicion publicada por,Steno
9789544490027,está escrito en,Búlgaro
9789544490027,está escrito en,Alemán
9544490027,es un codigo ISBN para el libro,Аз и ти
9544490027,es un codigo ISBN de una edicion publicada por,Steno
9544490027,está escrito en,Búlgaro
9544490027,está escrito en,Alemán
Martin Buber,es autor de la obra,Аз и ти
Аз и ти,pertenece al género,Mysticism
Аз и ти,pertenece al género,Judaism
Аз и ти,pertenece al género,Ontology
8020406042,es un codigo ISBN para el libro,Gog a Magog
8020406042,es un codigo ISBN de una edicion publicada por,Mladá fronta
8020406042,está escrito en,Checo
Martin Buber,es autor de la obra,Gog a Magog
Gog a Magog,pertenece al género,Hasidim
Gog a Magog,pertenece al género,Fiction
0673102122,es un codigo ISBN para el libro,The United States in Literature -- All My Sons Edition
0673102122,es un codigo ISBN de una edicion publicada por,"Scott, Foresman and Company"
0673034518,es un codigo ISBN para el libro,The United States in Literature -- All My Sons Edition
0673034518,es un codigo ISBN de una edicion publicada por,"Scott, Foresman and Company"
0673034518,está escrito en,Inglés
9780673034519,es un codigo ISBN para el libro,The United States in Literature -- All My Sons Edition
9780673034519,es un codigo ISBN de una edicion publicada por,"Scott, Foresman and Company"
9780673034519,está escrito en,Inglés
Martin Buber,es autor de la obra,The United States in Literature -- All My Sons Edition
The United States in Literature -- All My Sons Edition,pertenece al género,American literature
The United States in Literature -- All My Sons Edition,pertenece al género,Civilization
The United States in Literature -- All My Sons Edition,pertenece al género,Literary collections
9780673102119,es un codigo ISBN para el libro,The United States in Literature -- The Glass Menagerie Edition
9780673102119,es un codigo ISBN de una edicion publicada por,"Scott, Foresman and Company"
9780673102119,está escrito en,Inglés
0673102114,es un codigo ISBN para el libro,The United States in Literature -- The Glass Menagerie Edition
0673102114,es un codigo ISBN de una edicion publicada por,"Scott, Foresman and Company"
0673102114,está escrito en,Inglés
0673034275,es un codigo ISBN para el libro,The United States in Literature -- The Glass Menagerie Edition
0673034275,es un codigo ISBN de una edicion publicada por,"Scott, Foresman and Company"
0673034275,está escrito en,Inglés
9780673034274,es un codigo ISBN para el libro,The United States in Literature -- The Glass Menagerie Edition
9780673034274,es un codigo ISBN de una edicion publicada por,"Scott, Foresman and Company"
9780673034274,está escrito en,Inglés
Martin Buber,es autor de la obra,The United States in Literature -- The Glass Menagerie Edition
The United States in Literature -- The Glass Menagerie Edition,pertenece al género,History
The United States in Literature -- The Glass Menagerie Edition,pertenece al género,Fiction
The United States in Literature -- The Glass Menagerie Edition,pertenece al género,United States Civil War
3879963754,es un codigo ISBN para el libro,Alles wirkliche Leben ist Begegnung
3879963754,es un codigo ISBN de una edicion publicada por,Verlag Neue Stadt
3879963754,está escrito en,Alemán
Martin Buber,es autor de la obra,Alles wirkliche Leben ist Begegnung
Alles wirkliche Leben ist Begegnung,pertenece al género,Philosophy
Alles wirkliche Leben ist Begegnung,pertenece al género,Popular works
Alles wirkliche Leben ist Begegnung,pertenece al género,Quotations
3930093111,es un codigo ISBN para el libro,Wir wollen die Gewalt nicht
3930093111,es un codigo ISBN de una edicion publicada por,Gandhi-Informations-Zentrum
3930093111,está escrito en,Alemán
3930093111,está escrito en,Inglés
Martin Buber,es autor de la obra,Wir wollen die Gewalt nicht
Wir wollen die Gewalt nicht,pertenece al género,Views on Zionism
Wir wollen die Gewalt nicht,pertenece al género,Zionism
Ödön von Horváth,es de nacionalidad,Austria
9781981181131,es un codigo ISBN para el libro,Jugend ohne Gott
9781981181131,es un codigo ISBN de una edicion publicada por,CreateSpace Independent Publishing Platform
9781981181131,está escrito en,Inglés
9781979739085,es un codigo ISBN para el libro,Jugend ohne Gott
9781979739085,es un codigo ISBN de una edicion publicada por,CreateSpace Independent Publishing Platform
9781979739085,está escrito en,Alemán
9781977714886,es un codigo ISBN para el libro,Jugend ohne Gott
9781977714886,es un codigo ISBN de una edicion publicada por,CreateSpace Independent Publishing Platform
9781977714886,está escrito en,Alemán
9781481154925,es un codigo ISBN para el libro,Jugend ohne Gott
9781481154925,es un codigo ISBN de una edicion publicada por,CreateSpace Independent Publishing Platform
9781481154925,está escrito en,Alemán
9781505836264,es un codigo ISBN para el libro,Jugend ohne Gott
9781505836264,es un codigo ISBN de una edicion publicada por,CreateSpace Independent Publishing Platform
9781505836264,está escrito en,Alemán
9783849534752,es un codigo ISBN para el libro,Jugend ohne Gott
9783849534752,es un codigo ISBN de una edicion publicada por,tredition Verlag
9783849534752,está escrito en,Inglés
9783744830072,es un codigo ISBN para el libro,Jugend ohne Gott
9783744830072,es un codigo ISBN de una edicion publicada por,Books on Demand GmbH
9783744830072,está escrito en,Alemán
9783150190395,es un codigo ISBN para el libro,Jugend ohne Gott
9783150190395,es un codigo ISBN de una edicion publicada por,Reclam Philipp Jun.
9783150190395,está escrito en,Inglés
9788853009807,es un codigo ISBN para el libro,Jugend ohne Gott
9788853009807,es un codigo ISBN de una edicion publicada por,Cideb Editrice
8853009802,es un codigo ISBN para el libro,Jugend ohne Gott
8853009802,es un codigo ISBN de una edicion publicada por,Cideb Editrice
9783518386828,es un codigo ISBN para el libro,Jugend ohne Gott
9783518386828,es un codigo ISBN de una edicion publicada por,A. De Lange
3518386824,es un codigo ISBN para el libro,Jugend ohne Gott
3518386824,es un codigo ISBN de una edicion publicada por,A. De Lange
9798641625409,es un codigo ISBN para el libro,Jugend ohne Gott
9798641625409,es un codigo ISBN de una edicion publicada por,Independently Published
9798641625409,está escrito en,Alemán
9798574484548,es un codigo ISBN para el libro,Jugend ohne Gott
9798574484548,es un codigo ISBN de una edicion publicada por,Independently Published
9798574484548,está escrito en,Alemán
9783849528676,es un codigo ISBN para el libro,Jugend ohne Gott
9783849528676,es un codigo ISBN de una edicion publicada por,tredition Verlag
9783849528676,está escrito en,Inglés
9783518460191,es un codigo ISBN para el libro,Jugend ohne Gott
9783518460191,es un codigo ISBN de una edicion publicada por,Suhrkamp Verlag
3518460196,es un codigo ISBN para el libro,Jugend ohne Gott
3518460196,es un codigo ISBN de una edicion publicada por,Suhrkamp Verlag
Ödön von Horváth,es autor de la obra,Jugend ohne Gott
Jugend ohne Gott,pertenece al género,Fiction
Jugend ohne Gott,pertenece al género,Criticism and interpretation
Jugend ohne Gott,pertenece al género,German fiction
3423013541,es un codigo ISBN para el libro,Zur schönen Aussicht ; Die Unbekannte aus der Seine ; Figaro läßt sich scheiden
3423013541,es un codigo ISBN de una edicion publicada por,Deutscher Taschenbuch Verl
3423013541,está escrito en,Alemán
Ödön von Horváth,es autor de la obra,Zur schönen Aussicht ; Die Unbekannte aus der Seine ; Figaro läßt sich scheiden
3518366335,es un codigo ISBN para el libro,Der ju ngere Bruder
3518366335,es un codigo ISBN de una edicion publicada por,Suhrkamp
3518366335,está escrito en,Alemán
3518066331,es un codigo ISBN para el libro,Der ju ngere Bruder
3518066331,es un codigo ISBN de una edicion publicada por,Suhrkamp
3518066331,está escrito en,Alemán
9783518066331,es un codigo ISBN para el libro,Der ju ngere Bruder
9783518066331,es un codigo ISBN de una edicion publicada por,Suhrkamp
9783518066331,está escrito en,Alemán
Ödön von Horváth,es autor de la obra,Der ju ngere Bruder
3425060694,es un codigo ISBN para el libro,"Ödön von Horváth, Geschichten aus dem Wiener Wald"
3425060694,es un codigo ISBN de una edicion publicada por,Diesterweg
3425060694,está escrito en,Alemán
9783425060699,es un codigo ISBN para el libro,"Ödön von Horváth, Geschichten aus dem Wiener Wald"
9783425060699,es un codigo ISBN de una edicion publicada por,Diesterweg
9783425060699,está escrito en,Alemán
Ödön von Horváth,es autor de la obra,"Ödön von Horváth, Geschichten aus dem Wiener Wald"
"Ödön von Horváth, Geschichten aus dem Wiener Wald",pertenece al género,Criticism and interpretation
3518398431,es un codigo ISBN para el libro,Sportmrchen und andere Prosa und Verse.
3518398431,es un codigo ISBN de una edicion publicada por,Suhrkamp
9783518398432,es un codigo ISBN para el libro,Sportmrchen und andere Prosa und Verse.
9783518398432,es un codigo ISBN de una edicion publicada por,Suhrkamp
Ödön von Horváth,es autor de la obra,Sportmrchen und andere Prosa und Verse.
Egon Kapellari,es de nacionalidad,Austria
9783990291214,es un codigo ISBN para el libro,Verwandlug und Bergung der Dinge in Gefahr
9783990291214,es un codigo ISBN de una edicion publicada por,Wieser
9783990291214,está escrito en,Alemán
9783990291211,es un codigo ISBN para el libro,Verwandlug und Bergung der Dinge in Gefahr
9783990291211,es un codigo ISBN de una edicion publicada por,Wieser
9783990291211,está escrito en,Alemán
Egon Kapellari,es autor de la obra,Verwandlug und Bergung der Dinge in Gefahr
Verwandlug und Bergung der Dinge in Gefahr,pertenece al género,Criticism and interpretation
3222129452,es un codigo ISBN para el libro,Diplomatie im Dienst der Seelsorge
3222129452,es un codigo ISBN de una edicion publicada por,Styria
3222129452,está escrito en,Alemán
Egon Kapellari,es autor de la obra,Diplomatie im Dienst der Seelsorge
Diplomatie im Dienst der Seelsorge,pertenece al género,Church and state
Diplomatie im Dienst der Seelsorge,pertenece al género,Catholic Church
Diplomatie im Dienst der Seelsorge,pertenece al género,Diplomatic service
9783222128615,es un codigo ISBN para el libro,Aber Bleibendes stiften die Dichter. Gedanken für den Tag
9783222128615,es un codigo ISBN de una edicion publicada por,Styria
3222128618,es un codigo ISBN para el libro,Aber Bleibendes stiften die Dichter. Gedanken für den Tag
3222128618,es un codigo ISBN de una edicion publicada por,Styria
Egon Kapellari,es autor de la obra,Aber Bleibendes stiften die Dichter. Gedanken für den Tag
9783222131134,es un codigo ISBN para el libro,Begegnungen unterwegs
9783222131134,es un codigo ISBN de una edicion publicada por,Styria
9783222131134,está escrito en,Alemán
3222131139,es un codigo ISBN para el libro,Begegnungen unterwegs
3222131139,es un codigo ISBN de una edicion publicada por,Styria
3222131139,está escrito en,Alemán
Egon Kapellari,es autor de la obra,Begegnungen unterwegs
9783222132117,es un codigo ISBN para el libro,Bis das Licht hervorbricht
9783222132117,es un codigo ISBN de una edicion publicada por,Styria
9783222132117,está escrito en,Alemán
3222132119,es un codigo ISBN para el libro,Bis das Licht hervorbricht
3222132119,es un codigo ISBN de una edicion publicada por,Styria
3222132119,está escrito en,Alemán
Egon Kapellari,es autor de la obra,Bis das Licht hervorbricht
Bis das Licht hervorbricht,pertenece al género,Catholic Church
Bis das Licht hervorbricht,pertenece al género,Christianity and art
3222121907,es un codigo ISBN para el libro,Ein Fest gegen die Schwerkraft
3222121907,es un codigo ISBN de una edicion publicada por,Verlag Styria
3222121907,está escrito en,Alemán
Egon Kapellari,es autor de la obra,Ein Fest gegen die Schwerkraft
Ein Fest gegen die Schwerkraft,pertenece al género,Meditations
Ein Fest gegen die Schwerkraft,pertenece al género,Easter
3853784143,es un codigo ISBN para el libro,Geheimnisvoll erstrahlt das Kreuz
3853784143,es un codigo ISBN de una edicion publicada por,Carinthia
3853784143,está escrito en,Alemán
Egon Kapellari,es autor de la obra,Geheimnisvoll erstrahlt das Kreuz
Geheimnisvoll erstrahlt das Kreuz,pertenece al género,Art
Geheimnisvoll erstrahlt das Kreuz,pertenece al género,Christian art and symbolism
3222120609,es un codigo ISBN para el libro,Glanz strahlt von der Krippe auf
3222120609,es un codigo ISBN de una edicion publicada por,Verlag Styria
3222120609,está escrito en,Alemán
Egon Kapellari,es autor de la obra,Glanz strahlt von der Krippe auf
Glanz strahlt von der Krippe auf,pertenece al género,Meditations
Glanz strahlt von der Krippe auf,pertenece al género,Christmas
3222117993,es un codigo ISBN para el libro,Heilige Zeichen
3222117993,es un codigo ISBN de una edicion publicada por,Styria
3222117993,está escrito en,Alemán
Egon Kapellari,es autor de la obra,Heilige Zeichen
Heilige Zeichen,pertenece al género,Christian life
3222129444,es un codigo ISBN para el libro,Menschenzeit in Gotteszeit. Wege durch das Kirchenjahr
3222129444,es un codigo ISBN de una edicion publicada por,Styria
3222129444,está escrito en,Alemán
9783222129445,es un codigo ISBN para el libro,Menschenzeit in Gotteszeit. Wege durch das Kirchenjahr
9783222129445,es un codigo ISBN de una edicion publicada por,Styria
9783222129445,está escrito en,Alemán
Egon Kapellari,es autor de la obra,Menschenzeit in Gotteszeit. Wege durch das Kirchenjahr
3222123128,es un codigo ISBN para el libro,Und haben fast die Sprache verloren
3222123128,es un codigo ISBN de una edicion publicada por,Verlag Styria
3222123128,está escrito en,Alemán
Egon Kapellari,es autor de la obra,Und haben fast die Sprache verloren
Und haben fast die Sprache verloren,pertenece al género,Art and religion
Und haben fast die Sprache verloren,pertenece al género,Catholic Church
Und haben fast die Sprache verloren,pertenece al género,In art
3451232642,es un codigo ISBN para el libro,Worauf warten wir?
3451232642,es un codigo ISBN de una edicion publicada por,Herder
3451232642,está escrito en,Alemán
Egon Kapellari,es autor de la obra,Worauf warten wir?
Worauf warten wir?,pertenece al género,Meditations
Worauf warten wir?,pertenece al género,Advent
3222127069,es un codigo ISBN para el libro,Zu Pfingsten in Jerusalem
3222127069,es un codigo ISBN de una edicion publicada por,Styria
3222127069,está escrito en,Alemán
Egon Kapellari,es autor de la obra,Zu Pfingsten in Jerusalem
Zu Pfingsten in Jerusalem,pertenece al género,Catholic Church
Zu Pfingsten in Jerusalem,pertenece al género,Confirmation
Zu Pfingsten in Jerusalem,pertenece al género,"Gifts, Spiritual"
3222125406,es un codigo ISBN para el libro,Heilige Zeichen in Liturgie und Alltag
3222125406,es un codigo ISBN de una edicion publicada por,Verlag Styria
3222125406,está escrito en,Alemán
Egon Kapellari,es autor de la obra,Heilige Zeichen in Liturgie und Alltag
Heilige Zeichen in Liturgie und Alltag,pertenece al género,Catholic Church
Heilige Zeichen in Liturgie und Alltag,pertenece al género,Liturgical objects
Heilige Zeichen in Liturgie und Alltag,pertenece al género,Liturgy
Josef Andreas Jungmann,es de nacionalidad,Austria
9780281057597,es un codigo ISBN para el libro,Christian prayer through the centuries
9780281057597,es un codigo ISBN de una edicion publicada por,SPCK
9780281057597,es un codigo ISBN de una edicion publicada por,Society for Promoting Christian Knowledge
9780281057597,está escrito en,Inglés
0281057591,es un codigo ISBN para el libro,Christian prayer through the centuries
0281057591,es un codigo ISBN de una edicion publicada por,SPCK
0281057591,es un codigo ISBN de una edicion publicada por,Society for Promoting Christian Knowledge
0281057591,está escrito en,Inglés
Josef Andreas Jungmann,es autor de la obra,Christian prayer through the centuries
Christian prayer through the centuries,pertenece al género,Prayer
Christian prayer through the centuries,pertenece al género,Christianity
Christian prayer through the centuries,pertenece al género,History
0870612743,es un codigo ISBN para el libro,The mass of the Roman rite
0870612743,es un codigo ISBN de una edicion publicada por,Christian Classics
0870612743,está escrito en,Inglés
9780870612756,es un codigo ISBN para el libro,The mass of the Roman rite
9780870612756,es un codigo ISBN de una edicion publicada por,Christian Classics
9780870612756,está escrito en,Inglés
9780870612732,es un codigo ISBN para el libro,The mass of the Roman rite
9780870612732,es un codigo ISBN de una edicion publicada por,Christian Classics
9780870612732,está escrito en,Inglés
0870612751,es un codigo ISBN para el libro,The mass of the Roman rite
0870612751,es un codigo ISBN de una edicion publicada por,Christian Classics
0870612751,está escrito en,Inglés
0870612719,es un codigo ISBN para el libro,The mass of the Roman rite
0870612719,es un codigo ISBN de una edicion publicada por,Christian Classics
0870612719,está escrito en,Inglés
087061276X,es un codigo ISBN para el libro,The mass of the Roman rite
087061276X,es un codigo ISBN de una edicion publicada por,Christian Classics
087061276X,está escrito en,Inglés
9780870612725,es un codigo ISBN para el libro,The mass of the Roman rite
9780870612725,es un codigo ISBN de una edicion publicada por,Christian Classics
9780870612725,está escrito en,Inglés
0870612727,es un codigo ISBN para el libro,The mass of the Roman rite
0870612727,es un codigo ISBN de una edicion publicada por,Christian Classics
0870612727,está escrito en,Inglés
9780870612749,es un codigo ISBN para el libro,The mass of the Roman rite
9780870612749,es un codigo ISBN de una edicion publicada por,Christian Classics
9780870612749,está escrito en,Inglés
9780870612718,es un codigo ISBN para el libro,The mass of the Roman rite
9780870612718,es un codigo ISBN de una edicion publicada por,Christian Classics
9780870612718,está escrito en,Inglés
0870612735,es un codigo ISBN para el libro,The mass of the Roman rite
0870612735,es un codigo ISBN de una edicion publicada por,Christian Classics
0870612735,está escrito en,Inglés
9780870612763,es un codigo ISBN para el libro,The mass of the Roman rite
9780870612763,es un codigo ISBN de una edicion publicada por,Christian Classics
9780870612763,está escrito en,Inglés
Josef Andreas Jungmann,es autor de la obra,The mass of the Roman rite
The mass of the Roman rite,pertenece al género,Liturgy
The mass of the Roman rite,pertenece al género,History
The mass of the Roman rite,pertenece al género,Mass
0223293792,es un codigo ISBN para el libro,The eucharistic prayer
0223293792,es un codigo ISBN de una edicion publicada por,Challoner
0223293792,está escrito en,Inglés
Josef Andreas Jungmann,es autor de la obra,The eucharistic prayer
The eucharistic prayer,pertenece al género,Liturgy
The eucharistic prayer,pertenece al género,Eucharistic prayers
The eucharistic prayer,pertenece al género,Catholic Church
0223296007,es un codigo ISBN para el libro,Announcing the Word of God
0223296007,es un codigo ISBN de una edicion publicada por,Burns & Oates
0223296007,está escrito en,Inglés
Josef Andreas Jungmann,es autor de la obra,Announcing the Word of God
Announcing the Word of God,pertenece al género,Liturgy
Announcing the Word of God,pertenece al género,Catholic Church
Announcing the Word of God,pertenece al género,"Catholic church, liturgy"
9780870612879,es un codigo ISBN para el libro,Pastoral liturgy
9780870612879,es un codigo ISBN de una edicion publicada por,Ave Maria Press
9780870612879,es un codigo ISBN de una edicion publicada por,Christian Classics
9780870612879,está escrito en,Inglés
0870612875,es un codigo ISBN para el libro,Pastoral liturgy
0870612875,es un codigo ISBN de una edicion publicada por,Ave Maria Press
0870612875,es un codigo ISBN de una edicion publicada por,Christian Classics
0870612875,está escrito en,Inglés
Josef Andreas Jungmann,es autor de la obra,Pastoral liturgy
Pastoral liturgy,pertenece al género,Liturgics
Michael Hainisch,es de nacionalidad,Austria
3205085655,es un codigo ISBN para el libro,75 Jahre aus bewegter Zeit
3205085655,es un codigo ISBN de una edicion publicada por,Böhlau
3205085655,está escrito en,Alemán
Michael Hainisch,es autor de la obra,75 Jahre aus bewegter Zeit
75 Jahre aus bewegter Zeit,pertenece al género,Biography
75 Jahre aus bewegter Zeit,pertenece al género,Politics and government
75 Jahre aus bewegter Zeit,pertenece al género,Presidents
3205085655,es un codigo ISBN para el libro,"Michael Hainisch, 75 [i.e. Fünfundsiebzig] Jahre aus bewegter Zeit"
3205085655,es un codigo ISBN de una edicion publicada por,Böhlau
Michael Hainisch,es autor de la obra,"Michael Hainisch, 75 [i.e. Fünfundsiebzig] Jahre aus bewegter Zeit"
"Michael Hainisch, 75 [i.e. Fünfundsiebzig] Jahre aus bewegter Zeit",pertenece al género,Politics and government
"Michael Hainisch, 75 [i.e. Fünfundsiebzig] Jahre aus bewegter Zeit",pertenece al género,Presidents
"Michael Hainisch, 75 [i.e. Fünfundsiebzig] Jahre aus bewegter Zeit",pertenece al género,Biography
Raoul Hausmann,es de nacionalidad,Austria
3835391003,es un codigo ISBN para el libro,Ibiza
3835391003,es un codigo ISBN de una edicion publicada por,Konstanz University Press
3835391003,está escrito en,Alemán
9783835391000,es un codigo ISBN para el libro,Ibiza
9783835391000,es un codigo ISBN de una edicion publicada por,Konstanz University Press
9783835391000,está escrito en,Alemán
Raoul Hausmann,es autor de la obra,Ibiza
Ibiza,pertenece al género,Pictorial works
Ibiza,pertenece al género,History
Ibiza,pertenece al género,Artistic Photography
9782912132871,es un codigo ISBN para el libro,Raoul Hausmann
9782912132871,es un codigo ISBN de una edicion publicada por,Jeu de Paume
9782912132871,es un codigo ISBN de una edicion publicada por,"Le Point du jour, centre d'art-éditeur"
9782912132871,es un codigo ISBN de una edicion publicada por,Musée départemental d'art contemporain
9782912132871,está escrito en,Francés
Raoul Hausmann,es autor de la obra,Raoul Hausmann
Raoul Hausmann,pertenece al género,Exhibitions
Raoul Hausmann,pertenece al género,Artistic Photography
Raoul Hausmann,pertenece al género,Photographers
9782840660514,es un codigo ISBN para el libro,Optophonétique
9782840660514,es un codigo ISBN de una edicion publicada por,Les Presses du réel
9782840660514,está escrito en,Francés
2840660512,es un codigo ISBN para el libro,Optophonétique
2840660512,es un codigo ISBN de una edicion publicada por,Les Presses du réel
2840660512,está escrito en,Francés
Raoul Hausmann,es autor de la obra,Optophonétique
393629870X,es un codigo ISBN para el libro,Hans/Jean Arp
393629870X,es un codigo ISBN de una edicion publicada por,Belleville
393629870X,está escrito en,Alemán
9783936298703,es un codigo ISBN para el libro,Hans/Jean Arp
9783936298703,es un codigo ISBN de una edicion publicada por,Belleville
9783936298703,está escrito en,Alemán
Raoul Hausmann,es autor de la obra,Hans/Jean Arp
3865726577,es un codigo ISBN para el libro,Dada-Wissenschaft
3865726577,es un codigo ISBN de una edicion publicada por,Philo Fine Arts
3865726577,está escrito en,Alemán
9783865726575,es un codigo ISBN para el libro,Dada-Wissenschaft
9783865726575,es un codigo ISBN de una edicion publicada por,Philo Fine Arts
9783865726575,está escrito en,Alemán
978386572657,es un codigo ISBN para el libro,Dada-Wissenschaft
978386572657,es un codigo ISBN de una edicion publicada por,Philo Fine Arts
978386572657,está escrito en,Alemán
Raoul Hausmann,es autor de la obra,Dada-Wissenschaft
Dada-Wissenschaft,pertenece al género,Dadaism
Dada-Wissenschaft,pertenece al género,Philosophy
Dada-Wissenschaft,pertenece al género,Optics
3854203926,es un codigo ISBN para el libro,La sensorialité excentrique =
3854203926,es un codigo ISBN de una edicion publicada por,Literaturverlag Droschl
3854203926,está escrito en,Alemán
Raoul Hausmann,es autor de la obra,La sensorialité excentrique =
377570549X,es un codigo ISBN para el libro,Scharfrichter der bürgerlichen Seele
377570549X,es un codigo ISBN de una edicion publicada por,Hatje
377570549X,está escrito en,Alemán
Raoul Hausmann,es autor de la obra,Scharfrichter der bürgerlichen Seele
Scharfrichter der bürgerlichen Seele,pertenece al género,Archives
3894011637,es un codigo ISBN para el libro,Geist im Handumdrehen
3894011637,es un codigo ISBN de una edicion publicada por,Edition Moderne
3894011637,es un codigo ISBN de una edicion publicada por,Edition Nautilus
3894011637,está escrito en,Alemán
Raoul Hausmann,es autor de la obra,Geist im Handumdrehen
2851080318,es un codigo ISBN para el libro,Je ne suis pas un photographe
2851080318,es un codigo ISBN de una edicion publicada por,Chêne
2851080318,está escrito en,Francés
Raoul Hausmann,es autor de la obra,Je ne suis pas un photographe
Je ne suis pas un photographe,pertenece al género,Photomontage
390029206X,es un codigo ISBN para el libro,"Raoul Hausmann, Briefe"
390029206X,es un codigo ISBN de una edicion publicada por,H. Bäcker
390029206X,está escrito en,Alemán
Raoul Hausmann,es autor de la obra,"Raoul Hausmann, Briefe"
"Raoul Hausmann, Briefe",pertenece al género,Correspondence
"Raoul Hausmann, Briefe",pertenece al género,Artists
3883770922,es un codigo ISBN para el libro,Texte bis 1933
3883770922,es un codigo ISBN de una edicion publicada por,Edition Text + Kritik
3883770922,está escrito en,Alemán
3883771139,es un codigo ISBN para el libro,Texte bis 1933
3883771139,es un codigo ISBN de una edicion publicada por,Edition Text + Kritik
3883771139,está escrito en,Alemán
Raoul Hausmann,es autor de la obra,Texte bis 1933
3852182557,es un codigo ISBN para el libro,Umbruch
3852182557,es un codigo ISBN de una edicion publicada por,Haymon
3852182557,está escrito en,Alemán
Raoul Hausmann,es autor de la obra,Umbruch
377570518X,es un codigo ISBN para el libro,"Raoul Hausmann, 1886-1971"
377570518X,es un codigo ISBN de una edicion publicada por,Verlag G. Hatje
377570518X,está escrito en,Alemán
Raoul Hausmann,es autor de la obra,"Raoul Hausmann, 1886-1971"
"Raoul Hausmann, 1886-1971",pertenece al género,Exhibitions
"Raoul Hausmann, 1886-1971",pertenece al género,Criticism and interpretation
3870380136,es un codigo ISBN para el libro,Am Anfang war Dada
3870380136,es un codigo ISBN de una edicion publicada por,G. Kämpf
3870380136,está escrito en,Alemán
Raoul Hausmann,es autor de la obra,Am Anfang war Dada
Am Anfang war Dada,pertenece al género,Dadaism
9782911188657,es un codigo ISBN para el libro,Courrier Dada
9782911188657,es un codigo ISBN de una edicion publicada por,Allia
9782911188657,está escrito en,Francés
2911188659,es un codigo ISBN para el libro,Courrier Dada
2911188659,es un codigo ISBN de una edicion publicada por,Allia
2911188659,está escrito en,Francés
2904235426,es un codigo ISBN para el libro,Courrier Dada
2904235426,es un codigo ISBN de una edicion publicada por,Editions Allia
2904235426,está escrito en,Francés
Raoul Hausmann,es autor de la obra,Courrier Dada
Courrier Dada,pertenece al género,"Arts, German"
Courrier Dada,pertenece al género,"Arts, Modern"
Courrier Dada,pertenece al género,Dadaism
Manfred Deix,es de nacionalidad,Austria
9783257020441,es un codigo ISBN para el libro,Küss' die Hand
9783257020441,es un codigo ISBN de una edicion publicada por,Diogenes
9783257020441,está escrito en,Alemán
3257020449,es un codigo ISBN para el libro,Küss' die Hand
3257020449,es un codigo ISBN de una edicion publicada por,Diogenes
3257020449,está escrito en,Alemán
Manfred Deix,es autor de la obra,Küss' die Hand
Küss' die Hand,pertenece al género,Pictorial Austrian wit and humor
3902407018,es un codigo ISBN para el libro,Die Welt des Manfred Deix
3902407018,es un codigo ISBN de una edicion publicada por,Karikaturmuseum Krems
3902407018,está escrito en,Alemán
Manfred Deix,es autor de la obra,Die Welt des Manfred Deix
Die Welt des Manfred Deix,pertenece al género,Exhibitions
Die Welt des Manfred Deix,pertenece al género,Pictorial Austrian wit and humor
3800070596,es un codigo ISBN para el libro,Der dicke Deix
3800070596,es un codigo ISBN de una edicion publicada por,Ueberreuter
3800070596,está escrito en,Alemán
Manfred Deix,es autor de la obra,Der dicke Deix
Der dicke Deix,pertenece al género,Pictorial Austrian wit and humor
Der dicke Deix,pertenece al género,Catalogs
3205774175,es un codigo ISBN para el libro,Das grosse Buch vom Lebensstil
3205774175,es un codigo ISBN de una edicion publicada por,Böhlau
3205774175,está escrito en,Alemán
9783205774174,es un codigo ISBN para el libro,Das grosse Buch vom Lebensstil
9783205774174,es un codigo ISBN de una edicion publicada por,Böhlau
9783205774174,está escrito en,Alemán
Manfred Deix,es autor de la obra,Das grosse Buch vom Lebensstil
Das grosse Buch vom Lebensstil,pertenece al género,Human behavior
Das grosse Buch vom Lebensstil,pertenece al género,Caricatures and cartoons
Das grosse Buch vom Lebensstil,pertenece al género,Lifestyles
3453025148,es un codigo ISBN para el libro,Peepshow
3453025148,es un codigo ISBN de una edicion publicada por,Heyne
3453025148,está escrito en,Alemán
9783453025141,es un codigo ISBN para el libro,Peepshow
9783453025141,es un codigo ISBN de una edicion publicada por,Heyne
9783453025141,está escrito en,Alemán
Manfred Deix,es autor de la obra,Peepshow
Peepshow,pertenece al género,O sterreich
Peepshow,pertenece al género,In der Kunst
Peepshow,pertenece al género,Karikatur
3257020295,es un codigo ISBN para el libro,Augenschmaus
3257020295,es un codigo ISBN de una edicion publicada por,Diogenes
3257020295,está escrito en,Alemán
Manfred Deix,es autor de la obra,Augenschmaus
Augenschmaus,pertenece al género,Caricatures and cartoons
Augenschmaus,pertenece al género,Pictorial Austrian wit and humor
Augenschmaus,pertenece al género,Politics and government
3257020694,es un codigo ISBN para el libro,The Very Best of Deix
3257020694,es un codigo ISBN de una edicion publicada por,Diogenes
9783257020694,es un codigo ISBN para el libro,The Very Best of Deix
9783257020694,es un codigo ISBN de una edicion publicada por,Diogenes
Manfred Deix,es autor de la obra,The Very Best of Deix
Gert Jonke,es de nacionalidad,Austria
3902497076,es un codigo ISBN para el libro,Strandkonzert mit Brandung
3902497076,es un codigo ISBN de una edicion publicada por,Jung und Jung
3902497076,está escrito en,Alemán
Gert Jonke,es autor de la obra,Strandkonzert mit Brandung
Strandkonzert mit Brandung,pertenece al género,In literature
3902497653,es un codigo ISBN para el libro,Alle Gedichte
3902497653,es un codigo ISBN de una edicion publicada por,"Jung und, Jung"
3902497653,está escrito en,Alemán
9783902497659,es un codigo ISBN para el libro,Alle Gedichte
9783902497659,es un codigo ISBN de una edicion publicada por,"Jung und, Jung"
9783902497659,está escrito en,Alemán
Gert Jonke,es autor de la obra,Alle Gedichte
Gert Jonke,es autor de la obra,Wahr ist viel mehr
3701734550,es un codigo ISBN para el libro,Rudolf Hradil
3701734550,es un codigo ISBN de una edicion publicada por,Residenz Verlag
3701734550,está escrito en,Alemán
9783701734559,es un codigo ISBN para el libro,Rudolf Hradil
9783701734559,es un codigo ISBN de una edicion publicada por,Residenz Verlag
9783701734559,está escrito en,Alemán
Gert Jonke,es autor de la obra,Rudolf Hradil
9783499146657,es un codigo ISBN para el libro,Schule der Geläufigkeit
9783499146657,es un codigo ISBN de una edicion publicada por,Rowohlt
9783499146657,está escrito en,Alemán
3499146657,es un codigo ISBN para el libro,Schule der Geläufigkeit
3499146657,es un codigo ISBN de una edicion publicada por,Rowohlt
3499146657,está escrito en,Alemán
9783518224014,es un codigo ISBN para el libro,Schule der Geläufigkeit
9783518224014,es un codigo ISBN de una edicion publicada por,Suhrkamp
9783518224014,está escrito en,Alemán
3518224018,es un codigo ISBN para el libro,Schule der Geläufigkeit
3518224018,es un codigo ISBN de una edicion publicada por,Suhrkamp
3518224018,está escrito en,Alemán
Gert Jonke,es autor de la obra,Schule der Geläufigkeit
3902497459,es un codigo ISBN para el libro,Alle Stücke
3902497459,es un codigo ISBN de una edicion publicada por,Jung und Jung
3902497459,está escrito en,Alemán
9783902497451,es un codigo ISBN para el libro,Alle Stücke
9783902497451,es un codigo ISBN de una edicion publicada por,Jung und Jung
9783902497451,está escrito en,Alemán
Gert Jonke,es autor de la obra,Alle Stücke
9781564785268,es un codigo ISBN para el libro,The distant sound
9781564785268,es un codigo ISBN de una edicion publicada por,Dalkey Archive Press
9781564785268,está escrito en,Inglés
Gert Jonke,es autor de la obra,The distant sound
The distant sound,pertenece al género,Composers
The distant sound,pertenece al género,Fiction
The distant sound,pertenece al género,Continental european fiction (fictional works by one author)
9781564785503,es un codigo ISBN para el libro,The system of Vienna
9781564785503,es un codigo ISBN de una edicion publicada por,Dalkey Archive Press
9781564785503,está escrito en,Inglés
1564785505,es un codigo ISBN para el libro,The system of Vienna
1564785505,es un codigo ISBN de una edicion publicada por,Dalkey Archive Press
1564785505,está escrito en,Inglés
Gert Jonke,es autor de la obra,The system of Vienna
The system of Vienna,pertenece al género,Travel
The system of Vienna,pertenece al género,Fiction
The system of Vienna,pertenece al género,"Fiction, biographical"
3701706557,es un codigo ISBN para el libro,"Sanftwut, oder, Der Ohrenmaschinist"
3701706557,es un codigo ISBN de una edicion publicada por,Residenz Verlag
3701706557,está escrito en,Alemán
Gert Jonke,es autor de la obra,"Sanftwut, oder, Der Ohrenmaschinist"
"Sanftwut, oder, Der Ohrenmaschinist",pertenece al género,Drama
9781564787941,es un codigo ISBN para el libro,Awakening To The Great Sleep War A Novel
9781564787941,es un codigo ISBN de una edicion publicada por,Dalkey Archive Press
Gert Jonke,es autor de la obra,Awakening To The Great Sleep War A Novel
Awakening To The Great Sleep War A Novel,pertenece al género,"Fiction, general"
9781572411562,es un codigo ISBN para el libro,Blinding moment
9781572411562,es un codigo ISBN de una edicion publicada por,Ariadne Press
9781572411562,está escrito en,Inglés
Gert Jonke,es autor de la obra,Blinding moment
Blinding moment,pertenece al género,Fiction
Blinding moment,pertenece al género,Drama
Blinding moment,pertenece al género,Poetry
3854206275,es un codigo ISBN para el libro,Chorphantasie
3854206275,es un codigo ISBN de una edicion publicada por,Droschl
3854206275,está escrito en,Alemán
9783854206279,es un codigo ISBN para el libro,Chorphantasie
9783854206279,es un codigo ISBN de una edicion publicada por,Droschl
9783854206279,está escrito en,Alemán
Gert Jonke,es autor de la obra,Chorphantasie
3701705348,es un codigo ISBN para el libro,Der Kopf des Georg Friedrich Händel
3701705348,es un codigo ISBN de una edicion publicada por,Residenz Verlag
3701705348,está escrito en,Alemán
Gert Jonke,es autor de la obra,Der Kopf des Georg Friedrich Händel
Der Kopf des Georg Friedrich Händel,pertenece al género,Fiction
3701702624,es un codigo ISBN para el libro,Die erste Reise zum unerforschten Grund des stillen Horizonts
3701702624,es un codigo ISBN de una edicion publicada por,Residenz
3701702624,está escrito en,Alemán
Gert Jonke,es autor de la obra,Die erste Reise zum unerforschten Grund des stillen Horizonts
370170287X,es un codigo ISBN para el libro,Erwachen zum grossen Schlafkrieg
370170287X,es un codigo ISBN de una edicion publicada por,Residenz
370170287X,está escrito en,Alemán
Gert Jonke,es autor de la obra,Erwachen zum grossen Schlafkrieg
3701711216,es un codigo ISBN para el libro,Es singen die Stein
3701711216,es un codigo ISBN de una edicion publicada por,Residenz
3701711216,está escrito en,Alemán
Gert Jonke,es autor de la obra,Es singen die Stein
9781564785015,es un codigo ISBN para el libro,Homage to Czerny
9781564785015,es un codigo ISBN de una edicion publicada por,Dalkey Archive Press
9781564785015,está escrito en,Inglés
Gert Jonke,es autor de la obra,Homage to Czerny
Homage to Czerny,pertenece al género,Composers
Homage to Czerny,pertenece al género,Fiction
Homage to Czerny,pertenece al género,"Fiction, general"
3518066560,es un codigo ISBN para el libro,Im Inland und im Ausland auch
3518066560,es un codigo ISBN de una edicion publicada por,Suhrkamp
3518066560,está escrito en,Alemán
Gert Jonke,es autor de la obra,Im Inland und im Ausland auch
3902144033,es un codigo ISBN para el libro,Insektarium
3902144033,es un codigo ISBN de una edicion publicada por,Jung Und Jung
3902144033,está escrito en,Alemán
9783902144034,es un codigo ISBN para el libro,Insektarium
9783902144034,es un codigo ISBN de una edicion publicada por,Jung Und Jung
9783902144034,está escrito en,Alemán
Gert Jonke,es autor de la obra,Insektarium
2864322161,es un codigo ISBN para el libro,La Guerre Du Sommeil
2864322161,es un codigo ISBN de una edicion publicada por,Editions Verdier
9782864322160,es un codigo ISBN para el libro,La Guerre Du Sommeil
9782864322160,es un codigo ISBN de una edicion publicada por,Editions Verdier
Gert Jonke,es autor de la obra,La Guerre Du Sommeil
2864323265,es un codigo ISBN para el libro,La mort d'Anton Webern
2864323265,es un codigo ISBN de una edicion publicada por,Verdier
2864323265,está escrito en,Francés
9782864323266,es un codigo ISBN para el libro,La mort d'Anton Webern
9782864323266,es un codigo ISBN de una edicion publicada por,Verdier
9782864323266,está escrito en,Francés
Gert Jonke,es autor de la obra,La mort d'Anton Webern
9782864322276,es un codigo ISBN para el libro,La tête de George Frédéric Haendel
9782864322276,es un codigo ISBN de una edicion publicada por,Verdier
9782864322276,está escrito en,Francés
2864322277,es un codigo ISBN para el libro,La tête de George Frédéric Haendel
2864322277,es un codigo ISBN de una edicion publicada por,Verdier
2864322277,está escrito en,Francés
Gert Jonke,es autor de la obra,La tête de George Frédéric Haendel
385420194X,es un codigo ISBN para el libro,"Materialien zu Gert Jonkes Theatersonate Sanftwut, oder, Der Ohrenmaschinist"
385420194X,es un codigo ISBN de una edicion publicada por,Droschl
385420194X,está escrito en,Alemán
Gert Jonke,es autor de la obra,"Materialien zu Gert Jonkes Theatersonate Sanftwut, oder, Der Ohrenmaschinist"
"Materialien zu Gert Jonkes Theatersonate Sanftwut, oder, Der Ohrenmaschinist",pertenece al género,Drama
3886611426,es un codigo ISBN para el libro,Opus 111
3886611426,es un codigo ISBN de una edicion publicada por,Verlag der Autoren
3886611426,está escrito en,Alemán
Gert Jonke,es autor de la obra,Opus 111
3902144483,es un codigo ISBN para el libro,Redner rund um die Uhr
3902144483,es un codigo ISBN de una edicion publicada por,Jung und Jung
3902144483,está escrito en,Alemán
Gert Jonke,es autor de la obra,Redner rund um die Uhr
Eberhard Kranzmayer,es de nacionalidad,Austria
3706900904,es un codigo ISBN para el libro,Kleine namenkundliche Schriften
3706900904,es un codigo ISBN de una edicion publicada por,Praesens
3706900904,está escrito en,Alemán
Eberhard Kranzmayer,es autor de la obra,Kleine namenkundliche Schriften
Kleine namenkundliche Schriften,pertenece al género,Geographical Names
Kleine namenkundliche Schriften,pertenece al género,Toponymy
3706900181,es un codigo ISBN para el libro,Probleme der oberdeutschen Dialektologie und Namenkunde
3706900181,es un codigo ISBN de una edicion publicada por,Edition Praesens
3706900181,está escrito en,Alemán
Eberhard Kranzmayer,es autor de la obra,Probleme der oberdeutschen Dialektologie und Namenkunde
Probleme der oberdeutschen Dialektologie und Namenkunde,pertenece al género,Dialectology
Probleme der oberdeutschen Dialektologie und Namenkunde,pertenece al género,Congresses
Probleme der oberdeutschen Dialektologie und Namenkunde,pertenece al género,Names
3205031350,es un codigo ISBN para el libro,Bayerisch-österreichisches Wörterbuch
3205031350,es un codigo ISBN de una edicion publicada por,H. Böhlaus Nachf.
3205031350,está escrito en,Alemán
Eberhard Kranzmayer,es autor de la obra,Bayerisch-österreichisches Wörterbuch
Bayerisch-österreichisches Wörterbuch,pertenece al género,Dialects
Bayerisch-österreichisches Wörterbuch,pertenece al género,German language
Bayerisch-österreichisches Wörterbuch,pertenece al género,Dictionaries
3853696074,es un codigo ISBN para el libro,"Glossar zur Laut- und Flexionslehre der deutschen zimbrischen Mundart, das sind die Mundarten in den sieben Vicentinischen Gemeinden, den dreizehn veroneser Gemeinden und den deutschen Orten im Trentinischen (mit Ausnahme des Fersentales und des Nonsberges)"
3853696074,es un codigo ISBN de una edicion publicada por,VWGÖ
3853696074,está escrito en,Alemán
Eberhard Kranzmayer,es autor de la obra,"Glossar zur Laut- und Flexionslehre der deutschen zimbrischen Mundart, das sind die Mundarten in den sieben Vicentinischen Gemeinden, den dreizehn veroneser Gemeinden und den deutschen Orten im Trentinischen (mit Ausnahme des Fersentales und des Nonsberges)"
"Glossar zur Laut- und Flexionslehre der deutschen zimbrischen Mundart, das sind die Mundarten in den sieben Vicentinischen Gemeinden, den dreizehn veroneser Gemeinden und den deutschen Orten im Trentinischen (mit Ausnahme des Fersentales und des Nonsberges)",pertenece al género,German language
"Glossar zur Laut- und Flexionslehre der deutschen zimbrischen Mundart, das sind die Mundarten in den sieben Vicentinischen Gemeinden, den dreizehn veroneser Gemeinden und den deutschen Orten im Trentinischen (mit Ausnahme des Fersentales und des Nonsberges)",pertenece al género,"Glossaries, vocabularies"
"Glossar zur Laut- und Flexionslehre der deutschen zimbrischen Mundart, das sind die Mundarten in den sieben Vicentinischen Gemeinden, den dreizehn veroneser Gemeinden und den deutschen Orten im Trentinischen (mit Ausnahme des Fersentales und des Nonsberges)",pertenece al género,Dialects
3853694659,es un codigo ISBN para el libro,Laut- und Flexionslehre der deutschen zimbrischen Mundart
3853694659,es un codigo ISBN de una edicion publicada por,VWGÖ
3853694659,está escrito en,Alemán
Eberhard Kranzmayer,es autor de la obra,Laut- und Flexionslehre der deutschen zimbrischen Mundart
Laut- und Flexionslehre der deutschen zimbrischen Mundart,pertenece al género,German language
Laut- und Flexionslehre der deutschen zimbrischen Mundart,pertenece al género,Dialects
Laut- und Flexionslehre der deutschen zimbrischen Mundart,pertenece al género,Phonology
Karel Klostermann,es de nacionalidad,Austria
8086876020,es un codigo ISBN para el libro,V srdci šumavských hvozdů
8086876020,es un codigo ISBN de una edicion publicada por,Nakladatelství Dr. Radovan Rebstök
8086876020,está escrito en,Checo
Karel Klostermann,es autor de la obra,V srdci šumavských hvozdů
8086876039,es un codigo ISBN para el libro,Črty ze Šumavy
8086876039,es un codigo ISBN de una edicion publicada por,Nakladatelství Dr. Radovan Rebstök
8086876039,está escrito en,Checo
Karel Klostermann,es autor de la obra,Črty ze Šumavy
Črty ze Šumavy,pertenece al género,Tales
Črty ze Šumavy,pertenece al género,Description and travel
Črty ze Šumavy,pertenece al género,History
808530192X,es un codigo ISBN para el libro,V ráji šumavském
808530192X,es un codigo ISBN de una edicion publicada por,Nakladatelství Dr. Radovan Rebstoeck
808530192X,está escrito en,Checo
Karel Klostermann,es autor de la obra,V ráji šumavském
Karl Hans Strobl,es de nacionalidad,Austria
Rudolf A. Haunschmied,es de nacionalidad,Austria
9783833474408,es un codigo ISBN para el libro,St. Georgen-Gusen-Mauthausen
9783833474408,es un codigo ISBN de una edicion publicada por,Gusen Memorial Committee
9783833474408,está escrito en,Inglés
9783833476105,es un codigo ISBN para el libro,St. Georgen-Gusen-Mauthausen
9783833476105,es un codigo ISBN de una edicion publicada por,Gusen Memorial Committee
9783833476105,está escrito en,Inglés
3833476109,es un codigo ISBN para el libro,St. Georgen-Gusen-Mauthausen
3833476109,es un codigo ISBN de una edicion publicada por,Gusen Memorial Committee
3833476109,está escrito en,Inglés
Rudolf A. Haunschmied,es autor de la obra,St. Georgen-Gusen-Mauthausen
St. Georgen-Gusen-Mauthausen,pertenece al género,Deutsche Erd- und Steinwerke
St. Georgen-Gusen-Mauthausen,pertenece al género,German Prisoners and prisons
St. Georgen-Gusen-Mauthausen,pertenece al género,Gusen (Concentration camp)
9788884837240,es un codigo ISBN para el libro,Getta la pietra!
9788884837240,es un codigo ISBN de una edicion publicada por,Mimesis Edizioni
9788884837240,está escrito en,Italiano
Rudolf A. Haunschmied,es autor de la obra,Getta la pietra!
Karl Felix Wolff,es de nacionalidad,Austria
3702211470,es un codigo ISBN para el libro,Dolomitensagen
3702211470,es un codigo ISBN de una edicion publicada por,Tyrolia-Verl.
3702211470,está escrito en,Alemán
Karl Felix Wolff,es autor de la obra,Dolomitensagen
Dolomitensagen,pertenece al género,Tales
Dolomitensagen,pertenece al género,Legends
370221147X,es un codigo ISBN para el libro,Dolomiten Sagen
370221147X,es un codigo ISBN de una edicion publicada por,Tyrolia-Verl.
370221147X,está escrito en,Alemán
Karl Felix Wolff,es autor de la obra,Dolomiten Sagen
Dolomiten Sagen,pertenece al género,Austrian Tales
Dolomiten Sagen,pertenece al género,Italian Tales
Dolomiten Sagen,pertenece al género,Legends
Rudolf Kassner,es de nacionalidad,Austria
Alexander Roda Roda,es de nacionalidad,Austria
3784422934,es un codigo ISBN para el libro,Die Panduren. Roman einer Landschaft
3784422934,es un codigo ISBN de una edicion publicada por,"Langen-Müller, Mchn."
9783784422930,es un codigo ISBN para el libro,Die Panduren. Roman einer Landschaft
9783784422930,es un codigo ISBN de una edicion publicada por,"Langen-Müller, Mchn."
Alexander Roda Roda,es autor de la obra,Die Panduren. Roman einer Landschaft
3552040056,es un codigo ISBN para el libro,Das grosse Roda Roda Buch
3552040056,es un codigo ISBN de una edicion publicada por,P. Zsolnay
3552040056,está escrito en,Alemán
Alexander Roda Roda,es autor de la obra,Das grosse Roda Roda Buch
370460089X,es un codigo ISBN para el libro,Das grosse Roda Roda Album
370460089X,es un codigo ISBN de una edicion publicada por,Österreichische Staatsdruckerei
370460089X,está escrito en,Alemán
Alexander Roda Roda,es autor de la obra,Das grosse Roda Roda Album
Das grosse Roda Roda Album,pertenece al género,Austrian Authors
Das grosse Roda Roda Album,pertenece al género,Biography
3883561460,es un codigo ISBN para el libro,Geschichten aus Slavonien
3883561460,es un codigo ISBN de una edicion publicada por,Südostdeutsches Kulturwerk
3883561460,está escrito en,Alemán
Alexander Roda Roda,es autor de la obra,Geschichten aus Slavonien
Geschichten aus Slavonien,pertenece al género,Fiction
3552042210,es un codigo ISBN para el libro,Roda Roda erzählt
3552042210,es un codigo ISBN de una edicion publicada por,P. Zsolnay
3552042210,está escrito en,Alemán
Alexander Roda Roda,es autor de la obra,Roda Roda erzählt
3404002431,es un codigo ISBN para el libro,"Wilde Herren, wilde Liebe"
3404002431,es un codigo ISBN de una edicion publicada por,Bastei Verlag
3404002431,está escrito en,Alemán
Alexander Roda Roda,es autor de la obra,"Wilde Herren, wilde Liebe"
3548223419,es un codigo ISBN para el libro,Polo
3548223419,es un codigo ISBN de una edicion publicada por,Ullstein
3548223419,está escrito en,Alemán
3784418392,es un codigo ISBN para el libro,Polo
3784418392,es un codigo ISBN de una edicion publicada por,Langen Müller
3784418392,está escrito en,Alemán
Alexander Roda Roda,es autor de la obra,Polo
342311195X,es un codigo ISBN para el libro,Fünfhundert Schwänke
342311195X,es un codigo ISBN de una edicion publicada por,Deutscher Taschenbuch Verlag
342311195X,está escrito en,Alemán
Alexander Roda Roda,es autor de la obra,Fünfhundert Schwänke
3499115212,es un codigo ISBN para el libro,Heiteres und Schärferes
3499115212,es un codigo ISBN de una edicion publicada por,Rowohlt
3499115212,está escrito en,Alemán
Alexander Roda Roda,es autor de la obra,Heiteres und Schärferes
Peter Paul Wiplinger,es de nacionalidad,Austria
9783902808462,es un codigo ISBN para el libro,Schattenzeit
9783902808462,es un codigo ISBN de una edicion publicada por,Arovell Verlag
9783902808462,está escrito en,Alemán
Peter Paul Wiplinger,es autor de la obra,Schattenzeit
3853743277,es un codigo ISBN para el libro,Spuren
3853743277,es un codigo ISBN de una edicion publicada por,Roetzer Edition
3853743277,está escrito en,Alemán
Peter Paul Wiplinger,es autor de la obra,Spuren
9783902585615,es un codigo ISBN para el libro,"Schriftstellerbegegnungen, 1960-2010"
9783902585615,es un codigo ISBN de una edicion publicada por,Kitab
9783902585615,está escrito en,Alemán
Peter Paul Wiplinger,es autor de la obra,"Schriftstellerbegegnungen, 1960-2010"
"Schriftstellerbegegnungen, 1960-2010",pertenece al género,German Authors
"Schriftstellerbegegnungen, 1960-2010",pertenece al género,Biography
"Schriftstellerbegegnungen, 1960-2010",pertenece al género,Authors
8389247437,es un codigo ISBN para el libro,Znaki życia
8389247437,es un codigo ISBN de una edicion publicada por,Oficyna Wydawnicza Atut - Wrocławskie Wydawnictwo Oświatowe
8389247437,está escrito en,Polaco
8389247437,está escrito en,Alemán
9788389247438,es un codigo ISBN para el libro,Znaki życia
9788389247438,es un codigo ISBN de una edicion publicada por,Oficyna Wydawnicza Atut - Wrocławskie Wydawnictwo Oświatowe
9788389247438,está escrito en,Polaco
9788389247438,está escrito en,Alemán
Peter Paul Wiplinger,es autor de la obra,Znaki życia
9788374321976,es un codigo ISBN para el libro,Obrazy życia
9788374321976,es un codigo ISBN de una edicion publicada por,Oficyna Wydawnicza Atut - Wrocławskie Wydawnictwo Oświatowe
9788374321976,está escrito en,Polaco
Peter Paul Wiplinger,es autor de la obra,Obrazy życia
Obrazy życia,pertenece al género,German Authors
Obrazy życia,pertenece al género,Biography
9667077004,es un codigo ISBN para el libro,Znaky žyttja
9667077004,es un codigo ISBN de una edicion publicada por,Majdan
9667077004,está escrito en,ukr
Peter Paul Wiplinger,es autor de la obra,Znaky žyttja
3852143292,es un codigo ISBN para el libro,Abschiede
3852143292,es un codigo ISBN de una edicion publicada por,OLV-Buchverlag
3852143292,está escrito en,Alemán
Peter Paul Wiplinger,es autor de la obra,Abschiede
0893040231,es un codigo ISBN para el libro,Borders =
0893040231,es un codigo ISBN de una edicion publicada por,Cross-Cultural Communications
0893040231,está escrito en,Inglés
0893040223,es un codigo ISBN para el libro,Borders =
0893040223,es un codigo ISBN de una edicion publicada por,Cross-Cultural Communications
0893040223,está escrito en,Inglés
089304024X,es un codigo ISBN para el libro,Borders =
089304024X,es un codigo ISBN de una edicion publicada por,Cross-Cultural Communications
089304024X,está escrito en,Inglés
Peter Paul Wiplinger,es autor de la obra,Borders =
Borders =,pertenece al género,Poetry (poetic works by one author)
390074338X,es un codigo ISBN para el libro,Farbenlehre
390074338X,es un codigo ISBN de una edicion publicada por,Alekto Verlag
390074338X,está escrito en,Alemán
Peter Paul Wiplinger,es autor de la obra,Farbenlehre
3850981878,es un codigo ISBN para el libro,Herzschläge
3850981878,es un codigo ISBN de una edicion publicada por,G. Grasl
3850981878,está escrito en,Alemán
Peter Paul Wiplinger,es autor de la obra,Herzschläge
390074369X,es un codigo ISBN para el libro,Lebenszeichen
390074369X,es un codigo ISBN de una edicion publicada por,Alekto
390074369X,está escrito en,Alemán
Peter Paul Wiplinger,es autor de la obra,Lebenszeichen
385374284X,es un codigo ISBN para el libro,Unterwegs
385374284X,es un codigo ISBN de una edicion publicada por,Edition Roetzer
385374284X,está escrito en,Alemán
Peter Paul Wiplinger,es autor de la obra,Unterwegs
Unterwegs,pertenece al género,Poetry
Unterwegs,pertenece al género,Voyages and travels
Unterwegs,pertenece al género,Travel
3900743428,es un codigo ISBN para el libro,Bildersprache
3900743428,es un codigo ISBN de una edicion publicada por,Alekto
3900743428,está escrito en,Alemán
3850131300,es un codigo ISBN para el libro,Bildersprache
3850131300,es un codigo ISBN de una edicion publicada por,Mohorjeva zal.
3850131300,es un codigo ISBN de una edicion publicada por,Zal. Obzorja
3850131300,está escrito en,Esloveno
Peter Paul Wiplinger,es autor de la obra,Bildersprache
9780893040246,es un codigo ISBN para el libro,Borders = Grenzen
9780893040246,es un codigo ISBN de una edicion publicada por,Cross-Cultural Communications
089304024X,es un codigo ISBN para el libro,Borders = Grenzen
0893040231,es un codigo ISBN para el libro,Borders = Grenzen
9780893040239,es un codigo ISBN para el libro,Borders = Grenzen
9780893040239,es un codigo ISBN de una edicion publicada por,Cross-Cultural Communications
9780893040222,es un codigo ISBN para el libro,Borders = Grenzen
9780893040222,es un codigo ISBN de una edicion publicada por,Cross-Cultural Communications
9780893040222,está escrito en,Inglés
0893040223,es un codigo ISBN para el libro,Borders = Grenzen
Peter Paul Wiplinger,es autor de la obra,Borders = Grenzen
Axel Corti,es de nacionalidad,Austria
3217008073,es un codigo ISBN para el libro,Ein Dorf
3217008073,es un codigo ISBN de una edicion publicada por,Molden
3217008073,está escrito en,Alemán
Axel Corti,es autor de la obra,Ein Dorf
Ein Dorf,pertenece al género,Pictorial works
9783218006088,es un codigo ISBN para el libro,"Der Schalldämpfer, Bd.2"
9783218006088,es un codigo ISBN de una edicion publicada por,Kremayr & Scheriau
9783218006088,está escrito en,Alemán
3218006082,es un codigo ISBN para el libro,"Der Schalldämpfer, Bd.2"
3218006082,es un codigo ISBN de una edicion publicada por,Kremayr & Scheriau
3218006082,está escrito en,Alemán
Axel Corti,es autor de la obra,"Der Schalldämpfer, Bd.2"
"Der Schalldämpfer, Bd.2",pertenece al género,Social life and customs
Lisbeth Zwerger,es de nacionalidad,Austria
9781338340532,es un codigo ISBN para el libro,Hogwarts Library
9781338340532,es un codigo ISBN de una edicion publicada por,"Scholastic, Incorporated"
9781338340532,está escrito en,Inglés
9780545615402,es un codigo ISBN para el libro,Hogwarts Library
9780545615402,es un codigo ISBN de una edicion publicada por,"Scholastic, Incorporated"
9780545615402,está escrito en,Inglés
9781526620309,es un codigo ISBN para el libro,Hogwarts Library
9781526620309,es un codigo ISBN de una edicion publicada por,Bloomsbury Publishing Plc
9781526620309,está escrito en,Inglés
8498388295,es un codigo ISBN para el libro,Hogwarts Library
8498388295,es un codigo ISBN de una edicion publicada por,Salamandra Infantil y Juvenil
9788498388299,es un codigo ISBN para el libro,Hogwarts Library
9788498388299,es un codigo ISBN de una edicion publicada por,Salamandra Infantil y Juvenil
9781408883112,es un codigo ISBN para el libro,Hogwarts Library
9781408883112,es un codigo ISBN de una edicion publicada por,Bloomsbury
9781408883112,está escrito en,Inglés
1408883112,es un codigo ISBN para el libro,Hogwarts Library
1408883112,es un codigo ISBN de una edicion publicada por,Bloomsbury
1408883112,está escrito en,Inglés
1408834820,es un codigo ISBN para el libro,Hogwarts Library
1408834820,es un codigo ISBN de una edicion publicada por,Bloomsbury Publishing India Private Limited
9781408834824,es un codigo ISBN para el libro,Hogwarts Library
9781408834824,es un codigo ISBN de una edicion publicada por,Bloomsbury Publishing India Private Limited
9781338132328,es un codigo ISBN para el libro,Hogwarts Library
9781338132328,es un codigo ISBN de una edicion publicada por,Arthur A. Levine Books
1338132326,es un codigo ISBN para el libro,Hogwarts Library
1338132326,es un codigo ISBN de una edicion publicada por,Arthur A. Levine Books
Lisbeth Zwerger,es autor de la obra,Hogwarts Library
Hogwarts Library,pertenece al género,English Fantasy fiction
Hogwarts Library,pertenece al género,"Children's stories, English"
Hogwarts Library,pertenece al género,Child and youth fiction
9780735848030,es un codigo ISBN para el libro,Tales from the Brothers Grimm
9780735848030,es un codigo ISBN de una edicion publicada por,"North-South Books, Incorporated"
9780735848030,es un codigo ISBN de una edicion publicada por,NorthSouth Books
9780735848030,está escrito en,Inglés
9781662650161,es un codigo ISBN para el libro,Tales from the Brothers Grimm
9781662650161,es un codigo ISBN de una edicion publicada por,"Neugebauer (Publishing) Limited, Michael"
9781662650161,está escrito en,Inglés
9781495602337,es un codigo ISBN para el libro,Tales from the Brothers Grimm
9781495602337,es un codigo ISBN de una edicion publicada por,"Neugebauer (Publishing) Limited, Michael"
9781495602337,está escrito en,Inglés
9781495602320,es un codigo ISBN para el libro,Tales from the Brothers Grimm
9781495602320,es un codigo ISBN de una edicion publicada por,"Neugebauer (Publishing) Limited, Michael"
9781495602320,está escrito en,Inglés
9781495602313,es un codigo ISBN para el libro,Tales from the Brothers Grimm
9781495602313,es un codigo ISBN de una edicion publicada por,"Neugebauer (Publishing) Limited, Michael"
9781495602313,está escrito en,Inglés
Lisbeth Zwerger,es autor de la obra,Tales from the Brothers Grimm
Tales from the Brothers Grimm,pertenece al género,Children's fiction
9788882030674,es un codigo ISBN para el libro,L'arca di Noè
9788882030674,es un codigo ISBN de una edicion publicada por,Nord-Sud
8882030679,es un codigo ISBN para el libro,L'arca di Noè
8882030679,es un codigo ISBN de una edicion publicada por,Nord-Sud
Lisbeth Zwerger,es autor de la obra,L'arca di Noè
9780735814196,es un codigo ISBN para el libro,Noah's Ark
9780735814196,es un codigo ISBN de una edicion publicada por,Michael Neugebauer (North South Books)
9780735814196,está escrito en,Inglés
0735814198,es un codigo ISBN para el libro,Noah's Ark
0735814198,es un codigo ISBN de una edicion publicada por,Michael Neugebauer (North South Books)
0735814198,está escrito en,Inglés
Lisbeth Zwerger,es autor de la obra,Noah's Ark
9788423314096,es un codigo ISBN para el libro,DITONA
9788423314096,es un codigo ISBN de una edicion publicada por,Destino Infantil & Juvenil CAT
842331409X,es un codigo ISBN para el libro,DITONA
842331409X,es un codigo ISBN de una edicion publicada por,Destino Infantil & Juvenil CAT
Lisbeth Zwerger,es autor de la obra,DITONA
8423315681,es un codigo ISBN para el libro,EL ROSSINYOL
8423315681,es un codigo ISBN de una edicion publicada por,Destino Infantil & Juvenil CAT
9788423315680,es un codigo ISBN para el libro,EL ROSSINYOL
9788423315680,es un codigo ISBN de una edicion publicada por,Destino Infantil & Juvenil CAT
Lisbeth Zwerger,es autor de la obra,EL ROSSINYOL
9780698400825,es un codigo ISBN para el libro,Noah's Ark
Noah's Ark,pertenece al género,Noah's ark
Noah's Ark,pertenece al género,"Bible stories, o.t."
Noah's Ark,pertenece al género,"Bible, juvenile literature"
9780735818705,es un codigo ISBN para el libro,How the Camel Got His Hump
9780735818705,es un codigo ISBN de una edicion publicada por,North-South
9780735818705,está escrito en,Inglés
0735818703,es un codigo ISBN para el libro,How the Camel Got His Hump
0735818703,es un codigo ISBN de una edicion publicada por,North-South
0735818703,está escrito en,Inglés
Lisbeth Zwerger,es autor de la obra,How the Camel Got His Hump
9783314211676,es un codigo ISBN para el libro,Un chant de Noël
9783314211676,es un codigo ISBN de una edicion publicada por,NordSud
3314211678,es un codigo ISBN para el libro,Un chant de Noël
3314211678,es un codigo ISBN de una edicion publicada por,NordSud
Lisbeth Zwerger,es autor de la obra,Un chant de Noël
9783851955255,es un codigo ISBN para el libro,Der Sandmann kommt
9783851955255,es un codigo ISBN de una edicion publicada por,Neugebauer Michael Vlg.
3851955250,es un codigo ISBN para el libro,Der Sandmann kommt
3851955250,es un codigo ISBN de una edicion publicada por,Neugebauer Michael Vlg.
Lisbeth Zwerger,es autor de la obra,Der Sandmann kommt
9780735841871,es un codigo ISBN para el libro,Wonderment: The Lisbeth Zwerger Collection
9780735841871,es un codigo ISBN de una edicion publicada por,NorthSouth Books
073584187X,es un codigo ISBN para el libro,Wonderment: The Lisbeth Zwerger Collection
073584187X,es un codigo ISBN de una edicion publicada por,NorthSouth Books
Lisbeth Zwerger,es autor de la obra,Wonderment: The Lisbeth Zwerger Collection
Wonderment: The Lisbeth Zwerger Collection,pertenece al género,Children's fiction
Wonderment: The Lisbeth Zwerger Collection,pertenece al género,Picture books
9780689858017,es un codigo ISBN para el libro,Gift of the Magi
9780689858017,es un codigo ISBN de una edicion publicada por,Simon & Schuster Books For Young Readers
9780689858017,está escrito en,Inglés
Lisbeth Zwerger,es autor de la obra,Gift of the Magi
Gift of the Magi,pertenece al género,Children's fiction
Gift of the Magi,pertenece al género,"Christmas, fiction"
9789888341283,es un codigo ISBN para el libro,Romeo & Juliet (adaptation)
9789888341283,es un codigo ISBN de una edicion publicada por,"Neugebauer (Publishing) Limited, Michael"
9789888341283,está escrito en,Inglés
Lisbeth Zwerger,es autor de la obra,Romeo & Juliet (adaptation)
0887082696,es un codigo ISBN para el libro,"NIGHTINGALE, THE (Pixies, No 22)"
0887082696,es un codigo ISBN de una edicion publicada por,Simon & Schuster Children's Publishing
0887082696,está escrito en,Inglés
9780887082696,es un codigo ISBN para el libro,"NIGHTINGALE, THE (Pixies, No 22)"
9780887082696,es un codigo ISBN de una edicion publicada por,Simon & Schuster Children's Publishing
9780887082696,está escrito en,Inglés
Lisbeth Zwerger,es autor de la obra,"NIGHTINGALE, THE (Pixies, No 22)"
0735814635,es un codigo ISBN para el libro,Lisbeth Zwerger Bible Stories 2002 Wall Calendar
0735814635,es un codigo ISBN de una edicion publicada por,Michael Neugebauer (North South Books)
0735814635,está escrito en,Inglés
9780735814639,es un codigo ISBN para el libro,Lisbeth Zwerger Bible Stories 2002 Wall Calendar
9780735814639,es un codigo ISBN de una edicion publicada por,Michael Neugebauer (North South Books)
9780735814639,está escrito en,Inglés
Lisbeth Zwerger,es autor de la obra,Lisbeth Zwerger Bible Stories 2002 Wall Calendar
9789991564616,es un codigo ISBN para el libro,3 Favorites by the Brothers Grimm
9789991564616,es un codigo ISBN de una edicion publicada por,Listening Library
9991564616,es un codigo ISBN para el libro,3 Favorites by the Brothers Grimm
9991564616,es un codigo ISBN de una edicion publicada por,Listening Library
Lisbeth Zwerger,es autor de la obra,3 Favorites by the Brothers Grimm
9780887080920,es un codigo ISBN para el libro,The Seven Ravens
9780887080920,es un codigo ISBN de una edicion publicada por,Simon & Schuster Children's Publishing
9780887080920,está escrito en,Inglés
0887080928,es un codigo ISBN para el libro,The Seven Ravens
0887080928,es un codigo ISBN de una edicion publicada por,Simon & Schuster Children's Publishing
0887080928,está escrito en,Inglés
Lisbeth Zwerger,es autor de la obra,The Seven Ravens
9789888240999,es un codigo ISBN para el libro,The Selfish Giant
9789888240999,es un codigo ISBN de una edicion publicada por,"Neugebauer (Publishing) Limited, Michael"
9789888240999,está escrito en,Inglés
9789888341733,es un codigo ISBN para el libro,The Selfish Giant
9789888341733,es un codigo ISBN de una edicion publicada por,minedition
9888341731,es un codigo ISBN para el libro,The Selfish Giant
9888341731,es un codigo ISBN de una edicion publicada por,minedition
Lisbeth Zwerger,es autor de la obra,The Selfish Giant
The Selfish Giant,pertenece al género,Fairy tales
The Selfish Giant,pertenece al género,Giants
The Selfish Giant,pertenece al género,Juvenile fiction
0735841411,es un codigo ISBN para el libro,Leonce and Lena
0735841411,es un codigo ISBN de una edicion publicada por,NorthSouth
0735841411,es un codigo ISBN de una edicion publicada por,NorthSouth Books
9780735841413,es un codigo ISBN para el libro,Leonce and Lena
9780735841413,es un codigo ISBN de una edicion publicada por,NorthSouth
9780735841413,es un codigo ISBN de una edicion publicada por,NorthSouth Books
Lisbeth Zwerger,es autor de la obra,Leonce and Lena
0887081797,es un codigo ISBN para el libro,Aesop's fables
0887081797,es un codigo ISBN de una edicion publicada por,Picture Book Studio
0887081797,está escrito en,Inglés
Lisbeth Zwerger,es autor de la obra,Aesop's fables
Aesop's fables,pertenece al género,Greek Fables
Aesop's fables,pertenece al género,Translations into English
Aesop's fables,pertenece al género,Fables
0907234488,es un codigo ISBN para el libro,Little Red Cap
0907234488,es un codigo ISBN de una edicion publicada por,Distributed by Alphabet Press
0907234488,es un codigo ISBN de una edicion publicada por,Picture Book Studio USA
0907234488,está escrito en,Inglés
Lisbeth Zwerger,es autor de la obra,Little Red Cap
Little Red Cap,pertenece al género,Fairy tales
Little Red Cap,pertenece al género,Folklore
Little Red Cap,pertenece al género,Children's fiction
3507951002,es un codigo ISBN para el libro,Hänsel und Gretel
3507951002,es un codigo ISBN de una edicion publicada por,H. Schroedel
3507951002,está escrito en,Alemán
Lisbeth Zwerger,es autor de la obra,Hänsel und Gretel
9789888341146,es un codigo ISBN para el libro,Merry Pranks of till Eulenspiegel
9789888341146,es un codigo ISBN de una edicion publicada por,"Neugebauer (Publishing) Limited, Michael"
9789888341146,está escrito en,Inglés
Lisbeth Zwerger,es autor de la obra,Merry Pranks of till Eulenspiegel
9789888341139,es un codigo ISBN para el libro,Dwarf Nose
9789888341139,es un codigo ISBN de una edicion publicada por,"Neugebauer (Publishing) Limited, Michael"
9789888341139,está escrito en,Inglés
Lisbeth Zwerger,es autor de la obra,Dwarf Nose
Dwarf Nose,pertenece al género,Dwarfs
Dwarf Nose,pertenece al género,Juvenile fiction
Dwarf Nose,pertenece al género,Fairy tales
9798629525806,es un codigo ISBN para el libro,Andersen's Fairy Tales
9798629525806,es un codigo ISBN de una edicion publicada por,Independently Published
9798629525806,está escrito en,Inglés
9798623308368,es un codigo ISBN para el libro,Andersen's Fairy Tales
9798623308368,es un codigo ISBN de una edicion publicada por,Independently Published
9798623308368,está escrito en,Inglés
9789888341696,es un codigo ISBN para el libro,Andersen's Fairy Tales
9789888341696,es un codigo ISBN de una edicion publicada por,"Neugebauer (Publishing) Limited, Michael"
9789888341696,está escrito en,Inglés
9789888240876,es un codigo ISBN para el libro,Andersen's Fairy Tales
9789888240876,es un codigo ISBN de una edicion publicada por,"North-South Books, Incorporated"
9789888240876,está escrito en,Inglés
Lisbeth Zwerger,es autor de la obra,Andersen's Fairy Tales
9577450660,es un codigo ISBN para el libro,Ting wo wei ni chang tong yao
9577450660,es un codigo ISBN de una edicion publicada por,Ge lin wen hua shi ye you xian gong si
9577450660,está escrito en,chi
9789577450661,es un codigo ISBN para el libro,Ting wo wei ni chang tong yao
9789577450661,es un codigo ISBN de una edicion publicada por,Ge lin wen hua shi ye you xian gong si
9789577450661,está escrito en,chi
Lisbeth Zwerger,es autor de la obra,Ting wo wei ni chang tong yao
Ting wo wei ni chang tong yao,pertenece al género,Nursery rhymes
Ting wo wei ni chang tong yao,pertenece al género,Children's poetry
3851955188,es un codigo ISBN para el libro,Die 7 Raben
3851955188,es un codigo ISBN de una edicion publicada por,Neugebauer
3851955188,está escrito en,Alemán
3851955188,es un codigo ISBN de una edicion publicada por,Michael Neugebauer Verlag
Lisbeth Zwerger,es autor de la obra,Die 7 Raben
Die 7 Raben,pertenece al género,Fairy tales
Die 7 Raben,pertenece al género,Juvenile literature
Die 7 Raben,pertenece al género,Folklore
9570807342,es un codigo ISBN para el libro,Xiao hong mao
9570807342,es un codigo ISBN de una edicion publicada por,Lian jing chu ban shi ye gong si
9570807342,está escrito en,chi
Lisbeth Zwerger,es autor de la obra,Xiao hong mao
Xiao hong mao,pertenece al género,Fairy tales
Xiao hong mao,pertenece al género,Folklore
0907234461,es un codigo ISBN para el libro,Hansel and Gretel
0907234461,es un codigo ISBN de una edicion publicada por,Distributed by Alphabet Press
0907234461,es un codigo ISBN de una edicion publicada por,Picture Book Studio USA
0907234461,está escrito en,Inglés
Lisbeth Zwerger,es autor de la obra,Hansel and Gretel
Hansel and Gretel,pertenece al género,Fairy tales
Hansel and Gretel,pertenece al género,Folklore
Hansel and Gretel,pertenece al género,Children's fiction
8423319229,es un codigo ISBN para el libro,Fábulas de Esopo
8423319229,es un codigo ISBN de una edicion publicada por,Ediciones Destino
8423319229,está escrito en,Español
Lisbeth Zwerger,es autor de la obra,Fábulas de Esopo
Fábulas de Esopo,pertenece al género,Fables
Fábulas de Esopo,pertenece al género,Fábulas
Karl Kraus,es de nacionalidad,Austria
3453097130,es un codigo ISBN para el libro,Nachts
3453097130,es un codigo ISBN de una edicion publicada por,Die Fackel
3453097130,está escrito en,Alemán
9783453097131,es un codigo ISBN para el libro,Nachts
9783453097131,es un codigo ISBN de una edicion publicada por,Die Fackel
9783453097131,está escrito en,Alemán
Karl Kraus,es autor de la obra,Nachts
3365003703,es un codigo ISBN para el libro,Die letzte Nacht
3365003703,es un codigo ISBN de una edicion publicada por,"Verlag ""Die Fackel,"""
3365003703,está escrito en,Alemán
9783365003701,es un codigo ISBN para el libro,Die letzte Nacht
9783365003701,es un codigo ISBN de una edicion publicada por,"Verlag ""Die Fackel,"""
9783365003701,está escrito en,Alemán
Karl Kraus,es autor de la obra,Die letzte Nacht
351837821X,es un codigo ISBN para el libro,Dramen
351837821X,es un codigo ISBN de una edicion publicada por,Suhrkamp
351837821X,está escrito en,Alemán
Karl Kraus,es autor de la obra,Dramen
3518378171,es un codigo ISBN para el libro,Die Sprache
3518378171,es un codigo ISBN de una edicion publicada por,Suhrkamp
3518378171,está escrito en,Alemán
Karl Kraus,es autor de la obra,Die Sprache
Die Sprache,pertenece al género,German language
Die Sprache,pertenece al género,Errors of usage
9783518378120,es un codigo ISBN para el libro,Die Chinesische Mauer
9783518378120,es un codigo ISBN de una edicion publicada por,Suhrkamp
9783518378120,está escrito en,Alemán
3518378120,es un codigo ISBN para el libro,Die Chinesische Mauer
3518378120,es un codigo ISBN de una edicion publicada por,Suhrkamp
3518378120,está escrito en,Alemán
Karl Kraus,es autor de la obra,Die Chinesische Mauer
3830506422,es un codigo ISBN para el libro,Sittlichkeit und Kriminalität (1908)
3830506422,es un codigo ISBN de una edicion publicada por,"BWV, Berliner Wissenschafts-Verlag"
3830506422,está escrito en,Alemán
Karl Kraus,es autor de la obra,Sittlichkeit und Kriminalität (1908)
Sittlichkeit und Kriminalität (1908),pertenece al género,Moral conditions
Sittlichkeit und Kriminalität (1908),pertenece al género,Crime
Karl Kraus,es autor de la obra,"Gedichte, die glücklich machen"
Karl König,es de nacionalidad,Austria
9668838106,es un codigo ISBN para el libro,Ponimanie reči i lečenie o reči
9668838106,es un codigo ISBN de una edicion publicada por,NAIRI
9668838106,está escrito en,rus
Karl König,es autor de la obra,Ponimanie reči i lečenie o reči
Ponimanie reči i lečenie o reči,pertenece al género,Kind
Ponimanie reči i lečenie o reči,pertenece al género,Sprachentwicklungsstörung
Ponimanie reči i lečenie o reči,pertenece al género,Logopädie
3772506100,es un codigo ISBN para el libro,Sinnesentwicklung und Leiberfahrung
3772506100,es un codigo ISBN de una edicion publicada por,Freies Geistesleben
3772506100,está escrito en,Alemán
Karl König,es autor de la obra,Sinnesentwicklung und Leiberfahrung
9783723512937,es un codigo ISBN para el libro,Ita Wegman und Karl König
9783723512937,es un codigo ISBN de una edicion publicada por,Verlag am Goetheanum
9783723512937,está escrito en,Alemán
9783723512937,está escrito en,Inglés
Karl König,es autor de la obra,Ita Wegman und Karl König
Ita Wegman und Karl König,pertenece al género,Correspondence
Ita Wegman und Karl König,pertenece al género,Physicians
Ita Wegman und Karl König,pertenece al género,Anthroposophists
3525456565,es un codigo ISBN para el libro,Angst und Persönlichkeit
3525456565,es un codigo ISBN de una edicion publicada por,Vandenhoeck & Ruprecht GmbH & Company KG
3525456565,es un codigo ISBN de una edicion publicada por,Verlag für Med. Psychologie im Verl. Vandenhoeck u. Ruprecht
3525456565,está escrito en,Alemán
Karl König,es autor de la obra,Angst und Persönlichkeit
Angst und Persönlichkeit,pertenece al género,Anxiety
Angst und Persönlichkeit,pertenece al género,Phobias
Angst und Persönlichkeit,pertenece al género,Agoraphobia
3772502172,es un codigo ISBN para el libro,DIE ERSTEN DREI JAHRE DES KINDES
3772502172,es un codigo ISBN de una edicion publicada por,VERLAG FREIES GEISTESLEBEN
3772502172,está escrito en,Alemán
Karl König,es autor de la obra,DIE ERSTEN DREI JAHRE DES KINDES
1879839049,es un codigo ISBN para el libro,Embryology
1879839049,está escrito en,Inglés
Karl König,es autor de la obra,Embryology
Embryology,pertenece al género,"Embryology, Human"
Embryology,pertenece al género,Evolution
Embryology,pertenece al género,Human Embryology
9780863156281,es un codigo ISBN para el libro,Karl König
9780863156281,es un codigo ISBN de una edicion publicada por,Floris
9780863156281,está escrito en,Inglés
0863156282,es un codigo ISBN para el libro,Karl König
0863156282,es un codigo ISBN de una edicion publicada por,Floris
0863156282,está escrito en,Inglés
Karl König,es autor de la obra,Karl König
Karl König,pertenece al género,Physicians
Karl König,pertenece al género,Biography
Karl König,pertenece al género,Philosophers
1897839200,es un codigo ISBN para el libro,On reading and writing
1897839200,es un codigo ISBN de una edicion publicada por,Camphill Books
1897839200,está escrito en,Inglés
Karl König,es autor de la obra,On reading and writing
On reading and writing,pertenece al género,Literacy
On reading and writing,pertenece al género,Reading
On reading and writing,pertenece al género,Language arts
0863155782,es un codigo ISBN para el libro,The human soul
0863155782,es un codigo ISBN de una edicion publicada por,Floris Books
0863155782,está escrito en,Inglés
9780863155789,es un codigo ISBN para el libro,The human soul
9780863155789,es un codigo ISBN de una edicion publicada por,Floris Books
9780863155789,está escrito en,Inglés
Karl König,es autor de la obra,The human soul
The human soul,pertenece al género,Anthropsophy
The human soul,pertenece al género,Soul
The human soul,pertenece al género,Anthroposophy
Gerda Lerner,es de nacionalidad,Austria
9786144340073,es un codigo ISBN para el libro,نشأة النظام الأبوي
9786144340073,es un codigo ISBN de una edicion publicada por,al-Munaẓẓamah al-ʻArabīyah lil-Tarjamah
9786144340073,está escrito en,ara
6144340076,es un codigo ISBN para el libro,نشأة النظام الأبوي
6144340076,es un codigo ISBN de una edicion publicada por,al-Munaẓẓamah al-ʻArabīyah lil-Tarjamah
6144340076,está escrito en,ara
Gerda Lerner,es autor de la obra,نشأة النظام الأبوي
نشأة النظام الأبوي,pertenece al género,Women
نشأة النظام الأبوي,pertenece al género,History
نشأة النظام الأبوي,pertenece al género,Sex role
3593345293,es un codigo ISBN para el libro,Die Entstehung des Patriarchats
3593345293,es un codigo ISBN de una edicion publicada por,Campus Verlag
3593345293,está escrito en,Alemán
Gerda Lerner,es autor de la obra,Die Entstehung des Patriarchats
Die Entstehung des Patriarchats,pertenece al género,Patriarchy
Die Entstehung des Patriarchats,pertenece al género,Women
Die Entstehung des Patriarchats,pertenece al género,History
902841438X,es un codigo ISBN para el libro,Een eigen dood
902841438X,es un codigo ISBN de una edicion publicada por,Wereldbibliotheek
902841438X,está escrito en,Neerlandés
Gerda Lerner,es autor de la obra,Een eigen dood
Een eigen dood,pertenece al género,Brain
Een eigen dood,pertenece al género,Tumors
Een eigen dood,pertenece al género,Patients
9781280522895,es un codigo ISBN para el libro,Majority Finds Its Past
9781280522895,es un codigo ISBN de una edicion publicada por,Oxford University Press
9781280522895,está escrito en,Inglés
Gerda Lerner,es autor de la obra,Majority Finds Its Past
8416946086,es un codigo ISBN para el libro,The creation of patriarchy
8416946086,es un codigo ISBN de una edicion publicada por,Katakrak
9788416946082,es un codigo ISBN para el libro,The creation of patriarchy
9788416946082,es un codigo ISBN de una edicion publicada por,Katakrak
3423047100,es un codigo ISBN para el libro,The creation of patriarchy
3423047100,es un codigo ISBN de una edicion publicada por,Dtv
3423047100,está escrito en,Alemán
9783423047104,es un codigo ISBN para el libro,The creation of patriarchy
9783423047104,es un codigo ISBN de una edicion publicada por,Dtv
9783423047104,está escrito en,Alemán
0195039963,es un codigo ISBN para el libro,The creation of patriarchy
0195039963,es un codigo ISBN de una edicion publicada por,Oxford University Press
0195039963,está escrito en,Inglés
Gerda Lerner,es autor de la obra,The creation of patriarchy
The creation of patriarchy,pertenece al género,History
The creation of patriarchy,pertenece al género,Women
The creation of patriarchy,pertenece al género,Patriarchy
9788416946709,es un codigo ISBN para el libro,The Grimke Sisters from South Carolina
9788416946709,es un codigo ISBN de una edicion publicada por,Katakrak
8416946701,es un codigo ISBN para el libro,The Grimke Sisters from South Carolina
8416946701,es un codigo ISBN de una edicion publicada por,Katakrak
0805203214,es un codigo ISBN para el libro,The Grimke Sisters from South Carolina
0805203214,es un codigo ISBN de una edicion publicada por,Schocken
9780805203219,es un codigo ISBN para el libro,The Grimke Sisters from South Carolina
9780805203219,es un codigo ISBN de una edicion publicada por,Schocken
9780395079089,es un codigo ISBN para el libro,The Grimke Sisters from South Carolina
9780395079089,es un codigo ISBN de una edicion publicada por,Houghton Mifflin
039507908X,es un codigo ISBN para el libro,The Grimke Sisters from South Carolina
039507908X,es un codigo ISBN de una edicion publicada por,Houghton Mifflin
9781280528859,es un codigo ISBN para el libro,The Grimke Sisters from South Carolina
9781280528859,es un codigo ISBN de una edicion publicada por,Oxford University Press
9781280528859,está escrito en,Inglés
9781469604879,es un codigo ISBN para el libro,The Grimke Sisters from South Carolina
9781469604879,es un codigo ISBN de una edicion publicada por,University of North Carolina Press
9781469604879,está escrito en,Inglés
0807868094,es un codigo ISBN para el libro,The Grimke Sisters from South Carolina
0807868094,es un codigo ISBN de una edicion publicada por,The University of North Carolina Press
9780807868096,es un codigo ISBN para el libro,The Grimke Sisters from South Carolina
9780807868096,es un codigo ISBN de una edicion publicada por,The University of North Carolina Press
0807855669,es un codigo ISBN para el libro,The Grimke Sisters from South Carolina
0807855669,es un codigo ISBN de una edicion publicada por,University of North Carolina Press
0807855669,está escrito en,Inglés
0195106032,es un codigo ISBN para el libro,The Grimke Sisters from South Carolina
0195106032,es un codigo ISBN de una edicion publicada por,Oxford University Press
0195106032,está escrito en,Inglés
0807855669,es un codigo ISBN de una edicion publicada por,The University of North Carolina Press
9780807855669,es un codigo ISBN para el libro,The Grimke Sisters from South Carolina
9780807855669,es un codigo ISBN de una edicion publicada por,The University of North Carolina Press
9780807855669,está escrito en,Inglés
Gerda Lerner,es autor de la obra,The Grimke Sisters from South Carolina
The Grimke Sisters from South Carolina,pertenece al género,Biography
The Grimke Sisters from South Carolina,pertenece al género,History
The Grimke Sisters from South Carolina,pertenece al género,Women's rights
8416946310,es un codigo ISBN para el libro,The Creation of Feminist Consciousness
8416946310,es un codigo ISBN de una edicion publicada por,Katakrak
9788416946310,es un codigo ISBN para el libro,The Creation of Feminist Consciousness
9788416946310,es un codigo ISBN de una edicion publicada por,Katakrak
3593352648,es un codigo ISBN para el libro,The Creation of Feminist Consciousness
3593352648,es un codigo ISBN de una edicion publicada por,Campus-Verlag
3593352648,está escrito en,Alemán
9783593352640,es un codigo ISBN para el libro,The Creation of Feminist Consciousness
9783593352640,es un codigo ISBN de una edicion publicada por,Campus-Verlag
9783593352640,está escrito en,Alemán
3423306424,es un codigo ISBN para el libro,The Creation of Feminist Consciousness
3423306424,es un codigo ISBN de una edicion publicada por,Dtv
3423306424,está escrito en,Alemán
9783423306423,es un codigo ISBN para el libro,The Creation of Feminist Consciousness
9783423306423,es un codigo ISBN de una edicion publicada por,Dtv
9783423306423,está escrito en,Alemán
0195066049,es un codigo ISBN para el libro,The Creation of Feminist Consciousness
0195066049,es un codigo ISBN de una edicion publicada por,Oxford University Press
0195066049,está escrito en,Inglés
0195090608,es un codigo ISBN para el libro,The Creation of Feminist Consciousness
0195090608,es un codigo ISBN de una edicion publicada por,"Oxford University Press, USA"
0195090608,está escrito en,Inglés
9780195090604,es un codigo ISBN para el libro,The Creation of Feminist Consciousness
9780195090604,es un codigo ISBN de una edicion publicada por,"Oxford University Press, USA"
9780195090604,está escrito en,Inglés
Gerda Lerner,es autor de la obra,The Creation of Feminist Consciousness
The Creation of Feminist Consciousness,pertenece al género,"Civilization, Western"
The Creation of Feminist Consciousness,pertenece al género,Feminist theory
The Creation of Feminist Consciousness,pertenece al género,History
9788531615344,es un codigo ISBN para el libro,A Criação do Patriarcado
9788531615344,es un codigo ISBN de una edicion publicada por,Editora Cultrix
Gerda Lerner,es autor de la obra,A Criação do Patriarcado
A Criação do Patriarcado,pertenece al género,Patriarcado
A Criação do Patriarcado,pertenece al género,Feminismo
A Criação do Patriarcado,pertenece al género,Historia
9783707602906,es un codigo ISBN para el libro,Feuerkraut
9783707602906,es un codigo ISBN de una edicion publicada por,Czernin Verlag
9783707602906,está escrito en,Alemán
Gerda Lerner,es autor de la obra,Feuerkraut
Feuerkraut,pertenece al género,Jewish women
Feuerkraut,pertenece al género,Biography
Feuerkraut,pertenece al género,Jewish communists
9783593352428,es un codigo ISBN para el libro,Frauen finden ihre Vergangenheit
9783593352428,es un codigo ISBN de una edicion publicada por,Campus Verlag
9783593352428,está escrito en,Alemán
3593352427,es un codigo ISBN para el libro,Frauen finden ihre Vergangenheit
3593352427,es un codigo ISBN de una edicion publicada por,Campus Verlag
3593352427,está escrito en,Alemán
Gerda Lerner,es autor de la obra,Frauen finden ihre Vergangenheit
Frauen finden ihre Vergangenheit,pertenece al género,Women
Frauen finden ihre Vergangenheit,pertenece al género,History
Frauen finden ihre Vergangenheit,pertenece al género,African American women
3593348284,es un codigo ISBN para el libro,Ein eigener Tod
3593348284,es un codigo ISBN de una edicion publicada por,Campus Verlag
3593348284,está escrito en,Alemán
9783593348285,es un codigo ISBN para el libro,Ein eigener Tod
9783593348285,es un codigo ISBN de una edicion publicada por,Campus Verlag
9783593348285,está escrito en,Alemán
Gerda Lerner,es autor de la obra,Ein eigener Tod
Ein eigener Tod,pertenece al género,Brain
Ein eigener Tod,pertenece al género,Tumors
Ein eigener Tod,pertenece al género,Patients
3897410966,es un codigo ISBN para el libro,Zukunft braucht Vergangenheit
3897410966,es un codigo ISBN de una edicion publicada por,Ulrike Helmer Verlag
3897410966,está escrito en,Alemán
9783897410961,es un codigo ISBN para el libro,Zukunft braucht Vergangenheit
9783897410961,es un codigo ISBN de una edicion publicada por,Ulrike Helmer Verlag
9783897410961,está escrito en,Alemán
Gerda Lerner,es autor de la obra,Zukunft braucht Vergangenheit
Zukunft braucht Vergangenheit,pertenece al género,Historians
Zukunft braucht Vergangenheit,pertenece al género,Biography
Zukunft braucht Vergangenheit,pertenece al género,College teachers
9781469622019,es un codigo ISBN para el libro,Living with history--making social change
9781469622019,es un codigo ISBN de una edicion publicada por,University of North Carolina Press
9781469622019,está escrito en,Inglés
9780807887868,es un codigo ISBN para el libro,Living with history--making social change
9780807887868,es un codigo ISBN de una edicion publicada por,University of North Carolina Press
9780807887868,está escrito en,Inglés
9781469605920,es un codigo ISBN para el libro,Living with history--making social change
9781469605920,es un codigo ISBN de una edicion publicada por,University of North Carolina Press
9781469605920,está escrito en,Inglés
9780807832936,es un codigo ISBN para el libro,Living with history--making social change
9780807832936,es un codigo ISBN de una edicion publicada por,University of North Carolina Press
9780807832936,está escrito en,Inglés
Gerda Lerner,es autor de la obra,Living with history--making social change
Living with history--making social change,pertenece al género,Women college teachers
Living with history--making social change,pertenece al género,Feminism and higher education
Living with history--making social change,pertenece al género,Study and teaching (Higher)
0679743146,es un codigo ISBN para el libro,Black Women in White America
0679743146,es un codigo ISBN de una edicion publicada por,Vintage Books
0679743146,está escrito en,Inglés
0379743146,es un codigo ISBN para el libro,Black Women in White America
0379743146,es un codigo ISBN de una edicion publicada por,Vintage Books
0379743146,está escrito en,Inglés
0394475402,es un codigo ISBN para el libro,Black Women in White America
0394475402,es un codigo ISBN de una edicion publicada por,Pantheon Books
0394475402,está escrito en,Inglés
0679743146,es un codigo ISBN de una edicion publicada por,Vintage
9780679743149,es un codigo ISBN para el libro,Black Women in White America
9780679743149,es un codigo ISBN de una edicion publicada por,Vintage
9780679743149,está escrito en,Inglés
0394718801,es un codigo ISBN para el libro,Black Women in White America
0394718801,es un codigo ISBN de una edicion publicada por,Vintage Books
0394718801,está escrito en,Inglés
Gerda Lerner,es autor de la obra,Black Women in White America
Black Women in White America,pertenece al género,African American women
Black Women in White America,pertenece al género,Sources
Black Women in White America,pertenece al género,History
9781469617091,es un codigo ISBN para el libro,The majority finds its past
9781469617091,es un codigo ISBN de una edicion publicada por,University of North Carolina Press
9781469617091,está escrito en,Inglés
0807856061,es un codigo ISBN para el libro,The majority finds its past
0807856061,es un codigo ISBN de una edicion publicada por,University of North Carolina Press
0807856061,está escrito en,Inglés
9780195028997,es un codigo ISBN para el libro,The majority finds its past
9780195028997,es un codigo ISBN de una edicion publicada por,"Oxford University Press, USA"
9780195028997,está escrito en,Inglés
0195028996,es un codigo ISBN para el libro,The majority finds its past
0195028996,es un codigo ISBN de una edicion publicada por,"Oxford University Press, USA"
0195028996,está escrito en,Inglés
0195025970,es un codigo ISBN para el libro,The majority finds its past
0195025970,es un codigo ISBN de una edicion publicada por,Oxford University Press
0195025970,está escrito en,Inglés
Gerda Lerner,es autor de la obra,The majority finds its past
The majority finds its past,pertenece al género,History
The majority finds its past,pertenece al género,Women's rights
The majority finds its past,pertenece al género,Feminism
0023699302,es un codigo ISBN para el libro,The Female Experience
0023699302,es un codigo ISBN de una edicion publicada por,Collier Macmillan
0023699302,es un codigo ISBN de una edicion publicada por,Macmillan
0023699302,está escrito en,Inglés
0672515555,es un codigo ISBN para el libro,The Female Experience
0672515555,es un codigo ISBN de una edicion publicada por,Bobbs-Merrill Educational Pub.
0672515555,está escrito en,Inglés
0672612488,es un codigo ISBN para el libro,The Female Experience
0672612488,es un codigo ISBN de una edicion publicada por,Bobbs-Merrill Educational Pub.
0672612488,está escrito en,Inglés
0195072588,es un codigo ISBN para el libro,The Female Experience
0195072588,es un codigo ISBN de una edicion publicada por,Oxford University Press
0195072588,está escrito en,Inglés
9780023699306,es un codigo ISBN para el libro,The Female Experience
9780023699306,es un codigo ISBN de una edicion publicada por,Prentice Hall
0023699302,es un codigo ISBN de una edicion publicada por,Prentice Hall
0195072588,es un codigo ISBN de una edicion publicada por,"Oxford University Press, USA"
9780195072587,es un codigo ISBN para el libro,The Female Experience
9780195072587,es un codigo ISBN de una edicion publicada por,"Oxford University Press, USA"
9780195072587,está escrito en,Inglés
Gerda Lerner,es autor de la obra,The Female Experience
The Female Experience,pertenece al género,Social conditions
The Female Experience,pertenece al género,Sources
The Female Experience,pertenece al género,Women
0195211006,es un codigo ISBN para el libro,Creations Feminist Consciousness/Patriarchy 2-Vol Set
9780195211009,es un codigo ISBN para el libro,Creations Feminist Consciousness/Patriarchy 2-Vol Set
Gerda Lerner,es autor de la obra,Creations Feminist Consciousness/Patriarchy 2-Vol Set
0395775302,es un codigo ISBN para el libro,Roll of Thunder Hear My Cry and Related Readings
0395775302,es un codigo ISBN de una edicion publicada por,McDougal Littell
0395775302,está escrito en,Inglés
9780395775301,es un codigo ISBN para el libro,Roll of Thunder Hear My Cry and Related Readings
9780395775301,es un codigo ISBN de una edicion publicada por,Mcdougal Littell/Houghton Mifflin
9780395775301,está escrito en,Inglés
0395775302,es un codigo ISBN de una edicion publicada por,Mcdougal Littell/Houghton Mifflin
Gerda Lerner,es autor de la obra,Roll of Thunder Hear My Cry and Related Readings
Roll of Thunder Hear My Cry and Related Readings,pertenece al género,Newbery Medal
Roll of Thunder Hear My Cry and Related Readings,pertenece al género,Juvenile fiction
Roll of Thunder Hear My Cry and Related Readings,pertenece al género,Race relations
3707606104,es un codigo ISBN para el libro,No farewell
3707606104,es un codigo ISBN de una edicion publicada por,Czernin Verlags GmbH
9783707606102,es un codigo ISBN para el libro,No farewell
9783707606102,es un codigo ISBN de una edicion publicada por,Czernin Verlags GmbH
Gerda Lerner,es autor de la obra,No farewell
0926019732,es un codigo ISBN para el libro,Scholarship in Women's History Rediscovered & New
0926019732,es un codigo ISBN de una edicion publicada por,Carlson Pub
0926019732,está escrito en,Inglés
9780926019737,es un codigo ISBN para el libro,Scholarship in Women's History Rediscovered & New
9780926019737,es un codigo ISBN de una edicion publicada por,Carlson Pub
9780926019737,está escrito en,Inglés
Gerda Lerner,es autor de la obra,Scholarship in Women's History Rediscovered & New
0872290239,es un codigo ISBN para el libro,Teaching Women's History
0872290239,es un codigo ISBN de una edicion publicada por,Amer Historical Assn
0872290239,está escrito en,Inglés
9780872290235,es un codigo ISBN para el libro,Teaching Women's History
9780872290235,es un codigo ISBN de una edicion publicada por,Amer Historical Assn
9780872290235,está escrito en,Inglés
Gerda Lerner,es autor de la obra,Teaching Women's History
Teaching Women's History,pertenece al género,Women
Teaching Women's History,pertenece al género,History
Teaching Women's History,pertenece al género,Study and teaching
Peter Pilz,es de nacionalidad,Austria
9783707602203,es un codigo ISBN para el libro,Die Republik der Kavaliere
9783707602203,es un codigo ISBN de una edicion publicada por,Czernin
9783707602203,está escrito en,Alemán
3707602206,es un codigo ISBN para el libro,Die Republik der Kavaliere
3707602206,es un codigo ISBN de una edicion publicada por,Czernin
3707602206,está escrito en,Alemán
Peter Pilz,es autor de la obra,Die Republik der Kavaliere
Die Republik der Kavaliere,pertenece al género,Politics and government
Die Republik der Kavaliere,pertenece al género,Political corruption
Die Republik der Kavaliere,pertenece al género,Wealth
9783663044734,es un codigo ISBN para el libro,Über spezielle Probleme der Zerkleinerungstechnik von Weichstoffen
9783663044734,es un codigo ISBN de una edicion publicada por,VS Verlag für Sozialwissenschaften
9783663044734,está escrito en,Alemán
3663044734,es un codigo ISBN para el libro,Über spezielle Probleme der Zerkleinerungstechnik von Weichstoffen
3663044734,es un codigo ISBN de una edicion publicada por,VS Verlag für Sozialwissenschaften
3663044734,está escrito en,Alemán
Peter Pilz,es autor de la obra,Über spezielle Probleme der Zerkleinerungstechnik von Weichstoffen
9783800076918,es un codigo ISBN para el libro,Heimat Österreich
9783800076918,es un codigo ISBN de una edicion publicada por,"Ueberreuter, Carl Verlag"
3800076918,es un codigo ISBN para el libro,Heimat Österreich
3800076918,es un codigo ISBN de una edicion publicada por,"Ueberreuter, Carl Verlag"
Peter Pilz,es autor de la obra,Heimat Österreich
3663032841,es un codigo ISBN para el libro,Über spezielle Probleme der Zerkleinerungstechnik von Weichstoffen ... Nordrhein-Westfalen )
3663032841,es un codigo ISBN de una edicion publicada por,VS Verlag für Sozialwissenschaften
9783663032847,es un codigo ISBN para el libro,Über spezielle Probleme der Zerkleinerungstechnik von Weichstoffen ... Nordrhein-Westfalen )
9783663032847,es un codigo ISBN de una edicion publicada por,VS Verlag für Sozialwissenschaften
Peter Pilz,es autor de la obra,Über spezielle Probleme der Zerkleinerungstechnik von Weichstoffen ... Nordrhein-Westfalen )
3900351104,es un codigo ISBN para el libro,Die Panzermacher
3900351104,es un codigo ISBN de una edicion publicada por,Verlag für Gesellschaftskritik
3900351104,está escrito en,Alemán
Peter Pilz,es autor de la obra,Die Panzermacher
Die Panzermacher,pertenece al género,Weapons industry
3707600211,es un codigo ISBN para el libro,Die vierte Republik
3707600211,es un codigo ISBN de una edicion publicada por,Czernin
3707600211,está escrito en,Alemán
Peter Pilz,es autor de la obra,Die vierte Republik
Die vierte Republik,pertenece al género,Politics and government
3900436576,es un codigo ISBN para el libro,Eskorte nach Teheran
3900436576,es un codigo ISBN de una edicion publicada por,Ibera & Molden
3900436576,está escrito en,Alemán
Peter Pilz,es autor de la obra,Eskorte nach Teheran
Eskorte nach Teheran,pertenece al género,Crimes against
Eskorte nach Teheran,pertenece al género,Kurds
Eskorte nach Teheran,pertenece al género,Relations
3851151143,es un codigo ISBN para el libro,Land über Bord
3851151143,es un codigo ISBN de una edicion publicada por,Verlag für Gesellschaftskritik
3851151143,está escrito en,Alemán
Peter Pilz,es autor de la obra,Land über Bord
Land über Bord,pertenece al género,Economic aspects of Pollution
Land über Bord,pertenece al género,Environmental policy
Land über Bord,pertenece al género,Platforms
3421057583,es un codigo ISBN para el libro,Mit Gott gegen alle
3421057583,es un codigo ISBN de una edicion publicada por,Deutsche Verlags-Anstalt
3421057583,está escrito en,Alemán
Peter Pilz,es autor de la obra,Mit Gott gegen alle
Mit Gott gegen alle,pertenece al género,Foreign relations
Mit Gott gegen alle,pertenece al género,Imperialism
Mit Gott gegen alle,pertenece al género,Intervention (International law)
Peter Keglevic,es de nacionalidad,Austria
9783641180119,es un codigo ISBN para el libro,Ich war Hitlers Trauzeuge
9783641180119,es un codigo ISBN de una edicion publicada por,Knaus
9783641180119,está escrito en,Alemán
3813507270,es un codigo ISBN para el libro,Ich war Hitlers Trauzeuge
3813507270,es un codigo ISBN de una edicion publicada por,Knaus
3813507270,está escrito en,Alemán
9783844526929,es un codigo ISBN para el libro,Ich war Hitlers Trauzeuge
9783844526929,es un codigo ISBN de una edicion publicada por,Knaus
9783844526929,está escrito en,Alemán
9783813507270,es un codigo ISBN para el libro,Ich war Hitlers Trauzeuge
9783813507270,es un codigo ISBN de una edicion publicada por,Knaus
9783813507270,está escrito en,Alemán
9783844527797,es un codigo ISBN para el libro,Ich war Hitlers Trauzeuge
9783844527797,es un codigo ISBN de una edicion publicada por,Knaus
9783844527797,está escrito en,Alemán
Peter Keglevic,es autor de la obra,Ich war Hitlers Trauzeuge
Ich war Hitlers Trauzeuge,pertenece al género,Fiction
Ich war Hitlers Trauzeuge,pertenece al género,Jews
Ich war Hitlers Trauzeuge,pertenece al género,History
3701702705,es un codigo ISBN para el libro,Die Jahre vergehen
3701702705,es un codigo ISBN de una edicion publicada por,Residenz Verlag
3701702705,está escrito en,Alemán
Peter Keglevic,es autor de la obra,Die Jahre vergehen
Soma Morgenstern,es de nacionalidad,Austria
9782867463099,es un codigo ISBN para el libro,Errance en France
9782867463099,es un codigo ISBN de una edicion publicada por,L. Levi
9782867463099,es un codigo ISBN de una edicion publicada por,Liana Levi
2867463092,es un codigo ISBN para el libro,Errance en France
2867463092,es un codigo ISBN de una edicion publicada por,L. Levi
2867463092,es un codigo ISBN de una edicion publicada por,Liana Levi
Soma Morgenstern,es autor de la obra,Errance en France
9788495587251,es un codigo ISBN para el libro,En otro tiempo
9788495587251,es un codigo ISBN de una edicion publicada por,"Editorial Minuscula, S.L.U."
8495587254,es un codigo ISBN para el libro,En otro tiempo
8495587254,es un codigo ISBN de una edicion publicada por,"Editorial Minuscula, S.L.U."
Soma Morgenstern,es autor de la obra,En otro tiempo
9782867462672,es un codigo ISBN para el libro,Le Testament du fils prodigue
9782867462672,es un codigo ISBN de una edicion publicada por,Liana Levi
9782867462672,está escrito en,Francés
2867462673,es un codigo ISBN para el libro,Le Testament du fils prodigue
2867462673,es un codigo ISBN de una edicion publicada por,Liana Levi
2867462673,está escrito en,Francés
Soma Morgenstern,es autor de la obra,Le Testament du fils prodigue
8496601617,es un codigo ISBN para el libro,El hijo del hijo pródigo
8496601617,es un codigo ISBN de una edicion publicada por,Editorial Funambulista S.L.
9788496601611,es un codigo ISBN para el libro,El hijo del hijo pródigo
9788496601611,es un codigo ISBN de una edicion publicada por,Editorial Funambulista S.L.
Soma Morgenstern,es autor de la obra,El hijo del hijo pródigo
1014282403,es un codigo ISBN para el libro,The Third Pillar
1014282403,es un codigo ISBN de una edicion publicada por,Hassell Street Press
9781014282408,es un codigo ISBN para el libro,The Third Pillar
9781014282408,es un codigo ISBN de una edicion publicada por,Hassell Street Press
Soma Morgenstern,es autor de la obra,The Third Pillar
3746616409,es un codigo ISBN para el libro,Idyll im Exil
3746616409,es un codigo ISBN de una edicion publicada por,Aufbau Tb
9783746616407,es un codigo ISBN para el libro,Idyll im Exil
9783746616407,es un codigo ISBN de una edicion publicada por,Aufbau Tb
3746616409,es un codigo ISBN de una edicion publicada por,Taschenbuch
3746616409,está escrito en,Alemán
3924245398,es un codigo ISBN para el libro,Idyll im Exil
3924245398,es un codigo ISBN de una edicion publicada por,zu Klampen
3924245398,está escrito en,Alemán
Soma Morgenstern,es autor de la obra,Idyll im Exil
3924245363,es un codigo ISBN para el libro,Alban Berg und seine Idole
3924245363,es un codigo ISBN de una edicion publicada por,zu Klampen
3924245363,está escrito en,Alemán
Soma Morgenstern,es autor de la obra,Alban Berg und seine Idole
Alban Berg und seine Idole,pertenece al género,Austrian Authors
Alban Berg und seine Idole,pertenece al género,"Authors, Austrian"
Alban Berg und seine Idole,pertenece al género,Biography
3924245436,es un codigo ISBN para el libro,Der Tod ist ein Flop
3924245436,es un codigo ISBN de una edicion publicada por,zu Klampen
3924245436,está escrito en,Alemán
Soma Morgenstern,es autor de la obra,Der Tod ist ein Flop
3924245444,es un codigo ISBN para el libro,"Dramen, Feuilletons, Fragmente"
3924245444,es un codigo ISBN de una edicion publicada por,zu Klampen
3924245444,está escrito en,Alemán
Soma Morgenstern,es autor de la obra,"Dramen, Feuilletons, Fragmente"
"Dramen, Feuilletons, Fragmente",pertenece al género,Austrian literature (German)
"Dramen, Feuilletons, Fragmente",pertenece al género,Jewish authors
3924245460,es un codigo ISBN para el libro,Flucht in Frankreich
3924245460,es un codigo ISBN de una edicion publicada por,zu Klampen
3924245460,está escrito en,Alemán
3924245428,es un codigo ISBN para el libro,Flucht in Frankreich
3924245428,es un codigo ISBN de una edicion publicada por,zu Klampen
3924245428,está escrito en,Alemán
Soma Morgenstern,es autor de la obra,Flucht in Frankreich
Flucht in Frankreich,pertenece al género,Refugees
Flucht in Frankreich,pertenece al género,"World War, 1939-1945"
Flucht in Frankreich,pertenece al género,Fiction
3924245371,es un codigo ISBN para el libro,In einer anderen Zeit
3924245371,es un codigo ISBN de una edicion publicada por,zu Klampen
3924245371,está escrito en,Alemán
Soma Morgenstern,es autor de la obra,In einer anderen Zeit
In einer anderen Zeit,pertenece al género,Austrian Authors
In einer anderen Zeit,pertenece al género,"Authors, Austrian"
In einer anderen Zeit,pertenece al género,Biography
3924245452,es un codigo ISBN para el libro,"Kritiken, Berichte, Tagebücher"
3924245452,es un codigo ISBN de una edicion publicada por,zu Klampen
3924245452,está escrito en,Alemán
3924245452,está escrito en,Inglés
Soma Morgenstern,es autor de la obra,"Kritiken, Berichte, Tagebücher"
3924245401,es un codigo ISBN para el libro,Das Vermächtnis des verlorenen Sohnes
3924245401,es un codigo ISBN de una edicion publicada por,zu Klampen
3924245401,está escrito en,Alemán
3746616409,es un codigo ISBN para el libro,Das Vermächtnis des verlorenen Sohnes
Soma Morgenstern,es autor de la obra,Das Vermächtnis des verlorenen Sohnes
3746616409,es un codigo ISBN para el libro,Der Sohn des verlorenen Sohnes
392424538X,es un codigo ISBN para el libro,Der Sohn des verlorenen Sohnes
392424538X,es un codigo ISBN de una edicion publicada por,zu Klampen
392424538X,está escrito en,Alemán
Soma Morgenstern,es autor de la obra,Der Sohn des verlorenen Sohnes
392424541X,es un codigo ISBN para el libro,Die Blutsäule
392424541X,es un codigo ISBN de una edicion publicada por,zu Klampen
392424541X,está escrito en,Alemán
Soma Morgenstern,es autor de la obra,Die Blutsäule
Die Blutsäule,pertenece al género,"Holocaust, Jewish (1939-1945)"
Die Blutsäule,pertenece al género,Fiction
374661452X,es un codigo ISBN para el libro,Joseph Roths Flucht und Ende
374661452X,es un codigo ISBN de una edicion publicada por,Aufbau Taschenbuch
374661452X,está escrito en,Alemán
3924245355,es un codigo ISBN para el libro,Joseph Roths Flucht und Ende
3924245355,es un codigo ISBN de una edicion publicada por,D. zu Klampen
3924245355,está escrito en,Alemán
Soma Morgenstern,es autor de la obra,Joseph Roths Flucht und Ende
Joseph Roths Flucht und Ende,pertenece al género,Austrian Authors
Joseph Roths Flucht und Ende,pertenece al género,"Authors, Austrian"
Joseph Roths Flucht und Ende,pertenece al género,Biography
9781590452028,es un codigo ISBN para el libro,The third pillar
9781590452028,es un codigo ISBN de una edicion publicada por,Varda Books
9781590452028,está escrito en,Inglés
159045202X,es un codigo ISBN para el libro,The third pillar
159045202X,es un codigo ISBN de una edicion publicada por,Varda Books
159045202X,está escrito en,Inglés
9781590455005,es un codigo ISBN para el libro,The third pillar
9781590455005,es un codigo ISBN de una edicion publicada por,Varda Books
9781590455005,está escrito en,Inglés
1590455002,es un codigo ISBN para el libro,The third pillar
1590455002,es un codigo ISBN de una edicion publicada por,Varda Books
1590455002,está escrito en,Inglés
Soma Morgenstern,es autor de la obra,The third pillar
The third pillar,pertenece al género,"Holocaust, Jewish (1939-1945)"
The third pillar,pertenece al género,Fiction
Günther Anders,es de nacionalidad,Austria
085124047X,es un codigo ISBN para el libro,"Essays on socialist humanism, in honour of the centenary of Bertrand Russell 1872-1970"
085124047X,es un codigo ISBN de una edicion publicada por,Spokesman Books
085124047X,está escrito en,Inglés
Günther Anders,es autor de la obra,"Essays on socialist humanism, in honour of the centenary of Bertrand Russell 1872-1970"
"Essays on socialist humanism, in honour of the centenary of Bertrand Russell 1872-1970",pertenece al género,Socialism
9782844853899,es un codigo ISBN para el libro,"Et si je suis désespéré, que voulez-vous que j'y fasse ? (French Edition)"
9782844853899,es un codigo ISBN de una edicion publicada por,Editions Allia
2844853897,es un codigo ISBN para el libro,"Et si je suis désespéré, que voulez-vous que j'y fasse ? (French Edition)"
2844853897,es un codigo ISBN de una edicion publicada por,Editions Allia
Günther Anders,es autor de la obra,"Et si je suis désespéré, que voulez-vous que j'y fasse ? (French Edition)"
8809150015,es un codigo ISBN para el libro,Gli aratori del vulcano
8809150015,es un codigo ISBN de una edicion publicada por,Linea d'Ombra edizioni
8809150015,está escrito en,Italiano
Günther Anders,es autor de la obra,Gli aratori del vulcano
Gli aratori del vulcano,pertenece al género,Antisemitism
3406706614,es un codigo ISBN para el libro,Musikphilosophische Schriften
3406706614,es un codigo ISBN de una edicion publicada por,C.H. Beck
3406706614,está escrito en,Alemán
9783406706615,es un codigo ISBN para el libro,Musikphilosophische Schriften
9783406706615,es un codigo ISBN de una edicion publicada por,C.H. Beck
9783406706615,está escrito en,Alemán
Günther Anders,es autor de la obra,Musikphilosophische Schriften
Musikphilosophische Schriften,pertenece al género,Music
Musikphilosophische Schriften,pertenece al género,Philosophy and aesthetics
9783406730375,es un codigo ISBN para el libro,Die Weltfremdheit des Menschen
9783406730375,es un codigo ISBN de una edicion publicada por,C.H. Beck
9783406730375,está escrito en,Alemán
9783406726972,es un codigo ISBN para el libro,Die Weltfremdheit des Menschen
9783406726972,es un codigo ISBN de una edicion publicada por,C.H. Beck
9783406726972,está escrito en,Alemán
3406726976,es un codigo ISBN para el libro,Die Weltfremdheit des Menschen
3406726976,es un codigo ISBN de una edicion publicada por,C.H. Beck
3406726976,está escrito en,Alemán
Günther Anders,es autor de la obra,Die Weltfremdheit des Menschen
Die Weltfremdheit des Menschen,pertenece al género,Philosophical anthropology
Die Weltfremdheit des Menschen,pertenece al género,Civilization
Die Weltfremdheit des Menschen,pertenece al género,Philosophy
3406097618,es un codigo ISBN para el libro,Die Antiquiertheit des Menschen
3406097618,es un codigo ISBN de una edicion publicada por,Beck
3406097618,está escrito en,Alemán
9783406097614,es un codigo ISBN para el libro,Die Antiquiertheit des Menschen
9783406097614,es un codigo ISBN de una edicion publicada por,Beck
9783406097614,está escrito en,Alemán
Günther Anders,es autor de la obra,Die Antiquiertheit des Menschen
Die Antiquiertheit des Menschen,pertenece al género,Technisches Zeitalter
Die Antiquiertheit des Menschen,pertenece al género,Zivilisation
Die Antiquiertheit des Menschen,pertenece al género,Kulturphilosophie
9782849752685,es un codigo ISBN para el libro,Journaux de l'exil et du retour
9782849752685,es un codigo ISBN de una edicion publicada por,Fage éd.
9782849752685,está escrito en,Francés
2849752681,es un codigo ISBN para el libro,Journaux de l'exil et du retour
2849752681,es un codigo ISBN de una edicion publicada por,Fage éd.
2849752681,está escrito en,Francés
Günther Anders,es autor de la obra,Journaux de l'exil et du retour
Journaux de l'exil et du retour,pertenece al género,Journaux intimes
8885668313,es un codigo ISBN para el libro,Kafka
8885668313,es un codigo ISBN de una edicion publicada por,Corbo
8885668313,está escrito en,Italiano
9788885668317,es un codigo ISBN para el libro,Kafka
9788885668317,es un codigo ISBN de una edicion publicada por,Corbo
9788885668317,está escrito en,Italiano
Günther Anders,es autor de la obra,Kafka
3499178990,es un codigo ISBN para el libro,"Hass, die Macht eines unerwünschten Gefühls"
3499178990,es un codigo ISBN de una edicion publicada por,Rowohlt
3499178990,está escrito en,Alemán
Günther Anders,es autor de la obra,"Hass, die Macht eines unerwünschten Gefühls"
"Hass, die Macht eines unerwünschten Gefühls",pertenece al género,Hate
3426038935,es un codigo ISBN para el libro,"Günter Anders, Gewalt, ja oder nein"
3426038935,es un codigo ISBN de una edicion publicada por,Knaur
3426038935,está escrito en,Alemán
Günther Anders,es autor de la obra,"Günter Anders, Gewalt, ja oder nein"
"Günter Anders, Gewalt, ja oder nein",pertenece al género,Nonviolence
"Günter Anders, Gewalt, ja oder nein",pertenece al género,Pacifism
"Günter Anders, Gewalt, ja oder nein",pertenece al género,Political and social views
3406482597,es un codigo ISBN para el libro,Über Heidegger
3406482597,es un codigo ISBN de una edicion publicada por,Beck
3406482597,está escrito en,Alemán
Günther Anders,es autor de la obra,Über Heidegger
Über Heidegger,pertenece al género,Criticism and interpretation
Über Heidegger,pertenece al género,Modern Philosophy
Über Heidegger,pertenece al género,"Philosophy, Modern"
3406476120,es un codigo ISBN para el libro,Übertreibungen in Richtung Wahrheit
3406476120,es un codigo ISBN de una edicion publicada por,C.H. Beck
3406476120,está escrito en,Alemán
Günther Anders,es autor de la obra,Übertreibungen in Richtung Wahrheit
Übertreibungen in Richtung Wahrheit,pertenece al género,Philosophy
3406024718,es un codigo ISBN para el libro,Der Blick vom Mond
3406024718,es un codigo ISBN de una edicion publicada por,Beck
3406024718,está escrito en,Alemán
Günther Anders,es autor de la obra,Der Blick vom Mond
Der Blick vom Mond,pertenece al género,Astronautics and civilization
9783406003363,es un codigo ISBN para el libro,Der Blick vom Turm
9783406003363,es un codigo ISBN de una edicion publicada por,C.H.Beck
3406003362,es un codigo ISBN para el libro,Der Blick vom Turm
3406003362,es un codigo ISBN de una edicion publicada por,C.H.Beck
Günther Anders,es autor de la obra,Der Blick vom Turm
Der Blick vom Turm,pertenece al género,German Fables
3892440425,es un codigo ISBN para el libro,Der philosophische Diktion und das Problem der Popularisierung
3892440425,es un codigo ISBN de una edicion publicada por,Wallstein
3892440425,está escrito en,Alemán
Günther Anders,es autor de la obra,Der philosophische Diktion und das Problem der Popularisierung
Der philosophische Diktion und das Problem der Popularisierung,pertenece al género,Philosophy
3406600247,es un codigo ISBN para el libro,Die molussische Katakombe
3406600247,es un codigo ISBN de una edicion publicada por,Beck C. H.
3406600247,es un codigo ISBN de una edicion publicada por,C.H. Beck
3406600247,está escrito en,Alemán
9783406600241,es un codigo ISBN para el libro,Die molussische Katakombe
9783406600241,es un codigo ISBN de una edicion publicada por,Beck C. H.
9783406600241,es un codigo ISBN de una edicion publicada por,C.H. Beck
9783406600241,está escrito en,Alemán
340636473X,es un codigo ISBN para el libro,Die molussische Katakombe
340636473X,es un codigo ISBN de una edicion publicada por,C.H. Beck
340636473X,está escrito en,Alemán
Günther Anders,es autor de la obra,Die molussische Katakombe
Walther Eidlitz,es de nacionalidad,Austria
3530189006,es un codigo ISBN para el libro,Der Sinn des Lebens
3530189006,es un codigo ISBN de una edicion publicada por,Walter-Verlag
3530189006,está escrito en,Alemán
Walther Eidlitz,es autor de la obra,Der Sinn des Lebens
Der Sinn des Lebens,pertenece al género,Indic Philosophy
Der Sinn des Lebens,pertenece al género,Yoga
Der Sinn des Lebens,pertenece al género,Ontology
Hermann Grab,es de nacionalidad,Austria
2714426719,es un codigo ISBN para el libro,Le parc municipal
2714426719,es un codigo ISBN de una edicion publicada por,Belfond
2714426719,está escrito en,Francés
9782714426710,es un codigo ISBN para el libro,Le parc municipal
9782714426710,es un codigo ISBN de una edicion publicada por,Belfond
9782714426710,está escrito en,Francés
Hermann Grab,es autor de la obra,Le parc municipal
3596259517,es un codigo ISBN para el libro,Der Stadtpark und andere Erzählungen
3596259517,es un codigo ISBN de una edicion publicada por,Fischer Taschenbuch Verlag
3596259517,está escrito en,Alemán
Hermann Grab,es autor de la obra,Der Stadtpark und andere Erzählungen
3801502848,es un codigo ISBN para el libro,Hochzeit in Brooklyn
3801502848,es un codigo ISBN de una edicion publicada por,Neue Kritik
3801502848,es un codigo ISBN de una edicion publicada por,"Neue Kritik, Verlag"
3801502848,está escrito en,Alemán
Hermann Grab,es autor de la obra,Hochzeit in Brooklyn
0860911896,es un codigo ISBN para el libro,The town park and other stories
0860911896,es un codigo ISBN de una edicion publicada por,Verso
0860911896,está escrito en,Inglés
0860911896,está escrito en,Alemán
Hermann Grab,es autor de la obra,The town park and other stories
The town park and other stories,pertenece al género,Fiction
The town park and other stories,pertenece al género,German Short stories
The town park and other stories,pertenece al género,Social life and customs
3801502996,es un codigo ISBN para el libro,DER STADTPARK
3801502996,es un codigo ISBN de una edicion publicada por,Neue Kritik
9783801502997,es un codigo ISBN para el libro,DER STADTPARK
9783801502997,es un codigo ISBN de una edicion publicada por,Neue Kritik
Hermann Grab,es autor de la obra,DER STADTPARK
Peter Kern,es de nacionalidad,Austria
9781954506534,es un codigo ISBN para el libro,Get It Right the First Time
9781954506534,es un codigo ISBN de una edicion publicada por,"Speakeasy Marketing, Inc."
9781954506534,está escrito en,Inglés
Peter Kern,es autor de la obra,Get It Right the First Time
Get It Right the First Time,pertenece al género,Law
9783110371208,es un codigo ISBN para el libro,Die Sangspruchdichtung Rumelants Von Sachsen
9783110371208,es un codigo ISBN de una edicion publicada por,"De Gruyter, Inc."
9783110371208,está escrito en,Alemán
9783110371185,es un codigo ISBN para el libro,Die Sangspruchdichtung Rumelants Von Sachsen
9783110371185,es un codigo ISBN de una edicion publicada por,"de Gruyter GmbH, Walter"
9783110371185,está escrito en,Alemán
Peter Kern,es autor de la obra,Die Sangspruchdichtung Rumelants Von Sachsen
Die Sangspruchdichtung Rumelants Von Sachsen,pertenece al género,"Songs, german, history and criticism"
9783662098356,es un codigo ISBN para el libro,"Schwingungsbelastung Beim Arbeiten Mit Handgeführten, Einachsigen Motormähgeräten"
9783662098356,es un codigo ISBN de una edicion publicada por,"Springer London, Limited"
9783662098356,está escrito en,Alemán
Peter Kern,es autor de la obra,"Schwingungsbelastung Beim Arbeiten Mit Handgeführten, Einachsigen Motormähgeräten"
9783540181934,es un codigo ISBN para el libro,"""Schwingungsbelastung beim Arbeiten mit handgeführten, einachsigen Motormähgeräten"""
9783540181934,es un codigo ISBN de una edicion publicada por,Springer
3540181938,es un codigo ISBN para el libro,"""Schwingungsbelastung beim Arbeiten mit handgeführten, einachsigen Motormähgeräten"""
3540181938,es un codigo ISBN de una edicion publicada por,Springer
Peter Kern,es autor de la obra,"""Schwingungsbelastung beim Arbeiten mit handgeführten, einachsigen Motormähgeräten"""
9783658171964,es un codigo ISBN para el libro,Polizei und taktische Kommunikation
9783658171964,es un codigo ISBN de una edicion publicada por,Springer
3658171960,es un codigo ISBN para el libro,Polizei und taktische Kommunikation
3658171960,es un codigo ISBN de una edicion publicada por,Springer
Peter Kern,es autor de la obra,Polizei und taktische Kommunikation
3924228043,es un codigo ISBN para el libro,Recht auf Frieden
3924228043,es un codigo ISBN de una edicion publicada por,Werkhaus
Peter Kern,es autor de la obra,Recht auf Frieden
3908122503,es un codigo ISBN para el libro,Heiliggräber im Bistum St. Gallen
3908122503,es un codigo ISBN de una edicion publicada por,Schweizerischen Gesellschaft für Volkskunde
3908122503,está escrito en,Alemán
Peter Kern,es autor de la obra,Heiliggräber im Bistum St. Gallen
Heiliggräber im Bistum St. Gallen,pertenece al género,Tombs
Heiliggräber im Bistum St. Gallen,pertenece al género,Christian saints
3802936248,es un codigo ISBN para el libro,Recht auf Unterhalt
3802936248,es un codigo ISBN de una edicion publicada por,Walhalla Fachverlag
9783802936241,es un codigo ISBN para el libro,Recht auf Unterhalt
9783802936241,es un codigo ISBN de una edicion publicada por,Walhalla Fachverlag
Peter Kern,es autor de la obra,Recht auf Unterhalt
Recht auf Unterhalt,pertenece al género,Support (Domestic relations)
Recht auf Unterhalt,pertenece al género,Popular works
Thomas Bernhard,es de nacionalidad,Austria
9783518386583,es un codigo ISBN para el libro,Ein Lesebuch
9783518386583,es un codigo ISBN de una edicion publicada por,Suhrkamp
9783518386583,está escrito en,Alemán
3518386581,es un codigo ISBN para el libro,Ein Lesebuch
3518386581,es un codigo ISBN de una edicion publicada por,Suhrkamp
3518386581,está escrito en,Alemán
Thomas Bernhard,es autor de la obra,Ein Lesebuch
3425060724,es un codigo ISBN para el libro,"Thomas Bernhard, Heldenplatz"
3425060724,es un codigo ISBN de una edicion publicada por,Diesterweg
9783425060729,es un codigo ISBN para el libro,"Thomas Bernhard, Heldenplatz"
9783425060729,es un codigo ISBN de una edicion publicada por,Diesterweg
Thomas Bernhard,es autor de la obra,"Thomas Bernhard, Heldenplatz"
9789660364332,es un codigo ISBN para el libro,Cholodneča
9789660364332,es un codigo ISBN de una edicion publicada por,Folio
9789660364332,está escrito en,ukr
9789660351035,es un codigo ISBN para el libro,Cholodneča
9789660351035,es un codigo ISBN de una edicion publicada por,Folio
9789660351035,está escrito en,ukr
Thomas Bernhard,es autor de la obra,Cholodneča
Cholodneča,pertenece al género,Kunstbetrachtung
Cholodneča,pertenece al género,Kunsthistorisches Museum Wien Gemäldegalerie
9668849310,es un codigo ISBN para el libro,Plošča heroi͏̈v
9668849310,es un codigo ISBN de una edicion publicada por,VNTL-Klasyka
9668849310,está escrito en,ukr
Thomas Bernhard,es autor de la obra,Plošča heroi͏̈v
9666680173,es un codigo ISBN para el libro,Immanui͏̈l Kant ta inši pʹjesy
9666680173,es un codigo ISBN de una edicion publicada por,Lileja-NV
9666680173,está escrito en,ukr
Thomas Bernhard,es autor de la obra,Immanui͏̈l Kant ta inši pʹjesy
9788845914935,es un codigo ISBN para el libro,Il soccombente
9788845914935,es un codigo ISBN de una edicion publicada por,Adelphi
Thomas Bernhard,es autor de la obra,Il soccombente
3905687003,es un codigo ISBN para el libro,H.P. Baxxter liest Erzählungen von Thomas Bernhard
3905687003,es un codigo ISBN de una edicion publicada por,ReadInc
3905687003,está escrito en,Alemán
9783905687002,es un codigo ISBN para el libro,H.P. Baxxter liest Erzählungen von Thomas Bernhard
9783905687002,es un codigo ISBN de una edicion publicada por,ReadInc
9783905687002,está escrito en,Alemán
Thomas Bernhard,es autor de la obra,H.P. Baxxter liest Erzählungen von Thomas Bernhard
9783518188231,es un codigo ISBN para el libro,"Suhrkamp BasisBibliothek (SBB), Nr.23, Erzählungen"
9783518188231,es un codigo ISBN de una edicion publicada por,Suhrkamp
3518188232,es un codigo ISBN para el libro,"Suhrkamp BasisBibliothek (SBB), Nr.23, Erzählungen"
3518188232,es un codigo ISBN de una edicion publicada por,Suhrkamp
Thomas Bernhard,es autor de la obra,"Suhrkamp BasisBibliothek (SBB), Nr.23, Erzählungen"
9791031902982,es un codigo ISBN para el libro,Thomas Bernhard
9791031902982,es un codigo ISBN de una edicion publicada por,Éditions de l'Herne
9791031902982,está escrito en,Francés
Thomas Bernhard,es autor de la obra,Thomas Bernhard
Thomas Bernhard,pertenece al género,Criticism and interpretation
Thomas Bernhard,pertenece al género,Appreciation
Thomas Bernhard,pertenece al género,Art appreciation
3950331816,es un codigo ISBN para el libro,Der Briefwechsel
3950331816,es un codigo ISBN de una edicion publicada por,Korrektur Verlag
3950331816,está escrito en,Alemán
9783950331813,es un codigo ISBN para el libro,Der Briefwechsel
9783950331813,es un codigo ISBN de una edicion publicada por,Korrektur Verlag
9783950331813,está escrito en,Alemán
Thomas Bernhard,es autor de la obra,Der Briefwechsel
Der Briefwechsel,pertenece al género,Correspondence
Der Briefwechsel,pertenece al género,Austrian Authors
Der Briefwechsel,pertenece al género,Criticism and interpretation
0922233462,es un codigo ISBN para el libro,Thomas Bernhard
0922233462,es un codigo ISBN de una edicion publicada por,Blast Books
0922233462,está escrito en,Inglés
9780922233465,es un codigo ISBN para el libro,Thomas Bernhard
9780922233465,es un codigo ISBN de una edicion publicada por,Blast Books
9780922233465,está escrito en,Inglés
3900424276,es un codigo ISBN para el libro,Thomas Bernhard
3900424276,es un codigo ISBN de una edicion publicada por,Land Oberösterreich
3900424276,es un codigo ISBN de una edicion publicada por,Normal: Review of Contemporary Fiction 2001.
3900424276,está escrito en,Inglés
Thomas Bernhard,pertenece al género,Austrian Authors
Thomas Bernhard,pertenece al género,Friends and associates
Thomas Bernhard,pertenece al género,Exhibitions
9788435034227,es un codigo ISBN para el libro,L'Origen
9788435034227,es un codigo ISBN de una edicion publicada por,Edhasa
9788435034227,está escrito en,Catalán
8435034224,es un codigo ISBN para el libro,L'Origen
8435034224,es un codigo ISBN de una edicion publicada por,Edhasa
8435034224,está escrito en,Catalán
Thomas Bernhard,es autor de la obra,L'Origen
L'Origen,pertenece al género,Escriptors alemanys
L'Origen,pertenece al género,Biografia
3518422146,es un codigo ISBN para el libro,Der Wahrheit auf der Spur
3518422146,es un codigo ISBN de una edicion publicada por,Suhrkamp Verlag
3518422146,está escrito en,Alemán
9783518422144,es un codigo ISBN para el libro,Der Wahrheit auf der Spur
9783518422144,es un codigo ISBN de una edicion publicada por,Suhrkamp Verlag
9783518422144,está escrito en,Alemán
Thomas Bernhard,es autor de la obra,Der Wahrheit auf der Spur
Der Wahrheit auf der Spur,pertenece al género,Correspondence
Der Wahrheit auf der Spur,pertenece al género,Austrian Authors
Der Wahrheit auf der Spur,pertenece al género,Interviews
9783701717460,es un codigo ISBN para el libro,Der Atem
9783701717460,es un codigo ISBN de una edicion publicada por,Residenz Verlag
9783701717460,está escrito en,Alemán
370171746X,es un codigo ISBN para el libro,Der Atem
370171746X,es un codigo ISBN de una edicion publicada por,Residenz Verlag
370171746X,está escrito en,Alemán
Thomas Bernhard,es autor de la obra,Der Atem
Der Atem,pertenece al género,"Comic books, strips"
Der Atem,pertenece al género,Austrian Authors
Der Atem,pertenece al género,Biography
5890590782,es un codigo ISBN para el libro,Vsë vo mne--
5890590782,es un codigo ISBN de una edicion publicada por,Izd-vo Ivana Limbakha
5890590782,está escrito en,rus
9785890590787,es un codigo ISBN para el libro,Vsë vo mne--
9785890590787,es un codigo ISBN de una edicion publicada por,Izd-vo Ivana Limbakha
9785890590787,está escrito en,rus
Thomas Bernhard,es autor de la obra,Vsë vo mne--
Vsë vo mne--,pertenece al género,German Authors
Vsë vo mne--,pertenece al género,Biography
9783518189245,es un codigo ISBN para el libro,Heldenplatz
9783518189245,es un codigo ISBN de una edicion publicada por,Suhrkamp Verlag GmbH
3518189247,es un codigo ISBN para el libro,Heldenplatz
3518189247,es un codigo ISBN de una edicion publicada por,Suhrkamp Verlag GmbH
9789873743733,es un codigo ISBN para el libro,Heldenplatz
9789873743733,es un codigo ISBN de una edicion publicada por,EL CUENCO DE PLATA
9873743731,es un codigo ISBN para el libro,Heldenplatz
9873743731,es un codigo ISBN de una edicion publicada por,EL CUENCO DE PLATA
9781840029956,es un codigo ISBN para el libro,Heldenplatz
9781840029956,es un codigo ISBN de una edicion publicada por,Oberon Books
9781840029956,está escrito en,Inglés
1840029951,es un codigo ISBN para el libro,Heldenplatz
1840029951,es un codigo ISBN de una edicion publicada por,Oberon Books
1840029951,está escrito en,Inglés
351801997X,es un codigo ISBN para el libro,Heldenplatz
351801997X,es un codigo ISBN de una edicion publicada por,Suhrkamp
351801997X,está escrito en,Alemán
3518389742,es un codigo ISBN para el libro,Heldenplatz
3518389742,es un codigo ISBN de una edicion publicada por,Suhrkamp
3518389742,está escrito en,Alemán
9783518389744,es un codigo ISBN para el libro,Heldenplatz
9783518389744,es un codigo ISBN de una edicion publicada por,Suhrkamp
9783518389744,está escrito en,Alemán
Thomas Bernhard,es autor de la obra,Heldenplatz
Heldenplatz,pertenece al género,Drama
Heldenplatz,pertenece al género,Jewish families
Heldenplatz,pertenece al género,Suicide
9788845932571,es un codigo ISBN para el libro,Camminare
9788845932571,es un codigo ISBN de una edicion publicada por,Adelphi
9788845932571,está escrito en,Italiano
Thomas Bernhard,es autor de la obra,Camminare
9786556923147,es un codigo ISBN para el libro,Derrubar árvores
9786556923147,es un codigo ISBN de una edicion publicada por,Todavia
9786556923147,está escrito en,Portugués
6556923141,es un codigo ISBN para el libro,Derrubar árvores
6556923141,es un codigo ISBN de una edicion publicada por,Todavia
6556923141,está escrito en,Portugués
Thomas Bernhard,es autor de la obra,Derrubar árvores
3464614719,es un codigo ISBN para el libro,Erzählungen. 2 Cassetten.
3464614719,es un codigo ISBN de una edicion publicada por,Cornelsen
3464614719,está escrito en,Alemán
9783464614716,es un codigo ISBN para el libro,Erzählungen. 2 Cassetten.
9783464614716,es un codigo ISBN de una edicion publicada por,Cornelsen
9783464614716,está escrito en,Alemán
Thomas Bernhard,es autor de la obra,Erzählungen. 2 Cassetten.
9780910395762,es un codigo ISBN para el libro,On the mountain
9780910395762,es un codigo ISBN de una edicion publicada por,Marlboro Press
9780910395762,está escrito en,Inglés
0910395764,es un codigo ISBN para el libro,On the mountain
0910395764,es un codigo ISBN de una edicion publicada por,Marlboro Press
0910395764,está escrito en,Inglés
0910395756,es un codigo ISBN para el libro,On the mountain
0910395756,es un codigo ISBN de una edicion publicada por,Marlboro Press
0910395756,está escrito en,Inglés
Thomas Bernhard,es autor de la obra,On the mountain
On the mountain,pertenece al género,Fiction
On the mountain,pertenece al género,General
On the mountain,pertenece al género,Fiction / Literary
3518380443,es un codigo ISBN para el libro,Stücke
3518380443,es un codigo ISBN de una edicion publicada por,Suhrkamp
3518380443,está escrito en,Alemán
3518380249,es un codigo ISBN para el libro,Stücke
3518380249,es un codigo ISBN de una edicion publicada por,Suhrkamp
3518380249,está escrito en,Alemán
3518380540,es un codigo ISBN para el libro,Stücke
3518380540,es un codigo ISBN de una edicion publicada por,Suhrkamp
3518380540,está escrito en,Alemán
3518380346,es un codigo ISBN para el libro,Stücke
3518380346,es un codigo ISBN de una edicion publicada por,Suhrkamp
3518380346,está escrito en,Alemán
Thomas Bernhard,es autor de la obra,Stücke
9783518415092,es un codigo ISBN para el libro,Auslöschung
9783518415092,es un codigo ISBN de una edicion publicada por,Suhrkamp
9783518415092,está escrito en,Alemán
Thomas Bernhard,es autor de la obra,Auslöschung
3518380648,es un codigo ISBN para el libro,Erzählungen
3518380648,es un codigo ISBN de una edicion publicada por,Suhrkamp
3518380648,está escrito en,Alemán
Thomas Bernhard,es autor de la obra,Erzählungen
3518067575,es un codigo ISBN para el libro,Die Salzburger Stücke
3518067575,es un codigo ISBN de una edicion publicada por,Suhrkamp
3518067575,está escrito en,Alemán
Thomas Bernhard,es autor de la obra,Die Salzburger Stücke
Die Salzburger Stücke,pertenece al género,German Short stories
Die Salzburger Stücke,pertenece al género,Short stories
Die Salzburger Stücke,pertenece al género,Translations into German
3518021427,es un codigo ISBN para el libro,Die Erzählungen
3518021427,es un codigo ISBN de una edicion publicada por,Suhrkamp Verlag
3518021427,está escrito en,Alemán
Thomas Bernhard,es autor de la obra,Die Erzählungen
Die Erzählungen,pertenece al género,Hasidism
Die Erzählungen,pertenece al género,Jewish legends
9783640985746,es un codigo ISBN para el libro,Wegweisende Judikate Des Bundesverfassungsgerichts Die Urteile Zur Lebenslangen Freiheitsstrafe Bverfge 45 187 Ff Und Zum Luftsicherheitsgesetz Bverfge 115 118 Ff
9783640985746,es un codigo ISBN de una edicion publicada por,Grin Verlag
Thomas Bernhard,es autor de la obra,Wegweisende Judikate Des Bundesverfassungsgerichts Die Urteile Zur Lebenslangen Freiheitsstrafe Bverfge 45 187 Ff Und Zum Luftsicherheitsgesetz Bverfge 115 118 Ff
9788415530244,es un codigo ISBN para el libro,Maestros antiguos
9788415530244,es un codigo ISBN de una edicion publicada por,Ediciones Sins entido
9788415530244,es un codigo ISBN de una edicion publicada por,Sinsentido
Thomas Bernhard,es autor de la obra,Maestros antiguos
3518380060,es un codigo ISBN para el libro,Amras
3518380060,es un codigo ISBN de una edicion publicada por,Suhrkamp
3518380060,está escrito en,Alemán
Thomas Bernhard,es autor de la obra,Amras
Ilija Trojanow,es de nacionalidad,Austria
9783423346023,es un codigo ISBN para el libro,Angriff auf die Freiheit
9783423346023,es un codigo ISBN de una edicion publicada por,DTV Deutscher Taschenbuch
3423346027,es un codigo ISBN para el libro,Angriff auf die Freiheit
3423346027,es un codigo ISBN de una edicion publicada por,DTV Deutscher Taschenbuch
9783446234185,es un codigo ISBN para el libro,Angriff auf die Freiheit
9783446234185,es un codigo ISBN de una edicion publicada por,Hanser
9783446234185,está escrito en,Alemán
3446234187,es un codigo ISBN para el libro,Angriff auf die Freiheit
3446234187,es un codigo ISBN de una edicion publicada por,Carl Hanser Verlag
3446234187,está escrito en,Alemán
9783446234185,es un codigo ISBN de una edicion publicada por,Carl Hanser Verlag
Ilija Trojanow,es autor de la obra,Angriff auf die Freiheit
Angriff auf die Freiheit,pertenece al género,Security systems
Angriff auf die Freiheit,pertenece al género,Abuse of rights
Angriff auf die Freiheit,pertenece al género,Civil rights
9783453600959,es un codigo ISBN para el libro,Kampfabsage
9783453600959,es un codigo ISBN de una edicion publicada por,Heyne
9783453600959,está escrito en,Alemán
3453600959,es un codigo ISBN para el libro,Kampfabsage
3453600959,es un codigo ISBN de una edicion publicada por,Heyne
3453600959,está escrito en,Alemán
Ilija Trojanow,es autor de la obra,Kampfabsage
Kampfabsage,pertenece al género,Culture
Kampfabsage,pertenece al género,Civilization
Kampfabsage,pertenece al género,Zivilisation
3423139307,es un codigo ISBN para el libro,Der entfesselte Globus
3423139307,es un codigo ISBN de una edicion publicada por,Deutscher Taschenbuch Verlag
3423139307,está escrito en,Alemán
9783423139304,es un codigo ISBN para el libro,Der entfesselte Globus
9783423139304,es un codigo ISBN de una edicion publicada por,Deutscher Taschenbuch Verlag
9783423139304,está escrito en,Alemán
Ilija Trojanow,es autor de la obra,Der entfesselte Globus
3894017643,es un codigo ISBN para el libro,Anarchistische Welten
3894017643,es un codigo ISBN de una edicion publicada por,Edition Nautilus
3894017643,está escrito en,Alemán
9783894017644,es un codigo ISBN para el libro,Anarchistische Welten
9783894017644,es un codigo ISBN de una edicion publicada por,Edition Nautilus
9783894017644,está escrito en,Alemán
Ilija Trojanow,es autor de la obra,Anarchistische Welten
Anarchistische Welten,pertenece al género,Anarchism
9781904950295,es un codigo ISBN para el libro,FROM MUMBAI TO MECCA; TRANS. BY REBECCA MORRISON
9781904950295,es un codigo ISBN de una edicion publicada por,Haus Publishers Ltd.
9781904950295,está escrito en,Inglés
1904950299,es un codigo ISBN para el libro,FROM MUMBAI TO MECCA; TRANS. BY REBECCA MORRISON
1904950299,es un codigo ISBN de una edicion publicada por,Haus Publishers Ltd.
1904950299,está escrito en,Inglés
9781904950295,es un codigo ISBN de una edicion publicada por,Armchair Traveller
1904950299,es un codigo ISBN de una edicion publicada por,Armchair Traveller
1904950299,es un codigo ISBN de una edicion publicada por,HAUS PUBLISHING LTD
1904950299,está escrito en,und
Ilija Trojanow,es autor de la obra,FROM MUMBAI TO MECCA; TRANS. BY REBECCA MORRISON
FROM MUMBAI TO MECCA; TRANS. BY REBECCA MORRISON,pertenece al género,Travel
FROM MUMBAI TO MECCA; TRANS. BY REBECCA MORRISON,pertenece al género,Muslim pilgrims and pilgrimages
FROM MUMBAI TO MECCA; TRANS. BY REBECCA MORRISON,pertenece al género,"Trojanow, Ilija. -- Travel."
3446187707,es un codigo ISBN para el libro,Die Welt ist gross und Rettung lauert überall
3446187707,es un codigo ISBN de una edicion publicada por,Hanser
3446187707,está escrito en,Alemán
3446187707,es un codigo ISBN de una edicion publicada por,Carl Hanser
Ilija Trojanow,es autor de la obra,Die Welt ist gross und Rettung lauert überall
9781904950363,es un codigo ISBN para el libro,ALONG THE GANGES
9781904950363,es un codigo ISBN de una edicion publicada por,Haus Publishers Ltd.
9781904950363,está escrito en,Inglés
1904950361,es un codigo ISBN para el libro,ALONG THE GANGES
1904950361,es un codigo ISBN de una edicion publicada por,Haus Publishers Ltd.
1904950361,está escrito en,Inglés
1904950361,es un codigo ISBN de una edicion publicada por,HAUS PUBLISHING LTD
1904950361,está escrito en,und
Ilija Trojanow,es autor de la obra,ALONG THE GANGES
ALONG THE GANGES,pertenece al género,Travel
ALONG THE GANGES,pertenece al género,Description and travel
ALONG THE GANGES,pertenece al género,Travel writing
9789044514643,es un codigo ISBN para el libro,De wereld is groot en overal loert redding
9789044514643,es un codigo ISBN de una edicion publicada por,De Geus
9789044514643,está escrito en,Neerlandés
9044514644,es un codigo ISBN para el libro,De wereld is groot en overal loert redding
9044514644,es un codigo ISBN de una edicion publicada por,De Geus
9044514644,está escrito en,Neerlandés
Ilija Trojanow,es autor de la obra,De wereld is groot en overal loert redding
9789044520224,es un codigo ISBN para el libro,Smeltend ijs
9789044520224,es un codigo ISBN de una edicion publicada por,De Geus
9789044520224,está escrito en,Neerlandés
9044520229,es un codigo ISBN para el libro,Smeltend ijs
9044520229,es un codigo ISBN de una edicion publicada por,De Geus
9044520229,está escrito en,Neerlandés
Ilija Trojanow,es autor de la obra,Smeltend ijs
9789549446531,es un codigo ISBN para el libro,Kucheshki vremena
9789549446531,es un codigo ISBN de una edicion publicada por,Balkani
9789549446531,está escrito en,Búlgaro
Ilija Trojanow,es autor de la obra,Kucheshki vremena
Kucheshki vremena,pertenece al género,Homes and haunts
Kucheshki vremena,pertenece al género,German Authors
Kucheshki vremena,pertenece al género,Biography
0143031651,es un codigo ISBN para el libro,Along the Ganga
0143031651,es un codigo ISBN de una edicion publicada por,Penguin Books
0143031651,está escrito en,Inglés
9780143031659,es un codigo ISBN para el libro,Along the Ganga
9780143031659,es un codigo ISBN de una edicion publicada por,Penguin Books
9780143031659,está escrito en,Inglés
Ilija Trojanow,es autor de la obra,Along the Ganga
Along the Ganga,pertenece al género,Description and travel
Along the Ganga,pertenece al género,Ganges river (india and bangladesh)
Along the Ganga,pertenece al género,"India, description and travel"
9788417902360,es un codigo ISBN para el libro,Poder y resistencia
9788417902360,es un codigo ISBN de una edicion publicada por,Acantilado
Ilija Trojanow,es autor de la obra,Poder y resistencia
9780571236534,es un codigo ISBN para el libro,The collector of worlds
9780571236534,es un codigo ISBN de una edicion publicada por,Faber and Faber
9780571236534,está escrito en,Inglés
Ilija Trojanow,es autor de la obra,The collector of worlds
The collector of worlds,pertenece al género,Fiction
The collector of worlds,pertenece al género,"Fiction, biographical"
The collector of worlds,pertenece al género,"India, fiction"
9783492403610,es un codigo ISBN para el libro,Zu den heiligen Quellen des Islam.
9783492403610,es un codigo ISBN de una edicion publicada por,Malik
9783492403610,está escrito en,Alemán
3492403611,es un codigo ISBN para el libro,Zu den heiligen Quellen des Islam.
3492403611,es un codigo ISBN de una edicion publicada por,Malik
3492403611,está escrito en,Alemán
3890292879,es un codigo ISBN para el libro,Zu den heiligen Quellen des Islam.
3890292879,es un codigo ISBN de una edicion publicada por,Malik
3890292879,está escrito en,Alemán
Ilija Trojanow,es autor de la obra,Zu den heiligen Quellen des Islam.
Zu den heiligen Quellen des Islam.,pertenece al género,Muslim pilgrims and pilgrimages
Zu den heiligen Quellen des Islam.,pertenece al género,Travel
Zu den heiligen Quellen des Islam.,pertenece al género,Biography
3446206523,es un codigo ISBN para el libro,Der Weltersammler
3446206523,es un codigo ISBN de una edicion publicada por,Hanser
3446206523,está escrito en,Alemán
Ilija Trojanow,es autor de la obra,Der Weltersammler
Der Weltersammler,pertenece al género,Fiction
3423241144,es un codigo ISBN para el libro,Autopol
3423241144,es un codigo ISBN de una edicion publicada por,DTV Premium
3423241144,está escrito en,Alemán
9783423241144,es un codigo ISBN para el libro,Autopol
9783423241144,es un codigo ISBN de una edicion publicada por,DTV Premium
9783423241144,está escrito en,Alemán
Ilija Trojanow,es autor de la obra,Autopol
9789542800118,es un codigo ISBN para el libro,Svetŭt e goli︠a︡m i spasenie debne otvsi︠a︡kŭde
9789542800118,es un codigo ISBN de una edicion publicada por,Ciela
9789542800118,está escrito en,Búlgaro
Ilija Trojanow,es autor de la obra,Svetŭt e goli︠a︡m i spasenie debne otvsi︠a︡kŭde
Svetŭt e goli︠a︡m i spasenie debne otvsi︠a︡kŭde,pertenece al género,German fiction
Svetŭt e goli︠a︡m i spasenie debne otvsi︠a︡kŭde,pertenece al género,Translations into Bulgarian
3894051299,es un codigo ISBN para el libro,Der Sadhu an der Teufelswand
3894051299,es un codigo ISBN de una edicion publicada por,Frederking & Thaler
3894051299,está escrito en,Alemán
Ilija Trojanow,es autor de la obra,Der Sadhu an der Teufelswand
Der Sadhu an der Teufelswand,pertenece al género,Description and travel
3894051531,es un codigo ISBN para el libro,Der Sadhu an der Teufelswand
3894051531,es un codigo ISBN de una edicion publicada por,Sierra bei Frederking & Thaler
3894051531,está escrito en,Alemán
Der Sadhu an der Teufelswand,pertenece al género,Social life and customs
Der Sadhu an der Teufelswand,pertenece al género,Civilization
3446196951,es un codigo ISBN para el libro,Hundezeiten
3446196951,es un codigo ISBN de una edicion publicada por,C. Hanser
3446196951,está escrito en,Alemán
Ilija Trojanow,es autor de la obra,Hundezeiten
Hundezeiten,pertenece al género,Intellectual life
Hundezeiten,pertenece al género,Homes and haunts
Hundezeiten,pertenece al género,German Authors
9789542802211,es un codigo ISBN para el libro,Po pŭti︠a︡ na Gang
9789542802211,es un codigo ISBN de una edicion publicada por,Ciela
9789542802211,está escrito en,Búlgaro
9542802218,es un codigo ISBN para el libro,Po pŭti︠a︡ na Gang
9542802218,es un codigo ISBN de una edicion publicada por,Ciela
9542802218,está escrito en,Búlgaro
Ilija Trojanow,es autor de la obra,Po pŭti︠a︡ na Gang
Po pŭti︠a︡ na Gang,pertenece al género,Travel
Po pŭti︠a︡ na Gang,pertenece al género,Description and travel
9788190618670,es un codigo ISBN para el libro,Confluences
9788190618670,es un codigo ISBN de una edicion publicada por,Yoda Press
Ilija Trojanow,es autor de la obra,Confluences
Herbert Tichy,es de nacionalidad,Austria
3217006593,es un codigo ISBN para el libro,Auf fernen Gipfeln
3217006593,es un codigo ISBN de una edicion publicada por,Molden
3217006593,está escrito en,Alemán
Herbert Tichy,es autor de la obra,Auf fernen Gipfeln
Auf fernen Gipfeln,pertenece al género,Description and travel
Auf fernen Gipfeln,pertenece al género,Mountaineering
9788448035020,es un codigo ISBN para el libro,Cho Oyu - La Conquista de Un Pico de 8.000 Metros
9788448035020,es un codigo ISBN de una edicion publicada por,Timun Mas
9788448035020,está escrito en,Español
844803502X,es un codigo ISBN para el libro,Cho Oyu - La Conquista de Un Pico de 8.000 Metros
844803502X,es un codigo ISBN de una edicion publicada por,Timun Mas
844803502X,está escrito en,Español
Herbert Tichy,es autor de la obra,Cho Oyu - La Conquista de Un Pico de 8.000 Metros
9788448035068,es un codigo ISBN para el libro,Hacia El Trono de Los Dioses - Vol. 7
9788448035068,es un codigo ISBN de una edicion publicada por,Timun Mas
9788448035068,está escrito en,Español
8448035062,es un codigo ISBN para el libro,Hacia El Trono de Los Dioses - Vol. 7
8448035062,es un codigo ISBN de una edicion publicada por,Timun Mas
8448035062,está escrito en,Español
Herbert Tichy,es autor de la obra,Hacia El Trono de Los Dioses - Vol. 7
9788448035105,es un codigo ISBN para el libro,La Metamorfosis de La Flor de Loto
9788448035105,es un codigo ISBN de una edicion publicada por,Timun Mas
9788448035105,está escrito en,Español
8448035100,es un codigo ISBN para el libro,La Metamorfosis de La Flor de Loto
8448035100,es un codigo ISBN de una edicion publicada por,Timun Mas
8448035100,está escrito en,Español
Herbert Tichy,es autor de la obra,La Metamorfosis de La Flor de Loto
3853688713,es un codigo ISBN para el libro,See an der Sonne
3853688713,es un codigo ISBN de una edicion publicada por,Orac
3853688713,es un codigo ISBN de una edicion publicada por,Pietsch
3853688713,está escrito en,Alemán
Herbert Tichy,es autor de la obra,See an der Sonne
See an der Sonne,pertenece al género,Description and travel
See an der Sonne,pertenece al género,Ethnology
See an der Sonne,pertenece al género,Social life and customs
321700535X,es un codigo ISBN para el libro,Tau-Tau
321700535X,es un codigo ISBN de una edicion publicada por,Molden
321700535X,está escrito en,Alemán
Herbert Tichy,es autor de la obra,Tau-Tau
Tau-Tau,pertenece al género,Ethnology
9783442711444,es un codigo ISBN para el libro,Weiße Wolken über gelber Erde
9783442711444,es un codigo ISBN de una edicion publicada por,Goldmann
9783442711444,está escrito en,Alemán
3442711444,es un codigo ISBN para el libro,Weiße Wolken über gelber Erde
3442711444,es un codigo ISBN de una edicion publicada por,Goldmann
3442711444,está escrito en,Alemán
Herbert Tichy,es autor de la obra,Weiße Wolken über gelber Erde
3853689582,es un codigo ISBN para el libro,Was ich von Asien gelernt habe
3853689582,es un codigo ISBN de una edicion publicada por,Orac
3853689582,está escrito en,Alemán
Herbert Tichy,es autor de la obra,Was ich von Asien gelernt habe
Was ich von Asien gelernt habe,pertenece al género,Asian Philosophy
Was ich von Asien gelernt habe,pertenece al género,Conduct of life
Was ich von Asien gelernt habe,pertenece al género,Description and travel
0709123159,es un codigo ISBN para el libro,Himalaya
0709123159,es un codigo ISBN de una edicion publicada por,Hale
0709123159,es un codigo ISBN de una edicion publicada por,The Crowood Press
0709123159,está escrito en,Inglés
Herbert Tichy,es autor de la obra,Himalaya
Himalaya,pertenece al género,Description and travel
Himalaya,pertenece al género,"Himalaya mountains, description and travel"
3853688659,es un codigo ISBN para el libro,Weisse Wolken über gelber Erde
3853688659,es un codigo ISBN de una edicion publicada por,Orac
3853688659,es un codigo ISBN de una edicion publicada por,Pietsch
3853688659,está escrito en,Alemán
9783894051440,es un codigo ISBN para el libro,Weisse Wolken über gelber Erde
9783894051440,es un codigo ISBN de una edicion publicada por,Sierra bei Frederking & Thaler Verlag
9783894051440,está escrito en,Alemán
3894051442,es un codigo ISBN para el libro,Weisse Wolken über gelber Erde
3894051442,es un codigo ISBN de una edicion publicada por,Sierra bei Frederking & Thaler Verlag
3894051442,está escrito en,Alemán
Herbert Tichy,es autor de la obra,Weisse Wolken über gelber Erde
Weisse Wolken über gelber Erde,pertenece al género,Description and travel
Weisse Wolken über gelber Erde,pertenece al género,Travel
Gerald Jatzek,es de nacionalidad,Austria
9783851976687,es un codigo ISBN para el libro,Der Schnüffelbold
9783851976687,es un codigo ISBN de una edicion publicada por,Obelisk Verlag
3851976681,es un codigo ISBN para el libro,Der Schnüffelbold
3851976681,es un codigo ISBN de una edicion publicada por,Obelisk Verlag
Gerald Jatzek,es autor de la obra,Der Schnüffelbold
3426730685,es un codigo ISBN para el libro,Lexikon der nervigsten Dinge und ätzendsten Typen
3426730685,es un codigo ISBN de una edicion publicada por,Droemer Knaur
3426730685,está escrito en,Alemán
9783426730683,es un codigo ISBN para el libro,Lexikon der nervigsten Dinge und ätzendsten Typen
9783426730683,es un codigo ISBN de una edicion publicada por,Droemer Knaur
9783426730683,está escrito en,Alemán
Gerald Jatzek,es autor de la obra,Lexikon der nervigsten Dinge und ätzendsten Typen
Lexikon der nervigsten Dinge und ätzendsten Typen,pertenece al género,Colloquial language
Lexikon der nervigsten Dinge und ätzendsten Typen,pertenece al género,German language
Lexikon der nervigsten Dinge und ätzendsten Typen,pertenece al género,Spoken German
3702656464,es un codigo ISBN para el libro,Flucht
3702656464,es un codigo ISBN de una edicion publicada por,Jungbrunnen
3702656464,está escrito en,Alemán
Gerald Jatzek,es autor de la obra,Flucht
Flucht,pertenece al género,Refugees
3850982114,es un codigo ISBN para el libro,Jedermann ist verdächtig
3850982114,es un codigo ISBN de una edicion publicada por,Verlag G. Grase
3850982114,está escrito en,Alemán
Gerald Jatzek,es autor de la obra,Jedermann ist verdächtig
3224114460,es un codigo ISBN para el libro,Erleichterung beim Zungezeigen
3224114460,es un codigo ISBN de una edicion publicada por,Jugend und Volk
3224114460,está escrito en,Alemán
Gerald Jatzek,es autor de la obra,Erleichterung beim Zungezeigen
Erleichterung beim Zungezeigen,pertenece al género,Austrian poetry
Erleichterung beim Zungezeigen,pertenece al género,German poetry
3224166312,es un codigo ISBN para el libro,Schmäh ohne
3224166312,es un codigo ISBN de una edicion publicada por,Jugend & Volk
3224166312,está escrito en,Alemán
Gerald Jatzek,es autor de la obra,Schmäh ohne
3900577013,es un codigo ISBN para el libro,Gedichte nach 1984
3900577013,es un codigo ISBN de una edicion publicada por,Edition Ahnungen
3900577013,está escrito en,Alemán
Gerald Jatzek,es autor de la obra,Gedichte nach 1984
Gedichte nach 1984,pertenece al género,Austrian poetry
Gedichte nach 1984,pertenece al género,Austrian poetry (German)
Gedichte nach 1984,pertenece al género,German poetry
3707265757,es un codigo ISBN para el libro,Kuno aus der Tasche. Das Schulgespenst reist um die Welt. .
3707265757,es un codigo ISBN de una edicion publicada por,Gabriel Verlag
9783707265750,es un codigo ISBN para el libro,Kuno aus der Tasche. Das Schulgespenst reist um die Welt. .
9783707265750,es un codigo ISBN de una edicion publicada por,Gabriel Verlag
Gerald Jatzek,es autor de la obra,Kuno aus der Tasche. Das Schulgespenst reist um die Welt. .
9783850286213,es un codigo ISBN para el libro,Die Lieder riechen nach Thymian
9783850286213,es un codigo ISBN de una edicion publicada por,Verlag Berger
9783850286213,está escrito en,Alemán
Gerald Jatzek,es autor de la obra,Die Lieder riechen nach Thymian
3522300467,es un codigo ISBN para el libro,"Kuno, das Schulgespenst. ( Ab 7 J.). Erzählung für Erstleser"
3522300467,es un codigo ISBN de una edicion publicada por,Gabriel Verlag / Thienemann Verlag
9783522300469,es un codigo ISBN para el libro,"Kuno, das Schulgespenst. ( Ab 7 J.). Erzählung für Erstleser"
9783522300469,es un codigo ISBN de una edicion publicada por,Gabriel Verlag / Thienemann Verlag
Gerald Jatzek,es autor de la obra,"Kuno, das Schulgespenst. ( Ab 7 J.). Erzählung für Erstleser"
9783707265156,es un codigo ISBN para el libro,"Kuno, das Schulgespenst. ( Ab 7 J.). Mit neuer Rechtschreibung"
9783707265156,es un codigo ISBN de una edicion publicada por,"St. Gabriel, Mödling bei Wien"
9783707265156,está escrito en,Alemán
3707265153,es un codigo ISBN para el libro,"Kuno, das Schulgespenst. ( Ab 7 J.). Mit neuer Rechtschreibung"
3707265153,es un codigo ISBN de una edicion publicada por,"St. Gabriel, Mödling bei Wien"
3707265153,está escrito en,Alemán
Gerald Jatzek,es autor de la obra,"Kuno, das Schulgespenst. ( Ab 7 J.). Mit neuer Rechtschreibung"
"Kuno, das Schulgespenst. ( Ab 7 J.). Mit neuer Rechtschreibung",pertenece al género,Schulanfang
"Kuno, das Schulgespenst. ( Ab 7 J.). Mit neuer Rechtschreibung",pertenece al género,Erstklässler
"Kuno, das Schulgespenst. ( Ab 7 J.). Mit neuer Rechtschreibung",pertenece al género,Lesenlernen
Karl Merkatz,es de nacionalidad,Austria
3222131821,es un codigo ISBN para el libro,So bin ich
3222131821,es un codigo ISBN de una edicion publicada por,Styria
3222131821,está escrito en,Alemán
9783222131820,es un codigo ISBN para el libro,So bin ich
9783222131820,es un codigo ISBN de una edicion publicada por,Styria
9783222131820,está escrito en,Alemán
Karl Merkatz,es autor de la obra,So bin ich
So bin ich,pertenece al género,Actors
So bin ich,pertenece al género,Biography
Robert Palfrader,es de nacionalidad,Austria
Gregor Riegler,es de nacionalidad,Austria
Joesi Prokopetz,es de nacionalidad,Austria
9781980901952,es un codigo ISBN para el libro,Kalte Füße in der Karibik ... eine Geschichte Mit 3 Seitensprüngen
9781980901952,es un codigo ISBN de una edicion publicada por,Independently Published
9781980901952,está escrito en,Alemán
Joesi Prokopetz,es autor de la obra,Kalte Füße in der Karibik ... eine Geschichte Mit 3 Seitensprüngen
Jack Unterweger,es de nacionalidad,Austria
3875120647,es un codigo ISBN para el libro,"Fegefeuer, oder die Reise ins Zuchthaus"
3875120647,es un codigo ISBN de una edicion publicada por,MaroVerlag
3875120647,está escrito en,Alemán
Jack Unterweger,es autor de la obra,"Fegefeuer, oder die Reise ins Zuchthaus"
385058058X,es un codigo ISBN para el libro,Kerker
385058058X,es un codigo ISBN de una edicion publicada por,J & V
385058058X,está escrito en,Alemán
Jack Unterweger,es autor de la obra,Kerker
Eckart Witzigmann,es de nacionalidad,Austria
2221045688,es un codigo ISBN para el libro,Eckart Witzigmann
2221045688,es un codigo ISBN de una edicion publicada por,Editions Robert Laffont
2221045688,es un codigo ISBN de una edicion publicada por,ROBERT LAFFONT
2221045688,está escrito en,Inglés
Eckart Witzigmann,es autor de la obra,Eckart Witzigmann
Eckart Witzigmann,pertenece al género,German Cooking
Eckart Witzigmann,pertenece al género,Austrian Cooking
3930656671,es un codigo ISBN para el libro,Highlights
3930656671,es un codigo ISBN de una edicion publicada por,Nikol Verlagsges.mbH
9783930656677,es un codigo ISBN para el libro,Highlights
9783930656677,es un codigo ISBN de una edicion publicada por,Nikol Verlagsges.mbH
Eckart Witzigmann,es autor de la obra,Highlights
140758345X,es un codigo ISBN para el libro,Der Kochprofi Eckart Witzigmann präsentiert - Grillgerichte
9781407583457,es un codigo ISBN para el libro,Der Kochprofi Eckart Witzigmann präsentiert - Grillgerichte
Eckart Witzigmann,es autor de la obra,Der Kochprofi Eckart Witzigmann präsentiert - Grillgerichte
3453360028,es un codigo ISBN para el libro,Kulinarische Kreationen
3453360028,es un codigo ISBN de una edicion publicada por,W. Heyne
3453360028,está escrito en,Alemán
Eckart Witzigmann,es autor de la obra,Kulinarische Kreationen
Kulinarische Kreationen,pertenece al género,German Cookery
Kulinarische Kreationen,pertenece al género,German Cooking
9783576114395,es un codigo ISBN para el libro,Mein Tantris-Kochbuch
9783576114395,es un codigo ISBN de una edicion publicada por,Mosaik
9783576114395,está escrito en,Alemán
3576114394,es un codigo ISBN para el libro,Mein Tantris-Kochbuch
3576114394,es un codigo ISBN de una edicion publicada por,Mosaik
3576114394,está escrito en,Alemán
Eckart Witzigmann,es autor de la obra,Mein Tantris-Kochbuch
3572014395,es un codigo ISBN para el libro,Mein Tantris- Kochbuch. Erinnerungen und Rezepte
3572014395,es un codigo ISBN de una edicion publicada por,Orbis
3572014395,está escrito en,Alemán
9783572014392,es un codigo ISBN para el libro,Mein Tantris- Kochbuch. Erinnerungen und Rezepte
9783572014392,es un codigo ISBN de una edicion publicada por,Orbis
9783572014392,está escrito en,Alemán
Eckart Witzigmann,es autor de la obra,Mein Tantris- Kochbuch. Erinnerungen und Rezepte
9781901268539,es un codigo ISBN para el libro,The Alchemy Of Food
9781901268539,es un codigo ISBN de una edicion publicada por,Evans Mitchell Books
Eckart Witzigmann,es autor de la obra,The Alchemy Of Food
9783576116283,es un codigo ISBN para el libro,Unser Kochbuch
9783576116283,es un codigo ISBN de una edicion publicada por,Mosaik
9783576116283,está escrito en,Alemán
3576116281,es un codigo ISBN para el libro,Unser Kochbuch
3576116281,es un codigo ISBN de una edicion publicada por,Mosaik
3576116281,está escrito en,Alemán
Eckart Witzigmann,es autor de la obra,Unser Kochbuch
Unser Kochbuch,pertenece al género,Salads
Unser Kochbuch,pertenece al género,Soups
Unser Kochbuch,pertenece al género,Cooking (Pasta)
3774243085,es un codigo ISBN para el libro,Ravioli und Lasagne
3774243085,es un codigo ISBN de una edicion publicada por,Gräfe und Unzer Verlag
3774243085,está escrito en,Alemán
9783774243088,es un codigo ISBN para el libro,Ravioli und Lasagne
9783774243088,es un codigo ISBN de una edicion publicada por,Gräfe und Unzer Verlag
9783774243088,está escrito en,Alemán
Eckart Witzigmann,es autor de la obra,Ravioli und Lasagne
9783774208148,es un codigo ISBN para el libro,Europa-Küche
9783774208148,es un codigo ISBN de una edicion publicada por,Gräfe und Unzer Verlag GmbH
9783774208148,está escrito en,Alemán
377420814X,es un codigo ISBN para el libro,Europa-Küche
377420814X,es un codigo ISBN de una edicion publicada por,Gräfe und Unzer Verlag GmbH
377420814X,está escrito en,Alemán
Eckart Witzigmann,es autor de la obra,Europa-Küche
9783875848830,es un codigo ISBN para el libro,Wohn- und Kochrezepte
9783875848830,es un codigo ISBN de una edicion publicada por,Nicolaische Verlagsbuchhandlung
9783875848830,está escrito en,Alemán
3875848837,es un codigo ISBN para el libro,Wohn- und Kochrezepte
3875848837,es un codigo ISBN de una edicion publicada por,Nicolaische Verlagsbuchhandlung
3875848837,está escrito en,Alemán
Eckart Witzigmann,es autor de la obra,Wohn- und Kochrezepte
3442391954,es un codigo ISBN para el libro,Zwei Köche ein Buch
3442391954,es un codigo ISBN de una edicion publicada por,Goldmann
3442391954,está escrito en,Alemán
9783442391950,es un codigo ISBN para el libro,Zwei Köche ein Buch
9783442391950,es un codigo ISBN de una edicion publicada por,Goldmann
9783442391950,está escrito en,Alemán
Eckart Witzigmann,es autor de la obra,Zwei Köche ein Buch
Zwei Köche ein Buch,pertenece al género,Kochbuch
9783934657281,es un codigo ISBN para el libro,Nimm 3 Gourmetkarten
9783934657281,es un codigo ISBN de una edicion publicada por,Metermorphosen GmbH
3934657281,es un codigo ISBN para el libro,Nimm 3 Gourmetkarten
3934657281,es un codigo ISBN de una edicion publicada por,Metermorphosen GmbH
Eckart Witzigmann,es autor de la obra,Nimm 3 Gourmetkarten
Alf Poier,es de nacionalidad,Austria
3200002867,es un codigo ISBN para el libro,Mein Krampf
3200002867,es un codigo ISBN de una edicion publicada por,Genie & Wahnsinn
3200002867,está escrito en,Alemán
Alf Poier,es autor de la obra,Mein Krampf
Mein Krampf,pertenece al género,Austrian wit and humor
Oswald Wiener,es de nacionalidad,Austria
3882213051,es un codigo ISBN para el libro,Wir möchten auch vom Arno-Schmidt-Jahr profitieren
3882213051,es un codigo ISBN de una edicion publicada por,Matthes und Seitz
3882213051,está escrito en,Alemán
Oswald Wiener,es autor de la obra,Wir möchten auch vom Arno-Schmidt-Jahr profitieren
3211826947,es un codigo ISBN para el libro,Schriften zur Erkenntnistheorie
3211826947,es un codigo ISBN de una edicion publicada por,Springer
3211826947,está escrito en,Alemán
Oswald Wiener,es autor de la obra,Schriften zur Erkenntnistheorie
Schriften zur Erkenntnistheorie,pertenece al género,Artificial intelligence
Schriften zur Erkenntnistheorie,pertenece al género,"Knowledge, Theory of"
Schriften zur Erkenntnistheorie,pertenece al género,Theory of Knowledge
3854092407,es un codigo ISBN para el libro,Literarische Aufsätze
3854092407,es un codigo ISBN de una edicion publicada por,Löcker
3854092407,está escrito en,Alemán
Oswald Wiener,es autor de la obra,Literarische Aufsätze
3883960780,es un codigo ISBN para el libro,Probleme der künstlichen Intelligenz
3883960780,es un codigo ISBN de una edicion publicada por,Merve
3883960780,está escrito en,Alemán
Oswald Wiener,es autor de la obra,Probleme der künstlichen Intelligenz
Probleme der künstlichen Intelligenz,pertenece al género,Artificial intelligence
3211826947,es un codigo ISBN para el libro,Schriften zur Erkenntnistheorie (Computerkultur)
9783211826942,es un codigo ISBN para el libro,Schriften zur Erkenntnistheorie (Computerkultur)
9783211826942,es un codigo ISBN de una edicion publicada por,Springer
9783211826942,está escrito en,Alemán
Oswald Wiener,es autor de la obra,Schriften zur Erkenntnistheorie (Computerkultur)
3498073044,es un codigo ISBN para el libro,"Die Verbesserung von Mitteleuropa, Roman"
3498073044,es un codigo ISBN de una edicion publicada por,Rowohlt
3498073044,está escrito en,Alemán
Oswald Wiener,es autor de la obra,"Die Verbesserung von Mitteleuropa, Roman"
9783865994103,es un codigo ISBN para el libro,The bio-adapter
9783865994103,es un codigo ISBN de una edicion publicada por,Kulturverlag Kadmos Berlin
9783865994103,está escrito en,Inglés
9783865994103,está escrito en,Alemán
3865994105,es un codigo ISBN para el libro,The bio-adapter
3865994105,es un codigo ISBN de una edicion publicada por,Kulturverlag Kadmos Berlin
3865994105,está escrito en,Inglés
3865994105,está escrito en,Alemán
Oswald Wiener,es autor de la obra,The bio-adapter
The bio-adapter,pertenece al género,Artificial intelligence
The bio-adapter,pertenece al género,Cybernetics
9783883759807,es un codigo ISBN para el libro,Ausserirdische Zwitterwesen =
9783883759807,es un codigo ISBN de una edicion publicada por,Walther Konig
9783883759807,está escrito en,Inglés
3883759805,es un codigo ISBN para el libro,Ausserirdische Zwitterwesen =
3883759805,es un codigo ISBN de una edicion publicada por,Walther Konig
3883759805,está escrito en,Inglés
9783883759807,es un codigo ISBN de una edicion publicada por,Walther König
9783883759807,está escrito en,mul
3883759805,es un codigo ISBN de una edicion publicada por,Walther König
3883759805,está escrito en,mul
9783883759807,es un codigo ISBN de una edicion publicada por,Verlag der Buchhandlung Walther K onig
Oswald Wiener,es autor de la obra,Ausserirdische Zwitterwesen =
Ausserirdische Zwitterwesen =,pertenece al género,Philosophy
Ausserirdische Zwitterwesen =,pertenece al género,Painting
Ausserirdische Zwitterwesen =,pertenece al género,Dandyism in literature
9783901644863,es un codigo ISBN para el libro,Maria Lassnig
9783901644863,es un codigo ISBN de una edicion publicada por,Synema Gesellschaft fur Film u. Medien
9783901644863,está escrito en,Inglés
9783901644856,es un codigo ISBN para el libro,Maria Lassnig
9783901644856,es un codigo ISBN de una edicion publicada por,Synema Gesellschaft fur Film u. Medien
9783901644856,está escrito en,Alemán
9783863352752,es un codigo ISBN para el libro,Maria Lassnig
9783863352752,es un codigo ISBN de una edicion publicada por,Verlag der Buchhandlung Walther Konig
9783863352752,está escrito en,Inglés
Oswald Wiener,es autor de la obra,Maria Lassnig
Maria Lassnig,pertenece al género,"Art, austrian"
Maria Lassnig,pertenece al género,"Art, exhibitions"
Maria Lassnig,pertenece al género,Art criticism
9783795430917,es un codigo ISBN para el libro,Otto Truchsess Von Waldburg (1514-1573)
9783795430917,es un codigo ISBN de una edicion publicada por,Schnell & Steiner
9783795430917,es un codigo ISBN de una edicion publicada por,"Schnell und Steiner GmbH, Verlag"
9783795430917,está escrito en,Alemán
Oswald Wiener,es autor de la obra,Otto Truchsess Von Waldburg (1514-1573)
Otto Truchsess Von Waldburg (1514-1573),pertenece al género,Biography
Otto Truchsess Von Waldburg (1514-1573),pertenece al género,Cardinals
Otto Truchsess Von Waldburg (1514-1573),pertenece al género,Jesuits
9788870413717,es un codigo ISBN para el libro,Serenissimi Gymnasium
9788870413717,es un codigo ISBN de una edicion publicada por,Institutum Historicum Societatis Iesu
9788870413717,es un codigo ISBN de una edicion publicada por,Schnell & Steiner
9788870413717,es un codigo ISBN de una edicion publicada por,Schnell + Steiner
9788870413717,está escrito en,Alemán
3795423589,es un codigo ISBN para el libro,Serenissimi Gymnasium
3795423589,es un codigo ISBN de una edicion publicada por,Institutum Historicum Societatis Iesu
3795423589,es un codigo ISBN de una edicion publicada por,Schnell & Steiner
3795423589,es un codigo ISBN de una edicion publicada por,Schnell + Steiner
3795423589,está escrito en,Alemán
9783795423582,es un codigo ISBN para el libro,Serenissimi Gymnasium
9783795423582,es un codigo ISBN de una edicion publicada por,Institutum Historicum Societatis Iesu
9783795423582,es un codigo ISBN de una edicion publicada por,Schnell & Steiner
9783795423582,es un codigo ISBN de una edicion publicada por,Schnell + Steiner
9783795423582,está escrito en,Alemán
8870413713,es un codigo ISBN para el libro,Serenissimi Gymnasium
8870413713,es un codigo ISBN de una edicion publicada por,Institutum Historicum Societatis Iesu
8870413713,es un codigo ISBN de una edicion publicada por,Schnell & Steiner
8870413713,es un codigo ISBN de una edicion publicada por,Schnell + Steiner
8870413713,está escrito en,Alemán
Oswald Wiener,es autor de la obra,Serenissimi Gymnasium
Serenissimi Gymnasium,pertenece al género,Wilhelmsgymnasium München
Serenissimi Gymnasium,pertenece al género,Münchener Jesuitenkollegium
Serenissimi Gymnasium,pertenece al género,Secondary Education
9783211827697,es un codigo ISBN para el libro,Eine elementare Einführung in die Theorie der Turing-Maschinen (German Edition)
9783211827697,es un codigo ISBN de una edicion publicada por,Springer
3211827692,es un codigo ISBN para el libro,Eine elementare Einführung in die Theorie der Turing-Maschinen (German Edition)
3211827692,es un codigo ISBN de una edicion publicada por,Springer
Oswald Wiener,es autor de la obra,Eine elementare Einführung in die Theorie der Turing-Maschinen (German Edition)
3795424674,es un codigo ISBN para el libro,Die Schutzengelkirche und das ehemalige Jesuitenkolleg in Eichstätt
3795424674,es un codigo ISBN de una edicion publicada por,Schnell & Steiner
3795424674,es un codigo ISBN de una edicion publicada por,Schnell + Steiner
3795424674,está escrito en,Alemán
9783795424671,es un codigo ISBN para el libro,Die Schutzengelkirche und das ehemalige Jesuitenkolleg in Eichstätt
9783795424671,es un codigo ISBN de una edicion publicada por,Schnell & Steiner
9783795424671,es un codigo ISBN de una edicion publicada por,Schnell + Steiner
9783795424671,está escrito en,Alemán
Oswald Wiener,es autor de la obra,Die Schutzengelkirche und das ehemalige Jesuitenkolleg in Eichstätt
Die Schutzengelkirche und das ehemalige Jesuitenkolleg in Eichstätt,pertenece al género,"Buildings, structures"
Die Schutzengelkirche und das ehemalige Jesuitenkolleg in Eichstätt,pertenece al género,"Schutzengelkirche (Eichstätt, Germany)"
Die Schutzengelkirche und das ehemalige Jesuitenkolleg in Eichstätt,pertenece al género,Conservation and restoration
9783795430207,es un codigo ISBN para el libro,Entscheidungsprozesse Vor Ort
9783795430207,es un codigo ISBN de una edicion publicada por,"Schnell und Steiner GmbH, Verlag"
9783795430207,está escrito en,Alemán
Oswald Wiener,es autor de la obra,Entscheidungsprozesse Vor Ort
9783775709156,es un codigo ISBN para el libro,Heute ist morgen
9783775709156,es un codigo ISBN de una edicion publicada por,Hatje Cantz Verlag
3775709150,es un codigo ISBN para el libro,Heute ist morgen
3775709150,es un codigo ISBN de una edicion publicada por,Hatje Cantz Verlag
Oswald Wiener,es autor de la obra,Heute ist morgen
Heute ist morgen,pertenece al género,"Creation (Literary, artistic, etc.)"
Heute ist morgen,pertenece al género,Art
Heute ist morgen,pertenece al género,Philosophy
3851600762,es un codigo ISBN para el libro,Der Ficker
3851600762,es un codigo ISBN de una edicion publicada por,Schlebrügge
3851600762,está escrito en,Alemán
Oswald Wiener,es autor de la obra,Der Ficker
Gerhard Rühm,es de nacionalidad,Austria
3873651394,es un codigo ISBN para el libro,Thusnelda-Romanzen
3873651394,es un codigo ISBN de una edicion publicada por,Verlag Eremiten-Presse
3873651394,está escrito en,Alemán
Gerhard Rühm,es autor de la obra,Thusnelda-Romanzen
Thusnelda-Romanzen,pertenece al género,German poetry
3873651386,es un codigo ISBN para el libro,Knochenspielzeug
3873651386,es un codigo ISBN de una edicion publicada por,Eremiten-Presse
3873651386,está escrito en,Alemán
Gerhard Rühm,es autor de la obra,Knochenspielzeug
9783498057367,es un codigo ISBN para el libro,Textall
9783498057367,es un codigo ISBN de una edicion publicada por,Rowohlt
9783498057367,está escrito en,Alemán
3498057367,es un codigo ISBN para el libro,Textall
3498057367,es un codigo ISBN de una edicion publicada por,Rowohlt
3498057367,está escrito en,Alemán
Gerhard Rühm,es autor de la obra,Textall
3852181984,es un codigo ISBN para el libro,Auf Messers Schneide
3852181984,es un codigo ISBN de una edicion publicada por,Haymon-Verlag
3852181984,está escrito en,Alemán
Gerhard Rühm,es autor de la obra,Auf Messers Schneide
Auf Messers Schneide,pertenece al género,Piano music
3852181763,es un codigo ISBN para el libro,Bravo
3852181763,es un codigo ISBN de una edicion publicada por,Haymon-Verlag
3852181763,está escrito en,Alemán
Gerhard Rühm,es autor de la obra,Bravo
9783499114601,es un codigo ISBN para el libro,Die Frösche und andere Texte
9783499114601,es un codigo ISBN de una edicion publicada por,Rowohlt Verlag
9783499114601,está escrito en,Alemán
3499114607,es un codigo ISBN para el libro,Die Frösche und andere Texte
3499114607,es un codigo ISBN de una edicion publicada por,Rowohlt Verlag
3499114607,está escrito en,Alemán
Gerhard Rühm,es autor de la obra,Die Frösche und andere Texte
3873652978,es un codigo ISBN para el libro,Knochenspielzeug
3873652978,es un codigo ISBN de una edicion publicada por,Eremiten-Presse
3873652978,está escrito en,Alemán
3854206364,es un codigo ISBN para el libro,Masoch
3854206364,es un codigo ISBN de una edicion publicada por,Droschl
3854206364,está escrito en,Alemán
Gerhard Rühm,es autor de la obra,Masoch
3854205880,es un codigo ISBN para el libro,Schwellenchronik der Jahrtausendwende
3854205880,es un codigo ISBN de una edicion publicada por,Droschl
3854205880,está escrito en,Alemán
Gerhard Rühm,es autor de la obra,Schwellenchronik der Jahrtausendwende
9783854155447,es un codigo ISBN para el libro,Drei Personen wollen guter Laune sein
9783854155447,es un codigo ISBN de una edicion publicada por,Ritter
9783854155447,está escrito en,Alemán
3854155441,es un codigo ISBN para el libro,Drei Personen wollen guter Laune sein
3854155441,es un codigo ISBN de una edicion publicada por,Ritter
3854155441,está escrito en,Alemán
Gerhard Rühm,es autor de la obra,Drei Personen wollen guter Laune sein
Drei Personen wollen guter Laune sein,pertenece al género,Austrian drama
3854155964,es un codigo ISBN para el libro,Hero liest Grillparzer / Leander lernt schwimmen
3854155964,es un codigo ISBN de una edicion publicada por,Ritter Verlag
3854155964,está escrito en,Alemán
9783854155966,es un codigo ISBN para el libro,Hero liest Grillparzer / Leander lernt schwimmen
9783854155966,es un codigo ISBN de una edicion publicada por,Ritter Verlag
9783854155966,está escrito en,Alemán
Gerhard Rühm,es autor de la obra,Hero liest Grillparzer / Leander lernt schwimmen
9783854154969,es un codigo ISBN para el libro,"Hugo Wolf und drei Grazien, letzter Akt"
9783854154969,es un codigo ISBN de una edicion publicada por,Ritter
9783854154969,está escrito en,Alemán
Gerhard Rühm,es autor de la obra,"Hugo Wolf und drei Grazien, letzter Akt"
"Hugo Wolf und drei Grazien, letzter Akt",pertenece al género,Drama
9783854156277,es un codigo ISBN para el libro,Epigramme und Epitaphe
9783854156277,es un codigo ISBN de una edicion publicada por,Ritter
9783854156277,está escrito en,Alemán
3854156278,es un codigo ISBN para el libro,Epigramme und Epitaphe
3854156278,es un codigo ISBN de una edicion publicada por,Ritter
3854156278,está escrito en,Alemán
Gerhard Rühm,es autor de la obra,Epigramme und Epitaphe
Epigramme und Epitaphe,pertenece al género,Epigram
Epigramme und Epitaphe,pertenece al género,Epigraphs (Literature)
3701705992,es un codigo ISBN para el libro,Albertus Magnus Angelus
3701705992,es un codigo ISBN de una edicion publicada por,Residenz
3701705992,está escrito en,Alemán
Gerhard Rühm,es autor de la obra,Albertus Magnus Angelus
3852181984,es un codigo ISBN de una edicion publicada por,Haymon
3498057189,es un codigo ISBN para el libro,Botschaft an die Zukunft
3498057189,es un codigo ISBN de una edicion publicada por,Rowohlt
3498057189,está escrito en,Alemán
Gerhard Rühm,es autor de la obra,Botschaft an die Zukunft
3499114607,es un codigo ISBN para el libro,Die Frösche und andere Texte
3499114607,es un codigo ISBN de una edicion publicada por,Rowohlt [-Taschenbuch-Verl.
Gerhard Rühm,es autor de la obra,Die Frösche und andere Texte
3701704821,es un codigo ISBN para el libro,Gerhard Rühm
3701704821,es un codigo ISBN de una edicion publicada por,Residenz Verlag
3701704821,está escrito en,Alemán
Gerhard Rühm,es autor de la obra,Gerhard Rühm
Gerhard Rühm,pertenece al género,Catalogs
3498057294,es un codigo ISBN para el libro,Geschlechterdings
3498057294,es un codigo ISBN de una edicion publicada por,Rowoht
3498057294,está escrito en,Alemán
Gerhard Rühm,es autor de la obra,Geschlechterdings
1886224757,es un codigo ISBN para el libro,I my feet
1886224757,es un codigo ISBN de una edicion publicada por,Burning Deck
1886224757,es un codigo ISBN de una edicion publicada por,"Distributor, Small Press Distribution"
1886224757,está escrito en,Inglés
Gerhard Rühm,es autor de la obra,I my feet
I my feet,pertenece al género,Translations into English
Chaim Eisenberg,es de nacionalidad,Austria
3854851278,es un codigo ISBN para el libro,Zwischenstation Wien
3854851278,es un codigo ISBN de una edicion publicada por,Molden Verlag GmbH
3854851278,está escrito en,Alemán
9783854851271,es un codigo ISBN para el libro,Zwischenstation Wien
9783854851271,es un codigo ISBN de una edicion publicada por,Molden Verlag GmbH
9783854851271,está escrito en,Alemán
Chaim Eisenberg,es autor de la obra,Zwischenstation Wien
Zwischenstation Wien,pertenece al género,Rabbis
Zwischenstation Wien,pertenece al género,Biography
Zwischenstation Wien,pertenece al género,Jews
Bertha Pappenheim,es de nacionalidad,Austria
3851323203,es un codigo ISBN para el libro,Literarische und publizistische Texte
3851323203,es un codigo ISBN de una edicion publicada por,Turia + Kant
3851323203,está escrito en,Alemán
Bertha Pappenheim,es autor de la obra,Literarische und publizistische Texte
Literarische und publizistische Texte,pertenece al género,Jews
Literarische und publizistische Texte,pertenece al género,Essays
Literarische und publizistische Texte,pertenece al género,Women's rights
2721003038,es un codigo ISBN para el libro,Le travail de Sisyphe
2721003038,es un codigo ISBN de una edicion publicada por,Editions des Femmes
9782721003034,es un codigo ISBN para el libro,Le travail de Sisyphe
9782721003034,es un codigo ISBN de una edicion publicada por,Editions des Femmes
Bertha Pappenheim,es autor de la obra,Le travail de Sisyphe
3980121933,es un codigo ISBN para el libro,"""Das unsichtbare Isenburg"""
3980121933,es un codigo ISBN de una edicion publicada por,Kulturamt der Stadt Neu-Isenburg
3980121933,está escrito en,Alemán
Bertha Pappenheim,es autor de la obra,"""Das unsichtbare Isenburg"""
"""Das unsichtbare Isenburg""",pertenece al género,Charities
"""Das unsichtbare Isenburg""",pertenece al género,"Heim des Jüdischen Frauenbundes (Neu-Isenburg, Germany)"
"""Das unsichtbare Isenburg""",pertenece al género,Jews
3933471419,es un codigo ISBN para el libro,Gebete =
3933471419,es un codigo ISBN de una edicion publicada por,Hentrich & Hentrich
3933471419,está escrito en,Alemán
3933471419,está escrito en,Inglés
9783933471413,es un codigo ISBN para el libro,Gebete =
9783933471413,es un codigo ISBN de una edicion publicada por,Hentrich & Hentrich
9783933471413,está escrito en,Alemán
9783933471413,está escrito en,Inglés
Bertha Pappenheim,es autor de la obra,Gebete =
Gebete =,pertenece al género,Judaism
Gebete =,pertenece al género,Prayer-books and devotions
Gebete =,pertenece al género,Prayers and devotions
9781572411654,es un codigo ISBN para el libro,In the junk shop and other stories
9781572411654,es un codigo ISBN de una edicion publicada por,Adriadne Press
9781572411654,está escrito en,Inglés
Bertha Pappenheim,es autor de la obra,In the junk shop and other stories
In the junk shop and other stories,pertenece al género,Translations into English
In the junk shop and other stories,pertenece al género,"Children's stories, German"
In the junk shop and other stories,pertenece al género,Children's stories
3926023333,es un codigo ISBN para el libro,Sisyphus
3926023333,es un codigo ISBN de una edicion publicada por,Kore
3926023333,está escrito en,Alemán
Bertha Pappenheim,es autor de la obra,Sisyphus
Sisyphus,pertenece al género,Child welfare
Sisyphus,pertenece al género,History
Sisyphus,pertenece al género,Jewish women
Brigitte Hamann,es de nacionalidad,Austria
9783406578465,es un codigo ISBN para el libro,Österreich
9783406578465,es un codigo ISBN de una edicion publicada por,Beck C. H.
9783406578465,es un codigo ISBN de una edicion publicada por,C.H. Beck
9783406578465,está escrito en,Alemán
Brigitte Hamann,es autor de la obra,Österreich
Österreich,pertenece al género,History
9783426023143,es un codigo ISBN para el libro,"Elisabeth, Kaiserin wider Willen"
9783426023143,es un codigo ISBN de una edicion publicada por,Knaur
9783426023143,está escrito en,Alemán
3426023148,es un codigo ISBN para el libro,"Elisabeth, Kaiserin wider Willen"
3426023148,es un codigo ISBN de una edicion publicada por,Knaur
3426023148,está escrito en,Alemán
Brigitte Hamann,es autor de la obra,"Elisabeth, Kaiserin wider Willen"
"Elisabeth, Kaiserin wider Willen",pertenece al género,Empresses
"Elisabeth, Kaiserin wider Willen",pertenece al género,Biography
9781848852778,es un codigo ISBN para el libro,Hitler's Vienna
9781848852778,es un codigo ISBN de una edicion publicada por,Tauris Parke Paperbacks
1848852770,es un codigo ISBN para el libro,Hitler's Vienna
1848852770,es un codigo ISBN de una edicion publicada por,Tauris Parke Paperbacks
Brigitte Hamann,es autor de la obra,Hitler's Vienna
Hitler's Vienna,pertenece al género,Politics and government
Hitler's Vienna,pertenece al género,Intellectual life
Hitler's Vienna,pertenece al género,Childhood and youth
3883792667,es un codigo ISBN para el libro,Sisis Künstleralbum
3883792667,es un codigo ISBN de una edicion publicada por,Harenberg
3883792667,está escrito en,Alemán
Brigitte Hamann,es autor de la obra,Sisis Künstleralbum
Sisis Künstleralbum,pertenece al género,Portraits
Sisis Künstleralbum,pertenece al género,Circus performers
Sisis Künstleralbum,pertenece al género,Actors
9781433138461,es un codigo ISBN para el libro,"Rudolf, Crown Prince and Rebel"
9781433138461,es un codigo ISBN de una edicion publicada por,"Lang AG International Academic Publishers, Peter"
9781433138461,está escrito en,Inglés
9781433138478,es un codigo ISBN para el libro,"Rudolf, Crown Prince and Rebel"
9781433138478,es un codigo ISBN de una edicion publicada por,"Lang AG International Academic Publishers, Peter"
9781433138478,está escrito en,Inglés
9781453911839,es un codigo ISBN para el libro,"Rudolf, Crown Prince and Rebel"
9781453911839,es un codigo ISBN de una edicion publicada por,"Lang AG International Academic Publishers, Peter"
9781453911839,está escrito en,Inglés
9781433110801,es un codigo ISBN para el libro,"Rudolf, Crown Prince and Rebel"
9781433110801,es un codigo ISBN de una edicion publicada por,"Lang Publishing, Incorporated, Peter"
9781433110801,es un codigo ISBN de una edicion publicada por,"Peter Lang Inc., International Academic Publishers"
9781433110801,es un codigo ISBN de una edicion publicada por,Peter Lang Us
9781433110801,está escrito en,Inglés
Brigitte Hamann,es autor de la obra,"Rudolf, Crown Prince and Rebel"
"Rudolf, Crown Prince and Rebel",pertenece al género,Princes
"Rudolf, Crown Prince and Rebel",pertenece al género,"Austria, politics and government"
"Rudolf, Crown Prince and Rebel",pertenece al género,"Austria, biography"
9780571287567,es un codigo ISBN para el libro,The Reluctant Empress
9780571287567,es un codigo ISBN de una edicion publicada por,"Faber & Faber, Limited"
9780571287567,está escrito en,Inglés
9780571271306,es un codigo ISBN para el libro,The Reluctant Empress
9780571271306,es un codigo ISBN de una edicion publicada por,Faber and Faber
0571271308,es un codigo ISBN para el libro,The Reluctant Empress
0571271308,es un codigo ISBN de una edicion publicada por,Faber and Faber
Brigitte Hamann,es autor de la obra,The Reluctant Empress
9783492108003,es un codigo ISBN para el libro,Rudolf
9783492108003,es un codigo ISBN de una edicion publicada por,Piper Verlag GmbH
3492108008,es un codigo ISBN para el libro,Rudolf
3492108008,es un codigo ISBN de una edicion publicada por,Piper Verlag GmbH
8830402419,es un codigo ISBN para el libro,Rudolf
8830402419,es un codigo ISBN de una edicion publicada por,Longanesi & C.
9788830402416,es un codigo ISBN para el libro,Rudolf
9788830402416,es un codigo ISBN de una edicion publicada por,Longanesi & C.
Brigitte Hamann,es autor de la obra,Rudolf
3854477732,es un codigo ISBN para el libro,Elisabeth
3854477732,es un codigo ISBN de una edicion publicada por,C. Brandstatter
3854477732,está escrito en,Alemán
Brigitte Hamann,es autor de la obra,Elisabeth
Elisabeth,pertenece al género,Homes and haunts
Elisabeth,pertenece al género,Travel
3854477961,es un codigo ISBN para el libro,"Elisabeth, stages in a life"
3854477961,es un codigo ISBN de una edicion publicada por,Brandstätter
3854477961,está escrito en,Inglés
Brigitte Hamann,es autor de la obra,"Elisabeth, stages in a life"
"Elisabeth, stages in a life",pertenece al género,Chronology
"Elisabeth, stages in a life",pertenece al género,Social life and customs
"Elisabeth, stages in a life",pertenece al género,Empresses
385447797X,es un codigo ISBN para el libro,Elisabeth
385447797X,es un codigo ISBN de una edicion publicada por,Brandstätter
385447797X,está escrito en,Alemán
Elisabeth,pertenece al género,Chronology
Elisabeth,pertenece al género,Social life and customs
3492031633,es un codigo ISBN para el libro,Die Habsburger: Ein biographisches Lexikon (German Edition)
3492031633,es un codigo ISBN de una edicion publicada por,Piper
3492031633,está escrito en,Alemán
Brigitte Hamann,es autor de la obra,Die Habsburger: Ein biographisches Lexikon (German Edition)
Die Habsburger: Ein biographisches Lexikon (German Edition),pertenece al género,Kings and rulers
Die Habsburger: Ein biographisches Lexikon (German Edition),pertenece al género,Dictionaries
Die Habsburger: Ein biographisches Lexikon (German Edition),pertenece al género,Biography
3800032473,es un codigo ISBN para el libro,Die Habsburger: Ein biographisches Lexikon
3800032473,es un codigo ISBN de una edicion publicada por,Verlag Carl Ueberreuter
9783800032471,es un codigo ISBN para el libro,Die Habsburger: Ein biographisches Lexikon
9783800032471,es un codigo ISBN de una edicion publicada por,Verlag Carl Ueberreuter
Brigitte Hamann,es autor de la obra,Die Habsburger: Ein biographisches Lexikon
3492245722,es un codigo ISBN para el libro,Kronprinz Rudolf
3492245722,es un codigo ISBN de una edicion publicada por,Piper Verlag GmbH
9783492245722,es un codigo ISBN para el libro,Kronprinz Rudolf
9783492245722,es un codigo ISBN de una edicion publicada por,Piper Verlag GmbH
Brigitte Hamann,es autor de la obra,Kronprinz Rudolf
9783492245524,es un codigo ISBN para el libro,Elisabeth
9783492245524,es un codigo ISBN de una edicion publicada por,Piper Verlag GmbH
3492245528,es un codigo ISBN para el libro,Elisabeth
3492245528,es un codigo ISBN de una edicion publicada por,Piper Verlag GmbH
9783492239769,es un codigo ISBN para el libro,Winifred Wagner oder Hitlers Bayreuth
9783492239769,es un codigo ISBN de una edicion publicada por,Piper
9783492239769,está escrito en,Alemán
3492239765,es un codigo ISBN para el libro,Winifred Wagner oder Hitlers Bayreuth
3492239765,es un codigo ISBN de una edicion publicada por,Piper
3492239765,está escrito en,Alemán
Brigitte Hamann,es autor de la obra,Winifred Wagner oder Hitlers Bayreuth
Winifred Wagner oder Hitlers Bayreuth,pertenece al género,Adolf Hitler
Winifred Wagner oder Hitlers Bayreuth,pertenece al género,Kultur
Winifred Wagner oder Hitlers Bayreuth,pertenece al género,Bayreuther Festspiele gnd
3883791997,es un codigo ISBN para el libro,Sisis Familienalbum
3883791997,es un codigo ISBN de una edicion publicada por,Harenberg
3883791997,está escrito en,Alemán
Brigitte Hamann,es autor de la obra,Sisis Familienalbum
Sisis Familienalbum,pertenece al género,Portraits
Sisis Familienalbum,pertenece al género,Family
380002540X,es un codigo ISBN para el libro,Ein Herz und viele Kronen. Das Leben der Kaiserin Maria Theresia.
380002540X,es un codigo ISBN de una edicion publicada por,Ueberreuter
380002540X,está escrito en,Alemán
9783800025404,es un codigo ISBN para el libro,Ein Herz und viele Kronen. Das Leben der Kaiserin Maria Theresia.
9783800025404,es un codigo ISBN de una edicion publicada por,Ueberreuter
9783800025404,está escrito en,Alemán
Brigitte Hamann,es autor de la obra,Ein Herz und viele Kronen. Das Leben der Kaiserin Maria Theresia.
9783492222280,es un codigo ISBN para el libro,"Meine liebe, gute Freundin"
9783492222280,es un codigo ISBN de una edicion publicada por,Piper
9783492222280,está escrito en,Alemán
3492222285,es un codigo ISBN para el libro,"Meine liebe, gute Freundin"
3492222285,es un codigo ISBN de una edicion publicada por,Piper
3492222285,está escrito en,Alemán
Brigitte Hamann,es autor de la obra,"Meine liebe, gute Freundin"
9783492208246,es un codigo ISBN para el libro,"' Majestät, ich warne Sie ...' Geheime und private Schriften"
9783492208246,es un codigo ISBN de una edicion publicada por,Piper
9783492208246,está escrito en,Alemán
349220824X,es un codigo ISBN para el libro,"' Majestät, ich warne Sie ...' Geheime und private Schriften"
349220824X,es un codigo ISBN de una edicion publicada por,Piper
349220824X,está escrito en,Alemán
Brigitte Hamann,es autor de la obra,"' Majestät, ich warne Sie ...' Geheime und private Schriften"
9783854477969,es un codigo ISBN para el libro,"Elisabeth, Stages in a Life; Elisabeth, Stationen ihres Lebens, engl. Ausgabe"
9783854477969,es un codigo ISBN de una edicion publicada por,BRANDSTAETTER CHRISTIAN
3854477961,es un codigo ISBN para el libro,"Elisabeth, Stages in a Life; Elisabeth, Stationen ihres Lebens, engl. Ausgabe"
3854477961,es un codigo ISBN de una edicion publicada por,BRANDSTAETTER CHRISTIAN
Brigitte Hamann,es autor de la obra,"Elisabeth, Stages in a Life; Elisabeth, Stationen ihres Lebens, engl. Ausgabe"
3700126816,es un codigo ISBN para el libro,"Kaiserin Elisabeth, Das poetische Tagebuch"
3700126816,es un codigo ISBN de una edicion publicada por,Verlag der Osterreich. Akademie der Wissenschafte
3700126816,está escrito en,Alemán
9783700126812,es un codigo ISBN para el libro,"Kaiserin Elisabeth, Das poetische Tagebuch"
9783700126812,es un codigo ISBN de una edicion publicada por,Verlag der Osterreich. Akademie der Wissenschafte
9783700126812,está escrito en,Alemán
Brigitte Hamann,es autor de la obra,"Kaiserin Elisabeth, Das poetische Tagebuch"
9789681632519,es un codigo ISBN para el libro,Con Maximiliano En Mexico (With Maximilian in Mexico) (Seccibon de Obras de Historia)
9789681632519,es un codigo ISBN de una edicion publicada por,Fondo De Cultura Economica USA
9789681632519,está escrito en,Inglés
9681632516,es un codigo ISBN para el libro,Con Maximiliano En Mexico (With Maximilian in Mexico) (Seccibon de Obras de Historia)
9681632516,es un codigo ISBN de una edicion publicada por,Fondo De Cultura Economica USA
9681632516,está escrito en,Inglés
Brigitte Hamann,es autor de la obra,Con Maximiliano En Mexico (With Maximilian in Mexico) (Seccibon de Obras de Historia)
3492045901,es un codigo ISBN para el libro,Der Erste Weltkrieg
3492045901,es un codigo ISBN de una edicion publicada por,Piper Verlag GmbH
3492045901,está escrito en,Alemán
3492045901,es un codigo ISBN de una edicion publicada por,Piper
Brigitte Hamann,es autor de la obra,Der Erste Weltkrieg
Der Erste Weltkrieg,pertenece al género,"World War, 1914-1918"
Der Erste Weltkrieg,pertenece al género,Postcards
Der Erste Weltkrieg,pertenece al género,Propaganda
9783499506581,es un codigo ISBN para el libro,Die Familie Wagner
9783499506581,es un codigo ISBN de una edicion publicada por,Rowohlt Taschenbuch Verlag
9783499506581,está escrito en,Alemán
3499506580,es un codigo ISBN para el libro,Die Familie Wagner
3499506580,es un codigo ISBN de una edicion publicada por,Rowohlt Taschenbuch Verlag
3499506580,está escrito en,Alemán
Brigitte Hamann,es autor de la obra,Die Familie Wagner
Die Familie Wagner,pertenece al género,Composers
Die Familie Wagner,pertenece al género,Biography
Die Familie Wagner,pertenece al género,Family
3426871246,es un codigo ISBN para el libro,Die zwölf Archetypen. Tierkreiszeichen und Persönlichkeitsstruktur
3426871246,es un codigo ISBN de una edicion publicada por,"Droemersche Verlagsanstalt Th. Knaur Nachf., GmbH & Co."
9783426871249,es un codigo ISBN para el libro,Die zwölf Archetypen. Tierkreiszeichen und Persönlichkeitsstruktur
9783426871249,es un codigo ISBN de una edicion publicada por,"Droemersche Verlagsanstalt Th. Knaur Nachf., GmbH & Co."
Brigitte Hamann,es autor de la obra,Die zwölf Archetypen. Tierkreiszeichen und Persönlichkeitsstruktur
2213012938,es un codigo ISBN para el libro,Elisabeth d'Autriche
2213012938,es un codigo ISBN de una edicion publicada por,Fayard
9782213012933,es un codigo ISBN para el libro,Elisabeth d'Autriche
9782213012933,es un codigo ISBN de una edicion publicada por,Fayard
Brigitte Hamann,es autor de la obra,Elisabeth d'Autriche
9783492051644,es un codigo ISBN para el libro,Hitlers Edeljude
9783492051644,es un codigo ISBN de una edicion publicada por,Piper
9783492051644,está escrito en,Alemán
Brigitte Hamann,es autor de la obra,Hitlers Edeljude
Hitlers Edeljude,pertenece al género,Physicians
Hitlers Edeljude,pertenece al género,Biography
Hitlers Edeljude,pertenece al género,Jewish physicians
3492035981,es un codigo ISBN para el libro,Hitlers Wien
3492035981,es un codigo ISBN de una edicion publicada por,Piper
3492035981,está escrito en,Alemán
Brigitte Hamann,es autor de la obra,Hitlers Wien
Hitlers Wien,pertenece al género,Politics and government
Hitlers Wien,pertenece al género,Homes and haunts
Hitlers Wien,pertenece al género,Intellectual life
9783492226530,es un codigo ISBN para el libro,Hitlers Wien
9783492226530,es un codigo ISBN de una edicion publicada por,Piper
9783492226530,está escrito en,Alemán
3492226531,es un codigo ISBN para el libro,Hitlers Wien
3492226531,es un codigo ISBN de una edicion publicada por,Piper
3492226531,está escrito en,Alemán
3800023210,es un codigo ISBN para el libro,Nichts als Musik im Kopf
3800023210,es un codigo ISBN de una edicion publicada por,Ueberreuter
3800023210,está escrito en,Alemán
Brigitte Hamann,es autor de la obra,Nichts als Musik im Kopf
Nichts als Musik im Kopf,pertenece al género,Composers
Nichts als Musik im Kopf,pertenece al género,Biography
Hilda Knobloch,es de nacionalidad,Austria
0061414379,es un codigo ISBN para el libro,Manual of developmental diagnosis
0061414379,es un codigo ISBN de una edicion publicada por,Harper & Row
0061414379,está escrito en,Inglés
Hilda Knobloch,es autor de la obra,Manual of developmental diagnosis
Manual of developmental diagnosis,pertenece al género,Child development
Manual of developmental diagnosis,pertenece al género,Child development deviations
Manual of developmental diagnosis,pertenece al género,Diagnosis
0061414379,es un codigo ISBN de una edicion publicada por,"Medical Dept., Harper &Row"
Manual of developmental diagnosis,pertenece al género,Testing
"""--und wenn's a Katz is!""",es del año,1995
"""Blattl vorm Mund""",es del año,1997
"""Brettl vor dem Kopf"" und andere Texte fürs Kabarett",es del año,1996
"""Das unsichtbare Isenburg""",es del año,1994
"""Je ne suis pas jolie, je suis pire""",es del año,2008
"""Jeder sei sein eigener Dekorateur""",es del año,2013
"""Schwingungsbelastung beim Arbeiten mit handgeführten, einachsigen Motormähgeräten""",es del año,1987
"""Wie ich mir aus einem Roman gemerkt habe-- """,es del año,2006
"' Majestät, ich warne Sie ...' Geheime und private Schriften",es del año,1998
'La cita' y otros cuentos de mujeres infieles,es del año,2003
--damit wir nicht untergehen--,es del año,1992
... Wenn der Kater kommt ...,es del año,2014
... und wenn's a Katz is! Mein Weg durchs Leben,es del año,1997
100 Gedichte ohne Vaterland,es del año,1978
3 Favorites by the Brothers Grimm,es del año,1990
75 Jahre aus bewegter Zeit,es del año,1978
A Criação do Patriarcado,es del año,2020
A bis Z eines Pianisten,es del año,2012
A good enough parent,es del año,1987
ALONG THE GANGES,es del año,2005
Aber Bleibendes stiften die Dichter. Gedanken für den Tag,es del año,2001
Abraham's children,es del año,1991
Abschied vom Proletariat,es del año,1980
Abschiede,es del año,1981
Absturz ins Glück,es del año,1983
Adolf Loos,es del año,1979
Adolf Loos Why a Man Should be Well Dressed,es del año,2011
"Adolf Loos, 1870-1933",es del año,1983
Aesop's fables,es del año,1991
Affäre Nina B,es del año,1960
After The Open Society,es del año,2007
Alban Berg und seine Idole,es del año,1995
Albertus Magnus Angelus,es del año,1989
Alfred,es del año,2019
Alfred Brendel Plays Schubert,es del año,2001
Alfred Brendel on Music,es del año,2007
Alfred Brendel on music,es del año,2000
Alle Gedichte,es del año,2010
Alle Stücke,es del año,2008
Allemann,es del año,1989
Alles leben ist Problemlösen,es del año,2003
Alles wirkliche Leben ist Begegnung,es del año,1998
Along the Ganga,es del año,2005
Alpenglühen,es del año,1992
Alpine glow,es del año,1994
Als ich jung war,es del año,2019
"Alt, aber Polt",es del año,2015
Alternatives Leben,es del año,1980
Am Anfang war Dada,es del año,1972
Am Rand unserer Lebenszeit,es del año,1987
Am Vorabend einer neuen Revolution?,es del año,1975
Amras,es del año,1988
Anarchistische Welten,es del año,2012
Anderntags,es del año,1989
Andersen's Fairy Tales,es del año,2016
Anfechtungen,es del año,1990
Angriff auf die Freiheit,es del año,2009
Angst und Persönlichkeit,es del año,2000
Angst und Trost,es del año,1983
Anmerkungen zu Stalin,es del año,2009
Announcing the Word of God,es del año,1967
Anti-Capitalistic Mentality,es del año,2006
Antología de la literatura fantástica,es del año,1977
Antípodas,es del año,2006
Aprender a Leer,es del año,1993
"Artmann, H.C., Dichter",es del año,1986
Ashita o shihaisuru mono,es del año,1999
Asien. Die neue große Schule,es del año,2000
Astoria : Der Lechner-Edi schaut ins Paradies,es del año,1975
Astorija ta inši istorii͏̈,es del año,1996
Atelier 5,es del año,2000
"Auch wenn ich lache, muss ich weinen",es del año,1995
Auf Messers Schneide,es del año,1995
Auf Spurensuche mit Schachfiguren,es del año,1900
Auf der Suche nach einer besseren Welt,es del año,2000
Auf fernen Gipfeln,es del año,1976
Auferstehung der Toten,es del año,1996
Aufstand gegen die Masse,es del año,1980
Augenblicke,es del año,2003
Augenlust,es del año,1986
Augenschmaus,es del año,1989
Aus dem wirklichen leben. Gedichte und Prosa,es del año,2002
Aus meiner Botanisiertrommel,es del año,1978
Ausgebremst,es del año,1998
Ausgebremst. Der Roman zur Formel 1,es del año,2001
Ausgerechnet ich,es del año,2001
Ausgewählte Werke,es del año,1979
Auslöschung,es del año,2009
Ausseerland,es del año,1992
Ausseerland. Die Bühne hinter den Kulissen,es del año,2002
Ausserirdische Zwitterwesen =,es del año,2005
Austria,es del año,1995
Austrian Revolution,es del año,2020
Austrian democracy under fire,es del año,2021
Austro-Marxism : The Ideology of Unity. Volume II : Changing the World,es del año,2017
Autopol,es del año,1997
Autor in Gesellschaft. Aufsätze und Reden,es del año,1999
Awakening To The Great Sleep War A Novel,es del año,2012
Ação humana,es del año,1990
Bayerisch-österreichisches Wörterbuch,es del año,1963
Beef Tartare,es del año,2012
Beerholms Vorstellung,es del año,1997
Beerholms Vorstellung : Roman,es del año,2007
Beethoven:Complete Works for Piano &,es del año,2005
Befreiung des Empfindens,es del año,2004
Begegnungen unterwegs,es del año,2003
Bei Einbruch der Dunkelheit ; Die Bürger ; Gott im Wienerwald,es del año,2007
Belonging to the Universe,es del año,1993
Belonging to the universe,es del año,1992
"Besitzlosigkeit, Verzögerung, Schweigen, Anarchie",es del año,1985
Best of Qualtinger,es del año,1999
Betrayal,es del año,1989
Beyond Economics and Ecology,es del año,2013
Beyond Seven years in Tibet,es del año,2007
Bibliothek,es del año,1999
Bildersprache,es del año,1988
Bilinmeyen Deger,es del año,2013
Billy Wilder,es del año,2002
Billy Wilder in Hollywood,es del año,1977
Bis das Licht hervorbricht,es del año,2006
Black Women in White America,es del año,1972
Blinding moment,es del año,2008
Blumen,es del año,1994
Blumen für Polt. Ein Krimi mit Gendamerie- Inspektor Simon Polt,es del año,2001
Bohumil Blubb und die Wächter der Wasserwelt,es del año,2004
Borders =,es del año,1977
Borders = Grenzen,es del año,1993
Born Guilty,es del año,1989
Born guilty,es del año,1988
Borneo,es del año,1988
Botschaft an die Zukunft,es del año,1988
Botschaft der Berge,es del año,1986
Bravo,es del año,1994
Brenner and God,es del año,2012
Brennerova,es del año,2014
Brief an D.,es del año,2008
Bruchstücke,es del año,1984
"Bunt, sozial, brutal",es del año,2019
Bureaucracy,es del año,2007
Burgenland,es del año,1989
Burocracia,es del año,2017
Business Im Land der Aufgehenden Sonne,es del año,2008
Buyulenme,es del año,2013
Buʾs al-īdiyūlūjiyā,es del año,1992
C'est la vie - Ein Lebens-Lauf,es del año,2014
CS Set Speaking (Distinguished Scholars Program),es del año,1974
Caixa Von Mises - Box Edicao Premium,es del año,2018
Camminare,es del año,2018
"Cancer, leucemie",es del año,2003
"Capitalisme, socialisme, écologie",es del año,1991
Celebration of Awareness,es del año,1971
Children and fools,es del año,1992
China and the West,es del año,1970
China-Handel,es del año,1979
Cho Oyu - La Conquista de Un Pico de 8.000 Metros,es del año,2000
Cholodneča,es del año,2013
Chorphantasie,es del año,2003
Christian prayer through the centuries,es del año,2007
Christmas Eve *ebook*,es del año,2017
Cinsel Devrim,es del año,2015
"Code inconnu, récit incomplet de divers voyages",es del año,2015
Composer and critic,es del año,1969
Con Maximiliano En Mexico (With Maximilian in Mexico) (Seccibon de Obras de Historia),es del año,2000
Confluences,es del año,2012
Conjectures and refutations,es del año,1968
Courrier Dada,es del año,1992
Creating your home with style,es del año,2013
Creation et evolution,es del año,2009
Creative Meditation and Multi-Dimensional Consciousness,es del año,2023
Critique de la division du travail,es del año,1976
Critique of economic reason,es del año,1989
Cursing bagels,es del año,2004
DER STADTPARK,es del año,1996
DIE ERSTEN DREI JAHRE DES KINDES,es del año,1981
DITONA,es del año,1985
Da Nietzsche a Benn,es del año,1998
Da Ponte in Santa Fe. Stück und Materialien,es del año,2002
Dada-Wissenschaft,es del año,2013
Das Bild des roten Drachen,es del año,1995
Das Buch der Bücher von Peter Altenberg,es del año,2009
Das Buch vom Eiger,es del año,1988
Das Fest des Hahns,es del año,1991
Das Finanzkapital,es del año,1970
Das Gesamtwerk,es del año,1977
Das Handwerk des Tötens,es del año,2003
Das Klarfeld Gedicht,es del año,1988
Das Klarsfeld Gedicht,es del año,1988
Das Qualtinger-Buch,es del año,1986
Das Register,es del año,1992
"Das Rocheln der Mona Lisa : Gedichte, Szenen, Prosa",es del año,1990
Das Sonnenbuch,es del año,2013
Das Streichelinstitut,es del año,2010
Das Vermächtnis des verlorenen Sohnes,es del año,1996
Das Wetter vor 15 Jahren,es del año,2006
Das Wirken der Seele,es del año,2002
Das alte Lhasa. Bilder aus Tibet,es del año,1996
Das ewige Leben,es del año,2003
Das ewige Leben. 3 CDs,es del año,2003
Das geheime Brot,es del año,1984
Das grosse Buch vom Lebensstil,es del año,2006
Das grosse Reimmichl Hausbuch,es del año,1994
Das grosse Roda Roda Album,es del año,1987
Das grosse Roda Roda Buch,es del año,1988
Das kurze Leben der DDR,es del año,1990
Das letzte Lokal,es del año,1978
"Das neue Denken by Capra, Fritjof",es del año,1991
Das poetische Werk,es del año,1993
Das umstrittene Experiment--der Mensch,es del año,1988
Das weisse Band,es del año,2009
De pianiste,es del año,1987
De stem van Sibylle,es del año,1986
De stof waarvan de dromen zijn,es del año,2013
De wereld is groot en overal loert redding,es del año,2009
Dead tech,es del año,2000
Der Antifa- Komplex. Das korrekte Weltbild,es del año,1999
Der Asoziale,es del año,2001
Der Atem,es del año,2021
Der Atom-Staat,es del año,1977
Der Auftrag,es del año,2006
Der Blick vom Mond,es del año,1970
Der Blick vom Turm,es del año,1988
Der Brenner und der liebe Gott,es del año,2009
Der Briefwechsel,es del año,2013
Der Erste Weltkrieg,es del año,2004
Der Ficker,es del año,2006
Der Geschmack der Fremde,es del año,2004
Der Gletscherhahnenfuß,es del año,2011
Der Herr Karl,es del año,1995
Der Herr Karl und weiteres Heiteres,es del año,1964
Der Herr Karl.,es del año,1996
Der Himalaya blüht,es del año,1980
Der Honigverkäufer im Palastgarten und das Auditorium Maximum,es del año,2010
Der Knochenmann,es del año,1999
Der Kommerzialrat,es del año,1995
Der Kommerzialrat. Bericht,es del año,1997
Der Kopf des Georg Friedrich Händel,es del año,1988
Der Lechner-Edi schaut ins Paradies,es del año,1977
"Der Mann, der die Mandelbäume malte",es del año,1998
Der Mörder und andere Leut',es del año,1975
Der Prinz of Wales geht auf Urlaub,es del año,1996
Der Präsident,es del año,2020
Der Riese vom Steinfeld,es del año,2002
Der Sadhu an der Teufelswand,es del año,2001
Der Sandmann kommt,es del año,1992
"Der Schalldämpfer, Bd.2",es del año,1995
Der Schnüffelbold,es del año,2012
Der Schock des Hitler-Stalin-Paktes,es del año,1986
Der Sinn des Lebens,es del año,1974
Der Sohn des verlorenen Sohnes,es del año,1996
Der Stadtpark und andere Erzählungen,es del año,1985
Der Störfall von Harrisburg,es del año,1979
Der Tod ist ein Flop,es del año,1999
Der Wahrheit auf der Spur,es del año,2011
Der Weltersammler,es del año,2006
Der beschriftete Sessel,es del año,2012
Der dicke Deix,es del año,2004
Der entfesselte Globus,es del año,2010
Der fernste Ort,es del año,2004
Der gelbe Hund,es del año,1980
Der ju ngere Bruder,es del año,1973
Der letzte Österreicher,es del año,1995
Der liebe Gott des Waldviertels,es del año,1986
Der neue Lafer! Lichter! Lecker!,es del año,2010
Der philosophische Diktion und das Problem der Popularisierung,es del año,1992
Der sechste Sinn,es del año,1993
Der springende Punkt,es del año,2009
Der tollste Tag,es del año,1973
Der tollste Tag ; Die Wirtin ; Campiello,es del año,2003
Der unsichtbare Drache,es del año,2019
Der versteckte Hirte,es del año,1975
Der zerbrochene Krug,es del año,1992
Der zweck,es del año,1914
Derrubar árvores,es del año,2022
Deschooling Society,es del año,1970
Desserts,es del año,2002
Desserts die mein Leben begleiten,es del año,2000
"Desserts die mein Leben begleiten / Johann Lafer ; [Redaktion, Tanja Schindler ; Fotos, Michael Wissing]",es del año,1998
Deutsche Bausteine Mitteleuropas,es del año,1989
Deutschland von aussen,es del año,1990
Dialogues avec les mères,es del año,1997
Dibur la-riḳ,es del año,2004
Dichten = No. 10,es del año,2008
Die 7 Raben,es del año,1993
Die Antiquiertheit des Menschen,es del año,1985
Die Antwort kennt nur der Wind,es del año,1973
Die Blutsäule,es del año,1997
Die Chinesische Mauer,es del año,1987
Die Dame aus Arezzo,es del año,2018
Die Entstehung des Patriarchats,es del año,1991
Die Erde bleibt noch lange jung,es del año,1981
Die Erzählungen,es del año,1979
"Die Eröffnung, Endlich Schluss, Kindsmord",es del año,2006
Die Familie Wagner,es del año,2005
Die Frösche und andere Texte,es del año,1971
Die Frösche und andere Texte,es del año,1985
Die Geheimnislosigkeit,es del año,1996
Die Götter sollen siegen,es del año,1978
Die Grenzen der Resignation,es del año,1977
Die Grossglocknerin,es del año,1976
Die Habsburger: Ein biographisches Lexikon,es del año,1988
Die Habsburger: Ein biographisches Lexikon (German Edition),es del año,1988
Die Jahre vergehen,es del año,1980
Die Kinder Abrahams,es del año,1990
Die Kinder der Toten,es del año,1995
Die Klavierspielerin,es del año,1983
Die Kobra-Falle,es del año,1994
Die Kostbarkeit des Augenblicks,es del año,1985
Die Liebe in Madagaskar,es del año,1998
Die Lieder riechen nach Thymian,es del año,2014
Die Minderleister,es del año,2011
Die Nacht des Sehens,es del año,2020
Die Nationalitätenfrage Und Die Sozialdemokratie,es del año,2018
Die Neue Wirtschaftsmacht Am Ganges,es del año,2006
Die Nicht-Anschauung,es del año,2005
Die Ochsen von Topolschitz,es del año,1995
Die Panduren. Roman einer Landschaft,es del año,1990
Die Panzermacher,es del año,1982
Die Pfirsichtöter,es del año,1972
Die Potemkin'sche Stadt,es del año,1983
Die Reform entlässt ihre Väter,es del año,1994
Die Republik der Kavaliere,es del año,2006
Die Revolution entläßt ihre Kinder,es del año,1961
Die Salzburger Stücke,es del año,1975
Die Sangspruchdichtung Rumelants Von Sachsen,es del año,2014
Die Schlacht um Wien,es del año,1995
Die Schutzengelkirche und das ehemalige Jesuitenkolleg in Eichstätt,es del año,2011
Die Sonne war ein grünes Ei,es del año,1982
Die Sprache,es del año,1987
Die Suche Nach Einem Sozialen Buddhismus (German Edition),es del año,2007
Die Summe der Tage,es del año,2001
Die Typischen Erzählsituationen 1955-2015,es del año,2015
"Die Verbesserung von Mitteleuropa, Roman",es del año,1985
Die Vereinigung von KPD und SPD zur SED,es del año,2006
Die Verhaftung des Johann Nepomuk Nestroy,es del año,1998
Die Verschwörung der Wörter. 70 ausgewählte Gedichte,es del año,2001
Die Villen der Frau Hürsch,es del año,2004
Die Weisse Spinne,es del año,1974
Die Welt des Manfred Deix,es del año,2003
Die Welt ist gross und Rettung lauert überall,es del año,1996
Die Weltfremdheit des Menschen,es del año,2018
Die Wettesser,es del año,2007
Die Winter im Süden,es del año,2008
Die Zukunft hat schon begonnen,es del año,1963
Die englischen Jahre,es del año,1999
Die englischen Jahre 1-3,es del año,2003
Die erste Reise zum unerforschten Grund des stillen Horizonts,es del año,1980
Die geretteten Köche,es del año,1997
Die goldene Zeit des Wiener Cabarets,es del año,1995
Die grüne Seite,es del año,1974
Die kommenden Jahre,es del año,2018
Die leisen Seiten der Weihnacht,es del año,1998
Die letzte Nacht,es del año,1918
Die letzten Fünfhundert,es del año,1977
Die molussische Katakombe,es del año,1992
Die rot-weiss-rote Rasse,es del año,1982
Die vierte Republik,es del año,2000
Die zwölf Archetypen. Tierkreiszeichen und Persönlichkeitsstruktur,es del año,2001
Diese sehr ernsten Scherze,es del año,2007
Diplomatie im Dienst der Seelsorge,es del año,2002
Disabling Professions,es del año,1977
Discorso sulle erbe,es del año,2019
Dolomiten Sagen,es del año,1974
Dolomitensagen,es del año,1974
Double indemnity,es del año,2000
"Dr. Bruno Bettelheim Reads ""the Struggle for Meaning"" and ""Hansel and Gretel"" from the Uses of Enchantment",es del año,1985
Dramen,es del año,1989
"Dramen, Feuilletons, Fragmente",es del año,2000
Drei Personen wollen guter Laune sein,es del año,2017
Drei Viertel ohne Takt,es del año,1980
Dwarf Nose,es del año,2016
Dzieci Abrahama,es del año,1993
E 71,es del año,1996
EL ROSSINYOL,es del año,1993
Early Writings,es del año,2013
Eckart Witzigmann,es del año,1984
Ecologica,es del año,2010
Ecologie Et Politique,es del año,1978
Ecology as politics,es del año,1980
Ecology of Law,es del año,2015
Economic Policy,es del año,2010
Educacion y vida moderna,es del año,1981
Edvard Ravnikar,es del año,2010
Een eigen dood,es del año,1978
Ein Dorf,es del año,1980
Ein Engel hilft mir frühaufstehen,es del año,1995
Ein Fest gegen die Schwerkraft,es del año,1993
Ein Finger zuviel. 142 Gedichte,es del año,2000
Ein Herz und viele Kronen. Das Leben der Kaiserin Maria Theresia.,es del año,1998
Ein Leben für Kinder. Erziehung in unserer Zeit,es del año,2003
Ein Lesebuch,es del año,1993
Ein Singen geht über die Erde. Österliche Bilder und Gedanken,es del año,1994
Ein Soldat und ein Mädchen,es del año,1982
Ein Versprechen von Gegenwart,es del año,2013
Ein eigener Tod,es del año,1993
Ein irrer Traum,es del año,1999
Ein paar Schritte zurück,es del año,2002
Eine Lektion in Poesie wird vorbereitet,es del año,1998
Eine Schwalbe falten,es del año,2009
Eine elementare Einführung in die Theorie der Turing-Maschinen (German Edition),es del año,1998
Einer,es del año,1988
Einer. Sonderausgabe,es del año,2003
Einfache Erklärung,es del año,2014
Einübung in das Vermeidbare,es del año,1978
El Arte de Lo Obvio,es del año,1997
El Crepusculo De Los Dioses/sunset Boulevard (Paidos Peliculas),es del año,2000
El Punto Crucial,es del año,1985
El hijo del hijo pródigo,es del año,2008
El oficio de matar,es del año,2006
Elisabeth,es del año,1998
Elisabeth d'Autriche,es del año,1985
"Elisabeth, Kaiserin wider Willen",es del año,1982
"Elisabeth, Stages in a Life; Elisabeth, Stationen ihres Lebens, engl. Ausgabe",es del año,1998
"Elisabeth, stages in a life",es del año,1998
Embryology,es del año,2000
Emil und die Detektive,es del año,1998
"Empty Fortress, Infantile Autism and the Birth of Self",es del año,1967
En otro tiempo,es del año,2005
Energy and Equity,es del año,2023
English Years (Signed),es del año,2003
Enhancing Digital Literacies with Adult English Language Learners,es del año,2022
Entmündigung durch Experten,es del año,1979
Entscheidungsprozesse Vor Ort,es del año,2015
Enzyklopädie der Zukunft,es del año,1978
Epigramme und Epitaphe,es del año,2021
Epistemological Problems of Economics,es del año,2013
Epistemological Problems of Economics. Ludwig Von Mises (Liberty Fund Library of the Works of Ludwig Von Mises),es del año,2013
Equus,es del año,2018
Erich Fried - Heiner Müller,es del año,1989
Erinnerungen,es del año,1988
Erleichterung beim Zungezeigen,es del año,1989
Errance en France,es del año,2002
Erwachen zum grossen Schlafkrieg,es del año,1982
Erziehung zum Leben,es del año,1993
Erzählungen,es del año,1988
Erzählungen aus 1001 Nacht,es del año,2003
Erzählungen. 2 Cassetten.,es del año,2001
Es gibt den ungeheuren Anderen,es del año,2013
Es muss nicht immer Kaviar sein,es del año,1993
Es singen die Stein,es del año,1998
Escritos,es del año,2004
Eskorte nach Teheran,es del año,1997
"Essays on socialist humanism, in honour of the centenary of Bertrand Russell 1872-1970",es del año,1972
"Et si je suis désespéré, que voulez-vous que j'y fasse ? (French Edition)",es del año,2023
Et voici les clowns,es del año,1992
Eurocommunism,es del año,1979
Europa - Traum und Albtraum,es del año,2007
Europa unser,es del año,2005
Europa-Küche,es del año,2002
Écologie et politique,es del año,1978
F,es del año,2014
FORTSCHRITTSMYTHEN,es del año,1983
FROM MUMBAI TO MECCA; TRANS. BY REBECCA MORRISON,es del año,2006
Farbenlehre,es del año,1987
Fast alles Mögliche,es del año,1975
Fast modern,es del año,2008
"Fegefeuer, oder die Reise ins Zuchthaus",es del año,1983
Feuerkraut,es del año,2009
Fingerzeig,es del año,1996
Fleiss und Industrie,es del año,1989
Flucht,es del año,1991
Flucht in Frankreich,es del año,1998
Frauen finden ihre Vergangenheit,es del año,1995
Freiheit,es del año,2018
Freiheit schreibt auf Eure Fahnen!,es del año,2008
Fremdenzimmer,es del año,2018
Frische moderne Küche. essen und trinken. Genießen auf gut deutsch,es del año,1997
From Beethoven To Shostakovich - The Psychology Of The Composing Process,es del año,2007
From Beethoven to Shostakovich,es del año,1947
Front Page,es del año,1975
Frühe Gedichte,es del año,1986
Fröhlich und ernst unter der Mitra,es del año,1997
Frühe Schriften,es del año,2006
Fábulas de Esopo,es del año,1990
Fünfhundert Schwänke,es del año,1989
"Gatsch, Und jetzt",es del año,2009
Gebete =,es del año,2003
Gedichte,es del año,1988
Gedichte ; Musik der Kindheit ; Kirbisch,es del año,1976
Gedichte nach 1984,es del año,1985
Gedichte von der Wollust des Dichtens in Worte gefasst,es del año,1989
"Gedichte, die glücklich machen",es del año,2014
Gegenwege,es del año,1991
Geheimnisvoll erstrahlt das Kreuz,es del año,1994
Geist im Handumdrehen,es del año,1989
Geister und Dämonen,es del año,1993
Gemeinsam ist Alzheimer schöner,es del año,2020
Gender,es del año,1982
Genuss auf Italienisch. essen und trinken. Johann Lafers Culinarium,es del año,2002
Gerhard Rühm,es del año,1987
Gesammelte Schriften,es del año,2010
Gesammelte Werke,es del año,1990
Gesammelte Werke. Erster Band. Gedichte 1,es del año,1985
Geschichte der buddhistischen Philosophie,es del año,1996
Geschichte des Monismus,es del año,1910
Geschichte. Schreiben,es del año,2004
Geschichten aus Slavonien,es del año,1999
Geschlechterdings,es del año,1990
Gespräche im Heilbad,es del año,1985
Get It Right the First Time,es del año,2022
Getta la pietra!,es del año,2008
Gier,es del año,2000
Gift of the Magi,es del año,2002
Gitmeliydin,es del año,2019
Glanz strahlt von der Krippe auf,es del año,1991
Gli aratori del vulcano,es del año,1994
"Glossar zur Laut- und Flexionslehre der deutschen zimbrischen Mundart, das sind die Mundarten in den sieben Vicentinischen Gemeinden, den dreizehn veroneser Gemeinden und den deutschen Orten im Trentinischen (mit Ausnahme des Fersentales und des Nonsberges)",es del año,1985
Glückliches Österreich,es del año,1978
Gog a Magog,es del año,1996
Golge Is,es del año,2013
Gott finden in allen Dingen,es del año,1998
Gott schützt die Liebenden,es del año,1970
Gott schützt die Liebenden,es del año,1986
Grammatikder Rosen,es del año,1979
Great Short Stories of the World,es del año,1981
Grinshorn und Wespenmaler,es del año,2001
Grünverschlossene Botschaft,es del año,1972
"Gründerzeit, Adolf Loos",es del año,1987
"Günter Anders, Gewalt, ja oder nein",es del año,1987
H.P. Baxxter liest Erzählungen von Thomas Bernhard,es del año,2004
HBR Classics Boxed Set (16 Books),es del año,2017
HBR's 10 Must Reads,es del año,2016
HBR's 10 Must Reads Boxed Set with Bonus Emotional Intelligence (7 Books) (HBR's 10 Must Reads),es del año,2017
HBR's 10 Must Reads Leadership Collection (4 Books) (HBR's 10 Must Reads),es del año,2016
HBR's 10 Must Reads Ultimate Boxed Set (14 Books),es del año,2017
HBR's 10 Must Reads for Healthcare Leaders Collection,es del año,2019
HBR's 10 Must Reads on Innovation,es del año,2013
HBR's 10 Must Reads on Leadership,es del año,2011
HBR's 10 Must Reads on Leadership for Healthcare,es del año,2018
HBR's 10 Must Reads on Managing Yourself,es del año,2011
HBR's 10 Must Reads on Nonprofits and the Social Sectors,es del año,2019
Ha-ḥevrah ha-petuḥah,es del año,2003
Hacia El Trono de Los Dioses - Vol. 7,es del año,2000
Halbwelttheater,es del año,1982
Haneke par Haneke,es del año,2012
Haneke über Haneke,es del año,2013
Haneke/Jelinek,es del año,2001
Hans Eisenmann,es del año,1988
Hans-Christof Stenzel's POEtarium,es del año,1991
Hans/Jean Arp,es del año,2008
Hansel and Gretel,es del año,1979
Happy End,es del año,2017
"Hass, die Macht eines unerwünschten Gefühls",es del año,1985
Haydn/Schubert/Liszt:Live in Salzburg,es del año,2001
Heilige Zeichen,es del año,1988
Heilige Zeichen in Liturgie und Alltag,es del año,1997
Heiliggräber im Bistum St. Gallen,es del año,1993
Heimat bist du grosser Zwerge,es del año,1997
Heimat Österreich,es del año,2017
Heinrich Harrer,es del año,1991
Heiter-besinnlich rund um den Krummstab,es del año,2002
Heiter-besinnlich rund um den Krummstab. CD,es del año,1997
Heiter-besinnlich rund um den Krummstab. Cassette,es del año,1998
Heiteres und Schärferes,es del año,1972
Heldenplatz,es del año,1988
Hemler der Vogel,es del año,1992
Heridas simbo licas,es del año,1974
Hero liest Grillparzer / Leander lernt schwimmen,es del año,2019
Herrlichen Zeiten entgegen,es del año,1996
Herzschläge,es del año,1989
Heute ist morgen,es del año,2000
Highlights,es del año,1997
Himalaya,es del año,1971
Himmel un Erd. Kochen mit Johann Lafer. Die besten Rezepte aus der TV-Sendung,es del año,2001
Himmlische Sterneküche,es del año,2009
Hitler's Vienna,es del año,2010
Hitlers Edeljude,es del año,2008
Hitlers Wien,es del año,1996
Hochzeit in Brooklyn,es del año,1995
Hogwarts Library,es del año,2012
Holzrauch,es del año,1992
Homage to Czerny,es del año,2008
How the Camel Got His Hump,es del año,2003
"Hugo Wolf und drei Grazien, letzter Akt",es del año,2014
Hukuk Ekolojisi,es del año,2000
Human action,es del año,1996
Hundezeiten,es del año,1999
Hurra wir leben noch,es del año,1978
Hänsel und Gretel,es del año,1979
H₂O y las aguas del olvido,es del año,1993
I my feet,es del año,2004
Ibiza,es del año,2019
Ich bin eine Königin,es del año,1996
Ich gestehe alles,es del año,1971
Ich komme aus der Steinzeit,es del año,1988
Ich war Hitlers Trauzeuge,es del año,2017
Idyll im Exil,es del año,1996
Ihr nennt uns Menschen? Wartet noch damit,es del año,2013
Il soccombente,es del año,1999
Im Delikatessenladen,es del año,1988
Im Frühling singt zum letztenmal die Lerche,es del año,1992
Im Genesis-Gelände,es del año,1998
Im Guglhupf,es del año,1994
Im Inland und im Ausland auch,es del año,1974
Im Jahr des Panda,es del año,2016
Im Vorfeld der Augen,es del año,1982
Immanui͏̈l Kant ta inši pʹjesy,es del año,2002
Impressionen aus Salzburg,es del año,1995
In allen Einzelheiten,es del año,1998
In den Tälern der Welt,es del año,1999
In die Sinne einradiert,es del año,1985
In einer anderen Zeit,es del año,1995
In the Mirror of the Past,es del año,1991
In the Vineyard of the Text,es del año,2022
In the junk shop and other stories,es del año,2008
Incurably German,es del año,2001
Individual and Mass Behavior in Extreme Situations,es del año,1991
Innere Gewissheit (German Edition),es del año,2013
Insektarium,es del año,2001
Interventionism,es del año,2011
Issizlik Hakki,es del año,2017
It's up to us!,es del año,1996
Ita Wegman und Karl König,es del año,2007
Ivan Illich in conversation,es del año,1992
Ja i Kamins'kyj,es del año,2011
Je ne suis pas un photographe,es del año,1975
Jedermann,es del año,2019
Jedermann ist verdächtig,es del año,1992
Johann Lafer kocht,es del año,1995
Johann Lafer kocht Leibgerichte. essen und trinken. Genießen auf gut deutsch,es del año,1999
Johann Lafer kocht. Die neuen Rezepte aus der TV-Küche,es del año,2000
"Johann Lafers Frische, feine Küche. essen und trinken. Genießen auf gut deutsch",es del año,1998
Johann Lafers Kochschule,es del año,1998
Johann Lafers frische Saisonküche. Raffinierte Rezepte mit dem Zauberstab,es del año,2001
Johann Lafers frische regionale Küche,es del año,1997
Joseph Roths Flucht und Ende,es del año,1994
Journaux de l'exil et du retour,es del año,2012
"Jörg, der Eisbrecher",es del año,1990
Juden und Deutsche,es del año,1994
Jugend ohne Gott,es del año,1938
Jura Soyfer (1912-1939) zum Gedenken,es del año,1999
Jura Soyfer und Theater,es del año,1992
Ka masu tra im Management,es del año,2008
Kafka,es del año,1989
"Kaiserin Elisabeth, Das poetische Tagebuch",es del año,2003
Kalte Füße in der Karibik ... eine Geschichte Mit 3 Seitensprüngen,es del año,2018
Kampfabsage,es del año,2009
Karl König,es del año,2008
Karteninhalt : Aus,es del año,1900
Katalog der Hoffnung,es del año,1990
Kärntner Freiheit,es del año,1990
Kein Blattl vor'm Mund Ein ungeschriebenes Buch,es del año,1992
Kerker,es del año,1990
Khabgard-ha,es del año,2022
Kieselsteinplan,es del año,1990
Kinder brauchen Märchen,es del año,1980
Kinder und Narren,es del año,1981
Kirche Ohne Macht,es del año,2023
Kleine Teufel,es del año,1999
Kleine namenkundliche Schriften,es del año,1997
Knochenspielzeug,es del año,1979
Knowledge and the Body-Mind Problem,es del año,1994
Kochen mit Johann Lafer,es del año,2003
"Komm, Suesser Tod",es del año,1999
"Komm, süßer Tod",es del año,1998
"Kommt, Geister",es del año,2015
Konfrontationen,es del año,1988
Konfuzius. Mit Selbstzeugnissen und Bilddokumenten,es del año,2000
Kraj svitu,es del año,2011
Kreml ohne Stalin,es del año,1975
Kremlin and the West,es del año,1986
Krieg und Welt,es del año,2006
Kritik der ökonomischen Vernunft,es del año,1994
Kritik und Vernunft,es del año,2001
"Kritiken, Berichte, Tagebücher",es del año,2001
Kritische Einführung in die Philosophie,es del año,1972
Kronprinz Rudolf,es del año,2006
Kucheshki vremena,es del año,2008
Kulinarische Kreationen,es del año,1984
Kuno aus der Tasche. Das Schulgespenst reist um die Welt. .,es del año,1998
"Kuno, das Schulgespenst. ( Ab 7 J.). Erzählung für Erstleser",es del año,2002
"Kuno, das Schulgespenst. ( Ab 7 J.). Mit neuer Rechtschreibung",es del año,1996
Kunst aus Österreich,es del año,1996
Küss' die Hand,es del año,1993
L'IRRUPTION DE LA MORALE SEXUELLE,es del año,1972
L'Origen,es del año,1990
L'amour ne suffit pas,es del año,1950
L'arca di Noè,es del año,1998
L'atelier intérieur du musicien,es del año,2000
L'unité de la foi,es del año,1993
LA Responsabilidad De Vivir,es del año,2003
La Fortaleza vacia/ The Empty Fortress,es del año,1972
La Guerre Du Sommeil,es del año,1995
La Logique de la découverte scientifique,es del año,1978
La Metamorfosis de La Flor de Loto,es del año,2000
La Pianista,es del año,2004
La Pianista / The Pianist,es del año,2005
La Pianista/ The Pianist (Contemporanea),es del año,2006
La Pianiste,es del año,1998
La botanica di Leonardo,es del año,2008
La ciencia de Leonardo,es del año,2008
La equitación,es del año,1993
La forteresse vide,es del año,1982
La lecture et l'enfant,es del año,1983
La mort d'Anton Webern,es del año,2000
La pianista,es del año,2004
La pianista/ The Pianist,es del año,2005
La pianiste,es del año,2001
La sensorialité excentrique =,es del año,1994
La testa di Vitus Bering,es del año,1993
La tête de George Frédéric Haendel,es del año,1995
Lady from Arezzo,es del año,2019
Laguna.,es del año,2002
Land über Bord,es del año,1989
Language death night outside,es del año,2009
Laut Und Luise (Universal-Bibliothek ; Nr. 9823),es del año,1997
Laut- und Flexionslehre der deutschen zimbrischen Mundart,es del año,1981
Le Coeur conscient,es del año,1972
Le Genre Vernaculaire,es del año,1983
Le Tao de la physique,es del año,1994
Le Testament du fils prodigue,es del año,2001
Le calcul économique en régime socialiste,es del año,2019
Le parc municipal,es del año,1991
Le poids d'une vie,es del año,1991
Le travail de Sisyphe,es del año,1986
Le traître,es del año,2005
Learning from Leonardo,es del año,2013
Leben mit Loos,es del año,2008
Lebendige Altstadt,es del año,1991
Lebensschatten,es del año,1981
Lebenszeichen,es del año,1992
Lechts Und Rinks,es del año,1997
Legend Of A Musical City,es del año,1945
Legend of a Musical City,es del año,1990
Legend of a musical city,es del año,1969
Leonce and Lena,es del año,2014
Les chemins du paradis,es del año,1980
Lesebuch,es del año,1990
Letter to D,es del año,2009
Lettre à D.,es del año,2006
Letzte Gedichte (Veroffentlichungen Des Archivs Der Stadt Stuttgart),es del año,2001
Lexikon der nervigsten Dinge und ätzendsten Typen,es del año,1998
Liberalism,es del año,2012
Lichtspiel,es del año,2024
Lieb Vaterland magst ruhig sein,es del año,1969
Liebe,es del año,2012
Liebe allein genügt nicht. Die Erziehung emotional gestörter Kinder,es del año,1997
Liebe ist nur ein Wort,es del año,1963
Liebe ohne Widerruf. Betrachtungen,es del año,2001
"Liebe, Hass und Gleichgültigkeit",es del año,1991
Lisbeth Zwerger Bible Stories 2002 Wall Calendar,es del año,2001
Liszt:Masterpieces for Solo Piano V.1,es del año,2003
Literarische Aufsätze,es del año,1998
Literarische und publizistische Texte,es del año,2002
Literatalk,es del año,1996
Little Red Cap,es del año,1983
Liturgie et sacrements,es del año,1999
Living with history--making social change,es del año,2009
Lob der Kälte,es del año,1993
"Logik der Forschung. (=Die Einheit der Gesellschaftswissenschaften, Studien in den Grenzbereichen der Wirtschafts- u. Sozialwissenschaften; Band 4).",es del año,1982
"Loos, Adolf - Arquitectura 1903 - 1932",es del año,2000
Los Anos Ingleses,es del año,2002
Lunatiki,es del año,1996
Maestros antiguos,es del año,2013
Majority Finds Its Past,es del año,1979
Man müsste mit jemandem reden können-,es del año,1985
Man's Identity in a Mass Society,es del año,1963
Manchmal ist ein Fasan eine Ente,es del año,2013
Mankind Two Thousand,es del año,1969
Manual of developmental diagnosis,es del año,1980
"Manuskripte, 1960-1980",es del año,1980
Marginalien und Widersprüche,es del año,2001
Maria Lassnig,es del año,2013
Masoch,es del año,2003
Mass Psychology of Fascism,es del año,1972
Massenpsychologie des Faschismus,es del año,1969
"Materialien zu Gert Jonkes Theatersonate Sanftwut, oder, Der Ohrenmaschinist",es del año,1990
Matthias Kralj,es del año,2012
Me and Kaminski (Vintage),es del año,2009
Medical Nemesis,es del año,1975
Mein Algorithmus und Ich,es del año,2021
Mein Freund David,es del año,1990
Mein Heldenzeitalter,es del año,2005
Mein Krampf,es del año,2005
Mein Leben. 4 Cassetten. Mit einem Exclusivinterview des Autors,es del año,2002
Mein Leben. 5 CDs. Mit einem Exclusivinterview des Autors,es del año,2002
Mein Nestroy,es del año,2008
Mein Tantris- Kochbuch. Erinnerungen und Rezepte,es del año,2002
Mein Tantris-Kochbuch,es del año,2001
Meine Geschichte der DDR,es del año,2007
"Meine liebe, gute Freundin",es del año,1996
Meisterhaft gewürzt im Handumdrehen,es del año,1997
Memoirs,es del año,2009
Menschenzeit in Gotteszeit. Wege durch das Kirchenjahr,es del año,2002
Menz,es del año,1984
Merry Pranks of till Eulenspiegel,es del año,2016
"Michael Hainisch, 75 [i.e. Fünfundsiebzig] Jahre aus bewegter Zeit",es del año,1978
Michael Haneke,es del año,2008
Mindwalk,es del año,2021
"Misères du présent, richesse du possible",es del año,1997
Mit Buddha das Leben meistern. Buddhismus für Praktiker,es del año,2003
Mit Gott gegen alle,es del año,2003
Mit Leben anstecken,es del año,2016
"Miteinander, zueinander, gegeneinander",es del año,1992
Mitten ins Herz,es del año,2005
Modedim et ha-ʻolam,es del año,2009
Modern Music,es del año,1946
Modern music,es del año,1969
"Monetary and Economic Policy Problems Before, During, and after the Great War",es del año,2012
Mozart - Piano Concerti 20 & 24,es del año,2000
Mozart:Piano Sons,es del año,2005
Museums for a new millennium,es del año,2000
Music sounded out,es del año,1990
"Music, Sense and Nonsense",es del año,2015
Musical Thoughts and Afterthoughts,es del año,1976
Musical thoughts & afterthoughts,es del año,1976
"Musik beim Wort genommen. Über Musik, Musiker und das Metier des Pianisten",es del año,1995
Musikphilosophische Schriften,es del año,2017
"Musique côté cour, côté jardin",es del año,1994
"My Horses, My Teachers",es del año,1997
"My father, my daughter",es del año,2001
"NIGHTINGALE, THE (Pixies, No 22)",es del año,1993
Nach dem Schlussakkord,es del año,2010
Nachdenken über Musik,es del año,1977
Nachlese,es del año,2013
Nachts,es del año,1924
"Nation, State, and Economy",es del año,2012
Na©ʾtre coupable na©ʾtre victime,es del año,1987
"Naître coupable, Naître victime",es del año,1991
"Nicht verdrängen, nicht gewöhnen",es del año,1987
Nichts als Musik im Kopf,es del año,1990
Niederosterreich,es del año,2008
Niemandsnacht,es del año,1989
Nimm 3 Gourmetkarten,es del año,2009
No Hay Padres Perfecto,es del año,1989
No farewell,es del año,2017
Noah's Ark,es del año,2001
Noldu ashemim,es del año,1989
Notes and Recollections,es del año,2013
O2,es del año,1993
Obersteirischer Hoamatkalender,es del año,1975
Oberösterreich,es del año,1988
Obmirjuvannja svitu,es del año,2013
Obrazy życia,es del año,2006
Obsolete Youth,es del año,1970
Okulsuz Toplum,es del año,2016
On Architecture,es del año,2007
On architecture,es del año,2002
On n'a pas toujours du caviar,es del año,1989
On reading and writing,es del año,2002
On the mountain,es del año,1991
One finger too many,es del año,1998
"Opfer, wofür?",es del año,1996
Optophonétique,es del año,2002
Opus 111,es del año,1993
Orgazmin Islevi,es del año,2015
Ornament and crime,es del año,1997
Otroci Prihodnosti,es del año,2021
Otto Truchsess Von Waldburg (1514-1573),es del año,2016
O₂,es del año,1993
Parents et enfants,es del año,1995
Passim,es del año,1986
Pastoral liturgy,es del año,1962
Patterns of Connection,es del año,2021
Paul Beers Beweis,es del año,2005
Peepshow,es del año,1988
Percy Aldridge Grainger 1882-1961,es del año,1999
Personal Certainty,es del año,2022
Peter Altenberg,es del año,1997
Peter Turrini,es del año,2007
Peter Turrini im Gespräch mit Werner Krause und Gerhard Melzer,es del año,2014
Peter Waterhouse,es del año,1998
Philosophen Lexikon Lexicon of Philosophy,es del año,1972
Philosophen-Lexikon,es del año,2000
Pianist's A-Z,es del año,2013
Pianistka,es del año,2004
Piano Teacher,es del año,2009
Piyanist,es del año,2002
Planned Chaos,es del año,1981
Plošča heroi͏̈v,es del año,2008
Po pŭti︠a︡ na Gang,es del año,2008
Poder y resistencia,es del año,2020
Polizei und taktische Kommunikation,es del año,2017
Polo,es del año,1980
Polt.,es del año,2011
Polterabend,es del año,2003
Ponimanie reči i lečenie o reči,es del año,2006
Primitive and folk jewelry,es del año,1971
Pro patria,es del año,1994
Probleme der künstlichen Intelligenz,es del año,1990
Probleme der oberdeutschen Dialektologie und Namenkunde,es del año,1999
Projekt Zukunft,es del año,2013
Prosperos Land,es del año,2001
Qualtinger's beste Satiren,es del año,1973
Quantum theory and the schism in physics,es del año,1980
Quel avenir pour l'Eglise ?,es del año,2001
R. D. Laing in the Twenty-First Century,es del año,2025
Raoul Hausmann,es del año,2017
"Raoul Hausmann, 1886-1971",es del año,1994
"Raoul Hausmann, Briefe",es del año,1980
Ratus Poche : Francette top secrete,es del año,2007
Ravioli und Lasagne,es del año,1998
Recht auf Frieden,es del año,1986
Recht auf Unterhalt,es del año,2001
Record of a friendship,es del año,1981
Rede über Österreich,es del año,1985
Redner rund um die Uhr,es del año,2003
Regionalismus a internacionalismus v soudobé architektuře,es del año,1999
Reich der Steine,es del año,1984
Requiem für einen Hund,es del año,2010
Requiem für einen Hund: Ein Gespräch (German Edition),es del año,2010
Resistent,es del año,1995
Resurrection,es del año,2013
Rezepte,es del año,2004
Riding teacher,es del año,1993
Right to Useful Unemployment,es del año,1978
Rings um Wien,es del año,1996
Roda Roda erzählt,es del año,1990
Roll of Thunder Hear My Cry and Related Readings,es del año,1997
Romeo & Juliet (adaptation),es del año,2016
Rudolf,es del año,1984
Rudolf Hradil,es del año,2018
"Rudolf, Crown Prince and Rebel",es del año,2014
Ruhm,es del año,2011
Ruhm; Ein Roman in neun Geschichten,es del año,2010
Réforme et révolution,es del año,1969
SIete años en el Tíbet,es del año,1997
Sabrina,es del año,2001
Sagligin Gaspi,es del año,2000
"Sanftwut, oder, Der Ohrenmaschinist",es del año,1990
Sämtliche Werke,es del año,1985
Schadet die Schule unseren Kindern?,es del año,1976
Scharfrichter der bürgerlichen Seele,es del año,1998
Schattenzeit,es del año,2013
Schau Frau,es del año,1991
Schlüssel zum Offenen,es del año,2021
Schmetterlingsfauna Sachsen-Anhalts,es del año,2011
Schmäh ohne,es del año,1987
Schnelle Schüsse,es del año,1996
Scholarship in Women's History Rediscovered & New,es del año,1994
Schreibtisch mit Aussicht,es del año,2020
Schriften des Vereins Für Socialpolitik. XLI. Die Deutsche Hausindustrie. Dritter Band,es del año,2018
Schriften zur Erkenntnistheorie,es del año,1996
Schriften zur Erkenntnistheorie (Computerkultur),es del año,2000
"Schriftstellerbegegnungen, 1960-2010",es del año,2010
"Schräge Vögel, Faszinierende Lebensentwürfe",es del año,2014
Schubert:Wanderer Fantasy/Impromptus,es del año,1990
Schuberts Reise nach Atzenbrugg,es del año,2019
Schuldig geboren,es del año,1987
Schule der Geläufigkeit,es del año,1980
Schwarze Wiener Messe,es del año,1973
Schwellenchronik der Jahrtausendwende,es del año,2001
"Schwingungsbelastung Beim Arbeiten Mit Handgeführten, Einachsigen Motormähgeräten",es del año,2013
Secession,es del año,2003
See an der Sonne,es del año,1980
Seelentraining,es del año,1988
Seid verschlungen Billionen -,es del año,2012
Selbstmörder,es del año,2012
Selbstportrait mit einer Toten,es del año,2000
Selected Poems,es del año,2006
Selected Works of Konrad Bayers,es del año,1986
Selected Writings,es del año,2023
Selected works of Konrad Bayer,es del año,1986
Semmering,es del año,2012
Senkrecht gegen die Zeit. Die Eroberung des Unsichtbaren,es del año,2001
Ser quinto,es del año,1997
Serenissimi Gymnasium,es del año,2010
Serie negra,es del año,1991
Servus Österreich,es del año,1996
Sesler,es del año,2010
Seven Years in Tibet,es del año,2009
Seven years in Tibet,es del año,2009
Sex-Pol,es del año,2014
Shadow Work,es del año,1981
Sieben Jahre in Tibet,es del año,1982
Sieben Jahre in Tibet. Mein Leben am Hofe des Dalai Lama,es del año,1976
Sieben Sekunden Ewigkeit,es del año,2017
Silentium,es del año,1999
Sinnesentwicklung und Leiberfahrung,es del año,1986
Sisis Familienalbum,es del año,1980
Sisis Künstleralbum,es del año,1981
Sisyphus,es del año,1992
Sittlichkeit und Kriminalität (1908),es del año,2004
Smeltend ijs,es del año,2011
Smrt in deklica I-V,es del año,2004
So bin ich,es del año,2005
Socialisme difficile,es del año,1973
Some Like It Hot,es del año,2005
Sondermodelle,es del año,2001
Sot͡sializm,es del año,1994
Sowjetreformen,es del año,1990
Sozialismus - Ende oder Aufbruch?,es del año,1995
Spiegel vorm Gesicht,es del año,2004
Spiel mit dem Feuer,es del año,1996
Spiel mit dem Feuer. Rußlands schmerzhafter Weg zur Demokratie,es del año,1998
Sportmrchen und andere Prosa und Verse.,es del año,2001
Sprache Tod Nacht Aussen,es del año,1989
Sprache Tod Nacht aussen,es del año,1989
Sprachtheoretische Grundlagen der konkreten Poesie,es del año,1990
Spuren,es del año,2001
Spurensuche,es del año,1992
Spurensuche. 40 Jahre nach 'Die Revolution entläßt ihre Kinder',es del año,1994
Spätlese,es del año,2012
St. Georgen-Gusen-Mauthausen,es del año,2007
"St. Ulrich im Greith, Austria",es del año,2003
Stalag 17,es del año,1999
Steckbrief,es del año,2009
Strandkonzert mit Brandung,es del año,2006
Strangers in Their Own,es del año,1987
Strategy for labor,es del año,1968
Streichelinstitut,es del año,2010
Sturmzeit,es del año,1991
Sturmzeit. Briefe 1931 - 1939. Werkausgabe 4,es del año,2002
Stücke,es del año,1988
"Suhrkamp BasisBibliothek (SBB), Nr.23, Erzählungen",es del año,2001
Sunset Boulevard,es del año,1999
Süsse Büsche,es del año,1999
Svetŭt e goli︠a︡m i spasenie debne otvsi︠a︡kŭde,es del año,2007
Synthese. Neue Bausteine für das Weltbild von morgen.,es del año,2000
Systems View of Life,es del año,2014
Tales from the Brothers Grimm,es del año,1900
Tao de la Fisica,es del año,2015
Tau-Tau,es del año,1973
Tausend und ein Gespenst,es del año,2017
Teaching Women's History,es del año,1981
Telegrams Of The Soul,es del año,2005
Textall,es del año,1993
Texte bis 1933,es del año,1982
The Alchemy Of Food,es del año,2010
The Anti-Capitalistic Mentality,es del año,2010
The Apartment,es del año,1989
The Bion Experiments,es del año,2023
The Bone Man,es del año,2013
The Book of the Eiger,es del año,1999
The Breuss Cancer Cure,es del año,1995
The Creation of Feminist Consciousness,es del año,1993
The English years,es del año,2002
The Female Experience,es del año,1977
The Grimke Sisters from South Carolina,es del año,1967
The Head of Vitus Bering (Printed Head Series),es del año,1994
The Immaterial Knowledge Value And Capital,es del año,2010
The Lesson of this Century,es del año,1996
The Logic of Scientific Discovery,es del año,1935
The Mentor,es del año,2018
The Myth of the Framework,es del año,1984
The Müller Villa in Prague,es del año,2002
The Open Society and Its Enemies,es del año,1966
The Peter F. Drucker Reader,es del año,2016
The Piano Teacher,es del año,1988
The Piano Teacher (Masks),es del año,1992
The Poverty of Historicism,es del año,1986
"The Powerless Church and Other Selected Writings, 1955-1985",es del año,2018
The Reluctant Empress,es del año,2011
The Selfish Giant,es del año,2015
The Seven Ravens,es del año,1991
The Tao of Physics,es del año,1975
The Tao of Physics / Tao shizengaku,es del año,1985
The Third Pillar,es del año,2021
The United States in Literature -- All My Sons Edition,es del año,1973
The United States in Literature -- The Glass Menagerie Edition,es del año,1973
The Very Best of Deix,es del año,1999
The architecture of Adolf Loos,es del año,1985
The best of H. C. Artmann,es del año,1975
The bio-adapter,es del año,2019
The book of Zinik,es del año,2011
The case for the Central powers,es del año,1975
The children of the dream: communal child-rearing and its implications for society,es del año,1969
The collector of worlds,es del año,2008
The creation of patriarchy,es del año,1986
The distant sound,es del año,2010
The eucharistic prayer,es del año,1956
The head of Vitus Bering,es del año,1979
The human soul,es del año,2006
"The legacy of Jura Soyfer, 1912-1939",es del año,1977
The lost weekend,es del año,2000
The majority finds its past,es del año,1979
The mass of the Roman rite,es del año,2012
The philosophy of Karl Popper,es del año,1974
The piano teacher,es del año,2001
The register,es del año,1995
The self and its brain,es del año,1977
The sixth sense,es del año,2007
The system of Vienna,es del año,2009
The third pillar,es del año,2002
The town park and other stories,es del año,1988
The traitor,es del año,1989
The veil of order,es del año,2002
The weather fifteen years ago,es del año,2009
The web of life,es del año,1996
The world of Parmenides,es del año,1998
Theatertexte,es del año,1992
Theory and History,es del año,2012
Theory of Money and Credit,es del año,1981
Thomas Bernhard,es del año,2001
"Thomas Bernhard, Heldenplatz",es del año,1996
Thusnelda-Romanzen,es del año,1979
Tibet Is My Country,es del año,2006
Ting wo wei ni chang tong yao,es del año,1996
Tirol,es del año,1989
Tirol isch lei oans,es del año,1977
To change the subject,es del año,2000
Tools for Conviviality,es del año,1973
Travniceks gesammelte Werke,es del año,1996
Tränen gelacht,es del año,1999
Tri mestá,es del año,2001
Truants from life,es del año,1955
Tröstliche Parallelen,es del año,2006
Two Fundamental Problems of Knowledge,es del año,1979
Tübingen ade?,es del año,2003
Ultimate Found Economics,es del año,1981
Ultimate Foundation of Economic Science,es del año,2012
Umbruch,es del año,1997
Un chant de Noël,es del año,2006
Un train nommé Espérance,es del año,1997
Unabhängige Kommunisten,es del año,1981
Uncommon Wisdom,es del año,2011
Und Hieb Ihm das Rechte Ohr Ab,es del año,2013
Und haben fast die Sprache verloren,es del año,1995
Und hieb ihm das rechte Ohr ab,es del año,2009
Und wo bleibt Österreich?,es del año,1991
Unheilbar Deutsch,es del año,1993
Unser Kochbuch,es del año,2001
Unter Der Sonne,es del año,2008
Unterwegs,es del año,1997
Über Ärzte und Patienten,es del año,1980
Über Heidegger,es del año,2001
Über das Kindsein,es del año,1991
V ráji šumavském,es del año,2004
V srdci šumavských hvozdů,es del año,2006
"Vegetation and Land Use in the Math.ews Range Area, Samburu-District, Kenya",es del año,1991
Verklemmt,es del año,1998
Verklempt,es del año,2016
Verloren ohne Rettung,es del año,1993
Vermutungen und Widerlegungen,es del año,2000
Vers la société libérée,es del año,2009
Verwandlug und Bergung der Dinge in Gefahr,es del año,2014
Vienne la mort,es del año,2001
Vogelfrei,es del año,2007
Von Bis nach Seit,es del año,1985
Von Jandl weg auf Jandl zu,es del año,2009
Von Meeren und Menschen,es del año,2016
Von der Wiener Seite,es del año,1972
Von herbstlicher Stille umgeben wird ein Stück gespielt,es del año,2003
Vor und nach Ulm,es del año,1989
"Vorarlberg, das andere Land",es del año,1990
Voĭna i industrii͡a shpionazha,es del año,2000
Vsë vo mne--,es del año,2006
Völker hört die Signale,es del año,1981
Wachau,es del año,2013
Wackelkontakt,es del año,2025
"Wagner-Probleme, und Andere Studien",es del año,2018
Wahr ist viel mehr,es del año,2013
Warngedichte,es del año,1980
Warum Architektur keine Kunst ist,es del año,2009
Was der Tag mir zuträgt,es del año,2009
Was haben wir von Putin zu erwarten?,es del año,2001
Was ich von Asien gelernt habe,es del año,1984
Was macht den Menschen krank?,es del año,1991
Wegweisende Judikate Des Bundesverfassungsgerichts Die Urteile Zur Lebenslangen Freiheitsstrafe Bverfge 45 187 Ff Und Zum Luftsicherheitsgesetz Bverfge 115 118 Ff,es del año,2011
Weihnacht in Tirol. Ein Volksbuch,es del año,1996
Weinen streng verboten,es del año,1977
Weisse Wolken über gelber Erde,es del año,1980
Weiße Wolken über gelber Erde,es del año,2001
Wem gehört eine Geschichte?,es del año,2004
Wendezeiten,es del año,2017
Wer ist dieser Mensch?,es del año,2017
Werkausgabe,es del año,2003
Werkstatt Küche,es del año,1994
Werte im Wellengang. Ungewöhnliche Interviews,es del año,2000
Where's the Truth?,es del año,2023
Wie die Tiere,es del año,2001
Wie die Tiere. 2 CDs,es del año,2002
Wiedersehn mit Tibet,es del año,1986
Wien 1945,es del año,1985
Wien poetisch,es del año,1987
"Wien, Stadterhaltung, Stadterneuerung",es del año,2000
Wiener Geschichten,es del año,1995
Wiener Nachtleben,es del año,2001
Wiener Vorstadtballade,es del año,1991
"Wilde Herren, wilde Liebe",es del año,1975
Winifred Wagner oder Hitlers Bayreuth,es del año,2003
Winters in the south,es del año,2012
Wir möchten auch vom Arno-Schmidt-Jahr profitieren,es del año,1979
"Wir wissen nicht was morgen wird, wir wissen wohl was gestern war",es del año,1985
Wir wollen die Gewalt nicht,es del año,1998
Wird olls wieder guat,es del año,1978
Wo ist Carlos Montúfar?,es del año,2005
Wo liu zi bai zai ren jian,es del año,2000
Wohn- und Kochrezepte,es del año,1999
Wolfgang Heusgen,es del año,2017
"Wolken, Heim",es del año,2000
Wonderment: The Lisbeth Zwerger Collection,es del año,2014
Worauf warten wir?,es del año,1993
Wunderglaube und Misstonleiter,es del año,2014
Xiao Chou Tier,es del año,2019
Xiao hong mao,es del año,1992
Yahudi yazarlar antolojisi,es del año,1992
Yeni Cagin Siradisi Bilgeleri,es del año,2019
You Should Have Left,es del año,2017
You Should Have Left: A Novel,es del año,2017
Youcat,es del año,2016
ZauberWort vom Berg,es del año,2002
Zeitfragen und Überlegungen,es del año,1984
"Zitat, Zikade",es del año,2017
Znaki życia,es del año,2003
Znaky žyttja,es del año,1996
Zrození metropole,es del año,1999
Zu Pfingsten in Jerusalem,es del año,1999
Zu den heiligen Quellen des Islam.,es del año,2004
Zukunft braucht Vergangenheit,es del año,2002
Zukunft europäisches Sicherheitssystem?,es del año,1994
Zukunft gewinnen!,es del año,2015
"Zukünfte ""erfinden"" und ihre Verwirklichung in die eigene Hand nehmen",es del año,1990
Zur schönen Aussicht ; Die Unbekannte aus der Seine ; Figaro läßt sich scheiden,es del año,1978
Zwei Köche ein Buch,es del año,2010
"Zwei Lebenswege, eine Debatte",es del año,2019
"Zwei Wege, mehr nicht",es del año,1993
"Zwischen den Stühlen, oder, Über die Unvereinbarkeit von Theorie und Praxis",es del año,1982
Zwischenrufe links. Werkausgabe 1,es del año,2002
Zwischenstation Wien,es del año,2005
Zwölf mal Polt,es del año,2013
ha-Madaʻ shel Leʼonardo,es del año,2010
ha-Meʾahavot,es del año,2004
ha-Ṭaʾo shel ha-fiziḳah,es del año,2004
"him hanflang war das wort. CD. Sprechgedichte, gelesen vom Autor",es del año,1999
"him hanflang war das wort. Cassette. Sprechgedichte, gelesen vom Autoren",es del año,1999
not/a concrete pot,es del año,2016
Écologica,es del año,2008
Éthique du mikado,es del año,2015
"Ödön von Horváth, Geschichten aus dem Wiener Wald",es del año,1995
Österreich,es del año,2009
Österreich und die deutsche Nation,es del año,1985
Österreich. Sonderausgabe,es del año,2000
Österreichs goldene 50er Jahre,es del año,1984
Über Architektur : b Ausgewählte Schriften die Originaltexte,es del año,1995
Über Musik,es del año,2005
Über spezielle Probleme der Zerkleinerungstechnik von Weichstoffen,es del año,1955
Über spezielle Probleme der Zerkleinerungstechnik von Weichstoffen ... Nordrhein-Westfalen ),es del año,1955
Übertreibungen in Richtung Wahrheit,es del año,2002
Črty ze Šumavy,es del año,2006
Аз и ти,es del año,1992
نشأة النظام الأبوي,es del año,2013
チェンジ・リーダーの条件,es del año,2000
仕事の哲学,es del año,2003
創生の時,es del año,1995
四川好人,es del año,1997
変革の哲学,es del año,2003
挑戦の時,es del año,1995
果てしなき 探求,es del año,1995
歴史の哲学,es del año,2003
経営の哲学,es del año,2003
