subject,relation,object
Giorgio Bassani,es de nacionalidad,Italy
8432202630,es un codigo ISBN para el libro,El olor del heno
8432202630,es un codigo ISBN de una edicion publicada por,Editorial Seix Barral
8432202630,está escrito en,Español
Giorgio Bassani,es autor de la obra,El olor del heno
9788807492686,es un codigo ISBN para el libro,Interviste
9788807492686,es un codigo ISBN de una edicion publicada por,Feltrinelli
9788807492686,está escrito en,Italiano
Giorgio Bassani,es autor de la obra,Interviste
Interviste,pertenece al género,Interviews
Interviste,pertenece al género,Italian Authors
8804455594,es un codigo ISBN para el libro,Dentro le mura
8804455594,es un codigo ISBN de una edicion publicada por,A. Mondadori
8804455594,está escrito en,Italiano
Giorgio Bassani,es autor de la obra,Dentro le mura
2070373940,es un codigo ISBN para el libro,Lunettes D or (Folio) (French Edition)
2070373940,es un codigo ISBN de una edicion publicada por,Gallimard
2070373940,está escrito en,Francés
9782070373949,es un codigo ISBN para el libro,Lunettes D or (Folio) (French Edition)
9782070373949,es un codigo ISBN de una edicion publicada por,Gallimard
9782070373949,está escrito en,Francés
Giorgio Bassani,es autor de la obra,Lunettes D or (Folio) (French Edition)
9788807530395,es un codigo ISBN para el libro,Poesie complete
9788807530395,es un codigo ISBN de una edicion publicada por,Giangiacomo Feltrinelli editore
9788807530395,está escrito en,Italiano
Giorgio Bassani,es autor de la obra,Poesie complete
9788833671253,es un codigo ISBN para el libro,Una città di pianura e altri racconti giovanili
9788833671253,es un codigo ISBN de una edicion publicada por,Officina libraria
9788833671253,está escrito en,Italiano
Giorgio Bassani,es autor de la obra,Una città di pianura e altri racconti giovanili
9786556922959,es un codigo ISBN para el libro,Os óculos de ouro
9786556922959,es un codigo ISBN de una edicion publicada por,Todavia
9786556922959,está escrito en,Portugués
6556922951,es un codigo ISBN para el libro,Os óculos de ouro
6556922951,es un codigo ISBN de una edicion publicada por,Todavia
6556922951,está escrito en,Portugués
Giorgio Bassani,es autor de la obra,Os óculos de ouro
9750843738,es un codigo ISBN para el libro,Surların İçinde-Beş Ferrara Öyküsü
9750843738,es un codigo ISBN de una edicion publicada por,Yapi Kredi Yayinlari
9789750843730,es un codigo ISBN para el libro,Surların İçinde-Beş Ferrara Öyküsü
9789750843730,es un codigo ISBN de una edicion publicada por,Yapi Kredi Yayinlari
Giorgio Bassani,es autor de la obra,Surların İçinde-Beş Ferrara Öyküsü
9750837290,es un codigo ISBN para el libro,Kapinin Ardinda
9750837290,es un codigo ISBN de una edicion publicada por,Yapi Kredi Yayinlari
9789750837296,es un codigo ISBN para el libro,Kapinin Ardinda
9789750837296,es un codigo ISBN de una edicion publicada por,Yapi Kredi Yayinlari
Giorgio Bassani,es autor de la obra,Kapinin Ardinda
9780141192130,es un codigo ISBN para el libro,Behind the Door
9780141192130,es un codigo ISBN de una edicion publicada por,"Penguin Books, Limited"
9780141192130,está escrito en,Inglés
Giorgio Bassani,es autor de la obra,Behind the Door
Behind the Door,pertenece al género,"Fiction, general"
8807723395,es un codigo ISBN para el libro,Il Giardino Dei Finzi Contini
8807723395,es un codigo ISBN de una edicion publicada por,Feltrinelli
9788807723391,es un codigo ISBN para el libro,Il Giardino Dei Finzi Contini
9788807723391,es un codigo ISBN de una edicion publicada por,Feltrinelli
9788806174354,es un codigo ISBN para el libro,Il Giardino Dei Finzi Contini
9788806174354,es un codigo ISBN de una edicion publicada por,Einaudi
8806174355,es un codigo ISBN para el libro,Il Giardino Dei Finzi Contini
8806174355,es un codigo ISBN de una edicion publicada por,Einaudi
Giorgio Bassani,es autor de la obra,Il Giardino Dei Finzi Contini
9789750835841,es un codigo ISBN para el libro,Altin Gozluk
9789750835841,es un codigo ISBN de una edicion publicada por,Yapi Kredi Yayinlari
9750835840,es un codigo ISBN para el libro,Altin Gozluk
9750835840,es un codigo ISBN de una edicion publicada por,Yapi Kredi Yayinlari
Giorgio Bassani,es autor de la obra,Altin Gozluk
9789750842573,es un codigo ISBN para el libro,Kuru Otlarin Kokusu
9789750842573,es un codigo ISBN de una edicion publicada por,Yapi Kredi Yayinlari
975084257X,es un codigo ISBN para el libro,Kuru Otlarin Kokusu
975084257X,es un codigo ISBN de una edicion publicada por,Yapi Kredi Yayinlari
Giorgio Bassani,es autor de la obra,Kuru Otlarin Kokusu
9780141192147,es un codigo ISBN para el libro,Heron
9780141192147,es un codigo ISBN de una edicion publicada por,"Penguin Books, Limited"
9780141192147,está escrito en,Inglés
Giorgio Bassani,es autor de la obra,Heron
Heron,pertenece al género,"Fiction, general"
9789750841217,es un codigo ISBN para el libro,Balikcil
9789750841217,es un codigo ISBN de una edicion publicada por,Yapi Kredi Yayinlari
9750841212,es un codigo ISBN para el libro,Balikcil
9750841212,es un codigo ISBN de una edicion publicada por,Yapi Kredi Yayinlari
Giorgio Bassani,es autor de la obra,Balikcil
9780141939070,es un codigo ISBN para el libro,Novel of Ferrara
9780141939070,es un codigo ISBN de una edicion publicada por,"Penguin Books, Limited"
9780141939070,está escrito en,Inglés
9780393358605,es un codigo ISBN para el libro,Novel of Ferrara
9780393358605,es un codigo ISBN de una edicion publicada por,"Norton & Company, Incorporated, W. W."
9780393358605,es un codigo ISBN de una edicion publicada por,W. W. Norton & Company
9780393358605,está escrito en,Inglés
9780393634297,es un codigo ISBN para el libro,Novel of Ferrara
9780393634297,es un codigo ISBN de una edicion publicada por,"Norton & Company, Incorporated, W. W."
9780393634297,está escrito en,Inglés
9780141192185,es un codigo ISBN para el libro,Novel of Ferrara
9780141192185,es un codigo ISBN de una edicion publicada por,"Penguin Books, Limited"
9780141192185,está escrito en,Inglés
Giorgio Bassani,es autor de la obra,Novel of Ferrara
Novel of Ferrara,pertenece al género,"Fiction, historical"
Novel of Ferrara,pertenece al género,"Italy, fiction"
Novel of Ferrara,pertenece al género,"World war, 1939-1945, fiction"
3492109381,es un codigo ISBN para el libro,Erinnerungen des Herzens
3492109381,es un codigo ISBN de una edicion publicada por,Piper
3492109381,está escrito en,Alemán
Giorgio Bassani,es autor de la obra,Erinnerungen des Herzens
9788807530333,es un codigo ISBN para el libro,"Racconti, diari, cronache (1935-1956)"
9788807530333,es un codigo ISBN de una edicion publicada por,Feltrinelli
9788807530333,está escrito en,Italiano
Giorgio Bassani,es autor de la obra,"Racconti, diari, cronache (1935-1956)"
Carlo Maria Martini,es de nacionalidad,Italy
9788810569030,es un codigo ISBN para el libro,Esercizi spirituali
9788810569030,es un codigo ISBN de una edicion publicada por,EDB Edizioni Dehoniane Bologna
9788810569030,está escrito en,Italiano
Carlo Maria Martini,es autor de la obra,Esercizi spirituali
Esercizi spirituali,pertenece al género,Spiritual exercises
9783451059797,es un codigo ISBN para el libro,Jerusalemer Nachtgespräche
9783451059797,es un codigo ISBN de una edicion publicada por,Verlag Herder GmbH
9783451059797,está escrito en,Alemán
3451059797,es un codigo ISBN para el libro,Jerusalemer Nachtgespräche
3451059797,es un codigo ISBN de una edicion publicada por,Verlag Herder GmbH
3451059797,está escrito en,Alemán
Carlo Maria Martini,es autor de la obra,Jerusalemer Nachtgespräche
8806200682,es un codigo ISBN para el libro,Vivere i valori del Vangelo
8806200682,es un codigo ISBN de una edicion publicada por,Einaudi
9788806200688,es un codigo ISBN para el libro,Vivere i valori del Vangelo
9788806200688,es un codigo ISBN de una edicion publicada por,Einaudi
Carlo Maria Martini,es autor de la obra,Vivere i valori del Vangelo
9788826304083,es un codigo ISBN para el libro,Il Vangelo secondo Giovanni
9788826304083,es un codigo ISBN de una edicion publicada por,Borla
8826304084,es un codigo ISBN para el libro,Il Vangelo secondo Giovanni
8826304084,es un codigo ISBN de una edicion publicada por,Borla
Carlo Maria Martini,es autor de la obra,Il Vangelo secondo Giovanni
8472994309,es un codigo ISBN para el libro,Comunicar a Cristo hoy
8472994309,es un codigo ISBN de una edicion publicada por,UNIVERSIDAD PONTIFICIA DE SALAMANCA
9788472994300,es un codigo ISBN para el libro,Comunicar a Cristo hoy
9788472994300,es un codigo ISBN de una edicion publicada por,UNIVERSIDAD PONTIFICIA DE SALAMANCA
Carlo Maria Martini,es autor de la obra,Comunicar a Cristo hoy
9788878182905,es un codigo ISBN para el libro,L'ira di Dio e altri scritti
9788878182905,es un codigo ISBN de una edicion publicada por,TEA
8878182907,es un codigo ISBN para el libro,L'ira di Dio e altri scritti
8878182907,es un codigo ISBN de una edicion publicada por,TEA
Carlo Maria Martini,es autor de la obra,L'ira di Dio e altri scritti
9781598561722,es un codigo ISBN para el libro,Novum Testamentum Graece-FL
9781598561722,es un codigo ISBN de una edicion publicada por,Deutsche Bibelgesellschaft
1598561723,es un codigo ISBN para el libro,Novum Testamentum Graece-FL
1598561723,es un codigo ISBN de una edicion publicada por,Deutsche Bibelgesellschaft
Carlo Maria Martini,es autor de la obra,Novum Testamentum Graece-FL
Novum Testamentum Graece-FL,pertenece al género,"Bible, versions"
9781598561760,es un codigo ISBN para el libro,Greek-English New Testament-FL
9781598561760,es un codigo ISBN de una edicion publicada por,Deutsche Bibelgesellschaft
9781598561760,está escrito en,Inglés
1598561766,es un codigo ISBN para el libro,Greek-English New Testament-FL
1598561766,es un codigo ISBN de una edicion publicada por,Deutsche Bibelgesellschaft
1598561766,está escrito en,Inglés
Carlo Maria Martini,es autor de la obra,Greek-English New Testament-FL
Greek-English New Testament-FL,pertenece al género,"Bible, versions"
9788873572763,es un codigo ISBN para el libro,Preghiera e conversione intellettuale
9788873572763,es un codigo ISBN de una edicion publicada por,Apostolato della Preghiera
8873572766,es un codigo ISBN para el libro,Preghiera e conversione intellettuale
8873572766,es un codigo ISBN de una edicion publicada por,Apostolato della Preghiera
Carlo Maria Martini,es autor de la obra,Preghiera e conversione intellettuale
159856174X,es un codigo ISBN para el libro,Novum Testamentum Graece-FL
159856174X,es un codigo ISBN de una edicion publicada por,Deutsche Bibelgesellschaft
159856174X,está escrito en,Inglés
9781598561746,es un codigo ISBN para el libro,Novum Testamentum Graece-FL
9781598561746,es un codigo ISBN de una edicion publicada por,Deutsche Bibelgesellschaft
9781598561746,está escrito en,Inglés
Novum Testamentum Graece-FL,pertenece al género,Religion
Novum Testamentum Graece-FL,pertenece al género,Bible studies
9788870980981,es un codigo ISBN para el libro,"Effata Apriti - Lettera per il Programma Pastorale ""Comunicare"""
9788870980981,es un codigo ISBN de una edicion publicada por,Milano: Centro Ambrosiano di Documentazione e Studi religiosi
9788870980981,está escrito en,Italiano
8870980987,es un codigo ISBN para el libro,"Effata Apriti - Lettera per il Programma Pastorale ""Comunicare"""
8870980987,es un codigo ISBN de una edicion publicada por,Milano: Centro Ambrosiano di Documentazione e Studi religiosi
8870980987,está escrito en,Italiano
Carlo Maria Martini,es autor de la obra,"Effata Apriti - Lettera per il Programma Pastorale ""Comunicare"""
"Effata Apriti - Lettera per il Programma Pastorale ""Comunicare""",pertenece al género,Communication
"Effata Apriti - Lettera per il Programma Pastorale ""Comunicare""",pertenece al género,Religious aspects
"Effata Apriti - Lettera per il Programma Pastorale ""Comunicare""",pertenece al género,Catholic Church
887098110X,es un codigo ISBN para el libro,Ripartire da Emmaus
887098110X,es un codigo ISBN de una edicion publicada por,Centro Ambrosiano di Docum.
9788870981100,es un codigo ISBN para el libro,Ripartire da Emmaus
9788870981100,es un codigo ISBN de una edicion publicada por,Centro Ambrosiano di Docum.
Carlo Maria Martini,es autor de la obra,Ripartire da Emmaus
883153338X,es un codigo ISBN para el libro,Felice chi crede
883153338X,es un codigo ISBN de una edicion publicada por,Paoline Editoriale Libri
9788831533386,es un codigo ISBN para el libro,Felice chi crede
9788831533386,es un codigo ISBN de una edicion publicada por,Paoline Editoriale Libri
Carlo Maria Martini,es autor de la obra,Felice chi crede
2880111617,es un codigo ISBN para el libro,Ausschwitz et le silence de la Croix
2880111617,es un codigo ISBN de una edicion publicada por,Editions Saint-Augustin
2880111617,está escrito en,Francés
2880111617,es un codigo ISBN de una edicion publicada por,Editions Saint - Augustin
Carlo Maria Martini,es autor de la obra,Ausschwitz et le silence de la Croix
Ausschwitz et le silence de la Croix,pertenece al género,"Religion, Theologie"
Ausschwitz et le silence de la Croix,pertenece al género,SEL Library selection
Ausschwitz et le silence de la Croix,pertenece al género,Theologie Religion
8884410762,es un codigo ISBN para el libro,Non sprecate parole. Esercizi spirituali con il Padre nostro
8884410762,es un codigo ISBN de una edicion publicada por,Portalupi
9788884410764,es un codigo ISBN para el libro,Non sprecate parole. Esercizi spirituali con il Padre nostro
9788884410764,es un codigo ISBN de una edicion publicada por,Portalupi
Carlo Maria Martini,es autor de la obra,Non sprecate parole. Esercizi spirituali con il Padre nostro
8810108620,es un codigo ISBN para el libro,Per un'etica nella pubblica amministrazione. Educare al servizio
8810108620,es un codigo ISBN de una edicion publicada por,EDB
8810108620,está escrito en,Italiano
9788810108628,es un codigo ISBN para el libro,Per un'etica nella pubblica amministrazione. Educare al servizio
9788810108628,es un codigo ISBN de una edicion publicada por,EDB
9788810108628,está escrito en,Italiano
Carlo Maria Martini,es autor de la obra,Per un'etica nella pubblica amministrazione. Educare al servizio
8428814406,es un codigo ISBN para el libro,"Cena del Señor, La"
8428814406,es un codigo ISBN de una edicion publicada por,Promocion Popular Cristiana
8428814406,está escrito en,Español
9788428814409,es un codigo ISBN para el libro,"Cena del Señor, La"
9788428814409,es un codigo ISBN de una edicion publicada por,Promocion Popular Cristiana
9788428814409,está escrito en,Español
Carlo Maria Martini,es autor de la obra,"Cena del Señor, La"
8870785688,es un codigo ISBN para el libro,Orizzonti e limiti della scienza. 10ª cattedra dei non credenti
8870785688,es un codigo ISBN de una edicion publicada por,Raffaello Cortina editore
9788870785685,es un codigo ISBN para el libro,Orizzonti e limiti della scienza. 10ª cattedra dei non credenti
9788870785685,es un codigo ISBN de una edicion publicada por,Raffaello Cortina editore
Carlo Maria Martini,es autor de la obra,Orizzonti e limiti della scienza. 10ª cattedra dei non credenti
9788873573883,es un codigo ISBN para el libro,Gli esercizi ignaziani alla luce del Vangelo di Matteo
9788873573883,es un codigo ISBN de una edicion publicada por,Apostolato della Preghiera
8873573886,es un codigo ISBN para el libro,Gli esercizi ignaziani alla luce del Vangelo di Matteo
8873573886,es un codigo ISBN de una edicion publicada por,Apostolato della Preghiera
Carlo Maria Martini,es autor de la obra,Gli esercizi ignaziani alla luce del Vangelo di Matteo
8430118357,es un codigo ISBN para el libro,La vocación en la Biblia
8430118357,es un codigo ISBN de una edicion publicada por,"Ediciones Sígueme, S. A."
9788430118359,es un codigo ISBN para el libro,La vocación en la Biblia
9788430118359,es un codigo ISBN de una edicion publicada por,"Ediciones Sígueme, S. A."
Carlo Maria Martini,es autor de la obra,La vocación en la Biblia
9783438070227,es un codigo ISBN para el libro,Greek New Testament
9783438070227,es un codigo ISBN de una edicion publicada por,Deutsche Bibelgesellschaft
9783438070227,está escrito en,Griego
9781619701403,es un codigo ISBN para el libro,Greek New Testament
9781619701403,es un codigo ISBN de una edicion publicada por,German Bible Society
1619701405,es un codigo ISBN para el libro,Greek New Testament
1619701405,es un codigo ISBN de una edicion publicada por,German Bible Society
9781619701380,es un codigo ISBN para el libro,Greek New Testament
9781619701380,es un codigo ISBN de una edicion publicada por,German Bible Society
9781619701380,es un codigo ISBN de una edicion publicada por,Tyndale House Publishers
1619701383,es un codigo ISBN para el libro,Greek New Testament
1619701383,es un codigo ISBN de una edicion publicada por,German Bible Society
1619701383,es un codigo ISBN de una edicion publicada por,Tyndale House Publishers
1598561693,es un codigo ISBN para el libro,Greek New Testament
1598561693,es un codigo ISBN de una edicion publicada por,Hendrickson Pub
1598561693,es un codigo ISBN de una edicion publicada por,United Bible Societies
1598561693,está escrito en,Inglés
9781598561692,es un codigo ISBN para el libro,Greek New Testament
9781598561692,es un codigo ISBN de una edicion publicada por,Hendrickson Pub
9781598561692,es un codigo ISBN de una edicion publicada por,United Bible Societies
9781598561692,está escrito en,Inglés
Carlo Maria Martini,es autor de la obra,Greek New Testament
Greek New Testament,pertenece al género,"Greek language, biblical, dictionaries"
9780900185090,es un codigo ISBN para el libro,Greek New Testament-FL-Nestle-Aland-Wide Margin
9780900185090,es un codigo ISBN de una edicion publicada por,United Bible Societies
0900185090,es un codigo ISBN para el libro,Greek New Testament-FL-Nestle-Aland-Wide Margin
0900185090,es un codigo ISBN de una edicion publicada por,United Bible Societies
9781598561715,es un codigo ISBN para el libro,Greek New Testament-FL-Nestle-Aland-Wide Margin
9781598561715,es un codigo ISBN de una edicion publicada por,United Bible Societies
1598561715,es un codigo ISBN para el libro,Greek New Testament-FL-Nestle-Aland-Wide Margin
1598561715,es un codigo ISBN de una edicion publicada por,United Bible Societies
9783438051691,es un codigo ISBN para el libro,Greek New Testament-FL-Nestle-Aland-Wide Margin
9783438051691,es un codigo ISBN de una edicion publicada por,Deutsche Bibelgesellschaft
9783438051691,está escrito en,Inglés
3438051680,es un codigo ISBN para el libro,Greek New Testament-FL-Nestle-Aland-Wide Margin
3438051680,es un codigo ISBN de una edicion publicada por,Deutsche Bibelgesellschaft
3438051680,está escrito en,Inglés
3438051699,es un codigo ISBN para el libro,Greek New Testament-FL-Nestle-Aland-Wide Margin
3438051699,es un codigo ISBN de una edicion publicada por,Deutsche Bibelgesellschaft
3438051699,está escrito en,Inglés
9783438051684,es un codigo ISBN para el libro,Greek New Testament-FL-Nestle-Aland-Wide Margin
9783438051684,es un codigo ISBN de una edicion publicada por,Deutsche Bibelgesellschaft
9783438051684,está escrito en,Inglés
3438051109,es un codigo ISBN para el libro,Greek New Testament-FL-Nestle-Aland-Wide Margin
3438051109,es un codigo ISBN de una edicion publicada por,Deutsche Bibelgesellschaft
3438051109,es un codigo ISBN de una edicion publicada por,United Bible Societies
3438051109,está escrito en,grc
3438051109,está escrito en,Inglés
3438051109,está escrito en,Catalán
3438051117,es un codigo ISBN para el libro,Greek New Testament-FL-Nestle-Aland-Wide Margin
3438051117,es un codigo ISBN de una edicion publicada por,Deutsche Bibelgesellschaft
3438051117,es un codigo ISBN de una edicion publicada por,United Bible Societies
3438051117,está escrito en,grc
3438051117,está escrito en,Inglés
3438051117,está escrito en,Catalán
3438051133,es un codigo ISBN para el libro,Greek New Testament-FL-Nestle-Aland-Wide Margin
3438051133,es un codigo ISBN de una edicion publicada por,Deutsche Bibelgesellschaft
3438051133,es un codigo ISBN de una edicion publicada por,United Bible Societies
3438051133,está escrito en,grc
3438051133,está escrito en,Inglés
3438051133,está escrito en,Catalán
9783438051134,es un codigo ISBN para el libro,Greek New Testament-FL-Nestle-Aland-Wide Margin
9783438051134,es un codigo ISBN de una edicion publicada por,American Bible Society
9783438051134,está escrito en,Inglés
3438051133,es un codigo ISBN de una edicion publicada por,American Bible Society
3438051109,es un codigo ISBN de una edicion publicada por,American Bible Society
9783438051110,es un codigo ISBN para el libro,Greek New Testament-FL-Nestle-Aland-Wide Margin
9783438051110,es un codigo ISBN de una edicion publicada por,American Bible Society
9783438051110,está escrito en,Inglés
3438051117,es un codigo ISBN de una edicion publicada por,American Bible Society
3438051109,es un codigo ISBN de una edicion publicada por,Württemberg Bible Society
3438051109,es un codigo ISBN de una edicion publicada por,"United Bible Societies, c1975"
9783438051103,es un codigo ISBN para el libro,Greek New Testament-FL-Nestle-Aland-Wide Margin
9783438051103,es un codigo ISBN de una edicion publicada por,American Bible Society
9783438051103,está escrito en,Inglés
9783438051011,es un codigo ISBN para el libro,Greek New Testament-FL-Nestle-Aland-Wide Margin
9783438051011,es un codigo ISBN de una edicion publicada por,American Bible Society
9783438051011,está escrito en,Inglés
343805101X,es un codigo ISBN para el libro,Greek New Testament-FL-Nestle-Aland-Wide Margin
343805101X,es un codigo ISBN de una edicion publicada por,American Bible Society
343805101X,está escrito en,Inglés
Carlo Maria Martini,es autor de la obra,Greek New Testament-FL-Nestle-Aland-Wide Margin
Greek New Testament-FL-Nestle-Aland-Wide Margin,pertenece al género,Neues Testament
Greek New Testament-FL-Nestle-Aland-Wide Margin,pertenece al género,Griechisch
Greek New Testament-FL-Nestle-Aland-Wide Margin,pertenece al género,Biblical Greek language
9782920912229,es un codigo ISBN para el libro,Voici Noël
9782920912229,es un codigo ISBN de una edicion publicada por,Paulines
9782920912229,está escrito en,Francés
2708233394,es un codigo ISBN para el libro,Voici Noël
2708233394,es un codigo ISBN de una edicion publicada por,Paulines
2708233394,está escrito en,Francés
2920912224,es un codigo ISBN para el libro,Voici Noël
2920912224,es un codigo ISBN de una edicion publicada por,Paulines
2920912224,está escrito en,Francés
9782708233393,es un codigo ISBN para el libro,Voici Noël
9782708233393,es un codigo ISBN de una edicion publicada por,Paulines
9782708233393,está escrito en,Francés
Carlo Maria Martini,es autor de la obra,Voici Noël
Voici Noël,pertenece al género,Sermons
Voici Noël,pertenece al género,Christmas sermons
Voici Noël,pertenece al género,Italian Sermons
8881232448,es un codigo ISBN para el libro,"La Chiesa. Una, santa, cattolica e apostolica"
8881232448,es un codigo ISBN de una edicion publicada por,In Dialogo
9788881232444,es un codigo ISBN para el libro,"La Chiesa. Una, santa, cattolica e apostolica"
9788881232444,es un codigo ISBN de una edicion publicada por,In Dialogo
Carlo Maria Martini,es autor de la obra,"La Chiesa. Una, santa, cattolica e apostolica"
8470503073,es un codigo ISBN para el libro,El Evangelio En Sus Fuentes
8470503073,es un codigo ISBN de una edicion publicada por,Comercial Editora de Publicaciones
8470503073,está escrito en,Español
9788470503078,es un codigo ISBN para el libro,El Evangelio En Sus Fuentes
9788470503078,es un codigo ISBN de una edicion publicada por,Comercial Editora de Publicaciones
9788470503078,está escrito en,Español
Carlo Maria Martini,es autor de la obra,El Evangelio En Sus Fuentes
9781102804567,es un codigo ISBN para el libro,Belief or Nonbelief?
9781102804567,es un codigo ISBN de una edicion publicada por,"Skyhorse Publishing Company, Incorporated"
9781102804567,está escrito en,Inglés
9780826466815,es un codigo ISBN para el libro,Belief or Nonbelief?
9780826466815,es un codigo ISBN de una edicion publicada por,Bloomsbury Publishing Plc
9780826466815,está escrito en,Inglés
9781283205191,es un codigo ISBN para el libro,Belief or Nonbelief?
9781283205191,es un codigo ISBN de una edicion publicada por,Bloomsbury Publishing Plc
9781283205191,está escrito en,Inglés
9781441126238,es un codigo ISBN para el libro,Belief or Nonbelief?
9781441126238,es un codigo ISBN de una edicion publicada por,Bloomsbury Publishing Plc
9781441126238,está escrito en,Inglés
9781611459708,es un codigo ISBN para el libro,Belief or Nonbelief?
9781611459708,es un codigo ISBN de una edicion publicada por,"Skyhorse Publishing Company, Incorporated"
9781611459708,está escrito en,Inglés
9781611456899,es un codigo ISBN para el libro,Belief or Nonbelief?
9781611456899,es un codigo ISBN de una edicion publicada por,Arcade Pub.
9781611456899,está escrito en,Inglés
0826480993,es un codigo ISBN para el libro,Belief or Nonbelief?
0826480993,es un codigo ISBN de una edicion publicada por,Burns & Oates
0826480993,está escrito en,Inglés
9780826480996,es un codigo ISBN para el libro,Belief or Nonbelief?
9780826480996,es un codigo ISBN de una edicion publicada por,Burns & Oates
9780826480996,está escrito en,Inglés
9781559705738,es un codigo ISBN para el libro,Belief or Nonbelief?
9781559705738,es un codigo ISBN de una edicion publicada por,Arcade Publishing
9781559705738,está escrito en,Inglés
1559705736,es un codigo ISBN para el libro,Belief or Nonbelief?
1559705736,es un codigo ISBN de una edicion publicada por,Arcade Publishing
1559705736,está escrito en,Inglés
Carlo Maria Martini,es autor de la obra,Belief or Nonbelief?
Belief or Nonbelief?,pertenece al género,Philosophy
Belief or Nonbelief?,pertenece al género,Social values
Belief or Nonbelief?,pertenece al género,Philosophy and religion
9782872992744,es un codigo ISBN para el libro,La théologie du cardinal Martini. Le mystère au coeur de l'histoire
9782872992744,es un codigo ISBN de una edicion publicada por,Lessius Editions
9782872992744,está escrito en,Francés
287299274X,es un codigo ISBN para el libro,La théologie du cardinal Martini. Le mystère au coeur de l'histoire
287299274X,es un codigo ISBN de una edicion publicada por,Lessius Editions
287299274X,está escrito en,Francés
Carlo Maria Martini,es autor de la obra,La théologie du cardinal Martini. Le mystère au coeur de l'histoire
La théologie du cardinal Martini. Le mystère au coeur de l'histoire,pertenece al género,Doctrinal Theology
888123212X,es un codigo ISBN para el libro,Notti e giorni del cuore
888123212X,es un codigo ISBN de una edicion publicada por,In dialogo
888123212X,está escrito en,Italiano
9788881232123,es un codigo ISBN para el libro,Notti e giorni del cuore
9788881232123,es un codigo ISBN de una edicion publicada por,In dialogo
9788881232123,está escrito en,Italiano
Carlo Maria Martini,es autor de la obra,Notti e giorni del cuore
Notti e giorni del cuore,pertenece al género,Theological anthropology
Notti e giorni del cuore,pertenece al género,Christianity
Notti e giorni del cuore,pertenece al género,Heart
8876105859,es un codigo ISBN para el libro,La difficile riconciliazione
8876105859,es un codigo ISBN de una edicion publicada por,Ancora
8876105859,está escrito en,Italiano
Carlo Maria Martini,es autor de la obra,La difficile riconciliazione
8886655703,es un codigo ISBN para el libro,Il giubileo
8886655703,es un codigo ISBN de una edicion publicada por,CLV
8886655703,está escrito en,Italiano
Carlo Maria Martini,es autor de la obra,Il giubileo
Il giubileo,pertenece al género,Holy Year
Il giubileo,pertenece al género,Congresses
Il giubileo,pertenece al género,Praise of God
Walter Veltroni,es de nacionalidad,Italy
9788828205401,es un codigo ISBN para el libro,Labirinto italiano
9788828205401,es un codigo ISBN de una edicion publicada por,Solferino
9788828205401,está escrito en,Italiano
Walter Veltroni,es autor de la obra,Labirinto italiano
Labirinto italiano,pertenece al género,History
8820023814,es un codigo ISBN para el libro,Certi piccoli amori 2
8820023814,es un codigo ISBN de una edicion publicada por,Sperling & Kupfer
8820023814,está escrito en,Italiano
Walter Veltroni,es autor de la obra,Certi piccoli amori 2
Certi piccoli amori 2,pertenece al género,Motion pictures
Certi piccoli amori 2,pertenece al género,Reviews
9788890130472,es un codigo ISBN para el libro,Caf of Stars
9788890130472,es un codigo ISBN de una edicion publicada por,Damiani
9788890130472,está escrito en,Inglés
8890130474,es un codigo ISBN para el libro,Caf of Stars
8890130474,es un codigo ISBN de una edicion publicada por,Damiani
8890130474,está escrito en,Inglés
Walter Veltroni,es autor de la obra,Caf of Stars
Caf of Stars,pertenece al género,"Rome (italy), description and travel"
9788817019873,es un codigo ISBN para el libro,La nuova stagione
9788817019873,es un codigo ISBN de una edicion publicada por,Rizzoli
9788817019873,está escrito en,Italiano
Walter Veltroni,es autor de la obra,La nuova stagione
La nuova stagione,pertenece al género,Politics and government
La nuova stagione,pertenece al género,Partito democratico
9788817075886,es un codigo ISBN para el libro,La quarta buona ragione per vivere
9788817075886,es un codigo ISBN de una edicion publicada por,BUR Biblioteca Univ. Rizzoli
9788817075886,es un codigo ISBN de una edicion publicada por,Rizzoli
9788817075886,está escrito en,Italiano
Walter Veltroni,es autor de la obra,La quarta buona ragione per vivere
La quarta buona ragione per vivere,pertenece al género,Motion pictures
9788817084260,es un codigo ISBN para el libro,Ciao
9788817084260,es un codigo ISBN de una edicion publicada por,BUR Biblioteca Univerzale Rizzoli
9788817084260,es un codigo ISBN de una edicion publicada por,Rizzoli
9788817084260,está escrito en,Italiano
Walter Veltroni,es autor de la obra,Ciao
9788829702565,es un codigo ISBN para el libro,Assassinio a Villa Borghese
9788829702565,es un codigo ISBN de una edicion publicada por,Marsilio
9788829702565,está escrito en,Italiano
Walter Veltroni,es autor de la obra,Assassinio a Villa Borghese
9788817097024,es un codigo ISBN para el libro,Quando
9788817097024,es un codigo ISBN de una edicion publicada por,Rizzoli
9788817097024,está escrito en,Italiano
Walter Veltroni,es autor de la obra,Quando
Quando,pertenece al género,Coma
Quando,pertenece al género,Fiction
Quando,pertenece al género,Middle-aged men
8817146633,es un codigo ISBN para el libro,Odiare l'odio
8817146633,es un codigo ISBN de una edicion publicada por,Rizzoli
8817146633,está escrito en,Italiano
9788817146630,es un codigo ISBN para el libro,Odiare l'odio
9788817146630,es un codigo ISBN de una edicion publicada por,Rizzoli
9788817146630,está escrito en,Italiano
Walter Veltroni,es autor de la obra,Odiare l'odio
Odiare l'odio,pertenece al género,Hate
Odiare l'odio,pertenece al género,Social aspects
Odiare l'odio,pertenece al género,Racism
9788829707997,es un codigo ISBN para el libro,Buonvino e il caso del bambino scomparso
9788829707997,es un codigo ISBN de una edicion publicada por,Marsilio
9788829707997,está escrito en,Italiano
Walter Veltroni,es autor de la obra,Buonvino e il caso del bambino scomparso
9788828206842,es un codigo ISBN para el libro,Il caso Moro e la Prima Repubblica
9788828206842,es un codigo ISBN de una edicion publicada por,Solferino
9788828206842,está escrito en,Italiano
Walter Veltroni,es autor de la obra,Il caso Moro e la Prima Repubblica
Il caso Moro e la Prima Repubblica,pertenece al género,"Kidnapping, 1978"
Il caso Moro e la Prima Repubblica,pertenece al género,Assassination
Il caso Moro e la Prima Repubblica,pertenece al género,Terrorism
9788817139472,es un codigo ISBN para el libro,La scelta
9788817139472,es un codigo ISBN de una edicion publicada por,Rizzoli
9788817139472,está escrito en,Italiano
Walter Veltroni,es autor de la obra,La scelta
9788890130410,es un codigo ISBN para el libro,Spaghetti & stars
9788890130410,es un codigo ISBN de una edicion publicada por,Damiani
9788890130410,está escrito en,Inglés
8890130415,es un codigo ISBN para el libro,Spaghetti & stars
8890130415,es un codigo ISBN de una edicion publicada por,Damiani
8890130415,está escrito en,Inglés
Walter Veltroni,es autor de la obra,Spaghetti & stars
Spaghetti & stars,pertenece al género,Spaghetti
Spaghetti & stars,pertenece al género,Pictorial works
Spaghetti & stars,pertenece al género,Motion picture actors and actresses
8879898310,es un codigo ISBN para el libro,Roma
8879898310,es un codigo ISBN de una edicion publicada por,Donzelli
8879898310,está escrito en,Italiano
Walter Veltroni,es autor de la obra,Roma
Roma,pertenece al género,Economic conditions
Roma,pertenece al género,City planning
Roma,pertenece al género,Social conditions
8887604185,es un codigo ISBN para el libro,"Europa, Israele, Palestina"
8887604185,es un codigo ISBN de una edicion publicada por,Tiellemedia
8887604185,está escrito en,Italiano
Walter Veltroni,es autor de la obra,"Europa, Israele, Palestina"
"Europa, Israele, Palestina",pertenece al género,Congresses
"Europa, Israele, Palestina",pertenece al género,International status
"Europa, Israele, Palestina",pertenece al género,Foreign relations
8817865087,es un codigo ISBN para el libro,Forse Dio è malato
8817865087,es un codigo ISBN de una edicion publicada por,Rizzoli
8817865087,está escrito en,Italiano
Walter Veltroni,es autor de la obra,Forse Dio è malato
Forse Dio è malato,pertenece al género,Social conditions
Forse Dio è malato,pertenece al género,Economic conditions
Forse Dio è malato,pertenece al género,Poverty
9788817044493,es un codigo ISBN para el libro,E se noi domani
9788817044493,es un codigo ISBN de una edicion publicada por,Rizzoli
9788817044493,está escrito en,Italiano
Walter Veltroni,es autor de la obra,E se noi domani
E se noi domani,pertenece al género,Politics and government
E se noi domani,pertenece al género,Right and left (Political science)
9788817073363,es un codigo ISBN para el libro,Quando c'era Berlinguer
9788817073363,es un codigo ISBN de una edicion publicada por,BUR Biblioteca Univerzale Rizzoli
9788817073363,es un codigo ISBN de una edicion publicada por,Rizzoli
9788817073363,está escrito en,Italiano
Walter Veltroni,es autor de la obra,Quando c'era Berlinguer
Quando c'era Berlinguer,pertenece al género,Politicians
Quando c'era Berlinguer,pertenece al género,Biography
Quando c'era Berlinguer,pertenece al género,Communists
9788817060837,es un codigo ISBN para el libro,L'isola e le rose
9788817060837,es un codigo ISBN de una edicion publicada por,Rizzoli
9788817060837,está escrito en,Italiano
Walter Veltroni,es autor de la obra,L'isola e le rose
8807811618,es un codigo ISBN para el libro,Il Sogno degli anni'60
8807811618,es un codigo ISBN de una edicion publicada por,Feltrinelli
8807811618,está escrito en,Italiano
Walter Veltroni,es autor de la obra,Il Sogno degli anni'60
Il Sogno degli anni'60,pertenece al género,Youth
Il Sogno degli anni'60,pertenece al género,Attitudes
Il Sogno degli anni'60,pertenece al género,Social history
8879895346,es un codigo ISBN para el libro,Progetto per la sinistra del duemila
8879895346,es un codigo ISBN de una edicion publicada por,Donzelli
8879895346,está escrito en,Italiano
Walter Veltroni,es autor de la obra,Progetto per la sinistra del duemila
Progetto per la sinistra del duemila,pertenece al género,Politics and government
Progetto per la sinistra del duemila,pertenece al género,Forecasting
Progetto per la sinistra del duemila,pertenece al género,Right and left (Political science)
8807812649,es un codigo ISBN para el libro,I programmi che hanno cambiato l'Italia
8807812649,es un codigo ISBN de una edicion publicada por,Feltrinelli
8807812649,está escrito en,Italiano
Walter Veltroni,es autor de la obra,I programmi che hanno cambiato l'Italia
8888359117,es un codigo ISBN para el libro,Flash of art
8888359117,es un codigo ISBN de una edicion publicada por,Photology
8888359117,está escrito en,Inglés
9788888359113,es un codigo ISBN para el libro,Flash of art
9788888359113,es un codigo ISBN de una edicion publicada por,Photology
9788888359113,está escrito en,Inglés
9788888359113,está escrito en,Italiano
Walter Veltroni,es autor de la obra,Flash of art
Flash of art,pertenece al género,Popular Culture - General
Flash of art,pertenece al género,Photography As An Art
Flash of art,pertenece al género,Photography
9788817035545,es un codigo ISBN para el libro,Noi
9788817035545,es un codigo ISBN de una edicion publicada por,Rizzoli
9788817035545,está escrito en,Italiano
Walter Veltroni,es autor de la obra,Noi
Noi,pertenece al género,Fiction
Noi,pertenece al género,"World War, 1939-1945"
Noi,pertenece al género,History
8826702136,es un codigo ISBN para el libro,"Donne, famiglia e politica"
8826702136,es un codigo ISBN de una edicion publicada por,Edizioni associate editrice internazionale
8826702136,está escrito en,Italiano
Walter Veltroni,es autor de la obra,"Donne, famiglia e politica"
"Donne, famiglia e politica",pertenece al género,Social conditions
"Donne, famiglia e politica",pertenece al género,Congresses
"Donne, famiglia e politica",pertenece al género,Family
9788806204662,es un codigo ISBN para el libro,"Quando cade l'acrobata, entrano i clown"
9788806204662,es un codigo ISBN de una edicion publicada por,Einaudi
9788806204662,está escrito en,Italiano
Walter Veltroni,es autor de la obra,"Quando cade l'acrobata, entrano i clown"
9780847831098,es un codigo ISBN para el libro,The discovery of dawn
9780847831098,es un codigo ISBN de una edicion publicada por,Rizzoli Ex Libris
9780847831098,es un codigo ISBN de una edicion publicada por,"Rizzoli International Publications, Incorporated"
9780847831098,está escrito en,Inglés
Walter Veltroni,es autor de la obra,The discovery of dawn
The discovery of dawn,pertenece al género,Families
The discovery of dawn,pertenece al género,Brothers and sisters
The discovery of dawn,pertenece al género,Family
8880892789,es un codigo ISBN para el libro,Governare da sinistra
8880892789,es un codigo ISBN de una edicion publicada por,Baldini & Castoldi
8880892789,está escrito en,Italiano
Walter Veltroni,es autor de la obra,Governare da sinistra
Governare da sinistra,pertenece al género,Politics and government
Achille Campanile,es de nacionalidad,Italy
9788884193346,es un codigo ISBN para el libro,Autoritratto
9788884193346,es un codigo ISBN de una edicion publicada por,N. Aragno
9788884193346,está escrito en,Italiano
8884193346,es un codigo ISBN para el libro,Autoritratto
8884193346,es un codigo ISBN de una edicion publicada por,N. Aragno
8884193346,está escrito en,Italiano
Achille Campanile,es autor de la obra,Autoritratto
Autoritratto,pertenece al género,Drama
Autoritratto,pertenece al género,Italian Authors
Autoritratto,pertenece al género,Biography
9788845247668,es un codigo ISBN para el libro,Opere
9788845247668,es un codigo ISBN de una edicion publicada por,Bompiani
9788845247668,está escrito en,Italiano
884524766X,es un codigo ISBN para el libro,Opere
884524766X,es un codigo ISBN de una edicion publicada por,Bompiani
884524766X,está escrito en,Italiano
8845254941,es un codigo ISBN para el libro,Opere
8845254941,es un codigo ISBN de una edicion publicada por,Bompiani
8845254941,está escrito en,Italiano
Achille Campanile,es autor de la obra,Opere
8817128678,es un codigo ISBN para el libro,L'inventore del cavallo e altre quindici commedie
8817128678,es un codigo ISBN de una edicion publicada por,BUR Biblioteca Univ. Rizzoli
9788817128674,es un codigo ISBN para el libro,L'inventore del cavallo e altre quindici commedie
9788817128674,es un codigo ISBN de una edicion publicada por,BUR Biblioteca Univ. Rizzoli
Achille Campanile,es autor de la obra,L'inventore del cavallo e altre quindici commedie
9788884194251,es un codigo ISBN para el libro,Urgentissime da evadere
9788884194251,es un codigo ISBN de una edicion publicada por,N. Aragno
9788884194251,está escrito en,Italiano
Achille Campanile,es autor de la obra,Urgentissime da evadere
Urgentissime da evadere,pertenece al género,Correspondence
Urgentissime da evadere,pertenece al género,Italian Authors
8817004715,es un codigo ISBN para el libro,Celestino e la famiglia Gentilissimi
8817004715,es un codigo ISBN de una edicion publicada por,Rizzoli
8817004715,está escrito en,Italiano
Achille Campanile,es autor de la obra,Celestino e la famiglia Gentilissimi
Carlo Cóccioli,es de nacionalidad,Italy
9687748052,es un codigo ISBN para el libro,Buda y su glorioso mundo
9687748052,es un codigo ISBN de una edicion publicada por,Editorial Lectorum
9687748052,está escrito en,Español
9789687748054,es un codigo ISBN para el libro,Buda y su glorioso mundo
9789687748054,es un codigo ISBN de una edicion publicada por,Editorial Lectorum
9789687748054,está escrito en,Español
Carlo Cóccioli,es autor de la obra,Buda y su glorioso mundo
2268006840,es un codigo ISBN para el libro,Le caillou blanc
2268006840,es un codigo ISBN de una edicion publicada por,Editions du Rocher
2268006840,está escrito en,Francés
Carlo Cóccioli,es autor de la obra,Le caillou blanc
8321101046,es un codigo ISBN para el libro,Pamietniki krola Dawida
8321101046,es un codigo ISBN de una edicion publicada por,Pax
8321101046,está escrito en,Polaco
Carlo Cóccioli,es autor de la obra,Pamietniki krola Dawida
9501509249,es un codigo ISBN para el libro,"Sentencia del Ayatola, La"
9501509249,es un codigo ISBN de una edicion publicada por,Vergara Editor S.A.
9501509249,está escrito en,Español
9789501509243,es un codigo ISBN para el libro,"Sentencia del Ayatola, La"
9789501509243,es un codigo ISBN de una edicion publicada por,Vergara Editor S.A.
9789501509243,está escrito en,Español
Carlo Cóccioli,es autor de la obra,"Sentencia del Ayatola, La"
Tim Parks,es de nacionalidad,Italy
9781939810151,es un codigo ISBN para el libro,Message from the Shadows
9781939810151,es un codigo ISBN de una edicion publicada por,Archipelago Books
9781939810151,está escrito en,Inglés
Tim Parks,es autor de la obra,Message from the Shadows
Message from the Shadows,pertenece al género,Romance literature
Message from the Shadows,pertenece al género,"Short stories, italian, translations into english"
Message from the Shadows,pertenece al género,Translations into English
0140114599,es un codigo ISBN para el libro,Loving Roger
0140114599,es un codigo ISBN de una edicion publicada por,Penguin Books
0140114599,está escrito en,Inglés
0802100163,es un codigo ISBN para el libro,Loving Roger
0802100163,es un codigo ISBN de una edicion publicada por,Grove Press
0802100163,está escrito en,Inglés
Tim Parks,es autor de la obra,Loving Roger
Loving Roger,pertenece al género,Fiction
Loving Roger,pertenece al género,Man-woman relationships
Loving Roger,pertenece al género,Murder
9781847677570,es un codigo ISBN para el libro,Tartar Steppe
9781847677570,es un codigo ISBN de una edicion publicada por,Canongate Books
9781847677570,está escrito en,Inglés
9781786891648,es un codigo ISBN para el libro,Tartar Steppe
9781786891648,es un codigo ISBN de una edicion publicada por,Canongate Books
9781786891648,está escrito en,Inglés
Tim Parks,es autor de la obra,Tartar Steppe
Tartar Steppe,pertenece al género,"Fiction, psychological"
9781911508182,es un codigo ISBN para el libro,Sweet Days of Discipline
9781911508182,es un codigo ISBN de una edicion publicada por,And Other Stories
9781911508182,está escrito en,Inglés
9780811229036,es un codigo ISBN para el libro,Sweet Days of Discipline
9780811229036,es un codigo ISBN de una edicion publicada por,New Directions
9780811229036,está escrito en,Inglés
Tim Parks,es autor de la obra,Sweet Days of Discipline
Sweet Days of Discipline,pertenece al género,"Switzerland, fiction"
Sweet Days of Discipline,pertenece al género,"Fiction, general"
Sweet Days of Discipline,pertenece al género,Boarding schools
9789029583404,es un codigo ISBN para el libro,Leer ons stil te zitten
9789029583404,es un codigo ISBN de una edicion publicada por,De Arbeiderspers
9789029583404,está escrito en,Neerlandés
9029583401,es un codigo ISBN para el libro,Leer ons stil te zitten
9029583401,es un codigo ISBN de una edicion publicada por,De Arbeiderspers
9029583401,está escrito en,Neerlandés
Tim Parks,es autor de la obra,Leer ons stil te zitten
9781299033443,es un codigo ISBN para el libro,Numbers in the Dark
9781299033443,es un codigo ISBN de una edicion publicada por,Knopf Doubleday Publishing Group
9781299033443,está escrito en,Inglés
9780141889573,es un codigo ISBN para el libro,Numbers in the Dark
9780141889573,es un codigo ISBN de una edicion publicada por,"Penguin Books, Limited"
9780141889573,está escrito en,Inglés
Tim Parks,es autor de la obra,Numbers in the Dark
Numbers in the Dark,pertenece al género,Continental european fiction (fictional works by one author)
Numbers in the Dark,pertenece al género,"Fiction, fantasy, collections & anthologies"
9029566566,es un codigo ISBN para el libro,Dromen over zeeën en rivieren
9029566566,es un codigo ISBN de una edicion publicada por,De Arbeiderspers
9029566566,está escrito en,Neerlandés
9789029566568,es un codigo ISBN para el libro,Dromen over zeeën en rivieren
9789029566568,es un codigo ISBN de una edicion publicada por,De Arbeiderspers
9789029566568,está escrito en,Neerlandés
Tim Parks,es autor de la obra,Dromen over zeeën en rivieren
3442472415,es un codigo ISBN para el libro,Träume von Flüssen und Meeren
3442472415,es un codigo ISBN de una edicion publicada por,Goldmann
3442472415,está escrito en,Alemán
9783442472413,es un codigo ISBN para el libro,Träume von Flüssen und Meeren
9783442472413,es un codigo ISBN de una edicion publicada por,Goldmann
9783442472413,está escrito en,Alemán
Tim Parks,es autor de la obra,Träume von Flüssen und Meeren
Träume von Flüssen und Meeren,pertenece al género,Anthropologe
Träume von Flüssen und Meeren,pertenece al género,Plötzlicher Tod
Träume von Flüssen und Meeren,pertenece al género,Erwachsener Sohn
9029583398,es un codigo ISBN para el libro,De dienares
9029583398,es un codigo ISBN de una edicion publicada por,De Arbeiderspers
9029583398,está escrito en,Neerlandés
9789029583398,es un codigo ISBN para el libro,De dienares
9789029583398,es un codigo ISBN de una edicion publicada por,De Arbeiderspers
9789029583398,está escrito en,Neerlandés
Tim Parks,es autor de la obra,De dienares
9781473548008,es un codigo ISBN para el libro,Out of My Head
9781473548008,es un codigo ISBN de una edicion publicada por,Penguin Random House
9781473548008,está escrito en,Inglés
Tim Parks,es autor de la obra,Out of My Head
Out of My Head,pertenece al género,Cognition
9781784706326,es un codigo ISBN para el libro,Rapids
9781784706326,es un codigo ISBN de una edicion publicada por,Penguin Random House
9781784706326,está escrito en,Inglés
Tim Parks,es autor de la obra,Rapids
Rapids,pertenece al género,"Fiction, general"
Rapids,pertenece al género,"Italy, fiction"
Rapids,pertenece al género,"Alps, Italian (Italy) -- Fiction"
9781473547995,es un codigo ISBN para el libro,In Extremis
9781473547995,es un codigo ISBN de una edicion publicada por,Penguin Random House
9781473547995,está escrito en,Inglés
Tim Parks,es autor de la obra,In Extremis
In Extremis,pertenece al género,"Fiction, general"
9781473523555,es un codigo ISBN para el libro,Thomas and Mary
9781473523555,es un codigo ISBN de una edicion publicada por,Penguin Random House
9781473523555,está escrito en,Inglés
Tim Parks,es autor de la obra,Thomas and Mary
Thomas and Mary,pertenece al género,"Fiction, general"
9781448162529,es un codigo ISBN para el libro,Italian Ways
9781448162529,es un codigo ISBN de una edicion publicada por,Penguin Random House
9781448162529,está escrito en,Inglés
Tim Parks,es autor de la obra,Italian Ways
Italian Ways,pertenece al género,Railroad travel
Italian Ways,pertenece al género,"Italy, description and travel"
Italian Ways,pertenece al género,"Railroads, italy"
9781448156504,es un codigo ISBN para el libro,Goodness
9781448156504,es un codigo ISBN de una edicion publicada por,Penguin Random House
9781448156504,está escrito en,Inglés
Tim Parks,es autor de la obra,Goodness
Goodness,pertenece al género,"Fiction, family life"
Goodness,pertenece al género,"People with disabilities, fiction"
Goodness,pertenece al género,"Parent and child, fiction"
9781448156535,es un codigo ISBN para el libro,Shear
9781448156535,es un codigo ISBN de una edicion publicada por,Penguin Random House
9781448156535,está escrito en,Inglés
Tim Parks,es autor de la obra,Shear
Shear,pertenece al género,"Fiction, general"
Shear,pertenece al género,"Scientists, fiction"
Shear,pertenece al género,"Mediterranean region, fiction"
9781448156511,es un codigo ISBN para el libro,Home Thoughts
9781448156511,es un codigo ISBN de una edicion publicada por,Penguin Random House
9781448156511,está escrito en,Inglés
Tim Parks,es autor de la obra,Home Thoughts
9781448156528,es un codigo ISBN para el libro,Mimi's Ghost
9781448156528,es un codigo ISBN de una edicion publicada por,Penguin Random House
9781448156528,está escrito en,Inglés
Tim Parks,es autor de la obra,Mimi's Ghost
9781446442388,es un codigo ISBN para el libro,Loving Roger
9781446442388,es un codigo ISBN de una edicion publicada por,Penguin Random House
9781446442388,está escrito en,Inglés
9781446442357,es un codigo ISBN para el libro,Tongues of Flame
9781446442357,es un codigo ISBN de una edicion publicada por,Penguin Random House
9781446442357,está escrito en,Inglés
Tim Parks,es autor de la obra,Tongues of Flame
9781409059189,es un codigo ISBN para el libro,Cleaver
9781409059189,es un codigo ISBN de una edicion publicada por,Penguin Random House
9781409059189,está escrito en,Inglés
Tim Parks,es autor de la obra,Cleaver
Cleaver,pertenece al género,"Fiction, psychological"
Cleaver,pertenece al género,"Journalists, fiction"
Cleaver,pertenece al género,"Italy, fiction"
9781409040668,es un codigo ISBN para el libro,Judge Savage
9781409040668,es un codigo ISBN de una edicion publicada por,Penguin Random House
9781409040668,está escrito en,Inglés
Tim Parks,es autor de la obra,Judge Savage
Judge Savage,pertenece al género,"Blacks, fiction"
Judge Savage,pertenece al género,"Fiction, legal"
Judge Savage,pertenece al género,"Fiction, psychological"
9781407063997,es un codigo ISBN para el libro,Teach Us to Sit Still
9781407063997,es un codigo ISBN de una edicion publicada por,Penguin Random House
9781407063997,está escrito en,Inglés
Tim Parks,es autor de la obra,Teach Us to Sit Still
Teach Us to Sit Still,pertenece al género,"Authors, biography"
Teach Us to Sit Still,pertenece al género,Chronic pain
Teach Us to Sit Still,pertenece al género,Mind and body therapies
9781861977571,es un codigo ISBN para el libro,Medici Money
9781861977571,es un codigo ISBN de una edicion publicada por,Profile Books Limited
9781861977571,está escrito en,Inglés
Tim Parks,es autor de la obra,Medici Money
Medici Money,pertenece al género,"Fiction, general"
Medici Money,pertenece al género,"Italy, fiction"
9781448156498,es un codigo ISBN para el libro,Family Planning
9781448156498,es un codigo ISBN de una edicion publicada por,Penguin Random House
9781448156498,está escrito en,Inglés
9780802132437,es un codigo ISBN para el libro,Family Planning
9780802132437,es un codigo ISBN de una edicion publicada por,Avalon Publishing
9780802132437,está escrito en,Inglés
Tim Parks,es autor de la obra,Family Planning
Family Planning,pertenece al género,"Fiction, general"
9781448156481,es un codigo ISBN para el libro,Cara Massimina
9781448156481,es un codigo ISBN de una edicion publicada por,Penguin Random House
9781448156481,está escrito en,Inglés
9781628726190,es un codigo ISBN para el libro,Cara Massimina
9781628726190,es un codigo ISBN de una edicion publicada por,"Skyhorse Publishing Company, Incorporated"
9781628726190,está escrito en,Inglés
Tim Parks,es autor de la obra,Cara Massimina
Cara Massimina,pertenece al género,"Fiction, mystery & detective, general"
9781628722383,es un codigo ISBN para el libro,Adultery and Other Diversions
9781628722383,es un codigo ISBN de una edicion publicada por,"Skyhorse Publishing Company, Incorporated"
9781628722383,está escrito en,Inglés
Tim Parks,es autor de la obra,Adultery and Other Diversions
9781611459777,es un codigo ISBN para el libro,Season with Verona
9781611459777,es un codigo ISBN de una edicion publicada por,"Skyhorse Publishing Company, Incorporated"
9781611459777,está escrito en,Inglés
Tim Parks,es autor de la obra,Season with Verona
9781448180745,es un codigo ISBN para el libro,Sex Is Forbidden
9781448180745,es un codigo ISBN de una edicion publicada por,Penguin Random House
9781448180745,está escrito en,Inglés
9781628723083,es un codigo ISBN para el libro,Sex Is Forbidden
9781628723083,es un codigo ISBN de una edicion publicada por,"Skyhorse Publishing Company, Incorporated"
9781628723083,está escrito en,Inglés
Tim Parks,es autor de la obra,Sex Is Forbidden
Sex Is Forbidden,pertenece al género,"Fiction, general"
9781448104871,es un codigo ISBN para el libro,Destiny
9781448104871,es un codigo ISBN de una edicion publicada por,Penguin Random House
9781448104871,está escrito en,Inglés
9781628721126,es un codigo ISBN para el libro,Destiny
9781628721126,es un codigo ISBN de una edicion publicada por,"Skyhorse Publishing Company, Incorporated"
9781628721126,está escrito en,Inglés
Tim Parks,es autor de la obra,Destiny
Destiny,pertenece al género,"Fiction, psychological"
Destiny,pertenece al género,"Fiction, family life"
Destiny,pertenece al género,"Italy, fiction"
Giani Stuparich,es de nacionalidad,Italy
9788854879416,es un codigo ISBN para el libro,Racconti
9788854879416,es un codigo ISBN de una edicion publicada por,Aracne editrice int.le S.r.l.
9788854879416,está escrito en,Italiano
Giani Stuparich,es autor de la obra,Racconti
9788883034718,es un codigo ISBN para el libro,Un porto tra mille e mille
9788883034718,es un codigo ISBN de una edicion publicada por,"EUT, Edizioni università di Trieste"
9788883034718,está escrito en,Italiano
Giani Stuparich,es autor de la obra,Un porto tra mille e mille
Un porto tra mille e mille,pertenece al género,Politics and government
Un porto tra mille e mille,pertenece al género,"World War, 1939-1945"
Un porto tra mille e mille,pertenece al género,Peace
9788495587695,es un codigo ISBN para el libro,Un año de escuela en Trieste
9788495587695,es un codigo ISBN de una edicion publicada por,Minúscula
Giani Stuparich,es autor de la obra,Un año de escuela en Trieste
9788495587398,es un codigo ISBN para el libro,La isla
9788495587398,es un codigo ISBN de una edicion publicada por,Minúscula
9788495587398,está escrito en,Español
Giani Stuparich,es autor de la obra,La isla
887564179X,es un codigo ISBN para el libro,Con fedeltà immutata
887564179X,es un codigo ISBN de una edicion publicada por,Loffredo
887564179X,está escrito en,Italiano
Giani Stuparich,es autor de la obra,Con fedeltà immutata
Con fedeltà immutata,pertenece al género,"Authors, Italian"
Con fedeltà immutata,pertenece al género,Correspondence
Con fedeltà immutata,pertenece al género,Intellectual life
8835926785,es un codigo ISBN para el libro,Cuore adolescente ; Trieste nei miei ricordi
8835926785,es un codigo ISBN de una edicion publicada por,Editori riuniti
8835926785,está escrito en,Italiano
Giani Stuparich,es autor de la obra,Cuore adolescente ; Trieste nei miei ricordi
Cuore adolescente ; Trieste nei miei ricordi,pertenece al género,Homes and haunts
Cuore adolescente ; Trieste nei miei ricordi,pertenece al género,Childhood and youth
Cuore adolescente ; Trieste nei miei ricordi,pertenece al género,Biography
9788886474757,es un codigo ISBN para el libro,A Elodì
9788886474757,es un codigo ISBN de una edicion publicada por,Parnaso
9788886474757,está escrito en,Italiano
Giani Stuparich,es autor de la obra,A Elodì
9788495587855,es un codigo ISBN para el libro,Guerra del '15
9788495587855,es un codigo ISBN de una edicion publicada por,Minúscula
Giani Stuparich,es autor de la obra,Guerra del '15
Guerra del '15,pertenece al género,"Authors, Italian"
Guerra del '15,pertenece al género,Biography
Guerra del '15,pertenece al género,Italian Authors
8806113615,es un codigo ISBN para el libro,Il ritorno del padre e altri racconti
8806113615,es un codigo ISBN de una edicion publicada por,Einaud
8806113615,está escrito en,Italiano
Giani Stuparich,es autor de la obra,Il ritorno del padre e altri racconti
9788890197109,es un codigo ISBN para el libro,La strada di Podestaria
9788890197109,es un codigo ISBN de una edicion publicada por,Alba pratalia
9788890197109,está escrito en,Italiano
Giani Stuparich,es autor de la obra,La strada di Podestaria
La strada di Podestaria,pertenece al género,Correspondence
La strada di Podestaria,pertenece al género,Family
8835928389,es un codigo ISBN para el libro,Machiavelli in Germania
8835928389,es un codigo ISBN de una edicion publicada por,Editori riuniti
8835928389,está escrito en,Italiano
Giani Stuparich,es autor de la obra,Machiavelli in Germania
Machiavelli in Germania,pertenece al género,German literature
Machiavelli in Germania,pertenece al género,Appreciation
Machiavelli in Germania,pertenece al género,Italian influences
Ugo Riccarelli,es de nacionalidad,Italy
2207249093,es un codigo ISBN para el libro,Un Nommé Schulz
2207249093,es un codigo ISBN de una edicion publicada por,Denoël
2207249093,está escrito en,Francés
9782207249093,es un codigo ISBN para el libro,Un Nommé Schulz
9782207249093,es un codigo ISBN de una edicion publicada por,Denoël
9782207249093,está escrito en,Francés
Ugo Riccarelli,es autor de la obra,Un Nommé Schulz
9789029563482,es un codigo ISBN para el libro,Gedroomde tijd
9789029563482,es un codigo ISBN de una edicion publicada por,De Arbeiderspers
9789029563482,está escrito en,Neerlandés
9029563486,es un codigo ISBN para el libro,Gedroomde tijd
9029563486,es un codigo ISBN de una edicion publicada por,De Arbeiderspers
9029563486,está escrito en,Neerlandés
Ugo Riccarelli,es autor de la obra,Gedroomde tijd
9789029566551,es un codigo ISBN para el libro,Een zee van niets
9789029566551,es un codigo ISBN de una edicion publicada por,De Arbeiderspers
9789029566551,está escrito en,Neerlandés
9029566558,es un codigo ISBN para el libro,Een zee van niets
9029566558,es un codigo ISBN de una edicion publicada por,De Arbeiderspers
9029566558,está escrito en,Neerlandés
Ugo Riccarelli,es autor de la obra,Een zee van niets
9783442726912,es un codigo ISBN para el libro,"Ein Mann, der vielleicht Schulz hieß"
9783442726912,es un codigo ISBN de una edicion publicada por,Btb Bei Goldmann
3442726913,es un codigo ISBN para el libro,"Ein Mann, der vielleicht Schulz hieß"
3442726913,es un codigo ISBN de una edicion publicada por,Btb Bei Goldmann
Ugo Riccarelli,es autor de la obra,"Ein Mann, der vielleicht Schulz hieß"
8496231607,es un codigo ISBN para el libro,El Dolor Perfecto (Littera)
8496231607,es un codigo ISBN de una edicion publicada por,Grupo Oceano
9788496231603,es un codigo ISBN para el libro,El Dolor Perfecto (Littera)
9788496231603,es un codigo ISBN de una edicion publicada por,Grupo Oceano
Ugo Riccarelli,es autor de la obra,El Dolor Perfecto (Littera)
9788838446290,es un codigo ISBN para el libro,Stramonio
9788838446290,es un codigo ISBN de una edicion publicada por,PIEMME
9788838446290,está escrito en,Italiano
8838446296,es un codigo ISBN para el libro,Stramonio
8838446296,es un codigo ISBN de una edicion publicada por,PIEMME
8838446296,está escrito en,Italiano
Ugo Riccarelli,es autor de la obra,Stramonio
8496231097,es un codigo ISBN para el libro,Un Helado Para La Gloria (Littera)
8496231097,es un codigo ISBN de una edicion publicada por,Maeva
8496231097,está escrito en,Español
9788496231092,es un codigo ISBN para el libro,Un Helado Para La Gloria (Littera)
9788496231092,es un codigo ISBN de una edicion publicada por,Maeva
9788496231092,está escrito en,Español
Ugo Riccarelli,es autor de la obra,Un Helado Para La Gloria (Littera)
8804514396,es un codigo ISBN para el libro,Le scarpe appese al cuore
8804514396,es un codigo ISBN de una edicion publicada por,A. Mondadori
8804514396,está escrito en,Italiano
880781322X,es un codigo ISBN para el libro,Le scarpe appese al cuore
880781322X,es un codigo ISBN de una edicion publicada por,Feltrinelli
880781322X,está escrito en,Italiano
Ugo Riccarelli,es autor de la obra,Le scarpe appese al cuore
8495354837,es un codigo ISBN para el libro,Estramonio (Littera)
8495354837,es un codigo ISBN de una edicion publicada por,Maeva
8495354837,está escrito en,Español
9788495354839,es un codigo ISBN para el libro,Estramonio (Littera)
9788495354839,es un codigo ISBN de una edicion publicada por,Maeva
9788495354839,está escrito en,Español
Ugo Riccarelli,es autor de la obra,Estramonio (Littera)
880461627X,es un codigo ISBN para el libro,L'amore graffia il mondo
880461627X,es un codigo ISBN de una edicion publicada por,Mondadori
880461627X,está escrito en,Italiano
9788804616276,es un codigo ISBN para el libro,L'amore graffia il mondo
9788804616276,es un codigo ISBN de una edicion publicada por,Mondadori
9788804616276,está escrito en,Italiano
Ugo Riccarelli,es autor de la obra,L'amore graffia il mondo
1904750249,es un codigo ISBN para el libro,Coppi's angel
1904750249,es un codigo ISBN de una edicion publicada por,Middlesex University Press
1904750249,está escrito en,Inglés
9781904750246,es un codigo ISBN para el libro,Coppi's angel
9781904750246,es un codigo ISBN de una edicion publicada por,Middlesex University Press
9781904750246,está escrito en,Inglés
Ugo Riccarelli,es autor de la obra,Coppi's angel
Coppi's angel,pertenece al género,Fiction
8804537612,es un codigo ISBN para el libro,Il dolore perfetto
8804537612,es un codigo ISBN de una edicion publicada por,Arnoldo Mondadori
8804537612,está escrito en,Italiano
9788804537618,es un codigo ISBN para el libro,Il dolore perfetto
9788804537618,es un codigo ISBN de una edicion publicada por,Arnoldo Mondadori
9788804537618,está escrito en,Italiano
8804524111,es un codigo ISBN para el libro,Il dolore perfetto
8804524111,es un codigo ISBN de una edicion publicada por,Mondadori
8804524111,está escrito en,Italiano
Ugo Riccarelli,es autor de la obra,Il dolore perfetto
8860040620,es un codigo ISBN para el libro,Pensieri crudeli
8860040620,es un codigo ISBN de una edicion publicada por,G. Perrone
8860040620,está escrito en,Italiano
9788860040620,es un codigo ISBN para el libro,Pensieri crudeli
9788860040620,es un codigo ISBN de una edicion publicada por,G. Perrone
9788860040620,está escrito en,Italiano
Ugo Riccarelli,es autor de la obra,Pensieri crudeli
9788804550327,es un codigo ISBN para el libro,Un mare di nulla
9788804550327,es un codigo ISBN de una edicion publicada por,Mondadori
9788804550327,está escrito en,Italiano
Ugo Riccarelli,es autor de la obra,Un mare di nulla
8838431973,es un codigo ISBN para el libro,Un uomo che forse si chiamava Schulz
8838431973,es un codigo ISBN de una edicion publicada por,Piemme
8838431973,está escrito en,Italiano
Ugo Riccarelli,es autor de la obra,Un uomo che forse si chiamava Schulz
8804494131,es un codigo ISBN para el libro,L' angelo di Coppi
8804494131,es un codigo ISBN de una edicion publicada por,Mondadori
8804494131,está escrito en,Italiano
Ugo Riccarelli,es autor de la obra,L' angelo di Coppi
L' angelo di Coppi,pertenece al género,Fiction
9788804585336,es un codigo ISBN para el libro,Comallamore
9788804585336,es un codigo ISBN de una edicion publicada por,Mondadori
9788804585336,está escrito en,Italiano
Ugo Riccarelli,es autor de la obra,Comallamore
9788862430432,es un codigo ISBN para el libro,Diletto
9788862430432,es un codigo ISBN de una edicion publicada por,Voland
9788862430432,está escrito en,Italiano
Ugo Riccarelli,es autor de la obra,Diletto
9788804606703,es un codigo ISBN para el libro,La repubblica di un solo giorno
9788804606703,es un codigo ISBN de una edicion publicada por,Mondadori
9788804606703,está escrito en,Italiano
Ugo Riccarelli,es autor de la obra,La repubblica di un solo giorno
Ugo Attardi,es de nacionalidad,Italy
8831725564,es un codigo ISBN para el libro,Avventura e amori cercando
8831725564,es un codigo ISBN de una edicion publicada por,Arnaldo Lombardi
8831725564,está escrito en,Italiano
Ugo Attardi,es autor de la obra,Avventura e amori cercando
Avventura e amori cercando,pertenece al género,Exhibitions
9788836621866,es un codigo ISBN para el libro,Ugo Attardi
9788836621866,es un codigo ISBN de una edicion publicada por,Silvana
9788836621866,está escrito en,Italiano
Ugo Attardi,es autor de la obra,Ugo Attardi
Ugo Attardi,pertenece al género,Exhibitions
Indro Montanelli,es de nacionalidad,Italy
9788817089692,es un codigo ISBN para el libro,Indro al Giro
9788817089692,es un codigo ISBN de una edicion publicada por,Rizzoli
9788817089692,está escrito en,Italiano
Indro Montanelli,es autor de la obra,Indro al Giro
Indro al Giro,pertenece al género,History
Indro al Giro,pertenece al género,Bicycle racing
Indro al Giro,pertenece al género,Giro d'Italia (Bicycle race) (uri) http://id.loc.gov/authorities/names/n2001110407 (uri) http://viaf.org/viaf/sourceID/LC|n2001110407
9788898672905,es un codigo ISBN para el libro,Da inviato di guerra
9788898672905,es un codigo ISBN de una edicion publicada por,Edizioni di Ar
9788898672905,está escrito en,Italiano
Indro Montanelli,es autor de la obra,Da inviato di guerra
Da inviato di guerra,pertenece al género,Public opinion
Da inviato di guerra,pertenece al género,Fascism
Da inviato di guerra,pertenece al género,History
8817137278,es un codigo ISBN para el libro,L'Italia della liberazione (1944-1946)
8817137278,es un codigo ISBN de una edicion publicada por,Biblioteca universale Rizzoli
8817137278,está escrito en,Italiano
Indro Montanelli,es autor de la obra,L'Italia della liberazione (1944-1946)
L'Italia della liberazione (1944-1946),pertenece al género,History
8817009067,es un codigo ISBN para el libro,Il meglio di Controcorrente
8817009067,es un codigo ISBN de una edicion publicada por,Rizzoli
8817009067,está escrito en,Italiano
9788817009065,es un codigo ISBN para el libro,Il meglio di Controcorrente
9788817009065,es un codigo ISBN de una edicion publicada por,Rizzoli
9788817009065,está escrito en,Italiano
Indro Montanelli,es autor de la obra,Il meglio di Controcorrente
Il meglio di Controcorrente,pertenece al género,Political and social views
Il meglio di Controcorrente,pertenece al género,Politics and government
Il meglio di Controcorrente,pertenece al género,Anecdotes
8817128074,es un codigo ISBN para el libro,Garibaldi
8817128074,es un codigo ISBN de una edicion publicada por,Bur
8817128074,está escrito en,Italiano
Indro Montanelli,es autor de la obra,Garibaldi
Garibaldi,pertenece al género,Revolutionaries
Garibaldi,pertenece al género,Biography
8817428198,es un codigo ISBN para el libro,L'Italia dell'Ulivo
8817428198,es un codigo ISBN de una edicion publicada por,Rizzoli
8817428198,está escrito en,Italiano
Indro Montanelli,es autor de la obra,L'Italia dell'Ulivo
L'Italia dell'Ulivo,pertenece al género,History
9607253353,es un codigo ISBN para el libro,Incontri
9607253353,es un codigo ISBN de una edicion publicada por,Longanesi
9607253353,está escrito en,Italiano
9789607253354,es un codigo ISBN para el libro,Incontri
9789607253354,es un codigo ISBN de una edicion publicada por,Longanesi
9789607253354,está escrito en,Italiano
Indro Montanelli,es autor de la obra,Incontri
Incontri,pertenece al género,Biography
8817866776,es un codigo ISBN para el libro,L'Italia degli anni di piombo
8817866776,es un codigo ISBN de una edicion publicada por,Biblioteca universale Rizzoli
8817866776,está escrito en,Italiano
Indro Montanelli,es autor de la obra,L'Italia degli anni di piombo
L'Italia degli anni di piombo,pertenece al género,Politics and government
L'Italia degli anni di piombo,pertenece al género,Terrorism
L'Italia degli anni di piombo,pertenece al género,History
9788831707275,es un codigo ISBN para el libro,Per Venezia
9788831707275,es un codigo ISBN de una edicion publicada por,Marsilio
9788831707275,está escrito en,Italiano
Indro Montanelli,es autor de la obra,Per Venezia
Per Venezia,pertenece al género,Environmental conditions
Per Venezia,pertenece al género,Flood damage prevention
9788817026314,es un codigo ISBN para el libro,La mia eredità sono io
9788817026314,es un codigo ISBN de una edicion publicada por,Rizzoli
9788817026314,está escrito en,Italiano
881702631X,es un codigo ISBN para el libro,La mia eredità sono io
881702631X,es un codigo ISBN de una edicion publicada por,Rizzoli
881702631X,está escrito en,Italiano
Indro Montanelli,es autor de la obra,La mia eredità sono io
La mia eredità sono io,pertenece al género,History
La mia eredità sono io,pertenece al género,Politics and government
La mia eredità sono io,pertenece al género,Biography
Carlo Levi,es de nacionalidad,Italy
9176180220,es un codigo ISBN para el libro,Kristus stannade i Eboli
9176180220,es un codigo ISBN de una edicion publicada por,Bokomotiv Förlags AB
9176180220,está escrito en,Sueco
Carlo Levi,es autor de la obra,Kristus stannade i Eboli
9788860365408,es un codigo ISBN para el libro,Roma fuggitiva
9788860365408,es un codigo ISBN de una edicion publicada por,Donzelli Editore
9788860365408,está escrito en,Italiano
8860365406,es un codigo ISBN para el libro,Roma fuggitiva
8860365406,es un codigo ISBN de una edicion publicada por,Donzelli Editore
8860365406,está escrito en,Italiano
Carlo Levi,es autor de la obra,Roma fuggitiva
Roma fuggitiva,pertenece al género,Description and travel
Roma fuggitiva,pertenece al género,Social life and customs
9788897906681,es un codigo ISBN para el libro,Carlo Levi e l'arte della politica
9788897906681,es un codigo ISBN de una edicion publicada por,Edizioni Giannatelli
9788897906681,está escrito en,Italiano
Carlo Levi,es autor de la obra,Carlo Levi e l'arte della politica
Carlo Levi e l'arte della politica,pertenece al género,Exhibitions
Carlo Levi e l'arte della politica,pertenece al género,Art
Carlo Levi e l'arte della politica,pertenece al género,History
9788886218887,es un codigo ISBN para el libro,Carlo Levi
9788886218887,es un codigo ISBN de una edicion publicada por,De Angelis
9788886218887,es un codigo ISBN de una edicion publicada por,De Angelis Art Srl
9788886218887,está escrito en,Italiano
8886218885,es un codigo ISBN para el libro,Carlo Levi
8886218885,es un codigo ISBN de una edicion publicada por,De Angelis
8886218885,es un codigo ISBN de una edicion publicada por,De Angelis Art Srl
8886218885,está escrito en,Italiano
8879898175,es un codigo ISBN para el libro,Carlo Levi
8879898175,es un codigo ISBN de una edicion publicada por,Donzelli
8879898175,está escrito en,Italiano
Carlo Levi,es autor de la obra,Carlo Levi
Carlo Levi,pertenece al género,Exhibitions
Carlo Levi,pertenece al género,Homes and haunts
Carlo Levi,pertenece al género,Italian Authors
8887825718,es un codigo ISBN para el libro,Tutto il miele è finito
8887825718,es un codigo ISBN de una edicion publicada por,Brand: Ilisso
8887825718,es un codigo ISBN de una edicion publicada por,Ilisso
8887825718,está escrito en,Italiano
Carlo Levi,es autor de la obra,Tutto il miele è finito
Tutto il miele è finito,pertenece al género,Social life and customs
8887111472,es un codigo ISBN para el libro,Museo nazionale d'arte medievale e moderna della Basilicata
8887111472,es un codigo ISBN de una edicion publicada por,Paparo
8887111472,está escrito en,Italiano
Carlo Levi,es autor de la obra,Museo nazionale d'arte medievale e moderna della Basilicata
Museo nazionale d'arte medievale e moderna della Basilicata,pertenece al género,Italian Art
Museo nazionale d'arte medievale e moderna della Basilicata,pertenece al género,Catalogs
Museo nazionale d'arte medievale e moderna della Basilicata,pertenece al género,Art
9788897639602,es un codigo ISBN para el libro,Oltre il buio
9788897639602,es un codigo ISBN de una edicion publicada por,Ensemble
9788897639602,está escrito en,Italiano
8897639607,es un codigo ISBN para el libro,Oltre il buio
8897639607,es un codigo ISBN de una edicion publicada por,Ensemble
8897639607,está escrito en,Italiano
Carlo Levi,es autor de la obra,Oltre il buio
9788868431242,es un codigo ISBN para el libro,"Buongiorno, Oriente"
9788868431242,es un codigo ISBN de una edicion publicada por,Donzelli editore
9788868431242,está escrito en,Italiano
Carlo Levi,es autor de la obra,"Buongiorno, Oriente"
"Buongiorno, Oriente",pertenece al género,Description and travel
"Buongiorno, Oriente",pertenece al género,Travel
9788884591487,es un codigo ISBN para el libro,Versi
9788884591487,es un codigo ISBN de una edicion publicada por,WIP
9788884591487,está escrito en,Italiano
Carlo Levi,es autor de la obra,Versi
Eduardo De Filippo,es de nacionalidad,Italy
9788804562436,es un codigo ISBN para el libro,Teatro
9788804562436,es un codigo ISBN de una edicion publicada por,A. Mondadori
9788804562436,está escrito en,Italiano
Eduardo De Filippo,es autor de la obra,Teatro
9788868663803,es un codigo ISBN para el libro,Mio caro Eduardo
9788868663803,es un codigo ISBN de una edicion publicada por,Guida editori
9788868663803,está escrito en,Italiano
Eduardo De Filippo,es autor de la obra,Mio caro Eduardo
Mio caro Eduardo,pertenece al género,Correspondence
Mio caro Eduardo,pertenece al género,Italian Authors
Mio caro Eduardo,pertenece al género,Journalists
9788868660284,es un codigo ISBN para el libro,"Sik-Sik, l'artefice magico"
9788868660284,es un codigo ISBN de una edicion publicada por,Guida
9788868660284,está escrito en,Italiano
8868660288,es un codigo ISBN para el libro,"Sik-Sik, l'artefice magico"
8868660288,es un codigo ISBN de una edicion publicada por,Guida
8868660288,está escrito en,Italiano
Eduardo De Filippo,es autor de la obra,"Sik-Sik, l'artefice magico"
8806065858,es un codigo ISBN para el libro,Napoli milionaria!
8806065858,es un codigo ISBN de una edicion publicada por,G. Einaudi
8806065858,está escrito en,Italiano
9788806065850,es un codigo ISBN para el libro,Napoli milionaria!
9788806065850,es un codigo ISBN de una edicion publicada por,G. Einaudi
9788806065850,está escrito en,Italiano
Eduardo De Filippo,es autor de la obra,Napoli milionaria!
8806583549,es un codigo ISBN para el libro,Un pugno d'acqua
8806583549,es un codigo ISBN de una edicion publicada por,G. Einaudi
8806583549,está escrito en,Italiano
Eduardo De Filippo,es autor de la obra,Un pugno d'acqua
8888142517,es un codigo ISBN para el libro,Eduardo De Filippo scrittore
8888142517,es un codigo ISBN de una edicion publicada por,Libreria Dante & Descartes
8888142517,está escrito en,Italiano
Eduardo De Filippo,es autor de la obra,Eduardo De Filippo scrittore
Eduardo De Filippo scrittore,pertenece al género,Congresses
Eduardo De Filippo scrittore,pertenece al género,Criticism and interpretation
Eduardo De Filippo scrittore,pertenece al género,"Criticism and interpretationde filippo, eduardo , 1900-1984"
9781893127234,es un codigo ISBN para el libro,Bare thoughts
9781893127234,es un codigo ISBN de una edicion publicada por,Forum Italicum
9781893127234,está escrito en,Inglés
1893127230,es un codigo ISBN para el libro,Bare thoughts
1893127230,es un codigo ISBN de una edicion publicada por,Forum Italicum
1893127230,está escrito en,Inglés
1893127230,es un codigo ISBN de una edicion publicada por,Forum Italicum / Center for Italian Studies
1893127230,es un codigo ISBN de una edicion publicada por,"Forum Italicum, Center for Italian Studies, State University of New York at Stony Brook"
Eduardo De Filippo,es autor de la obra,Bare thoughts
Bare thoughts,pertenece al género,Italian poetry
Bare thoughts,pertenece al género,Italian Dialect poetry
Bare thoughts,pertenece al género,Translations into English
Norberto Bobbio,es de nacionalidad,Italy
9788898986378,es un codigo ISBN para el libro,L'intellettuale ieri e oggi
9788898986378,es un codigo ISBN de una edicion publicada por,Ananke Lab
9788898986378,está escrito en,Italiano
Norberto Bobbio,es autor de la obra,L'intellettuale ieri e oggi
L'intellettuale ieri e oggi,pertenece al género,Political and social views
L'intellettuale ieri e oggi,pertenece al género,Intellectuals
L'intellettuale ieri e oggi,pertenece al género,Political activity
9788855180177,es un codigo ISBN para el libro,L'esempio di Silvio Trentin
9788855180177,es un codigo ISBN de una edicion publicada por,Firenze University Press
9788855180177,está escrito en,Italiano
Norberto Bobbio,es autor de la obra,L'esempio di Silvio Trentin
L'esempio di Silvio Trentin,pertenece al género,Anti-fascist movements
L'esempio di Silvio Trentin,pertenece al género,History
L'esempio di Silvio Trentin,pertenece al género,Politics and government
9788570017109,es un codigo ISBN para el libro,A era dos direitos
9788570017109,es un codigo ISBN de una edicion publicada por,Campus
9788570017109,está escrito en,Portugués
8570017103,es un codigo ISBN para el libro,A era dos direitos
8570017103,es un codigo ISBN de una edicion publicada por,Campus
8570017103,está escrito en,Portugués
Norberto Bobbio,es autor de la obra,A era dos direitos
A era dos direitos,pertenece al género,Human rights
8474441943,es un codigo ISBN para el libro,Estudios de historia de la filosofía
8474441943,es un codigo ISBN de una edicion publicada por,Editorial Debate
8474441943,está escrito en,Español
Norberto Bobbio,es autor de la obra,Estudios de historia de la filosofía
Estudios de historia de la filosofía,pertenece al género,Law
Estudios de historia de la filosofía,pertenece al género,Philosophy
Estudios de historia de la filosofía,pertenece al género,History
8806127640,es un codigo ISBN para el libro,Il futuro della democrazia
8806127640,es un codigo ISBN de una edicion publicada por,G. Einaudi
8806127640,está escrito en,Italiano
Norberto Bobbio,es autor de la obra,Il futuro della democrazia
Il futuro della democrazia,pertenece al género,Democracy
Il futuro della democrazia,pertenece al género,Liberalism
8870429105,es un codigo ISBN para el libro,La Cultura filosofica italiana dal 1945 al 1988 nelle sue relazioni con altri campi del sapere
8870429105,es un codigo ISBN de una edicion publicada por,Guida
8870429105,está escrito en,Italiano
Norberto Bobbio,es autor de la obra,La Cultura filosofica italiana dal 1945 al 1988 nelle sue relazioni con altri campi del sapere
La Cultura filosofica italiana dal 1945 al 1988 nelle sue relazioni con altri campi del sapere,pertenece al género,Italian Philosophy
La Cultura filosofica italiana dal 1945 al 1988 nelle sue relazioni con altri campi del sapere,pertenece al género,Congresses
9789654931441,es un codigo ISBN para el libro,עתיד הדמוקרטיה
9789654931441,es un codigo ISBN de una edicion publicada por,"Hotsaʼat ha-sefarim ʻa. sh. Y.L. Magnes, ha-Universiṭah ha-ʻIvrit"
9789654931441,es un codigo ISBN de una edicion publicada por,ha-Makhon ha-Yiśraeʼeli le-demoḳraṭyah
9789654931441,está escrito en,heb
9654931443,es un codigo ISBN para el libro,עתיד הדמוקרטיה
9654931443,es un codigo ISBN de una edicion publicada por,"Hotsaʼat ha-sefarim ʻa. sh. Y.L. Magnes, ha-Universiṭah ha-ʻIvrit"
9654931443,es un codigo ISBN de una edicion publicada por,ha-Makhon ha-Yiśraeʼeli le-demoḳraṭyah
9654931443,está escrito en,heb
Norberto Bobbio,es autor de la obra,עתיד הדמוקרטיה
עתיד הדמוקרטיה,pertenece al género,Democracy
עתיד הדמוקרטיה,pertenece al género,Liberalism
9788806209001,es un codigo ISBN para el libro,Democrazia e segreto
9788806209001,es un codigo ISBN de una edicion publicada por,Einaudi
9788806209001,está escrito en,Italiano
Norberto Bobbio,es autor de la obra,Democrazia e segreto
Democrazia e segreto,pertenece al género,Official secrets
Democrazia e segreto,pertenece al género,Democracy
8834825918,es un codigo ISBN para el libro,Studi per una teoria generale del diritto
8834825918,es un codigo ISBN de una edicion publicada por,G. Giappichelli
8834825918,está escrito en,Italiano
9788834825914,es un codigo ISBN para el libro,Studi per una teoria generale del diritto
9788834825914,es un codigo ISBN de una edicion publicada por,G. Giappichelli
9788834825914,está escrito en,Italiano
Norberto Bobbio,es autor de la obra,Studi per una teoria generale del diritto
Studi per una teoria generale del diritto,pertenece al género,Jurisprudence
Studi per una teoria generale del diritto,pertenece al género,Law
Studi per una teoria generale del diritto,pertenece al género,Philosophy
8834888839,es un codigo ISBN para el libro,Diritto e potere
8834888839,es un codigo ISBN de una edicion publicada por,G. Giappichelli
8834888839,está escrito en,Italiano
9788834888834,es un codigo ISBN para el libro,Diritto e potere
9788834888834,es un codigo ISBN de una edicion publicada por,G. Giappichelli
9788834888834,está escrito en,Italiano
Norberto Bobbio,es autor de la obra,Diritto e potere
9788892109452,es un codigo ISBN para el libro,Locke e il diritto naturale
9788892109452,es un codigo ISBN de una edicion publicada por,G. Giappichelli
9788892109452,está escrito en,Italiano
8892109456,es un codigo ISBN para el libro,Locke e il diritto naturale
8892109456,es un codigo ISBN de una edicion publicada por,G. Giappichelli
8892109456,está escrito en,Italiano
Norberto Bobbio,es autor de la obra,Locke e il diritto naturale
Locke e il diritto naturale,pertenece al género,Natural law
2570200113582,es un codigo ISBN para el libro,"Democrazia, maggioranza e minoranze"
2570200113582,es un codigo ISBN de una edicion publicada por,Il Mulino
Norberto Bobbio,es autor de la obra,"Democrazia, maggioranza e minoranze"
8824500560,es un codigo ISBN para el libro,Giusnaturalismo e positivismo giuridico
8824500560,es un codigo ISBN de una edicion publicada por,Edizioni di Comunità
8824500560,está escrito en,Italiano
Norberto Bobbio,es autor de la obra,Giusnaturalismo e positivismo giuridico
Giusnaturalismo e positivismo giuridico,pertenece al género,Natural law
Giusnaturalismo e positivismo giuridico,pertenece al género,Legal positivism
Giusnaturalismo e positivismo giuridico,pertenece al género,Jurisprudence
8824501958,es un codigo ISBN para el libro,Dalla struttura alla funzione
8824501958,es un codigo ISBN de una edicion publicada por,Edizioni di Comunità
8824501958,está escrito en,Italiano
Norberto Bobbio,es autor de la obra,Dalla struttura alla funzione
Dalla struttura alla funzione,pertenece al género,Law
Dalla struttura alla funzione,pertenece al género,Philosophy
Dalla struttura alla funzione,pertenece al género,Sociological jurisprudence
Paolo Buzzi,es de nacionalidad,Italy
8848808786,es un codigo ISBN para el libro,Aeroplani
8848808786,es un codigo ISBN de una edicion publicada por,Lampi di stampa
8848808786,está escrito en,Italiano
9788848808781,es un codigo ISBN para el libro,Aeroplani
9788848808781,es un codigo ISBN de una edicion publicada por,Lampi di stampa
9788848808781,está escrito en,Italiano
Paolo Buzzi,es autor de la obra,Aeroplani
Aeroplani,pertenece al género,Futurism (Literary movement)
9788861581036,es un codigo ISBN para el libro,Cavalcata delle vertigini
9788861581036,es un codigo ISBN de una edicion publicada por,Excelsior 1881
9788861581036,está escrito en,Italiano
886158103X,es un codigo ISBN para el libro,Cavalcata delle vertigini
886158103X,es un codigo ISBN de una edicion publicada por,Excelsior 1881
886158103X,está escrito en,Italiano
Paolo Buzzi,es autor de la obra,Cavalcata delle vertigini
Julius Evola,es de nacionalidad,Italy
089281506X,es un codigo ISBN para el libro,Revolt against the modern world
089281506X,es un codigo ISBN de una edicion publicada por,Inner Traditions International
089281506X,está escrito en,Inglés
Julius Evola,es autor de la obra,Revolt against the modern world
Revolt against the modern world,pertenece al género,Philosophy
Revolt against the modern world,pertenece al género,History
Revolt against the modern world,pertenece al género,Kali (hindu deity)
0892811250,es un codigo ISBN para el libro,Ride the tiger
0892811250,es un codigo ISBN de una edicion publicada por,Inner Traditions
0892811250,está escrito en,Inglés
Julius Evola,es autor de la obra,Ride the tiger
Ride the tiger,pertenece al género,Tradition (Philosophy)
Ride the tiger,pertenece al género,Moral conditions
Ride the tiger,pertenece al género,Values
0892810254,es un codigo ISBN para el libro,Metafisica del sesso
0892810254,es un codigo ISBN de una edicion publicada por,Inner Traditions International
0892810254,está escrito en,Inglés
0892813156,es un codigo ISBN para el libro,Metafisica del sesso
0892813156,es un codigo ISBN de una edicion publicada por,Inner Traditions International
0892813156,está escrito en,Inglés
0856920533,es un codigo ISBN para el libro,Metafisica del sesso
0856920533,es un codigo ISBN de una edicion publicada por,East-West Publications
0856920533,está escrito en,Inglés
Julius Evola,es autor de la obra,Metafisica del sesso
Metafisica del sesso,pertenece al género,Sex
Metafisica del sesso,pertenece al género,Love
Metafisica del sesso,pertenece al género,Sexual ethics
3715700564,es un codigo ISBN para el libro,Rivolta contro il mondo moderno
3715700564,es un codigo ISBN de una edicion publicada por,Ansata-Verlag
3715700564,está escrito en,Alemán
Julius Evola,es autor de la obra,Rivolta contro il mondo moderno
Rivolta contro il mondo moderno,pertenece al género,History
Rivolta contro il mondo moderno,pertenece al género,Philosophy
Rivolta contro il mondo moderno,pertenece al género,Civilization
0892814519,es un codigo ISBN para el libro,The hermetic tradition
0892814519,es un codigo ISBN de una edicion publicada por,Inner Traditions International
0892814519,está escrito en,Inglés
Julius Evola,es autor de la obra,The hermetic tradition
The hermetic tradition,pertenece al género,Symbolism
The hermetic tradition,pertenece al género,Hermetism
9780922915415,es un codigo ISBN para el libro,Meditations on the Peaks
9780922915415,es un codigo ISBN de una edicion publicada por,Feral House
9780922915415,está escrito en,Inglés
0922915415,es un codigo ISBN para el libro,Meditations on the Peaks
0922915415,es un codigo ISBN de una edicion publicada por,Feral House
0922915415,está escrito en,Inglés
0892816570,es un codigo ISBN para el libro,Meditations on the Peaks
0892816570,es un codigo ISBN de una edicion publicada por,Inner Traditions
0892816570,está escrito en,Inglés
Julius Evola,es autor de la obra,Meditations on the Peaks
Meditations on the Peaks,pertenece al género,Miscellanea
Meditations on the Peaks,pertenece al género,Mountaineering
Meditations on the Peaks,pertenece al género,Mountains
0892815531,es un codigo ISBN para el libro,The doctrine of awakening
0892815531,es un codigo ISBN de una edicion publicada por,Inner Traditions
0892815531,está escrito en,Inglés
9780892815531,es un codigo ISBN para el libro,The doctrine of awakening
9780892815531,es un codigo ISBN de una edicion publicada por,Inner Traditions
9780892815531,está escrito en,Inglés
Julius Evola,es autor de la obra,The doctrine of awakening
The doctrine of awakening,pertenece al género,Buddhism
The doctrine of awakening,pertenece al género,Doctrines
The doctrine of awakening,pertenece al género,Spiritual life
0892813687,es un codigo ISBN para el libro,The Yoga of Power
0892813687,es un codigo ISBN de una edicion publicada por,Distributed in the U.S. by American Inter-national Distribution Corp.
0892813687,es un codigo ISBN de una edicion publicada por,Inner Traditions International
0892813687,está escrito en,Inglés
0892813687,es un codigo ISBN de una edicion publicada por,Inner Traditions
9780892813681,es un codigo ISBN para el libro,The Yoga of Power
9780892813681,es un codigo ISBN de una edicion publicada por,Inner Traditions
9780892813681,está escrito en,Inglés
Julius Evola,es autor de la obra,The Yoga of Power
The Yoga of Power,pertenece al género,Tantrism
The Yoga of Power,pertenece al género,Shaktism
The Yoga of Power,pertenece al género,Yoga
3778770438,es un codigo ISBN para el libro,"Magie als Wissenschaft vom Ich, Bd.2, Schritte zur Initiation"
3778770438,es un codigo ISBN de una edicion publicada por,"Ludwig, München"
9783778770436,es un codigo ISBN para el libro,"Magie als Wissenschaft vom Ich, Bd.2, Schritte zur Initiation"
9783778770436,es un codigo ISBN de una edicion publicada por,"Ludwig, München"
Julius Evola,es autor de la obra,"Magie als Wissenschaft vom Ich, Bd.2, Schritte zur Initiation"
0892815736,es un codigo ISBN para el libro,The Mystery of the Grail
0892815736,es un codigo ISBN de una edicion publicada por,Inner Traditions
0892815736,está escrito en,Inglés
9780892815739,es un codigo ISBN para el libro,The Mystery of the Grail
9780892815739,es un codigo ISBN de una edicion publicada por,Inner Traditions
9780892815739,está escrito en,Inglés
Julius Evola,es autor de la obra,The Mystery of the Grail
The Mystery of the Grail,pertenece al género,History and criticism
The Mystery of the Grail,pertenece al género,Legends
The Mystery of the Grail,pertenece al género,Grail
8870490505,es un codigo ISBN para el libro,Simboli della tradizione occidentale
8870490505,es un codigo ISBN de una edicion publicada por,Arktos Oggero Editore
8870490505,está escrito en,Italiano
Julius Evola,es autor de la obra,Simboli della tradizione occidentale
Simboli della tradizione occidentale,pertenece al género,Symbolism
Simboli della tradizione occidentale,pertenece al género,Western Civilization
8827213759,es un codigo ISBN para el libro,L' arco e la clava
8827213759,es un codigo ISBN de una edicion publicada por,Edizioni mediterranee
8827213759,está escrito en,Italiano
Julius Evola,es autor de la obra,L' arco e la clava
9788827211595,es un codigo ISBN para el libro,La tradizione ermetica
9788827211595,es un codigo ISBN de una edicion publicada por,Edizioni mediterranee
9788827211595,está escrito en,Italiano
8827211594,es un codigo ISBN para el libro,La tradizione ermetica
8827211594,es un codigo ISBN de una edicion publicada por,Edizioni mediterranee
8827211594,está escrito en,Italiano
Julius Evola,es autor de la obra,La tradizione ermetica
La tradizione ermetica,pertenece al género,Symbolism
La tradizione ermetica,pertenece al género,Hermetism
La tradizione ermetica,pertenece al género,Alchemy
9781620559789,es un codigo ISBN para el libro,Fall of Spirituality
9781620559789,es un codigo ISBN de una edicion publicada por,"Inner Traditions International, Limited"
9781620559789,está escrito en,Inglés
9781620559772,es un codigo ISBN para el libro,Fall of Spirituality
9781620559772,es un codigo ISBN de una edicion publicada por,Inner Traditions
9781620559772,es un codigo ISBN de una edicion publicada por,"Inner Traditions International, Limited"
9781620559772,está escrito en,Inglés
Julius Evola,es autor de la obra,Fall of Spirituality
Fall of Spirituality,pertenece al género,Psychology
9781620558584,es un codigo ISBN para el libro,Men among the Ruins
9781620558584,es un codigo ISBN de una edicion publicada por,"Inner Traditions International, Limited"
9781620558584,está escrito en,Inglés
Julius Evola,es autor de la obra,Men among the Ruins
Men among the Ruins,pertenece al género,Materialism
Men among the Ruins,pertenece al género,Progress
9781620558515,es un codigo ISBN para el libro,Eros and the Mysteries of Love
9781620558515,es un codigo ISBN de una edicion publicada por,"Inner Traditions International, Limited"
9781620558515,está escrito en,Inglés
Julius Evola,es autor de la obra,Eros and the Mysteries of Love
Eros and the Mysteries of Love,pertenece al género,Love
8827213937,es un codigo ISBN para el libro,Fascismo e Terzo Reich
8827213937,es un codigo ISBN de una edicion publicada por,Edizioni mediterranee
8827213937,está escrito en,Italiano
Julius Evola,es autor de la obra,Fascismo e Terzo Reich
Fascismo e Terzo Reich,pertenece al género,Politics and government
Fascismo e Terzo Reich,pertenece al género,Fascism
Fascismo e Terzo Reich,pertenece al género,National socialism
9788889015711,es un codigo ISBN para el libro,La scuola di mistica fascista
9788889015711,es un codigo ISBN de una edicion publicada por,Controcorrente
9788889015711,está escrito en,Italiano
Julius Evola,es autor de la obra,La scuola di mistica fascista
La scuola di mistica fascista,pertenece al género,Scuola di mistica fascista
La scuola di mistica fascista,pertenece al género,Politics and government
La scuola di mistica fascista,pertenece al género,Fascism
9788497160681,es un codigo ISBN para el libro,Metafísica del sexo
9788497160681,es un codigo ISBN de una edicion publicada por,José J. de Olañeta
Julius Evola,es autor de la obra,Metafísica del sexo
8827211160,es un codigo ISBN para el libro,Cavalcare la tigre
8827211160,es un codigo ISBN de una edicion publicada por,Edizioni mediterranee
8827211160,está escrito en,Italiano
Julius Evola,es autor de la obra,Cavalcare la tigre
Cavalcare la tigre,pertenece al género,Moral conditions
Cavalcare la tigre,pertenece al género,Values
Cavalcare la tigre,pertenece al género,Modern Philosophy
9788894398328,es un codigo ISBN para el libro,Scritti sul '68
9788894398328,es un codigo ISBN de una edicion publicada por,L'Arco e la Corte
9788894398328,está escrito en,Italiano
Julius Evola,es autor de la obra,Scritti sul '68
Scritti sul '68,pertenece al género,"Nineteen sixty-eight, A.D."
Scritti sul '68,pertenece al género,Protest movements
Scritti sul '68,pertenece al género,History
8827210873,es un codigo ISBN para el libro,L'arco e la clava
8827210873,es un codigo ISBN de una edicion publicada por,Edizioni mediterranee
8827210873,está escrito en,Italiano
Julius Evola,es autor de la obra,L'arco e la clava
9788857525563,es un codigo ISBN para el libro,"Il rientro in Italia, 1948-1951"
9788857525563,es un codigo ISBN de una edicion publicada por,Mimesis
9788857525563,está escrito en,Italiano
Julius Evola,es autor de la obra,"Il rientro in Italia, 1948-1951"
"Il rientro in Italia, 1948-1951",pertenece al género,Political and social views
"Il rientro in Italia, 1948-1951",pertenece al género,Philosophy
"Il rientro in Italia, 1948-1951",pertenece al género,Political science
2825101648,es un codigo ISBN para el libro,Révolte contre le monde moderne
2825101648,es un codigo ISBN de una edicion publicada por,L'Age d'Homme
2825101648,está escrito en,Francés
Julius Evola,es autor de la obra,Révolte contre le monde moderne
Révolte contre le monde moderne,pertenece al género,History
Révolte contre le monde moderne,pertenece al género,Philosophy
Révolte contre le monde moderne,pertenece al género,Civilization
9788889015865,es un codigo ISBN para el libro,Lettere a Mircea Eliade
9788889015865,es un codigo ISBN de una edicion publicada por,Controcorrente
9788889015865,está escrito en,Italiano
Julius Evola,es autor de la obra,Lettere a Mircea Eliade
Lettere a Mircea Eliade,pertenece al género,Correspondence
Lettere a Mircea Eliade,pertenece al género,Philosophers
888951549X,es un codigo ISBN para el libro,Il mito del sangue
888951549X,es un codigo ISBN de una edicion publicada por,Edizioni di Ar
888951549X,está escrito en,Italiano
Julius Evola,es autor de la obra,Il mito del sangue
Il mito del sangue,pertenece al género,Racism
9788889015629,es un codigo ISBN para el libro,Anticomunismo positivo
9788889015629,es un codigo ISBN de una edicion publicada por,Controcorrente edizioni
9788889015629,está escrito en,Italiano
8889015624,es un codigo ISBN para el libro,Anticomunismo positivo
8889015624,es un codigo ISBN de una edicion publicada por,Controcorrente edizioni
8889015624,está escrito en,Italiano
Julius Evola,es autor de la obra,Anticomunismo positivo
Anticomunismo positivo,pertenece al género,Communism
9781912079179,es un codigo ISBN para el libro,Recognitions
9781912079179,es un codigo ISBN de una edicion publicada por,Arktos Media Ltd.
9781912079179,está escrito en,Inglés
1912079186,es un codigo ISBN para el libro,Recognitions
1912079186,es un codigo ISBN de una edicion publicada por,Arktos Media Ltd.
1912079186,está escrito en,Inglés
9781912079162,es un codigo ISBN para el libro,Recognitions
9781912079162,es un codigo ISBN de una edicion publicada por,Arktos Media Ltd.
9781912079162,está escrito en,Inglés
9781912079186,es un codigo ISBN para el libro,Recognitions
9781912079186,es un codigo ISBN de una edicion publicada por,Arktos Media Ltd.
9781912079186,está escrito en,Inglés
1912079178,es un codigo ISBN para el libro,Recognitions
1912079178,es un codigo ISBN de una edicion publicada por,Arktos Media Ltd.
1912079178,está escrito en,Inglés
Julius Evola,es autor de la obra,Recognitions
Recognitions,pertenece al género,Italian essays
Recognitions,pertenece al género,Translations into English
9781620558577,es un codigo ISBN para el libro,Introduction to Magic
9781620558577,es un codigo ISBN de una edicion publicada por,"Inner Traditions International, Limited"
9781620558577,está escrito en,Inglés
Julius Evola,es autor de la obra,Introduction to Magic
Introduction to Magic,pertenece al género,Magic
Andrea Camilleri,es de nacionalidad,Italy
9780857052971,es un codigo ISBN para el libro,Judges
9780857052971,es un codigo ISBN de una edicion publicada por,MacLehose Press
0857052977,es un codigo ISBN para el libro,Judges
0857052977,es un codigo ISBN de una edicion publicada por,MacLehose Press
Andrea Camilleri,es autor de la obra,Judges
Judges,pertenece al género,Judges
Judges,pertenece al género,Italian Detective and mystery stories
Judges,pertenece al género,Administration of Justice
9788416212552,es un codigo ISBN para el libro,Tres jueces
9788416212552,es un codigo ISBN de una edicion publicada por,"Marcial Pons Ediciones Jurídicas y Sociales, S.A."
8416212554,es un codigo ISBN para el libro,Tres jueces
8416212554,es un codigo ISBN de una edicion publicada por,"Marcial Pons Ediciones Jurídicas y Sociales, S.A."
Andrea Camilleri,es autor de la obra,Tres jueces
9788429768756,es un codigo ISBN para el libro,Amb l'aigua al coll
9788429768756,es un codigo ISBN de una edicion publicada por,Edicions 62
8429768750,es un codigo ISBN para el libro,Amb l'aigua al coll
8429768750,es un codigo ISBN de una edicion publicada por,Edicions 62
Andrea Camilleri,es autor de la obra,Amb l'aigua al coll
9781623656294,es un codigo ISBN para el libro,Judges
9781623656294,es un codigo ISBN de una edicion publicada por,Quercus NA
9781623656294,está escrito en,Inglés
9781782067870,es un codigo ISBN para el libro,Judges
9781782067870,es un codigo ISBN de una edicion publicada por,Quercus
9781782067870,es un codigo ISBN de una edicion publicada por,Quercus Publishing
9781782067870,está escrito en,Inglés
Judges,pertenece al género,Translations into English
0143121626,es un codigo ISBN para el libro,Montalbano's first case and other stories
0143121626,está escrito en,Inglés
9780143121626,es un codigo ISBN para el libro,Montalbano's first case and other stories
9780143121626,está escrito en,Inglés
Andrea Camilleri,es autor de la obra,Montalbano's first case and other stories
Montalbano's first case and other stories,pertenece al género,Fiction
Montalbano's first case and other stories,pertenece al género,Translations into English
Montalbano's first case and other stories,pertenece al género,Police
9788498388848,es un codigo ISBN para el libro,Perro de Terracota / the Terra-Cotta Dog
9788498388848,es un codigo ISBN de una edicion publicada por,Salamandra
9788498388848,es un codigo ISBN de una edicion publicada por,Salamandra Black
9788498388848,es un codigo ISBN de una edicion publicada por,Salamandra Bolsillo
9788498388848,está escrito en,Español
Andrea Camilleri,es autor de la obra,Perro de Terracota / the Terra-Cotta Dog
9788419107541,es un codigo ISBN para el libro,El cuiner de l'Alcyon
9788419107541,es un codigo ISBN de una edicion publicada por,labutxaca
8419107549,es un codigo ISBN para el libro,El cuiner de l'Alcyon
8419107549,es un codigo ISBN de una edicion publicada por,labutxaca
Andrea Camilleri,es autor de la obra,El cuiner de l'Alcyon
8423362248,es un codigo ISBN para el libro,El rey campesino
8423362248,es un codigo ISBN de una edicion publicada por,Booket
9788423362240,es un codigo ISBN para el libro,El rey campesino
9788423362240,es un codigo ISBN de una edicion publicada por,Booket
Andrea Camilleri,es autor de la obra,El rey campesino
9781529043860,es un codigo ISBN para el libro,Wings of the Sphinx
9781529043860,es un codigo ISBN de una edicion publicada por,Pan Macmillan
9781529043860,está escrito en,Inglés
Andrea Camilleri,es autor de la obra,Wings of the Sphinx
1447266021,es un codigo ISBN para el libro,Nest Of Vipers
1447266021,es un codigo ISBN de una edicion publicada por,PICADOR
9781447266020,es un codigo ISBN para el libro,Nest Of Vipers
9781447266020,es un codigo ISBN de una edicion publicada por,PICADOR
Andrea Camilleri,es autor de la obra,Nest Of Vipers
Nest Of Vipers,pertenece al género,"Fiction, mystery & detective, general"
Nest Of Vipers,pertenece al género,"Sicily (italy), fiction"
9788429772166,es un codigo ISBN para el libro,La intermitència
9788429772166,es un codigo ISBN de una edicion publicada por,Edicions 62
8429772162,es un codigo ISBN para el libro,La intermitència
8429772162,es un codigo ISBN de una edicion publicada por,Edicions 62
Andrea Camilleri,es autor de la obra,La intermitència
9783463406763,es un codigo ISBN para el libro,Die Inschrift
9783463406763,es un codigo ISBN de una edicion publicada por,Kindler Verlag
3463406764,es un codigo ISBN para el libro,Die Inschrift
3463406764,es un codigo ISBN de una edicion publicada por,Kindler Verlag
Andrea Camilleri,es autor de la obra,Die Inschrift
9781785415821,es un codigo ISBN para el libro,The Pyramid Of Mud
9781785415821,es un codigo ISBN de una edicion publicada por,Isis Large Print
1785415824,es un codigo ISBN para el libro,The Pyramid Of Mud
1785415824,es un codigo ISBN de una edicion publicada por,Isis Large Print
Andrea Camilleri,es autor de la obra,The Pyramid Of Mud
842333760X,es un codigo ISBN para el libro,La temporada de caza
842333760X,es un codigo ISBN de una edicion publicada por,Booket
9788423337606,es un codigo ISBN para el libro,La temporada de caza
9788423337606,es un codigo ISBN de una edicion publicada por,Booket
Andrea Camilleri,es autor de la obra,La temporada de caza
9788498388404,es un codigo ISBN para el libro,La pirámide de fango
9788498388404,es un codigo ISBN de una edicion publicada por,Salamandra
Andrea Camilleri,es autor de la obra,La pirámide de fango
9788498384734,es un codigo ISBN para el libro,mes con Moltalbano (Salvo Montalbano 5)
9788498384734,es un codigo ISBN de una edicion publicada por,"Publicaciones y Ediciones Salamandra, S.A."
9788498384734,está escrito en,Español
Andrea Camilleri,es autor de la obra,mes con Moltalbano (Salvo Montalbano 5)
9781529043808,es un codigo ISBN para el libro,Rounding the Mark
9781529043808,es un codigo ISBN de una edicion publicada por,Pan Macmillan
9781529043808,está escrito en,Inglés
Andrea Camilleri,es autor de la obra,Rounding the Mark
8498246512,es un codigo ISBN para el libro,La triple vida de Michele Sparacino
8498246512,es un codigo ISBN de una edicion publicada por,"Edicions Bromera, S.L."
9788498246513,es un codigo ISBN para el libro,La triple vida de Michele Sparacino
9788498246513,es un codigo ISBN de una edicion publicada por,"Edicions Bromera, S.L."
Andrea Camilleri,es autor de la obra,La triple vida de Michele Sparacino
3499257599,es un codigo ISBN para el libro,Aussetzer
3499257599,es un codigo ISBN de una edicion publicada por,Rowohlt Taschenbuch
9783499257599,es un codigo ISBN para el libro,Aussetzer
9783499257599,es un codigo ISBN de una edicion publicada por,Rowohlt Taschenbuch
Andrea Camilleri,es autor de la obra,Aussetzer
9780330457279,es un codigo ISBN para el libro,The Paper Moon
9780330457279,es un codigo ISBN de una edicion publicada por,Macmillan
9780330457279,es un codigo ISBN de una edicion publicada por,PICADOR
0330457276,es un codigo ISBN para el libro,The Paper Moon
0330457276,es un codigo ISBN de una edicion publicada por,Macmillan
0330457276,es un codigo ISBN de una edicion publicada por,PICADOR
Andrea Camilleri,es autor de la obra,The Paper Moon
9781529073300,es un codigo ISBN para el libro,Riccardino
9781529073300,es un codigo ISBN de una edicion publicada por,Mantle
1529073308,es un codigo ISBN para el libro,Riccardino
1529073308,es un codigo ISBN de una edicion publicada por,Mantle
1638081174,es un codigo ISBN para el libro,Riccardino
1638081174,es un codigo ISBN de una edicion publicada por,Center Point Pub
9781638081173,es un codigo ISBN para el libro,Riccardino
9781638081173,es un codigo ISBN de una edicion publicada por,Center Point Pub
9780143136798,es un codigo ISBN para el libro,Riccardino
9780143136798,es un codigo ISBN de una edicion publicada por,Penguin Publishing Group
9780143136798,está escrito en,Inglés
Andrea Camilleri,es autor de la obra,Riccardino
Riccardino,pertenece al género,Romance literature
Riccardino,pertenece al género,Murder
Riccardino,pertenece al género,Investigation
9781447266013,es un codigo ISBN para el libro,A Nest of Vipers [Paperback] ANDREA CAMILLERI
9781447266013,es un codigo ISBN de una edicion publicada por,Pan Macmillan UK
1447266013,es un codigo ISBN para el libro,A Nest of Vipers [Paperback] ANDREA CAMILLERI
1447266013,es un codigo ISBN de una edicion publicada por,Pan Macmillan UK
Andrea Camilleri,es autor de la obra,A Nest of Vipers [Paperback] ANDREA CAMILLERI
9788498386844,es un codigo ISBN para el libro,voz del violín (Salvo Montalbano 4)
9788498386844,es un codigo ISBN de una edicion publicada por,"Publicaciones y Ediciones Salamandra, S.A."
9788498386844,está escrito en,Español
Andrea Camilleri,es autor de la obra,voz del violín (Salvo Montalbano 4)
3596193664,es un codigo ISBN para el libro,Das launische Eiland
3596193664,es un codigo ISBN de una edicion publicada por,FISCHER Taschenbuch
9783596193660,es un codigo ISBN para el libro,Das launische Eiland
9783596193660,es un codigo ISBN de una edicion publicada por,FISCHER Taschenbuch
Andrea Camilleri,es autor de la obra,Das launische Eiland
9780143136187,es un codigo ISBN para el libro,The Cook of the Halcyon
9780143136187,es un codigo ISBN de una edicion publicada por,Penguin Books
0143136186,es un codigo ISBN para el libro,The Cook of the Halcyon
0143136186,es un codigo ISBN de una edicion publicada por,Penguin Books
1643589806,es un codigo ISBN para el libro,The Cook of the Halcyon
1643589806,es un codigo ISBN de una edicion publicada por,Premier Mystery Series
9781643589800,es un codigo ISBN para el libro,The Cook of the Halcyon
9781643589800,es un codigo ISBN de una edicion publicada por,Premier Mystery Series
Andrea Camilleri,es autor de la obra,The Cook of the Halcyon
The Cook of the Halcyon,pertenece al género,drug smuggling
The Cook of the Halcyon,pertenece al género,mystery
The Cook of the Halcyon,pertenece al género,vice
8498384346,es un codigo ISBN para el libro,La voz del violín
8498384346,es un codigo ISBN de una edicion publicada por,Salamandra Bolsillo
9788498384345,es un codigo ISBN para el libro,La voz del violín
9788498384345,es un codigo ISBN de una edicion publicada por,Salamandra Bolsillo
Andrea Camilleri,es autor de la obra,La voz del violín
9781529042023,es un codigo ISBN para el libro,Shape of Water
9781529042023,es un codigo ISBN de una edicion publicada por,Pan Macmillan
9781529042023,está escrito en,Inglés
9781509850372,es un codigo ISBN para el libro,Shape of Water
9781509850372,es un codigo ISBN de una edicion publicada por,Pan Macmillan
9781509850372,está escrito en,Inglés
Andrea Camilleri,es autor de la obra,Shape of Water
Shape of Water,pertenece al género,"Fiction, mystery & detective, police procedural"
Shape of Water,pertenece al género,"Fiction, crime"
Shape of Water,pertenece al género,"Sicily (italy), fiction"
9780330447249,es un codigo ISBN para el libro,The Scent of the Night
9780330447249,es un codigo ISBN de una edicion publicada por,Picador
0330447246,es un codigo ISBN para el libro,The Scent of the Night
0330447246,es un codigo ISBN de una edicion publicada por,Picador
Andrea Camilleri,es autor de la obra,The Scent of the Night
3492048838,es un codigo ISBN para el libro,Der Märtyrer im schwarzen Hemd
3492048838,es un codigo ISBN de una edicion publicada por,Piper Verlag GmbH
9783492048835,es un codigo ISBN para el libro,Der Märtyrer im schwarzen Hemd
9783492048835,es un codigo ISBN de una edicion publicada por,Piper Verlag GmbH
Andrea Camilleri,es autor de la obra,Der Märtyrer im schwarzen Hemd
9788429759556,es un codigo ISBN para el libro,Sense títol
9788429759556,es un codigo ISBN de una edicion publicada por,Edicions 62
8429759557,es un codigo ISBN para el libro,Sense títol
8429759557,es un codigo ISBN de una edicion publicada por,Edicions 62
Andrea Camilleri,es autor de la obra,Sense títol
3404920481,es un codigo ISBN para el libro,La forma dell'acqua
3404920481,es un codigo ISBN de una edicion publicada por,BLT
3404920481,está escrito en,Alemán
078616736X,es un codigo ISBN para el libro,La forma dell'acqua
078616736X,es un codigo ISBN de una edicion publicada por,Blackstone Audio Inc.
078616736X,está escrito en,Inglés
9780786167364,es un codigo ISBN para el libro,La forma dell'acqua
9780786167364,es un codigo ISBN de una edicion publicada por,Blackstone Audio Inc.
9780786167364,está escrito en,Inglés
9780786146703,es un codigo ISBN para el libro,La forma dell'acqua
9780786146703,es un codigo ISBN de una edicion publicada por,Blackstone Audio Inc.
9780786146703,está escrito en,Inglés
0786146702,es un codigo ISBN para el libro,La forma dell'acqua
0786146702,es un codigo ISBN de una edicion publicada por,Blackstone Audio Inc.
0786146702,está escrito en,Inglés
0754098729,es un codigo ISBN para el libro,La forma dell'acqua
0754098729,es un codigo ISBN de una edicion publicada por,Chivers
0754098729,es un codigo ISBN de una edicion publicada por,Wheeler Pub.
0754098729,está escrito en,Inglés
0754098737,es un codigo ISBN para el libro,La forma dell'acqua
0754098737,es un codigo ISBN de una edicion publicada por,Chivers
0754098737,es un codigo ISBN de una edicion publicada por,Wheeler Pub.
0754098737,está escrito en,Inglés
1587246325,es un codigo ISBN para el libro,La forma dell'acqua
1587246325,es un codigo ISBN de una edicion publicada por,Chivers
1587246325,es un codigo ISBN de una edicion publicada por,Wheeler Pub.
1587246325,está escrito en,Inglés
0142002399,es un codigo ISBN para el libro,La forma dell'acqua
0142002399,es un codigo ISBN de una edicion publicada por,Penguin
0142002399,está escrito en,Inglés
9780142004715,es un codigo ISBN para el libro,La forma dell'acqua
9780142004715,es un codigo ISBN de una edicion publicada por,Penguin (Non-Classics)
9780142004715,está escrito en,Inglés
0142004715,es un codigo ISBN para el libro,La forma dell'acqua
0142004715,es un codigo ISBN de una edicion publicada por,Penguin (Non-Classics)
0142004715,está escrito en,Inglés
9780786174010,es un codigo ISBN para el libro,La forma dell'acqua
9780786174010,es un codigo ISBN de una edicion publicada por,Blackstone Audiobooks
9780786174010,está escrito en,Inglés
0786174013,es un codigo ISBN para el libro,La forma dell'acqua
0786174013,es un codigo ISBN de una edicion publicada por,Blackstone Audiobooks
0786174013,está escrito en,Inglés
0330492861,es un codigo ISBN para el libro,La forma dell'acqua
0330492861,es un codigo ISBN de una edicion publicada por,Pan MacMillan
0330492861,es un codigo ISBN de una edicion publicada por,Picador
0330492861,está escrito en,Inglés
0670030929,es un codigo ISBN para el libro,La forma dell'acqua
0670030929,es un codigo ISBN de una edicion publicada por,Viking
0670030929,está escrito en,Inglés
9795941452629,es un codigo ISBN para el libro,La forma dell'acqua
9795941452629,es un codigo ISBN de una edicion publicada por,"""Inostranka"""
9795941452629,es un codigo ISBN de una edicion publicada por,Inostranka
9795941452629,está escrito en,rus
5941452616,es un codigo ISBN para el libro,La forma dell'acqua
5941452616,es un codigo ISBN de una edicion publicada por,"""Inostranka"""
5941452616,es un codigo ISBN de una edicion publicada por,Inostranka
5941452616,está escrito en,rus
9785941452613,es un codigo ISBN para el libro,La forma dell'acqua
9785941452613,es un codigo ISBN de una edicion publicada por,"""Inostranka"""
9785941452613,es un codigo ISBN de una edicion publicada por,Inostranka
9785941452613,está escrito en,rus
Andrea Camilleri,es autor de la obra,La forma dell'acqua
La forma dell'acqua,pertenece al género,Detective and mystery stories
La forma dell'acqua,pertenece al género,Police
La forma dell'acqua,pertenece al género,Fiction
3404920651,es un codigo ISBN para el libro,Cane di terracotta
3404920651,es un codigo ISBN de una edicion publicada por,BLT
3404920651,está escrito en,Alemán
9781436271981,es un codigo ISBN para el libro,Cane di terracotta
9781436271981,es un codigo ISBN de una edicion publicada por,"Penguin Group USA, Inc."
9781436271981,está escrito en,Inglés
9781436276870,es un codigo ISBN para el libro,Cane di terracotta
9781436276870,es un codigo ISBN de una edicion publicada por,"Penguin Group USA, Inc."
9781436276870,está escrito en,Inglés
9781440623387,es un codigo ISBN para el libro,Cane di terracotta
9781440623387,es un codigo ISBN de una edicion publicada por,"Penguin Group USA, Inc."
9781440623387,está escrito en,Inglés
033049290X,es un codigo ISBN para el libro,Cane di terracotta
033049290X,es un codigo ISBN de una edicion publicada por,Picador
033049290X,está escrito en,Inglés
9780330492904,es un codigo ISBN para el libro,Cane di terracotta
9780330492904,es un codigo ISBN de una edicion publicada por,Picador
9780330492904,está escrito en,Inglés
9780330492911,es un codigo ISBN para el libro,Cane di terracotta
9780330492911,es un codigo ISBN de una edicion publicada por,Picador
0330492918,es un codigo ISBN para el libro,Cane di terracotta
0330492918,es un codigo ISBN de una edicion publicada por,Picador
9780786169948,es un codigo ISBN para el libro,Cane di terracotta
9780786169948,es un codigo ISBN de una edicion publicada por,"Blackstone Audio, Inc."
9780786169948,es un codigo ISBN de una edicion publicada por,Blackstone Audiobooks
9780786169948,es un codigo ISBN de una edicion publicada por,Blackstone Publishing
9780786169948,está escrito en,Inglés
078616994X,es un codigo ISBN para el libro,Cane di terracotta
078616994X,es un codigo ISBN de una edicion publicada por,"Blackstone Audio, Inc."
078616994X,es un codigo ISBN de una edicion publicada por,Blackstone Audiobooks
078616994X,es un codigo ISBN de una edicion publicada por,Blackstone Publishing
078616994X,está escrito en,Inglés
0142002631,es un codigo ISBN para el libro,Cane di terracotta
0142002631,es un codigo ISBN de una edicion publicada por,Penguin (Non-Classics)
0142002631,está escrito en,Inglés
9780142002636,es un codigo ISBN para el libro,Cane di terracotta
9780142002636,es un codigo ISBN de una edicion publicada por,Penguin (Non-Classics)
9780142002636,está escrito en,Inglés
1587246333,es un codigo ISBN para el libro,Cane di terracotta
1587246333,es un codigo ISBN de una edicion publicada por,Wheeler Publishing
1587246333,está escrito en,Inglés
9781587246333,es un codigo ISBN para el libro,Cane di terracotta
9781587246333,es un codigo ISBN de una edicion publicada por,Wheeler Publishing
9781587246333,está escrito en,Inglés
9780786145942,es un codigo ISBN para el libro,Cane di terracotta
9780786145942,es un codigo ISBN de una edicion publicada por,Blackstone Audiobooks
9780786145942,está escrito en,Inglés
0786145943,es un codigo ISBN para el libro,Cane di terracotta
0786145943,es un codigo ISBN de una edicion publicada por,Blackstone Audiobooks
0786145943,está escrito en,Inglés
0670031380,es un codigo ISBN para el libro,Cane di terracotta
0670031380,es un codigo ISBN de una edicion publicada por,Viking
0670031380,está escrito en,Inglés
9780786175109,es un codigo ISBN para el libro,Cane di terracotta
9780786175109,es un codigo ISBN de una edicion publicada por,Blackstone Audiobooks
9780786175109,está escrito en,Inglés
0786175109,es un codigo ISBN para el libro,Cane di terracotta
0786175109,es un codigo ISBN de una edicion publicada por,Blackstone Audiobooks
0786175109,está escrito en,Inglés
0142002631,es un codigo ISBN de una edicion publicada por,Penguin Books
9780142004722,es un codigo ISBN para el libro,Cane di terracotta
9780142004722,es un codigo ISBN de una edicion publicada por,Penguin (Non-Classics)
9780142004722,está escrito en,Inglés
0142004723,es un codigo ISBN para el libro,Cane di terracotta
0142004723,es un codigo ISBN de una edicion publicada por,Penguin (Non-Classics)
0142004723,está escrito en,Inglés
0142004723,es un codigo ISBN de una edicion publicada por,Penguin Books
9780142002636,es un codigo ISBN de una edicion publicada por,Penguin Books
Andrea Camilleri,es autor de la obra,Cane di terracotta
Cane di terracotta,pertenece al género,Detective and mystery stories
Cane di terracotta,pertenece al género,Police
Cane di terracotta,pertenece al género,Fiction
9780143034605,es un codigo ISBN para el libro,Excursion to Tindari
9780143034605,es un codigo ISBN de una edicion publicada por,Penguin (Non-Classics)
9780143034605,está escrito en,Inglés
014303460X,es un codigo ISBN para el libro,Excursion to Tindari
014303460X,es un codigo ISBN de una edicion publicada por,Penguin (Non-Classics)
014303460X,está escrito en,Inglés
9781101126820,es un codigo ISBN para el libro,Excursion to Tindari
9781101126820,es un codigo ISBN de una edicion publicada por,"Penguin USA, Inc."
9781101126820,está escrito en,Inglés
9781101120989,es un codigo ISBN para el libro,Excursion to Tindari
9781101120989,es un codigo ISBN de una edicion publicada por,"Penguin USA, Inc."
9781101120989,está escrito en,Inglés
9781101125366,es un codigo ISBN para el libro,Excursion to Tindari
9781101125366,es un codigo ISBN de una edicion publicada por,"Penguin USA, Inc."
9781101125366,está escrito en,Inglés
014303460X,es un codigo ISBN de una edicion publicada por,Penguin Books
9781597220408,es un codigo ISBN para el libro,Excursion to Tindari
9781597220408,es un codigo ISBN de una edicion publicada por,Wheeler Publishing
9781597220408,está escrito en,Inglés
159722040X,es un codigo ISBN para el libro,Excursion to Tindari
159722040X,es un codigo ISBN de una edicion publicada por,Wheeler Publishing
159722040X,está escrito en,Inglés
9780330493031,es un codigo ISBN para el libro,Excursion to Tindari
9780330493031,es un codigo ISBN de una edicion publicada por,PICADOR (MACM)
0330493035,es un codigo ISBN para el libro,Excursion to Tindari
0330493035,es un codigo ISBN de una edicion publicada por,PICADOR (MACM)
Andrea Camilleri,es autor de la obra,Excursion to Tindari
Excursion to Tindari,pertenece al género,Fiction
Excursion to Tindari,pertenece al género,Suspense
Excursion to Tindari,pertenece al género,Mafia
9781436276887,es un codigo ISBN para el libro,Ladro di merendine
9781436276887,es un codigo ISBN de una edicion publicada por,"Penguin Group USA, Inc."
9781436276887,está escrito en,Inglés
9781436271998,es un codigo ISBN para el libro,Ladro di merendine
9781436271998,es un codigo ISBN de una edicion publicada por,"Penguin Group USA, Inc."
9781436271998,está escrito en,Inglés
9781440623349,es un codigo ISBN para el libro,Ladro di merendine
9781440623349,es un codigo ISBN de una edicion publicada por,"Penguin Group USA, Inc."
9781440623349,está escrito en,Inglés
9780670032235,es un codigo ISBN para el libro,Ladro di merendine
9780670032235,es un codigo ISBN de una edicion publicada por,Viking Adult
9780670032235,está escrito en,Inglés
0670032239,es un codigo ISBN para el libro,Ladro di merendine
0670032239,es un codigo ISBN de una edicion publicada por,Viking Adult
0670032239,está escrito en,Inglés
9780142004739,es un codigo ISBN para el libro,Ladro di merendine
9780142004739,es un codigo ISBN de una edicion publicada por,Penguin (Non-Classics)
9780142004739,está escrito en,Inglés
0142004731,es un codigo ISBN para el libro,Ladro di merendine
0142004731,es un codigo ISBN de una edicion publicada por,Penguin (Non-Classics)
0142004731,está escrito en,Inglés
9780142003497,es un codigo ISBN para el libro,Ladro di merendine
9780142003497,es un codigo ISBN de una edicion publicada por,Penguin (Non-Classics)
9780142003497,está escrito en,Inglés
0142003492,es un codigo ISBN para el libro,Ladro di merendine
0142003492,es un codigo ISBN de una edicion publicada por,Penguin (Non-Classics)
0142003492,está escrito en,Inglés
1846482011,es un codigo ISBN para el libro,Ladro di merendine
1846482011,es un codigo ISBN de una edicion publicada por,Oakhill Publishing Limited
1433202123,es un codigo ISBN para el libro,Ladro di merendine
1433202123,es un codigo ISBN de una edicion publicada por,Blackstone Audio Inc.
1433202123,está escrito en,Inglés
9781433202124,es un codigo ISBN para el libro,Ladro di merendine
9781433202124,es un codigo ISBN de una edicion publicada por,Blackstone Audio Inc.
9781433202124,está escrito en,Inglés
1405630825,es un codigo ISBN para el libro,Ladro di merendine
1405630825,es un codigo ISBN de una edicion publicada por,Chivers
1405630825,es un codigo ISBN de una edicion publicada por,Thorndike
1405630825,está escrito en,Inglés
1405630817,es un codigo ISBN para el libro,Ladro di merendine
1405630817,es un codigo ISBN de una edicion publicada por,Chivers
1405630817,es un codigo ISBN de una edicion publicada por,Thorndike
1405630817,está escrito en,Inglés
1587246341,es un codigo ISBN para el libro,Ladro di merendine
1587246341,es un codigo ISBN de una edicion publicada por,Chivers
1587246341,es un codigo ISBN de una edicion publicada por,Thorndike
1587246341,está escrito en,Inglés
9781433202131,es un codigo ISBN para el libro,Ladro di merendine
9781433202131,es un codigo ISBN de una edicion publicada por,Blackstone Audio Inc.
9781433202131,está escrito en,Inglés
1433202131,es un codigo ISBN para el libro,Ladro di merendine
1433202131,es un codigo ISBN de una edicion publicada por,Blackstone Audio Inc.
1433202131,está escrito en,Inglés
9781433202148,es un codigo ISBN para el libro,Ladro di merendine
9781433202148,es un codigo ISBN de una edicion publicada por,Blackstone Audio Inc.
9781433202148,está escrito en,Inglés
143320214X,es un codigo ISBN para el libro,Ladro di merendine
143320214X,es un codigo ISBN de una edicion publicada por,Blackstone Audio Inc.
143320214X,está escrito en,Inglés
9780142003497,es un codigo ISBN de una edicion publicada por,Penguin
0142003492,es un codigo ISBN de una edicion publicada por,Penguin
Andrea Camilleri,es autor de la obra,Ladro di merendine
Ladro di merendine,pertenece al género,Police
Ladro di merendine,pertenece al género,Fiction
Ladro di merendine,pertenece al género,Suspense
9788804486831,es un codigo ISBN para el libro,Gli arancini di Montalbano
9788804486831,es un codigo ISBN de una edicion publicada por,Mondadori
9788804486831,está escrito en,Italiano
880448683X,es un codigo ISBN para el libro,Gli arancini di Montalbano
880448683X,es un codigo ISBN de una edicion publicada por,Mondadori
880448683X,está escrito en,Italiano
8804469722,es un codigo ISBN para el libro,Gli arancini di Montalbano
8804469722,es un codigo ISBN de una edicion publicada por,Mondadori
8804469722,está escrito en,Italiano
Andrea Camilleri,es autor de la obra,Gli arancini di Montalbano
0670031437,es un codigo ISBN para el libro,Voice of the Violin
0670031437,es un codigo ISBN de una edicion publicada por,Viking
0670031437,está escrito en,Inglés
9781440675300,es un codigo ISBN para el libro,Voice of the Violin
9781440675300,es un codigo ISBN de una edicion publicada por,"Penguin USA, Inc."
9781440675300,está escrito en,Inglés
9781440677281,es un codigo ISBN para el libro,Voice of the Violin
9781440677281,es un codigo ISBN de una edicion publicada por,"Penguin USA, Inc."
9781440677281,está escrito en,Inglés
9781440677946,es un codigo ISBN para el libro,Voice of the Violin
9781440677946,es un codigo ISBN de una edicion publicada por,"Penguin USA, Inc."
9781440677946,está escrito en,Inglés
0330492993,es un codigo ISBN para el libro,Voice of the Violin
0330492993,es un codigo ISBN de una edicion publicada por,PICADOR (MACM)
9780330492997,es un codigo ISBN para el libro,Voice of the Violin
9780330492997,es un codigo ISBN de una edicion publicada por,PICADOR (MACM)
9780142004456,es un codigo ISBN para el libro,Voice of the Violin
9780142004456,es un codigo ISBN de una edicion publicada por,Penguin (Non-Classics)
9780142004456,está escrito en,Inglés
0142004456,es un codigo ISBN para el libro,Voice of the Violin
0142004456,es un codigo ISBN de una edicion publicada por,Penguin (Non-Classics)
0142004456,está escrito en,Inglés
Andrea Camilleri,es autor de la obra,Voice of the Violin
Voice of the Violin,pertenece al género,Mystery
Voice of the Violin,pertenece al género,Detective and mystery stories
Voice of the Violin,pertenece al género,Fiction
9780143112037,es un codigo ISBN para el libro,The Patience of the Spider
9780143112037,es un codigo ISBN de una edicion publicada por,Penguin (Non-Classics)
0143112031,es un codigo ISBN para el libro,The Patience of the Spider
0143112031,es un codigo ISBN de una edicion publicada por,Penguin (Non-Classics)
9780143112037,es un codigo ISBN de una edicion publicada por,Penguin Books
9780143112037,está escrito en,Inglés
0143112031,es un codigo ISBN de una edicion publicada por,Penguin Books
0143112031,está escrito en,Inglés
9781429529952,es un codigo ISBN para el libro,The Patience of the Spider
9781429529952,es un codigo ISBN de una edicion publicada por,"Penguin Group USA, Inc."
9781429529952,está escrito en,Inglés
9781429529921,es un codigo ISBN para el libro,The Patience of the Spider
9781429529921,es un codigo ISBN de una edicion publicada por,"Penguin Group USA, Inc."
9781429529921,está escrito en,Inglés
9781597226127,es un codigo ISBN para el libro,The Patience of the Spider
9781597226127,es un codigo ISBN de una edicion publicada por,Wheeler Pub Inc
9781597226127,es un codigo ISBN de una edicion publicada por,Wheeler Publishing
9781597226127,está escrito en,Inglés
1597226122,es un codigo ISBN para el libro,The Patience of the Spider
1597226122,es un codigo ISBN de una edicion publicada por,Wheeler Pub Inc
1597226122,es un codigo ISBN de una edicion publicada por,Wheeler Publishing
1597226122,está escrito en,Inglés
Andrea Camilleri,es autor de la obra,The Patience of the Spider
The Patience of the Spider,pertenece al género,Fiction
The Patience of the Spider,pertenece al género,Salvo Montalbano (Fictitious character)
The Patience of the Spider,pertenece al género,Mystery
8838910170,es un codigo ISBN para el libro,La forma dell'acqua
8838910170,es un codigo ISBN de una edicion publicada por,Sellerio
8838910170,está escrito en,Italiano
La forma dell'acqua,pertenece al género,Detectives
La forma dell'acqua,pertenece al género,Salvo Montalbano (Fictitious character)
9780143116608,es un codigo ISBN para el libro,Ali della sfinge
9780143116608,es un codigo ISBN de una edicion publicada por,Penguin Books
9780143116608,está escrito en,Inglés
9781101159620,es un codigo ISBN para el libro,Ali della sfinge
9781101159620,es un codigo ISBN de una edicion publicada por,"Penguin USA, Inc."
9781101159620,está escrito en,Inglés
9781101159163,es un codigo ISBN para el libro,Ali della sfinge
9781101159163,es un codigo ISBN de una edicion publicada por,"Penguin USA, Inc."
9781101159163,está escrito en,Inglés
9781410425843,es un codigo ISBN para el libro,Ali della sfinge
9781410425843,es un codigo ISBN de una edicion publicada por,Kennebec Large Print
9781410425843,está escrito en,Inglés
1410425843,es un codigo ISBN para el libro,Ali della sfinge
1410425843,es un codigo ISBN de una edicion publicada por,Kennebec Large Print
1410425843,está escrito en,Inglés
Andrea Camilleri,es autor de la obra,Ali della sfinge
Ali della sfinge,pertenece al género,Fiction
Ali della sfinge,pertenece al género,Police
Ali della sfinge,pertenece al género,Catholic Church
1447235096,es un codigo ISBN para el libro,The Shape of Water
1447235096,es un codigo ISBN de una edicion publicada por,Macmillan
9781447235095,es un codigo ISBN para el libro,The Shape of Water
9781447235095,es un codigo ISBN de una edicion publicada por,Macmillan
9781470824754,es un codigo ISBN para el libro,The Shape of Water
9781470824754,es un codigo ISBN de una edicion publicada por,"Blackstone Audio, Inc."
1470824752,es un codigo ISBN para el libro,The Shape of Water
1470824752,es un codigo ISBN de una edicion publicada por,"Blackstone Audio, Inc."
Andrea Camilleri,es autor de la obra,The Shape of Water
9780143113003,es un codigo ISBN para el libro,The Paper Moon
9780143113003,es un codigo ISBN de una edicion publicada por,Penguin (Non-Classics)
9780143113003,es un codigo ISBN de una edicion publicada por,Penguin Books
9780143113003,está escrito en,Inglés
0143113003,es un codigo ISBN para el libro,The Paper Moon
0143113003,es un codigo ISBN de una edicion publicada por,Penguin (Non-Classics)
0143113003,es un codigo ISBN de una edicion publicada por,Penguin Books
0143113003,está escrito en,Inglés
9781436207867,es un codigo ISBN para el libro,The Paper Moon
9781436207867,es un codigo ISBN de una edicion publicada por,"Penguin Group USA, Inc."
9781436207867,está escrito en,Inglés
9781436207836,es un codigo ISBN para el libro,The Paper Moon
9781436207836,es un codigo ISBN de una edicion publicada por,"Penguin Group USA, Inc."
9781436207836,está escrito en,Inglés
9781597228091,es un codigo ISBN para el libro,The Paper Moon
9781597228091,es un codigo ISBN de una edicion publicada por,Wheeler Pub.
9781597228091,está escrito en,Inglés
1597228095,es un codigo ISBN para el libro,The Paper Moon
1597228095,es un codigo ISBN de una edicion publicada por,Wheeler Pub.
1597228095,está escrito en,Inglés
The Paper Moon,pertenece al género,Fiction
The Paper Moon,pertenece al género,Police
The Paper Moon,pertenece al género,Mystery
0786175427,es un codigo ISBN para el libro,The Smell of the Night
0786175427,es un codigo ISBN de una edicion publicada por,Blackstone Audiobooks
0786175427,está escrito en,Inglés
9780786175420,es un codigo ISBN para el libro,The Smell of the Night
9780786175420,es un codigo ISBN de una edicion publicada por,Blackstone Audiobooks
9780786175420,está escrito en,Inglés
9780786177424,es un codigo ISBN para el libro,The Smell of the Night
9780786177424,es un codigo ISBN de una edicion publicada por,Blackstone Audiobooks
9780786177424,está escrito en,Inglés
078617742X,es un codigo ISBN para el libro,The Smell of the Night
078617742X,es un codigo ISBN de una edicion publicada por,Blackstone Audiobooks
078617742X,está escrito en,Inglés
0786137835,es un codigo ISBN para el libro,The Smell of the Night
0786137835,es un codigo ISBN de una edicion publicada por,Blackstone Audiobooks
0786137835,está escrito en,Inglés
9780786137831,es un codigo ISBN para el libro,The Smell of the Night
9780786137831,es un codigo ISBN de una edicion publicada por,Blackstone Audiobooks
9780786137831,está escrito en,Inglés
0786136537,es un codigo ISBN para el libro,The Smell of the Night
0786136537,es un codigo ISBN de una edicion publicada por,Blackstone Audiobooks
0786136537,está escrito en,Inglés
9780786136537,es un codigo ISBN para el libro,The Smell of the Night
9780786136537,es un codigo ISBN de una edicion publicada por,Blackstone Audiobooks
9780786136537,está escrito en,Inglés
9781101004913,es un codigo ISBN para el libro,The Smell of the Night
9781101004913,es un codigo ISBN de una edicion publicada por,"Penguin USA, Inc."
9781101004913,está escrito en,Inglés
9781101006719,es un codigo ISBN para el libro,The Smell of the Night
9781101006719,es un codigo ISBN de una edicion publicada por,"Penguin USA, Inc."
9781101006719,está escrito en,Inglés
9781101007310,es un codigo ISBN para el libro,The Smell of the Night
9781101007310,es un codigo ISBN de una edicion publicada por,"Penguin USA, Inc."
9781101007310,está escrito en,Inglés
1597222283,es un codigo ISBN para el libro,The Smell of the Night
1597222283,es un codigo ISBN de una edicion publicada por,Wheeler Publishing
1597222283,está escrito en,Inglés
9781597222280,es un codigo ISBN para el libro,The Smell of the Night
9781597222280,es un codigo ISBN de una edicion publicada por,Wheeler Publishing
9781597222280,está escrito en,Inglés
0786179686,es un codigo ISBN para el libro,The Smell of the Night
0786179686,es un codigo ISBN de una edicion publicada por,Blackstone Audiobooks
0786179686,está escrito en,Inglés
9780786179688,es un codigo ISBN para el libro,The Smell of the Night
9780786179688,es un codigo ISBN de una edicion publicada por,Blackstone Audiobooks
9780786179688,está escrito en,Inglés
Andrea Camilleri,es autor de la obra,The Smell of the Night
The Smell of the Night,pertenece al género,Large type books
9780330492973,es un codigo ISBN para el libro,The Snack Thief
9780330492973,es un codigo ISBN de una edicion publicada por,Pan Macmillan
Andrea Camilleri,es autor de la obra,The Snack Thief
The Snack Thief,pertenece al género,police fiction
The Snack Thief,pertenece al género,investigative reporting
The Snack Thief,pertenece al género,offical corruption
9780330526289,es un codigo ISBN para el libro,The Terra-Cotta Dog
9780330526289,es un codigo ISBN de una edicion publicada por,Pan MacMillan
0330526286,es un codigo ISBN para el libro,The Terra-Cotta Dog
0330526286,es un codigo ISBN de una edicion publicada por,Pan MacMillan
9781447235088,es un codigo ISBN para el libro,The Terra-Cotta Dog
9781447235088,es un codigo ISBN de una edicion publicada por,Macmillan
1447235088,es un codigo ISBN para el libro,The Terra-Cotta Dog
1447235088,es un codigo ISBN de una edicion publicada por,Macmillan
9781470824778,es un codigo ISBN para el libro,The Terra-Cotta Dog
9781470824778,es un codigo ISBN de una edicion publicada por,"Blackstone Audio, Inc."
1470824779,es un codigo ISBN para el libro,The Terra-Cotta Dog
1470824779,es un codigo ISBN de una edicion publicada por,"Blackstone Audio, Inc."
Andrea Camilleri,es autor de la obra,The Terra-Cotta Dog
The Terra-Cotta Dog,pertenece al género,mystery
The Terra-Cotta Dog,pertenece al género,murder
The Terra-Cotta Dog,pertenece al género,jealousy
014303748X,es un codigo ISBN para el libro,Rounding the Mark
014303748X,es un codigo ISBN de una edicion publicada por,Penguin (Non-Classics)
014303748X,está escrito en,Inglés
9780143037484,es un codigo ISBN para el libro,Rounding the Mark
9780143037484,es un codigo ISBN de una edicion publicada por,Penguin (Non-Classics)
9780143037484,está escrito en,Inglés
9781436272018,es un codigo ISBN para el libro,Rounding the Mark
9781436272018,es un codigo ISBN de una edicion publicada por,"Penguin Group USA, Inc."
9781436272018,está escrito en,Inglés
9781436276900,es un codigo ISBN para el libro,Rounding the Mark
9781436276900,es un codigo ISBN de una edicion publicada por,"Penguin Group USA, Inc."
9781436276900,está escrito en,Inglés
9781440622854,es un codigo ISBN para el libro,Rounding the Mark
9781440622854,es un codigo ISBN de una edicion publicada por,"Penguin Group USA, Inc."
9781440622854,está escrito en,Inglés
9781597223393,es un codigo ISBN para el libro,Rounding the Mark
9781597223393,es un codigo ISBN de una edicion publicada por,Wheeler Pub Inc
9781597223393,es un codigo ISBN de una edicion publicada por,Wheeler Publishing
9781597223393,está escrito en,Inglés
1597223395,es un codigo ISBN para el libro,Rounding the Mark
1597223395,es un codigo ISBN de una edicion publicada por,Wheeler Pub Inc
1597223395,es un codigo ISBN de una edicion publicada por,Wheeler Publishing
1597223395,está escrito en,Inglés
Rounding the Mark,pertenece al género,Fiction
Rounding the Mark,pertenece al género,Mystery
Rounding the Mark,pertenece al género,Human trafficking
8838910189,es un codigo ISBN para el libro,La stagione della caccia
8838910189,es un codigo ISBN de una edicion publicada por,Sellerio
8838910189,está escrito en,Italiano
Andrea Camilleri,es autor de la obra,La stagione della caccia
9781509850389,es un codigo ISBN para el libro,August heat
9781509850389,es un codigo ISBN de una edicion publicada por,Pan Macmillan
9781509850389,está escrito en,Inglés
9780330457293,es un codigo ISBN para el libro,August heat
9780330457293,es un codigo ISBN de una edicion publicada por,Picador USA
0330457292,es un codigo ISBN para el libro,August heat
0330457292,es un codigo ISBN de una edicion publicada por,Picador USA
9780330457309,es un codigo ISBN para el libro,August heat
9780330457309,es un codigo ISBN de una edicion publicada por,Picador
9780330457309,está escrito en,Inglés
0330457306,es un codigo ISBN para el libro,August heat
0330457306,es un codigo ISBN de una edicion publicada por,Picador
0330457306,está escrito en,Inglés
Andrea Camilleri,es autor de la obra,August heat
August heat,pertenece al género,Police
August heat,pertenece al género,Missing children
August heat,pertenece al género,Fiction
9781529001839,es un codigo ISBN para el libro,Other End of the Line
9781529001839,es un codigo ISBN de una edicion publicada por,Pan Macmillan
9781529001839,está escrito en,Inglés
9780143133773,es un codigo ISBN para el libro,Other End of the Line
9780143133773,es un codigo ISBN de una edicion publicada por,Penguin Publishing Group
9780143133773,está escrito en,Inglés
9781529001822,es un codigo ISBN para el libro,Other End of the Line
9781529001822,es un codigo ISBN de una edicion publicada por,Pan Macmillan
9781529001822,está escrito en,Inglés
9781529001815,es un codigo ISBN para el libro,Other End of the Line
9781529001815,es un codigo ISBN de una edicion publicada por,Pan Macmillan
9781529001815,está escrito en,Inglés
Andrea Camilleri,es autor de la obra,Other End of the Line
Other End of the Line,pertenece al género,crime
Other End of the Line,pertenece al género,passion
8838910987,es un codigo ISBN para el libro,Il birraio di Preston
8838910987,es un codigo ISBN de una edicion publicada por,Sellerio
8838910987,está escrito en,Italiano
Andrea Camilleri,es autor de la obra,Il birraio di Preston
8804470895,es un codigo ISBN para el libro,Un mese con Montalbano
8804470895,es un codigo ISBN de una edicion publicada por,Mondadori
8804470895,está escrito en,Italiano
8804444657,es un codigo ISBN para el libro,Un mese con Montalbano
8804444657,es un codigo ISBN de una edicion publicada por,Mondadori
8804444657,está escrito en,Italiano
Andrea Camilleri,es autor de la obra,Un mese con Montalbano
9781504693134,es un codigo ISBN para el libro,Montalbano's First Case and Other Stories
9781504693134,es un codigo ISBN de una edicion publicada por,"Blackstone Audio, Inc."
1504693132,es un codigo ISBN para el libro,Montalbano's First Case and Other Stories
1504693132,es un codigo ISBN de una edicion publicada por,"Blackstone Audio, Inc."
9781524704230,es un codigo ISBN para el libro,Montalbano's First Case and Other Stories
9781524704230,es un codigo ISBN de una edicion publicada por,Penguin Books
1524704237,es un codigo ISBN para el libro,Montalbano's First Case and Other Stories
1524704237,es un codigo ISBN de una edicion publicada por,Penguin Books
9781306642873,es un codigo ISBN para el libro,Montalbano's First Case and Other Stories
9781306642873,es un codigo ISBN de una edicion publicada por,Mondadori
9781306642873,está escrito en,Inglés
9781447298397,es un codigo ISBN para el libro,Montalbano's First Case and Other Stories
9781447298397,es un codigo ISBN de una edicion publicada por,Pan Macmillan
9781447298397,está escrito en,Inglés
Andrea Camilleri,es autor de la obra,Montalbano's First Case and Other Stories
Montalbano's First Case and Other Stories,pertenece al género,"Fiction, mystery & detective, collections & anthologies"
Montalbano's First Case and Other Stories,pertenece al género,"Sicily (italy), fiction"
9781509809110,es un codigo ISBN para el libro,Death at Sea
9781509809110,es un codigo ISBN de una edicion publicada por,Mantle
1509809112,es un codigo ISBN para el libro,Death at Sea
1509809112,es un codigo ISBN de una edicion publicada por,Mantle
9781509809134,es un codigo ISBN para el libro,Death at Sea
9781509809134,es un codigo ISBN de una edicion publicada por,Picador
9781509809134,está escrito en,Inglés
1509809139,es un codigo ISBN para el libro,Death at Sea
1509809139,es un codigo ISBN de una edicion publicada por,Picador
1509809139,está escrito en,Inglés
Andrea Camilleri,es autor de la obra,Death at Sea
Death at Sea,pertenece al género,"Fiction, mystery & detective, police procedural"
Death at Sea,pertenece al género,"Italy, fiction"
Death at Sea,pertenece al género,"Sicily (italy), fiction"
1094180157,es un codigo ISBN para el libro,Sicilian Method
1094180157,es un codigo ISBN de una edicion publicada por,Blackstone Pub
9781094180151,es un codigo ISBN para el libro,Sicilian Method
9781094180151,es un codigo ISBN de una edicion publicada por,Blackstone Pub
9781643587431,es un codigo ISBN para el libro,Sicilian Method
9781643587431,es un codigo ISBN de una edicion publicada por,Center Point Pub
9781643587431,es un codigo ISBN de una edicion publicada por,Premier Mystery Series
1643587439,es un codigo ISBN para el libro,Sicilian Method
1643587439,es un codigo ISBN de una edicion publicada por,Center Point Pub
1643587439,es un codigo ISBN de una edicion publicada por,Premier Mystery Series
9780143134978,es un codigo ISBN para el libro,Sicilian Method
9780143134978,es un codigo ISBN de una edicion publicada por,Penguin Publishing Group
9780143134978,está escrito en,Inglés
9781529035605,es un codigo ISBN para el libro,Sicilian Method
9781529035605,es un codigo ISBN de una edicion publicada por,Pan Macmillan
9781529035605,está escrito en,Inglés
Andrea Camilleri,es autor de la obra,Sicilian Method
Sicilian Method,pertenece al género,detective fiction
Sicilian Method,pertenece al género,theater
9780143036203,es un codigo ISBN para el libro,The Smell of the Night (An Inspector Montalbano Mystery)
9780143036203,es un codigo ISBN de una edicion publicada por,Penguin (Non-Classics)
9780143036203,está escrito en,Inglés
0143036203,es un codigo ISBN para el libro,The Smell of the Night (An Inspector Montalbano Mystery)
0143036203,es un codigo ISBN de una edicion publicada por,Penguin (Non-Classics)
0143036203,está escrito en,Inglés
Andrea Camilleri,es autor de la obra,The Smell of the Night (An Inspector Montalbano Mystery)
The Smell of the Night (An Inspector Montalbano Mystery),pertenece al género,Fiction
The Smell of the Night (An Inspector Montalbano Mystery),pertenece al género,Suspense
The Smell of the Night (An Inspector Montalbano Mystery),pertenece al género,"Fiction, mystery & detective, general"
3404921933,es un codigo ISBN para el libro,Il Giro Di Boa
3404921933,es un codigo ISBN de una edicion publicada por,BLT
3404921933,está escrito en,Alemán
9788838918605,es un codigo ISBN para el libro,Il Giro Di Boa
9788838918605,es un codigo ISBN de una edicion publicada por,Sellerio
9788838918605,es un codigo ISBN de una edicion publicada por,Sellerio di Giorgianni
8838918600,es un codigo ISBN para el libro,Il Giro Di Boa
8838918600,es un codigo ISBN de una edicion publicada por,Sellerio
8838918600,es un codigo ISBN de una edicion publicada por,Sellerio di Giorgianni
Andrea Camilleri,es autor de la obra,Il Giro Di Boa
9781410417084,es un codigo ISBN para el libro,Vampa d'agosto
9781410417084,es un codigo ISBN de una edicion publicada por,Kennebec Large Print
9781410417084,está escrito en,Inglés
1410417085,es un codigo ISBN para el libro,Vampa d'agosto
1410417085,es un codigo ISBN de una edicion publicada por,Kennebec Large Print
1410417085,está escrito en,Inglés
9780143114055,es un codigo ISBN para el libro,Vampa d'agosto
9780143114055,es un codigo ISBN de una edicion publicada por,Penguin
9780143114055,está escrito en,Inglés
9781440698989,es un codigo ISBN para el libro,Vampa d'agosto
9781440698989,es un codigo ISBN de una edicion publicada por,"Penguin USA, Inc."
9781440698989,está escrito en,Inglés
9781440698972,es un codigo ISBN para el libro,Vampa d'agosto
9781440698972,es un codigo ISBN de una edicion publicada por,"Penguin USA, Inc."
9781440698972,está escrito en,Inglés
9781440698941,es un codigo ISBN para el libro,Vampa d'agosto
9781440698941,es un codigo ISBN de una edicion publicada por,"Penguin USA, Inc."
9781440698941,está escrito en,Inglés
Andrea Camilleri,es autor de la obra,Vampa d'agosto
Vampa d'agosto,pertenece al género,Fiction
Vampa d'agosto,pertenece al género,Police in fiction
Vampa d'agosto,pertenece al género,Police
9781509850419,es un codigo ISBN para el libro,Blade of Light
9781509850419,es un codigo ISBN de una edicion publicada por,Pan Macmillan
9781509850419,es un codigo ISBN de una edicion publicada por,Picador
9781509850419,está escrito en,Inglés
9781447264484,es un codigo ISBN para el libro,Blade of Light
9781447264484,es un codigo ISBN de una edicion publicada por,Pan Macmillan
9781447264484,está escrito en,Inglés
Andrea Camilleri,es autor de la obra,Blade of Light
Blade of Light,pertenece al género,"Fiction, mystery & detective, police procedural"
Blade of Light,pertenece al género,"Italy, fiction"
Blade of Light,pertenece al género,"Fiction, crime"
9780143120131,es un codigo ISBN para el libro,The potter's field
9780143120131,es un codigo ISBN de una edicion publicada por,Penguin Books
9780143120131,está escrito en,Inglés
0143120131,es un codigo ISBN para el libro,The potter's field
0143120131,es un codigo ISBN de una edicion publicada por,Penguin Books
0143120131,está escrito en,Inglés
Andrea Camilleri,es autor de la obra,The potter's field
The potter's field,pertenece al género,Murder
The potter's field,pertenece al género,Investigation
The potter's field,pertenece al género,Salvo Montalbano (Fictitious character)
8886772084,es un codigo ISBN para el libro,Gocce di Sicilia
8886772084,es un codigo ISBN de una edicion publicada por,Edizioni dell'Altana
8886772084,está escrito en,Italiano
8886772440,es un codigo ISBN para el libro,Gocce di Sicilia
8886772440,es un codigo ISBN de una edicion publicada por,Edizioni dell'Altana
8886772440,está escrito en,Italiano
Andrea Camilleri,es autor de la obra,Gocce di Sicilia
9783463000022,es un codigo ISBN para el libro,Brief an Matilda
3463000024,es un codigo ISBN para el libro,Brief an Matilda
Andrea Camilleri,es autor de la obra,Brief an Matilda
Rafael Sabatini,es de nacionalidad,Italy
9781522875345,es un codigo ISBN para el libro,Lion's Skin
9781522875345,es un codigo ISBN de una edicion publicada por,CreateSpace Independent Publishing Platform
9781522875345,está escrito en,Inglés
9781974515790,es un codigo ISBN para el libro,Lion's Skin
9781974515790,es un codigo ISBN de una edicion publicada por,CreateSpace Independent Publishing Platform
9781974515790,está escrito en,Inglés
9781987662283,es un codigo ISBN para el libro,Lion's Skin
9781987662283,es un codigo ISBN de una edicion publicada por,CreateSpace Independent Publishing Platform
9781987662283,está escrito en,Inglés
9781547275861,es un codigo ISBN para el libro,Lion's Skin
9781547275861,es un codigo ISBN de una edicion publicada por,CreateSpace Independent Publishing Platform
9781547275861,está escrito en,Inglés
9781534844223,es un codigo ISBN para el libro,Lion's Skin
9781534844223,es un codigo ISBN de una edicion publicada por,CreateSpace Independent Publishing Platform
9781534844223,está escrito en,Inglés
9781722821302,es un codigo ISBN para el libro,Lion's Skin
9781722821302,es un codigo ISBN de una edicion publicada por,CreateSpace Independent Publishing Platform
9781722821302,está escrito en,Inglés
9780368268717,es un codigo ISBN para el libro,Lion's Skin
9780368268717,es un codigo ISBN de una edicion publicada por,Blurb
9780368268717,está escrito en,Inglés
9783956760006,es un codigo ISBN para el libro,Lion's Skin
9783956760006,es un codigo ISBN de una edicion publicada por,"Liese. Outside The Box, Andreas"
9783956760006,está escrito en,Inglés
9783987443084,es un codigo ISBN para el libro,Lion's Skin
9783987443084,es un codigo ISBN de una edicion publicada por,"Liese. Outside The Box, Andreas"
9783987443084,está escrito en,Inglés
9798732585377,es un codigo ISBN para el libro,Lion's Skin
9798732585377,es un codigo ISBN de una edicion publicada por,Independently Published
9798732585377,está escrito en,Inglés
9798675603305,es un codigo ISBN para el libro,Lion's Skin
9798675603305,es un codigo ISBN de una edicion publicada por,Independently Published
9798675603305,está escrito en,Inglés
9798731275675,es un codigo ISBN para el libro,Lion's Skin
9798731275675,es un codigo ISBN de una edicion publicada por,Independently Published
9798731275675,está escrito en,Inglés
9798543362570,es un codigo ISBN para el libro,Lion's Skin
9798543362570,es un codigo ISBN de una edicion publicada por,Independently Published
9798543362570,está escrito en,Inglés
9781016138963,es un codigo ISBN para el libro,Lion's Skin
9781016138963,es un codigo ISBN de una edicion publicada por,"Creative Media Partners, LLC"
9781016138963,está escrito en,Inglés
9798563588028,es un codigo ISBN para el libro,Lion's Skin
9798563588028,es un codigo ISBN de una edicion publicada por,Independently Published
9798563588028,está escrito en,Inglés
Rafael Sabatini,es autor de la obra,Lion's Skin
Lion's Skin,pertenece al género,"Fiction, historical, general"
9780099529859,es un codigo ISBN para el libro,Scaramouche
9780099529859,es un codigo ISBN de una edicion publicada por,Vintage Classics
0099529858,es un codigo ISBN para el libro,Scaramouche
0099529858,es un codigo ISBN de una edicion publicada por,Vintage Classics
1494874059,es un codigo ISBN para el libro,Scaramouche
1494874059,es un codigo ISBN de una edicion publicada por,CreateSpace Independent Publisher
1494874059,está escrito en,Inglés
9781494874056,es un codigo ISBN para el libro,Scaramouche
9781494874056,es un codigo ISBN de una edicion publicada por,CreateSpace Independent Publisher
9781494874056,está escrito en,Inglés
Rafael Sabatini,es autor de la obra,Scaramouche
Scaramouche,pertenece al género,"Fiction, action & adventure"
Scaramouche,pertenece al género,"France, history, revolution, 1789-1799, fiction"
9781414252704,es un codigo ISBN para el libro,The Sea-Hawk
9781414252704,es un codigo ISBN de una edicion publicada por,IndyPublish.com
9781414252704,está escrito en,Inglés
1414252706,es un codigo ISBN para el libro,The Sea-Hawk
1414252706,es un codigo ISBN de una edicion publicada por,IndyPublish.com
1414252706,está escrito en,Inglés
9781557423900,es un codigo ISBN para el libro,The Sea-Hawk
9781557423900,es un codigo ISBN de una edicion publicada por,Wildside Press
9781557423900,está escrito en,Inglés
1557423903,es un codigo ISBN para el libro,The Sea-Hawk
1557423903,es un codigo ISBN de una edicion publicada por,Wildside Press
1557423903,está escrito en,Inglés
9781557423917,es un codigo ISBN para el libro,The Sea-Hawk
9781557423917,es un codigo ISBN de una edicion publicada por,Wildside Press
9781557423917,está escrito en,Inglés
1557423911,es un codigo ISBN para el libro,The Sea-Hawk
1557423911,es un codigo ISBN de una edicion publicada por,Wildside Press
1557423911,está escrito en,Inglés
9781432617639,es un codigo ISBN para el libro,The Sea-Hawk
9781432617639,es un codigo ISBN de una edicion publicada por,"Kessinger Publishing, LLC"
9781432617639,está escrito en,Inglés
143261763X,es un codigo ISBN para el libro,The Sea-Hawk
143261763X,es un codigo ISBN de una edicion publicada por,"Kessinger Publishing, LLC"
143261763X,está escrito en,Inglés
0345248198,es un codigo ISBN para el libro,The Sea-Hawk
0345248198,es un codigo ISBN de una edicion publicada por,Ballantine Books
0345248198,está escrito en,Inglés
9780345248190,es un codigo ISBN para el libro,The Sea-Hawk
9780345248190,es un codigo ISBN de una edicion publicada por,Ballantine Books
9780345248190,está escrito en,Inglés
1587156571,es un codigo ISBN para el libro,The Sea-Hawk
1587156571,es un codigo ISBN de una edicion publicada por,Wildside Press
1587156571,está escrito en,Inglés
9781587156571,es un codigo ISBN para el libro,The Sea-Hawk
9781587156571,es un codigo ISBN de una edicion publicada por,Wildside Press
9781587156571,está escrito en,Inglés
9781406542707,es un codigo ISBN para el libro,The Sea-Hawk
9781406542707,es un codigo ISBN de una edicion publicada por,Dodo Press
9781406542707,está escrito en,Inglés
1406542709,es un codigo ISBN para el libro,The Sea-Hawk
1406542709,es un codigo ISBN de una edicion publicada por,Dodo Press
1406542709,está escrito en,Inglés
9781428008830,es un codigo ISBN para el libro,The Sea-Hawk
9781428008830,es un codigo ISBN de una edicion publicada por,IndyPublish
9781428008830,está escrito en,Inglés
1428008837,es un codigo ISBN para el libro,The Sea-Hawk
1428008837,es un codigo ISBN de una edicion publicada por,IndyPublish
1428008837,está escrito en,Inglés
9798431268939,es un codigo ISBN para el libro,The Sea-Hawk
9798431268939,es un codigo ISBN de una edicion publicada por,Independently Published
9798431268939,está escrito en,Inglés
9798511497860,es un codigo ISBN para el libro,The Sea-Hawk
9798511497860,es un codigo ISBN de una edicion publicada por,Independently Published
9798511497860,está escrito en,Inglés
9798541768282,es un codigo ISBN para el libro,The Sea-Hawk
9798541768282,es un codigo ISBN de una edicion publicada por,Independently Published
9798541768282,está escrito en,Inglés
9798736976201,es un codigo ISBN para el libro,The Sea-Hawk
9798736976201,es un codigo ISBN de una edicion publicada por,Independently Published
9798736976201,está escrito en,Inglés
9798780362524,es un codigo ISBN para el libro,The Sea-Hawk
9798780362524,es un codigo ISBN de una edicion publicada por,Independently Published
9798780362524,está escrito en,Inglés
9798780007616,es un codigo ISBN para el libro,The Sea-Hawk
9798780007616,es un codigo ISBN de una edicion publicada por,Independently Published
9798780007616,está escrito en,Inglés
9798470069979,es un codigo ISBN para el libro,The Sea-Hawk
9798470069979,es un codigo ISBN de una edicion publicada por,Independently Published
9798470069979,está escrito en,Inglés
Rafael Sabatini,es autor de la obra,The Sea-Hawk
The Sea-Hawk,pertenece al género,Spanish Armada
The Sea-Hawk,pertenece al género,Pirates
The Sea-Hawk,pertenece al género,Barbary Pirates
9781406804744,es un codigo ISBN para el libro,Scaramouche A Romance Of The French Revolution
9781406804744,es un codigo ISBN de una edicion publicada por,Echo Library
9781406804744,está escrito en,Inglés
1406804746,es un codigo ISBN para el libro,Scaramouche A Romance Of The French Revolution
1406804746,es un codigo ISBN de una edicion publicada por,Echo Library
1406804746,está escrito en,Inglés
1432620843,es un codigo ISBN para el libro,Scaramouche A Romance Of The French Revolution
1432620843,es un codigo ISBN de una edicion publicada por,"Kessinger Publishing, LLC"
1432620843,está escrito en,Inglés
9781432620844,es un codigo ISBN para el libro,Scaramouche A Romance Of The French Revolution
9781432620844,es un codigo ISBN de una edicion publicada por,"Kessinger Publishing, LLC"
9781432620844,está escrito en,Inglés
141794143X,es un codigo ISBN para el libro,Scaramouche A Romance Of The French Revolution
141794143X,es un codigo ISBN de una edicion publicada por,Kessinger Publishing
141794143X,está escrito en,Inglés
9781417941438,es un codigo ISBN para el libro,Scaramouche A Romance Of The French Revolution
9781417941438,es un codigo ISBN de una edicion publicada por,Kessinger Publishing
9781417941438,está escrito en,Inglés
Rafael Sabatini,es autor de la obra,Scaramouche A Romance Of The French Revolution
Scaramouche A Romance Of The French Revolution,pertenece al género,France
Scaramouche A Romance Of The French Revolution,pertenece al género,Histoire
Scaramouche A Romance Of The French Revolution,pertenece al género,Roman
1888173580,es un codigo ISBN para el libro,Scaramouche
1888173580,es un codigo ISBN de una edicion publicada por,Common Reader Editions
1888173580,está escrito en,Inglés
9781888173581,es un codigo ISBN para el libro,Scaramouche
9781888173581,es un codigo ISBN de una edicion publicada por,Common Reader Editions
9781888173581,está escrito en,Inglés
9798462126468,es un codigo ISBN para el libro,Scaramouche the Kingmaker
9798462126468,es un codigo ISBN de una edicion publicada por,Independently Published
9798462126468,está escrito en,Inglés
9798546009946,es un codigo ISBN para el libro,Scaramouche the Kingmaker
9798546009946,es un codigo ISBN de una edicion publicada por,Independently Published
9798546009946,está escrito en,Inglés
Rafael Sabatini,es autor de la obra,Scaramouche the Kingmaker
9781434104083,es un codigo ISBN para el libro,Scaramouche
9781434104083,es un codigo ISBN de una edicion publicada por,"The Editorium, LLC"
9781434104083,está escrito en,Inglés
9798702005652,es un codigo ISBN para el libro,Scaramouche
9798702005652,es un codigo ISBN de una edicion publicada por,Independently Published
9798702005652,está escrito en,Inglés
Scaramouche,pertenece al género,"France -- History -- Revolution, 1789-1799 -- Fiction"
Scaramouche,pertenece al género,War stories
Scaramouche,pertenece al género,Love stories
9798518254565,es un codigo ISBN para el libro,Scaramouche
9798518254565,es un codigo ISBN de una edicion publicada por,Independently Published
9798518254565,está escrito en,Inglés
9798538792634,es un codigo ISBN para el libro,Scaramouche
9798538792634,es un codigo ISBN de una edicion publicada por,Independently Published
9798538792634,está escrito en,Inglés
9781404331587,es un codigo ISBN para el libro,Scaramouche
9781404331587,es un codigo ISBN de una edicion publicada por,IndyPublish.com
9781404331587,está escrito en,Inglés
9781404331594,es un codigo ISBN para el libro,Scaramouche
9781404331594,es un codigo ISBN de una edicion publicada por,IndyPublish.com
9781404331594,está escrito en,Inglés
9781409088493,es un codigo ISBN para el libro,Scaramouche
9781409088493,es un codigo ISBN de una edicion publicada por,Penguin Random House
9781409088493,está escrito en,Inglés
9781582876726,es un codigo ISBN para el libro,Scaramouche
9781582876726,es un codigo ISBN de una edicion publicada por,North Books
9781582876726,está escrito en,Inglés
9781582871899,es un codigo ISBN para el libro,Scaramouche
9781582871899,es un codigo ISBN de una edicion publicada por,North Books
9781582871899,está escrito en,Inglés
9780899685472,es un codigo ISBN para el libro,Scaramouche
9780899685472,es un codigo ISBN de una edicion publicada por,Buccaneer Books
9780899685472,es un codigo ISBN de una edicion publicada por,"Buccaneer Books, Incorporated"
9780899685472,está escrito en,Inglés
9781596254954,es un codigo ISBN para el libro,Scaramouche
9781596254954,es un codigo ISBN de una edicion publicada por,Digireads.com Publishing
9781596254954,está escrito en,Inglés
Scaramouche,pertenece al género,Man-woman relationships
Scaramouche,pertenece al género,Fiction
Scaramouche,pertenece al género,History
9780755115518,es un codigo ISBN para el libro,Scaramouche the King Maker
9780755115518,es un codigo ISBN de una edicion publicada por,"House of Stratus, Incorporated"
9780755115518,está escrito en,Inglés
Rafael Sabatini,es autor de la obra,Scaramouche the King Maker
9781543215595,es un codigo ISBN para el libro,Scaramouche - Deluxe Edition
9781543215595,es un codigo ISBN de una edicion publicada por,CreateSpace Independent Publishing Platform
1543215599,es un codigo ISBN para el libro,Scaramouche - Deluxe Edition
1543215599,es un codigo ISBN de una edicion publicada por,CreateSpace Independent Publishing Platform
Rafael Sabatini,es autor de la obra,Scaramouche - Deluxe Edition
1842328263,es un codigo ISBN para el libro,Scaramouche the king-maker
1842328263,es un codigo ISBN de una edicion publicada por,House of Stratus
1842328263,está escrito en,Inglés
9781842328262,es un codigo ISBN para el libro,Scaramouche the king-maker
9781842328262,es un codigo ISBN de una edicion publicada por,House of Stratus
9781842328262,está escrito en,Inglés
9780848808792,es un codigo ISBN para el libro,Scaramouche the king-maker
9780848808792,es un codigo ISBN de una edicion publicada por,Amereon Limited
9780848808792,está escrito en,Inglés
0848808797,es un codigo ISBN para el libro,Scaramouche the king-maker
0848808797,es un codigo ISBN de una edicion publicada por,Amereon Limited
0848808797,está escrito en,Inglés
9997530667,es un codigo ISBN para el libro,Scaramouche the king-maker
9997530667,es un codigo ISBN de una edicion publicada por,Houghton Mifflin College Div
9789997530660,es un codigo ISBN para el libro,Scaramouche the king-maker
9789997530660,es un codigo ISBN de una edicion publicada por,Houghton Mifflin College Div
Rafael Sabatini,es autor de la obra,Scaramouche the king-maker
Scaramouche the king-maker,pertenece al género,History
Scaramouche the king-maker,pertenece al género,Fiction
9798847463119,es un codigo ISBN para el libro,Casanova's Alibi
9798847463119,es un codigo ISBN de una edicion publicada por,Independently Published
9798847463119,está escrito en,Inglés
Rafael Sabatini,es autor de la obra,Casanova's Alibi
0790565587,es un codigo ISBN para el libro,Torquemada and the Spanish Inquisition
0790565587,es un codigo ISBN de una edicion publicada por,Brentano's
0790565587,está escrito en,Inglés
Rafael Sabatini,es autor de la obra,Torquemada and the Spanish Inquisition
Torquemada and the Spanish Inquisition,pertenece al género,Inquisition
9780755115594,es un codigo ISBN para el libro,Tavern Knight
9780755115594,es un codigo ISBN de una edicion publicada por,"House of Stratus, Incorporated"
9780755115594,está escrito en,Inglés
Rafael Sabatini,es autor de la obra,Tavern Knight
9781842328187,es un codigo ISBN para el libro,The lost king
9781842328187,es un codigo ISBN de una edicion publicada por,House of Stratus
9781842328187,está escrito en,Inglés
1842328182,es un codigo ISBN para el libro,The lost king
1842328182,es un codigo ISBN de una edicion publicada por,House of Stratus
1842328182,está escrito en,Inglés
Rafael Sabatini,es autor de la obra,The lost king
The lost king,pertenece al género,Fiction
9781406820850,es un codigo ISBN para el libro,The Historical Nights' Entertainment Volumes 1 & 2
9781406820850,es un codigo ISBN de una edicion publicada por,Echo Library
9781406820850,está escrito en,Inglés
1406820857,es un codigo ISBN para el libro,The Historical Nights' Entertainment Volumes 1 & 2
1406820857,es un codigo ISBN de una edicion publicada por,Echo Library
1406820857,está escrito en,Inglés
Rafael Sabatini,es autor de la obra,The Historical Nights' Entertainment Volumes 1 & 2
The Historical Nights' Entertainment Volumes 1 & 2,pertenece al género,"Fiction, historical, general"
The Historical Nights' Entertainment Volumes 1 & 2,pertenece al género,"Fiction, short stories (single author)"
9798766601340,es un codigo ISBN para el libro,Casanova's Alibi
9798766601340,es un codigo ISBN de una edicion publicada por,Independently Published
9798766601340,está escrito en,Inglés
9798771905884,es un codigo ISBN para el libro,Casanova's Alibi
9798771905884,es un codigo ISBN de una edicion publicada por,Independently Published
9798771905884,está escrito en,Inglés
9798761236608,es un codigo ISBN para el libro,Casanova's Alibi
9798761236608,es un codigo ISBN de una edicion publicada por,Independently Published
9798761236608,está escrito en,Inglés
9798771882284,es un codigo ISBN para el libro,Casanova's Alibi
9798771882284,es un codigo ISBN de una edicion publicada por,Independently Published
9798771882284,está escrito en,Inglés
9798767609499,es un codigo ISBN para el libro,Casanova's Alibi
9798767609499,es un codigo ISBN de una edicion publicada por,Independently Published
9798767609499,está escrito en,Inglés
9798758617748,es un codigo ISBN para el libro,Casanova's Alibi
9798758617748,es un codigo ISBN de una edicion publicada por,Independently Published
9798758617748,está escrito en,Inglés
9798761228412,es un codigo ISBN para el libro,Casanova's Alibi
9798761228412,es un codigo ISBN de una edicion publicada por,Independently Published
9798761228412,está escrito en,Inglés
9780755115563,es un codigo ISBN para el libro,Stalking-Horse
9780755115563,es un codigo ISBN de una edicion publicada por,"House of Stratus, Incorporated"
9780755115563,está escrito en,Inglés
Rafael Sabatini,es autor de la obra,Stalking-Horse
0974664863,es un codigo ISBN para el libro,Graphic classics
0974664863,es un codigo ISBN de una edicion publicada por,Eureka Productions
0974664863,está escrito en,Inglés
Rafael Sabatini,es autor de la obra,Graphic classics
Graphic classics,pertenece al género,Graphic novels
Graphic classics,pertenece al género,"Comic books, strips"
Graphic classics,pertenece al género,"Comics & graphic novels, general"
9780755115396,es un codigo ISBN para el libro,Hounds of God
9780755115396,es un codigo ISBN de una edicion publicada por,"House of Stratus, Incorporated"
9780755115396,está escrito en,Inglés
Rafael Sabatini,es autor de la obra,Hounds of God
9780755115556,es un codigo ISBN para el libro,St Martin's Summer
9780755115556,es un codigo ISBN de una edicion publicada por,"House of Stratus, Incorporated"
9780755115556,está escrito en,Inglés
Rafael Sabatini,es autor de la obra,St Martin's Summer
Corrado Govoni,es de nacionalidad,Italy
8874942168,es un codigo ISBN para el libro,Gli aborti
8874942168,es un codigo ISBN de una edicion publicada por,San Marco dei Giustiniani
8874942168,está escrito en,Italiano
9788874942169,es un codigo ISBN para el libro,Gli aborti
9788874942169,es un codigo ISBN de una edicion publicada por,San Marco dei Giustiniani
9788874942169,está escrito en,Italiano
Corrado Govoni,es autor de la obra,Gli aborti
9788887514698,es un codigo ISBN para el libro,Piccolo veleno color di rosa
9788887514698,es un codigo ISBN de una edicion publicada por,Edizioni del Rosone
9788887514698,está escrito en,Italiano
8887514690,es un codigo ISBN para el libro,Piccolo veleno color di rosa
8887514690,es un codigo ISBN de una edicion publicada por,Edizioni del Rosone
8887514690,está escrito en,Italiano
Corrado Govoni,es autor de la obra,Piccolo veleno color di rosa
8876441360,es un codigo ISBN para el libro,Lettere a F.T. Marinetti (1909-1915)
8876441360,es un codigo ISBN de una edicion publicada por,Libri Scheiwiller
8876441360,está escrito en,Italiano
Corrado Govoni,es autor de la obra,Lettere a F.T. Marinetti (1909-1915)
Lettere a F.T. Marinetti (1909-1915),pertenece al género,Correspondence
Lettere a F.T. Marinetti (1909-1915),pertenece al género,Italian Authors
8887001014,es un codigo ISBN para el libro,Aladino
8887001014,es un codigo ISBN de una edicion publicada por,Maurizio
8887001014,está escrito en,Italiano
Corrado Govoni,es autor de la obra,Aladino
Aladino,pertenece al género,Poetry
Aladino,pertenece al género,"Ardeatine Caves Massacre, Rome, Italy, 1944"
Giuseppe Bonaviri,es de nacionalidad,Italy
9788887499438,es un codigo ISBN para el libro,La ragazza di Casalmonferrato
9788887499438,es un codigo ISBN de una edicion publicada por,La cantinella
9788887499438,está escrito en,Italiano
Giuseppe Bonaviri,es autor de la obra,La ragazza di Casalmonferrato
9738457726,es un codigo ISBN para el libro,Raul de piatra
9738457726,es un codigo ISBN de una edicion publicada por,Allfa
9738457726,está escrito en,Rumano
Giuseppe Bonaviri,es autor de la obra,Raul de piatra
Raul de piatra,pertenece al género,Roman
Raul de piatra,pertenece al género,Literatură italiană
9781884419768,es un codigo ISBN para el libro,Saracen tales
9781884419768,es un codigo ISBN de una edicion publicada por,Bordighera Press
9781884419768,está escrito en,Inglés
Giuseppe Bonaviri,es autor de la obra,Saracen tales
8887013918,es un codigo ISBN para el libro,Minuetto con Bonaviri
8887013918,es un codigo ISBN de una edicion publicada por,"Department of Italian, Trinity college"
8887013918,es un codigo ISBN de una edicion publicada por,Trauben
8887013918,está escrito en,Italiano
Giuseppe Bonaviri,es autor de la obra,Minuetto con Bonaviri
Minuetto con Bonaviri,pertenece al género,Interviews
Minuetto con Bonaviri,pertenece al género,Criticism and interpretation
Minuetto con Bonaviri,pertenece al género,Italian Authors
8804364807,es un codigo ISBN para el libro,Notti sull'altura
8804364807,es un codigo ISBN de una edicion publicada por,Mondadori
8804364807,está escrito en,Italiano
Giuseppe Bonaviri,es autor de la obra,Notti sull'altura
8804342714,es un codigo ISBN para el libro,La Divina Foresta
8804342714,es un codigo ISBN de una edicion publicada por,Mondadori
8804342714,está escrito en,Italiano
Giuseppe Bonaviri,es autor de la obra,La Divina Foresta
8804331062,es un codigo ISBN para el libro,Il sarto della stradalunga
8804331062,es un codigo ISBN de una edicion publicada por,Arnoldo Mondadori Editore
8804331062,está escrito en,Italiano
Giuseppe Bonaviri,es autor de la obra,Il sarto della stradalunga
8885303242,es un codigo ISBN para el libro,Haiku in Italia
8885303242,es un codigo ISBN de una edicion publicada por,Empirìa
8885303242,está escrito en,Italiano
Giuseppe Bonaviri,es autor de la obra,Haiku in Italia
Haiku in Italia,pertenece al género,Italian poetry
Haiku in Italia,pertenece al género,Italian Haiku
8881768445,es un codigo ISBN para el libro,Autobiografia in do minore
8881768445,es un codigo ISBN de una edicion publicada por,Manni
8881768445,está escrito en,Italiano
Giuseppe Bonaviri,es autor de la obra,Autobiografia in do minore
Autobiografia in do minore,pertenece al género,Biography
Autobiografia in do minore,pertenece al género,Family
Autobiografia in do minore,pertenece al género,Italian Authors
8887499004,es un codigo ISBN para el libro,Bonaviri inedito
8887499004,es un codigo ISBN de una edicion publicada por,Comune di Mineo
8887499004,es un codigo ISBN de una edicion publicada por,La cantinella
8887499004,está escrito en,Italiano
Giuseppe Bonaviri,es autor de la obra,Bonaviri inedito
Bonaviri inedito,pertenece al género,Biography
Bonaviri inedito,pertenece al género,Italian Authors
8804339004,es un codigo ISBN para el libro,Ghigò
8804339004,es un codigo ISBN de una edicion publicada por,A. Mondadori
8804339004,está escrito en,Italiano
Giuseppe Bonaviri,es autor de la obra,Ghigò
8876443924,es un codigo ISBN para el libro,I cavalli lunari
8876443924,es un codigo ISBN de una edicion publicada por,Libri Scheiwiller
8876443924,está escrito en,Italiano
Giuseppe Bonaviri,es autor de la obra,I cavalli lunari
8804369043,es un codigo ISBN para el libro,Il dire celeste
8804369043,es un codigo ISBN de una edicion publicada por,A. Mondadori
8804369043,está escrito en,Italiano
Giuseppe Bonaviri,es autor de la obra,Il dire celeste
8804312092,es un codigo ISBN para el libro,Il dormiveglia
8804312092,es un codigo ISBN de una edicion publicada por,A. Mondadori
8804312092,está escrito en,Italiano
Giuseppe Bonaviri,es autor de la obra,Il dormiveglia
8838910545,es un codigo ISBN para el libro,Il dottor Bilob
8838910545,es un codigo ISBN de una edicion publicada por,Sellerio
8838910545,está escrito en,Italiano
Giuseppe Bonaviri,es autor de la obra,Il dottor Bilob
8804341939,es un codigo ISBN para el libro,Il re bambino
8804341939,es un codigo ISBN de una edicion publicada por,A. Mondadori
8804341939,está escrito en,Italiano
Giuseppe Bonaviri,es autor de la obra,Il re bambino
9788838918414,es un codigo ISBN para el libro,Il Vicolo Blu
9788838918414,es un codigo ISBN de una edicion publicada por,Sellerio
9788838918414,está escrito en,Italiano
8838918414,es un codigo ISBN para el libro,Il Vicolo Blu
8838918414,es un codigo ISBN de una edicion publicada por,Sellerio
8838918414,está escrito en,Italiano
Giuseppe Bonaviri,es autor de la obra,Il Vicolo Blu
Joel McHale,es de nacionalidad,Italy
9780399575372,es un codigo ISBN para el libro,Thanks for the money
9780399575372,es un codigo ISBN de una edicion publicada por,G.P. Putnam's Sons
9780399575372,está escrito en,Inglés
0399575375,es un codigo ISBN para el libro,Thanks for the money
0399575375,es un codigo ISBN de una edicion publicada por,G.P. Putnam's Sons
0399575375,está escrito en,Inglés
Joel McHale,es autor de la obra,Thanks for the money
Thanks for the money,pertenece al género,Actors
Thanks for the money,pertenece al género,Comedians
Thanks for the money,pertenece al género,Biography
9780735289000,es un codigo ISBN para el libro,Thanks for the Money
9780735289000,es un codigo ISBN de una edicion publicada por,Penguin Audio
073528900X,es un codigo ISBN para el libro,Thanks for the Money
073528900X,es un codigo ISBN de una edicion publicada por,Penguin Audio
Joel McHale,es autor de la obra,Thanks for the Money
Giancarlo Judica Cordiglia,es de nacionalidad,Italy
Valentino Braitenberg,es de nacionalidad,Italy
0262022087,es un codigo ISBN para el libro,"Vehicles, experiments in synthetic psychology"
0262022087,es un codigo ISBN de una edicion publicada por,MIT Press
0262022087,está escrito en,Inglés
0262521121,es un codigo ISBN para el libro,"Vehicles, experiments in synthetic psychology"
0262521121,es un codigo ISBN de una edicion publicada por,M.I.T. P.
0262521121,está escrito en,und
Valentino Braitenberg,es autor de la obra,"Vehicles, experiments in synthetic psychology"
"Vehicles, experiments in synthetic psychology",pertenece al género,Neurophysiology
"Vehicles, experiments in synthetic psychology",pertenece al género,Psychophysiology
"Vehicles, experiments in synthetic psychology",pertenece al género,Psychology
0444820469,es un codigo ISBN para el libro,Brain theory
0444820469,es un codigo ISBN de una edicion publicada por,Elsevier
0444820469,está escrito en,Inglés
Valentino Braitenberg,es autor de la obra,Brain theory
Brain theory,pertenece al género,Visual cortex
Brain theory,pertenece al género,Visual perception
3251004247,es un codigo ISBN para el libro,"Ill, oder, Der Engel und die Philosophen"
3251004247,es un codigo ISBN de una edicion publicada por,Haffmans Verlag
3251004247,está escrito en,Alemán
Valentino Braitenberg,es autor de la obra,"Ill, oder, Der Engel und die Philosophen"
9782880742089,es un codigo ISBN para el libro,Véhicules
9782880742089,es un codigo ISBN de una edicion publicada por,Presses Polytechniques et
9782880742089,está escrito en,Francés
2880742080,es un codigo ISBN para el libro,Véhicules
2880742080,es un codigo ISBN de una edicion publicada por,Presses Polytechniques et
2880742080,está escrito en,Francés
2880742234,es un codigo ISBN para el libro,Véhicules
2880742234,es un codigo ISBN de una edicion publicada por,Presses polytechniques et universitaires romandes
2880742234,está escrito en,Francés
Valentino Braitenberg,es autor de la obra,Véhicules
Véhicules,pertenece al género,Psychophysiologie
Véhicules,pertenece al género,Neurophysiologie
9783662037331,es un codigo ISBN para el libro,Cortex
9783662037331,es un codigo ISBN de una edicion publicada por,"Springer London, Limited"
9783662037331,está escrito en,Inglés
3662037351,es un codigo ISBN para el libro,Cortex
3662037351,es un codigo ISBN de una edicion publicada por,Springer
9783662037355,es un codigo ISBN para el libro,Cortex
9783662037355,es un codigo ISBN de una edicion publicada por,Springer
3540638164,es un codigo ISBN para el libro,Cortex
3540638164,es un codigo ISBN de una edicion publicada por,Springer
3540638164,está escrito en,Inglés
9783540638162,es un codigo ISBN para el libro,Cortex
9783540638162,es un codigo ISBN de una edicion publicada por,Springer
9783540638162,está escrito en,Inglés
Valentino Braitenberg,es autor de la obra,Cortex
Cortex,pertenece al género,Cytoarchitectonics
Cortex,pertenece al género,Anatomy
Cortex,pertenece al género,Neurons
9780262260473,es un codigo ISBN para el libro,Vehicles
9780262260473,es un codigo ISBN de una edicion publicada por,MIT Press
9780262260473,está escrito en,Inglés
Valentino Braitenberg,es autor de la obra,Vehicles
9783794527113,es un codigo ISBN para el libro,Das Bild der Welt im Kopf
9783794527113,es un codigo ISBN de una edicion publicada por,Schattauer
9783794527113,está escrito en,Alemán
Valentino Braitenberg,es autor de la obra,Das Bild der Welt im Kopf
Das Bild der Welt im Kopf,pertenece al género,Science and philosophy
Das Bild der Welt im Kopf,pertenece al género,Brain
Das Bild der Welt im Kopf,pertenece al género,cybernetics
3540060553,es un codigo ISBN para el libro,Gehirngespinste
3540060553,es un codigo ISBN de una edicion publicada por,Springer-Verlag
3540060553,está escrito en,Alemán
Valentino Braitenberg,es autor de la obra,Gehirngespinste
Gehirngespinste,pertenece al género,Anatomy
Gehirngespinste,pertenece al género,Brain
Gehirngespinste,pertenece al género,Cybernetics
3251001124,es un codigo ISBN para el libro,Gescheit sein
3251001124,es un codigo ISBN de una edicion publicada por,Haffmans
3251001124,está escrito en,Alemán
Valentino Braitenberg,es autor de la obra,Gescheit sein
038708391X,es un codigo ISBN para el libro,On the texture of brains
038708391X,es un codigo ISBN de una edicion publicada por,Springer-Verlag
038708391X,está escrito en,Inglés
Valentino Braitenberg,es autor de la obra,On the texture of brains
On the texture of brains,pertenece al género,Anatomy
On the texture of brains,pertenece al género,Brain
On the texture of brains,pertenece al género,Cybernetics
9783662027288,es un codigo ISBN para el libro,Anatomy of the cortex
9783662027288,es un codigo ISBN de una edicion publicada por,"Springer London, Limited"
9783662027288,está escrito en,Inglés
9780387532332,es un codigo ISBN para el libro,Anatomy of the cortex
9780387532332,es un codigo ISBN de una edicion publicada por,Springer-Verlag
9780387532332,está escrito en,Inglés
0387532331,es un codigo ISBN para el libro,Anatomy of the cortex
0387532331,es un codigo ISBN de una edicion publicada por,Springer-Verlag
0387532331,está escrito en,Inglés
3540532331,es un codigo ISBN para el libro,Anatomy of the cortex
3540532331,es un codigo ISBN de una edicion publicada por,Springer-Verlag
3540532331,está escrito en,Inglés
Valentino Braitenberg,es autor de la obra,Anatomy of the cortex
Anatomy of the cortex,pertenece al género,Anatomy
Anatomy of the cortex,pertenece al género,Anatomy & histology
Anatomy of the cortex,pertenece al género,Cerebral cortex
9780262570671,es un codigo ISBN para el libro,Vehicles
9780262570671,es un codigo ISBN de una edicion publicada por,The MIT Press
9780262570671,está escrito en,Inglés
026257067X,es un codigo ISBN para el libro,Vehicles
026257067X,es un codigo ISBN de una edicion publicada por,The MIT Press
026257067X,está escrito en,Inglés
Vehicles,pertenece al género,Cognitive psychology
3642956254,es un codigo ISBN para el libro,Softwaretechnik
3642956254,es un codigo ISBN de una edicion publicada por,Springer
9783642956256,es un codigo ISBN para el libro,Softwaretechnik
9783642956256,es un codigo ISBN de una edicion publicada por,Springer
Valentino Braitenberg,es autor de la obra,Softwaretechnik
3499602547,es un codigo ISBN para el libro,Die Natur ist unser Modell von ihr
3499602547,es un codigo ISBN de una edicion publicada por,Rowohlt
3499602547,está escrito en,Alemán
Valentino Braitenberg,es autor de la obra,Die Natur ist unser Modell von ihr
Die Natur ist unser Modell von ihr,pertenece al género,Science
Die Natur ist unser Modell von ihr,pertenece al género,Philosophy
Die Natur ist unser Modell von ihr,pertenece al género,Cosmology
Carlo Manzoni,es de nacionalidad,Italy
8824101836,es un codigo ISBN para el libro,"Io, quella la faccio a fette!"
8824101836,es un codigo ISBN de una edicion publicada por,Edizioni Theoria
8824101836,está escrito en,Italiano
3423004339,es un codigo ISBN para el libro,"Io, quella la faccio a fette!"
3423004339,es un codigo ISBN de una edicion publicada por,Deutscher Taschenbuch Verlag
3423004339,está escrito en,Alemán
Carlo Manzoni,es autor de la obra,"Io, quella la faccio a fette!"
3423011300,es un codigo ISBN para el libro,Ti faccio un occhio nero e un occhio blu
3423011300,es un codigo ISBN de una edicion publicada por,Deutscher Taschenbuch
3423011300,está escrito en,Inglés
8824102522,es un codigo ISBN para el libro,Ti faccio un occhio nero e un occhio blu
8824102522,es un codigo ISBN de una edicion publicada por,Edizioni Theoria
8824102522,está escrito en,Italiano
Carlo Manzoni,es autor de la obra,Ti faccio un occhio nero e un occhio blu
8824101526,es un codigo ISBN para el libro,"Che pioggia di sberle, bambola!"
8824101526,es un codigo ISBN de una edicion publicada por,Edizioni Theoria
8824101526,es un codigo ISBN de una edicion publicada por,Theoria
8824101526,está escrito en,Italiano
3423006994,es un codigo ISBN para el libro,"Che pioggia di sberle, bambola!"
3423006994,es un codigo ISBN de una edicion publicada por,Deutscher Taschenbuch Verlag
3423006994,está escrito en,Alemán
Carlo Manzoni,es autor de la obra,"Che pioggia di sberle, bambola!"
8824101518,es un codigo ISBN para el libro,"Ti spacco il muso, bimba!"
8824101518,es un codigo ISBN de una edicion publicada por,Edizioni Theoria
8824101518,está escrito en,Italiano
Carlo Manzoni,es autor de la obra,"Ti spacco il muso, bimba!"
8824103022,es un codigo ISBN para el libro,"Ti svito le tonsille, piccola!"
8824103022,es un codigo ISBN de una edicion publicada por,Ed. Theoria
8824103022,está escrito en,Italiano
3423005904,es un codigo ISBN para el libro,"Ti svito le tonsille, piccola!"
3423005904,es un codigo ISBN de una edicion publicada por,Deutscher Taschenbuch Verlag
3423005904,está escrito en,Alemán
Carlo Manzoni,es autor de la obra,"Ti svito le tonsille, piccola!"
9783453014503,es un codigo ISBN para el libro,"Ti svito le tonsille, Piccola!"
9783453014503,es un codigo ISBN de una edicion publicada por,Deutscher Taschenbuch Verlag
9783453014503,está escrito en,Alemán
3453014502,es un codigo ISBN para el libro,"Ti svito le tonsille, Piccola!"
3453014502,es un codigo ISBN de una edicion publicada por,Deutscher Taschenbuch Verlag
3453014502,está escrito en,Alemán
Carlo Manzoni,es autor de la obra,"Ti svito le tonsille, Piccola!"
342301248X,es un codigo ISBN para el libro,"Liebling, zieh die Bremse an"
342301248X,es un codigo ISBN de una edicion publicada por,Deutscher Taschenbuch-Verlag
342301248X,está escrito en,Alemán
9783423012485,es un codigo ISBN para el libro,"Liebling, zieh die Bremse an"
9783423012485,es un codigo ISBN de una edicion publicada por,Deutscher Taschenbuch-Verlag
9783423012485,está escrito en,Alemán
Carlo Manzoni,es autor de la obra,"Liebling, zieh die Bremse an"
"Liebling, zieh die Bremse an",pertenece al género,Kraftfahrzeug
"Liebling, zieh die Bremse an",pertenece al género,Humor
3423008059,es un codigo ISBN para el libro,"Ein Schlag auf den Schädel, und du bist eine Schönheit"
3423008059,es un codigo ISBN de una edicion publicada por,Deutscher Taschenbuch Verlag
3423008059,está escrito en,Alemán
Carlo Manzoni,es autor de la obra,"Ein Schlag auf den Schädel, und du bist eine Schönheit"
3423003642,es un codigo ISBN para el libro,Der tiefgekühlte Mittelstürmer
3423003642,es un codigo ISBN de una edicion publicada por,Deutscher Taschenbuch Verlag
3423003642,está escrito en,Alemán
Carlo Manzoni,es autor de la obra,Der tiefgekühlte Mittelstürmer
345301085X,es un codigo ISBN para el libro,Das MG im Dekolleté
345301085X,es un codigo ISBN de una edicion publicada por,Heyne
345301085X,está escrito en,Alemán
Carlo Manzoni,es autor de la obra,Das MG im Dekolleté
3423008865,es un codigo ISBN para el libro,Das MG im Dekolleté
3423008865,es un codigo ISBN de una edicion publicada por,Deutscher Taschenbuch Verlag
3423008865,está escrito en,Alemán
3423008059,es un codigo ISBN para el libro,Kein Whisky unter Wasser
Carlo Manzoni,es autor de la obra,Kein Whisky unter Wasser
8824102085,es un codigo ISBN para el libro,"Un colpo in testa e sei più bella, angelo"
8824102085,es un codigo ISBN de una edicion publicada por,Theoria
8824102085,está escrito en,Italiano
Carlo Manzoni,es autor de la obra,"Un colpo in testa e sei più bella, angelo"
"Un colpo in testa e sei più bella, angelo",pertenece al género,Private investigators
"Un colpo in testa e sei più bella, angelo",pertenece al género,Chico Pipa (Fictitious character)
"Un colpo in testa e sei più bella, angelo",pertenece al género,Gregorio Scarta (Fictitious character)
3453009908,es un codigo ISBN para el libro,Der tiefgekülte mittelstürmer
3453009908,está escrito en,Alemán
Carlo Manzoni,es autor de la obra,Der tiefgekülte mittelstürmer
8834306686,es un codigo ISBN para el libro,Messaggi e discorsi di Giovanni Battista Montini all'università cattolica
8834306686,es un codigo ISBN de una edicion publicada por,Vita e pensiero
8834306686,está escrito en,Italiano
Carlo Manzoni,es autor de la obra,Messaggi e discorsi di Giovanni Battista Montini all'università cattolica
Messaggi e discorsi di Giovanni Battista Montini all'università cattolica,pertenece al género,Doctrines
Messaggi e discorsi di Giovanni Battista Montini all'università cattolica,pertenece al género,Catholic Church
Cesare Maestri,es de nacionalidad,Italy
8874801637,es un codigo ISBN para el libro,Duemila metri della nostra vita
8874801637,es un codigo ISBN de una edicion publicada por,Vivalda
8874801637,está escrito en,Italiano
9788874801633,es un codigo ISBN para el libro,Duemila metri della nostra vita
9788874801633,es un codigo ISBN de una edicion publicada por,Vivalda
9788874801633,está escrito en,Italiano
Cesare Maestri,es autor de la obra,Duemila metri della nostra vita
Duemila metri della nostra vita,pertenece al género,Mountaineering expeditions
Duemila metri della nostra vita,pertenece al género,Mountaineers
9781672666343,es un codigo ISBN para el libro,Cerro Torre
9781672666343,es un codigo ISBN de una edicion publicada por,Independently Published
9781672666343,está escrito en,Inglés
Cesare Maestri,es autor de la obra,Cerro Torre
8495760703,es un codigo ISBN para el libro,Y si la vida continúa--
8495760703,es un codigo ISBN de una edicion publicada por,"Ediciones Desnivel, S. L"
9788495760708,es un codigo ISBN para el libro,Y si la vida continúa--
9788495760708,es un codigo ISBN de una edicion publicada por,"Ediciones Desnivel, S. L"
Cesare Maestri,es autor de la obra,Y si la vida continúa--
Getulio Alviani,es de nacionalidad,Italy
8878380016,es un codigo ISBN para el libro,Josef Albers
8878380016,es un codigo ISBN de una edicion publicada por,L'arcaedizioni
8878380016,está escrito en,Inglés
8878380016,está escrito en,Francés
8878380016,está escrito en,Alemán
8878380016,está escrito en,Italiano
Getulio Alviani,es autor de la obra,Josef Albers
Gianfranco Baruchello,es de nacionalidad,Italy
9788837088989,es un codigo ISBN para el libro,Baruchello
9788837088989,es un codigo ISBN de una edicion publicada por,Electa
9788837088989,está escrito en,Italiano
9788891800329,es un codigo ISBN para el libro,Baruchello
9788891800329,es un codigo ISBN de una edicion publicada por,Electa
9788891800329,está escrito en,Inglés
Gianfranco Baruchello,es autor de la obra,Baruchello
Baruchello,pertenece al género,"Themes, motives"
9788867492480,es un codigo ISBN para el libro,Gianfranco Baruchello
9788867492480,es un codigo ISBN de una edicion publicada por,MOUSSE
9788867492480,es un codigo ISBN de una edicion publicada por,Mousse Publishing
9788867492480,está escrito en,Inglés
9788895133362,es un codigo ISBN para el libro,Gianfranco Baruchello
9788895133362,es un codigo ISBN de una edicion publicada por,"Mart, Museo di arte moderna e contemporanea di Trento e Rovereto"
9788895133362,está escrito en,Italiano
Gianfranco Baruchello,es autor de la obra,Gianfranco Baruchello
Gianfranco Baruchello,pertenece al género,Exhibitions
Gianfranco Baruchello,pertenece al género,Experimental films
Gianfranco Baruchello,pertenece al género,"Marginality, Social, in motion pictures"
0914232517,es un codigo ISBN para el libro,How to imagine
0914232517,es un codigo ISBN de una edicion publicada por,Mcpherson & Co
0914232517,está escrito en,Inglés
9780914232513,es un codigo ISBN para el libro,How to imagine
9780914232513,es un codigo ISBN de una edicion publicada por,Mcpherson & Co
9780914232513,está escrito en,Inglés
0914232517,es un codigo ISBN de una edicion publicada por,McPherson
0914232525,es un codigo ISBN para el libro,How to imagine
0914232525,es un codigo ISBN de una edicion publicada por,McPherson
0914232525,está escrito en,Inglés
0914232533,es un codigo ISBN para el libro,How to imagine
0914232533,es un codigo ISBN de una edicion publicada por,McPherson
0914232533,está escrito en,Inglés
Gianfranco Baruchello,es autor de la obra,How to imagine
How to imagine,pertenece al género,Homes and haunts
How to imagine,pertenece al género,Modern Art
How to imagine,pertenece al género,Theory of art
2718600349,es un codigo ISBN para el libro,Alphabets d'Éros
2718600349,es un codigo ISBN de una edicion publicada por,Éditions Galilée
2718600349,está escrito en,Francés
Gianfranco Baruchello,es autor de la obra,Alphabets d'Éros
Alphabets d'Éros,pertenece al género,Miscellanea
Alphabets d'Éros,pertenece al género,Sex
8877811943,es un codigo ISBN para el libro,"Baruchello, fuoricampo"
8877811943,es un codigo ISBN de una edicion publicada por,Comune di Livorno
8877811943,es un codigo ISBN de una edicion publicada por,Pacini
8877811943,está escrito en,Italiano
Gianfranco Baruchello,es autor de la obra,"Baruchello, fuoricampo"
"Baruchello, fuoricampo",pertenece al género,Exhibitions
2718601280,es un codigo ISBN para el libro,L' Altra casa
2718601280,es un codigo ISBN de una edicion publicada por,Éditions Galilée
2718601280,está escrito en,Francés
Gianfranco Baruchello,es autor de la obra,L' Altra casa
9788812009923,es un codigo ISBN para el libro,Psicoenciclopedia possibile
9788812009923,es un codigo ISBN de una edicion publicada por,Treccani
9788812009923,está escrito en,Italiano
Gianfranco Baruchello,es autor de la obra,Psicoenciclopedia possibile
Psicoenciclopedia possibile,pertenece al género,Italian Encyclopedias and dictionaries
Psicoenciclopedia possibile,pertenece al género,Humor
9788867492541,es un codigo ISBN para el libro,Gianfranco Baruchello : Cold Cinema
9788867492541,es un codigo ISBN de una edicion publicada por,Mousse Publishing
9788867492541,está escrito en,Inglés
Gianfranco Baruchello,es autor de la obra,Gianfranco Baruchello : Cold Cinema
0914232711,es un codigo ISBN para el libro,Why Duchamp
0914232711,es un codigo ISBN de una edicion publicada por,McPherson
0914232711,está escrito en,Inglés
091423272X,es un codigo ISBN para el libro,Why Duchamp
091423272X,es un codigo ISBN de una edicion publicada por,McPherson
091423272X,está escrito en,Inglés
0914232738,es un codigo ISBN para el libro,Why Duchamp
0914232738,es un codigo ISBN de una edicion publicada por,McPherson
0914232738,está escrito en,Inglés
Gianfranco Baruchello,es autor de la obra,Why Duchamp
Why Duchamp,pertenece al género,Influence
Why Duchamp,pertenece al género,Criticism and interpretation
Why Duchamp,pertenece al género,New York Times reviewed
8899385181,es un codigo ISBN para el libro,Sogni
8899385181,es un codigo ISBN de una edicion publicada por,Humboldt
9788899385187,es un codigo ISBN para el libro,Sogni
9788899385187,es un codigo ISBN de una edicion publicada por,Humboldt
Gianfranco Baruchello,es autor de la obra,Sogni
9788899385231,es un codigo ISBN para el libro,Dreams
9788899385231,es un codigo ISBN de una edicion publicada por,Humboldt Books
9788899385231,está escrito en,Inglés
Gianfranco Baruchello,es autor de la obra,Dreams
Dreams,pertenece al género,Catalogs
Dreams,pertenece al género,Dreams in art
Ambrogio Fogar,es de nacionalidad,Italy
8817006645,es un codigo ISBN para el libro,controvento
8817006645,es un codigo ISBN de una edicion publicada por,Rizzoli
8817006645,está escrito en,Italiano
Ambrogio Fogar,es autor de la obra,controvento
controvento,pertenece al género,Correspondence
controvento,pertenece al género,Health
controvento,pertenece al género,Explorers
8838486514,es un codigo ISBN para el libro,Quando c'era Superman
8838486514,es un codigo ISBN de una edicion publicada por,Piemme
8838486514,está escrito en,Italiano
Ambrogio Fogar,es autor de la obra,Quando c'era Superman
Quando c'era Superman,pertenece al género,Explorers
Quando c'era Superman,pertenece al género,Biography
Quando c'era Superman,pertenece al género,Paralytics
8817853690,es un codigo ISBN para el libro,Verso il Polo con Armaduk
8817853690,es un codigo ISBN de una edicion publicada por,Rizzoli
8817853690,está escrito en,Italiano
Ambrogio Fogar,es autor de la obra,Verso il Polo con Armaduk
8817136433,es un codigo ISBN para el libro,Il mio atlantico
8817136433,es un codigo ISBN de una edicion publicada por,Rizzoli
8817136433,está escrito en,Italiano
Ambrogio Fogar,es autor de la obra,Il mio atlantico
Otello Profazio,es de nacionalidad,Italy
9788889009352,es un codigo ISBN para el libro,L'Italia cantata dal Sud
9788889009352,es un codigo ISBN de una edicion publicada por,Squilibri
9788889009352,está escrito en,Italiano
Otello Profazio,es autor de la obra,L'Italia cantata dal Sud
L'Italia cantata dal Sud,pertenece al género,Political ballads and songs
L'Italia cantata dal Sud,pertenece al género,Texts
L'Italia cantata dal Sud,pertenece al género,Popular music
Jake LaMotta,es de nacionalidad,Italy
5551520048,es un codigo ISBN para el libro,Raging Bull II
5551520048,es un codigo ISBN de una edicion publicada por,Carol Pub. Corp.
5551520048,está escrito en,Inglés
9785551520047,es un codigo ISBN para el libro,Raging Bull II
9785551520047,es un codigo ISBN de una edicion publicada por,Carol Pub. Corp.
9785551520047,está escrito en,Inglés
Jake LaMotta,es autor de la obra,Raging Bull II
Francesco Carotta,es de nacionalidad,Italy
9789059113961,es un codigo ISBN para el libro,Jesus Was Caesar: On the Julian Origin of Christianity
9789059113961,es un codigo ISBN de una edicion publicada por,Aspekt B V Uitgeverij
9789059113961,está escrito en,Inglés
9059113969,es un codigo ISBN para el libro,Jesus Was Caesar: On the Julian Origin of Christianity
9059113969,es un codigo ISBN de una edicion publicada por,Aspekt B V Uitgeverij
9059113969,está escrito en,Inglés
Francesco Carotta,es autor de la obra,Jesus Was Caesar: On the Julian Origin of Christianity
Jesus Was Caesar: On the Julian Origin of Christianity,pertenece al género,Historicity
Jesus Was Caesar: On the Julian Origin of Christianity,pertenece al género,"Criticism, interpretation"
Jesus Was Caesar: On the Julian Origin of Christianity,pertenece al género,In the Bible
3442150515,es un codigo ISBN para el libro,War Jesus Caesar? 2000 Jahre Anbetung einer Kopie
3442150515,es un codigo ISBN de una edicion publicada por,Goldmann
9783442150519,es un codigo ISBN para el libro,War Jesus Caesar? 2000 Jahre Anbetung einer Kopie
9783442150519,es un codigo ISBN de una edicion publicada por,Goldmann
Francesco Carotta,es autor de la obra,War Jesus Caesar? 2000 Jahre Anbetung einer Kopie
Lois Craffonara,es de nacionalidad,Italy
Sergio Garavini,es de nacionalidad,Italy
Achille Perilli,es de nacionalidad,Italy
8886490925,es un codigo ISBN para el libro,Achille Perilli
8886490925,es un codigo ISBN de una edicion publicada por,Carte Segrete
8886490925,está escrito en,Italiano
9788886490924,es un codigo ISBN para el libro,Achille Perilli
9788886490924,es un codigo ISBN de una edicion publicada por,Carte Segrete
9788886490924,está escrito en,Italiano
0000515361,es un codigo ISBN para el libro,Achille Perilli
0000515361,es un codigo ISBN de una edicion publicada por,"Arnoldo Mondadori Editore ; [Rome, Italy] : De Luca Edizioni d'Arte"
0000515361,está escrito en,Italiano
8820217910,es un codigo ISBN para el libro,Achille Perilli
8820217910,es un codigo ISBN de una edicion publicada por,Mazzotta
8820217910,está escrito en,Inglés
Achille Perilli,es autor de la obra,Achille Perilli
Achille Perilli,pertenece al género,Catalogs
Achille Perilli,pertenece al género,Exhibitions
Achille Perilli,pertenece al género,Geometry in art
9788836639472,es un codigo ISBN para el libro,Achille Perilli
9788836639472,es un codigo ISBN de una edicion publicada por,Silvana
9788836639472,está escrito en,Inglés
Achille Perilli,pertenece al género,Painting
Achille Perilli,pertenece al género,Catalogues raisonnés
8873410219,es un codigo ISBN para el libro,"Tadeusz Kantor, Cricot 2"
8873410219,es un codigo ISBN de una edicion publicada por,Oedipus
8873410219,está escrito en,Italiano
Achille Perilli,es autor de la obra,"Tadeusz Kantor, Cricot 2"
"Tadeusz Kantor, Cricot 2",pertenece al género,Exhibitions
"Tadeusz Kantor, Cricot 2",pertenece al género,Teatr Cricot 2
"Tadeusz Kantor, Cricot 2",pertenece al género,Theatrical producers and directors
9783895521041,es un codigo ISBN para el libro,Achille Perilli
9783895521041,es un codigo ISBN de una edicion publicada por,Häusser
9783895521041,es un codigo ISBN de una edicion publicada por,Institut Mathildenhöhe Darmstadt
9783895521041,está escrito en,mul
9783895521041,está escrito en,Alemán
9783895521041,está escrito en,Italiano
3895521043,es un codigo ISBN para el libro,Achille Perilli
3895521043,es un codigo ISBN de una edicion publicada por,Häusser
3895521043,es un codigo ISBN de una edicion publicada por,Institut Mathildenhöhe Darmstadt
3895521043,está escrito en,mul
3895521043,está escrito en,Alemán
3895521043,está escrito en,Italiano
Achille Perilli,pertenece al género,Italian Art
Achille Perilli,pertenece al género,Ausstellung
Lucio Fulci,es de nacionalidad,Italy
9781958344071,es un codigo ISBN para el libro,GATES of HELL Book 1
9781958344071,es un codigo ISBN de una edicion publicada por,Eibon Press
9781958344071,está escrito en,Inglés
9781958344088,es un codigo ISBN para el libro,GATES of HELL Book 1
9781958344088,es un codigo ISBN de una edicion publicada por,Eibon Press
9781958344088,está escrito en,Inglés
Lucio Fulci,es autor de la obra,GATES of HELL Book 1
GATES of HELL Book 1,pertenece al género,"Fiction, horror"
GATES of HELL Book 1,pertenece al género,"Comics & graphic novels, general"
9781958344149,es un codigo ISBN para el libro,BEYOND Book 2
9781958344149,es un codigo ISBN de una edicion publicada por,Eibon Press
9781958344149,está escrito en,Inglés
Lucio Fulci,es autor de la obra,BEYOND Book 2
BEYOND Book 2,pertenece al género,"Fiction, horror"
BEYOND Book 2,pertenece al género,"Comics & graphic novels, general"
9781958344118,es un codigo ISBN para el libro,HOUSE by the CEMETERY Book 2
9781958344118,es un codigo ISBN de una edicion publicada por,Eibon Press
9781958344118,está escrito en,Inglés
Lucio Fulci,es autor de la obra,HOUSE by the CEMETERY Book 2
HOUSE by the CEMETERY Book 2,pertenece al género,"Fiction, horror"
HOUSE by the CEMETERY Book 2,pertenece al género,"Comics & graphic novels, general"
9781958344170,es un codigo ISBN para el libro,ESCAPE from the BEYOND Book 1
9781958344170,es un codigo ISBN de una edicion publicada por,Eibon Press
9781958344170,está escrito en,Inglés
Lucio Fulci,es autor de la obra,ESCAPE from the BEYOND Book 1
ESCAPE from the BEYOND Book 1,pertenece al género,"Fiction, horror"
ESCAPE from the BEYOND Book 1,pertenece al género,"Comics & graphic novels, general"
9781958344125,es un codigo ISBN para el libro,HOUSE by the CEMETERY Book 3
9781958344125,es un codigo ISBN de una edicion publicada por,Eibon Press
9781958344125,está escrito en,Inglés
Lucio Fulci,es autor de la obra,HOUSE by the CEMETERY Book 3
HOUSE by the CEMETERY Book 3,pertenece al género,"Fiction, horror"
HOUSE by the CEMETERY Book 3,pertenece al género,"Comics & graphic novels, general"
9781958344132,es un codigo ISBN para el libro,BEYOND Book 1
9781958344132,es un codigo ISBN de una edicion publicada por,Eibon Press
9781958344132,está escrito en,Inglés
Lucio Fulci,es autor de la obra,BEYOND Book 1
BEYOND Book 1,pertenece al género,"Fiction, horror"
BEYOND Book 1,pertenece al género,"Comics & graphic novels, general"
9781958344163,es un codigo ISBN para el libro,BEYOND Book 4
9781958344163,es un codigo ISBN de una edicion publicada por,Eibon Press
9781958344163,está escrito en,Inglés
Lucio Fulci,es autor de la obra,BEYOND Book 4
BEYOND Book 4,pertenece al género,"Fiction, horror"
BEYOND Book 4,pertenece al género,"Comics & graphic novels, general"
9781958344101,es un codigo ISBN para el libro,HOUSE by the CEMETERY Book 1
9781958344101,es un codigo ISBN de una edicion publicada por,Eibon Press
9781958344101,está escrito en,Inglés
Lucio Fulci,es autor de la obra,HOUSE by the CEMETERY Book 1
HOUSE by the CEMETERY Book 1,pertenece al género,"Fiction, horror"
HOUSE by the CEMETERY Book 1,pertenece al género,"Comics & graphic novels, general"
9781958344095,es un codigo ISBN para el libro,GATES of HELL Book 3
9781958344095,es un codigo ISBN de una edicion publicada por,Eibon Press
9781958344095,está escrito en,Inglés
Lucio Fulci,es autor de la obra,GATES of HELL Book 3
GATES of HELL Book 3,pertenece al género,"Fiction, horror"
GATES of HELL Book 3,pertenece al género,"Comics & graphic novels, general"
9781737994169,es un codigo ISBN para el libro,Lucio Fulci's Gates of Hell
9781737994169,es un codigo ISBN de una edicion publicada por,Eibon Press
9781737994169,está escrito en,Inglés
Lucio Fulci,es autor de la obra,Lucio Fulci's Gates of Hell
Lucio Fulci's Gates of Hell,pertenece al género,"Fiction, horror"
Lucio Fulci's Gates of Hell,pertenece al género,"Comics & graphic novels, general"
Giuliano Carnimeo,es de nacionalidad,Italy
Stefano Boeri,es de nacionalidad,Italy
9781638408192,es un codigo ISBN para el libro,Green Obsession
9781638408192,es un codigo ISBN de una edicion publicada por,Actar D
9781638408192,está escrito en,Inglés
9781948765589,es un codigo ISBN para el libro,Green Obsession
9781948765589,es un codigo ISBN de una edicion publicada por,Actar D
9781948765589,está escrito en,Inglés
Stefano Boeri,es autor de la obra,Green Obsession
Green Obsession,pertenece al género,Architecture
8876241426,es un codigo ISBN para el libro,Mimmo Jodice
8876241426,es un codigo ISBN de una edicion publicada por,"Rizzoli International Publications, Incorporated"
8876241426,es un codigo ISBN de una edicion publicada por,Skira
8876241426,está escrito en,Inglés
9788876241420,es un codigo ISBN para el libro,Mimmo Jodice
9788876241420,es un codigo ISBN de una edicion publicada por,"Rizzoli International Publications, Incorporated"
9788876241420,es un codigo ISBN de una edicion publicada por,Skira
9788876241420,está escrito en,Inglés
Stefano Boeri,es autor de la obra,Mimmo Jodice
Mimmo Jodice,pertenece al género,Pictorial works
Mimmo Jodice,pertenece al género,Sao paulo (brazil : state)
Mimmo Jodice,pertenece al género,"Brazil, description and travel"
9788842817901,es un codigo ISBN para el libro,Fare di più con meno
9788842817901,es un codigo ISBN de una edicion publicada por,Il saggiatore
9788842817901,está escrito en,Italiano
Stefano Boeri,es autor de la obra,Fare di più con meno
Fare di più con meno,pertenece al género,Politics and government
Fare di più con meno,pertenece al género,Interviews
Fare di più con meno,pertenece al género,Architects
8817048313,es un codigo ISBN para el libro,Lettere alla mia città
8817048313,es un codigo ISBN de una edicion publicada por,Biblioteca universale Rizzoli
8817048313,está escrito en,Italiano
9788817048316,es un codigo ISBN para el libro,Lettere alla mia città
9788817048316,es un codigo ISBN de una edicion publicada por,Biblioteca universale Rizzoli
9788817048316,está escrito en,Italiano
Stefano Boeri,es autor de la obra,Lettere alla mia città
9788875702885,es un codigo ISBN para el libro,Biomilano. Sei idee per una metropoli della biodiversità. Ediz. italiana e inglese
9788875702885,es un codigo ISBN de una edicion publicada por,Corraini
8875702888,es un codigo ISBN para el libro,Biomilano. Sei idee per una metropoli della biodiversità. Ediz. italiana e inglese
8875702888,es un codigo ISBN de una edicion publicada por,Corraini
Stefano Boeri,es autor de la obra,Biomilano. Sei idee per una metropoli della biodiversità. Ediz. italiana e inglese
8886116179,es un codigo ISBN para el libro,Il territorio che cambia
8886116179,es un codigo ISBN de una edicion publicada por,Abitare Segesta
8886116179,está escrito en,Italiano
9788886116046,es un codigo ISBN para el libro,Il territorio che cambia
9788886116046,es un codigo ISBN de una edicion publicada por,Abitare Segesta
9788886116046,está escrito en,Italiano
9788886116176,es un codigo ISBN para el libro,Il territorio che cambia
9788886116176,es un codigo ISBN de una edicion publicada por,Abitare Segesta
9788886116176,está escrito en,Italiano
8886116047,es un codigo ISBN para el libro,Il territorio che cambia
8886116047,es un codigo ISBN de una edicion publicada por,Abitare Segesta
8886116047,está escrito en,Italiano
Stefano Boeri,es autor de la obra,Il territorio che cambia
Il territorio che cambia,pertenece al género,City planning
9788875703028,es un codigo ISBN para el libro,Biomilano
9788875703028,es un codigo ISBN de una edicion publicada por,Corraini
9788875703028,está escrito en,Italiano
Stefano Boeri,es autor de la obra,Biomilano
Biomilano,pertenece al género,City planning
Biomilano,pertenece al género,Land use
Biomilano,pertenece al género,Urban agriculture
9788874626953,es un codigo ISBN para el libro,La città scritta
9788874626953,es un codigo ISBN de una edicion publicada por,Quodlibet
9788874626953,está escrito en,Italiano
Stefano Boeri,es autor de la obra,La città scritta
La città scritta,pertenece al género,City planning
La città scritta,pertenece al género,Architecture
9788858143100,es un codigo ISBN para el libro,Urbania
9788858143100,es un codigo ISBN de una edicion publicada por,Editori Laterza GLF
9788858143100,está escrito en,Italiano
Stefano Boeri,es autor de la obra,Urbania
Urbania,pertenece al género,City planning
Urbania,pertenece al género,Environmental aspects
Urbania,pertenece al género,Sustainable urban development
9788842095903,es un codigo ISBN para el libro,L'anticittà
9788842095903,es un codigo ISBN de una edicion publicada por,Laterza
9788842095903,está escrito en,Italiano
Stefano Boeri,es autor de la obra,L'anticittà
L'anticittà,pertenece al género,City planning
L'anticittà,pertenece al género,History
L'anticittà,pertenece al género,Cities and towns
9788495273512,es un codigo ISBN para el libro,Mutations
9788495273512,es un codigo ISBN de una edicion publicada por,Actar
9788495273512,está escrito en,Inglés
8495273519,es un codigo ISBN para el libro,Mutations
8495273519,es un codigo ISBN de una edicion publicada por,Actar
8495273519,está escrito en,Inglés
8495273519,es un codigo ISBN de una edicion publicada por,Arc en rêve centre d'architecture
Stefano Boeri,es autor de la obra,Mutations
Mutations,pertenece al género,Urbanization
Mutations,pertenece al género,Cities and towns
Mutations,pertenece al género,City planning
9788891843210,es un codigo ISBN para el libro,Bosco Verticale
9788891843210,es un codigo ISBN de una edicion publicada por,"Rizzoli International Publications, Incorporated"
9788891843210,está escrito en,Inglés
Stefano Boeri,es autor de la obra,Bosco Verticale
3931141586,es un codigo ISBN para el libro,Italy
3931141586,es un codigo ISBN de una edicion publicada por,Distributed in North America by D.A.P.
3931141586,es un codigo ISBN de una edicion publicada por,Scalo
3931141586,está escrito en,Inglés
3931141586,es un codigo ISBN de una edicion publicada por,Scalo Publishers
9783931141585,es un codigo ISBN para el libro,Italy
9783931141585,es un codigo ISBN de una edicion publicada por,Scalo Publishers
9783931141585,está escrito en,Inglés
Stefano Boeri,es autor de la obra,Italy
Italy,pertenece al género,"Photography, Artistic."
Italy,pertenece al género,Italy -- Pictorial works.
Italy,pertenece al género,Artistic Photography
3211828370,es un codigo ISBN para el libro,Jimmie Durham
3211828370,es un codigo ISBN de una edicion publicada por,Springer
3211828370,está escrito en,Alemán
3211828370,está escrito en,Búlgaro
9783960989264,es un codigo ISBN para el libro,Jimmie Durham
9783960989264,es un codigo ISBN de una edicion publicada por,Verlag der Buchhandlung Walther Konig
9783960989264,está escrito en,Inglés
8881584921,es un codigo ISBN para el libro,Jimmie Durham
8881584921,es un codigo ISBN de una edicion publicada por,Charta/Fondazione Antonio Ratti
8881584921,está escrito en,Francés
9788881584925,es un codigo ISBN para el libro,Jimmie Durham
9788881584925,es un codigo ISBN de una edicion publicada por,Charta/Fondazione Antonio Ratti
9788881584925,está escrito en,Francés
Stefano Boeri,es autor de la obra,Jimmie Durham
Jimmie Durham,pertenece al género,Modern Art
Jimmie Durham,pertenece al género,Exhibitions
Jimmie Durham,pertenece al género,Art
9788875705411,es un codigo ISBN para el libro,A vertical forest
9788875705411,es un codigo ISBN de una edicion publicada por,Corraini edizioni
9788875705411,está escrito en,Inglés
Stefano Boeri,es autor de la obra,A vertical forest
A vertical forest,pertenece al género,Vertical gardening
A vertical forest,pertenece al género,Urban gardening
A vertical forest,pertenece al género,Architecture
9789628604043,es un codigo ISBN para el libro,Urban ecology
9789628604043,es un codigo ISBN de una edicion publicada por,Map Book Publishers
9789628604043,está escrito en,Inglés
962860404X,es un codigo ISBN para el libro,Urban ecology
962860404X,es un codigo ISBN de una edicion publicada por,Map Book Publishers
962860404X,está escrito en,Inglés
Stefano Boeri,es autor de la obra,Urban ecology
Urban ecology,pertenece al género,Urban renewal
Urban ecology,pertenece al género,"Architecture, Modern"
Urban ecology,pertenece al género,Modern Architecture
9788417048068,es un codigo ISBN para el libro,Gabriele Basilico
9788417048068,es un codigo ISBN de una edicion publicada por,La Fábrica
8417048065,es un codigo ISBN para el libro,Gabriele Basilico
8417048065,es un codigo ISBN de una edicion publicada por,La Fábrica
Stefano Boeri,es autor de la obra,Gabriele Basilico
Gabriele Basilico,pertenece al género,Artistic Photography
Gabriele Basilico,pertenece al género,Exhibitions
9788884914927,es un codigo ISBN para el libro,Armin Linke
9788884914927,es un codigo ISBN de una edicion publicada por,Skira
9788884914927,está escrito en,Inglés
9788884914927,está escrito en,Italiano
8884914922,es un codigo ISBN para el libro,Armin Linke
8884914922,es un codigo ISBN de una edicion publicada por,Skira
8884914922,está escrito en,Inglés
8884914922,está escrito en,Italiano
Stefano Boeri,es autor de la obra,Armin Linke
Armin Linke,pertenece al género,Interviews
Armin Linke,pertenece al género,Artistic Photography
Armin Linke,pertenece al género,Exhibitions
9783031294686,es un codigo ISBN para el libro,Transforming Biocities
9783031294686,es un codigo ISBN de una edicion publicada por,Springer International Publishing AG
9783031294686,está escrito en,Inglés
9783031294655,es un codigo ISBN para el libro,Transforming Biocities
9783031294655,es un codigo ISBN de una edicion publicada por,Springer International Publishing AG
9783031294655,está escrito en,Inglés
Stefano Boeri,es autor de la obra,Transforming Biocities
Transforming Biocities,pertenece al género,Biology
9783753305790,es un codigo ISBN para el libro,Lives of Documents
9783753305790,es un codigo ISBN de una edicion publicada por,Verlag der Buchhandlung Walther Konig
9783753305790,está escrito en,Inglés
Stefano Boeri,es autor de la obra,Lives of Documents
9781934510131,es un codigo ISBN para el libro,New Geographies
9781934510131,es un codigo ISBN de una edicion publicada por,Harvard University Press
9781934510131,está escrito en,Inglés
Stefano Boeri,es autor de la obra,New Geographies
New Geographies,pertenece al género,"Architecture, designs and plans"
Massimo Carlotto,es de nacionalidad,Italy
9788807550584,es un codigo ISBN para el libro,Ballata per un traditore
9788807550584,es un codigo ISBN de una edicion publicada por,Giangiacomo Feltrinelli editore
9788807550584,está escrito en,Italiano
Massimo Carlotto,es autor de la obra,Ballata per un traditore
9788866327165,es un codigo ISBN para el libro,Per tutto l'oro del mondo
9788866327165,es un codigo ISBN de una edicion publicada por,Edizioni E/o
9788866327165,está escrito en,Italiano
Massimo Carlotto,es autor de la obra,Per tutto l'oro del mondo
9788887658774,es un codigo ISBN para el libro,"Arrivederci amore, ciao"
9788887658774,es un codigo ISBN de una edicion publicada por,BD
9788887658774,está escrito en,Italiano
Massimo Carlotto,es autor de la obra,"Arrivederci amore, ciao"
9788889702307,es un codigo ISBN para el libro,Lama e trama 3
9788889702307,es un codigo ISBN de una edicion publicada por,Zona
9788889702307,está escrito en,Italiano
8889702303,es un codigo ISBN para el libro,Lama e trama 3
8889702303,es un codigo ISBN de una edicion publicada por,Zona
8889702303,está escrito en,Italiano
Massimo Carlotto,es autor de la obra,Lama e trama 3
Lama e trama 3,pertenece al género,Italian Short stories
Lama e trama 3,pertenece al género,Italian fiction
Lama e trama 3,pertenece al género,Italian Detective and mystery stories
9788817017329,es un codigo ISBN para el libro,Tomka
9788817017329,es un codigo ISBN de una edicion publicada por,Rizzoli
9788817017329,está escrito en,Italiano
Massimo Carlotto,es autor de la obra,Tomka
Tomka,pertenece al género,"Comic books, strips"
Tomka,pertenece al género,History
9788876418181,es un codigo ISBN para el libro,Cristiani di Allah un noir mediterraneo
9788876418181,es un codigo ISBN de una edicion publicada por,E/ o
9788876418181,es un codigo ISBN de una edicion publicada por,Edizioni e/o
Massimo Carlotto,es autor de la obra,Cristiani di Allah un noir mediterraneo
9788806190026,es un codigo ISBN para el libro,Crimini italiani
9788806190026,es un codigo ISBN de una edicion publicada por,Einaudi
9788806190026,está escrito en,Italiano
8806190024,es un codigo ISBN para el libro,Crimini italiani
8806190024,es un codigo ISBN de una edicion publicada por,Einaudi
8806190024,está escrito en,Italiano
Massimo Carlotto,es autor de la obra,Crimini italiani
Crimini italiani,pertenece al género,Italian Detective and mystery stories
Crimini italiani,pertenece al género,Crime
Crimini italiani,pertenece al género,Fiction
9788876181092,es un codigo ISBN para el libro,Alligatore
9788876181092,es un codigo ISBN de una edicion publicada por,Coconino Press
9788876181092,es un codigo ISBN de una edicion publicada por,Fandango
9788876181092,está escrito en,Italiano
8876181091,es un codigo ISBN para el libro,Alligatore
8876181091,es un codigo ISBN de una edicion publicada por,Coconino Press
8876181091,es un codigo ISBN de una edicion publicada por,Fandango
8876181091,está escrito en,Italiano
Massimo Carlotto,es autor de la obra,Alligatore
Alligatore,pertenece al género,Graphic novels
9788817087643,es un codigo ISBN para el libro,Il turista
9788817087643,es un codigo ISBN de una edicion publicada por,Rizzoli
9788817087643,está escrito en,Italiano
Massimo Carlotto,es autor de la obra,Il turista
3442473837,es un codigo ISBN para el libro,Ich vertraue dir
3442473837,es un codigo ISBN de una edicion publicada por,Goldmann
3442473837,está escrito en,Alemán
9783442473830,es un codigo ISBN para el libro,Ich vertraue dir
9783442473830,es un codigo ISBN de una edicion publicada por,Goldmann
9783442473830,está escrito en,Alemán
Massimo Carlotto,es autor de la obra,Ich vertraue dir
9782757807316,es un codigo ISBN para el libro,L'immense obscurité de la mort
9782757807316,es un codigo ISBN de una edicion publicada por,Points
9782757807316,está escrito en,Francés
2757807315,es un codigo ISBN para el libro,L'immense obscurité de la mort
2757807315,es un codigo ISBN de una edicion publicada por,Points
2757807315,está escrito en,Francés
Massimo Carlotto,es autor de la obra,L'immense obscurité de la mort
9782864249047,es un codigo ISBN para el libro,À la fin d'un jour ennuyeux
9782864249047,es un codigo ISBN de una edicion publicada por,Métailié
9782864249047,está escrito en,Francés
2864249049,es un codigo ISBN para el libro,À la fin d'un jour ennuyeux
2864249049,es un codigo ISBN de una edicion publicada por,Métailié
2864249049,está escrito en,Francés
Massimo Carlotto,es autor de la obra,À la fin d'un jour ennuyeux
9788806215477,es un codigo ISBN para el libro,Cocaina
9788806215477,es un codigo ISBN de una edicion publicada por,Einaudi
9788806215477,está escrito en,Italiano
Massimo Carlotto,es autor de la obra,Cocaina
Cocaina,pertenece al género,Italian fiction
Cocaina,pertenece al género,Italian Short stories
9788806212728,es un codigo ISBN para el libro,Le vendicatrici
9788806212728,es un codigo ISBN de una edicion publicada por,Einaudi
9788806212728,está escrito en,Italiano
9788806212704,es un codigo ISBN para el libro,Le vendicatrici
9788806212704,es un codigo ISBN de una edicion publicada por,Einaudi
9788806212704,está escrito en,Italiano
9788806212711,es un codigo ISBN para el libro,Le vendicatrici
9788806212711,es un codigo ISBN de una edicion publicada por,Einaudi
9788806212711,está escrito en,Italiano
9788806212698,es un codigo ISBN para el libro,Le vendicatrici
9788806212698,es un codigo ISBN de una edicion publicada por,Einaudi
9788806212698,está escrito en,Italiano
Massimo Carlotto,es autor de la obra,Le vendicatrici
Le vendicatrici,pertenece al género,Italian fiction
Le vendicatrici,pertenece al género,Revenge
Le vendicatrici,pertenece al género,Fiction
9788866324553,es un codigo ISBN para el libro,Il mondo non mi deve nulla
9788866324553,es un codigo ISBN de una edicion publicada por,Edizioni e/o
9788866324553,está escrito en,Italiano
Massimo Carlotto,es autor de la obra,Il mondo non mi deve nulla
0857053302,es un codigo ISBN para el libro,Cocaine
0857053302,es un codigo ISBN de una edicion publicada por,MacLehose Press
0857053302,está escrito en,Inglés
9780857053305,es un codigo ISBN para el libro,Cocaine
9780857053305,es un codigo ISBN de una edicion publicada por,MacLehose Press
9780857053305,está escrito en,Inglés
Massimo Carlotto,es autor de la obra,Cocaine
Cocaine,pertenece al género,Italian Short stories
Cocaine,pertenece al género,Italian fiction
886632602X,es un codigo ISBN para el libro,La banda degli amanti
886632602X,es un codigo ISBN de una edicion publicada por,nan
886632602X,está escrito en,Italiano
9788866326021,es un codigo ISBN para el libro,La banda degli amanti
9788866326021,es un codigo ISBN de una edicion publicada por,nan
9788866326021,está escrito en,Italiano
Massimo Carlotto,es autor de la obra,La banda degli amanti
160945135X,es un codigo ISBN para el libro,The Colombian mule
160945135X,es un codigo ISBN de una edicion publicada por,Europa Editions
160945135X,está escrito en,Inglés
9781609451356,es un codigo ISBN para el libro,The Colombian mule
9781609451356,es un codigo ISBN de una edicion publicada por,Europa Editions
9781609451356,está escrito en,Inglés
Massimo Carlotto,es autor de la obra,The Colombian mule
The Colombian mule,pertenece al género,Women drug dealers
The Colombian mule,pertenece al género,Drug traffic
The Colombian mule,pertenece al género,Fiction
9788843065684,es un codigo ISBN para el libro,The black album
9788843065684,es un codigo ISBN de una edicion publicada por,Carocci
9788843065684,está escrito en,Italiano
8843065688,es un codigo ISBN para el libro,The black album
8843065688,es un codigo ISBN de una edicion publicada por,Carocci
8843065688,está escrito en,Italiano
Massimo Carlotto,es autor de la obra,The black album
The black album,pertenece al género,Italian Detective and mystery stories
The black album,pertenece al género,Italian Noir fiction
The black album,pertenece al género,History and criticism
9788876419706,es un codigo ISBN para el libro,La verità dell'Alligatore
9788876419706,es un codigo ISBN de una edicion publicada por,Edizioni e/o
9788876419706,está escrito en,Italiano
8876419705,es un codigo ISBN para el libro,La verità dell'Alligatore
8876419705,es un codigo ISBN de una edicion publicada por,Edizioni e/o
8876419705,está escrito en,Italiano
Massimo Carlotto,es autor de la obra,La verità dell'Alligatore
9788876419713,es un codigo ISBN para el libro,Il mistero di Mangiabarche
9788876419713,es un codigo ISBN de una edicion publicada por,Edizioni e/o
9788876419713,está escrito en,Italiano
8876419713,es un codigo ISBN para el libro,Il mistero di Mangiabarche
8876419713,es un codigo ISBN de una edicion publicada por,Edizioni e/o
8876419713,está escrito en,Italiano
Massimo Carlotto,es autor de la obra,Il mistero di Mangiabarche
9788876418730,es un codigo ISBN para el libro,L'amore del bandito
9788876418730,es un codigo ISBN de una edicion publicada por,e/o
9788876418730,está escrito en,Italiano
8876418733,es un codigo ISBN para el libro,L'amore del bandito
8876418733,es un codigo ISBN de una edicion publicada por,e/o
8876418733,está escrito en,Italiano
Massimo Carlotto,es autor de la obra,L'amore del bandito
L'amore del bandito,pertenece al género,Gangsters
L'amore del bandito,pertenece al género,Mafia
L'amore del bandito,pertenece al género,Fiction
1933372915,es un codigo ISBN para el libro,Poisonville
1933372915,es un codigo ISBN de una edicion publicada por,Europa Editions
1933372915,está escrito en,Inglés
9781933372914,es un codigo ISBN para el libro,Poisonville
9781933372914,es un codigo ISBN de una edicion publicada por,Europa Editions
9781933372914,está escrito en,Inglés
Massimo Carlotto,es autor de la obra,Poisonville
Poisonville,pertenece al género,Organized crime
Poisonville,pertenece al género,Violence
Poisonville,pertenece al género,Economic conditions
1933372052,es un codigo ISBN para el libro,The goodbye kiss
1933372052,es un codigo ISBN de una edicion publicada por,Europa Editions
1933372052,está escrito en,Inglés
9781933372051,es un codigo ISBN para el libro,The goodbye kiss
9781933372051,es un codigo ISBN de una edicion publicada por,Europa Editions
9781933372051,está escrito en,Inglés
Massimo Carlotto,es autor de la obra,The goodbye kiss
The goodbye kiss,pertenece al género,Detective and mystery stories
The goodbye kiss,pertenece al género,"Fiction, romance, general"
The goodbye kiss,pertenece al género,Crime
9788807880056,es un codigo ISBN para el libro,Il giardino di Gaia
9788807880056,es un codigo ISBN de una edicion publicada por,Giangiacomo Feltrinelli Editore
9788807880056,está escrito en,Italiano
9788867156108,es un codigo ISBN para el libro,Il giardino di Gaia
9788867156108,es un codigo ISBN de una edicion publicada por,Salani
9788867156108,está escrito en,Italiano
8867156101,es un codigo ISBN para el libro,Il giardino di Gaia
8867156101,es un codigo ISBN de una edicion publicada por,Salani
8867156101,está escrito en,Italiano
Massimo Carlotto,es autor de la obra,Il giardino di Gaia
9788887517460,es un codigo ISBN para el libro,Viva l'Italia
9788887517460,es un codigo ISBN de una edicion publicada por,Fandango libri
9788887517460,está escrito en,Italiano
8887517460,es un codigo ISBN para el libro,Viva l'Italia
8887517460,es un codigo ISBN de una edicion publicada por,Fandango libri
8887517460,está escrito en,Italiano
Massimo Carlotto,es autor de la obra,Viva l'Italia
Viva l'Italia,pertenece al género,Italian Short stories
Viva l'Italia,pertenece al género,Italian fiction
8886981341,es un codigo ISBN para el libro,Capodanno nero
8886981341,es un codigo ISBN de una edicion publicada por,Todaro
8886981341,está escrito en,Italiano
Massimo Carlotto,es autor de la obra,Capodanno nero
Capodanno nero,pertenece al género,Italian fiction
Capodanno nero,pertenece al género,Italian Short stories
Capodanno nero,pertenece al género,New Year
8890068914,es un codigo ISBN para el libro,Giallo Wave
8890068914,es un codigo ISBN de una edicion publicada por,Big Square
8890068914,es un codigo ISBN de una edicion publicada por,Progetto cultura
8890068914,está escrito en,Italiano
Massimo Carlotto,es autor de la obra,Giallo Wave
Giallo Wave,pertenece al género,Italian Detective and mystery stories
9781609451141,es un codigo ISBN para el libro,At The End Of A Dull Day
9781609451141,es un codigo ISBN de una edicion publicada por,Europa Editions
Massimo Carlotto,es autor de la obra,At The End Of A Dull Day
At The End Of A Dull Day,pertenece al género,Detective and mystery stories
At The End Of A Dull Day,pertenece al género,Revenge
At The End Of A Dull Day,pertenece al género,Fiction
9788874241248,es un codigo ISBN para el libro,Catfish
9788874241248,es un codigo ISBN de una edicion publicada por,Aliberti
9788874241248,está escrito en,Italiano
Massimo Carlotto,es autor de la obra,Catfish
Giuseppe Ungaretti,es de nacionalidad,Italy
0949264725,es un codigo ISBN para el libro,The buried harbour
0949264725,es un codigo ISBN de una edicion publicada por,Leros Press
0949264725,está escrito en,Inglés
0949264725,está escrito en,Italiano
Giuseppe Ungaretti,es autor de la obra,The buried harbour
8804085975,es un codigo ISBN para el libro,Vita d'un uomo
8804085975,es un codigo ISBN de una edicion publicada por,A. Mondadori
8804085975,está escrito en,Italiano
8804085975,está escrito en,Francés
Giuseppe Ungaretti,es autor de la obra,Vita d'un uomo
Alessandro Baricco,es de nacionalidad,Italy
9788433961808,es un codigo ISBN para el libro,Next
9788433961808,es un codigo ISBN de una edicion publicada por,Editorial Anagrama
8433961802,es un codigo ISBN para el libro,Next
8433961802,es un codigo ISBN de una edicion publicada por,Editorial Anagrama
9788482644110,es un codigo ISBN para el libro,Next
9788482644110,es un codigo ISBN de una edicion publicada por,Edicions de La Magrana
9788482644110,está escrito en,Catalán
9782226133151,es un codigo ISBN para el libro,Next
9782226133151,es un codigo ISBN de una edicion publicada por,Albin Michel
9782226133151,está escrito en,Francés
2226133151,es un codigo ISBN para el libro,Next
2226133151,es un codigo ISBN de una edicion publicada por,Albin Michel
2226133151,está escrito en,Francés
8807840146,es un codigo ISBN para el libro,Next
8807840146,es un codigo ISBN de una edicion publicada por,Feltrinelli
8807840146,está escrito en,Italiano
9788807840142,es un codigo ISBN para el libro,Next
9788807840142,es un codigo ISBN de una edicion publicada por,Feltrinelli
9788807840142,está escrito en,Italiano
8433967843,es un codigo ISBN para el libro,Next
8433967843,es un codigo ISBN de una edicion publicada por,Anagrama
8433967843,está escrito en,Español
9788433967848,es un codigo ISBN para el libro,Next
9788433967848,es un codigo ISBN de una edicion publicada por,Anagrama
9788433967848,está escrito en,Español
Alessandro Baricco,es autor de la obra,Next
Next,pertenece al género,Globalization
Next,pertenece al género,International economic relations
Next,pertenece al género,Economic aspects
2070327663,es un codigo ISBN para el libro,Novecento Pianiste Fo Bi
2070327663,es un codigo ISBN de una edicion publicada por,Gallimard Education
9782070327669,es un codigo ISBN para el libro,Novecento Pianiste Fo Bi
9782070327669,es un codigo ISBN de una edicion publicada por,Gallimard Education
Alessandro Baricco,es autor de la obra,Novecento Pianiste Fo Bi
9788807720819,es un codigo ISBN para el libro,Next
9788807720819,es un codigo ISBN de una edicion publicada por,Feltrinelli
8807720817,es un codigo ISBN para el libro,Next
8807720817,es un codigo ISBN de una edicion publicada por,Feltrinelli
9655091562,es un codigo ISBN para el libro,Siṭi
9655091562,es un codigo ISBN de una edicion publicada por,Kineret
9655091562,está escrito en,heb
Alessandro Baricco,es autor de la obra,Siṭi
1841954853,es un codigo ISBN para el libro,Without blood
1841954853,es un codigo ISBN de una edicion publicada por,Canongate
1841954853,está escrito en,Inglés
Alessandro Baricco,es autor de la obra,Without blood
Without blood,pertenece al género,"World War, 1939-1945"
Without blood,pertenece al género,Fiction
Without blood,pertenece al género,Fascism
9781976865350,es un codigo ISBN para el libro,Niente
9781976865350,es un codigo ISBN de una edicion publicada por,Independently Published
9781976865350,está escrito en,Italiano
Alessandro Baricco,es autor de la obra,Niente
8887517037,es un codigo ISBN para el libro,Totem
8887517037,es un codigo ISBN de una edicion publicada por,Fandango libri
8887517037,está escrito en,Italiano
Alessandro Baricco,es autor de la obra,Totem
Totem,pertenece al género,Theater
Totem,pertenece al género,History
Totem,pertenece al género,Readers' theater
9788433967497,es un codigo ISBN para el libro,Oceano mare
9788433967497,es un codigo ISBN de una edicion publicada por,Anagrama
9788433967497,está escrito en,Español
8433908847,es un codigo ISBN para el libro,Oceano mare
8433908847,es un codigo ISBN de una edicion publicada por,Anagrama
8433908847,está escrito en,Español
9781847671363,es un codigo ISBN para el libro,Oceano mare
9781847671363,es un codigo ISBN de una edicion publicada por,Canongate Books
9781847671363,está escrito en,Inglés
8846200373,es un codigo ISBN para el libro,Oceano mare
8846200373,es un codigo ISBN de una edicion publicada por,Rizzoli
9788846200372,es un codigo ISBN para el libro,Oceano mare
9788846200372,es un codigo ISBN de una edicion publicada por,Rizzoli
9780140288025,es un codigo ISBN para el libro,Oceano mare
9780140288025,es un codigo ISBN de una edicion publicada por,Penguin Books Ltd
0140288023,es un codigo ISBN para el libro,Oceano mare
0140288023,es un codigo ISBN de una edicion publicada por,Penguin Books Ltd
9781782111610,es un codigo ISBN para el libro,Oceano mare
9781782111610,es un codigo ISBN de una edicion publicada por,Canongate Books
9781782111610,está escrito en,Inglés
9781786896438,es un codigo ISBN para el libro,Oceano mare
9781786896438,es un codigo ISBN de una edicion publicada por,Canongate Books
9781786896438,está escrito en,Inglés
9783492233224,es un codigo ISBN para el libro,Oceano mare
9783492233224,es un codigo ISBN de una edicion publicada por,Piper
9783492233224,está escrito en,Alemán
3492233228,es un codigo ISBN para el libro,Oceano mare
3492233228,es un codigo ISBN de una edicion publicada por,Piper
3492233228,está escrito en,Alemán
9783492237499,es un codigo ISBN para el libro,Oceano mare
9783492237499,es un codigo ISBN de una edicion publicada por,Piper
9783492237499,está escrito en,Alemán
3492237495,es un codigo ISBN para el libro,Oceano mare
3492237495,es un codigo ISBN de una edicion publicada por,Piper
3492237495,está escrito en,Alemán
9780375404238,es un codigo ISBN para el libro,Oceano mare
9780375404238,es un codigo ISBN de una edicion publicada por,Alfred A. Knopf
9780375404238,está escrito en,Inglés
0375404236,es un codigo ISBN para el libro,Oceano mare
0375404236,es un codigo ISBN de una edicion publicada por,Alfred A. Knopf
0375404236,está escrito en,Inglés
9782070419586,es un codigo ISBN para el libro,Oceano mare
9782070419586,es un codigo ISBN de una edicion publicada por,Gallimard
9782070419586,está escrito en,Francés
2070419584,es un codigo ISBN para el libro,Oceano mare
2070419584,es un codigo ISBN de una edicion publicada por,Gallimard
2070419584,está escrito en,Francés
9783492038751,es un codigo ISBN para el libro,Oceano mare
9783492038751,es un codigo ISBN de una edicion publicada por,Piper
9783492038751,está escrito en,Alemán
3492038751,es un codigo ISBN para el libro,Oceano mare
3492038751,es un codigo ISBN de una edicion publicada por,Piper
3492038751,está escrito en,Alemán
9788817106108,es un codigo ISBN para el libro,Oceano mare
9788817106108,es un codigo ISBN de una edicion publicada por,Biblioteca Universale Rizzoli
9788817106108,está escrito en,Italiano
8817106100,es un codigo ISBN para el libro,Oceano mare
8817106100,es un codigo ISBN de una edicion publicada por,Biblioteca Universale Rizzoli
8817106100,está escrito en,Italiano
9783492235211,es un codigo ISBN para el libro,Oceano mare
9783492235211,es un codigo ISBN de una edicion publicada por,Piper
9783492235211,está escrito en,Alemán
3492235212,es un codigo ISBN para el libro,Oceano mare
3492235212,es un codigo ISBN de una edicion publicada por,Piper
3492235212,está escrito en,Alemán
2226095705,es un codigo ISBN para el libro,Oceano mare
2226095705,es un codigo ISBN de una edicion publicada por,Albin Michel
2226095705,está escrito en,Francés
9782226095701,es un codigo ISBN para el libro,Oceano mare
9782226095701,es un codigo ISBN de una edicion publicada por,Albin Michel
9782226095701,está escrito en,Francés
Alessandro Baricco,es autor de la obra,Oceano mare
Oceano mare,pertenece al género,Italian fiction
Oceano mare,pertenece al género,Translations into English
Oceano mare,pertenece al género,Psychological fiction
9781782690467,es un codigo ISBN para el libro,La storia di Don Giovanni
9781782690467,es un codigo ISBN de una edicion publicada por,"Pushkin Press, Limited"
9781782690467,está escrito en,Inglés
9785271454608,es un codigo ISBN para el libro,La storia di Don Giovanni
9785271454608,es un codigo ISBN de una edicion publicada por,Astrel
9785271454608,está escrito en,rus
5271454606,es un codigo ISBN para el libro,La storia di Don Giovanni
5271454606,es un codigo ISBN de una edicion publicada por,Astrel
5271454606,está escrito en,rus
9781782690153,es un codigo ISBN para el libro,La storia di Don Giovanni
9781782690153,es un codigo ISBN de una edicion publicada por,Pushkin Children's Books
9781782690153,está escrito en,Inglés
Alessandro Baricco,es autor de la obra,La storia di Don Giovanni
La storia di Don Giovanni,pertenece al género,Fiction
9788807492037,es un codigo ISBN para el libro,Il nuovo Barnum
9788807492037,es un codigo ISBN de una edicion publicada por,Feltrinelli
9788807492037,está escrito en,Italiano
9788433964793,es un codigo ISBN para el libro,Il nuovo Barnum
9788433964793,es un codigo ISBN de una edicion publicada por,Editorial Anagrama
8433964798,es un codigo ISBN para el libro,Il nuovo Barnum
8433964798,es un codigo ISBN de una edicion publicada por,Editorial Anagrama
Alessandro Baricco,es autor de la obra,Il nuovo Barnum
9788807819674,es un codigo ISBN para el libro,City
9788807819674,es un codigo ISBN de una edicion publicada por,Feltrinelli
9788807819674,está escrito en,Italiano
8807819678,es un codigo ISBN para el libro,City
8807819678,es un codigo ISBN de una edicion publicada por,Feltrinelli
8807819678,está escrito en,Italiano
3423130016,es un codigo ISBN para el libro,City
3423130016,es un codigo ISBN de una edicion publicada por,Deutscher Taschenbuch Verlag
3423130016,está escrito en,Alemán
9780140293289,es un codigo ISBN para el libro,City
9780140293289,es un codigo ISBN de una edicion publicada por,"Penguin Books, Limited"
9780140293289,está escrito en,Inglés
9783455651263,es un codigo ISBN para el libro,City
9783455651263,es un codigo ISBN de una edicion publicada por,Atlantik Verlag
9783455651263,está escrito en,Alemán
3455651267,es un codigo ISBN para el libro,City
3455651267,es un codigo ISBN de una edicion publicada por,Atlantik Verlag
3455651267,está escrito en,Alemán
9789023437314,es un codigo ISBN para el libro,City
9789023437314,es un codigo ISBN de una edicion publicada por,De Bezige Bij
9789023437314,está escrito en,Neerlandés
9023437314,es un codigo ISBN para el libro,City
9023437314,es un codigo ISBN de una edicion publicada por,De Bezige Bij
9023437314,está escrito en,Neerlandés
8807882809,es un codigo ISBN para el libro,City
8807882809,es un codigo ISBN de una edicion publicada por,Feltrinelli
9788807882807,es un codigo ISBN para el libro,City
9788807882807,es un codigo ISBN de una edicion publicada por,Feltrinelli
2226115307,es un codigo ISBN para el libro,City
2226115307,es un codigo ISBN de una edicion publicada por,Albin Michel
2226115307,está escrito en,Francés
9782226115300,es un codigo ISBN para el libro,City
9782226115300,es un codigo ISBN de una edicion publicada por,Albin Michel
9782226115300,está escrito en,Francés
8433977016,es un codigo ISBN para el libro,City
8433977016,es un codigo ISBN de una edicion publicada por,Editorial Anagrama
8433977016,está escrito en,Español
9788433977014,es un codigo ISBN para el libro,City
9788433977014,es un codigo ISBN de una edicion publicada por,Editorial Anagrama
9788433977014,está escrito en,Español
881786563X,es un codigo ISBN para el libro,City
881786563X,es un codigo ISBN de una edicion publicada por,Bibliotex
881786563X,está escrito en,Inglés
9788817865630,es un codigo ISBN para el libro,City
9788817865630,es un codigo ISBN de una edicion publicada por,Bibliotex
9788817865630,está escrito en,Inglés
3423130016,es un codigo ISBN de una edicion publicada por,Dtv
9783423130011,es un codigo ISBN para el libro,City
9783423130011,es un codigo ISBN de una edicion publicada por,Dtv
9780241141014,es un codigo ISBN para el libro,City
9780241141014,es un codigo ISBN de una edicion publicada por,Hamish Hamilton Ltd
024114101X,es un codigo ISBN para el libro,City
024114101X,es un codigo ISBN de una edicion publicada por,Hamish Hamilton Ltd
8817861022,es un codigo ISBN para el libro,City
8817861022,es un codigo ISBN de una edicion publicada por,Rizzoli
8817861022,está escrito en,Italiano
9782070419579,es un codigo ISBN para el libro,City
9782070419579,es un codigo ISBN de una edicion publicada por,Gallimard
9782070419579,está escrito en,Francés
2070419576,es un codigo ISBN para el libro,City
2070419576,es un codigo ISBN de una edicion publicada por,Gallimard
2070419576,está escrito en,Francés
024114101X,es un codigo ISBN de una edicion publicada por,H. Hamilton
024114101X,es un codigo ISBN de una edicion publicada por,Penguin Putnam
024114101X,está escrito en,Inglés
0375411429,es un codigo ISBN para el libro,City
0375411429,es un codigo ISBN de una edicion publicada por,Alfred A. Knopf
0375411429,está escrito en,Inglés
Alessandro Baricco,es autor de la obra,City
City,pertenece al género,Cities and towns
City,pertenece al género,Fiction
City,pertenece al género,Italian language materials
853591966X,es un codigo ISBN para el libro,Emmaus
853591966X,es un codigo ISBN de una edicion publicada por,Companhia das Letras
853591966X,está escrito en,Portugués
9788535919660,es un codigo ISBN para el libro,Emmaus
9788535919660,es un codigo ISBN de una edicion publicada por,Companhia das Letras
9788535919660,está escrito en,Portugués
9788498653229,es un codigo ISBN para el libro,Emmaus
9788498653229,es un codigo ISBN de una edicion publicada por,"Editorial Galaxia, S.A."
8498653223,es un codigo ISBN para el libro,Emmaus
8498653223,es un codigo ISBN de una edicion publicada por,"Editorial Galaxia, S.A."
9782070454501,es un codigo ISBN para el libro,Emmaus
9782070454501,es un codigo ISBN de una edicion publicada por,Gallimard
2070454509,es un codigo ISBN para el libro,Emmaus
2070454509,es un codigo ISBN de una edicion publicada por,Gallimard
8433975560,es un codigo ISBN para el libro,Emmaus
8433975560,es un codigo ISBN de una edicion publicada por,Editorial Anagrama S.A.
9788433975560,es un codigo ISBN para el libro,Emmaus
9788433975560,es un codigo ISBN de una edicion publicada por,Editorial Anagrama S.A.
8433977091,es un codigo ISBN para el libro,Emmaus
8433977091,es un codigo ISBN de una edicion publicada por,Anagrama
8433977091,está escrito en,Español
9788433977090,es un codigo ISBN para el libro,Emmaus
9788433977090,es un codigo ISBN de una edicion publicada por,Anagrama
9788433977090,está escrito en,Español
9781938073304,es un codigo ISBN para el libro,Emmaus
9781938073304,es un codigo ISBN de una edicion publicada por,McSweeney's Publishing
9781938073304,está escrito en,Inglés
9782070131709,es un codigo ISBN para el libro,Emmaus
9782070131709,es un codigo ISBN de una edicion publicada por,Gallimard
9782070131709,está escrito en,Francés
207013170X,es un codigo ISBN para el libro,Emmaus
207013170X,es un codigo ISBN de una edicion publicada por,Gallimard
207013170X,está escrito en,Francés
9781938073151,es un codigo ISBN para el libro,Emmaus
9781938073151,es un codigo ISBN de una edicion publicada por,McSweeney's Publishing
9781938073151,está escrito en,Inglés
9788807017988,es un codigo ISBN para el libro,Emmaus
9788807017988,es un codigo ISBN de una edicion publicada por,Feltrinelli
9788807017988,está escrito en,Italiano
9781936365593,es un codigo ISBN para el libro,Emmaus
9781936365593,es un codigo ISBN de una edicion publicada por,McSweeney's Books
9781936365593,está escrito en,Inglés
1936365596,es un codigo ISBN para el libro,Emmaus
1936365596,es un codigo ISBN de una edicion publicada por,McSweeney's Books
1936365596,está escrito en,Inglés
3446238247,es un codigo ISBN para el libro,Emmaus
3446238247,es un codigo ISBN de una edicion publicada por,"Hanser, Carl GmbH + Co."
9783446238244,es un codigo ISBN para el libro,Emmaus
9783446238244,es un codigo ISBN de una edicion publicada por,"Hanser, Carl GmbH + Co."
Alessandro Baricco,es autor de la obra,Emmaus
Emmaus,pertenece al género,Young men
Emmaus,pertenece al género,Fiction
Emmaus,pertenece al género,"Fiction, coming of age"
9781322552675,es un codigo ISBN para el libro,Mr. Gwyn & Three Times at Dawn
9781322552675,es un codigo ISBN de una edicion publicada por,McSweeney's Publishing
9781322552675,está escrito en,Inglés
9781938073960,es un codigo ISBN para el libro,Mr. Gwyn & Three Times at Dawn
9781938073960,es un codigo ISBN de una edicion publicada por,McSweeney's
9781938073960,está escrito en,Inglés
1938073967,es un codigo ISBN para el libro,Mr. Gwyn & Three Times at Dawn
1938073967,es un codigo ISBN de una edicion publicada por,McSweeney's
1938073967,está escrito en,Inglés
Alessandro Baricco,es autor de la obra,Mr. Gwyn & Three Times at Dawn
Mr. Gwyn & Three Times at Dawn,pertenece al género,Authors
Mr. Gwyn & Three Times at Dawn,pertenece al género,Midlife crisis
Mr. Gwyn & Three Times at Dawn,pertenece al género,Fiction
8433908405,es un codigo ISBN para el libro,Seta
8433908405,es un codigo ISBN de una edicion publicada por,Anagrama
8433908405,está escrito en,Español
9781841958354,es un codigo ISBN para el libro,Seta
9781841958354,es un codigo ISBN de una edicion publicada por,Canongate Books Ltd
1841958352,es un codigo ISBN para el libro,Seta
1841958352,es un codigo ISBN de una edicion publicada por,Canongate Books Ltd
9788433915955,es un codigo ISBN para el libro,Seta
9788433915955,es un codigo ISBN de una edicion publicada por,Anagrama
9788433915955,es un codigo ISBN de una edicion publicada por,Editorial Anagrama
8433915959,es un codigo ISBN para el libro,Seta
8433915959,es un codigo ISBN de una edicion publicada por,Anagrama
8433915959,es un codigo ISBN de una edicion publicada por,Editorial Anagrama
9788426391186,es un codigo ISBN para el libro,Seta
9788426391186,es un codigo ISBN de una edicion publicada por,Edelvives
9788426391186,es un codigo ISBN de una edicion publicada por,Editorial Luis Vives (Edelvives)
9788433976598,es un codigo ISBN para el libro,Seta
9788433976598,es un codigo ISBN de una edicion publicada por,Editorial Anagrama
8433976591,es un codigo ISBN para el libro,Seta
8433976591,es un codigo ISBN de una edicion publicada por,Editorial Anagrama
8860440432,es un codigo ISBN para el libro,Seta
8860440432,es un codigo ISBN de una edicion publicada por,Fandango libri
8860440432,está escrito en,Italiano
9788860440433,es un codigo ISBN para el libro,Seta
9788860440433,es un codigo ISBN de una edicion publicada por,Fandango libri
9788860440433,está escrito en,Italiano
9788807720567,es un codigo ISBN para el libro,Seta
9788807720567,es un codigo ISBN de una edicion publicada por,Feltrinelli Traveller
8807720566,es un codigo ISBN para el libro,Seta
8807720566,es un codigo ISBN de una edicion publicada por,Feltrinelli Traveller
9788807880896,es un codigo ISBN para el libro,Seta
9788807880896,es un codigo ISBN de una edicion publicada por,Feltrinelli
9788807880896,está escrito en,Italiano
880788089X,es un codigo ISBN para el libro,Seta
880788089X,es un codigo ISBN de una edicion publicada por,Feltrinelli
880788089X,está escrito en,Italiano
9780099448839,es un codigo ISBN para el libro,Seta
9780099448839,es un codigo ISBN de una edicion publicada por,Vintage
9780099448839,está escrito en,Inglés
0099448831,es un codigo ISBN para el libro,Seta
0099448831,es un codigo ISBN de una edicion publicada por,Vintage
0099448831,está escrito en,Inglés
9781841959528,es un codigo ISBN para el libro,Seta
9781841959528,es un codigo ISBN de una edicion publicada por,Canongate Books
9781841959528,está escrito en,Inglés
9781299205208,es un codigo ISBN para el libro,Seta
9781299205208,es un codigo ISBN de una edicion publicada por,Knopf Doubleday Publishing Group
9781299205208,está escrito en,Inglés
9781786896421,es un codigo ISBN para el libro,Seta
9781786896421,es un codigo ISBN de una edicion publicada por,Canongate Books
9781786896421,está escrito en,Inglés
Alessandro Baricco,es autor de la obra,Seta
Seta,pertenece al género,Novela italiana
Seta,pertenece al género,Fiction
Seta,pertenece al género,Travel
9788579622939,es un codigo ISBN para el libro,Mr Gwyn
9788579622939,es un codigo ISBN de una edicion publicada por,Alfaguara
9788579622939,está escrito en,Portugués
9788433978493,es un codigo ISBN para el libro,Mr Gwyn
9788433978493,es un codigo ISBN de una edicion publicada por,Anagrama
9788433978493,es un codigo ISBN de una edicion publicada por,Editorial Anagrama
8433978497,es un codigo ISBN para el libro,Mr Gwyn
8433978497,es un codigo ISBN de una edicion publicada por,Anagrama
8433978497,es un codigo ISBN de una edicion publicada por,Editorial Anagrama
9781940450551,es un codigo ISBN para el libro,Mr Gwyn
9781940450551,es un codigo ISBN de una edicion publicada por,McSweeney's Publishing
9781940450551,está escrito en,Inglés
9789750716072,es un codigo ISBN para el libro,Mr Gwyn
9789750716072,es un codigo ISBN de una edicion publicada por,Can
9750716078,es un codigo ISBN para el libro,Mr Gwyn
9750716078,es un codigo ISBN de una edicion publicada por,Can
2070454517,es un codigo ISBN para el libro,Mr Gwyn
2070454517,es un codigo ISBN de una edicion publicada por,Gallimard
2070454517,está escrito en,Francés
9782070454518,es un codigo ISBN para el libro,Mr Gwyn
9782070454518,es un codigo ISBN de una edicion publicada por,Gallimard
9782070454518,está escrito en,Francés
9788807880018,es un codigo ISBN para el libro,Mr Gwyn
9788807880018,es un codigo ISBN de una edicion publicada por,Feltrinelli
9788807880018,está escrito en,Italiano
9788498654684,es un codigo ISBN para el libro,Mr Gwyn
9788498654684,es un codigo ISBN de una edicion publicada por,"Editorial Galaxia, S.A."
8498654688,es un codigo ISBN para el libro,Mr Gwyn
8498654688,es un codigo ISBN de una edicion publicada por,"Editorial Galaxia, S.A."
9788807018626,es un codigo ISBN para el libro,Mr Gwyn
9788807018626,es un codigo ISBN de una edicion publicada por,Feltrinelli
9788807018626,está escrito en,Italiano
9782070142361,es un codigo ISBN para el libro,Mr Gwyn
9782070142361,es un codigo ISBN de una edicion publicada por,Gallimard
9782070142361,está escrito en,Francés
2070142361,es un codigo ISBN para el libro,Mr Gwyn
2070142361,es un codigo ISBN de una edicion publicada por,Gallimard
2070142361,está escrito en,Francés
9783455000429,es un codigo ISBN para el libro,Mr Gwyn
9783455000429,es un codigo ISBN de una edicion publicada por,Atlantik Verlag
3455000428,es un codigo ISBN para el libro,Mr Gwyn
3455000428,es un codigo ISBN de una edicion publicada por,Atlantik Verlag
Alessandro Baricco,es autor de la obra,Mr Gwyn
Mr Gwyn,pertenece al género,Écrivains
Mr Gwyn,pertenece al género,"Romans, nouvelles"
Mr Gwyn,pertenece al género,"Fiction, psychological"
9781306915045,es un codigo ISBN para el libro,Barbarians
9781306915045,es un codigo ISBN de una edicion publicada por,"Rizzoli International Publications, Incorporated"
9781306915045,está escrito en,Inglés
Alessandro Baricco,es autor de la obra,Barbarians
8381103002,es un codigo ISBN para el libro,Panna mloda
8381103002,es un codigo ISBN de una edicion publicada por,Sonia Draga
9788381103008,es un codigo ISBN para el libro,Panna mloda
9788381103008,es un codigo ISBN de una edicion publicada por,Sonia Draga
Alessandro Baricco,es autor de la obra,Panna mloda
9788433916518,es un codigo ISBN para el libro,Lo que estábamos buscando
9788433916518,es un codigo ISBN de una edicion publicada por,Anagrama
9788433916518,es un codigo ISBN de una edicion publicada por,Editorial Anagrama
8433916513,es un codigo ISBN para el libro,Lo que estábamos buscando
8433916513,es un codigo ISBN de una edicion publicada por,Anagrama
8433916513,es un codigo ISBN de una edicion publicada por,Editorial Anagrama
Alessandro Baricco,es autor de la obra,Lo que estábamos buscando
9788433966223,es un codigo ISBN para el libro,Novecento
9788433966223,es un codigo ISBN de una edicion publicada por,Anagrama
9788433966223,está escrito en,Español
8433966227,es un codigo ISBN para el libro,Novecento
8433966227,es un codigo ISBN de una edicion publicada por,Anagrama
8433966227,está escrito en,Español
9788433928436,es un codigo ISBN para el libro,Novecento
9788433928436,es un codigo ISBN de una edicion publicada por,Anagrama
9788433928436,está escrito en,Español
8482642359,es un codigo ISBN para el libro,Novecento
8482642359,es un codigo ISBN de una edicion publicada por,La Magrana
8482642359,está escrito en,Catalán
842266822X,es un codigo ISBN para el libro,Novecento
842266822X,es un codigo ISBN de una edicion publicada por,Círculo de Lectores
842266822X,está escrito en,Español
8492160519,es un codigo ISBN para el libro,Novecento
8492160519,es un codigo ISBN de una edicion publicada por,Amaranto
8492160519,está escrito en,Español
9781350414068,es un codigo ISBN para el libro,Novecento
9781350414068,es un codigo ISBN de una edicion publicada por,Bloomsbury Publishing Plc
9781350414068,está escrito en,Inglés
9788433928436,es un codigo ISBN de una edicion publicada por,Editorial Anagrama S.A.
8433928430,es un codigo ISBN para el libro,Novecento
8433928430,es un codigo ISBN de una edicion publicada por,Editorial Anagrama S.A.
8886142471,es un codigo ISBN para el libro,Novecento
8886142471,es un codigo ISBN de una edicion publicada por,L'angolo Manzoni
8886142471,está escrito en,Italiano
3492230857,es un codigo ISBN para el libro,Novecento
3492230857,es un codigo ISBN de una edicion publicada por,Piper München Zürich
3492230857,está escrito en,Alemán
9788807880889,es un codigo ISBN para el libro,Novecento
9788807880889,es un codigo ISBN de una edicion publicada por,Feltrinelli
9788807880889,está escrito en,Italiano
8807880881,es un codigo ISBN para el libro,Novecento
8807880881,es un codigo ISBN de una edicion publicada por,Feltrinelli
8807880881,está escrito en,Italiano
9782842053871,es un codigo ISBN para el libro,Novecento
9782842053871,es un codigo ISBN de una edicion publicada por,Mille et une nuits
9782842053871,está escrito en,Francés
2842053877,es un codigo ISBN para el libro,Novecento
2842053877,es un codigo ISBN de una edicion publicada por,Mille et une nuits
2842053877,está escrito en,Francés
2070419878,es un codigo ISBN para el libro,Novecento
2070419878,es un codigo ISBN de una edicion publicada por,Gallimard
2070419878,está escrito en,Francés
9782070419876,es un codigo ISBN para el libro,Novecento
9782070419876,es un codigo ISBN de una edicion publicada por,Gallimard
9782070419876,está escrito en,Francés
9782072722271,es un codigo ISBN para el libro,Novecento
9782072722271,es un codigo ISBN de una edicion publicada por,Gallimard
9782072722271,está escrito en,Francés
Alessandro Baricco,es autor de la obra,Novecento
Novecento,pertenece al género,Band musicians
Novecento,pertenece al género,Fiction
Novecento,pertenece al género,Pianists
9788433961181,es un codigo ISBN para el libro,Don Juan
9788433961181,es un codigo ISBN de una edicion publicada por,Editorial Anagrama S.A.
9788433961181,está escrito en,Español
Alessandro Baricco,es autor de la obra,Don Juan
9788807493430,es un codigo ISBN para el libro,La via della narrazione
9788807493430,es un codigo ISBN de una edicion publicada por,Feltrinelli
9788807493430,está escrito en,Italiano
Alessandro Baricco,es autor de la obra,La via della narrazione
La via della narrazione,pertenece al género,Narration (Rhetoric)
La via della narrazione,pertenece al género,Study and teaching
La via della narrazione,pertenece al género,Creative writing (Graduate education)
9781940450018,es un codigo ISBN para el libro,Stories upon Stories
9781940450018,es un codigo ISBN de una edicion publicada por,McSweeney's Publishing
9781940450018,está escrito en,Inglés
Alessandro Baricco,es autor de la obra,Stories upon Stories
Stories upon Stories,pertenece al género,Children's fiction
9788366460072,es un codigo ISBN para el libro,Jedwab
9788366460072,es un codigo ISBN de una edicion publicada por,Sonia Draga
Alessandro Baricco,es autor de la obra,Jedwab
8807890917,es un codigo ISBN para el libro,"ALESSANDRO BARICCO, IL NUOVO B"
8807890917,es un codigo ISBN de una edicion publicada por,Feltrinelli
9788807890918,es un codigo ISBN para el libro,"ALESSANDRO BARICCO, IL NUOVO B"
9788807890918,es un codigo ISBN de una edicion publicada por,Feltrinelli
Alessandro Baricco,es autor de la obra,"ALESSANDRO BARICCO, IL NUOVO B"
9781847678508,es un codigo ISBN para el libro,Iliad
9781847678508,es un codigo ISBN de una edicion publicada por,Canongate Books
9781847678508,está escrito en,Inglés
9781299204843,es un codigo ISBN para el libro,Iliad
9781299204843,es un codigo ISBN de una edicion publicada por,Knopf Doubleday Publishing Group
9781299204843,está escrito en,Inglés
Alessandro Baricco,es autor de la obra,Iliad
Iliad,pertenece al género,"Greece, fiction"
Iliad,pertenece al género,"Fiction, historical, general"
9789750707971,es un codigo ISBN para el libro,Yarim Kalmis Bir Hayal
9789750707971,es un codigo ISBN de una edicion publicada por,Can
9750707974,es un codigo ISBN para el libro,Yarim Kalmis Bir Hayal
9750707974,es un codigo ISBN de una edicion publicada por,Can
Alessandro Baricco,es autor de la obra,Yarim Kalmis Bir Hayal
6257266416,es un codigo ISBN para el libro,The Game - Oyun
6257266416,es un codigo ISBN de una edicion publicada por,Sia Kitap
9786257266413,es un codigo ISBN para el libro,The Game - Oyun
9786257266413,es un codigo ISBN de una edicion publicada por,Sia Kitap
Alessandro Baricco,es autor de la obra,The Game - Oyun
Antonio Negri,es de nacionalidad,Italy
8882100243,es un codigo ISBN para el libro,I libri del rogo
8882100243,es un codigo ISBN de una edicion publicada por,Castelvecchi
8882100243,está escrito en,Italiano
Antonio Negri,es autor de la obra,I libri del rogo
I libri del rogo,pertenece al género,Communism and society
I libri del rogo,pertenece al género,Working class
I libri del rogo,pertenece al género,Political activity
3894080582,es un codigo ISBN para el libro,Die Arbeit des Dionysos
3894080582,es un codigo ISBN de una edicion publicada por,Edition ID-Archiv
3894080582,está escrito en,Alemán
Antonio Negri,es autor de la obra,Die Arbeit des Dionysos
Die Arbeit des Dionysos,pertenece al género,Communism
Die Arbeit des Dionysos,pertenece al género,The State
8872853524,es un codigo ISBN para el libro,L'Europa e l'impero
8872853524,es un codigo ISBN de una edicion publicada por,Manifesto Libri
8872853524,está escrito en,Inglés
8872853524,está escrito en,Italiano
9788872853528,es un codigo ISBN para el libro,L'Europa e l'impero
9788872853528,es un codigo ISBN de una edicion publicada por,Manifesto Libri
9788872853528,está escrito en,Inglés
9788872853528,está escrito en,Italiano
Antonio Negri,es autor de la obra,L'Europa e l'impero
L'Europa e l'impero,pertenece al género,Internationalism
L'Europa e l'impero,pertenece al género,Politics and government
9788897522560,es un codigo ISBN para el libro,Fabbriche del soggetto
9788897522560,es un codigo ISBN de una edicion publicada por,Ombre corte
9788897522560,está escrito en,Italiano
8897522564,es un codigo ISBN para el libro,Fabbriche del soggetto
8897522564,es un codigo ISBN de una edicion publicada por,Ombre corte
8897522564,está escrito en,Italiano
Antonio Negri,es autor de la obra,Fabbriche del soggetto
2707141461,es un codigo ISBN para el libro,Multitude
2707141461,es un codigo ISBN de una edicion publicada por,Découverte
2707141461,está escrito en,Francés
8817002003,es un codigo ISBN para el libro,Multitude
8817002003,es un codigo ISBN de una edicion publicada por,Rizzoli
8817002003,está escrito en,Italiano
9788817002004,es un codigo ISBN para el libro,Multitude
9788817002004,es un codigo ISBN de una edicion publicada por,Rizzoli
9788817002004,está escrito en,Italiano
9788014101487,es un codigo ISBN para el libro,Multitude
9788014101487,es un codigo ISBN de una edicion publicada por,"Penguin Books, Limited"
9788014101487,está escrito en,Inglés
9755394338,es un codigo ISBN para el libro,Multitude
9755394338,es un codigo ISBN de una edicion publicada por,Ayrıntı
9755394338,está escrito en,tur
9789755394336,es un codigo ISBN para el libro,Multitude
9789755394336,es un codigo ISBN de una edicion publicada por,Ayrıntı
9789755394336,está escrito en,tur
0141014873,es un codigo ISBN para el libro,Multitude
0141014873,es un codigo ISBN de una edicion publicada por,Penguin
9780141014876,es un codigo ISBN para el libro,Multitude
9780141014876,es un codigo ISBN de una edicion publicada por,Penguin
9780143035596,es un codigo ISBN para el libro,Multitude
9780143035596,es un codigo ISBN de una edicion publicada por,Penguin (Non-Classics)
9780143035596,está escrito en,Inglés
0143035592,es un codigo ISBN para el libro,Multitude
0143035592,es un codigo ISBN de una edicion publicada por,Penguin (Non-Classics)
0143035592,está escrito en,Inglés
0241142407,es un codigo ISBN para el libro,Multitude
0241142407,es un codigo ISBN de una edicion publicada por,Hamish Hamilton Ltd
9780241142400,es un codigo ISBN para el libro,Multitude
9780241142400,es un codigo ISBN de una edicion publicada por,Hamish Hamilton Ltd
9788497938457,es un codigo ISBN para el libro,Multitude
9788497938457,está escrito en,Español
8497938453,es un codigo ISBN para el libro,Multitude
8497938453,está escrito en,Español
9788483065983,es un codigo ISBN para el libro,Multitude
9788483065983,es un codigo ISBN de una edicion publicada por,Debate Editorial
9788483065983,está escrito en,Español
8483065983,es un codigo ISBN para el libro,Multitude
8483065983,es un codigo ISBN de una edicion publicada por,Debate Editorial
8483065983,está escrito en,Español
9871117108,es un codigo ISBN para el libro,Multitude
9871117108,es un codigo ISBN de una edicion publicada por,Debate
9871117108,está escrito en,Español
9789871117109,es un codigo ISBN para el libro,Multitude
9789871117109,es un codigo ISBN de una edicion publicada por,Debate
9789871117109,está escrito en,Español
1594200246,es un codigo ISBN para el libro,Multitude
1594200246,es un codigo ISBN de una edicion publicada por,The Penguin Press
1594200246,está escrito en,Inglés
2764603460,es un codigo ISBN para el libro,Multitude
2764603460,es un codigo ISBN de una edicion publicada por,Boréal
2764603460,está escrito en,Francés
Antonio Negri,es autor de la obra,Multitude
Multitude,pertenece al género,Democracy
Multitude,pertenece al género,Globalization
Multitude,pertenece al género,Imperialism
0674006712,es un codigo ISBN para el libro,Empire
0674006712,es un codigo ISBN de una edicion publicada por,Harvard University Press
0674006712,está escrito en,Inglés
9780674038325,es un codigo ISBN para el libro,Empire
9780674038325,es un codigo ISBN de una edicion publicada por,Harvard University Press
9780674038325,está escrito en,Inglés
9780674251212,es un codigo ISBN para el libro,Empire
9780674251212,es un codigo ISBN de una edicion publicada por,Harvard University Press
9780674251212,está escrito en,Inglés
0674251210,es un codigo ISBN para el libro,Empire
0674251210,es un codigo ISBN de una edicion publicada por,Harvard University Press
0674251210,está escrito en,Inglés
9780674006713,es un codigo ISBN para el libro,Empire
9780674006713,es un codigo ISBN de una edicion publicada por,Harvard University Press
9780674006713,está escrito en,Inglés
9788449317545,es un codigo ISBN para el libro,Empire
9788449317545,es un codigo ISBN de una edicion publicada por,Ediciones Paidos Iberica
9788449317545,está escrito en,Español
8449317541,es un codigo ISBN para el libro,Empire
8449317541,es un codigo ISBN de una edicion publicada por,Ediciones Paidos Iberica
8449317541,está escrito en,Español
9783593372303,es un codigo ISBN para el libro,Empire
9783593372303,es un codigo ISBN de una edicion publicada por,Campus Fachbuch
9783593372303,está escrito en,Alemán
3593372304,es un codigo ISBN para el libro,Empire
3593372304,es un codigo ISBN de una edicion publicada por,Campus Fachbuch
3593372304,está escrito en,Alemán
9783593369945,es un codigo ISBN para el libro,Empire
9783593369945,es un codigo ISBN de una edicion publicada por,Campus Fachbuch
9783593369945,está escrito en,Alemán
359336994X,es un codigo ISBN para el libro,Empire
359336994X,es un codigo ISBN de una edicion publicada por,Campus Fachbuch
359336994X,está escrito en,Alemán
Antonio Negri,es autor de la obra,Empire
Empire,pertenece al género,Imperialism
Empire,pertenece al género,open_syllabus_project
Empire,pertenece al género,Imperialisme
9755395954,es un codigo ISBN para el libro,Commonwealth
9755395954,es un codigo ISBN de una edicion publicada por,Ayrinti Yayinlari
9789755395951,es un codigo ISBN para el libro,Commonwealth
9789755395951,es un codigo ISBN de una edicion publicada por,Ayrinti Yayinlari
3593391694,es un codigo ISBN para el libro,Commonwealth
3593391694,es un codigo ISBN de una edicion publicada por,Campus-Verl.
3593391694,está escrito en,Alemán
9783593391694,es un codigo ISBN para el libro,Commonwealth
9783593391694,es un codigo ISBN de una edicion publicada por,Campus-Verl.
9783593391694,está escrito en,Alemán
9780674053960,es un codigo ISBN para el libro,Commonwealth
9780674053960,es un codigo ISBN de una edicion publicada por,Harvard University Press
9780674053960,está escrito en,Inglés
9780674060289,es un codigo ISBN para el libro,Commonwealth
9780674060289,es un codigo ISBN de una edicion publicada por,Harvard University Press
9780674060289,está escrito en,Inglés
9780674035119,es un codigo ISBN para el libro,Commonwealth
9780674035119,es un codigo ISBN de una edicion publicada por,Belknap Press of Harvard University Press
9780674035119,está escrito en,Inglés
0674035119,es un codigo ISBN para el libro,Commonwealth
0674035119,es un codigo ISBN de una edicion publicada por,Belknap Press of Harvard University Press
0674035119,está escrito en,Inglés
Antonio Negri,es autor de la obra,Commonwealth
Commonwealth,pertenece al género,International cooperation
Commonwealth,pertenece al género,Globalization
Commonwealth,pertenece al género,International organization
0745640486,es un codigo ISBN para el libro,Empire and Beyond
0745640486,es un codigo ISBN de una edicion publicada por,Polity
Antonio Negri,es autor de la obra,Empire and Beyond
Empire and Beyond,pertenece al género,Imperialism
Empire and Beyond,pertenece al género,Political science
Empire and Beyond,pertenece al género,Philosophy
9788842220251,es un codigo ISBN para el libro,Eroi
9788842220251,es un codigo ISBN de una edicion publicada por,U. Allemandi
9788842220251,está escrito en,Italiano
8842220256,es un codigo ISBN para el libro,Eroi
8842220256,es un codigo ISBN de una edicion publicada por,U. Allemandi
8842220256,está escrito en,Italiano
Antonio Negri,es autor de la obra,Eroi
Eroi,pertenece al género,Modern Art
Eroi,pertenece al género,Exhibitions
2253130885,es un codigo ISBN para el libro,Du retour
2253130885,es un codigo ISBN de una edicion publicada por,Calmann-Lévy
2253130885,es un codigo ISBN de una edicion publicada por,Librairie Générale Française
2253130885,está escrito en,Francés
9782253130888,es un codigo ISBN para el libro,Du retour
9782253130888,es un codigo ISBN de una edicion publicada por,Calmann-Lévy
9782253130888,es un codigo ISBN de una edicion publicada por,Librairie Générale Française
9782253130888,está escrito en,Francés
Antonio Negri,es autor de la obra,Du retour
Du retour,pertenece al género,Communism
Du retour,pertenece al género,Interviews
Du retour,pertenece al género,Politics and government
9788872854365,es un codigo ISBN para el libro,GlobAL
9788872854365,es un codigo ISBN de una edicion publicada por,Manifestolibri
9788872854365,está escrito en,Italiano
Antonio Negri,es autor de la obra,GlobAL
GlobAL,pertenece al género,Politics and government
GlobAL,pertenece al género,Social conditions
GlobAL,pertenece al género,Economic conditions
1844672115,es un codigo ISBN para el libro,Ghostly Demarcations
1844672115,es un codigo ISBN de una edicion publicada por,Verso
1844672115,está escrito en,Inglés
9781844672110,es un codigo ISBN para el libro,Ghostly Demarcations
9781844672110,es un codigo ISBN de una edicion publicada por,Verso
9781844672110,está escrito en,Inglés
Antonio Negri,es autor de la obra,Ghostly Demarcations
Ghostly Demarcations,pertenece al género,Post-communism
Ghostly Demarcations,pertenece al género,Communism
Ghostly Demarcations,pertenece al género,Criticism and interpretation
2234058627,es un codigo ISBN para el libro,Fabrique de porcelaine
2234058627,es un codigo ISBN de una edicion publicada por,Stock
2234058627,está escrito en,Francés
9782234058620,es un codigo ISBN para el libro,Fabrique de porcelaine
9782234058620,es un codigo ISBN de una edicion publicada por,Stock
9782234058620,está escrito en,Francés
Antonio Negri,es autor de la obra,Fabrique de porcelaine
Fabrique de porcelaine,pertenece al género,Political science
Fabrique de porcelaine,pertenece al género,Postmodernism
Fabrique de porcelaine,pertenece al género,The State
9978673938,es un codigo ISBN para el libro,"Biocapitalismo, procesos de gobierno y movimientos sociales"
9978673938,es un codigo ISBN de una edicion publicada por,FLASCO
9978673938,está escrito en,Español
9789978673935,es un codigo ISBN para el libro,"Biocapitalismo, procesos de gobierno y movimientos sociales"
9789978673935,es un codigo ISBN de una edicion publicada por,FLASCO
9789978673935,está escrito en,Español
Antonio Negri,es autor de la obra,"Biocapitalismo, procesos de gobierno y movimientos sociales"
"Biocapitalismo, procesos de gobierno y movimientos sociales",pertenece al género,International organization
"Biocapitalismo, procesos de gobierno y movimientos sociales",pertenece al género,Globalization
"Biocapitalismo, procesos de gobierno y movimientos sociales",pertenece al género,Political sociology
9782070196838,es un codigo ISBN para el libro,Soulèvements
9782070196838,es un codigo ISBN de una edicion publicada por,Gallimard
9782070196838,es un codigo ISBN de una edicion publicada por,Jeu de paume
9782070196838,está escrito en,Francés
Antonio Negri,es autor de la obra,Soulèvements
Soulèvements,pertenece al género,Revolutions in art
Soulèvements,pertenece al género,Exhibitions
Soulèvements,pertenece al género,Art and revolutions
8872852900,es un codigo ISBN para el libro,Luciano Ferrari Bravo
8872852900,es un codigo ISBN de una edicion publicada por,Manifestolibri
8872852900,está escrito en,Italiano
Antonio Negri,es autor de la obra,Luciano Ferrari Bravo
Luciano Ferrari Bravo,pertenece al género,Political science
Luciano Ferrari Bravo,pertenece al género,History
887285265X,es un codigo ISBN para el libro,Europa politica
887285265X,es un codigo ISBN de una edicion publicada por,Manifestolibri
887285265X,está escrito en,Italiano
Antonio Negri,es autor de la obra,Europa politica
Europa politica,pertenece al género,Politics and government
9781780936093,es un codigo ISBN para el libro,Time for revolution
9781780936093,es un codigo ISBN de una edicion publicada por,Bloomsbury
9781780936093,está escrito en,Inglés
9781780937250,es un codigo ISBN para el libro,Time for revolution
9781780937250,es un codigo ISBN de una edicion publicada por,Bloomsbury
9781780937250,está escrito en,Inglés
9781780936666,es un codigo ISBN para el libro,Time for revolution
9781780936666,es un codigo ISBN de una edicion publicada por,Bloomsbury
9781780936666,está escrito en,Inglés
Antonio Negri,es autor de la obra,Time for revolution
Time for revolution,pertenece al género,Resistance to Government
Time for revolution,pertenece al género,Capitalism
Time for revolution,pertenece al género,Political aspects
9781438458472,es un codigo ISBN para el libro,Flower of the desert
9781438458472,es un codigo ISBN de una edicion publicada por,State University of New York Press
9781438458472,está escrito en,Inglés
9781438458489,es un codigo ISBN para el libro,Flower of the desert
9781438458489,es un codigo ISBN de una edicion publicada por,State University of New York Press
9781438458489,está escrito en,Inglés
Antonio Negri,es autor de la obra,Flower of the desert
Flower of the desert,pertenece al género,Philosophy
Flower of the desert,pertenece al género,"Leopardi, giacomo, conte, 1798-1837"
9788857512006,es un codigo ISBN para el libro,Spinoza e noi
9788857512006,es un codigo ISBN de una edicion publicada por,Mimesis
9788857512006,está escrito en,Italiano
Antonio Negri,es autor de la obra,Spinoza e noi
074530575X,es un codigo ISBN para el libro,Marx beyond Marx
074530575X,es un codigo ISBN de una edicion publicada por,Westview Press
074530575X,está escrito en,Inglés
9780745305752,es un codigo ISBN para el libro,Marx beyond Marx
9780745305752,es un codigo ISBN de una edicion publicada por,Westview Press
9780745305752,está escrito en,Inglés
074530575X,es un codigo ISBN de una edicion publicada por,Autonomedia
074530575X,es un codigo ISBN de una edicion publicada por,Brand: Pluto Press
074530575X,es un codigo ISBN de una edicion publicada por,Pluto Press
0745305768,es un codigo ISBN para el libro,Marx beyond Marx
0745305768,es un codigo ISBN de una edicion publicada por,Autonomedia
0745305768,es un codigo ISBN de una edicion publicada por,Brand: Pluto Press
0745305768,es un codigo ISBN de una edicion publicada por,Pluto Press
0745305768,está escrito en,Inglés
Antonio Negri,es autor de la obra,Marx beyond Marx
Marx beyond Marx,pertenece al género,Marxian economics
Marx beyond Marx,pertenece al género,Italy
Marx beyond Marx,pertenece al género,Marxism & Communism
Lalla Romano,es de nacionalidad,Italy
2743604808,es un codigo ISBN para el libro,J'ai rêvé de l'hôpital
2743604808,es un codigo ISBN de una edicion publicada por,RIVAGES
2743604808,está escrito en,Francés
9782743604806,es un codigo ISBN para el libro,J'ai rêvé de l'hôpital
9782743604806,es un codigo ISBN de una edicion publicada por,RIVAGES
9782743604806,está escrito en,Francés
Lalla Romano,es autor de la obra,J'ai rêvé de l'hôpital
2729110313,es un codigo ISBN para el libro,Jeune est le temps
2729110313,es un codigo ISBN de una edicion publicada por,La Différence
2729110313,está escrito en,Francés
9782729110314,es un codigo ISBN para el libro,Jeune est le temps
9782729110314,es un codigo ISBN de una edicion publicada por,La Différence
9782729110314,está escrito en,Francés
Lalla Romano,es autor de la obra,Jeune est le temps
2012353401,es un codigo ISBN para el libro,Tout au bout de la mer
2012353401,es un codigo ISBN de una edicion publicada por,Hachette Littérature
2012353401,está escrito en,Francés
9782012353404,es un codigo ISBN para el libro,Tout au bout de la mer
9782012353404,es un codigo ISBN de una edicion publicada por,Hachette Littérature
9782012353404,está escrito en,Francés
Lalla Romano,es autor de la obra,Tout au bout de la mer
Tout au bout de la mer,pertenece al género,Bereavement
Tout au bout de la mer,pertenece al género,Mariage
Tout au bout de la mer,pertenece al género,Amours
8806147668,es un codigo ISBN para el libro,Nuovo romanzo di figure
8806147668,es un codigo ISBN de una edicion publicada por,Einaudi
8806147668,está escrito en,Italiano
Lalla Romano,es autor de la obra,Nuovo romanzo di figure
Nuovo romanzo di figure,pertenece al género,Portraits
Nuovo romanzo di figure,pertenece al género,Family
Nuovo romanzo di figure,pertenece al género,Fiction
8870182657,es un codigo ISBN para el libro,Ho sognato l'ospedale
8870182657,es un codigo ISBN de una edicion publicada por,Il Melangolo
8870182657,está escrito en,Italiano
Lalla Romano,es autor de la obra,Ho sognato l'ospedale
8833907279,es un codigo ISBN para el libro,Un caso di coscienza
8833907279,es un codigo ISBN de una edicion publicada por,Bollati Boringhieri
8833907279,está escrito en,Italiano
Lalla Romano,es autor de la obra,Un caso di coscienza
8806153196,es un codigo ISBN para el libro,Poesie
8806153196,es un codigo ISBN de una edicion publicada por,Einaudi
8806153196,está escrito en,Italiano
Lalla Romano,es autor de la obra,Poesie
8804499567,es un codigo ISBN para el libro,Le villeggianti e altri racconti
8804499567,es un codigo ISBN de una edicion publicada por,A. Mondadori
8804499567,está escrito en,Italiano
8804499567,es un codigo ISBN de una edicion publicada por,Oscar Mondadori
Lalla Romano,es autor de la obra,Le villeggianti e altri racconti
8871791002,es un codigo ISBN para el libro,Robert Doisnean
8871791002,es un codigo ISBN de una edicion publicada por,Federico Motta Editore
9788871791005,es un codigo ISBN para el libro,Robert Doisnean
9788871791005,es un codigo ISBN de una edicion publicada por,Federico Motta Editore
Lalla Romano,es autor de la obra,Robert Doisnean
8882123847,es un codigo ISBN para el libro,"Poesie, forse, utili"
8882123847,es un codigo ISBN de una edicion publicada por,Interlinea
8882123847,está escrito en,Italiano
Lalla Romano,es autor de la obra,"Poesie, forse, utili"
8806593811,es un codigo ISBN para el libro,Romanzo di figure
8806593811,es un codigo ISBN de una edicion publicada por,Einaudi
8806593811,está escrito en,Italiano
Lalla Romano,es autor de la obra,Romanzo di figure
Romanzo di figure,pertenece al género,Biography
880613387X,es un codigo ISBN para el libro,Lalla Romano pittrice
880613387X,es un codigo ISBN de una edicion publicada por,Giulio Einaudi
880613387X,está escrito en,Italiano
Lalla Romano,es autor de la obra,Lalla Romano pittrice
Lalla Romano pittrice,pertenece al género,Exhibitions
8882123847,es un codigo ISBN para el libro,Poesie (forse) utili
Lalla Romano,es autor de la obra,Poesie (forse) utili
Poesie (forse) utili,pertenece al género,Criticism and interpretation
8806147684,es un codigo ISBN para el libro,In vacanza col buon samaritano
8806147684,es un codigo ISBN de una edicion publicada por,Einaudi
8806147684,está escrito en,Italiano
Lalla Romano,es autor de la obra,In vacanza col buon samaritano
8888591354,es un codigo ISBN para el libro,Poesie per Giovanni
8888591354,es un codigo ISBN de una edicion publicada por,Philobiblon
8888591354,está escrito en,Italiano
9788888591353,es un codigo ISBN para el libro,Poesie per Giovanni
9788888591353,es un codigo ISBN de una edicion publicada por,Philobiblon
9788888591353,está escrito en,Italiano
Lalla Romano,es autor de la obra,Poesie per Giovanni
0704380714,es un codigo ISBN para el libro,The penumbra
0704380714,es un codigo ISBN de una edicion publicada por,Quartet Books
0704380714,está escrito en,Inglés
Lalla Romano,es autor de la obra,The penumbra
The penumbra,pertenece al género,Italian Women authors
The penumbra,pertenece al género,Fiction
The penumbra,pertenece al género,"Italy, fiction"
8806153005,es un codigo ISBN para el libro,Dall'ombra
8806153005,es un codigo ISBN de una edicion publicada por,Einaudi Italian
8806153005,está escrito en,Italiano
9788806153007,es un codigo ISBN para el libro,Dall'ombra
9788806153007,es un codigo ISBN de una edicion publicada por,Einaudi Italian
9788806153007,está escrito en,Italiano
8806153005,es un codigo ISBN de una edicion publicada por,Einaudi
Lalla Romano,es autor de la obra,Dall'ombra
8806147722,es un codigo ISBN para el libro,L'eterno presente
8806147722,es un codigo ISBN de una edicion publicada por,Einaudi
8806147722,está escrito en,Italiano
Lalla Romano,es autor de la obra,L'eterno presente
L'eterno presente,pertenece al género,Interviews
L'eterno presente,pertenece al género,Women and literature
L'eterno presente,pertenece al género,Italian Authors
8806127446,es un codigo ISBN para el libro,Le lune di Hvar
8806127446,es un codigo ISBN de una edicion publicada por,Einaudi
8806127446,está escrito en,Italiano
Lalla Romano,es autor de la obra,Le lune di Hvar
8885678025,es un codigo ISBN para el libro,Le Signore della scrittura
8885678025,es un codigo ISBN de una edicion publicada por,Tartaruga
8885678025,está escrito en,Italiano
Lalla Romano,es autor de la obra,Le Signore della scrittura
Le Signore della scrittura,pertenece al género,Italian literature
Le Signore della scrittura,pertenece al género,Italian Authors
Le Signore della scrittura,pertenece al género,Intellectual life
8806159542,es un codigo ISBN para el libro,Diario ultimo
8806159542,es un codigo ISBN de una edicion publicada por,Einaudi
8806159542,está escrito en,Italiano
Lalla Romano,es autor de la obra,Diario ultimo
Diario ultimo,pertenece al género,Italian Women authors
Diario ultimo,pertenece al género,Diaries
Diario ultimo,pertenece al género,Italian Authors
Achille Bonito Oliva,es de nacionalidad,Italy
884358751X,es un codigo ISBN para el libro,Conoscere Picasso
884358751X,es un codigo ISBN de una edicion publicada por,Electa
884358751X,está escrito en,Italiano
Achille Bonito Oliva,es autor de la obra,Conoscere Picasso
Conoscere Picasso,pertenece al género,Exhibitions
Conoscere Picasso,pertenece al género,Modern Art
Conoscere Picasso,pertenece al género,European Art
9287117942,es un codigo ISBN para el libro,Art and the media
9287117942,es un codigo ISBN de una edicion publicada por,Council of Europe
9287117942,está escrito en,Inglés
Achille Bonito Oliva,es autor de la obra,Art and the media
Art and the media,pertenece al género,Mass media and the arts
9788884918109,es un codigo ISBN para el libro,The bridges of art
9788884918109,es un codigo ISBN de una edicion publicada por,Skira
9788884918109,está escrito en,Italiano
9788884918109,está escrito en,Inglés
8884918103,es un codigo ISBN para el libro,The bridges of art
8884918103,es un codigo ISBN de una edicion publicada por,Skira
8884918103,está escrito en,Italiano
8884918103,está escrito en,Inglés
Achille Bonito Oliva,es autor de la obra,The bridges of art
The bridges of art,pertenece al género,Modern Art
The bridges of art,pertenece al género,Exhibitions
The bridges of art,pertenece al género,Galleria Il Ponte
1564660265,es un codigo ISBN para el libro,James Lee Byars
1564660265,es un codigo ISBN de una edicion publicada por,Distributed Art Publishers (DAP)
1564660265,está escrito en,Inglés
9781564660268,es un codigo ISBN para el libro,James Lee Byars
9781564660268,es un codigo ISBN de una edicion publicada por,Distributed Art Publishers (DAP)
9781564660268,está escrito en,Inglés
Achille Bonito Oliva,es autor de la obra,James Lee Byars
James Lee Byars,pertenece al género,"Artists, united states"
8871892712,es un codigo ISBN para el libro,Carla Accardi
8871892712,es un codigo ISBN de una edicion publicada por,Essegi
8871892712,está escrito en,Italiano
Achille Bonito Oliva,es autor de la obra,Carla Accardi
Carla Accardi,pertenece al género,Exhibitions
8887700931,es un codigo ISBN para el libro,De Gustibus
8887700931,es un codigo ISBN de una edicion publicada por,Maschietto
8887700931,está escrito en,Italiano
Achille Bonito Oliva,es autor de la obra,De Gustibus
De Gustibus,pertenece al género,Art
De Gustibus,pertenece al género,Private collections
De Gustibus,pertenece al género,Exhibitions
9509094013,es un codigo ISBN para el libro,La trans-vanguardia
9509094013,es un codigo ISBN de una edicion publicada por,"R, Rosenberg-Rita"
9509094013,está escrito en,Español
Achille Bonito Oliva,es autor de la obra,La trans-vanguardia
La trans-vanguardia,pertenece al género,Italian Art
La trans-vanguardia,pertenece al género,"Themes, motives"
La trans-vanguardia,pertenece al género,Avant-garde (Aesthetics)
8882101924,es un codigo ISBN para el libro,Francesca Woodman
8882101924,es un codigo ISBN de una edicion publicada por,Castelvecchi arte
8882101924,está escrito en,Italiano
Achille Bonito Oliva,es autor de la obra,Francesca Woodman
8446011107,es un codigo ISBN para el libro,"Los manifiestos del arte posmoderno : textos de exposiciones, 1980 - 1995"
8446011107,es un codigo ISBN de una edicion publicada por,AKAL
Achille Bonito Oliva,es autor de la obra,"Los manifiestos del arte posmoderno : textos de exposiciones, 1980 - 1995"
"Los manifiestos del arte posmoderno : textos de exposiciones, 1980 - 1995",pertenece al género,Modern Art
"Los manifiestos del arte posmoderno : textos de exposiciones, 1980 - 1995",pertenece al género,"Themes, motives"
"Los manifiestos del arte posmoderno : textos de exposiciones, 1980 - 1995",pertenece al género,Exhibitions
8884912423,es un codigo ISBN para el libro,Jackson Pollock in Venice
8884912423,es un codigo ISBN de una edicion publicada por,"Rizzoli International Publications, Incorporated"
8884912423,es un codigo ISBN de una edicion publicada por,Skira
8884912423,está escrito en,Inglés
Achille Bonito Oliva,es autor de la obra,Jackson Pollock in Venice
Jackson Pollock in Venice,pertenece al género,Exhibitions
Jackson Pollock in Venice,pertenece al género,American Painting
Jackson Pollock in Venice,pertenece al género,"Art, modern, 20th century, history"
9788837078713,es un codigo ISBN para el libro,De Dominicis a St. Moritz
9788837078713,es un codigo ISBN de una edicion publicada por,nan
8837078714,es un codigo ISBN para el libro,De Dominicis a St. Moritz
8837078714,es un codigo ISBN de una edicion publicada por,nan
Achille Bonito Oliva,es autor de la obra,De Dominicis a St. Moritz
9788856901399,es un codigo ISBN para el libro,La follia dell'arte
9788856901399,es un codigo ISBN de una edicion publicada por,Arte'm
9788856901399,está escrito en,Italiano
9788856901399,está escrito en,Inglés
8856901390,es un codigo ISBN para el libro,La follia dell'arte
8856901390,es un codigo ISBN de una edicion publicada por,Arte'm
8856901390,está escrito en,Italiano
8856901390,está escrito en,Inglés
Achille Bonito Oliva,es autor de la obra,La follia dell'arte
La follia dell'arte,pertenece al género,Modern Art
La follia dell'arte,pertenece al género,Exhibitions
9788849206913,es un codigo ISBN para el libro,I fuochi dello sguardo
9788849206913,es un codigo ISBN de una edicion publicada por,Gangemi Editore
9788849206913,está escrito en,Italiano
8849206917,es un codigo ISBN para el libro,I fuochi dello sguardo
8849206917,es un codigo ISBN de una edicion publicada por,Gangemi Editore
8849206917,está escrito en,Italiano
Achille Bonito Oliva,es autor de la obra,I fuochi dello sguardo
I fuochi dello sguardo,pertenece al género,Art museums
I fuochi dello sguardo,pertenece al género,Philosophy
I fuochi dello sguardo,pertenece al género,Museums
Giorgio Agamben,es de nacionalidad,Italy
9789461300485,es un codigo ISBN para el libro,Cy Twombly
9789461300485,es un codigo ISBN de una edicion publicada por,Bozarbooks
9789461300485,está escrito en,Neerlandés
9789461300485,está escrito en,Francés
3888148758,es un codigo ISBN para el libro,Cy Twombly
3888148758,es un codigo ISBN de una edicion publicada por,Schirmer/Mosel
3888148758,está escrito en,Inglés
9783888148750,es un codigo ISBN para el libro,Cy Twombly
9783888148750,es un codigo ISBN de una edicion publicada por,Schirmer/Mosel
9783888148750,está escrito en,Inglés
9783888144639,es un codigo ISBN para el libro,Cy Twombly
9783888144639,es un codigo ISBN de una edicion publicada por,Schirmer/Mosel Verlag GmbH
3888144639,es un codigo ISBN para el libro,Cy Twombly
3888144639,es un codigo ISBN de una edicion publicada por,Schirmer/Mosel Verlag GmbH
3829602456,es un codigo ISBN para el libro,Cy Twombly
3829602456,es un codigo ISBN de una edicion publicada por,Schirmer/Mosel
3829602456,está escrito en,Inglés
9783829602457,es un codigo ISBN para el libro,Cy Twombly
9783829602457,es un codigo ISBN de una edicion publicada por,Schirmer/Mosel
9783829602457,está escrito en,Inglés
9783829603456,es un codigo ISBN para el libro,Cy Twombly
9783829603456,es un codigo ISBN de una edicion publicada por,Schirmer/Mosel
9783829603456,está escrito en,Alemán
0939594226,es un codigo ISBN para el libro,Cy Twombly
0939594226,es un codigo ISBN de una edicion publicada por,Houston Fine Art Press
0939594226,es un codigo ISBN de una edicion publicada por,Menil Collection
0939594226,está escrito en,Inglés
0940619067,es un codigo ISBN para el libro,Cy Twombly
0940619067,es un codigo ISBN de una edicion publicada por,Houston Fine Art Press
0940619067,es un codigo ISBN de una edicion publicada por,Menil Collection
0940619067,está escrito en,Inglés
9788837068080,es un codigo ISBN para el libro,Cy Twombly
9788837068080,es un codigo ISBN de una edicion publicada por,Electa
9788837068080,está escrito en,Italiano
2858504385,es un codigo ISBN para el libro,Cy Twombly
2858504385,es un codigo ISBN de una edicion publicada por,Centre Georges Pompidou
2858504385,está escrito en,Francés
3829602456,es un codigo ISBN de una edicion publicada por,Pinakothek
9783829602457,es un codigo ISBN de una edicion publicada por,Pinakothek
1880154846,es un codigo ISBN para el libro,Cy Twombly
1880154846,es un codigo ISBN de una edicion publicada por,Gagosian Gallery
1880154846,está escrito en,Inglés
9781933045887,es un codigo ISBN para el libro,Cy Twombly
9781933045887,es un codigo ISBN de una edicion publicada por,D.A.P./Distributed Art Publishers
9781933045887,está escrito en,Inglés
1933045884,es un codigo ISBN para el libro,Cy Twombly
1933045884,es un codigo ISBN de una edicion publicada por,D.A.P./Distributed Art Publishers
1933045884,está escrito en,Inglés
8476641230,es un codigo ISBN para el libro,Cy Twombly
8476641230,es un codigo ISBN de una edicion publicada por,La Fundació
8476641230,está escrito en,Catalán
1880146088,es un codigo ISBN para el libro,Cy Twombly
1880146088,es un codigo ISBN de una edicion publicada por,Matthew Marks Gallery
1880146088,está escrito en,Inglés
9781880146088,es un codigo ISBN para el libro,Cy Twombly
9781880146088,es un codigo ISBN de una edicion publicada por,Matthew Marks Gallery
9781880146088,está escrito en,Inglés
081471076X,es un codigo ISBN para el libro,Cy Twombly
081471076X,es un codigo ISBN de una edicion publicada por,New York University Press
081471076X,está escrito en,Inglés
0814710778,es un codigo ISBN para el libro,Cy Twombly
0814710778,es un codigo ISBN de una edicion publicada por,New York University Press
0814710778,está escrito en,Inglés
3888148758,es un codigo ISBN de una edicion publicada por,Planco
Giorgio Agamben,es autor de la obra,Cy Twombly
Cy Twombly,pertenece al género,Catalogues raisonnés
Cy Twombly,pertenece al género,Catalogs
Cy Twombly,pertenece al género,Exhibitions
9788874525553,es un codigo ISBN para el libro,L'avventura
9788874525553,es un codigo ISBN de una edicion publicada por,Nottetempo
9788874525553,está escrito en,Italiano
Giorgio Agamben,es autor de la obra,L'avventura
L'avventura,pertenece al género,Adventure and adventurers
L'avventura,pertenece al género,Philosophy
9788898820320,es un codigo ISBN para el libro,Quando la casa brucia
9788898820320,es un codigo ISBN de una edicion publicada por,Giometti & Antonello
9788898820320,está escrito en,Italiano
Giorgio Agamben,es autor de la obra,Quando la casa brucia
9788806249854,es un codigo ISBN para el libro,Pinocchio
9788806249854,es un codigo ISBN de una edicion publicada por,Giulio Einaudi editore
9788806249854,está escrito en,Italiano
Giorgio Agamben,es autor de la obra,Pinocchio
8854500429,es un codigo ISBN para el libro,La potenza del pensiero
8854500429,es un codigo ISBN de una edicion publicada por,N. Pozza
8854500429,está escrito en,Italiano
Giorgio Agamben,es autor de la obra,La potenza del pensiero
La potenza del pensiero,pertenece al género,Power (Philosophy)
La potenza del pensiero,pertenece al género,Philosophical anthropology
La potenza del pensiero,pertenece al género,Theory of Knowledge
3883962007,es un codigo ISBN para el libro,Das Irrsal hilft: ein Projekt der Jungen Akademie an der Berlin-Brandenburgischen Akademie der Wissenschaft und der Deutschen Akademie der Naturforscher Leopoldina
3883962007,es un codigo ISBN de una edicion publicada por,Merve Verlag GmbH
3883962007,está escrito en,Alemán
3883962007,es un codigo ISBN de una edicion publicada por,Merve
Giorgio Agamben,es autor de la obra,Das Irrsal hilft: ein Projekt der Jungen Akademie an der Berlin-Brandenburgischen Akademie der Wissenschaft und der Deutschen Akademie der Naturforscher Leopoldina
Das Irrsal hilft: ein Projekt der Jungen Akademie an der Berlin-Brandenburgischen Akademie der Wissenschaft und der Deutschen Akademie der Naturforscher Leopoldina,pertenece al género,OUR Brockhaus selection
Das Irrsal hilft: ein Projekt der Jungen Akademie an der Berlin-Brandenburgischen Akademie der Wissenschaft und der Deutschen Akademie der Naturforscher Leopoldina,pertenece al género,Philosophy
Das Irrsal hilft: ein Projekt der Jungen Akademie an der Berlin-Brandenburgischen Akademie der Wissenschaft und der Deutschen Akademie der Naturforscher Leopoldina,pertenece al género,Error
8874524099,es un codigo ISBN para el libro,Pilato e Gesù
8874524099,es un codigo ISBN de una edicion publicada por,Nottetempo
8874524099,está escrito en,Italiano
9788874524099,es un codigo ISBN para el libro,Pilato e Gesù
9788874524099,es un codigo ISBN de una edicion publicada por,Nottetempo
9788874524099,está escrito en,Italiano
Giorgio Agamben,es autor de la obra,Pilato e Gesù
Pilato e Gesù,pertenece al género,"Trials, litigation"
9783406652974,es un codigo ISBN para el libro,Politik und Religion
9783406652974,es un codigo ISBN de una edicion publicada por,Verlag C.H. Beck
9783406652974,está escrito en,Alemán
3406652972,es un codigo ISBN para el libro,Politik und Religion
3406652972,es un codigo ISBN de una edicion publicada por,Verlag C.H. Beck
3406652972,está escrito en,Alemán
Giorgio Agamben,es autor de la obra,Politik und Religion
Politik und Religion,pertenece al género,Religion and politics
Politik und Religion,pertenece al género,History
Politik und Religion,pertenece al género,Religion and state
9789532490596,es un codigo ISBN para el libro,Ono što ostaje od Auschwitza
9789532490596,es un codigo ISBN de una edicion publicada por,Antibarbarus
9789532490596,está escrito en,Croata
Giorgio Agamben,es autor de la obra,Ono što ostaje od Auschwitza
Ono što ostaje od Auschwitza,pertenece al género,"Holocaust, Jewish (1939-1945)"
Ono što ostaje od Auschwitza,pertenece al género,Personal narratives
Ono što ostaje od Auschwitza,pertenece al género,History and criticism
9788360457511,es un codigo ISBN para el libro,Co zostaje z Auschwitz
9788360457511,es un codigo ISBN de una edicion publicada por,Wydawnictwo Sic!
9788360457511,está escrito en,Polaco
8360457514,es un codigo ISBN para el libro,Co zostaje z Auschwitz
8360457514,es un codigo ISBN de una edicion publicada por,Wydawnictwo Sic!
8360457514,está escrito en,Polaco
Giorgio Agamben,es autor de la obra,Co zostaje z Auschwitz
Co zostaje z Auschwitz,pertenece al género,"Holocaust, Jewish (1939-1945)"
Co zostaje z Auschwitz,pertenece al género,Moral and ethical aspects
Co zostaje z Auschwitz,pertenece al género,Personal narratives
9788489860759,es un codigo ISBN para el libro,Ramón Gaya
9788489860759,es un codigo ISBN de una edicion publicada por,Fundació Caixa Catalunya
9788489860759,está escrito en,Español
Giorgio Agamben,es autor de la obra,Ramón Gaya
8833917398,es un codigo ISBN para el libro,Ninfe
8833917398,es un codigo ISBN de una edicion publicada por,Bollati Boringhieri
8833917398,está escrito en,Italiano
9788833917399,es un codigo ISBN para el libro,Ninfe
9788833917399,es un codigo ISBN de una edicion publicada por,Bollati Boringhieri
9788833917399,está escrito en,Italiano
Giorgio Agamben,es autor de la obra,Ninfe
Ninfe,pertenece al género,Nymphs (Greek deities) in art
Ninfe,pertenece al género,Nymphs (Greek deities) in literature
Ninfe,pertenece al género,Aesthetics
9788833918587,es un codigo ISBN para el libro,Signatura rerum
9788833918587,es un codigo ISBN de una edicion publicada por,Bollati Boringhieri
9788833918587,está escrito en,Italiano
Giorgio Agamben,es autor de la obra,Signatura rerum
Signatura rerum,pertenece al género,Methodology
2743609648,es un codigo ISBN para el libro,L'Ouvert
2743609648,es un codigo ISBN de una edicion publicada por,Rivages
9782743609641,es un codigo ISBN para el libro,L'Ouvert
9782743609641,es un codigo ISBN de una edicion publicada por,Rivages
Giorgio Agamben,es autor de la obra,L'Ouvert
9788837077174,es un codigo ISBN para el libro,La ragazza indicibile
9788837077174,es un codigo ISBN de una edicion publicada por,Electa
9788837077174,está escrito en,Italiano
8837077173,es un codigo ISBN para el libro,La ragazza indicibile
8837077173,es un codigo ISBN de una edicion publicada por,Electa
8837077173,está escrito en,Italiano
Giorgio Agamben,es autor de la obra,La ragazza indicibile
La ragazza indicibile,pertenece al género,Persephone (Greek deity)
9782923165585,es un codigo ISBN para el libro,"Démocratie, dans quel état?"
9782923165585,es un codigo ISBN de una edicion publicada por,Éditions Écosociété
9782923165585,está escrito en,Francés
2923165586,es un codigo ISBN para el libro,"Démocratie, dans quel état?"
2923165586,es un codigo ISBN de una edicion publicada por,Éditions Écosociété
2923165586,está escrito en,Francés
Giorgio Agamben,es autor de la obra,"Démocratie, dans quel état?"
"Démocratie, dans quel état?",pertenece al género,Démocratie
"Démocratie, dans quel état?",pertenece al género,Democracy
274361000X,es un codigo ISBN para el libro,Ce qui reste d'Auschwitz
274361000X,es un codigo ISBN de una edicion publicada por,Rivages
274361000X,está escrito en,Francés
9782743610005,es un codigo ISBN para el libro,Ce qui reste d'Auschwitz
9782743610005,es un codigo ISBN de una edicion publicada por,Rivages
9782743610005,está escrito en,Francés
Giorgio Agamben,es autor de la obra,Ce qui reste d'Auschwitz
Ce qui reste d'Auschwitz,pertenece al género,"Holocaust, Jewish (1939-1945)"
Ce qui reste d'Auschwitz,pertenece al género,Personal narratives
Ce qui reste d'Auschwitz,pertenece al género,History and criticism
9788842092117,es un codigo ISBN para el libro,Categorie italiane
9788842092117,es un codigo ISBN de una edicion publicada por,Laterza
9788842092117,está escrito en,Italiano
Giorgio Agamben,es autor de la obra,Categorie italiane
Categorie italiane,pertenece al género,Italian poetry
Categorie italiane,pertenece al género,History and criticism
Categorie italiane,pertenece al género,Poetics
9789879396537,es un codigo ISBN para el libro,Infancia e historia
9789879396537,es un codigo ISBN de una edicion publicada por,Adriana Hidalgo Editora
9789879396537,está escrito en,Español
9879396537,es un codigo ISBN para el libro,Infancia e historia
9879396537,es un codigo ISBN de una edicion publicada por,Adriana Hidalgo Editora
9879396537,está escrito en,Español
Giorgio Agamben,es autor de la obra,Infancia e historia
Infancia e historia,pertenece al género,History
Infancia e historia,pertenece al género,Philosophy
8481912883,es un codigo ISBN para el libro,Lo Que Queda de Auschwitz
8481912883,es un codigo ISBN de una edicion publicada por,Pre-Textos
8481912883,está escrito en,Español
9788481912883,es un codigo ISBN para el libro,Lo Que Queda de Auschwitz
9788481912883,es un codigo ISBN de una edicion publicada por,Pre-Textos
9788481912883,está escrito en,Español
Giorgio Agamben,es autor de la obra,Lo Que Queda de Auschwitz
9788858108314,es un codigo ISBN para el libro,Il mistero del male
9788858108314,es un codigo ISBN de una edicion publicada por,Laterza
9788858108314,está escrito en,Italiano
9788858108314,está escrito en,lat
Giorgio Agamben,es autor de la obra,Il mistero del male
Il mistero del male,pertenece al género,Eschatology
Il mistero del male,pertenece al género,Church
Il mistero del male,pertenece al género,"Abdication, 2013"
9788874525744,es un codigo ISBN para el libro,"Pulcinella, ovvero, Divertimento per li regazzi"
9788874525744,es un codigo ISBN de una edicion publicada por,Nottetempo
9788874525744,está escrito en,Italiano
Giorgio Agamben,es autor de la obra,"Pulcinella, ovvero, Divertimento per li regazzi"
"Pulcinella, ovvero, Divertimento per li regazzi",pertenece al género,Punchinello (Fictitious character) in art
"Pulcinella, ovvero, Divertimento per li regazzi",pertenece al género,Punchinello (Fictitious character)
9788566943733,es un codigo ISBN para el libro,Pandemia
9788566943733,es un codigo ISBN de una edicion publicada por,N-1 Edições
9788566943733,está escrito en,Portugués
8566943244,es un codigo ISBN para el libro,Pandemia
8566943244,es un codigo ISBN de una edicion publicada por,N-1 Edições
8566943244,está escrito en,Portugués
9788566943238,es un codigo ISBN para el libro,Pandemia
9788566943238,es un codigo ISBN de una edicion publicada por,N-1 Edições
9788566943238,está escrito en,Portugués
9788566943221,es un codigo ISBN para el libro,Pandemia
9788566943221,es un codigo ISBN de una edicion publicada por,N-1 Edições
9788566943221,está escrito en,Portugués
856694335X,es un codigo ISBN para el libro,Pandemia
856694335X,es un codigo ISBN de una edicion publicada por,N-1 Edições
856694335X,está escrito en,Portugués
8566943333,es un codigo ISBN para el libro,Pandemia
8566943333,es un codigo ISBN de una edicion publicada por,N-1 Edições
8566943333,está escrito en,Portugués
8566943228,es un codigo ISBN para el libro,Pandemia
8566943228,es un codigo ISBN de una edicion publicada por,N-1 Edições
8566943228,está escrito en,Portugués
8566943279,es un codigo ISBN para el libro,Pandemia
8566943279,es un codigo ISBN de una edicion publicada por,N-1 Edições
8566943279,está escrito en,Portugués
8566943236,es un codigo ISBN para el libro,Pandemia
8566943236,es un codigo ISBN de una edicion publicada por,N-1 Edições
8566943236,está escrito en,Portugués
9788566943320,es un codigo ISBN para el libro,Pandemia
9788566943320,es un codigo ISBN de una edicion publicada por,N-1 Edições
9788566943320,está escrito en,Portugués
9788566943283,es un codigo ISBN para el libro,Pandemia
9788566943283,es un codigo ISBN de una edicion publicada por,N-1 Edições
9788566943283,está escrito en,Portugués
8566943341,es un codigo ISBN para el libro,Pandemia
8566943341,es un codigo ISBN de una edicion publicada por,N-1 Edições
8566943341,está escrito en,Portugués
8566943317,es un codigo ISBN para el libro,Pandemia
8566943317,es un codigo ISBN de una edicion publicada por,N-1 Edições
8566943317,está escrito en,Portugués
856694321X,es un codigo ISBN para el libro,Pandemia
856694321X,es un codigo ISBN de una edicion publicada por,N-1 Edições
856694321X,está escrito en,Portugués
9788566943344,es un codigo ISBN para el libro,Pandemia
9788566943344,es un codigo ISBN de una edicion publicada por,N-1 Edições
9788566943344,está escrito en,Portugués
8566943287,es un codigo ISBN para el libro,Pandemia
8566943287,es un codigo ISBN de una edicion publicada por,N-1 Edições
8566943287,está escrito en,Portugués
9788566943214,es un codigo ISBN para el libro,Pandemia
9788566943214,es un codigo ISBN de una edicion publicada por,N-1 Edições
9788566943214,está escrito en,Portugués
9788566943351,es un codigo ISBN para el libro,Pandemia
9788566943351,es un codigo ISBN de una edicion publicada por,N-1 Edições
9788566943351,está escrito en,Portugués
9788566943245,es un codigo ISBN para el libro,Pandemia
9788566943245,es un codigo ISBN de una edicion publicada por,N-1 Edições
9788566943245,está escrito en,Portugués
9788566943337,es un codigo ISBN para el libro,Pandemia
9788566943337,es un codigo ISBN de una edicion publicada por,N-1 Edições
9788566943337,está escrito en,Portugués
8566943325,es un codigo ISBN para el libro,Pandemia
8566943325,es un codigo ISBN de una edicion publicada por,N-1 Edições
8566943325,está escrito en,Portugués
9788566943276,es un codigo ISBN para el libro,Pandemia
9788566943276,es un codigo ISBN de una edicion publicada por,N-1 Edições
9788566943276,está escrito en,Portugués
9788566943313,es un codigo ISBN para el libro,Pandemia
9788566943313,es un codigo ISBN de una edicion publicada por,N-1 Edições
9788566943313,está escrito en,Portugués
Giorgio Agamben,es autor de la obra,Pandemia
Pandemia,pertenece al género,Politics and government
Pandemia,pertenece al género,History
9788996126867,es un codigo ISBN para el libro,Mokchŏk ŏmnŭn sudan
9788996126867,es un codigo ISBN de una edicion publicada por,Nanjang
9788996126867,está escrito en,kor
8996126861,es un codigo ISBN para el libro,Mokchŏk ŏmnŭn sudan
8996126861,es un codigo ISBN de una edicion publicada por,Nanjang
8996126861,está escrito en,kor
Giorgio Agamben,es autor de la obra,Mokchŏk ŏmnŭn sudan
Mokchŏk ŏmnŭn sudan,pertenece al género,Political science
Mokchŏk ŏmnŭn sudan,pertenece al género,Philosophy
9788806243838,es un codigo ISBN para el libro,Studiolo
9788806243838,es un codigo ISBN de una edicion publicada por,Giulio Einaudi editore
9788806243838,está escrito en,Italiano
Giorgio Agamben,es autor de la obra,Studiolo
Studiolo,pertenece al género,Art
Studiolo,pertenece al género,Philosophy
Studiolo,pertenece al género,Painting
Curzio Malaparte,es de nacionalidad,Italy
0330306146,es un codigo ISBN para el libro,Pelle
0330306146,es un codigo ISBN de una edicion publicada por,Picador
9780330306140,es un codigo ISBN para el libro,Pelle
9780330306140,es un codigo ISBN de una edicion publicada por,Picador
9781590176221,es un codigo ISBN para el libro,Pelle
9781590176221,es un codigo ISBN de una edicion publicada por,NYRB Classics
9781590176221,está escrito en,Inglés
1590176227,es un codigo ISBN para el libro,Pelle
1590176227,es un codigo ISBN de una edicion publicada por,NYRB Classics
1590176227,está escrito en,Inglés
0910395373,es un codigo ISBN para el libro,Pelle
0910395373,es un codigo ISBN de una edicion publicada por,Marlboro Press
0910395373,está escrito en,Inglés
0810115727,es un codigo ISBN para el libro,Pelle
0810115727,es un codigo ISBN de una edicion publicada por,The skin
0810115727,está escrito en,Inglés
Curzio Malaparte,es autor de la obra,Pelle
Pelle,pertenece al género,Fiction
Pelle,pertenece al género,"World War, 1939-1945"
Pelle,pertenece al género,"World war, 1939-1945, fiction"
9788490663479,es un codigo ISBN para el libro,Baile en el Kremlin
9788490663479,es un codigo ISBN de una edicion publicada por,Tusquets Editores S.A.
8490663475,es un codigo ISBN para el libro,Baile en el Kremlin
8490663475,es un codigo ISBN de una edicion publicada por,Tusquets Editores S.A.
Curzio Malaparte,es autor de la obra,Baile en el Kremlin
9789029538282,es un codigo ISBN para el libro,Kaputt
9789029538282,es un codigo ISBN de una edicion publicada por,Redman
9029538287,es un codigo ISBN para el libro,Kaputt
9029538287,es un codigo ISBN de una edicion publicada por,Redman
Curzio Malaparte,es autor de la obra,Kaputt
9789876702119,es un codigo ISBN para el libro,Diario De Un Extranjero En Paris
9789876702119,es un codigo ISBN de una edicion publicada por,Tusquets
9876702114,es un codigo ISBN para el libro,Diario De Un Extranjero En Paris
9876702114,es un codigo ISBN de una edicion publicada por,Tusquets
Curzio Malaparte,es autor de la obra,Diario De Un Extranjero En Paris
9788418218316,es un codigo ISBN para el libro,La piel- 2020
9788418218316,es un codigo ISBN de una edicion publicada por,GALAXIA
9788418218316,es un codigo ISBN de una edicion publicada por,"Galaxia Gutenberg, S.L."
8418218312,es un codigo ISBN para el libro,La piel- 2020
8418218312,es un codigo ISBN de una edicion publicada por,GALAXIA
8418218312,es un codigo ISBN de una edicion publicada por,"Galaxia Gutenberg, S.L."
Curzio Malaparte,es autor de la obra,La piel- 2020
9782251310015,es un codigo ISBN para el libro,Volga Nait en Europe
9782251310015,es un codigo ISBN de una edicion publicada por,Societe d'edition Les Belles lettres
9782251310015,está escrito en,Francés
Curzio Malaparte,es autor de la obra,Volga Nait en Europe
9788490661765,es un codigo ISBN para el libro,El Volga nace en Europa
9788490661765,es un codigo ISBN de una edicion publicada por,Tusquets Editores S.A.
8490661766,es un codigo ISBN para el libro,El Volga nace en Europa
8490661766,es un codigo ISBN de una edicion publicada por,Tusquets Editores S.A.
Curzio Malaparte,es autor de la obra,El Volga nace en Europa
9781681374178,es un codigo ISBN para el libro,Diary of a Foreigner in Paris
9781681374178,es un codigo ISBN de una edicion publicada por,"New York Review of Books, Incorporated, The"
9781681374178,está escrito en,Inglés
9781681374161,es un codigo ISBN para el libro,Diary of a Foreigner in Paris
9781681374161,es un codigo ISBN de una edicion publicada por,"New York Review of Books, Incorporated, The"
9781681374161,está escrito en,Inglés
Curzio Malaparte,es autor de la obra,Diary of a Foreigner in Paris
Diary of a Foreigner in Paris,pertenece al género,"France, history"
Diary of a Foreigner in Paris,pertenece al género,"Journalists, biography"
Diary of a Foreigner in Paris,pertenece al género,"Paris (france), intellectual life"
8415472021,es un codigo ISBN para el libro,Kaputt-rústica
8415472021,es un codigo ISBN de una edicion publicada por,"Galaxia Gutenberg, S.L."
9788415472025,es un codigo ISBN para el libro,Kaputt-rústica
9788415472025,es un codigo ISBN de una edicion publicada por,"Galaxia Gutenberg, S.L."
Curzio Malaparte,es autor de la obra,Kaputt-rústica
8481098736,es un codigo ISBN para el libro,La piel
8481098736,es un codigo ISBN de una edicion publicada por,GALAXIA
8481098736,es un codigo ISBN de una edicion publicada por,"Galaxia Gutenberg, S.L."
9788481098730,es un codigo ISBN para el libro,La piel
9788481098730,es un codigo ISBN de una edicion publicada por,GALAXIA
9788481098730,es un codigo ISBN de una edicion publicada por,"Galaxia Gutenberg, S.L."
Curzio Malaparte,es autor de la obra,La piel
9788383195438,es un codigo ISBN para el libro,Skóra
9788383195438,es un codigo ISBN de una edicion publicada por,W.A.B.
8383195435,es un codigo ISBN para el libro,Skóra
8383195435,es un codigo ISBN de una edicion publicada por,W.A.B.
Curzio Malaparte,es autor de la obra,Skóra
2251200444,es un codigo ISBN para el libro,En Russie et en Chine
2251200444,es un codigo ISBN de una edicion publicada por,BELLES LETTRES
2251200444,es un codigo ISBN de una edicion publicada por,Les Belles Lettres
9782251200446,es un codigo ISBN para el libro,En Russie et en Chine
9782251200446,es un codigo ISBN de una edicion publicada por,BELLES LETTRES
9782251200446,es un codigo ISBN de una edicion publicada por,Les Belles Lettres
Curzio Malaparte,es autor de la obra,En Russie et en Chine
9782070437870,es un codigo ISBN para el libro,Le compagnon de voyage
9782070437870,es un codigo ISBN de una edicion publicada por,FOLIO
9782070437870,es un codigo ISBN de una edicion publicada por,GALLIMARD
2070437876,es un codigo ISBN para el libro,Le compagnon de voyage
2070437876,es un codigo ISBN de una edicion publicada por,FOLIO
2070437876,es un codigo ISBN de una edicion publicada por,GALLIMARD
Curzio Malaparte,es autor de la obra,Le compagnon de voyage
9750719484,es un codigo ISBN para el libro,Kaputt
9750719484,es un codigo ISBN de una edicion publicada por,Can Yayinlari
9789750719486,es un codigo ISBN para el libro,Kaputt
9789750719486,es un codigo ISBN de una edicion publicada por,Can Yayinlari
9783596174126,es un codigo ISBN para el libro,Kaputt
9783596174126,es un codigo ISBN de una edicion publicada por,FISCHER Taschenbuch
3596174120,es un codigo ISBN para el libro,Kaputt
3596174120,es un codigo ISBN de una edicion publicada por,FISCHER Taschenbuch
8490661030,es un codigo ISBN para el libro,Don Camaleón
8490661030,es un codigo ISBN de una edicion publicada por,Tusquets Editores S.A.
9788490661031,es un codigo ISBN para el libro,Don Camaleón
9788490661031,es un codigo ISBN de una edicion publicada por,Tusquets Editores S.A.
Curzio Malaparte,es autor de la obra,Don Camaleón
Franco Alfano,es de nacionalidad,Italy
Nicola Abbagnano,es de nacionalidad,Italy
8817840114,es un codigo ISBN para el libro,Ricordi di un filosofo
8817840114,es un codigo ISBN de una edicion publicada por,Rizzoli
8817840114,está escrito en,Italiano
Nicola Abbagnano,es autor de la obra,Ricordi di un filosofo
Ricordi di un filosofo,pertenece al género,Philosophers
Ricordi di un filosofo,pertenece al género,Biography
Ricordi di un filosofo,pertenece al género,Modern Philosophers
8842503142,es un codigo ISBN para el libro,Il Cielo stellato sopra di me
8842503142,es un codigo ISBN de una edicion publicada por,Mursia
8842503142,está escrito en,Italiano
Nicola Abbagnano,es autor de la obra,Il Cielo stellato sopra di me
Il Cielo stellato sopra di me,pertenece al género,Modern Philosophy
Il Cielo stellato sopra di me,pertenece al género,Modern Philosophers
Il Cielo stellato sopra di me,pertenece al género,Bio-bibliography
8802037604,es un codigo ISBN para el libro,Storia della filosofia
8802037604,es un codigo ISBN de una edicion publicada por,UTET
8802037604,está escrito en,Italiano
Nicola Abbagnano,es autor de la obra,Storia della filosofia
Storia della filosofia,pertenece al género,Philosophy
Storia della filosofia,pertenece al género,History
8818700073,es un codigo ISBN para el libro,La saggezza della filosofia
8818700073,es un codigo ISBN de una edicion publicada por,Rusconi
8818700073,es un codigo ISBN de una edicion publicada por,Rusconi libri
8818700073,está escrito en,Italiano
Nicola Abbagnano,es autor de la obra,La saggezza della filosofia
8818700340,es un codigo ISBN para el libro,La saggezza della vita
8818700340,es un codigo ISBN de una edicion publicada por,Rusconi libri
8818700340,está escrito en,Italiano
8818010069,es un codigo ISBN para el libro,La saggezza della vita
8818010069,es un codigo ISBN de una edicion publicada por,Rusconi
8818010069,está escrito en,Italiano
Nicola Abbagnano,es autor de la obra,La saggezza della vita
La saggezza della vita,pertenece al género,Life
La saggezza della vita,pertenece al género,Man
La saggezza della vita,pertenece al género,Human beings
9722326600,es un codigo ISBN para el libro,HISTÓRIA DA FILOSOFIA - Marx; A Dialéctica; Engels; O Retorno Romântico à Tradição; O Positivismo Social; Proudhon; Comte; Stuart Mill; O PositivismoEvolucionista; Spencer; Taine; Renan; Nietzsche -
9722326600,es un codigo ISBN de una edicion publicada por,EDITORIAL PRESENCA
9722326600,es un codigo ISBN de una edicion publicada por,Editorial Presença
9722326600,está escrito en,Portugués
Nicola Abbagnano,es autor de la obra,HISTÓRIA DA FILOSOFIA - Marx; A Dialéctica; Engels; O Retorno Romântico à Tradição; O Positivismo Social; Proudhon; Comte; Stuart Mill; O PositivismoEvolucionista; Spencer; Taine; Renan; Nietzsche -
9788802074115,es un codigo ISBN para el libro,Dizionario di filosofia
9788802074115,es un codigo ISBN de una edicion publicada por,UTET libreria
9788802074115,está escrito en,Italiano
Nicola Abbagnano,es autor de la obra,Dizionario di filosofia
Dizionario di filosofia,pertenece al género,Philosophy
Dizionario di filosofia,pertenece al género,Dictionaries
Dizionario di filosofia,pertenece al género,Italian
8870482928,es un codigo ISBN para el libro,"Esistenza e metafisica, 1936-1962"
8870482928,es un codigo ISBN de una edicion publicada por,Milella
8870482928,está escrito en,Italiano
Nicola Abbagnano,es autor de la obra,"Esistenza e metafisica, 1936-1962"
"Esistenza e metafisica, 1936-1962",pertenece al género,Metaphysics
8802042012,es un codigo ISBN para el libro,Scritti esistenzialisti
8802042012,es un codigo ISBN de una edicion publicada por,Unione Tipografico-Editrice Torinese
8802042012,está escrito en,Italiano
Nicola Abbagnano,es autor de la obra,Scritti esistenzialisti
Scritti esistenzialisti,pertenece al género,Philosophy
9789583800559,es un codigo ISBN para el libro,Introduccion al existencialismo
9789583800559,es un codigo ISBN de una edicion publicada por,Fondo de Cultura Econo mica
9789583800559,está escrito en,Español
9583800554,es un codigo ISBN para el libro,Introduccion al existencialismo
9583800554,es un codigo ISBN de una edicion publicada por,Fondo de Cultura Econo mica
9583800554,está escrito en,Español
Nicola Abbagnano,es autor de la obra,Introduccion al existencialismo
9788437500058,es un codigo ISBN para el libro,Historia de la pedagogi a
9788437500058,es un codigo ISBN de una edicion publicada por,F.C.E.
9788437500058,está escrito en,Español
8437500052,es un codigo ISBN para el libro,Historia de la pedagogi a
8437500052,es un codigo ISBN de una edicion publicada por,F.C.E.
8437500052,está escrito en,Español
Nicola Abbagnano,es autor de la obra,Historia de la pedagogi a
Historia de la pedagogi a,pertenece al género,Pedagogi a
Historia de la pedagogi a,pertenece al género,Historia
Leonardo Sciascia,es de nacionalidad,Italy
9786074214574,es un codigo ISBN para el libro,Para una Memoria Futura
9786074214574,es un codigo ISBN de una edicion publicada por,"Editorial Planeta, S. A."
9786074214574,está escrito en,Español
Leonardo Sciascia,es autor de la obra,Para una Memoria Futura
8412331338,es un codigo ISBN para el libro,"Sicilia, su corazón"
8412331338,es un codigo ISBN de una edicion publicada por,El Toro Celeste
9788412331332,es un codigo ISBN para el libro,"Sicilia, su corazón"
9788412331332,es un codigo ISBN de una edicion publicada por,El Toro Celeste
Leonardo Sciascia,es autor de la obra,"Sicilia, su corazón"
8806442066,es un codigo ISBN para el libro,A ciascuno il suo
8806442066,es un codigo ISBN de una edicion publicada por,G. Einaudi
8806442066,está escrito en,Italiano
9788806442064,es un codigo ISBN para el libro,A ciascuno il suo
9788806442064,es un codigo ISBN de una edicion publicada por,G. Einaudi
9788806442064,está escrito en,Italiano
Leonardo Sciascia,es autor de la obra,A ciascuno il suo
A ciascuno il suo,pertenece al género,Italian language
A ciascuno il suo,pertenece al género,Readers
8845918068,es un codigo ISBN para el libro,L'adorabile Stendhal
8845918068,es un codigo ISBN de una edicion publicada por,Adelphi
8845918068,está escrito en,mul
Leonardo Sciascia,es autor de la obra,L'adorabile Stendhal
9519591575,es un codigo ISBN para el libro,Il mare colore del vino
9519591575,es un codigo ISBN de una edicion publicada por,Eurographica
9519591575,está escrito en,Italiano
8806039466,es un codigo ISBN para el libro,Il mare colore del vino
8806039466,es un codigo ISBN de una edicion publicada por,Einaudi
8806039466,está escrito en,Italiano
Leonardo Sciascia,es autor de la obra,Il mare colore del vino
9789722110846,es un codigo ISBN para el libro,O mar cor de vinho
9789722110846,es un codigo ISBN de una edicion publicada por,Caminho
9789722110846,está escrito en,Portugués
9722110845,es un codigo ISBN para el libro,O mar cor de vinho
9722110845,es un codigo ISBN de una edicion publicada por,Caminho
9722110845,está escrito en,Portugués
Leonardo Sciascia,es autor de la obra,O mar cor de vinho
9789750700033,es un codigo ISBN para el libro,Oyunun Kurali
9789750700033,es un codigo ISBN de una edicion publicada por,Can Yayinlari
9750700031,es un codigo ISBN para el libro,Oyunun Kurali
9750700031,es un codigo ISBN de una edicion publicada por,Can Yayinlari
Leonardo Sciascia,es autor de la obra,Oyunun Kurali
9788845245329,es un codigo ISBN para el libro,A futura memoria
9788845245329,es un codigo ISBN de una edicion publicada por,Bompiani
9788845245329,está escrito en,Italiano
8845245322,es un codigo ISBN para el libro,A futura memoria
8845245322,es un codigo ISBN de una edicion publicada por,Bompiani
8845245322,está escrito en,Italiano
Leonardo Sciascia,es autor de la obra,A futura memoria
A futura memoria,pertenece al género,Mafia
A futura memoria,pertenece al género,History
A futura memoria,pertenece al género,Organized crime
9788874429288,es un codigo ISBN para el libro,I preti e la Chiesa... li vorrei migliori
9788874429288,es un codigo ISBN de una edicion publicada por,Armando Siciliano editore
9788874429288,está escrito en,Italiano
Leonardo Sciascia,es autor de la obra,I preti e la Chiesa... li vorrei migliori
I preti e la Chiesa... li vorrei migliori,pertenece al género,Correspondence
I preti e la Chiesa... li vorrei migliori,pertenece al género,Italian Authors
I preti e la Chiesa... li vorrei migliori,pertenece al género,Spouses
9782370840899,es un codigo ISBN para el libro,Portrait sur mesure
9782370840899,es un codigo ISBN de una edicion publicada por,NOUS
2370840897,es un codigo ISBN para el libro,Portrait sur mesure
2370840897,es un codigo ISBN de una edicion publicada por,NOUS
Leonardo Sciascia,es autor de la obra,Portrait sur mesure
9788845932427,es un codigo ISBN para el libro,Il metodo di Maigret e altri scritti sul giallo
9788845932427,es un codigo ISBN de una edicion publicada por,Adelphi edizioni
9788845932427,está escrito en,Italiano
Leonardo Sciascia,es autor de la obra,Il metodo di Maigret e altri scritti sul giallo
Il metodo di Maigret e altri scritti sul giallo,pertenece al género,Detective and mystery stories
Il metodo di Maigret e altri scritti sul giallo,pertenece al género,History and criticism
Il metodo di Maigret e altri scritti sul giallo,pertenece al género,Criticism and interpretation
9780856357671,es un codigo ISBN para el libro,One Way or Another
9780856357671,es un codigo ISBN de una edicion publicada por,Carcanet Press Ltd
0856357677,es un codigo ISBN para el libro,One Way or Another
0856357677,es un codigo ISBN de una edicion publicada por,Carcanet Press Ltd
Leonardo Sciascia,es autor de la obra,One Way or Another
One Way or Another,pertenece al género,"Fiction, thrillers, general"
9788896517062,es un codigo ISBN para el libro,Conversazione in una stanza chiusa
9788896517062,es un codigo ISBN de una edicion publicada por,EdiLet
9788896517062,está escrito en,Italiano
Leonardo Sciascia,es autor de la obra,Conversazione in una stanza chiusa
Conversazione in una stanza chiusa,pertenece al género,Interviews
Conversazione in una stanza chiusa,pertenece al género,Politics and literature
9789750836640,es un codigo ISBN para el libro,Aldo Moro Vakasi
9789750836640,es un codigo ISBN de una edicion publicada por,Yapi Kredi Yayinlari
9750836642,es un codigo ISBN para el libro,Aldo Moro Vakasi
9750836642,es un codigo ISBN de una edicion publicada por,Yapi Kredi Yayinlari
Leonardo Sciascia,es autor de la obra,Aldo Moro Vakasi
887751020X,es un codigo ISBN para el libro,Teatro stabile di Catania
887751020X,es un codigo ISBN de una edicion publicada por,Maimone
887751020X,está escrito en,Italiano
Leonardo Sciascia,es autor de la obra,Teatro stabile di Catania
Teatro stabile di Catania,pertenece al género,History
Teatro stabile di Catania,pertenece al género,Theater
Teatro stabile di Catania,pertenece al género,Teatro stabile di Catania
8845908534,es un codigo ISBN para el libro,La corda pazza
8845908534,es un codigo ISBN de una edicion publicada por,Adelphi
8845908534,está escrito en,Italiano
Leonardo Sciascia,es autor de la obra,La corda pazza
La corda pazza,pertenece al género,Civilization
9788845902147,es un codigo ISBN para el libro,1912 più 1
9788845902147,es un codigo ISBN de una edicion publicada por,Adelphi
9788845902147,está escrito en,Italiano
8845902145,es un codigo ISBN para el libro,1912 più 1
8845902145,es un codigo ISBN de una edicion publicada por,Adelphi
8845902145,está escrito en,Italiano
Leonardo Sciascia,es autor de la obra,1912 più 1
1912 più 1,pertenece al género,Trials (Murder)
883891690X,es un codigo ISBN para el libro,Le storie di Giufà
883891690X,es un codigo ISBN de una edicion publicada por,Sellerio
883891690X,está escrito en,Italiano
Leonardo Sciascia,es autor de la obra,Le storie di Giufà
Le storie di Giufà,pertenece al género,Giufà (Legendary character)
Le storie di Giufà,pertenece al género,Tales
Flavio Sciolè,es de nacionalidad,Italy
Bernardo Bertolucci,es de nacionalidad,Italy
8418481382,es un codigo ISBN para el libro,Manual corsario
8418481382,es un codigo ISBN de una edicion publicada por,Altamarea Ediciones
9788418481383,es un codigo ISBN para el libro,Manual corsario
9788418481383,es un codigo ISBN de una edicion publicada por,Altamarea Ediciones
Bernardo Bertolucci,es autor de la obra,Manual corsario
9788834606728,es un codigo ISBN para el libro,Il mistero del cinema
9788834606728,es un codigo ISBN de una edicion publicada por,La nave di Teseo
9788834606728,está escrito en,Italiano
Bernardo Bertolucci,es autor de la obra,Il mistero del cinema
9782350780894,es un codigo ISBN para el libro,Les Tennismen - tome 1
9782350780894,es un codigo ISBN de una edicion publicada por,BAMBOO
2350780899,es un codigo ISBN para el libro,Les Tennismen - tome 1
2350780899,es un codigo ISBN de una edicion publicada por,BAMBOO
Bernardo Bertolucci,es autor de la obra,Les Tennismen - tome 1
9780440046530,es un codigo ISBN para el libro,Last Tango in Paris
9780440046530,es un codigo ISBN de una edicion publicada por,Dell
044004653X,es un codigo ISBN para el libro,Last Tango in Paris
044004653X,es un codigo ISBN de una edicion publicada por,Dell
9780859650199,es un codigo ISBN para el libro,Last Tango in Paris
9780859650199,es un codigo ISBN de una edicion publicada por,Plexus Publishing Ltd
0859650197,es un codigo ISBN para el libro,Last Tango in Paris
0859650197,es un codigo ISBN de una edicion publicada por,Plexus Publishing Ltd
Bernardo Bertolucci,es autor de la obra,Last Tango in Paris
0810943859,es un codigo ISBN para el libro,Making pictures
0810943859,es un codigo ISBN de una edicion publicada por,Harry N. Abrams
0810943859,está escrito en,Inglés
9780810943858,es un codigo ISBN para el libro,Making pictures
9780810943858,es un codigo ISBN de una edicion publicada por,Harry N. Abrams
9780810943858,está escrito en,Inglés
0810943859,es un codigo ISBN de una edicion publicada por,Abrams
0810943859,es un codigo ISBN de una edicion publicada por,"Harry N. Abrams, Inc."
Bernardo Bertolucci,es autor de la obra,Making pictures
Making pictures,pertenece al género,Motion pictures
Making pictures,pertenece al género,Cinematography
Making pictures,pertenece al género,Cinematographers
0859651851,es un codigo ISBN para el libro,Bertolucci by Bertolucci
0859651851,es un codigo ISBN de una edicion publicada por,Plexus
0859651851,está escrito en,Inglés
Bernardo Bertolucci,es autor de la obra,Bertolucci by Bertolucci
Bertolucci by Bertolucci,pertenece al género,Interviews
Bertolucci by Bertolucci,pertenece al género,Motion picture producers and directors
8877482370,es un codigo ISBN para el libro,Sognando =
8877482370,es un codigo ISBN de una edicion publicada por,Ubulibri
8877482370,está escrito en,Italiano
Bernardo Bertolucci,es autor de la obra,Sognando =
8876053344,es un codigo ISBN para el libro,In cerca del mistero
8876053344,es un codigo ISBN de una edicion publicada por,Gremese
8876053344,está escrito en,Italiano
8876053654,es un codigo ISBN para el libro,In cerca del mistero
8876053654,es un codigo ISBN de una edicion publicada por,Gremese
8876053654,está escrito en,Italiano
Bernardo Bertolucci,es autor de la obra,In cerca del mistero
9788836618965,es un codigo ISBN para el libro,Bertolucci Images
9788836618965,es un codigo ISBN de una edicion publicada por,Brand: Silvana Editoriale
9788836618965,es un codigo ISBN de una edicion publicada por,Silvana Editoriale
Bernardo Bertolucci,es autor de la obra,Bertolucci Images
9788811601050,es un codigo ISBN para el libro,La mia magnifica ossessione
9788811601050,es un codigo ISBN de una edicion publicada por,Garzanti
9788811601050,está escrito en,Italiano
Bernardo Bertolucci,es autor de la obra,La mia magnifica ossessione
La mia magnifica ossessione,pertenece al género,Motion pictures
La mia magnifica ossessione,pertenece al género,History
1578062055,es un codigo ISBN para el libro,Bernardo Bertolucci
1578062055,es un codigo ISBN de una edicion publicada por,University Press of Mississippi
1578062055,está escrito en,Inglés
1578062047,es un codigo ISBN para el libro,Bernardo Bertolucci
1578062047,es un codigo ISBN de una edicion publicada por,University Press of Mississippi
1578062047,está escrito en,Inglés
9781578062041,es un codigo ISBN para el libro,Bernardo Bertolucci
9781578062041,es un codigo ISBN de una edicion publicada por,University Press of Mississippi
9781578062041,está escrito en,Inglés
1578062039,es un codigo ISBN para el libro,Bernardo Bertolucci
1578062039,es un codigo ISBN de una edicion publicada por,University Press of Mississippi
1578062039,está escrito en,Inglés
9781578062034,es un codigo ISBN para el libro,Bernardo Bertolucci
9781578062034,es un codigo ISBN de una edicion publicada por,University Press of Mississippi
9781578062034,está escrito en,Inglés
9781578062058,es un codigo ISBN para el libro,Bernardo Bertolucci
9781578062058,es un codigo ISBN de una edicion publicada por,University Press of Mississippi
9781578062058,está escrito en,Inglés
Bernardo Bertolucci,es autor de la obra,Bernardo Bertolucci
Bernardo Bertolucci,pertenece al género,Interviews
Bernardo Bertolucci,pertenece al género,Motion picture producers and directors
Bernardo Bertolucci,pertenece al género,Italy
0440020417,es un codigo ISBN para el libro,Last tango in Paris
0440020417,es un codigo ISBN de una edicion publicada por,Delacorte Press
0440020417,está escrito en,Inglés
Bernardo Bertolucci,es autor de la obra,Last tango in Paris
Last tango in Paris,pertenece al género,Criticism
Last tango in Paris,pertenece al género,Ultimo tango a Parigi
8877480688,es un codigo ISBN para el libro,Scene madri
8877480688,es un codigo ISBN de una edicion publicada por,Ubulibri
8877480688,está escrito en,Italiano
Bernardo Bertolucci,es autor de la obra,Scene madri
Asia Argento,es de nacionalidad,Italy
2845880332,es un codigo ISBN para el libro,Je t'aime Kirk
2845880332,es un codigo ISBN de una edicion publicada por,Florent Massot
9782845880337,es un codigo ISBN para el libro,Je t'aime Kirk
9782845880337,es un codigo ISBN de una edicion publicada por,Florent Massot
Asia Argento,es autor de la obra,Je t'aime Kirk
8412396448,es un codigo ISBN para el libro,Anatomía de un corazón salvaje
8412396448,es un codigo ISBN de una edicion publicada por,Applehead Team Creaciones
9788412396447,es un codigo ISBN para el libro,Anatomía de un corazón salvaje
9788412396447,es un codigo ISBN de una edicion publicada por,Applehead Team Creaciones
Asia Argento,es autor de la obra,Anatomía de un corazón salvaje
Luigi Pintor,es de nacionalidad,Italy
8833913112,es un codigo ISBN para el libro,Il nespolo
8833913112,es un codigo ISBN de una edicion publicada por,Bollati Boringhieri
8833913112,está escrito en,Italiano
Luigi Pintor,es autor de la obra,Il nespolo
8833914917,es un codigo ISBN para el libro,I luoghi del delitto
8833914917,es un codigo ISBN de una edicion publicada por,Bollati Boringhieri
8833914917,está escrito en,Italiano
Luigi Pintor,es autor de la obra,I luoghi del delitto
9788886109680,es un codigo ISBN para el libro,Servabo
9788886109680,es un codigo ISBN de una edicion publicada por,Il maestrale
9788886109680,está escrito en,Italiano
Luigi Pintor,es autor de la obra,Servabo
Servabo,pertenece al género,Politicians
Servabo,pertenece al género,Biography
Ugo Pirro,es de nacionalidad,Italy
8871803604,es un codigo ISBN para el libro,Per scrivere un film
8871803604,es un codigo ISBN de una edicion publicada por,Lindau
8871803604,está escrito en,Italiano
Ugo Pirro,es autor de la obra,Per scrivere un film
Per scrivere un film,pertenece al género,Motion picture authorship
8806139290,es un codigo ISBN para el libro,Celluloide
8806139290,es un codigo ISBN de una edicion publicada por,G.Einaudi
8806139290,está escrito en,Italiano
Ugo Pirro,es autor de la obra,Celluloide
Celluloide,pertenece al género,History
Celluloide,pertenece al género,Motion pictures
Celluloide,pertenece al género,Realism in motion pictures
8838915202,es un codigo ISBN para el libro,Figli di ferroviere
8838915202,es un codigo ISBN de una edicion publicada por,Sellerio
8838915202,está escrito en,Italiano
Ugo Pirro,es autor de la obra,Figli di ferroviere
8871803760,es un codigo ISBN para el libro,Il cinema della nostra vita
8871803760,es un codigo ISBN de una edicion publicada por,Lindau
8871803760,está escrito en,Italiano
Ugo Pirro,es autor de la obra,Il cinema della nostra vita
Il cinema della nostra vita,pertenece al género,Motion pictures
Il cinema della nostra vita,pertenece al género,Screenwriters
8876841962,es un codigo ISBN para el libro,Il luogo dei delitti
8876841962,es un codigo ISBN de una edicion publicada por,Frassinelli
8876841962,está escrito en,Italiano
Ugo Pirro,es autor de la obra,Il luogo dei delitti
8838910359,es un codigo ISBN para el libro,Osteria dei pittori
8838910359,es un codigo ISBN de una edicion publicada por,Sellerio
8838910359,está escrito en,Italiano
Ugo Pirro,es autor de la obra,Osteria dei pittori
8806147951,es un codigo ISBN para el libro,Soltanto un nome nei titoli di testa
8806147951,es un codigo ISBN de una edicion publicada por,Einaudi
8806147951,está escrito en,Italiano
Ugo Pirro,es autor de la obra,Soltanto un nome nei titoli di testa
Soltanto un nome nei titoli di testa,pertenece al género,Biography
Soltanto un nome nei titoli di testa,pertenece al género,Italian Authors
Soltanto un nome nei titoli di testa,pertenece al género,Screenwriters
9788838916373,es un codigo ISBN para el libro,Le soldatesse
9788838916373,está escrito en,Italiano
8838916373,es un codigo ISBN para el libro,Le soldatesse
8838916373,está escrito en,Italiano
Ugo Pirro,es autor de la obra,Le soldatesse
Le soldatesse,pertenece al género,Soldiers
Le soldatesse,pertenece al género,Fiction
Le soldatesse,pertenece al género,Prostitutes
9781539136101,es un codigo ISBN para el libro,"Scuola , una Citta' - il Liceo Ginnasio Di Terni (1936-2016)"
9781539136101,es un codigo ISBN de una edicion publicada por,CreateSpace Independent Publishing Platform
9781539136101,está escrito en,Italiano
Ugo Pirro,es autor de la obra,"Scuola , una Citta' - il Liceo Ginnasio Di Terni (1936-2016)"
9781604657791,es un codigo ISBN para el libro,Indagine su un cittadino al di sopra di ogni sospetto
9781604657791,está escrito en,Italiano
1604657790,es un codigo ISBN para el libro,Indagine su un cittadino al di sopra di ogni sospetto
1604657790,está escrito en,Italiano
Ugo Pirro,es autor de la obra,Indagine su un cittadino al di sopra di ogni sospetto
Indagine su un cittadino al di sopra di ogni sospetto,pertenece al género,Drama
Indagine su un cittadino al di sopra di ogni sospetto,pertenece al género,Criminal investigation
1537679937,es un codigo ISBN para el libro,La Facolta' Fascista di Scienze Politiche dell'Università di Perugia
1537679937,es un codigo ISBN de una edicion publicada por,CreateSpace Independent Publishing Platform
9781537679938,es un codigo ISBN para el libro,La Facolta' Fascista di Scienze Politiche dell'Università di Perugia
9781537679938,es un codigo ISBN de una edicion publicada por,CreateSpace Independent Publishing Platform
Ugo Pirro,es autor de la obra,La Facolta' Fascista di Scienze Politiche dell'Università di Perugia
9781535249140,es un codigo ISBN para el libro,Italia e Germania Nel Novecento
9781535249140,es un codigo ISBN de una edicion publicada por,CreateSpace Independent Publishing Platform
9781535249140,está escrito en,Italiano
Ugo Pirro,es autor de la obra,Italia e Germania Nel Novecento
Luchino Visconti,es de nacionalidad,Italy
0790726734,es un codigo ISBN para el libro,Luchino Visconti's the damned
0790726734,es un codigo ISBN de una edicion publicada por,Warner Home Video
0790726734,está escrito en,Inglés
Luchino Visconti,es autor de la obra,Luchino Visconti's the damned
Luchino Visconti's the damned,pertenece al género,Feature films
Luchino Visconti's the damned,pertenece al género,Drama
Luchino Visconti's the damned,pertenece al género,History
9781933920917,es un codigo ISBN para el libro,Rocco & his brothers
9781933920917,está escrito en,Inglés
Luchino Visconti,es autor de la obra,Rocco & his brothers
Rocco & his brothers,pertenece al género,Drama
Rocco & his brothers,pertenece al género,Triangles (Interpersonal relations)
Rocco & his brothers,pertenece al género,Brothers
9781933920900,es un codigo ISBN para el libro,Rocco and his brothers
9781933920900,está escrito en,Italiano
Luchino Visconti,es autor de la obra,Rocco and his brothers
Rocco and his brothers,pertenece al género,Drama
Rocco and his brothers,pertenece al género,Triangles (Interpersonal relations)
Rocco and his brothers,pertenece al género,Brothers
9781559409506,es un codigo ISBN para el libro,Il gattopardo
9781559409506,es un codigo ISBN de una edicion publicada por,Criterion Collection
9781559409506,está escrito en,Italiano
1559409509,es un codigo ISBN para el libro,Il gattopardo
1559409509,es un codigo ISBN de una edicion publicada por,Criterion Collection
1559409509,está escrito en,Italiano
Luchino Visconti,es autor de la obra,Il gattopardo
Il gattopardo,pertenece al género,Drama
Il gattopardo,pertenece al género,Aristocracy (Social class)
Il gattopardo,pertenece al género,History
9783829602365,es un codigo ISBN para el libro,Visconti
9783829602365,es un codigo ISBN de una edicion publicada por,Schirmer/Mosel
9783829602365,está escrito en,Alemán
9788837065942,es un codigo ISBN para el libro,Visconti
9788837065942,es un codigo ISBN de una edicion publicada por,Electa
9788837065942,está escrito en,Italiano
Luchino Visconti,es autor de la obra,Visconti
Visconti,pertenece al género,Motion picture producers and directors
Visconti,pertenece al género,Biography
Visconti,pertenece al género,Theatrical producers and directors
8876412468,es un codigo ISBN para el libro,Marcia nuziale
8876412468,es un codigo ISBN de una edicion publicada por,Edizione e/o
8876412468,está escrito en,Italiano
Luchino Visconti,es autor de la obra,Marcia nuziale
8449310458,es un codigo ISBN para el libro,Muerte en Venencia/ Death in Venencia (Peliculas)
8449310458,es un codigo ISBN de una edicion publicada por,Ediciones Paidos Iberica
8449310458,está escrito en,Español
9788449310454,es un codigo ISBN para el libro,Muerte en Venencia/ Death in Venencia (Peliculas)
9788449310454,es un codigo ISBN de una edicion publicada por,Ediciones Paidos Iberica
9788449310454,está escrito en,Español
Luchino Visconti,es autor de la obra,Muerte en Venencia/ Death in Venencia (Peliculas)
Furio Scarpelli,es de nacionalidad,Italy
9788846743855,es un codigo ISBN para el libro,Storia meravigliosa di Niccolò Paganini
9788846743855,es un codigo ISBN de una edicion publicada por,Edizioni ETS
9788846743855,está escrito en,Italiano
Furio Scarpelli,es autor de la obra,Storia meravigliosa di Niccolò Paganini
Storia meravigliosa di Niccolò Paganini,pertenece al género,Fiction
9788898598960,es un codigo ISBN para el libro,Furio Scarpelli
9788898598960,es un codigo ISBN de una edicion publicada por,Edizioni Erasmo
9788898598960,está escrito en,Italiano
Furio Scarpelli,es autor de la obra,Furio Scarpelli
Furio Scarpelli,pertenece al género,Exhibitions
9788817053488,es un codigo ISBN para el libro,Tormenti
9788817053488,es un codigo ISBN de una edicion publicada por,Rizzoli Lizard
9788817053488,está escrito en,Italiano
Furio Scarpelli,es autor de la obra,Tormenti
Carlo Emilio Gadda,es de nacionalidad,Italy
884592811X,es un codigo ISBN para el libro,Un gomitolo di concause
884592811X,es un codigo ISBN de una edicion publicada por,Adelphi
884592811X,está escrito en,Italiano
9788845928116,es un codigo ISBN para el libro,Un gomitolo di concause
9788845928116,es un codigo ISBN de una edicion publicada por,Adelphi
9788845928116,está escrito en,Italiano
Carlo Emilio Gadda,es autor de la obra,Un gomitolo di concause
Un gomitolo di concause,pertenece al género,Correspondence
Un gomitolo di concause,pertenece al género,Italian Authors
8845926249,es un codigo ISBN para el libro,"Accoppiamenti giudiziosi, 1924-1958"
8845926249,es un codigo ISBN de una edicion publicada por,Adelphi
8845926249,está escrito en,Italiano
9788845926242,es un codigo ISBN para el libro,"Accoppiamenti giudiziosi, 1924-1958"
9788845926242,es un codigo ISBN de una edicion publicada por,Adelphi
9788845926242,está escrito en,Italiano
Carlo Emilio Gadda,es autor de la obra,"Accoppiamenti giudiziosi, 1924-1958"
8811667194,es un codigo ISBN para el libro,Le Meraviglie d'Italia
8811667194,es un codigo ISBN de una edicion publicada por,Garzanti
8811667194,está escrito en,Italiano
Carlo Emilio Gadda,es autor de la obra,Le Meraviglie d'Italia
Le Meraviglie d'Italia,pertenece al género,Description and travel
3803101816,es un codigo ISBN para el libro,"Vier t""ochter und jede eine k""onigin"
3803101816,es un codigo ISBN de una edicion publicada por,Klaus Wagenbach
3803101816,está escrito en,Alemán
Carlo Emilio Gadda,es autor de la obra,"Vier t""ochter und jede eine k""onigin"
9788811683391,es un codigo ISBN para el libro,Quer pasticciaccio brutto de Via Merulana
9788811683391,está escrito en,Italiano
8811683394,es un codigo ISBN para el libro,Quer pasticciaccio brutto de Via Merulana
8811683394,está escrito en,Italiano
Carlo Emilio Gadda,es autor de la obra,Quer pasticciaccio brutto de Via Merulana
8811665019,es un codigo ISBN para el libro,Meditazione milanese
8811665019,es un codigo ISBN de una edicion publicada por,Garzanti
8811665019,está escrito en,Italiano
Carlo Emilio Gadda,es autor de la obra,Meditazione milanese
Meditazione milanese,pertenece al género,Philosophy
9788811660286,es un codigo ISBN para el libro,L'Adalgisa. Disegni milanesi
9788811660286,es un codigo ISBN de una edicion publicada por,Garzanti
9788811660286,está escrito en,Italiano
8811660289,es un codigo ISBN para el libro,L'Adalgisa. Disegni milanesi
8811660289,es un codigo ISBN de una edicion publicada por,Garzanti
8811660289,está escrito en,Italiano
Carlo Emilio Gadda,es autor de la obra,L'Adalgisa. Disegni milanesi
9788896689509,es un codigo ISBN para el libro,"Il ""mio"" Gadda"
9788896689509,es un codigo ISBN de una edicion publicada por,Edizioni Stimmgraf
9788896689509,está escrito en,Italiano
Carlo Emilio Gadda,es autor de la obra,"Il ""mio"" Gadda"
"Il ""mio"" Gadda",pertenece al género,Correspondence
"Il ""mio"" Gadda",pertenece al género,Italian Authors
"Il ""mio"" Gadda",pertenece al género,"World War, 1914-1918"
9788845931161,es un codigo ISBN para el libro,Eros e Priapo
9788845931161,es un codigo ISBN de una edicion publicada por,Adelphi edizioni
9788845931161,está escrito en,Italiano
Carlo Emilio Gadda,es autor de la obra,Eros e Priapo
9788822267191,es un codigo ISBN para el libro,"""Sono il pero e la zucca di me stesso"""
9788822267191,es un codigo ISBN de una edicion publicada por,Leo S. Olschki
9788822267191,está escrito en,Italiano
Carlo Emilio Gadda,es autor de la obra,"""Sono il pero e la zucca di me stesso"""
"""Sono il pero e la zucca di me stesso""",pertenece al género,Correspondence
"""Sono il pero e la zucca di me stesso""",pertenece al género,Italian Authors
9788845935435,es un codigo ISBN para el libro,La casa dei ricchi
9788845935435,es un codigo ISBN de una edicion publicada por,Adelphi
9788845935435,está escrito en,Italiano
Carlo Emilio Gadda,es autor de la obra,La casa dei ricchi
La casa dei ricchi,pertenece al género,"Treatments (Motion pictures, television, etc.)"
9788899467135,es un codigo ISBN para el libro,"""Col nuovo sole ti disturberò"""
9788899467135,es un codigo ISBN de una edicion publicada por,Succedeoggi libri
9788899467135,está escrito en,Italiano
Carlo Emilio Gadda,es autor de la obra,"""Col nuovo sole ti disturberò"""
"""Col nuovo sole ti disturberò""",pertenece al género,Criticism and interpretation
"""Col nuovo sole ti disturberò""",pertenece al género,Correspondence
"""Col nuovo sole ti disturberò""",pertenece al género,Italian Authors
8811669464,es un codigo ISBN para el libro,La meccanica
8811669464,es un codigo ISBN de una edicion publicada por,Garzanti
8811669464,está escrito en,Italiano
9788811669463,es un codigo ISBN para el libro,La meccanica
9788811669463,es un codigo ISBN de una edicion publicada por,Garzanti
9788811669463,está escrito en,Italiano
Carlo Emilio Gadda,es autor de la obra,La meccanica
La meccanica,pertenece al género,Guerre mondiale (1914-1918)
La meccanica,pertenece al género,Littérature et guerre
9788845926808,es un codigo ISBN para el libro,L'Adalgisa
9788845926808,es un codigo ISBN de una edicion publicada por,Adelphi
9788845926808,está escrito en,Italiano
884592680X,es un codigo ISBN para el libro,L'Adalgisa
884592680X,es un codigo ISBN de una edicion publicada por,Adelphi
884592680X,está escrito en,Italiano
Carlo Emilio Gadda,es autor de la obra,L'Adalgisa
9783492121842,es un codigo ISBN para el libro,Die grässliche Bescherung in der Via Merulana
9783492121842,es un codigo ISBN de una edicion publicada por,Piper
9783492121842,está escrito en,Alemán
3492121845,es un codigo ISBN para el libro,Die grässliche Bescherung in der Via Merulana
3492121845,es un codigo ISBN de una edicion publicada por,Piper
3492121845,está escrito en,Alemán
Carlo Emilio Gadda,es autor de la obra,Die grässliche Bescherung in der Via Merulana
Die grässliche Bescherung in der Via Merulana,pertenece al género,Kriminalität
Die grässliche Bescherung in der Via Merulana,pertenece al género,Bürgertum
8806133845,es un codigo ISBN para el libro,Poesie
8806133845,es un codigo ISBN de una edicion publicada por,G. Einaudi
8806133845,está escrito en,Italiano
Carlo Emilio Gadda,es autor de la obra,Poesie
9788800740098,es un codigo ISBN para el libro,Carlo Emilio Gadda
9788800740098,es un codigo ISBN de una edicion publicada por,Le Monnier università
9788800740098,está escrito en,Italiano
Carlo Emilio Gadda,es autor de la obra,Carlo Emilio Gadda
Giovannino Guareschi,es de nacionalidad,Italy
8412573722,es un codigo ISBN para el libro,Diario Clandestino 1943 - 1945
8412573722,es un codigo ISBN de una edicion publicada por,"La Fuga Ediciones, S.L."
9788412573725,es un codigo ISBN para el libro,Diario Clandestino 1943 - 1945
9788412573725,es un codigo ISBN de una edicion publicada por,"La Fuga Ediciones, S.L."
Giovannino Guareschi,es autor de la obra,Diario Clandestino 1943 - 1945
9788972209553,es un codigo ISBN para el libro,Little World of Don Camillo
8972209554,es un codigo ISBN para el libro,Little World of Don Camillo
9780575009912,es un codigo ISBN para el libro,Little World of Don Camillo
9780575009912,es un codigo ISBN de una edicion publicada por,"Orion Publishing Group, Limited"
9780575009912,está escrito en,Inglés
9780891902157,es un codigo ISBN para el libro,Little World of Don Camillo
9780891902157,es un codigo ISBN de una edicion publicada por,Amereon Ltd.
9780891902157,está escrito en,Inglés
9781849022439,es un codigo ISBN para el libro,Little World of Don Camillo
9781849022439,es un codigo ISBN de una edicion publicada por,Benediction Books
9781849022439,está escrito en,Inglés
9780850467628,es un codigo ISBN para el libro,Little World of Don Camillo
9780850467628,es un codigo ISBN de una edicion publicada por,Chivers Press
9780850467628,es un codigo ISBN de una edicion publicada por,Lythway P.
9780850467628,está escrito en,Inglés
Giovannino Guareschi,es autor de la obra,Little World of Don Camillo
Little World of Don Camillo,pertenece al género,"Fiction, christian, collections & anthologies"
Little World of Don Camillo,pertenece al género,"Italy, fiction"
Little World of Don Camillo,pertenece al género,"Catholic church, clergy, fiction"
0862733871,es un codigo ISBN para el libro,Great humorous stories
0862733871,es un codigo ISBN de una edicion publicada por,Octopus
0862733871,está escrito en,Inglés
9780862733872,es un codigo ISBN para el libro,Great humorous stories
9780862733872,es un codigo ISBN de una edicion publicada por,Octopus
9780862733872,está escrito en,Inglés
Giovannino Guareschi,es autor de la obra,Great humorous stories
Great humorous stories,pertenece al género,Humorous stories
0140024069,es un codigo ISBN para el libro,The house That Nino Built
0140024069,es un codigo ISBN de una edicion publicada por,Penguin
9780140024067,es un codigo ISBN para el libro,The house That Nino Built
9780140024067,es un codigo ISBN de una edicion publicada por,Penguin
Giovannino Guareschi,es autor de la obra,The house That Nino Built
0374189609,es un codigo ISBN para el libro,Little World of Don Camillo
0374189609,es un codigo ISBN de una edicion publicada por,Farrar Straus & Giroux (T)
9780374189600,es un codigo ISBN para el libro,Little World of Don Camillo
9780374189600,es un codigo ISBN de una edicion publicada por,Farrar Straus & Giroux (T)
2020974924,es un codigo ISBN para el libro,Le Petit Monde de don Camillo
2020974924,es un codigo ISBN de una edicion publicada por,SEUIL
9782020974929,es un codigo ISBN para el libro,Le Petit Monde de don Camillo
9782020974929,es un codigo ISBN de una edicion publicada por,SEUIL
Giovannino Guareschi,es autor de la obra,Le Petit Monde de don Camillo
9781900064569,es un codigo ISBN para el libro,Don Camillo and Don Chichi
9781900064569,es un codigo ISBN de una edicion publicada por,Pilot Promotions
9781900064569,está escrito en,Inglés
Giovannino Guareschi,es autor de la obra,Don Camillo and Don Chichi
9788861581715,es un codigo ISBN para el libro,L'Italia in bicicletta
9788861581715,es un codigo ISBN de una edicion publicada por,Excelsior 1881
9788861581715,está escrito en,Italiano
8861581714,es un codigo ISBN para el libro,L'Italia in bicicletta
8861581714,es un codigo ISBN de una edicion publicada por,Excelsior 1881
8861581714,está escrito en,Italiano
Giovannino Guareschi,es autor de la obra,L'Italia in bicicletta
L'Italia in bicicletta,pertenece al género,Cycling
L'Italia in bicicletta,pertenece al género,Pictorial works
9780140017991,es un codigo ISBN para el libro,Don Camillo's Dilemma
9780140017991,es un codigo ISBN de una edicion publicada por,Penguin
0140017992,es un codigo ISBN para el libro,Don Camillo's Dilemma
0140017992,es un codigo ISBN de una edicion publicada por,Penguin
Giovannino Guareschi,es autor de la obra,Don Camillo's Dilemma
Don Camillo's Dilemma,pertenece al género,"Fiction, general"
9780140017984,es un codigo ISBN para el libro,Don Camillo and the Prodigal Son
9780140017984,es un codigo ISBN de una edicion publicada por,Penguin Books Ltd
0140017984,es un codigo ISBN para el libro,Don Camillo and the Prodigal Son
0140017984,es un codigo ISBN de una edicion publicada por,Penguin Books Ltd
Giovannino Guareschi,es autor de la obra,Don Camillo and the Prodigal Son
8817003506,es un codigo ISBN para el libro,Il breviario di don Camillo
8817003506,es un codigo ISBN de una edicion publicada por,BUR
8817003506,está escrito en,Italiano
9788817003506,es un codigo ISBN para el libro,Il breviario di don Camillo
9788817003506,es un codigo ISBN de una edicion publicada por,BUR
9788817003506,está escrito en,Italiano
Giovannino Guareschi,es autor de la obra,Il breviario di don Camillo
2020013541,es un codigo ISBN para el libro,L'extravagante mademoiselle Troll
2020013541,es un codigo ISBN de una edicion publicada por,Seuil
2020013541,está escrito en,Francés
9782020013543,es un codigo ISBN para el libro,L'extravagante mademoiselle Troll
9782020013543,es un codigo ISBN de una edicion publicada por,Seuil
9782020013543,está escrito en,Francés
Giovannino Guareschi,es autor de la obra,L'extravagante mademoiselle Troll
9783926187345,es un codigo ISBN para el libro,... und Don Camillo mittendrin
9783926187345,es un codigo ISBN de una edicion publicada por,Weltbild Verl.
9783926187345,está escrito en,Alemán
3926187344,es un codigo ISBN para el libro,... und Don Camillo mittendrin
3926187344,es un codigo ISBN de una edicion publicada por,Weltbild Verl.
3926187344,está escrito en,Alemán
Giovannino Guareschi,es autor de la obra,... und Don Camillo mittendrin
... und Don Camillo mittendrin,pertenece al género,Kommunismus
... und Don Camillo mittendrin,pertenece al género,Landleben
... und Don Camillo mittendrin,pertenece al género,Pfarrer
Boris Pahor,es de nacionalidad,Italy
9789610157656,es un codigo ISBN para el libro,Tako mislim
9789610157656,es un codigo ISBN de una edicion publicada por,Mladinska knjiga
9789610157656,está escrito en,Esloveno
9610157653,es un codigo ISBN para el libro,Tako mislim
9610157653,es un codigo ISBN de una edicion publicada por,Mladinska knjiga
9610157653,está escrito en,Esloveno
Boris Pahor,es autor de la obra,Tako mislim
9789610110057,es un codigo ISBN para el libro,Zatemnitev
9789610110057,es un codigo ISBN de una edicion publicada por,Mladinska knjiga
9789610110057,está escrito en,Esloveno
9610110053,es un codigo ISBN para el libro,Zatemnitev
9610110053,es un codigo ISBN de una edicion publicada por,Mladinska knjiga
9610110053,está escrito en,Esloveno
Boris Pahor,es autor de la obra,Zatemnitev
9789612372286,es un codigo ISBN para el libro,Srečko Kosovel
9789612372286,es un codigo ISBN de una edicion publicada por,Znanstvena založba Filozofske fakultete
9789612372286,está escrito en,Esloveno
Boris Pahor,es autor de la obra,Srečko Kosovel
Srečko Kosovel,pertenece al género,Criticism and interpretation
Srečko Kosovel,pertenece al género,Slovenian Authors
Srečko Kosovel,pertenece al género,Biography
9781564786111,es un codigo ISBN para el libro,Necropolis
9781564786111,es un codigo ISBN de una edicion publicada por,Dalkey Archive Press
9781564786111,está escrito en,Inglés
Boris Pahor,es autor de la obra,Necropolis
Necropolis,pertenece al género,Medical personnel
Necropolis,pertenece al género,Slovenian Personal narratives
Necropolis,pertenece al género,Harzungen (Concentration camp)
9782841001293,es un codigo ISBN para el libro,La villa sur le lac
9782841001293,es un codigo ISBN de una edicion publicada por,Christian de Bartillat
2841001296,es un codigo ISBN para el libro,La villa sur le lac
2841001296,es un codigo ISBN de una edicion publicada por,Christian de Bartillat
Boris Pahor,es autor de la obra,La villa sur le lac
8873420516,es un codigo ISBN para el libro,Letteratura slovena del Litorale
8873420516,es un codigo ISBN de una edicion publicada por,Mladika
8873420516,está escrito en,Italiano
Boris Pahor,es autor de la obra,Letteratura slovena del Litorale
Letteratura slovena del Litorale,pertenece al género,Slovenian literature
Letteratura slovena del Litorale,pertenece al género,History and criticism
Letteratura slovena del Litorale,pertenece al género,Slovenian Authors
8637706231,es un codigo ISBN para el libro,Napoved nove plovbe
8637706231,es un codigo ISBN de una edicion publicada por,Obzorja
8637706231,está escrito en,Esloveno
Boris Pahor,es autor de la obra,Napoved nove plovbe
Napoved nove plovbe,pertenece al género,Slovenian Authors
Napoved nove plovbe,pertenece al género,Biography
Napoved nove plovbe,pertenece al género,Diaries
9783442761043,es un codigo ISBN para el libro,Nekropolis
9783442761043,es un codigo ISBN de una edicion publicada por,Berliner Taschenbuchverlag
3442761042,es un codigo ISBN para el libro,Nekropolis
3442761042,es un codigo ISBN de una edicion publicada por,Berliner Taschenbuchverlag
Boris Pahor,es autor de la obra,Nekropolis
9788873420231,es un codigo ISBN para el libro,Nomadi brez oaze
9788873420231,es un codigo ISBN de una edicion publicada por,Mladika
9788873420231,está escrito en,Esloveno
8873420230,es un codigo ISBN para el libro,Nomadi brez oaze
8873420230,es un codigo ISBN de una edicion publicada por,Mladika
8873420230,está escrito en,Esloveno
Boris Pahor,es autor de la obra,Nomadi brez oaze
0151719586,es un codigo ISBN para el libro,Pilgrim among the shadows
0151719586,es un codigo ISBN de una edicion publicada por,Harcourt Brace & Co.
0151719586,está escrito en,Inglés
Boris Pahor,es autor de la obra,Pilgrim among the shadows
Pilgrim among the shadows,pertenece al género,Physicians
Pilgrim among the shadows,pertenece al género,"Prisoners and prisons, German"
Pilgrim among the shadows,pertenece al género,Slovenian Personal narratives
8887407045,es un codigo ISBN para el libro,Pogled iz jamborovega koša
8887407045,es un codigo ISBN de una edicion publicada por,Goriška Mohorjeva družba
8887407045,está escrito en,Esloveno
Boris Pahor,es autor de la obra,Pogled iz jamborovega koša
Pogled iz jamborovega koša,pertenece al género,Politics and government
Pogled iz jamborovega koša,pertenece al género,Intellectual life
Pogled iz jamborovega koša,pertenece al género,Interviews
2859403884,es un codigo ISBN para el libro,Printemps difficile
2859403884,es un codigo ISBN de una edicion publicada por,Phébus
2859403884,está escrito en,Francés
9782859403881,es un codigo ISBN para el libro,Printemps difficile
9782859403881,es un codigo ISBN de una edicion publicada por,Phébus
9782859403881,está escrito en,Francés
Boris Pahor,es autor de la obra,Printemps difficile
8637707599,es un codigo ISBN para el libro,Slovenska svatba
8637707599,es un codigo ISBN de una edicion publicada por,Obzorja
8637707599,está escrito en,Esloveno
Boris Pahor,es autor de la obra,Slovenska svatba
Slovenska svatba,pertenece al género,Diaries
Slovenska svatba,pertenece al género,Slovenian Authors
9616580159,es un codigo ISBN para el libro,Trst in slovenski čas
9616580159,es un codigo ISBN de una edicion publicada por,Nova revija
9616580159,está escrito en,Esloveno
9789616580151,es un codigo ISBN para el libro,Trst in slovenski čas
9789616580151,es un codigo ISBN de una edicion publicada por,Nova revija
9789616580151,está escrito en,Esloveno
Boris Pahor,es autor de la obra,Trst in slovenski čas
Trst in slovenski čas,pertenece al género,European Union
Trst in slovenski čas,pertenece al género,Small States
Trst in slovenski čas,pertenece al género,Interviews
9612130396,es un codigo ISBN para el libro,V vodoravni legi
9612130396,es un codigo ISBN de una edicion publicada por,Slavenska matica
Boris Pahor,es autor de la obra,V vodoravni legi
9612311374,es un codigo ISBN para el libro,Zibelka sveta
9612311374,es un codigo ISBN de una edicion publicada por,Cankarjeva zal.
9612311374,está escrito en,Esloveno
Boris Pahor,es autor de la obra,Zibelka sveta
8611149491,es un codigo ISBN para el libro,Nekropola
8611149491,es un codigo ISBN de una edicion publicada por,Založba Mladinska knjiga
8611149491,está escrito en,Esloveno
Boris Pahor,es autor de la obra,Nekropola
Nekropola,pertenece al género,Concentration camps
Nekropola,pertenece al género,Fiction
Nekropola,pertenece al género,Germany
9612130469,es un codigo ISBN para el libro,Spopad s pomladjo
9612130469,es un codigo ISBN de una edicion publicada por,Slovenska matica
9612130469,está escrito en,Esloveno
Boris Pahor,es autor de la obra,Spopad s pomladjo
9612131538,es un codigo ISBN para el libro,Trg Oberdan
9612131538,es un codigo ISBN de una edicion publicada por,Slovenska matica
9612131538,está escrito en,Esloveno
Boris Pahor,es autor de la obra,Trg Oberdan
9788884470485,es un codigo ISBN para el libro,Vila ob jezeru
9788884470485,es un codigo ISBN de una edicion publicada por,Nicolodi
9788884470485,está escrito en,Italiano
Boris Pahor,es autor de la obra,Vila ob jezeru
9789616547390,es un codigo ISBN para el libro,A difficult spring
9789616547390,es un codigo ISBN de una edicion publicada por,Slovene Writer's Association
9789616547390,está escrito en,Inglés
Boris Pahor,es autor de la obra,A difficult spring
9782268043869,es un codigo ISBN para el libro,La Porte dorée
9782268043869,es un codigo ISBN de una edicion publicada por,Editions Du Rocher
9782268043869,está escrito en,Francés
226804386X,es un codigo ISBN para el libro,La Porte dorée
226804386X,es un codigo ISBN de una edicion publicada por,Editions Du Rocher
226804386X,está escrito en,Francés
Boris Pahor,es autor de la obra,La Porte dorée
Giuseppe Mazzotti,es de nacionalidad,Italy
9780854586790,es un codigo ISBN para el libro,Palladian and other Venetian villas
9780854586790,es un codigo ISBN de una edicion publicada por,Bestetti
0854586792,es un codigo ISBN para el libro,Palladian and other Venetian villas
0854586792,es un codigo ISBN de una edicion publicada por,Bestetti
Giuseppe Mazzotti,es autor de la obra,Palladian and other Venetian villas
Palladian and other Venetian villas,pertenece al género,Art
Palladian and other Venetian villas,pertenece al género,Cities and towns
Palladian and other Venetian villas,pertenece al género,Description and travel
9788887061963,es un codigo ISBN para el libro,Ville Venete
9788887061963,es un codigo ISBN de una edicion publicada por,Canova
9788887061963,está escrito en,Italiano
8887061963,es un codigo ISBN para el libro,Ville Venete
8887061963,es un codigo ISBN de una edicion publicada por,Canova
8887061963,está escrito en,Italiano
Giuseppe Mazzotti,es autor de la obra,Ville Venete
Ville Venete,pertenece al género,Domestic Architecture
Ville Venete,pertenece al género,Italian Art
Ville Venete,pertenece al género,Pictorial works
8885066372,es un codigo ISBN para el libro,Le ville venete
8885066372,es un codigo ISBN de una edicion publicada por,Canova
8885066372,está escrito en,Italiano
Giuseppe Mazzotti,es autor de la obra,Le ville venete
Le ville venete,pertenece al género,Art
Le ville venete,pertenece al género,Cities and towns
Le ville venete,pertenece al género,Domestic Architecture
8886177844,es un codigo ISBN para el libro,Artigianato Veneto
8886177844,es un codigo ISBN de una edicion publicada por,Canova
8886177844,está escrito en,Italiano
Giuseppe Mazzotti,es autor de la obra,Artigianato Veneto
Artigianato Veneto,pertenece al género,Artisans
Artigianato Veneto,pertenece al género,Handicraft
9788884661012,es un codigo ISBN para el libro,Treviso
9788884661012,es un codigo ISBN de una edicion publicada por,D. De Bastiani
9788884661012,está escrito en,Italiano
Giuseppe Mazzotti,es autor de la obra,Treviso
Treviso,pertenece al género,Description and travel
Marco Ferreri,es de nacionalidad,Italy
8886250274,es un codigo ISBN para el libro,Bookmarks
8886250274,es un codigo ISBN de una edicion publicada por,Corraini
8886250274,está escrito en,Italiano
8886250274,es un codigo ISBN de una edicion publicada por,Edizioni Corraini
8886250274,está escrito en,Inglés
9788886250276,es un codigo ISBN para el libro,Bookmarks
9788886250276,es un codigo ISBN de una edicion publicada por,Edizioni Corraini
9788886250276,está escrito en,Inglés
Marco Ferreri,es autor de la obra,Bookmarks
Bookmarks,pertenece al género,Bookmarks
Bookmarks,pertenece al género,Exhibitions
9788886250535,es un codigo ISBN para el libro,Cutlery
9788886250535,es un codigo ISBN de una edicion publicada por,Edizioni Corraini
9788886250535,está escrito en,Inglés
8886250533,es un codigo ISBN para el libro,Cutlery
8886250533,es un codigo ISBN de una edicion publicada por,Edizioni Corraini
8886250533,está escrito en,Inglés
Marco Ferreri,es autor de la obra,Cutlery
Cutlery,pertenece al género,Cutlery
Cutlery,pertenece al género,Exhibitions
Cutlery,pertenece al género,Flatware
2903082049,es un codigo ISBN para el libro,Marco Ferreri
2903082049,es un codigo ISBN de una edicion publicada por,Maison de la Culture d'Amiens
2903082049,está escrito en,Francés
Marco Ferreri,es autor de la obra,Marco Ferreri
Marco Ferreri,pertenece al género,Criticism and interpretation
8877481528,es un codigo ISBN para el libro,Nitrato d'argento
8877481528,es un codigo ISBN de una edicion publicada por,Ubulibri
8877481528,está escrito en,Italiano
Marco Ferreri,es autor de la obra,Nitrato d'argento
9788886250405,es un codigo ISBN para el libro,Pencils
9788886250405,es un codigo ISBN de una edicion publicada por,Edizioni Corraini
9788886250405,está escrito en,Inglés
8886250401,es un codigo ISBN para el libro,Pencils
8886250401,es un codigo ISBN de una edicion publicada por,Edizioni Corraini
8886250401,está escrito en,Inglés
Marco Ferreri,es autor de la obra,Pencils
9788837079727,es un codigo ISBN para el libro,Marco Ferreri
9788837079727,es un codigo ISBN de una edicion publicada por,Electa
9788837079727,es un codigo ISBN de una edicion publicada por,"La Triennale di Milano, Design Museum"
9788837079727,está escrito en,Italiano
Marco Ferreri,pertenece al género,Design
Marco Ferreri,pertenece al género,Exhibitions
Marco Ferreri,pertenece al género,History
8886250401,es un codigo ISBN de una edicion publicada por,Corraini Editore
Pencils,pertenece al género,Pencils
Pencils,pertenece al género,History
Pencils,pertenece al género,Exhibitions
9788837069186,es un codigo ISBN para el libro,Oggetti sonori
9788837069186,es un codigo ISBN de una edicion publicada por,Electa
9788837069186,es un codigo ISBN de una edicion publicada por,La Triennale di Milano Design Museum
9788837069186,está escrito en,Italiano
Marco Ferreri,es autor de la obra,Oggetti sonori
Oggetti sonori,pertenece al género,Sound
Oggetti sonori,pertenece al género,Industrial design
Oggetti sonori,pertenece al género,Sound in design
Enzo Biagi,es de nacionalidad,Italy
8817850543,es un codigo ISBN para el libro,Due romanzi e ventisette racconti
8817850543,es un codigo ISBN de una edicion publicada por,Rizzoli
8817850543,está escrito en,Italiano
Enzo Biagi,es autor de la obra,Due romanzi e ventisette racconti
8831501046,es un codigo ISBN para el libro,687 km di speranza
8831501046,es un codigo ISBN de una edicion publicada por,Paoline
8831501046,está escrito en,Italiano
Enzo Biagi,es autor de la obra,687 km di speranza
8804305940,es un codigo ISBN para el libro,Alla scoperta del passato
8804305940,es un codigo ISBN de una edicion publicada por,A. Mondadori
8804305940,está escrito en,Italiano
Enzo Biagi,es autor de la obra,Alla scoperta del passato
Alla scoperta del passato,pertenece al género,Civilization
Alla scoperta del passato,pertenece al género,History
Alla scoperta del passato,pertenece al género,"Comic books, strips"
9788839716859,es un codigo ISBN para el libro,Lezioni di televisione
9788839716859,es un codigo ISBN de una edicion publicada por,Rai Eri
9788839716859,está escrito en,Italiano
Enzo Biagi,es autor de la obra,Lezioni di televisione
Lezioni di televisione,pertenece al género,Television broadcasting
Lezioni di televisione,pertenece al género,History
Lezioni di televisione,pertenece al género,Civilization
9788846200204,es un codigo ISBN para el libro,Quante donne
9788846200204,es un codigo ISBN de una edicion publicada por,Superpocket
9788846200204,está escrito en,Italiano
8846200209,es un codigo ISBN para el libro,Quante donne
8846200209,es un codigo ISBN de una edicion publicada por,Superpocket
8846200209,está escrito en,Italiano
Enzo Biagi,es autor de la obra,Quante donne
8840411763,es un codigo ISBN para el libro,Tesori di Bologna
8840411763,es un codigo ISBN de una edicion publicada por,Nardini
8840411763,está escrito en,Italiano
Enzo Biagi,es autor de la obra,Tesori di Bologna
Tesori di Bologna,pertenece al género,Description and travel
Tesori di Bologna,pertenece al género,Pictorial works
8817125458,es un codigo ISBN para el libro,Ferrari
8817125458,es un codigo ISBN de una edicion publicada por,BUR
8817125458,está escrito en,Italiano
Enzo Biagi,es autor de la obra,Ferrari
Ferrari,pertenece al género,Automobile engineers
Ferrari,pertenece al género,Biography
Ferrari,pertenece al género,Ferrari automobile
9785987200339,es un codigo ISBN para el libro,Krasivai︠a︡ zhiznʹ
9785987200339,es un codigo ISBN de una edicion publicada por,"Izd-vo ""KoLibri"""
9785987200339,está escrito en,rus
5987200334,es un codigo ISBN para el libro,Krasivai︠a︡ zhiznʹ
5987200334,es un codigo ISBN de una edicion publicada por,"Izd-vo ""KoLibri"""
5987200334,está escrito en,rus
Enzo Biagi,es autor de la obra,Krasivai︠a︡ zhiznʹ
Krasivai︠a︡ zhiznʹ,pertenece al género,Interviews
Krasivai︠a︡ zhiznʹ,pertenece al género,Biography
Krasivai︠a︡ zhiznʹ,pertenece al género,Motion picture actors and actresses
9788817035453,es un codigo ISBN para el libro,I quattordici mesi
9788817035453,es un codigo ISBN de una edicion publicada por,Rizzoli
9788817035453,está escrito en,Italiano
Enzo Biagi,es autor de la obra,I quattordici mesi
I quattordici mesi,pertenece al género,Guerrillas
I quattordici mesi,pertenece al género,Underground movements
I quattordici mesi,pertenece al género,Journalists
9788817041577,es un codigo ISBN para el libro,Consigli per un paese normale
9788817041577,es un codigo ISBN de una edicion publicada por,Rizzoli
9788817041577,está escrito en,Italiano
Enzo Biagi,es autor de la obra,Consigli per un paese normale
Consigli per un paese normale,pertenece al género,Social life and customs
Consigli per un paese normale,pertenece al género,Interviews
Consigli per un paese normale,pertenece al género,Civilization
Giovanni Sartori,es de nacionalidad,Italy
4657007262,es un codigo ISBN para el libro,比較政治学
4657007262,es un codigo ISBN de una edicion publicada por,Waseda Daigaku Shuppanbu
4657007262,está escrito en,jpn
Giovanni Sartori,es autor de la obra,比較政治学
比較政治学,pertenece al género,Comparative government
8815232826,es un codigo ISBN para el libro,"Logica, metodo e linguaggio nelle scienze sociali"
8815232826,es un codigo ISBN de una edicion publicada por,Il mulino
8815232826,está escrito en,Italiano
9788815232823,es un codigo ISBN para el libro,"Logica, metodo e linguaggio nelle scienze sociali"
9788815232823,es un codigo ISBN de una edicion publicada por,Il mulino
9788815232823,está escrito en,Italiano
Giovanni Sartori,es autor de la obra,"Logica, metodo e linguaggio nelle scienze sociali"
"Logica, metodo e linguaggio nelle scienze sociali",pertenece al género,Social sciences
"Logica, metodo e linguaggio nelle scienze sociali",pertenece al género,Methodology
"Logica, metodo e linguaggio nelle scienze sociali",pertenece al género,Philosophy
8815012524,es un codigo ISBN para el libro,Elementi di teoria politica
8815012524,es un codigo ISBN de una edicion publicada por,Società editrice il Mulino
8815012524,está escrito en,Italiano
8815090819,es un codigo ISBN para el libro,Elementi di teoria politica
8815090819,es un codigo ISBN de una edicion publicada por,Il mulino
8815090819,está escrito en,Italiano
Giovanni Sartori,es autor de la obra,Elementi di teoria politica
Elementi di teoria politica,pertenece al género,Political science
9687750626,es un codigo ISBN para el libro,Límites de la ingeniería constitucional
9687750626,es un codigo ISBN de una edicion publicada por,Instituto Federal Electoral
9687750626,está escrito en,Español
9789687750620,es un codigo ISBN para el libro,Límites de la ingeniería constitucional
9789687750620,es un codigo ISBN de una edicion publicada por,Instituto Federal Electoral
9789687750620,está escrito en,Español
Giovanni Sartori,es autor de la obra,Límites de la ingeniería constitucional
Límites de la ingeniería constitucional,pertenece al género,Constitutional law
Límites de la ingeniería constitucional,pertenece al género,Comparative government
9788815051387,es un codigo ISBN para el libro,Come sbagliare le riforme
9788815051387,es un codigo ISBN de una edicion publicada por,Il mulino
9788815051387,está escrito en,Italiano
8815051384,es un codigo ISBN para el libro,Come sbagliare le riforme
8815051384,es un codigo ISBN de una edicion publicada por,Il mulino
8815051384,está escrito en,Italiano
Giovanni Sartori,es autor de la obra,Come sbagliare le riforme
Come sbagliare le riforme,pertenece al género,Elections
Come sbagliare le riforme,pertenece al género,Representative government and representation
Come sbagliare le riforme,pertenece al género,Social aspects
9789707311176,es un codigo ISBN para el libro,Homo videns
9789707311176,es un codigo ISBN de una edicion publicada por,Punto de Lectura
9789707311176,está escrito en,Español
9707311177,es un codigo ISBN para el libro,Homo videns
9707311177,es un codigo ISBN de una edicion publicada por,Punto de Lectura
9707311177,está escrito en,Español
Giovanni Sartori,es autor de la obra,Homo videns
Homo videns,pertenece al género,Television broadcasting
Homo videns,pertenece al género,Social aspects
Homo videns,pertenece al género,Teledifusión
8817871737,es un codigo ISBN para el libro,La terra scoppia
8817871737,es un codigo ISBN de una edicion publicada por,Rizzoli
8817871737,está escrito en,Italiano
Giovanni Sartori,es autor de la obra,La terra scoppia
La terra scoppia,pertenece al género,Overpopulation
La terra scoppia,pertenece al género,Population
La terra scoppia,pertenece al género,Economic aspects
9788804658146,es un codigo ISBN para el libro,La corsa verso il nulla
9788804658146,es un codigo ISBN de una edicion publicada por,Frecce
9788804658146,es un codigo ISBN de una edicion publicada por,Mondadori
9788804658146,está escrito en,Italiano
Giovanni Sartori,es autor de la obra,La corsa verso il nulla
La corsa verso il nulla,pertenece al género,Philosophy
La corsa verso il nulla,pertenece al género,Ethics
La corsa verso il nulla,pertenece al género,Civilization
0803921772,es un codigo ISBN para el libro,Social science concepts
0803921772,es un codigo ISBN de una edicion publicada por,Sage Publications
0803921772,está escrito en,Inglés
Giovanni Sartori,es autor de la obra,Social science concepts
Social science concepts,pertenece al género,Social sciences
Social science concepts,pertenece al género,H61 .s58996 1984
8815029605,es un codigo ISBN para el libro,La Comparazione nelle scienze sociali
8815029605,es un codigo ISBN de una edicion publicada por,Società editrice il Mulino
8815029605,está escrito en,Italiano
Giovanni Sartori,es autor de la obra,La Comparazione nelle scienze sociali
La Comparazione nelle scienze sociali,pertenece al género,Comparative method
La Comparazione nelle scienze sociali,pertenece al género,Social sciences
9780429148736,es un codigo ISBN para el libro,Advances in Friedel-Crafts acylation reactions
9780429148736,es un codigo ISBN de una edicion publicada por,Taylor & Francis Group
9780429148736,está escrito en,Inglés
9781322623337,es un codigo ISBN para el libro,Advances in Friedel-Crafts acylation reactions
9781322623337,es un codigo ISBN de una edicion publicada por,Taylor & Francis Group
9781322623337,está escrito en,Inglés
9781420067934,es un codigo ISBN para el libro,Advances in Friedel-Crafts acylation reactions
9781420067934,es un codigo ISBN de una edicion publicada por,Taylor & Francis Group
9781420067934,está escrito en,Inglés
9781138113848,es un codigo ISBN para el libro,Advances in Friedel-Crafts acylation reactions
9781138113848,es un codigo ISBN de una edicion publicada por,Taylor & Francis Group
9781138113848,está escrito en,Inglés
1420067923,es un codigo ISBN para el libro,Advances in Friedel-Crafts acylation reactions
1420067923,es un codigo ISBN de una edicion publicada por,CRC
1420067923,está escrito en,Inglés
9781420067927,es un codigo ISBN para el libro,Advances in Friedel-Crafts acylation reactions
9781420067927,es un codigo ISBN de una edicion publicada por,CRC
9781420067927,está escrito en,Inglés
Giovanni Sartori,es autor de la obra,Advances in Friedel-Crafts acylation reactions
Advances in Friedel-Crafts acylation reactions,pertenece al género,Friedel-Crafts reaction
Advances in Friedel-Crafts acylation reactions,pertenece al género,Chemical reactions
Advances in Friedel-Crafts acylation reactions,pertenece al género,Réaction de Friedel-Crafts
9683912680,es un codigo ISBN para el libro,Qué es la democracia?
9683912680,es un codigo ISBN de una edicion publicada por,Nueva Imagen
9683912680,es un codigo ISBN de una edicion publicada por,Tribunal Federal Electoral
9683912680,está escrito en,Español
Giovanni Sartori,es autor de la obra,Qué es la democracia?
Qué es la democracia?,pertenece al género,Democracy
Qué es la democracia?,pertenece al género,Democracia
9780844721354,es un codigo ISBN para el libro,Eurocommunism
9780844721354,es un codigo ISBN de una edicion publicada por,"AEI Press,US"
9780844721354,está escrito en,Inglés
0844721352,es un codigo ISBN para el libro,Eurocommunism
0844721352,es un codigo ISBN de una edicion publicada por,"AEI Press,US"
0844721352,está escrito en,Inglés
0844721344,es un codigo ISBN para el libro,Eurocommunism
0844721344,es un codigo ISBN de una edicion publicada por,Aei Pr
0844721344,está escrito en,Inglés
9780844721347,es un codigo ISBN para el libro,Eurocommunism
9780844721347,es un codigo ISBN de una edicion publicada por,Aei Pr
9780844721347,está escrito en,Inglés
0844721352,es un codigo ISBN de una edicion publicada por,American Enterprise Institute for Public Policy Research
0844721344,es un codigo ISBN de una edicion publicada por,American Enterprise Institute for Public Policy Research
Giovanni Sartori,es autor de la obra,Eurocommunism
Eurocommunism,pertenece al género,Congres
Eurocommunism,pertenece al género,Communisme
Eurocommunism,pertenece al género,Communism
9505118376,es un codigo ISBN para el libro,La tierra explota
9505118376,es un codigo ISBN de una edicion publicada por,Taurus
Giovanni Sartori,es autor de la obra,La tierra explota
9789681678173,es un codigo ISBN para el libro,Videopoltica Medios Informacin Y Democracia De Sondeo
9789681678173,es un codigo ISBN de una edicion publicada por,Fondo de Cultura Economica USA
Giovanni Sartori,es autor de la obra,Videopoltica Medios Informacin Y Democracia De Sondeo
9780934540483,es un codigo ISBN para el libro,The Classical Issues
9780934540483,es un codigo ISBN de una edicion publicada por,CQ Press
Giovanni Sartori,es autor de la obra,The Classical Issues
The Classical Issues,pertenece al género,Democracy
9781420067927,es un codigo ISBN de una edicion publicada por,Taylor & Francis
9783534136407,es un codigo ISBN para el libro,Demokratietheorie. Sonderausgabe
9783534136407,es un codigo ISBN de una edicion publicada por,Wissenschaftliche Buchgesellschaft
3534136403,es un codigo ISBN para el libro,Demokratietheorie. Sonderausgabe
3534136403,es un codigo ISBN de una edicion publicada por,Wissenschaftliche Buchgesellschaft
Giovanni Sartori,es autor de la obra,Demokratietheorie. Sonderausgabe
9789504000839,es un codigo ISBN para el libro,Elementos de La Teoria Politica
9789504000839,es un codigo ISBN de una edicion publicada por,Alianza
9789504000839,está escrito en,Español
9504000835,es un codigo ISBN para el libro,Elementos de La Teoria Politica
9504000835,es un codigo ISBN de una edicion publicada por,Alianza
9504000835,está escrito en,Español
Giovanni Sartori,es autor de la obra,Elementos de La Teoria Politica
9788420647876,es un codigo ISBN para el libro,Elementos De Teoria Politica (Alianza Ensayo)
9788420647876,es un codigo ISBN de una edicion publicada por,"Alianza (Buenos Aires, AR)"
9788420647876,está escrito en,Español
842064787X,es un codigo ISBN para el libro,Elementos De Teoria Politica (Alianza Ensayo)
842064787X,es un codigo ISBN de una edicion publicada por,"Alianza (Buenos Aires, AR)"
842064787X,está escrito en,Español
Giovanni Sartori,es autor de la obra,Elementos De Teoria Politica (Alianza Ensayo)
8420629472,es un codigo ISBN para el libro,La Comparacion En Las Ciencias Sociales
8420629472,es un codigo ISBN de una edicion publicada por,Alianza
8420629472,está escrito en,Español
9788420629476,es un codigo ISBN para el libro,La Comparacion En Las Ciencias Sociales
9788420629476,es un codigo ISBN de una edicion publicada por,Alianza
9788420629476,está escrito en,Español
Giovanni Sartori,es autor de la obra,La Comparacion En Las Ciencias Sociales
Robert De Niro,es de nacionalidad,Italy
9780790764719,es un codigo ISBN para el libro,City by the Sea
9780790764719,es un codigo ISBN de una edicion publicada por,Warner Home Video
9780790764719,está escrito en,Inglés
0790764717,es un codigo ISBN para el libro,City by the Sea
0790764717,es un codigo ISBN de una edicion publicada por,Warner Home Video
0790764717,está escrito en,Inglés
Robert De Niro,es autor de la obra,City by the Sea
0790764725,es un codigo ISBN para el libro,City by the Sea
0790764725,es un codigo ISBN de una edicion publicada por,Warner Home Video
9780790764726,es un codigo ISBN para el libro,City by the Sea
9780790764726,es un codigo ISBN de una edicion publicada por,Warner Home Video
City by the Sea,pertenece al género,Drama
City by the Sea,pertenece al género,Detective and mystery plays
City by the Sea,pertenece al género,Video recordings for the hearing impaired
9780790774855,es un codigo ISBN para el libro,City by the Sea
9780790774855,es un codigo ISBN de una edicion publicada por,Warner Home Video
9780790774855,está escrito en,Inglés
0790774852,es un codigo ISBN para el libro,City by the Sea
0790774852,es un codigo ISBN de una edicion publicada por,Warner Home Video
0790774852,está escrito en,Inglés
9786305162032,es un codigo ISBN para el libro,Guilty by Suspicion
9786305162032,es un codigo ISBN de una edicion publicada por,Warner Home Video
6305162034,es un codigo ISBN para el libro,Guilty by Suspicion
6305162034,es un codigo ISBN de una edicion publicada por,Warner Home Video
Robert De Niro,es autor de la obra,Guilty by Suspicion
9780091900731,es un codigo ISBN para el libro,De Niro and Scorsese
9780091900731,es un codigo ISBN de una edicion publicada por,Penguin Random House
9780091900731,está escrito en,Inglés
Robert De Niro,es autor de la obra,De Niro and Scorsese
De Niro and Scorsese,pertenece al género,"Scorsese, martin, 1942-"
De Niro and Scorsese,pertenece al género,"De niro, robert, 1945-"
9781419744280,es un codigo ISBN para el libro,Parisian Bistro
9781419744280,es un codigo ISBN de una edicion publicada por,"Abrams, Inc."
9781419744280,está escrito en,Inglés
Robert De Niro,es autor de la obra,Parisian Bistro
9780847862887,es un codigo ISBN para el libro,"Robert de Niro, Sr."
9780847862887,es un codigo ISBN de una edicion publicada por,"Rizzoli International Publications, Incorporated"
9780847862887,está escrito en,Inglés
Robert De Niro,es autor de la obra,"Robert de Niro, Sr."
"Robert de Niro, Sr.",pertenece al género,Painters
"Robert de Niro, Sr.",pertenece al género,Biography
"Robert de Niro, Sr.",pertenece al género,American Painting
0767830555,es un codigo ISBN para el libro,Taxi driver
0767830555,es un codigo ISBN de una edicion publicada por,Columbia TriStar Home Video
0767830555,está escrito en,Inglés
Robert De Niro,es autor de la obra,Taxi driver
Taxi driver,pertenece al género,Drama
Taxi driver,pertenece al género,Teenage prostitution
Taxi driver,pertenece al género,Taxicab drivers
9781454943600,es un codigo ISBN para el libro,September 11
9781454943600,es un codigo ISBN de una edicion publicada por,"Sterling Publishing Co., Inc."
9781454943600,está escrito en,Inglés
9781454943594,es un codigo ISBN para el libro,September 11
9781454943594,es un codigo ISBN de una edicion publicada por,"Sterling Publishing Co., Inc."
9781454943594,está escrito en,Inglés
Robert De Niro,es autor de la obra,September 11
9781499333305,es un codigo ISBN para el libro,Rome
9781499333305,es un codigo ISBN de una edicion publicada por,CreateSpace Independent Publishing Platform
9781499333305,está escrito en,Inglés
Robert De Niro,es autor de la obra,Rome
2850568708,es un codigo ISBN para el libro,"Robert De Niro, Sr.,1922-1993"
2850568708,es un codigo ISBN de una edicion publicada por,Piscine-musée d'art et d'industrie André-Diligent
2850568708,es un codigo ISBN de una edicion publicada por,Somogy
2850568708,está escrito en,Francés
Robert De Niro,es autor de la obra,"Robert De Niro, Sr.,1922-1993"
"Robert De Niro, Sr.,1922-1993",pertenece al género,Exhibitions
9780989641661,es un codigo ISBN para el libro,"Robert De Niro, Sr"
9780989641661,es un codigo ISBN de una edicion publicada por,DC Moore Gallery
9780989641661,está escrito en,Inglés
Robert De Niro,es autor de la obra,"Robert De Niro, Sr"
"Robert De Niro, Sr",pertenece al género,Exhibitions
"Robert De Niro, Sr",pertenece al género,American Painting
"Robert De Niro, Sr",pertenece al género,American Drawing
Susanna Tamaro,es de nacionalidad,Italy
3257061242,es un codigo ISBN para el libro,Il cerchio magico
3257061242,es un codigo ISBN de una edicion publicada por,Diogenes
9783257061246,es un codigo ISBN para el libro,Il cerchio magico
9783257061246,es un codigo ISBN de una edicion publicada por,Diogenes
3257061242,es un codigo ISBN de una edicion publicada por,Mondadori
3257061242,está escrito en,Alemán
880439613X,es un codigo ISBN para el libro,Il cerchio magico
880439613X,es un codigo ISBN de una edicion publicada por,A. Mondadori
880439613X,está escrito en,Italiano
Susanna Tamaro,es autor de la obra,Il cerchio magico
9789707490505,es un codigo ISBN para el libro,Escucha mi voz
9789707490505,es un codigo ISBN de una edicion publicada por,Editorial Planeta Mexicana
9789707490505,está escrito en,Español
9707490500,es un codigo ISBN para el libro,Escucha mi voz
9707490500,es un codigo ISBN de una edicion publicada por,Editorial Planeta Mexicana
9707490500,está escrito en,Español
Susanna Tamaro,es autor de la obra,Escucha mi voz
Escucha mi voz,pertenece al género,Jews
Escucha mi voz,pertenece al género,Fiction
Escucha mi voz,pertenece al género,Identity
9788845278884,es un codigo ISBN para el libro,Cuore pensante
9788845278884,es un codigo ISBN de una edicion publicada por,Bompiani
9788845278884,está escrito en,Italiano
Susanna Tamaro,es autor de la obra,Cuore pensante
9788893440622,es un codigo ISBN para el libro,La tigre e l'acrobata
9788893440622,es un codigo ISBN de una edicion publicada por,La nave di Teseo
9788893440622,está escrito en,Italiano
Susanna Tamaro,es autor de la obra,La tigre e l'acrobata
9788828200628,es un codigo ISBN para el libro,Il tuo sguardo illumina il mondo
9788828200628,es un codigo ISBN de una edicion publicada por,Solferino
9788828200628,está escrito en,Italiano
Susanna Tamaro,es autor de la obra,Il tuo sguardo illumina il mondo
Il tuo sguardo illumina il mondo,pertenece al género,Friends and associates
Il tuo sguardo illumina il mondo,pertenece al género,Italian Authors
Il tuo sguardo illumina il mondo,pertenece al género,Biography
9788828205036,es un codigo ISBN para el libro,Una grande storia d'amore
8828205032,es un codigo ISBN para el libro,Una grande storia d'amore
Susanna Tamaro,es autor de la obra,Una grande storia d'amore
9788828207450,es un codigo ISBN para el libro,Invisibile meraviglia
9788828207450,es un codigo ISBN de una edicion publicada por,Solferino
9788828207450,está escrito en,Italiano
Susanna Tamaro,es autor de la obra,Invisibile meraviglia
9788828211006,es un codigo ISBN para el libro,Tornare umani
9788828211006,es un codigo ISBN de una edicion publicada por,Solferino
9788828211006,está escrito en,Italiano
Susanna Tamaro,es autor de la obra,Tornare umani
9788833537399,es un codigo ISBN para el libro,I pifferai magici
9788833537399,es un codigo ISBN de una edicion publicada por,Lindau
9788833537399,está escrito en,Italiano
Susanna Tamaro,es autor de la obra,I pifferai magici
I pifferai magici,pertenece al género,Ethics
I pifferai magici,pertenece al género,Values
I pifferai magici,pertenece al género,Modern Civilization
9788845273971,es un codigo ISBN para el libro,Meditazioni sulla passione
9788845273971,es un codigo ISBN de una edicion publicada por,Bompiani
9788845273971,está escrito en,Italiano
Susanna Tamaro,es autor de la obra,Meditazioni sulla passione
Meditazioni sulla passione,pertenece al género,Stations of the Cross
Meditazioni sulla passione,pertenece al género,Prayers and devotions
Meditazioni sulla passione,pertenece al género,Meditations
8991643655,es un codigo ISBN para el libro,Ŏmma ŭi tarakpang
8991643655,es un codigo ISBN de una edicion publicada por,Milliŏn Hausŭ
8991643655,está escrito en,kor
9788991643659,es un codigo ISBN para el libro,Ŏmma ŭi tarakpang
9788991643659,es un codigo ISBN de una edicion publicada por,Milliŏn Hausŭ
9788991643659,está escrito en,kor
Susanna Tamaro,es autor de la obra,Ŏmma ŭi tarakpang
Ŏmma ŭi tarakpang,pertenece al género,Jews
Ŏmma ŭi tarakpang,pertenece al género,Fiction
Ŏmma ŭi tarakpang,pertenece al género,Identity
9783749903979,es un codigo ISBN para el libro,Geschichte einer großen Liebe
9783749903979,es un codigo ISBN de una edicion publicada por,Harper Collins
9783749903979,está escrito en,Alemán
Susanna Tamaro,es autor de la obra,Geschichte einer großen Liebe
9782843790348,es un codigo ISBN para el libro,Une enfance
9782843790348,es un codigo ISBN de una edicion publicada por,Encre bleue éd.
9782843790348,está escrito en,Francés
2843790344,es un codigo ISBN para el libro,Une enfance
2843790344,es un codigo ISBN de una edicion publicada por,Encre bleue éd.
2843790344,está escrito en,Francés
Susanna Tamaro,es autor de la obra,Une enfance
Une enfance,pertenece al género,Large type books
Une enfance,pertenece al género,Livres en gros caractères
Une enfance,pertenece al género,Large print books
9750710274,es un codigo ISBN para el libro,Luisito
9750710274,es un codigo ISBN de una edicion publicada por,Can Yayınarı
9750710274,está escrito en,tur
9789750710278,es un codigo ISBN para el libro,Luisito
9789750710278,es un codigo ISBN de una edicion publicada por,Can Yayınarı
9789750710278,está escrito en,tur
Susanna Tamaro,es autor de la obra,Luisito
9788809858404,es un codigo ISBN para el libro,Per sempre
9788809858404,es un codigo ISBN de una edicion publicada por,Giunti
9788809858404,está escrito en,Italiano
8809858409,es un codigo ISBN para el libro,Per sempre
8809858409,es un codigo ISBN de una edicion publicada por,Giunti
8809858409,está escrito en,Italiano
Susanna Tamaro,es autor de la obra,Per sempre
Per sempre,pertenece al género,Widowers
Per sempre,pertenece al género,Fiction
Per sempre,pertenece al género,Wives
9788532505996,es un codigo ISBN para el libro,Vá aonde seu coração mandar
9788532505996,es un codigo ISBN de una edicion publicada por,ROCCO
9788532505996,está escrito en,Portugués
8532505996,es un codigo ISBN para el libro,Vá aonde seu coração mandar
8532505996,es un codigo ISBN de una edicion publicada por,ROCCO
8532505996,está escrito en,Portugués
Susanna Tamaro,es autor de la obra,Vá aonde seu coração mandar
Vá aonde seu coração mandar,pertenece al género,Reminiscing in old age
Vá aonde seu coração mandar,pertenece al género,Fiction
Vá aonde seu coração mandar,pertenece al género,Souvenir chez la personne âgée
9782840117773,es un codigo ISBN para el libro,Écoute ma voix
9782840117773,es un codigo ISBN de una edicion publicada por,Feryane
9782840117773,está escrito en,Francés
2840117770,es un codigo ISBN para el libro,Écoute ma voix
2840117770,es un codigo ISBN de una edicion publicada por,Feryane
2840117770,está escrito en,Francés
Susanna Tamaro,es autor de la obra,Écoute ma voix
9788845272257,es un codigo ISBN para el libro,Ogni angelo è tremendo
9788845272257,es un codigo ISBN de una edicion publicada por,Bompiani
9788845272257,está escrito en,Italiano
Susanna Tamaro,es autor de la obra,Ogni angelo è tremendo
Ogni angelo è tremendo,pertenece al género,Italian Women authors
Ogni angelo è tremendo,pertenece al género,Biography
9788432237102,es un codigo ISBN para el libro,Tu mirada ilumina el mundo
9788432237102,es un codigo ISBN de una edicion publicada por,Seix Barral
Susanna Tamaro,es autor de la obra,Tu mirada ilumina el mundo
2259205801,es un codigo ISBN para el libro,Ecoute ma voix
2259205801,es un codigo ISBN de una edicion publicada por,Plon
2259205801,está escrito en,Francés
9782259205801,es un codigo ISBN para el libro,Ecoute ma voix
9782259205801,es un codigo ISBN de una edicion publicada por,Plon
9782259205801,está escrito en,Francés
Susanna Tamaro,es autor de la obra,Ecoute ma voix
9789686321739,es un codigo ISBN para el libro,Donde el corazón te lleve
9789686321739,es un codigo ISBN de una edicion publicada por,Editorial Atlántida
9789686321739,es un codigo ISBN de una edicion publicada por,Editorial Océano de México
9789686321739,está escrito en,Español
968632173X,es un codigo ISBN para el libro,Donde el corazón te lleve
968632173X,es un codigo ISBN de una edicion publicada por,Editorial Atlántida
968632173X,es un codigo ISBN de una edicion publicada por,Editorial Océano de México
968632173X,está escrito en,Español
9788432216077,es un codigo ISBN para el libro,Donde el corazón te lleve
9788432216077,es un codigo ISBN de una edicion publicada por,Booket
9788432216077,está escrito en,Español
8432216070,es un codigo ISBN para el libro,Donde el corazón te lleve
8432216070,es un codigo ISBN de una edicion publicada por,Booket
8432216070,está escrito en,Español
8432216070,es un codigo ISBN de una edicion publicada por,Seix Barral
Susanna Tamaro,es autor de la obra,Donde el corazón te lleve
Donde el corazón te lleve,pertenece al género,Modern fiction
Donde el corazón te lleve,pertenece al género,Spanish: Adult Fiction
Donde el corazón te lleve,pertenece al género,Fiction
8845275507,es un codigo ISBN para el libro,Illmitz
8845275507,es un codigo ISBN de una edicion publicada por,Bompiani
8845275507,está escrito en,Italiano
9788845275500,es un codigo ISBN para el libro,Illmitz
9788845275500,es un codigo ISBN de una edicion publicada por,Bompiani
9788845275500,está escrito en,Italiano
Susanna Tamaro,es autor de la obra,Illmitz
9780385505635,es un codigo ISBN para el libro,Rispondimi
9780385505635,es un codigo ISBN de una edicion publicada por,Doubleday Publishing
9780385505635,está escrito en,Inglés
0385505639,es un codigo ISBN para el libro,Rispondimi
0385505639,es un codigo ISBN de una edicion publicada por,Doubleday Publishing
0385505639,está escrito en,Inglés
Susanna Tamaro,es autor de la obra,Rispondimi
8817872245,es un codigo ISBN para el libro,Fuori
8817872245,es un codigo ISBN de una edicion publicada por,Rizzoli
8817872245,está escrito en,Italiano
Susanna Tamaro,es autor de la obra,Fuori
9780385316576,es un codigo ISBN para el libro,Follow your heart
9780385316576,es un codigo ISBN de una edicion publicada por,Delta Trade Paperbacks
9780385316576,está escrito en,Inglés
0385316577,es un codigo ISBN para el libro,Follow your heart
0385316577,es un codigo ISBN de una edicion publicada por,Delta Trade Paperbacks
0385316577,está escrito en,Inglés
Susanna Tamaro,es autor de la obra,Follow your heart
Follow your heart,pertenece al género,"Fiction, general"
Follow your heart,pertenece al género,"Italy, fiction"
Follow your heart,pertenece al género,Reminiscing in old age
84322696198,es un codigo ISBN para el libro,Anima mundi
84322696198,es un codigo ISBN de una edicion publicada por,"Seix Barral, S.A."
84322696198,está escrito en,Español
Susanna Tamaro,es autor de la obra,Anima mundi
9750703235,es un codigo ISBN para el libro,Daha cok ates daha cok ruzgar
9750703235,está escrito en,tur
Susanna Tamaro,es autor de la obra,Daha cok ates daha cok ruzgar
2211045707,es un codigo ISBN para el libro,Coeur de lardon
2211045707,es un codigo ISBN de una edicion publicada por,L'école des loisirs
2211045707,está escrito en,Francés
Susanna Tamaro,es autor de la obra,Coeur de lardon
9756876301,es un codigo ISBN para el libro,Bide du dile xwe
9756876301,es un codigo ISBN de una edicion publicada por,Doz
9756876301,está escrito en,kur
Susanna Tamaro,es autor de la obra,Bide du dile xwe
8804419741,es un codigo ISBN para el libro,Va'dove ti porta il cuore
8804419741,es un codigo ISBN de una edicion publicada por,Mondadori
8804419741,está escrito en,Inglés
9607213831,es un codigo ISBN para el libro,Va'dove ti porta il cuore
9607213831,es un codigo ISBN de una edicion publicada por,Okeanida
9607213831,está escrito en,Griego
Susanna Tamaro,es autor de la obra,Va'dove ti porta il cuore
Rosario Bentivegna,es de nacionalidad,Italy
8842512842,es un codigo ISBN para el libro,Achtung Banditen!
8842512842,es un codigo ISBN de una edicion publicada por,Mursia
8842512842,está escrito en,Italiano
8842532185,es un codigo ISBN para el libro,Achtung Banditen!
8842532185,es un codigo ISBN de una edicion publicada por,Mursia
8842532185,está escrito en,Italiano
Rosario Bentivegna,es autor de la obra,Achtung Banditen!
Achtung Banditen!,pertenece al género,Biography
Achtung Banditen!,pertenece al género,Gruppi di azione pattriotica
Achtung Banditen!,pertenece al género,Guerrillas
8872854474,es un codigo ISBN para el libro,Via Rasella
8872854474,es un codigo ISBN de una edicion publicada por,Manifestolibri
8872854474,está escrito en,Italiano
Rosario Bentivegna,es autor de la obra,Via Rasella
Via Rasella,pertenece al género,"Via Rasella Attack, Rome, Italy, 1944"
Via Rasella,pertenece al género,Correspondence
Via Rasella,pertenece al género,Guerrillas
9788806206901,es un codigo ISBN para el libro,Senza far di necessità virtù
9788806206901,es un codigo ISBN de una edicion publicada por,Einaudi
9788806206901,está escrito en,Italiano
Rosario Bentivegna,es autor de la obra,Senza far di necessità virtù
Senza far di necessità virtù,pertenece al género,Communists
Senza far di necessità virtù,pertenece al género,Biography
Senza far di necessità virtù,pertenece al género,Anti-fascist movements
8880892517,es un codigo ISBN para el libro,C'eravamo tanto odiati
8880892517,es un codigo ISBN de una edicion publicada por,Baldini & Castoldi
8880892517,está escrito en,Italiano
Rosario Bentivegna,es autor de la obra,C'eravamo tanto odiati
C'eravamo tanto odiati,pertenece al género,Biography
C'eravamo tanto odiati,pertenece al género,Campaigns
C'eravamo tanto odiati,pertenece al género,Guerrillas
8835941717,es un codigo ISBN para el libro,Operazione via Rasella
8835941717,es un codigo ISBN de una edicion publicada por,Editori riuniti
8835941717,está escrito en,Italiano
Rosario Bentivegna,es autor de la obra,Operazione via Rasella
Operazione via Rasella,pertenece al género,"Ardeatine Caves Massacre, Rome, Italy, 1944"
Operazione via Rasella,pertenece al género,"History, Military"
Operazione via Rasella,pertenece al género,Italian Personal narratives
Giulio Andreotti,es de nacionalidad,Italy
9788828204473,es un codigo ISBN para el libro,I diari segreti
9788828204473,es un codigo ISBN de una edicion publicada por,Solferino
9788828204473,está escrito en,Italiano
Giulio Andreotti,es autor de la obra,I diari segreti
I diari segreti,pertenece al género,Diaries
I diari segreti,pertenece al género,Statesmen
I diari segreti,pertenece al género,Politics and government
8817851027,es un codigo ISBN para el libro,Visti da vicino
8817851027,es un codigo ISBN de una edicion publicada por,Rizzoli
8817851027,está escrito en,Italiano
Giulio Andreotti,es autor de la obra,Visti da vicino
Visti da vicino,pertenece al género,Biography
Visti da vicino,pertenece al género,Statesmen
8817850934,es un codigo ISBN para el libro,Visti da vicino
8817850934,es un codigo ISBN de una edicion publicada por,Rizzoli
8817850934,está escrito en,Italiano
8817850942,es un codigo ISBN para el libro,Visti da vicino
8817850942,es un codigo ISBN de una edicion publicada por,Rizzoli
8817850942,está escrito en,Italiano
9780283997464,es un codigo ISBN para el libro,Lives
9780283997464,es un codigo ISBN de una edicion publicada por,Pan Macmillan
9780283997464,es un codigo ISBN de una edicion publicada por,Sidgwick & Jackson Ltd
028399746X,es un codigo ISBN para el libro,Lives
028399746X,es un codigo ISBN de una edicion publicada por,Pan Macmillan
028399746X,es un codigo ISBN de una edicion publicada por,Sidgwick & Jackson Ltd
028399584X,es un codigo ISBN para el libro,Lives
028399584X,es un codigo ISBN de una edicion publicada por,Sidgwick & Jackson
028399584X,está escrito en,Inglés
Giulio Andreotti,es autor de la obra,Lives
Lives,pertenece al género,Biography
Lives,pertenece al género,Politicians
8817851843,es un codigo ISBN para el libro,L'URSS vista da vicino
8817851843,es un codigo ISBN de una edicion publicada por,Rizzoli
8817851843,está escrito en,Italiano
8817851043,es un codigo ISBN para el libro,L'URSS vista da vicino
8817851043,es un codigo ISBN de una edicion publicada por,Rizzoli
8817851043,está escrito en,Italiano
Giulio Andreotti,es autor de la obra,L'URSS vista da vicino
L'URSS vista da vicino,pertenece al género,Foreign relations
L'URSS vista da vicino,pertenece al género,History
L'URSS vista da vicino,pertenece al género,Heads of state
8817851035,es un codigo ISBN para el libro,"Onorevole, stia zitto"
8817851035,es un codigo ISBN de una edicion publicada por,Rizzoli
8817851035,está escrito en,Italiano
8817842060,es un codigo ISBN para el libro,"Onorevole, stia zitto"
8817842060,es un codigo ISBN de una edicion publicada por,Rizzoli
8817842060,está escrito en,Italiano
Giulio Andreotti,es autor de la obra,"Onorevole, stia zitto"
"Onorevole, stia zitto",pertenece al género,Italy
"Onorevole, stia zitto",pertenece al género,Italy. Parlamento
"Onorevole, stia zitto",pertenece al género,Legislators
0814706274,es un codigo ISBN para el libro,The USA Up Close
0814706274,es un codigo ISBN de una edicion publicada por,NYU Press
0814706274,está escrito en,Inglés
9780814706275,es un codigo ISBN para el libro,The USA Up Close
9780814706275,es un codigo ISBN de una edicion publicada por,NYU Press
9780814706275,está escrito en,Inglés
0814706045,es un codigo ISBN para el libro,The USA Up Close
0814706045,es un codigo ISBN de una edicion publicada por,New York University Press
0814706045,está escrito en,Inglés
Giulio Andreotti,es autor de la obra,The USA Up Close
The USA Up Close,pertenece al género,Foreign relations
The USA Up Close,pertenece al género,Travel
The USA Up Close,pertenece al género,Visits of state
9780814707470,es un codigo ISBN para el libro,USA up Close
9780814707470,es un codigo ISBN de una edicion publicada por,New York University Press
9780814707470,está escrito en,Inglés
9780814707869,es un codigo ISBN para el libro,USA up Close
9780814707869,es un codigo ISBN de una edicion publicada por,New York University Press
9780814707869,está escrito en,Inglés
Giulio Andreotti,es autor de la obra,USA up Close
USA up Close,pertenece al género,"Italy, foreign relations"
USA up Close,pertenece al género,"United states, foreign relations, italy"
USA up Close,pertenece al género,"United states, foreign relations, 1945-1989"
881700927X,es un codigo ISBN para el libro,1948
881700927X,es un codigo ISBN de una edicion publicada por,Rizzoli
881700927X,está escrito en,Italiano
Giulio Andreotti,es autor de la obra,1948
1948,pertenece al género,Biography
1948,pertenece al género,Diaries
1948,pertenece al género,Italy
8817011533,es un codigo ISBN para el libro,1949
8817011533,es un codigo ISBN de una edicion publicada por,Rizzoli
8817011533,está escrito en,Italiano
Giulio Andreotti,es autor de la obra,1949
1949,pertenece al género,Diaries
1949,pertenece al género,Foreign relations
1949,pertenece al género,North Atlantic Treaty Organization
881701527X,es un codigo ISBN para el libro,1953
881701527X,es un codigo ISBN de una edicion publicada por,Rizzoli
881701527X,está escrito en,Italiano
Giulio Andreotti,es autor de la obra,1953
1953,pertenece al género,Diaries
1953,pertenece al género,Election law
1953,pertenece al género,History
9788817019606,es un codigo ISBN para el libro,2000
9788817019606,es un codigo ISBN de una edicion publicada por,Rizzoli
9788817019606,está escrito en,Italiano
Giulio Andreotti,es autor de la obra,2000
2000,pertenece al género,Diaries
2000,pertenece al género,Politics and government
2000,pertenece al género,Statesmen
881787177X,es un codigo ISBN para el libro,Altri cento nonni della Repubblica
881787177X,es un codigo ISBN de una edicion publicada por,Rizzoli
881787177X,está escrito en,Italiano
Giulio Andreotti,es autor de la obra,Altri cento nonni della Repubblica
Altri cento nonni della Repubblica,pertenece al género,Biography
Altri cento nonni della Repubblica,pertenece al género,Politicians
Altri cento nonni della Repubblica,pertenece al género,Politics and government
8817844462,es un codigo ISBN para el libro,Cosa loro
8817844462,es un codigo ISBN de una edicion publicada por,Rizzoli
8817844462,está escrito en,Italiano
Giulio Andreotti,es autor de la obra,Cosa loro
Cosa loro,pertenece al género,Biography
Cosa loro,pertenece al género,History
Cosa loro,pertenece al género,Mafia
883892130X,es un codigo ISBN para el libro,De Gasperi
883892130X,es un codigo ISBN de una edicion publicada por,Sellerio
883892130X,está escrito en,Italiano
Giulio Andreotti,es autor de la obra,De Gasperi
De Gasperi,pertenece al género,Biography
De Gasperi,pertenece al género,Politics and government
De Gasperi,pertenece al género,Statesmen
8817360104,es un codigo ISBN para el libro,De Gasperi visto da vicino
8817360104,es un codigo ISBN de una edicion publicada por,Rizzoli
8817360104,está escrito en,Italiano
Giulio Andreotti,es autor de la obra,De Gasperi visto da vicino
De Gasperi visto da vicino,pertenece al género,Politics and government
De Gasperi visto da vicino,pertenece al género,Biography
De Gasperi visto da vicino,pertenece al género,Statesmen
8817844861,es un codigo ISBN para el libro,De (prima) Re Publica
8817844861,es un codigo ISBN de una edicion publicada por,Rizzoli
8817844861,está escrito en,Italiano
Giulio Andreotti,es autor de la obra,De (prima) Re Publica
De (prima) Re Publica,pertenece al género,Foreign relations
De (prima) Re Publica,pertenece al género,Politics and government
881785087X,es un codigo ISBN para el libro,Gli USA visti da vicino
881785087X,es un codigo ISBN de una edicion publicada por,Rizzoli
881785087X,está escrito en,Italiano
Giulio Andreotti,es autor de la obra,Gli USA visti da vicino
Gli USA visti da vicino,pertenece al género,Foreign relations
Gli USA visti da vicino,pertenece al género,Travel
Gli USA visti da vicino,pertenece al género,Visits of state
8817841358,es un codigo ISBN para el libro,Governare con la crisi
8817841358,es un codigo ISBN de una edicion publicada por,Rizzoli
8817841358,está escrito en,Italiano
Giulio Andreotti,es autor de la obra,Governare con la crisi
Governare con la crisi,pertenece al género,Politics and government
Governare con la crisi,pertenece al género,Präsident
8817851019,es un codigo ISBN para el libro,Il potere logora--
8817851019,es un codigo ISBN de una edicion publicada por,Rizzoli
8817851019,está escrito en,Italiano
Giulio Andreotti,es autor de la obra,Il potere logora--
Il potere logora--,pertenece al género,Aphorisms and apothegms
Clara Sereni,es de nacionalidad,Italy
9788809993358,es un codigo ISBN para el libro,Via Ripetta 155
9788809993358,es un codigo ISBN de una edicion publicada por,Giunti
9788809993358,está escrito en,Italiano
Clara Sereni,es autor de la obra,Via Ripetta 155
0791464792,es un codigo ISBN para el libro,Keeping house
0791464792,es un codigo ISBN de una edicion publicada por,State University of N.Y. Press
0791464792,es un codigo ISBN de una edicion publicada por,State University of New York Press
0791464792,está escrito en,Inglés
9780791464793,es un codigo ISBN para el libro,Keeping house
9780791464793,es un codigo ISBN de una edicion publicada por,State University of N.Y. Press
9780791464793,es un codigo ISBN de una edicion publicada por,State University of New York Press
9780791464793,está escrito en,Inglés
Clara Sereni,es autor de la obra,Keeping house
Keeping house,pertenece al género,Italian Cooking
Keeping house,pertenece al género,Fiction
Keeping house,pertenece al género,"Fiction, general"
9788817056984,es un codigo ISBN para el libro,Una storia chiusa
9788817056984,es un codigo ISBN de una edicion publicada por,Rizzoli
9788817056984,está escrito en,Italiano
Clara Sereni,es autor de la obra,Una storia chiusa
9780791464809,es un codigo ISBN para el libro,Keeping House
9780791464809,es un codigo ISBN de una edicion publicada por,SUNY Press
0791464806,es un codigo ISBN para el libro,Keeping House
0791464806,es un codigo ISBN de una edicion publicada por,SUNY Press
Clara Sereni,es autor de la obra,Keeping House
Keeping House,pertenece al género,"Fiction, general"
8807014866,es un codigo ISBN para el libro,Eppure
8807014866,es un codigo ISBN de una edicion publicada por,Feltrinelli
8807014866,está escrito en,Italiano
Clara Sereni,es autor de la obra,Eppure
8806594060,es un codigo ISBN para el libro,Casalinghitudine
8806594060,es un codigo ISBN de una edicion publicada por,Einaudi
8806594060,está escrito en,Italiano
Clara Sereni,es autor de la obra,Casalinghitudine
Casalinghitudine,pertenece al género,Italian Cookery
Casalinghitudine,pertenece al género,Italian Cooking
8886680090,es un codigo ISBN para el libro,Conversazione con Clara Sereni
8886680090,es un codigo ISBN de una edicion publicada por,Omicron
8886680090,está escrito en,Italiano
Clara Sereni,es autor de la obra,Conversazione con Clara Sereni
8809202929,es un codigo ISBN para el libro,Il gioco dei regni
8809202929,es un codigo ISBN de una edicion publicada por,Giunti
8809202929,está escrito en,Italiano
Clara Sereni,es autor de la obra,Il gioco dei regni
9788817015806,es un codigo ISBN para el libro,Il lupo mercante
9788817015806,es un codigo ISBN de una edicion publicada por,Rizzoli
9788817015806,está escrito en,Italiano
Clara Sereni,es autor de la obra,Il lupo mercante
881700300X,es un codigo ISBN para el libro,Le merendanze
881700300X,es un codigo ISBN de una edicion publicada por,Rizzoli
881700300X,está escrito en,Italiano
Clara Sereni,es autor de la obra,Le merendanze
8809200705,es un codigo ISBN para el libro,Manicomio primavera
8809200705,es un codigo ISBN de una edicion publicada por,Giunti
8809200705,está escrito en,Italiano
Clara Sereni,es autor de la obra,Manicomio primavera
9788817869904,es un codigo ISBN para el libro,Passami Il Sale
9788817869904,es un codigo ISBN de una edicion publicada por,Rizzoli Publications
9788817869904,está escrito en,Italiano
8817869902,es un codigo ISBN para el libro,Passami Il Sale
8817869902,es un codigo ISBN de una edicion publicada por,Rizzoli Publications
8817869902,está escrito en,Italiano
Clara Sereni,es autor de la obra,Passami Il Sale
Passami Il Sale,pertenece al género,Italian fiction
8807815109,es un codigo ISBN para el libro,Taccuino di un'ultimista
8807815109,es un codigo ISBN de una edicion publicada por,Feltrinelli
8807815109,está escrito en,Italiano
Clara Sereni,es autor de la obra,Taccuino di un'ultimista
Taccuino di un'ultimista,pertenece al género,Biography
Taccuino di un'ultimista,pertenece al género,Politicians
Taccuino di un'ultimista,pertenece al género,Politics and government
8886044844,es un codigo ISBN para el libro,Da un grigio all'altro
8886044844,es un codigo ISBN de una edicion publicada por,Di Renzo
8886044844,está escrito en,Italiano
Clara Sereni,es autor de la obra,Da un grigio all'altro
Da un grigio all'altro,pertenece al género,Philosophy
Da un grigio all'altro,pertenece al género,Political and social views
Federico Fellini,es de nacionalidad,Italy
9781578068845,es un codigo ISBN para el libro,Federico Fellini
9781578068845,es un codigo ISBN de una edicion publicada por,University Press of Mississippi
9781578068845,está escrito en,Inglés
1578068843,es un codigo ISBN para el libro,Federico Fellini
1578068843,es un codigo ISBN de una edicion publicada por,University Press of Mississippi
1578068843,está escrito en,Inglés
Federico Fellini,es autor de la obra,Federico Fellini
Federico Fellini,pertenece al género,Interviews
Federico Fellini,pertenece al género,Motion picture producers and directors
Federico Fellini,pertenece al género,"Fellini, federico, 1920-1993"
9788388612589,es un codigo ISBN para el libro,Fellini - zawód: reżyser
9788388612589,es un codigo ISBN de una edicion publicada por,Świat Literacki
9788388612589,está escrito en,Polaco
8388612581,es un codigo ISBN para el libro,Fellini - zawód: reżyser
8388612581,es un codigo ISBN de una edicion publicada por,Świat Literacki
8388612581,está escrito en,Polaco
Federico Fellini,es autor de la obra,Fellini - zawód: reżyser
Fellini - zawód: reżyser,pertenece al género,Reżyserzy włoscy
Fellini - zawód: reżyser,pertenece al género,Rozmowy
Fellini - zawód: reżyser,pertenece al género,Kino
8478950419,es un codigo ISBN para el libro,EL VIAJE DE MASTORNA
8478950419,es un codigo ISBN de una edicion publicada por,OLLERO Y RAMOS
Federico Fellini,es autor de la obra,EL VIAJE DE MASTORNA
8839711104,es un codigo ISBN para el libro,Le favole di Fellini
8839711104,es un codigo ISBN de una edicion publicada por,RAI ERI
8839711104,está escrito en,Italiano
Federico Fellini,es autor de la obra,Le favole di Fellini
Le favole di Fellini,pertenece al género,Interviews
Le favole di Fellini,pertenece al género,Motion picture producers and directors
8845914062,es un codigo ISBN para el libro,Carissimo Simenon
8845914062,es un codigo ISBN de una edicion publicada por,Adelphi
8845914062,está escrito en,Italiano
Federico Fellini,es autor de la obra,Carissimo Simenon
Carissimo Simenon,pertenece al género,Correspondence
8806171852,es un codigo ISBN para el libro,Racconti umoristici
8806171852,es un codigo ISBN de una edicion publicada por,Einaudi
8806171852,está escrito en,Italiano
Federico Fellini,es autor de la obra,Racconti umoristici
0425028569,es un codigo ISBN para el libro,"AMARCORD, Portarit of a Town"
0425028569,es un codigo ISBN de una edicion publicada por,Berkley Windhover Book.
0425028569,está escrito en,Inglés
Federico Fellini,es autor de la obra,"AMARCORD, Portarit of a Town"
9788875020101,es un codigo ISBN para el libro,Creature di sogno =
9788875020101,es un codigo ISBN de una edicion publicada por,Galerie Papiers gras
9788875020101,es un codigo ISBN de una edicion publicada por,Hazard Edizioni
9788875020101,es un codigo ISBN de una edicion publicada por,Vertige graphic
9788875020101,está escrito en,Francés
8875020108,es un codigo ISBN para el libro,Creature di sogno =
8875020108,es un codigo ISBN de una edicion publicada por,Galerie Papiers gras
8875020108,es un codigo ISBN de una edicion publicada por,Hazard Edizioni
8875020108,es un codigo ISBN de una edicion publicada por,Vertige graphic
8875020108,está escrito en,Francés
Federico Fellini,es autor de la obra,Creature di sogno =
Creature di sogno =,pertenece al género,Ausstellung
Creature di sogno =,pertenece al género,Dessin
Creature di sogno =,pertenece al género,Catalogues d'exposition
0813512379,es un codigo ISBN para el libro,La Strada
0813512379,es un codigo ISBN de una edicion publicada por,Rutgers University Press
0813512379,está escrito en,Inglés
9780813512372,es un codigo ISBN para el libro,La Strada
9780813512372,es un codigo ISBN de una edicion publicada por,Rutgers University Press
9780813512372,está escrito en,Inglés
0813512360,es un codigo ISBN para el libro,La Strada
0813512360,es un codigo ISBN de una edicion publicada por,Rutgers University Press
0813512360,está escrito en,Inglés
Federico Fellini,es autor de la obra,La Strada
La Strada,pertenece al género,Strada (Motion picture)
La Strada,pertenece al género,"Motion pictures, plots, themes, etc."
3257004699,es un codigo ISBN para el libro,Fellini's Filme
3257004699,es un codigo ISBN de una edicion publicada por,Diogenes Verlag
3257004699,está escrito en,Alemán
Federico Fellini,es autor de la obra,Fellini's Filme
078002222X,es un codigo ISBN para el libro,Nights of Cabiria
078002222X,es un codigo ISBN de una edicion publicada por,Criterion Collection
078002222X,está escrito en,Inglés
Federico Fellini,es autor de la obra,Nights of Cabiria
8870601978,es un codigo ISBN para el libro,La Dolce vita
8870601978,es un codigo ISBN de una edicion publicada por,Editalia
8870601978,está escrito en,Italiano
Federico Fellini,es autor de la obra,La Dolce vita
La Dolce vita,pertenece al género,Dolce vita (Motion picture)
8843597620,es un codigo ISBN para el libro,Emanuel Ungaro
8843597620,es un codigo ISBN de una edicion publicada por,Leonardo arte
8843597620,está escrito en,Inglés
9788843597628,es un codigo ISBN para el libro,Emanuel Ungaro
9788843597628,es un codigo ISBN de una edicion publicada por,Electa
9788843597628,está escrito en,Inglés
8843597620,es un codigo ISBN de una edicion publicada por,Electa
Federico Fellini,es autor de la obra,Emanuel Ungaro
Emanuel Ungaro,pertenece al género,Costume design
Emanuel Ungaro,pertenece al género,Fashion designers
0780021991,es un codigo ISBN para el libro,8 1/2
0780021991,es un codigo ISBN de una edicion publicada por,Criterion Collection
0780021991,está escrito en,Inglés
Federico Fellini,es autor de la obra,8 1/2
0399120149,es un codigo ISBN para el libro,Fellini's films
0399120149,es un codigo ISBN de una edicion publicada por,Putnam
0399120149,está escrito en,Inglés
Federico Fellini,es autor de la obra,Fellini's films
Fellini's films,pertenece al género,"Fellini, federico, 1920-1993"
9781782382300,es un codigo ISBN para el libro,The Journey Of G Mastorna The Film Fellini Didnt Make
9781782382300,es un codigo ISBN de una edicion publicada por,Berghahn Books
Federico Fellini,es autor de la obra,The Journey Of G Mastorna The Film Fellini Didnt Make
The Journey Of G Mastorna The Film Fellini Didnt Make,pertenece al género,Motion picture plays
The Journey Of G Mastorna The Film Fellini Didnt Make,pertenece al género,"Motion pictures, italy"
The Journey Of G Mastorna The Film Fellini Didnt Make,pertenece al género,"Fellini, federico, 1920-1993"
9780857459701,es un codigo ISBN para el libro,The Journey Of G Mastorna The Film Fellini Didnt Make
9780857459701,es un codigo ISBN de una edicion publicada por,Berghahn Books
9780857459701,está escrito en,Inglés
The Journey Of G Mastorna The Film Fellini Didnt Make,pertenece al género,Criticism and interpretation
9781595827845,es un codigo ISBN para el libro,The Manara Library
9781595827845,es un codigo ISBN de una edicion publicada por,Brand: Dark Horse Books
9781595827845,es un codigo ISBN de una edicion publicada por,Dark Horse
9781595827845,es un codigo ISBN de una edicion publicada por,Dark Horse Comics
Federico Fellini,es autor de la obra,The Manara Library
The Manara Library,pertenece al género,"Comics & graphic novels, general"
The Manara Library,pertenece al género,Translations into English
The Manara Library,pertenece al género,Graphic novels
0813512107,es un codigo ISBN para el libro,8ư
0813512107,es un codigo ISBN de una edicion publicada por,Rutgers University Press
0813512107,está escrito en,Inglés
0813512115,es un codigo ISBN para el libro,8ư
0813512115,es un codigo ISBN de una edicion publicada por,Rutgers University Press
0813512115,está escrito en,Inglés
Federico Fellini,es autor de la obra,8ư
8ư,pertenece al género,Otto e mezzo (Motion picture)
8ư,pertenece al género,Motion picture plays
8871242629,es un codigo ISBN para el libro,Attalo e Fellini al Marc'Aurelio
8871242629,es un codigo ISBN de una edicion publicada por,Napoleone
8871242629,está escrito en,Italiano
Federico Fellini,es autor de la obra,Attalo e Fellini al Marc'Aurelio
Attalo e Fellini al Marc'Aurelio,pertenece al género,Italian wit and humor
8830407771,es un codigo ISBN para el libro,Block-notes di un regista
8830407771,es un codigo ISBN de una edicion publicada por,Longanesi
8830407771,está escrito en,Italiano
Federico Fellini,es autor de la obra,Block-notes di un regista
Block-notes di un regista,pertenece al género,Interviews
Block-notes di un regista,pertenece al género,Motion picture producers and directors
Damiano Damiani,es de nacionalidad,Italy
9788878709645,es un codigo ISBN para el libro,Damiano Damiani
9788878709645,es un codigo ISBN de una edicion publicada por,Bulzoni editore
9788878709645,está escrito en,Italiano
Damiano Damiani,es autor de la obra,Damiano Damiani
Damiano Damiani,pertenece al género,Congresses
Damiano Damiani,pertenece al género,Criticism and interpretation
Ugo Gregoretti,es de nacionalidad,Italy
9788866661467,es un codigo ISBN para el libro,Scritti scostumati per uno zibaldone gregorettiano
9788866661467,es un codigo ISBN de una edicion publicada por,Guida
9788866661467,está escrito en,Italiano
Ugo Gregoretti,es autor de la obra,Scritti scostumati per uno zibaldone gregorettiano
8874241275,es un codigo ISBN para el libro,Finale aperto
8874241275,es un codigo ISBN de una edicion publicada por,Aliberti
8874241275,está escrito en,Italiano
Ugo Gregoretti,es autor de la obra,Finale aperto
Finale aperto,pertenece al género,Television producers and directors
Finale aperto,pertenece al género,Biography
Ugo Tognazzi,es de nacionalidad,Italy
8804550732,es un codigo ISBN para el libro,La supercazzola
8804550732,es un codigo ISBN de una edicion publicada por,Mondadori
8804550732,está escrito en,Italiano
9788804550730,es un codigo ISBN para el libro,La supercazzola
9788804550730,es un codigo ISBN de una edicion publicada por,Mondadori
9788804550730,está escrito en,Italiano
Ugo Tognazzi,es autor de la obra,La supercazzola
9781940625553,es un codigo ISBN para el libro,Injester
9781940625553,es un codigo ISBN de una edicion publicada por,Contra Mundum Press
9781940625553,está escrito en,Inglés
Ugo Tognazzi,es autor de la obra,Injester
Carlo Minnaja,es de nacionalidad,Italy
9788871155463,es un codigo ISBN para el libro,L' esperanto in Italia
9788871155463,es un codigo ISBN de una edicion publicada por,Poligrafo
9788871155463,está escrito en,Italiano
Carlo Minnaja,es autor de la obra,L' esperanto in Italia
L' esperanto in Italia,pertenece al género,Democracy
L' esperanto in Italia,pertenece al género,Esperanto
L' esperanto in Italia,pertenece al género,Language and languages
Alberto Lattuada,es de nacionalidad,Italy
8472233537,es un codigo ISBN para el libro,Diario De Un Gran Amador
8472233537,es un codigo ISBN de una edicion publicada por,Tusquets
8472233537,está escrito en,Español
9788472233539,es un codigo ISBN para el libro,Diario De Un Gran Amador
9788472233539,es un codigo ISBN de una edicion publicada por,Tusquets
9788472233539,está escrito en,Español
Alberto Lattuada,es autor de la obra,Diario De Un Gran Amador
9788857218465,es un codigo ISBN para el libro,School Projects
9788857218465,es un codigo ISBN de una edicion publicada por,Skira Editore
9788857218465,está escrito en,Inglés
Alberto Lattuada,es autor de la obra,School Projects
School Projects,pertenece al género,Fashion drawing
School Projects,pertenece al género,Catalogs
School Projects,pertenece al género,Study and teaching (Higher)
Mario Biondi,es de nacionalidad,Italy
8878193097,es un codigo ISBN para el libro,Passioni e altri racconti
8878193097,es un codigo ISBN de una edicion publicada por,Editori associati
8878193097,está escrito en,Italiano
9788878193093,es un codigo ISBN para el libro,Passioni e altri racconti
9788878193093,es un codigo ISBN de una edicion publicada por,Editori associati
9788878193093,está escrito en,Italiano
Mario Biondi,es autor de la obra,Passioni e altri racconti
Passioni e altri racconti,pertenece al género,Yiddish literature
Passioni e altri racconti,pertenece al género,Translations into Italian
9788885723566,es un codigo ISBN para el libro,Sognando la vita
9788885723566,es un codigo ISBN de una edicion publicada por,Oligo
9788885723566,está escrito en,Italiano
Mario Biondi,es autor de la obra,Sognando la vita
Sognando la vita,pertenece al género,Italian Short stories
9788834608289,es un codigo ISBN para el libro,Rosa d'Oriente
9788834608289,es un codigo ISBN de una edicion publicada por,La nave di Teseo
9788834608289,está escrito en,Italiano
Mario Biondi,es autor de la obra,Rosa d'Oriente
9788878995529,es un codigo ISBN para el libro,La casa delle mille e una notte
9788878995529,es un codigo ISBN de una edicion publicada por,Barbera Editore
9788878995529,está escrito en,Italiano
Mario Biondi,es autor de la obra,La casa delle mille e una notte
8878190411,es un codigo ISBN para el libro,Gli occhi di una donna
8878190411,es un codigo ISBN de una edicion publicada por,Teadue
8878190411,está escrito en,Italiano
Mario Biondi,es autor de la obra,Gli occhi di una donna
8830417165,es un codigo ISBN para el libro,Codice ombra
8830417165,es un codigo ISBN de una edicion publicada por,Longanesi
8830417165,está escrito en,Italiano
Mario Biondi,es autor de la obra,Codice ombra
8817660841,es un codigo ISBN para el libro,Crudele amore
8817660841,es un codigo ISBN de una edicion publicada por,Rizzoli
8817660841,está escrito en,Italiano
Mario Biondi,es autor de la obra,Crudele amore
8817660825,es un codigo ISBN para el libro,Due bellissime signore
8817660825,es un codigo ISBN de una edicion publicada por,Rizzoli
8817660825,está escrito en,Italiano
Mario Biondi,es autor de la obra,Due bellissime signore
8879286366,es un codigo ISBN para el libro,Güle güle
8879286366,es un codigo ISBN de una edicion publicada por,Ponte alle grazie
8879286366,está escrito en,Italiano
Mario Biondi,es autor de la obra,Güle güle
Güle güle,pertenece al género,Travel
8830405485,es un codigo ISBN para el libro,Gli occhi di una donna
8830405485,es un codigo ISBN de una edicion publicada por,Longanesi
8830405485,está escrito en,Italiano
8817661058,es un codigo ISBN para el libro,Il destino di un uomo
8817661058,es un codigo ISBN de una edicion publicada por,Rizzoli
8817661058,está escrito en,Italiano
Mario Biondi,es autor de la obra,Il destino di un uomo
8830406597,es un codigo ISBN para el libro,La civetta sul comò
8830406597,es un codigo ISBN de una edicion publicada por,Longanesi
8830406597,está escrito en,Italiano
Mario Biondi,es autor de la obra,La civetta sul comò
9789505372508,es un codigo ISBN para el libro,Resolucion Tecnica N 10 de La F.A.C.P.C.E
9789505372508,es un codigo ISBN de una edicion publicada por,Macchi Grupo Editorial
9789505372508,está escrito en,Español
9505372507,es un codigo ISBN para el libro,Resolucion Tecnica N 10 de La F.A.C.P.C.E
9505372507,es un codigo ISBN de una edicion publicada por,Macchi Grupo Editorial
9505372507,está escrito en,Español
Mario Biondi,es autor de la obra,Resolucion Tecnica N 10 de La F.A.C.P.C.E
8879287249,es un codigo ISBN para el libro,Strada bianca per i monti del cielo
8879287249,es un codigo ISBN de una edicion publicada por,Ponte alle Grazie
8879287249,está escrito en,Italiano
Mario Biondi,es autor de la obra,Strada bianca per i monti del cielo
Strada bianca per i monti del cielo,pertenece al género,Travel
Strada bianca per i monti del cielo,pertenece al género,Description and travel
8817660833,es un codigo ISBN para el libro,Un amore innocente
8817660833,es un codigo ISBN de una edicion publicada por,Rissoli
8817660833,está escrito en,Italiano
Mario Biondi,es autor de la obra,Un amore innocente
8830414840,es un codigo ISBN para el libro,Una porta di luce
8830414840,es un codigo ISBN de una edicion publicada por,Longanesi
8830414840,está escrito en,Italiano
Mario Biondi,es autor de la obra,Una porta di luce
8817660078,es un codigo ISBN para el libro,Un giorno e per tutta la vita
8817660078,es un codigo ISBN de una edicion publicada por,Rizzoli
8817660078,está escrito en,Italiano
Mario Biondi,es autor de la obra,Un giorno e per tutta la vita
9788879289863,es un codigo ISBN para el libro,Con il Buddha di Alessandro Magno
9788879289863,es un codigo ISBN de una edicion publicada por,Ponte alle Grazie
9788879289863,está escrito en,Italiano
Mario Biondi,es autor de la obra,Con il Buddha di Alessandro Magno
Con il Buddha di Alessandro Magno,pertenece al género,Travel
Con il Buddha di Alessandro Magno,pertenece al género,Description and travel
Alda Merini,es de nacionalidad,Italy
9791220109604,es un codigo ISBN para el libro,Festa della donna
9791220109604,es un codigo ISBN de una edicion publicada por,Europa edizioni
9791220109604,está escrito en,Italiano
Alda Merini,es autor de la obra,Festa della donna
Festa della donna,pertenece al género,Women
Festa della donna,pertenece al género,Poetry
Festa della donna,pertenece al género,Criticism and interpretation
9788893233347,es un codigo ISBN para el libro,Fate l'amore
9788893233347,es un codigo ISBN de una edicion publicada por,Compagnia editoriale Aliberti
9788893233347,está escrito en,Italiano
Alda Merini,es autor de la obra,Fate l'amore
Fate l'amore,pertenece al género,Italian Poets
Fate l'amore,pertenece al género,Biography
Fate l'amore,pertenece al género,Italian Women poets
9788862665032,es un codigo ISBN para el libro,Il sigillo della poesia
9788862665032,es un codigo ISBN de una edicion publicada por,Manni
9788862665032,está escrito en,Italiano
Alda Merini,es autor de la obra,Il sigillo della poesia
Il sigillo della poesia,pertenece al género,Interviews
Il sigillo della poesia,pertenece al género,Italian Authors
9788878770805,es un codigo ISBN para el libro,Lettere di Pasolini
9788878770805,es un codigo ISBN de una edicion publicada por,Acquaviva
9788878770805,está escrito en,Italiano
Alda Merini,es autor de la obra,Lettere di Pasolini
Lettere di Pasolini,pertenece al género,Fiction
8876440364,es un codigo ISBN para el libro,L'altra verità
8876440364,es un codigo ISBN de una edicion publicada por,Scheiwiller
8876440364,está escrito en,Italiano
Alda Merini,es autor de la obra,L'altra verità
9788862660853,es un codigo ISBN para el libro,Antenate bestie da manicomio
9788862660853,es un codigo ISBN de una edicion publicada por,Manni
9788862660853,está escrito en,Italiano
Alda Merini,es autor de la obra,Antenate bestie da manicomio
9788845250101,es un codigo ISBN para el libro,La vita facile
9788845250101,es un codigo ISBN de una edicion publicada por,Bompiani
9788845250101,está escrito en,Italiano
Alda Merini,es autor de la obra,La vita facile
888306089X,es un codigo ISBN para el libro,Testamento
888306089X,es un codigo ISBN de una edicion publicada por,Crocetti
888306089X,está escrito en,Italiano
Alda Merini,es autor de la obra,Testamento
9788845251160,es un codigo ISBN para el libro,La pazza della porta accanto
9788845251160,es un codigo ISBN de una edicion publicada por,Bompiani
9788845251160,está escrito en,Italiano
Alda Merini,es autor de la obra,La pazza della porta accanto
9788820049287,es un codigo ISBN para el libro,Eternamente vivo
9788820049287,es un codigo ISBN de una edicion publicada por,Frassinelli
9788820049287,está escrito en,Italiano
Alda Merini,es autor de la obra,Eternamente vivo
9788862221184,es un codigo ISBN para el libro,Elettroshock
9788862221184,es un codigo ISBN de una edicion publicada por,Stampa alternativa
9788862221184,está escrito en,Italiano
Alda Merini,es autor de la obra,Elettroshock
8888722289,es un codigo ISBN para el libro,"Alla tua salute, amore mio"
8888722289,es un codigo ISBN de una edicion publicada por,Acquaviva
8888722289,está escrito en,Italiano
Alda Merini,es autor de la obra,"Alla tua salute, amore mio"
9788817041256,es un codigo ISBN para el libro,Nuove magie
9788817041256,es un codigo ISBN de una edicion publicada por,Rizzoli
9788817041256,está escrito en,Italiano
Alda Merini,es autor de la obra,Nuove magie
Nuove magie,pertenece al género,Aphorisms and apothegms
9788862666503,es un codigo ISBN para el libro,Furibonda cresce la notte
9788862666503,es un codigo ISBN de una edicion publicada por,Manni
9788862666503,está escrito en,Italiano
Alda Merini,es autor de la obra,Furibonda cresce la notte
9788806242510,es un codigo ISBN para el libro,Confusione di stelle
9788806242510,es un codigo ISBN de una edicion publicada por,Giulio Einaudi editore
9788806242510,está escrito en,Italiano
Alda Merini,es autor de la obra,Confusione di stelle
9788820063221,es un codigo ISBN para el libro,Tu sola nel mio deserto
9788820063221,es un codigo ISBN de una edicion publicada por,Sperling & Kupfer
9788820063221,está escrito en,Italiano
Alda Merini,es autor de la obra,Tu sola nel mio deserto
Tu sola nel mio deserto,pertenece al género,Friends and associates
9788820051549,es un codigo ISBN para el libro,Delirio amoroso
9788820051549,es un codigo ISBN de una edicion publicada por,Frassinelli
9788820051549,está escrito en,Italiano
8820051540,es un codigo ISBN para el libro,Delirio amoroso
8820051540,es un codigo ISBN de una edicion publicada por,Frassinelli
8820051540,está escrito en,Italiano
Alda Merini,es autor de la obra,Delirio amoroso
9788836171811,es un codigo ISBN para el libro,Ogni volta che ti vedo fiorire
9788836171811,es un codigo ISBN de una edicion publicada por,Manni
9788836171811,está escrito en,Italiano
Alda Merini,es autor de la obra,Ogni volta che ti vedo fiorire
9788845702778,es un codigo ISBN para el libro,Fuori da quelle mura
9788845702778,es un codigo ISBN de una edicion publicada por,Massari Editore
9788845702778,está escrito en,Italiano
Alda Merini,es autor de la obra,Fuori da quelle mura
Fuori da quelle mura,pertenece al género,Criticism and interpretation
Fuori da quelle mura,pertenece al género,Interviews
Fuori da quelle mura,pertenece al género,Italian Authors
9788806198923,es un codigo ISBN para el libro,Il carnevale della croce
9788806198923,es un codigo ISBN de una edicion publicada por,G. Einaudi
9788806198923,está escrito en,Italiano
Alda Merini,es autor de la obra,Il carnevale della croce
9788874246991,es un codigo ISBN para el libro,Una specie di follia
9788874246991,es un codigo ISBN de una edicion publicada por,Aliberti
9788874246991,está escrito en,Italiano
Alda Merini,es autor de la obra,Una specie di follia
Una specie di follia,pertenece al género,Interviews
Una specie di follia,pertenece al género,Italian Authors
9788493642310,es un codigo ISBN para el libro,Cuerpo de amor
9788493642310,es un codigo ISBN de una edicion publicada por,Vaso Roto
9788493642310,está escrito en,Español
Alda Merini,es autor de la obra,Cuerpo de amor
Cuerpo de amor,pertenece al género,Poetry
9788804602019,es un codigo ISBN para el libro,Il suono dell'ombra
9788804602019,es un codigo ISBN de una edicion publicada por,Mondadori
9788804602019,está escrito en,Italiano
Alda Merini,es autor de la obra,Il suono dell'ombra
8806219448,es un codigo ISBN para el libro,Fiore di poesia
8806219448,es un codigo ISBN de una edicion publicada por,Giulio Einaudi
8806219448,está escrito en,Italiano
9788806219444,es un codigo ISBN para el libro,Fiore di poesia
9788806219444,es un codigo ISBN de una edicion publicada por,Giulio Einaudi
9788806219444,está escrito en,Italiano
Alda Merini,es autor de la obra,Fiore di poesia
Fiore di poesia,pertenece al género,Italian poetry
9788817014908,es un codigo ISBN para el libro,L'altra verità
9788817014908,es un codigo ISBN de una edicion publicada por,BUR Scrittori contemporanei
9788817014908,está escrito en,Italiano
8817014907,es un codigo ISBN para el libro,L'altra verità
8817014907,es un codigo ISBN de una edicion publicada por,BUR Scrittori contemporanei
8817014907,está escrito en,Italiano
L'altra verità,pertenece al género,Biography
L'altra verità,pertenece al género,Italian Authors
Sandra Lombardi,es de nacionalidad,Italy
Juan Pablo I,es de nacionalidad,Italy
2853130282,es un codigo ISBN para el libro,Humblement vôtre
2853130282,es un codigo ISBN de una edicion publicada por,Messager
2853130282,es un codigo ISBN de una edicion publicada por,Nouvelle Cité
2853130282,está escrito en,Francés
Juan Pablo I,es autor de la obra,Humblement vôtre
Humblement vôtre,pertenece al género,Doctrines
Humblement vôtre,pertenece al género,Lettres fictives
Humblement vôtre,pertenece al género,Église catholique
1863150056,es un codigo ISBN para el libro,Illustrissimi
1863150056,es un codigo ISBN de una edicion publicada por,Little Hills Press
1863150056,está escrito en,Inglés
0852445490,es un codigo ISBN para el libro,Illustrissimi
0852445490,es un codigo ISBN de una edicion publicada por,Gracewing
9780852445495,es un codigo ISBN para el libro,Illustrissimi
9780852445495,es un codigo ISBN de una edicion publicada por,Gracewing
847914257X,es un codigo ISBN para el libro,Illustrissimi
847914257X,es un codigo ISBN de una edicion publicada por,Biblioteca de Autores Cristianos
847914257X,está escrito en,Español
0002114186,es un codigo ISBN para el libro,Illustrissimi
0002114186,es un codigo ISBN de una edicion publicada por,Collins
0002114186,está escrito en,Inglés
0316535303,es un codigo ISBN para el libro,Illustrissimi
0316535303,es un codigo ISBN de una edicion publicada por,"Little, Brown"
0316535303,está escrito en,Inglés
9780006256359,es un codigo ISBN para el libro,Illustrissimi
9780006256359,es un codigo ISBN de una edicion publicada por,Fount Pbs
000625635X,es un codigo ISBN para el libro,Illustrissimi
000625635X,es un codigo ISBN de una edicion publicada por,Fount Pbs
9780006256359,es un codigo ISBN de una edicion publicada por,Collins/Fount
000625635X,es un codigo ISBN de una edicion publicada por,Collins/Fount
Juan Pablo I,es autor de la obra,Illustrissimi
Illustrissimi,pertenece al género,Christianity
Illustrissimi,pertenece al género,Catholic Church
Illustrissimi,pertenece al género,Doctrines
830000002X,es un codigo ISBN para el libro,Nauczanie społeczne
830000002X,es un codigo ISBN de una edicion publicada por,Ośrodek Dokumentacji i Studiów Społecznych
830000002X,está escrito en,Polaco
Juan Pablo I,es autor de la obra,Nauczanie społeczne
Nauczanie społeczne,pertenece al género,Doctrines
Nauczanie społeczne,pertenece al género,Catholic Church
887305501X,es un codigo ISBN para el libro,Con il cuore verso Dio
887305501X,es un codigo ISBN de una edicion publicada por,N. Pozza
887305501X,está escrito en,Italiano
Juan Pablo I,es autor de la obra,Con il cuore verso Dio
0819873136,es un codigo ISBN para el libro,To the church in America
0819873136,es un codigo ISBN de una edicion publicada por,St. Paul Editions
0819873136,está escrito en,Inglés
0819873144,es un codigo ISBN para el libro,To the church in America
0819873144,es un codigo ISBN de una edicion publicada por,St. Paul Editions
0819873144,está escrito en,Inglés
Juan Pablo I,es autor de la obra,To the church in America
To the church in America,pertenece al género,Catholic Church
To the church in America,pertenece al género,United States
To the church in America,pertenece al género,Catholic Church -- United States
8870264084,es un codigo ISBN para el libro,Il magistero di Albino Luciani
8870264084,es un codigo ISBN de una edicion publicada por,EMP
8870264084,está escrito en,Italiano
Juan Pablo I,es autor de la obra,Il magistero di Albino Luciani
Il magistero di Albino Luciani,pertenece al género,Catholic Church
Il magistero di Albino Luciani,pertenece al género,Doctrines
8870263843,es un codigo ISBN para el libro,La casa sulla roccia
8870263843,es un codigo ISBN de una edicion publicada por,EMP
8870263843,está escrito en,Italiano
Juan Pablo I,es autor de la obra,La casa sulla roccia
La casa sulla roccia,pertenece al género,Religious life
La casa sulla roccia,pertenece al género,Family
La casa sulla roccia,pertenece al género,Families
8870268314,es un codigo ISBN para el libro,Opera omnia
8870268314,es un codigo ISBN de una edicion publicada por,Messaggero
8870268314,está escrito en,Italiano
Juan Pablo I,es autor de la obra,Opera omnia
Opera omnia,pertenece al género,Catholic Church
Opera omnia,pertenece al género,Christianity
Opera omnia,pertenece al género,Doctrines
883116015X,es un codigo ISBN para el libro,Un vescovo al Concilio
883116015X,es un codigo ISBN de una edicion publicada por,Città nuova
883116015X,está escrito en,Italiano
Juan Pablo I,es autor de la obra,Un vescovo al Concilio
Un vescovo al Concilio,pertenece al género,Correspondence
Un vescovo al Concilio,pertenece al género,Popes
Un vescovo al Concilio,pertenece al género,Vatican Council (2nd : 1962-1965)
Dino Buzzati,es de nacionalidad,Italy
9788410435117,es un codigo ISBN para el libro,El desierto de los tártaros
9788410435117,es un codigo ISBN de una edicion publicada por,Altamarea
9788410435117,está escrito en,Español
Dino Buzzati,es autor de la obra,El desierto de los tártaros
1495503682,es un codigo ISBN para el libro,"Home alone, The windows, The prompters: three plays by Dino Buzzati ; Wild boars at the forest's edge by Giuliano Scabia"
1495503682,es un codigo ISBN de una edicion publicada por,The Edwin Mellen Press
1495503682,está escrito en,Inglés
9781495503689,es un codigo ISBN para el libro,"Home alone, The windows, The prompters: three plays by Dino Buzzati ; Wild boars at the forest's edge by Giuliano Scabia"
9781495503689,es un codigo ISBN de una edicion publicada por,The Edwin Mellen Press
9781495503689,está escrito en,Inglés
Dino Buzzati,es autor de la obra,"Home alone, The windows, The prompters: three plays by Dino Buzzati ; Wild boars at the forest's edge by Giuliano Scabia"
"Home alone, The windows, The prompters: three plays by Dino Buzzati ; Wild boars at the forest's edge by Giuliano Scabia",pertenece al género,Italian drama
"Home alone, The windows, The prompters: three plays by Dino Buzzati ; Wild boars at the forest's edge by Giuliano Scabia",pertenece al género,Translations into English
9650304789,es un codigo ISBN para el libro,Midbar ha-Ṭaṭarim
9650304789,es un codigo ISBN de una edicion publicada por,Zemorah Bitan
9650304789,está escrito en,heb
Dino Buzzati,es autor de la obra,Midbar ha-Ṭaṭarim
8499302173,es un codigo ISBN para el libro,Contes per llegir en deu minuts
8499302173,es un codigo ISBN de una edicion publicada por,labutxaca
9788499302171,es un codigo ISBN para el libro,Contes per llegir en deu minuts
9788499302171,es un codigo ISBN de una edicion publicada por,labutxaca
Dino Buzzati,es autor de la obra,Contes per llegir en deu minuts
2869433751,es un codigo ISBN para el libro,Peste et révolution
2869433751,es un codigo ISBN de una edicion publicada por,Actes Sud
2869433751,está escrito en,Francés
Dino Buzzati,es autor de la obra,Peste et révolution
8804391901,es un codigo ISBN para el libro,Bàrnabo delle montagne
8804391901,es un codigo ISBN de una edicion publicada por,A. Mondadori
8804391901,está escrito en,Italiano
Dino Buzzati,es autor de la obra,Bàrnabo delle montagne
8804417129,es un codigo ISBN para el libro,Il colombre e altri cinquanta racconti
8804417129,es un codigo ISBN de una edicion publicada por,A. Mondadori
8804417129,está escrito en,Italiano
Dino Buzzati,es autor de la obra,Il colombre e altri cinquanta racconti
8804480971,es un codigo ISBN para el libro,I sette messaggeri
8804480971,es un codigo ISBN de una edicion publicada por,Arnoldo Mondadori
8804480971,está escrito en,Italiano
Dino Buzzati,es autor de la obra,I sette messaggeri
3426011808,es un codigo ISBN para el libro,Die besten Kurzgeschichten
3426011808,es un codigo ISBN de una edicion publicada por,Knaur
3426011808,está escrito en,Alemán
9783426011805,es un codigo ISBN para el libro,Die besten Kurzgeschichten
9783426011805,es un codigo ISBN de una edicion publicada por,Knaur
9783426011805,está escrito en,Alemán
Dino Buzzati,es autor de la obra,Die besten Kurzgeschichten
2401047662,es un codigo ISBN para el libro,Le Veston ensorcelé et autres nouvelles inquiétantes
2401047662,es un codigo ISBN de una edicion publicada por,HATIER
9782401047662,es un codigo ISBN para el libro,Le Veston ensorcelé et autres nouvelles inquiétantes
9782401047662,es un codigo ISBN de una edicion publicada por,HATIER
Dino Buzzati,es autor de la obra,Le Veston ensorcelé et autres nouvelles inquiétantes
9788492440115,es un codigo ISBN para el libro,Les nits difícils
9788492440115,es un codigo ISBN de una edicion publicada por,1984
9788492440115,es un codigo ISBN de una edicion publicada por,Edicions de 1984
8492440112,es un codigo ISBN para el libro,Les nits difícils
8492440112,es un codigo ISBN de una edicion publicada por,1984
8492440112,es un codigo ISBN de una edicion publicada por,Edicions de 1984
Dino Buzzati,es autor de la obra,Les nits difícils
9788492649273,es un codigo ISBN para el libro,Las noches difíciles
9788492649273,es un codigo ISBN de una edicion publicada por,ACANTILADO
Dino Buzzati,es autor de la obra,Las noches difíciles
849337671X,es un codigo ISBN para el libro,El secreto del Bosque Viejo
849337671X,es un codigo ISBN de una edicion publicada por,Dino Buzzati
849337671X,es un codigo ISBN de una edicion publicada por,"Gadir Editorial, S.L."
9788493376710,es un codigo ISBN para el libro,El secreto del Bosque Viejo
9788493376710,es un codigo ISBN de una edicion publicada por,Dino Buzzati
9788493376710,es un codigo ISBN de una edicion publicada por,"Gadir Editorial, S.L."
Dino Buzzati,es autor de la obra,El secreto del Bosque Viejo
9788494235719,es un codigo ISBN para el libro,El Giro de Italia
9788494235719,es un codigo ISBN de una edicion publicada por,Gallo Nero Ediciones
8494235710,es un codigo ISBN para el libro,El Giro de Italia
8494235710,es un codigo ISBN de una edicion publicada por,Gallo Nero Ediciones
9788416529827,es un codigo ISBN para el libro,El Giro de Italia
9788416529827,es un codigo ISBN de una edicion publicada por,GALLO NERO
9788416529827,es un codigo ISBN de una edicion publicada por,Gallo Nero Ediciones
8416529825,es un codigo ISBN para el libro,El Giro de Italia
8416529825,es un codigo ISBN de una edicion publicada por,GALLO NERO
8416529825,es un codigo ISBN de una edicion publicada por,Gallo Nero Ediciones
Dino Buzzati,es autor de la obra,El Giro de Italia
9788412574760,es un codigo ISBN para el libro,Els misteris d'Itàlia
9788412574760,es un codigo ISBN de una edicion publicada por,Edicions Sidillà SL
8412574761,es un codigo ISBN para el libro,Els misteris d'Itàlia
8412574761,es un codigo ISBN de una edicion publicada por,Edicions Sidillà SL
Dino Buzzati,es autor de la obra,Els misteris d'Itàlia
9788416600281,es un codigo ISBN para el libro,El desert dels Tàrtars
9788416600281,es un codigo ISBN de una edicion publicada por,labutxaca
8416600287,es un codigo ISBN para el libro,El desert dels Tàrtars
8416600287,es un codigo ISBN de una edicion publicada por,labutxaca
Dino Buzzati,es autor de la obra,El desert dels Tàrtars
Salvatore Niffoi,es de nacionalidad,Italy
9788886109703,es un codigo ISBN para el libro,La sesta ora
9788886109703,es un codigo ISBN de una edicion publicada por,Il maestrale
9788886109703,está escrito en,Italiano
8886109709,es un codigo ISBN para el libro,La sesta ora
8886109709,es un codigo ISBN de una edicion publicada por,Il maestrale
8886109709,está escrito en,Italiano
Salvatore Niffoi,es autor de la obra,La sesta ora
9788809849174,es un codigo ISBN para el libro,Il venditore di metafore
9788809849174,es un codigo ISBN de una edicion publicada por,Giunti
9788809849174,está escrito en,Italiano
Salvatore Niffoi,es autor de la obra,Il venditore di metafore
9788809884205,es un codigo ISBN para el libro,Le donne di Orolé
9788809884205,es un codigo ISBN de una edicion publicada por,Giunti
9788809884205,está escrito en,Italiano
Salvatore Niffoi,es autor de la obra,Le donne di Orolé
9788845924613,es un codigo ISBN para el libro,Il bastone dei miracoli
9788845924613,es un codigo ISBN de una edicion publicada por,Adelphi
9788845924613,está escrito en,Italiano
Salvatore Niffoi,es autor de la obra,Il bastone dei miracoli
9788807030765,es un codigo ISBN para el libro,La quinta stagione è l'inferno
9788807030765,es un codigo ISBN de una edicion publicada por,Feltrinelli
9788807030765,está escrito en,Italiano
Salvatore Niffoi,es autor de la obra,La quinta stagione è l'inferno
9788807019012,es un codigo ISBN para el libro,Pantumas
9788807019012,es un codigo ISBN de una edicion publicada por,Giangiacomo Feltrinelli Editore
9788807019012,está escrito en,Italiano
Salvatore Niffoi,es autor de la obra,Pantumas
Pantumas,pertenece al género,Villages
Pantumas,pertenece al género,Fiction
Pantumas,pertenece al género,Death
9788845925559,es un codigo ISBN para el libro,Il lago dei sogni
9788845925559,es un codigo ISBN de una edicion publicada por,Adelphi
9788845925559,está escrito en,Italiano
Salvatore Niffoi,es autor de la obra,Il lago dei sogni
9780434016990,es un codigo ISBN para el libro,The Legend of Redenta Tiria
9780434016990,es un codigo ISBN de una edicion publicada por,William Heinemann
9780434016990,está escrito en,Inglés
0434016993,es un codigo ISBN para el libro,The Legend of Redenta Tiria
0434016993,es un codigo ISBN de una edicion publicada por,William Heinemann
0434016993,está escrito en,Inglés
Salvatore Niffoi,es autor de la obra,The Legend of Redenta Tiria
The Legend of Redenta Tiria,pertenece al género,"Fiction, short stories (single author)"
The Legend of Redenta Tiria,pertenece al género,Suicide
The Legend of Redenta Tiria,pertenece al género,Fiction
8439720440,es un codigo ISBN para el libro,La Leyenda De Redenta Tiria/ the Legend of Redenta Tiria
8439720440,está escrito en,Español
9788439720447,es un codigo ISBN para el libro,La Leyenda De Redenta Tiria/ the Legend of Redenta Tiria
9788439720447,está escrito en,Español
Salvatore Niffoi,es autor de la obra,La Leyenda De Redenta Tiria/ the Legend of Redenta Tiria
9788845922497,es un codigo ISBN para el libro,Collodoro
9788845922497,es un codigo ISBN de una edicion publicada por,Adelphi
9788845922497,está escrito en,Italiano
Salvatore Niffoi,es autor de la obra,Collodoro
9788845923586,es un codigo ISBN para el libro,Il pane di Abele
9788845923586,es un codigo ISBN de una edicion publicada por,Adelphi
9788845923586,está escrito en,Italiano
Salvatore Niffoi,es autor de la obra,Il pane di Abele
9788886109451,es un codigo ISBN para el libro,Il postino di Piracherfa
9788886109451,es un codigo ISBN de una edicion publicada por,Maestrale
9788886109451,está escrito en,Italiano
8886109458,es un codigo ISBN para el libro,Il postino di Piracherfa
8886109458,es un codigo ISBN de una edicion publicada por,Maestrale
8886109458,está escrito en,Italiano
Salvatore Niffoi,es autor de la obra,Il postino di Piracherfa
9788886109307,es un codigo ISBN para el libro,Il viaggio degli inganni
9788886109307,es un codigo ISBN de una edicion publicada por,Maestrale
9788886109307,está escrito en,Italiano
888610930X,es un codigo ISBN para el libro,Il viaggio degli inganni
888610930X,es un codigo ISBN de una edicion publicada por,Maestrale
888610930X,está escrito en,Italiano
Salvatore Niffoi,es autor de la obra,Il viaggio degli inganni
8845919722,es un codigo ISBN para el libro,La leggenda di Redenta Tiria
8845919722,es un codigo ISBN de una edicion publicada por,Adelphi
8845919722,está escrito en,Italiano
Salvatore Niffoi,es autor de la obra,La leggenda di Redenta Tiria
La leggenda di Redenta Tiria,pertenece al género,Suicide
La leggenda di Redenta Tiria,pertenece al género,Fiction
La leggenda di Redenta Tiria,pertenece al género,Social life and customs
8845920399,es un codigo ISBN para el libro,La vedova scalza
8845920399,es un codigo ISBN de una edicion publicada por,Adelphi
8845920399,está escrito en,Italiano
Salvatore Niffoi,es autor de la obra,La vedova scalza
9788889801161,es un codigo ISBN para el libro,L' ultimo inverno
9788889801161,es un codigo ISBN de una edicion publicada por,Il maestrale
9788889801161,está escrito en,Italiano
Salvatore Niffoi,es autor de la obra,L' ultimo inverno
9788845921414,es un codigo ISBN para el libro,Ritorno a Baraule
9788845921414,es un codigo ISBN de una edicion publicada por,Adelphi
9788845921414,está escrito en,Italiano
Salvatore Niffoi,es autor de la obra,Ritorno a Baraule
Ritorno a Baraule,pertenece al género,Death
Ritorno a Baraule,pertenece al género,Fiction
9788845923807,es un codigo ISBN para el libro,Paraìnas
9788845923807,es un codigo ISBN de una edicion publicada por,Adelphi
9788845923807,está escrito en,Italiano
Salvatore Niffoi,es autor de la obra,Paraìnas
Paraìnas,pertenece al género,"Glossaries, vocabularies"
Paraìnas,pertenece al género,Dialects
Paraìnas,pertenece al género,Italian language
Reinhold Messner,es de nacionalidad,Italy
378908378X,es un codigo ISBN para el libro,Internationalisierung des Strafrechts
378908378X,es un codigo ISBN de una edicion publicada por,Nomos
378908378X,está escrito en,Alemán
9783789083785,es un codigo ISBN para el libro,Internationalisierung des Strafrechts
9783789083785,es un codigo ISBN de una edicion publicada por,Nomos
9783789083785,está escrito en,Alemán
Reinhold Messner,es autor de la obra,Internationalisierung des Strafrechts
Internationalisierung des Strafrechts,pertenece al género,"Criminal justice, administration of"
Internationalisierung des Strafrechts,pertenece al género,Congresses
8480766689,es un codigo ISBN para el libro,Montañas desde el espacio
8480766689,es un codigo ISBN de una edicion publicada por,Blume
9788480766685,es un codigo ISBN para el libro,Montañas desde el espacio
9788480766685,es un codigo ISBN de una edicion publicada por,Blume
Reinhold Messner,es autor de la obra,Montañas desde el espacio
9781322248370,es un codigo ISBN para el libro,Reinhold Messner
9781322248370,es un codigo ISBN de una edicion publicada por,"Mountaineers Books, The"
9781322248370,está escrito en,Inglés
Reinhold Messner,es autor de la obra,Reinhold Messner
847902030X,es un codigo ISBN para el libro,EN LOS LÍMITES DE LA TIERRA
847902030X,es un codigo ISBN de una edicion publicada por,"Ediciones Tutor, S.A."
9788479020309,es un codigo ISBN para el libro,EN LOS LÍMITES DE LA TIERRA
9788479020309,es un codigo ISBN de una edicion publicada por,"Ediciones Tutor, S.A."
Reinhold Messner,es autor de la obra,EN LOS LÍMITES DE LA TIERRA
849829441X,es un codigo ISBN para el libro,La montaña desnuda
849829441X,es un codigo ISBN de una edicion publicada por,"Ediciones Desnivel, S. L"
9788498294415,es un codigo ISBN para el libro,La montaña desnuda
9788498294415,es un codigo ISBN de una edicion publicada por,"Ediciones Desnivel, S. L"
Reinhold Messner,es autor de la obra,La montaña desnuda
9788487746208,es un codigo ISBN para el libro,Espiritu libre
9788487746208,es un codigo ISBN de una edicion publicada por,"Ediciones Desnivel, S. L"
8487746209,es un codigo ISBN para el libro,Espiritu libre
8487746209,es un codigo ISBN de una edicion publicada por,"Ediciones Desnivel, S. L"
Reinhold Messner,es autor de la obra,Espiritu libre
9781910240212,es un codigo ISBN para el libro,Everest
9781910240212,es un codigo ISBN de una edicion publicada por,Vertebrate Graphics Limited
9781910240212,está escrito en,Inglés
Reinhold Messner,es autor de la obra,Everest
9781594859472,es un codigo ISBN para el libro,Reinhold Messner
9781594859472,es un codigo ISBN de una edicion publicada por,Mountaineers Books
1594859477,es un codigo ISBN para el libro,Reinhold Messner
1594859477,es un codigo ISBN de una edicion publicada por,Mountaineers Books
Reinhold Messner,pertenece al género,Mountaineers
Reinhold Messner,pertenece al género,Travelers
Reinhold Messner,pertenece al género,Extreme environments
9788413560908,es un codigo ISBN para el libro,Salvem les muntanyes
9788413560908,es un codigo ISBN de una edicion publicada por,Cossetània Edicions
841356090X,es un codigo ISBN para el libro,Salvem les muntanyes
841356090X,es un codigo ISBN de una edicion publicada por,Cossetània Edicions
Reinhold Messner,es autor de la obra,Salvem les muntanyes
9788487746529,es un codigo ISBN para el libro,Mover montañas
9788487746529,es un codigo ISBN de una edicion publicada por,"Ediciones Desnivel, S. L"
8487746527,es un codigo ISBN para el libro,Mover montañas
8487746527,es un codigo ISBN de una edicion publicada por,"Ediciones Desnivel, S. L"
Reinhold Messner,es autor de la obra,Mover montañas
8487746403,es un codigo ISBN para el libro,"Zona de la muerte, la"
8487746403,es un codigo ISBN de una edicion publicada por,"Ediciones Desnivel, S. L"
9788487746406,es un codigo ISBN para el libro,"Zona de la muerte, la"
9788487746406,es un codigo ISBN de una edicion publicada por,"Ediciones Desnivel, S. L"
Reinhold Messner,es autor de la obra,"Zona de la muerte, la"
9781910240502,es un codigo ISBN para el libro,FREE Mountaineering Books : EBook Sampler
9781910240502,es un codigo ISBN de una edicion publicada por,Vertebrate Graphics Limited
9781910240502,está escrito en,Inglés
Reinhold Messner,es autor de la obra,FREE Mountaineering Books : EBook Sampler
3765419842,es un codigo ISBN para el libro,Lesebuch
3765419842,es un codigo ISBN de una edicion publicada por,Baton Wicks Publications
9783765419843,es un codigo ISBN para el libro,Lesebuch
9783765419843,es un codigo ISBN de una edicion publicada por,Baton Wicks Publications
Reinhold Messner,es autor de la obra,Lesebuch
9783426036037,es un codigo ISBN para el libro,Die Herausforderung
9783426036037,es un codigo ISBN de una edicion publicada por,Knaur
3426036037,es un codigo ISBN para el libro,Die Herausforderung
3426036037,es un codigo ISBN de una edicion publicada por,Knaur
Reinhold Messner,es autor de la obra,Die Herausforderung
8498293790,es un codigo ISBN para el libro,Más allá de la montaña
8498293790,es un codigo ISBN de una edicion publicada por,"Ediciones Desnivel, S. L"
9788498293791,es un codigo ISBN para el libro,Más allá de la montaña
9788498293791,es un codigo ISBN de una edicion publicada por,"Ediciones Desnivel, S. L"
Reinhold Messner,es autor de la obra,Más allá de la montaña
8498293235,es un codigo ISBN para el libro,"Walter Bonatti, mi hermano en el alma"
8498293235,es un codigo ISBN de una edicion publicada por,"Ediciones Desnivel, S. L"
9788498293234,es un codigo ISBN para el libro,"Walter Bonatti, mi hermano en el alma"
9788498293234,es un codigo ISBN de una edicion publicada por,"Ediciones Desnivel, S. L"
Reinhold Messner,es autor de la obra,"Walter Bonatti, mi hermano en el alma"
3890294502,es un codigo ISBN para el libro,Über Leben
3890294502,es un codigo ISBN de una edicion publicada por,Malik Verlag
9783890294506,es un codigo ISBN para el libro,Über Leben
9783890294506,es un codigo ISBN de una edicion publicada por,Malik Verlag
Reinhold Messner,es autor de la obra,Über Leben
9781861262974,es un codigo ISBN para el libro,To the Top of the World
9781861262974,es un codigo ISBN de una edicion publicada por,The Crowood Press
9781861262974,está escrito en,Inglés
Reinhold Messner,es autor de la obra,To the Top of the World
9788489969353,es un codigo ISBN para el libro,Yeti
9788489969353,es un codigo ISBN de una edicion publicada por,"Ediciones Desnivel, S. L"
8489969353,es un codigo ISBN para el libro,Yeti
8489969353,es un codigo ISBN de una edicion publicada por,"Ediciones Desnivel, S. L"
Reinhold Messner,es autor de la obra,Yeti
3776625775,es un codigo ISBN para el libro,Alle meine Gipfel
3776625775,es un codigo ISBN de una edicion publicada por,Herbig Verlag
9783776625776,es un codigo ISBN para el libro,Alle meine Gipfel
9783776625776,es un codigo ISBN de una edicion publicada por,Herbig Verlag
Reinhold Messner,es autor de la obra,Alle meine Gipfel
8498293294,es un codigo ISBN para el libro,"Reinhold Messner, vida de un superviviente"
8498293294,es un codigo ISBN de una edicion publicada por,"Ediciones Desnivel, S. L"
9788498293296,es un codigo ISBN para el libro,"Reinhold Messner, vida de un superviviente"
9788498293296,es un codigo ISBN de una edicion publicada por,"Ediciones Desnivel, S. L"
Reinhold Messner,es autor de la obra,"Reinhold Messner, vida de un superviviente"
9780718211592,es un codigo ISBN para el libro,The Challenge
9780718211592,es un codigo ISBN de una edicion publicada por,Littlehampton Book Services Ltd
Reinhold Messner,es autor de la obra,The Challenge
8498292298,es un codigo ISBN para el libro,On top
8498292298,es un codigo ISBN de una edicion publicada por,DESNIVEL
8498292298,es un codigo ISBN de una edicion publicada por,"Ediciones Desnivel, S. L"
9788498292299,es un codigo ISBN para el libro,On top
9788498292299,es un codigo ISBN de una edicion publicada por,DESNIVEL
9788498292299,es un codigo ISBN de una edicion publicada por,"Ediciones Desnivel, S. L"
Reinhold Messner,es autor de la obra,On top
9788416489640,es un codigo ISBN para el libro,Montañas. Traspasando los límites
9788416489640,es un codigo ISBN de una edicion publicada por,Lunwerg Editores
8416489645,es un codigo ISBN para el libro,Montañas. Traspasando los límites
8416489645,es un codigo ISBN de una edicion publicada por,Lunwerg Editores
Reinhold Messner,es autor de la obra,Montañas. Traspasando los límites
9781429977975,es un codigo ISBN para el libro,Second Death of George Mallory
9781429977975,es un codigo ISBN de una edicion publicada por,St. Martin's Press
9781429977975,está escrito en,Inglés
Reinhold Messner,es autor de la obra,Second Death of George Mallory
Second Death of George Mallory,pertenece al género,"Mallory, george, 1886-1924"
Second Death of George Mallory,pertenece al género,Mountaineers
Second Death of George Mallory,pertenece al género,Mountaineering accidents
9783596186549,es un codigo ISBN para el libro,Westwand
9783596186549,es un codigo ISBN de una edicion publicada por,FISCHER Taschenbuch
3596186544,es un codigo ISBN para el libro,Westwand
3596186544,es un codigo ISBN de una edicion publicada por,FISCHER Taschenbuch
Reinhold Messner,es autor de la obra,Westwand
Benedetto Croce,es de nacionalidad,Italy
9788863723892,es un codigo ISBN para el libro,Polemica sulla storia
9788863723892,es un codigo ISBN de una edicion publicada por,Edizione di storia e letteratura
9788863723892,está escrito en,Italiano
8863723893,es un codigo ISBN para el libro,Polemica sulla storia
8863723893,es un codigo ISBN de una edicion publicada por,Edizione di storia e letteratura
8863723893,está escrito en,Italiano
Benedetto Croce,es autor de la obra,Polemica sulla storia
Polemica sulla storia,pertenece al género,Historiography
Polemica sulla storia,pertenece al género,Truthfulness and falsehood
Polemica sulla storia,pertenece al género,Correspondence
9788849856750,es un codigo ISBN para el libro,Dopo la fine di un mondo
9788849856750,es un codigo ISBN de una edicion publicada por,Rubbettino
9788849856750,está escrito en,Italiano
Benedetto Croce,es autor de la obra,Dopo la fine di un mondo
Dopo la fine di un mondo,pertenece al género,Correspondence
Dopo la fine di un mondo,pertenece al género,Philosophers
Gianni Rodari,es de nacionalidad,Italy
6070133919,es un codigo ISBN para el libro,El hombrecillo de la lluvia
6070133919,es un codigo ISBN de una edicion publicada por,"Santillana Ediciones Generales, S.A. de C.V."
9786070133916,es un codigo ISBN para el libro,El hombrecillo de la lluvia
9786070133916,es un codigo ISBN de una edicion publicada por,"Santillana Ediciones Generales, S.A. de C.V."
8491220763,es un codigo ISBN para el libro,El hombrecillo de la lluvia
8491220763,es un codigo ISBN de una edicion publicada por,"Santillana Educación, S.L."
9788491220763,es un codigo ISBN para el libro,El hombrecillo de la lluvia
9788491220763,es un codigo ISBN de una edicion publicada por,"Santillana Educación, S.L."
9789705801945,es un codigo ISBN para el libro,El hombrecillo de la lluvia
9789705801945,es un codigo ISBN de una edicion publicada por,Alfaguara
9789705801945,está escrito en,Español
9705801940,es un codigo ISBN para el libro,El hombrecillo de la lluvia
9705801940,es un codigo ISBN de una edicion publicada por,Alfaguara
9705801940,está escrito en,Español
9788420469898,es un codigo ISBN para el libro,El hombrecillo de la lluvia
9788420469898,es un codigo ISBN de una edicion publicada por,Alfaguara
Gianni Rodari,es autor de la obra,El hombrecillo de la lluvia
9782013217460,es un codigo ISBN para el libro,Histoires à la courte-paille
9782013217460,es un codigo ISBN de una edicion publicada por,Hachette Littérature
9782013217460,está escrito en,Francés
2013217463,es un codigo ISBN para el libro,Histoires à la courte-paille
2013217463,es un codigo ISBN de una edicion publicada por,Hachette Littérature
2013217463,está escrito en,Francés
Gianni Rodari,es autor de la obra,Histoires à la courte-paille
Histoires à la courte-paille,pertenece al género,Nouvelles
Histoires à la courte-paille,pertenece al género,Ouvrages pour la jeunesse
Histoires à la courte-paille,pertenece al género,Roman pour la jeunesse
8835993806,es un codigo ISBN para el libro,Favole per bambini pestiferi
8835993806,es un codigo ISBN de una edicion publicada por,Editori Internazionali Riuniti
9788835993803,es un codigo ISBN para el libro,Favole per bambini pestiferi
9788835993803,es un codigo ISBN de una edicion publicada por,Editori Internazionali Riuniti
Gianni Rodari,es autor de la obra,Favole per bambini pestiferi
9789870404408,es un codigo ISBN para el libro,CUENTOS ESCRITOS A MAQUINA
9789870404408,es un codigo ISBN de una edicion publicada por,ALFAGUARA
9870404405,es un codigo ISBN para el libro,CUENTOS ESCRITOS A MAQUINA
9870404405,es un codigo ISBN de una edicion publicada por,ALFAGUARA
Gianni Rodari,es autor de la obra,CUENTOS ESCRITOS A MAQUINA
9781592704033,es un codigo ISBN para el libro,Daydreamy Child Takes a Walk
9781592704033,es un codigo ISBN de una edicion publicada por,"Enchanted Lion Books, LLC"
9781592704033,está escrito en,Inglés
Gianni Rodari,es autor de la obra,Daydreamy Child Takes a Walk
9788491720119,es un codigo ISBN para el libro,Ipuinak nahasten!
9788491720119,es un codigo ISBN de una edicion publicada por,Pamiela argitaletxea
8491720111,es un codigo ISBN para el libro,Ipuinak nahasten!
8491720111,es un codigo ISBN de una edicion publicada por,Pamiela argitaletxea
Gianni Rodari,es autor de la obra,Ipuinak nahasten!
8484838285,es un codigo ISBN para el libro,Las aventuras de Marco y Mirko
8484838285,es un codigo ISBN de una edicion publicada por,Ediciones del Laberinto S. L
8484838285,es un codigo ISBN de una edicion publicada por,Lectorum Publications Inc
9788484838289,es un codigo ISBN para el libro,Las aventuras de Marco y Mirko
9788484838289,es un codigo ISBN de una edicion publicada por,Ediciones del Laberinto S. L
9788484838289,es un codigo ISBN de una edicion publicada por,Lectorum Publications Inc
Gianni Rodari,es autor de la obra,Las aventuras de Marco y Mirko
9750711742,es un codigo ISBN para el libro,Masallar ve Kurgu Masallar
9750711742,es un codigo ISBN de una edicion publicada por,Can Cocuk Yayinlari
9789750711749,es un codigo ISBN para el libro,Masallar ve Kurgu Masallar
9789750711749,es un codigo ISBN de una edicion publicada por,Can Cocuk Yayinlari
Gianni Rodari,es autor de la obra,Masallar ve Kurgu Masallar
9788483309308,es un codigo ISBN para el libro,Els gats han vingut a prendre el te
9788483309308,es un codigo ISBN de una edicion publicada por,Viena
8483309300,es un codigo ISBN para el libro,Els gats han vingut a prendre el te
8483309300,es un codigo ISBN de una edicion publicada por,Viena
Gianni Rodari,es autor de la obra,Els gats han vingut a prendre el te
8483316854,es un codigo ISBN para el libro,Telefonozko ipuinak
8483316854,es un codigo ISBN de una edicion publicada por,Elkar
9788483316856,es un codigo ISBN para el libro,Telefonozko ipuinak
9788483316856,es un codigo ISBN de una edicion publicada por,Elkar
Gianni Rodari,es autor de la obra,Telefonozko ipuinak
9788491721642,es un codigo ISBN para el libro,Zer behar da?
9788491721642,es un codigo ISBN de una edicion publicada por,Pamiela argitaletxea
8491721649,es un codigo ISBN para el libro,Zer behar da?
8491721649,es un codigo ISBN de una edicion publicada por,Pamiela argitaletxea
Gianni Rodari,es autor de la obra,Zer behar da?
9750841395,es un codigo ISBN para el libro,Dünya Denen Koca Okul
9750841395,es un codigo ISBN de una edicion publicada por,Yapi Kredi Yayinlari
9789750841392,es un codigo ISBN para el libro,Dünya Denen Koca Okul
9789750841392,es un codigo ISBN de una edicion publicada por,Yapi Kredi Yayinlari
Gianni Rodari,es autor de la obra,Dünya Denen Koca Okul
8577230317,es un codigo ISBN para el libro,"Pintor, O"
8577230317,es un codigo ISBN de una edicion publicada por,Berlendis & Vertecchia
9788577230310,es un codigo ISBN para el libro,"Pintor, O"
9788577230310,es un codigo ISBN de una edicion publicada por,Berlendis & Vertecchia
Gianni Rodari,es autor de la obra,"Pintor, O"
9788413430720,es un codigo ISBN para el libro,"Agente X.99, cuentos y versos del espacio"
9788413430720,es un codigo ISBN de una edicion publicada por,Kalandraka
8413430720,es un codigo ISBN para el libro,"Agente X.99, cuentos y versos del espacio"
8413430720,es un codigo ISBN de una edicion publicada por,Kalandraka
Gianni Rodari,es autor de la obra,"Agente X.99, cuentos y versos del espacio"
8847725259,es un codigo ISBN para el libro,A Sbagliare Le Storie
8847725259,es un codigo ISBN de una edicion publicada por,EL
8847725259,está escrito en,Italiano
9788847725256,es un codigo ISBN para el libro,A Sbagliare Le Storie
9788847725256,es un codigo ISBN de una edicion publicada por,EL
9788847725256,está escrito en,Italiano
Gianni Rodari,es autor de la obra,A Sbagliare Le Storie
A Sbagliare Le Storie,pertenece al género,Little Red Riding Hood (Tale)
A Sbagliare Le Storie,pertenece al género,Fairy tales
A Sbagliare Le Storie,pertenece al género,Petit Chaperon rouge (Conte)
8479174277,es un codigo ISBN para el libro,Gezi urdina
8479174277,es un codigo ISBN de una edicion publicada por,Elkar
9788479174279,es un codigo ISBN para el libro,Gezi urdina
9788479174279,es un codigo ISBN de una edicion publicada por,Elkar
Gianni Rodari,es autor de la obra,Gezi urdina
9788879268028,es un codigo ISBN para el libro,Le Avventure DI Cipollino
9788879268028,es un codigo ISBN de una edicion publicada por,Einaudi Ragazzi
8879268023,es un codigo ISBN para el libro,Le Avventure DI Cipollino
8879268023,es un codigo ISBN de una edicion publicada por,Einaudi Ragazzi
Gianni Rodari,es autor de la obra,Le Avventure DI Cipollino
9750714660,es un codigo ISBN para el libro,Gorunmez Olan Tonino'nun Maceralari
9750714660,es un codigo ISBN de una edicion publicada por,Can Çocuk Yayinlari
9789750714665,es un codigo ISBN para el libro,Gorunmez Olan Tonino'nun Maceralari
9789750714665,es un codigo ISBN de una edicion publicada por,Can Çocuk Yayinlari
Gianni Rodari,es autor de la obra,Gorunmez Olan Tonino'nun Maceralari
975071430X,es un codigo ISBN para el libro,Bir Telefonluk Masallar
975071430X,es un codigo ISBN de una edicion publicada por,Can Çocuk Yayinlari
9789750714306,es un codigo ISBN para el libro,Bir Telefonluk Masallar
9789750714306,es un codigo ISBN de una edicion publicada por,Can Çocuk Yayinlari
Gianni Rodari,es autor de la obra,Bir Telefonluk Masallar
9788490574331,es un codigo ISBN para el libro,Filastrocche in cielo e in ter
9788490574331,es un codigo ISBN de una edicion publicada por,Estrella Polar
8490574332,es un codigo ISBN para el libro,Filastrocche in cielo e in ter
8490574332,es un codigo ISBN de una edicion publicada por,Estrella Polar
Gianni Rodari,es autor de la obra,Filastrocche in cielo e in ter
8483319012,es un codigo ISBN para el libro,Eskale txikiak
8483319012,es un codigo ISBN de una edicion publicada por,Elkar
9788483319017,es un codigo ISBN para el libro,Eskale txikiak
9788483319017,es un codigo ISBN de una edicion publicada por,Elkar
Gianni Rodari,es autor de la obra,Eskale txikiak
9788491450382,es un codigo ISBN para el libro,El llibre dels perquès - Cel i Terra
9788491450382,es un codigo ISBN de una edicion publicada por,PICARONA
8491450386,es un codigo ISBN para el libro,El llibre dels perquès - Cel i Terra
8491450386,es un codigo ISBN de una edicion publicada por,PICARONA
Gianni Rodari,es autor de la obra,El llibre dels perquès - Cel i Terra
8469848224,es un codigo ISBN para el libro,Las mejores historias y rimas de Gianni Rodari para los más pequeños
8469848224,es un codigo ISBN de una edicion publicada por,ANAYA INFANTIL Y JUVENIL
9788469848227,es un codigo ISBN para el libro,Las mejores historias y rimas de Gianni Rodari para los más pequeños
9788469848227,es un codigo ISBN de una edicion publicada por,ANAYA INFANTIL Y JUVENIL
Gianni Rodari,es autor de la obra,Las mejores historias y rimas de Gianni Rodari para los más pequeños
9798720427344,es un codigo ISBN para el libro,Musica E'
9798720427344,es un codigo ISBN de una edicion publicada por,Independently Published
9798720427344,está escrito en,Italiano
Gianni Rodari,es autor de la obra,Musica E'
9788417059101,es un codigo ISBN para el libro,Escola de fantasia
9788417059101,es un codigo ISBN de una edicion publicada por,Blackie Books
8417059105,es un codigo ISBN para el libro,Escola de fantasia
8417059105,es un codigo ISBN de una edicion publicada por,Blackie Books
Gianni Rodari,es autor de la obra,Escola de fantasia
8879261940,es un codigo ISBN para el libro,La torta in cielo
8879261940,es un codigo ISBN de una edicion publicada por,Einaudi ragazzi
8879261940,está escrito en,Italiano
9788879261944,es un codigo ISBN para el libro,La torta in cielo
9788879261944,es un codigo ISBN de una edicion publicada por,Einaudi ragazzi
9788879261944,está escrito en,Italiano
Gianni Rodari,es autor de la obra,La torta in cielo
9788806381745,es un codigo ISBN para el libro,Grammatica della fantasia. Introduzione all'arte di inventare storie.
9788806381745,es un codigo ISBN de una edicion publicada por,"Torino, Einaudi"
8806381741,es un codigo ISBN para el libro,Grammatica della fantasia. Introduzione all'arte di inventare storie.
8806381741,es un codigo ISBN de una edicion publicada por,"Torino, Einaudi"
Gianni Rodari,es autor de la obra,Grammatica della fantasia. Introduzione all'arte di inventare storie.
8426146643,es un codigo ISBN para el libro,Contes per telèfon. Edició Especial
8426146643,es un codigo ISBN de una edicion publicada por,"Editorial Juventud, S.A."
9788426146649,es un codigo ISBN para el libro,Contes per telèfon. Edició Especial
9788426146649,es un codigo ISBN de una edicion publicada por,"Editorial Juventud, S.A."
Gianni Rodari,es autor de la obra,Contes per telèfon. Edició Especial
Arturo Martini,es de nacionalidad,Italy
8881580446,es un codigo ISBN para el libro,"Arturo Martini, Figliol prodigo"
8881580446,es un codigo ISBN de una edicion publicada por,Charta
8881580446,está escrito en,Italiano
Arturo Martini,es autor de la obra,"Arturo Martini, Figliol prodigo"
"Arturo Martini, Figliol prodigo",pertenece al género,Prodigal son (Parable) in art
8880110454,es un codigo ISBN para el libro,Arturo Martini a Faenza
8880110454,es un codigo ISBN de una edicion publicada por,GEI
8880110454,está escrito en,Italiano
Arturo Martini,es autor de la obra,Arturo Martini a Faenza
9788833400181,es un codigo ISBN para el libro,Arturo Martini e il monumento per il Palazzo di giustizia a Milano
9788833400181,es un codigo ISBN de una edicion publicada por,Sillabe
9788833400181,está escrito en,Italiano
Arturo Martini,es autor de la obra,Arturo Martini e il monumento per il Palazzo di giustizia a Milano
Arturo Martini e il monumento per il Palazzo di giustizia a Milano,pertenece al género,Exhibitions
9788895292137,es un codigo ISBN para el libro,"1941-1998, una scuola di scultura"
9788895292137,es un codigo ISBN de una edicion publicada por,Caleidoscopio
9788895292137,está escrito en,Italiano
Arturo Martini,es autor de la obra,"1941-1998, una scuola di scultura"
"1941-1998, una scuola di scultura",pertenece al género,Italian Sculpture
"1941-1998, una scuola di scultura",pertenece al género,Study and teaching
"1941-1998, una scuola di scultura",pertenece al género,Sculpture
8843535706,es un codigo ISBN para el libro,Arturo Martini Sculpture 1889-1947
8843535706,es un codigo ISBN de una edicion publicada por,Art Books Intl Ltd
8843535706,es un codigo ISBN de una edicion publicada por,Electa
8843535706,está escrito en,Inglés
9788843535705,es un codigo ISBN para el libro,Arturo Martini Sculpture 1889-1947
9788843535705,es un codigo ISBN de una edicion publicada por,Art Books Intl Ltd
9788843535705,es un codigo ISBN de una edicion publicada por,Electa
9788843535705,está escrito en,Inglés
Arturo Martini,es autor de la obra,Arturo Martini Sculpture 1889-1947
8887061130,es un codigo ISBN para el libro,Colloqui sulla scultura
8887061130,es un codigo ISBN de una edicion publicada por,Canova
8887061130,está escrito en,Italiano
Arturo Martini,es autor de la obra,Colloqui sulla scultura
Colloqui sulla scultura,pertenece al género,Biography
Colloqui sulla scultura,pertenece al género,Italian Sculpture
Colloqui sulla scultura,pertenece al género,Sculptors
8878132500,es un codigo ISBN para el libro,Il giovane Arturo Martini
8878132500,es un codigo ISBN de una edicion publicada por,De Luca Edizioni d'Arte
8878132500,está escrito en,Italiano
Arturo Martini,es autor de la obra,Il giovane Arturo Martini
Il giovane Arturo Martini,pertenece al género,Exhibitions
8884160162,es un codigo ISBN para el libro,La scultura lingua morta e altri scritti
8884160162,es un codigo ISBN de una edicion publicada por,Abscondita
8884160162,está escrito en,Italiano
Arturo Martini,es autor de la obra,La scultura lingua morta e altri scritti
La scultura lingua morta e altri scritti,pertenece al género,Modern Sculpture
La scultura lingua morta e altri scritti,pertenece al género,Sculpture
La scultura lingua morta e altri scritti,pertenece al género,Philosophy
8886158114,es un codigo ISBN para el libro,Le lettere di Arturo Martini
8886158114,es un codigo ISBN de una edicion publicada por,Charta
8886158114,está escrito en,Italiano
Arturo Martini,es autor de la obra,Le lettere di Arturo Martini
Le lettere di Arturo Martini,pertenece al género,Correspondence
Le lettere di Arturo Martini,pertenece al género,Sculptors
8843511289,es un codigo ISBN para el libro,Arturo Martini
8843511289,es un codigo ISBN de una edicion publicada por,Electa
8843511289,está escrito en,Italiano
8843579398,es un codigo ISBN para el libro,Arturo Martini
8843579398,es un codigo ISBN de una edicion publicada por,Electa
8843579398,está escrito en,Italiano
9788873958680,es un codigo ISBN para el libro,Arturo Martini
9788873958680,es un codigo ISBN de una edicion publicada por,Bononia University Press
9788873958680,está escrito en,Italiano
888158526X,es un codigo ISBN para el libro,Arturo Martini
888158526X,es un codigo ISBN de una edicion publicada por,Charta
888158526X,está escrito en,Italiano
9788886158190,es un codigo ISBN para el libro,Arturo Martini
9788886158190,es un codigo ISBN de una edicion publicada por,Charta
9788886158190,está escrito en,Italiano
888615819X,es un codigo ISBN para el libro,Arturo Martini
888615819X,es un codigo ISBN de una edicion publicada por,Charta
888615819X,está escrito en,Italiano
8871400321,es un codigo ISBN para el libro,Arturo Martini
8871400321,es un codigo ISBN de una edicion publicada por,Quasar
8871400321,está escrito en,Italiano
8843549103,es un codigo ISBN para el libro,Arturo Martini
8843549103,es un codigo ISBN de una edicion publicada por,Electa
8843549103,está escrito en,Italiano
8882155951,es un codigo ISBN para el libro,Arturo Martini
8882155951,es un codigo ISBN de una edicion publicada por,Silvana
8882155951,está escrito en,Italiano
8843528912,es un codigo ISBN para el libro,Arturo Martini
8843528912,es un codigo ISBN de una edicion publicada por,Electa
8843528912,está escrito en,Italiano
8831770845,es un codigo ISBN para el libro,Arturo Martini
8831770845,es un codigo ISBN de una edicion publicada por,Marsilio
8831770845,está escrito en,Italiano
8843529374,es un codigo ISBN para el libro,Arturo Martini
8843529374,es un codigo ISBN de una edicion publicada por,Electa
8843529374,está escrito en,Italiano
8843529374,está escrito en,Inglés
8843529374,está escrito en,Francés
887813225X,es un codigo ISBN para el libro,Arturo Martini
887813225X,es un codigo ISBN de una edicion publicada por,De Luca edizioni d'arte
887813225X,está escrito en,Italiano
8861300448,es un codigo ISBN para el libro,Arturo Martini
8861300448,es un codigo ISBN de una edicion publicada por,Skira
8861300448,está escrito en,Italiano
8843555456,es un codigo ISBN para el libro,Arturo Martini
8843555456,es un codigo ISBN de una edicion publicada por,Electa
8843555456,está escrito en,Italiano
8886899203,es un codigo ISBN para el libro,Arturo Martini
8886899203,es un codigo ISBN de una edicion publicada por,Fondazione Gruppo Credito valtellinese
8886899203,está escrito en,Italiano
Arturo Martini,es autor de la obra,Arturo Martini
Arturo Martini,pertenece al género,Art collections
Arturo Martini,pertenece al género,Artists' preparatory studies
Arturo Martini,pertenece al género,Banca popolare vicentina
8886158114,es un codigo ISBN para el libro,Le lettere di Arturo Marini
Arturo Martini,es autor de la obra,Le lettere di Arturo Marini
Giovanni Comisso,es de nacionalidad,Italy
8873055060,es un codigo ISBN para el libro,Storia di un patrimonio
8873055060,es un codigo ISBN de una edicion publicada por,N. Pozza
8873055060,está escrito en,Italiano
Giovanni Comisso,es autor de la obra,Storia di un patrimonio
8873055508,es un codigo ISBN para el libro,Al sud
8873055508,es un codigo ISBN de una edicion publicada por,N.Pozza
8873055508,está escrito en,Italiano
Giovanni Comisso,es autor de la obra,Al sud
Al sud,pertenece al género,Description and travel
9788897608134,es un codigo ISBN para el libro,Il lamento del conservatore
9788897608134,es un codigo ISBN de una edicion publicada por,Henry Beyle
9788897608134,está escrito en,Italiano
Giovanni Comisso,es autor de la obra,Il lamento del conservatore
8830405760,es un codigo ISBN para el libro,Gli Ambasciatori veneti 1525-1792
8830405760,es un codigo ISBN de una edicion publicada por,Longanesi
8830405760,está escrito en,Italiano
Giovanni Comisso,es autor de la obra,Gli Ambasciatori veneti 1525-1792
Gli Ambasciatori veneti 1525-1792,pertenece al género,Early works to 1800
Gli Ambasciatori veneti 1525-1792,pertenece al género,Description and travel
Gli Ambasciatori veneti 1525-1792,pertenece al género,Venetian Diplomatic and consular service
8872278465,es un codigo ISBN para el libro,Approdo in Grecia
8872278465,es un codigo ISBN de una edicion publicada por,Biblioteca del Vascello
8872278465,está escrito en,Italiano
Giovanni Comisso,es autor de la obra,Approdo in Grecia
Approdo in Grecia,pertenece al género,Description and travel
Niccolò Ammaniti,es de nacionalidad,Italy
9655171477,es un codigo ISBN para el libro,Ani lo mefaḥed
9655171477,es un codigo ISBN de una edicion publicada por,Kineret
9655171477,está escrito en,heb
Niccolò Ammaniti,es autor de la obra,Ani lo mefaḥed
8415307772,es un codigo ISBN para el libro,Tu i jo
8415307772,es un codigo ISBN de una edicion publicada por,Angle Editorial
9788415307778,es un codigo ISBN para el libro,Tu i jo
9788415307778,es un codigo ISBN de una edicion publicada por,Angle Editorial
Niccolò Ammaniti,es autor de la obra,Tu i jo
9788866213413,es un codigo ISBN para el libro,Il momento è delicato
9788866213413,es un codigo ISBN de una edicion publicada por,Einaudi
8866213411,es un codigo ISBN para el libro,Il momento è delicato
8866213411,es un codigo ISBN de una edicion publicada por,Einaudi
Niccolò Ammaniti,es autor de la obra,Il momento è delicato
8415002629,es un codigo ISBN para el libro,Que comenci la festa
8415002629,es un codigo ISBN de una edicion publicada por,Angle Editorial
9788415002628,es un codigo ISBN para el libro,Que comenci la festa
9788415002628,es un codigo ISBN de una edicion publicada por,Angle Editorial
Niccolò Ammaniti,es autor de la obra,Que comenci la festa
8433978764,es un codigo ISBN para el libro,Te llevaré conmigo
8433978764,es un codigo ISBN de una edicion publicada por,Anagrama
8433978764,es un codigo ISBN de una edicion publicada por,Editorial Anagrama S.A.
9788433978769,es un codigo ISBN para el libro,Te llevaré conmigo
9788433978769,es un codigo ISBN de una edicion publicada por,Anagrama
9788433978769,es un codigo ISBN de una edicion publicada por,Editorial Anagrama S.A.
Niccolò Ammaniti,es autor de la obra,Te llevaré conmigo
9783492055048,es un codigo ISBN para el libro,Du und Ich
9783492055048,es un codigo ISBN de una edicion publicada por,Piper Verlag Gmbh
3492055044,es un codigo ISBN para el libro,Du und Ich
3492055044,es un codigo ISBN de una edicion publicada por,Piper Verlag Gmbh
Niccolò Ammaniti,es autor de la obra,Du und Ich
9780802194701,es un codigo ISBN para el libro,Me and You
9780802194701,es un codigo ISBN de una edicion publicada por,"Grove/Atlantic, Incorporated"
9780802194701,está escrito en,Inglés
9781921758775,es un codigo ISBN para el libro,Me and You
9781921758775,es un codigo ISBN de una edicion publicada por,Text Publishing Company
9781921758775,está escrito en,Inglés
Niccolò Ammaniti,es autor de la obra,Me and You
Me and You,pertenece al género,Fiction
Me and You,pertenece al género,"Fiction, family life"
Me and You,pertenece al género,"Brothers and sisters, fiction"
9780802197702,es un codigo ISBN para el libro,I'll Steal You Away
9780802197702,es un codigo ISBN de una edicion publicada por,Canongate Books
9780802197702,está escrito en,Inglés
Niccolò Ammaniti,es autor de la obra,I'll Steal You Away
I'll Steal You Away,pertenece al género,"Italy, fiction"
I'll Steal You Away,pertenece al género,"Man-woman relationships, fiction"
I'll Steal You Away,pertenece al género,"Fiction, general"
9781921520839,es un codigo ISBN para el libro,Crossroads
9781921520839,es un codigo ISBN de una edicion publicada por,Text Publishing Company
9781921520839,está escrito en,Inglés
Niccolò Ammaniti,es autor de la obra,Crossroads
Crossroads,pertenece al género,Fiction
9781841958736,es un codigo ISBN para el libro,Steal You Away
9781841958736,es un codigo ISBN de una edicion publicada por,Canongate Books Ltd
1841958735,es un codigo ISBN para el libro,Steal You Away
1841958735,es un codigo ISBN de una edicion publicada por,Canongate Books Ltd
Niccolò Ammaniti,es autor de la obra,Steal You Away
9048808626,es un codigo ISBN para el libro,"Ik haal je op, ik neem je mee"
9048808626,es un codigo ISBN de una edicion publicada por,Lebowski
9789048808625,es un codigo ISBN para el libro,"Ik haal je op, ik neem je mee"
9789048808625,es un codigo ISBN de una edicion publicada por,Lebowski
Niccolò Ammaniti,es autor de la obra,"Ik haal je op, ik neem je mee"
9788806207694,es un codigo ISBN para el libro,Io Non Ho Paura
9788806207694,es un codigo ISBN de una edicion publicada por,Brand: Einaudi
9788806207694,es un codigo ISBN de una edicion publicada por,Einaudi
8806207695,es un codigo ISBN para el libro,Io Non Ho Paura
8806207695,es un codigo ISBN de una edicion publicada por,Brand: Einaudi
8806207695,es un codigo ISBN de una edicion publicada por,Einaudi
Niccolò Ammaniti,es autor de la obra,Io Non Ho Paura
9788439720836,es un codigo ISBN para el libro,Como Dios manda
9788439720836,es un codigo ISBN de una edicion publicada por,Literatura Random House
9788439720836,es un codigo ISBN de una edicion publicada por,Random House
8439720831,es un codigo ISBN para el libro,Como Dios manda
8439720831,es un codigo ISBN de una edicion publicada por,Literatura Random House
8439720831,es un codigo ISBN de una edicion publicada por,Random House
Niccolò Ammaniti,es autor de la obra,Como Dios manda
9788433977342,es un codigo ISBN para el libro,No tengo miedo
9788433977342,es un codigo ISBN de una edicion publicada por,Editorial Anagrama
8433977342,es un codigo ISBN para el libro,No tengo miedo
8433977342,es un codigo ISBN de una edicion publicada por,Editorial Anagrama
Niccolò Ammaniti,es autor de la obra,No tengo miedo
9048803268,es un codigo ISBN para el libro,Jij bent mijn schat
9048803268,es un codigo ISBN de una edicion publicada por,Lebowski
9789048803262,es un codigo ISBN para el libro,Jij bent mijn schat
9789048803262,es un codigo ISBN de una edicion publicada por,Lebowski
Niccolò Ammaniti,es autor de la obra,Jij bent mijn schat
9780802197856,es un codigo ISBN para el libro,As God commands
9780802197856,es un codigo ISBN de una edicion publicada por,"Grove/Atlantic, Incorporated"
9780802197856,está escrito en,Inglés
0802170676,es un codigo ISBN para el libro,As God commands
0802170676,es un codigo ISBN de una edicion publicada por,Black Cat
0802170676,es un codigo ISBN de una edicion publicada por,"Grove/Atlantic, Incorporated"
0802170676,está escrito en,Inglés
9780802170675,es un codigo ISBN para el libro,As God commands
9780802170675,es un codigo ISBN de una edicion publicada por,Black Cat
9780802170675,es un codigo ISBN de una edicion publicada por,"Grove/Atlantic, Incorporated"
9780802170675,está escrito en,Inglés
Niccolò Ammaniti,es autor de la obra,As God commands
As God commands,pertenece al género,Fathers and sons
As God commands,pertenece al género,Friendship
As God commands,pertenece al género,Bank robberies
9780802193551,es un codigo ISBN para el libro,Let the Games Begin
9780802193551,es un codigo ISBN de una edicion publicada por,"Grove/Atlantic, Incorporated"
9780802193551,está escrito en,Inglés
Niccolò Ammaniti,es autor de la obra,Let the Games Begin
Let the Games Begin,pertenece al género,"Fiction, fantasy, contemporary"
9781406330274,es un codigo ISBN para el libro,I'm Not Scared
9781406330274,es un codigo ISBN de una edicion publicada por,"Walker Books, Limited"
9781406330274,es un codigo ISBN de una edicion publicada por,Walker Canongate
9781406330274,está escrito en,Inglés
9781782117155,es un codigo ISBN para el libro,I'm Not Scared
9781782117155,es un codigo ISBN de una edicion publicada por,Canongate Books
9781782117155,es un codigo ISBN de una edicion publicada por,Canongate Canons
9781782117155,está escrito en,Inglés
1489409025,es un codigo ISBN para el libro,I'm Not Scared
1489409025,es un codigo ISBN de una edicion publicada por,Bolinda Audio
9781489409027,es un codigo ISBN para el libro,I'm Not Scared
9781489409027,es un codigo ISBN de una edicion publicada por,Bolinda Audio
Niccolò Ammaniti,es autor de la obra,I'm Not Scared
9788497872546,es un codigo ISBN para el libro,Com Déu mana
9788497872546,es un codigo ISBN de una edicion publicada por,Editorial Empúries
8497872541,es un codigo ISBN para el libro,Com Déu mana
8497872541,es un codigo ISBN de una edicion publicada por,Editorial Empúries
Niccolò Ammaniti,es autor de la obra,Com Déu mana
9788415307174,es un codigo ISBN para el libro,Anna
9788415307174,es un codigo ISBN de una edicion publicada por,Angle Editorial
8415307179,es un codigo ISBN para el libro,Anna
8415307179,es un codigo ISBN de una edicion publicada por,Angle Editorial
8806227750,es un codigo ISBN para el libro,Anna
8806227750,es un codigo ISBN de una edicion publicada por,Einaudi
8806227750,está escrito en,Italiano
9788806227753,es un codigo ISBN para el libro,Anna
9788806227753,es un codigo ISBN de una edicion publicada por,Einaudi
9788806227753,está escrito en,Italiano
9781782118350,es un codigo ISBN para el libro,Anna
9781782118350,es un codigo ISBN de una edicion publicada por,Canongate Books
9781782118350,está escrito en,Inglés
9788433960283,es un codigo ISBN para el libro,Anna
9788433960283,es un codigo ISBN de una edicion publicada por,Editorial Anagrama
8433960288,es un codigo ISBN para el libro,Anna
8433960288,es un codigo ISBN de una edicion publicada por,Editorial Anagrama
9781782118367,es un codigo ISBN para el libro,Anna
9781782118367,es un codigo ISBN de una edicion publicada por,Canongate Books
9781782118367,está escrito en,Inglés
9781925498561,es un codigo ISBN para el libro,Anna
9781925498561,es un codigo ISBN de una edicion publicada por,Text Publishing Company
9781925498561,está escrito en,Inglés
Niccolò Ammaniti,es autor de la obra,Anna
Anna,pertenece al género,"Sicily (italy), fiction"
Anna,pertenece al género,"Fiction, general"
9788806188184,es un codigo ISBN para el libro,Crimini
9788806188184,es un codigo ISBN de una edicion publicada por,Einaudi
9788806188184,está escrito en,Italiano
8806188186,es un codigo ISBN para el libro,Crimini
8806188186,es un codigo ISBN de una edicion publicada por,Einaudi
8806188186,está escrito en,Italiano
Niccolò Ammaniti,es autor de la obra,Crimini
Crimini,pertenece al género,Letteratura poliziesca italiana
Crimini,pertenece al género,Antologie
9789048811168,es un codigo ISBN para el libro,Laat het feest beginnen!
9789048811168,es un codigo ISBN de una edicion publicada por,Lebowski
9048811163,es un codigo ISBN para el libro,Laat het feest beginnen!
9048811163,es un codigo ISBN de una edicion publicada por,Lebowski
Niccolò Ammaniti,es autor de la obra,Laat het feest beginnen!
9789655173123,es un codigo ISBN para el libro,כמצוות האל
9789655173123,es un codigo ISBN de una edicion publicada por,Kineret
9789655173123,está escrito en,heb
Niccolò Ammaniti,es autor de la obra,כמצוות האל
9781847671387,es un codigo ISBN para el libro,The Crossroads
9781847671387,es un codigo ISBN de una edicion publicada por,Canongate Books
1847670377,es un codigo ISBN para el libro,The Crossroads
1847670377,es un codigo ISBN de una edicion publicada por,Canongate
1847670377,está escrito en,Inglés
9781847670373,es un codigo ISBN para el libro,The Crossroads
9781847670373,es un codigo ISBN de una edicion publicada por,Canongate
9781847670373,está escrito en,Inglés
9781847674524,es un codigo ISBN para el libro,The Crossroads
9781847674524,es un codigo ISBN de una edicion publicada por,Canongate Books
9781847674524,está escrito en,Inglés
Niccolò Ammaniti,es autor de la obra,The Crossroads
The Crossroads,pertenece al género,Fiction
The Crossroads,pertenece al género,Literature
The Crossroads,pertenece al género,Fathers and sons
9789804030789,es un codigo ISBN para el libro,Fronteras permeables
9789804030789,está escrito en,Español
9804030780,es un codigo ISBN para el libro,Fronteras permeables
9804030780,está escrito en,Español
Niccolò Ammaniti,es autor de la obra,Fronteras permeables
Fronteras permeables,pertenece al género,Italian Short stories
Fronteras permeables,pertenece al género,Translations into Spanish
9783961610099,es un codigo ISBN para el libro,Anna
9783961610099,es un codigo ISBN de una edicion publicada por,Julia Eisele Verlags GmbH
9783961610099,está escrito en,Alemán
9789048815869,es un codigo ISBN para el libro,Ik en jij
9789048815869,es un codigo ISBN de una edicion publicada por,Lebowski
9789048815869,está escrito en,Neerlandés
904881586X,es un codigo ISBN para el libro,Ik en jij
904881586X,es un codigo ISBN de una edicion publicada por,Lebowski
904881586X,está escrito en,Neerlandés
Niccolò Ammaniti,es autor de la obra,Ik en jij
Ik en jij,pertenece al género,Identiteit
Ik en jij,pertenece al género,Drugs
Ik en jij,pertenece al género,Romans en novellen ; vertaald
9788433976932,es un codigo ISBN para el libro,Que empiece la fiesta
9788433976932,es un codigo ISBN de una edicion publicada por,Editorial Enagrama
9788433976932,está escrito en,Español
8433976931,es un codigo ISBN para el libro,Que empiece la fiesta
8433976931,es un codigo ISBN de una edicion publicada por,Editorial Enagrama
8433976931,está escrito en,Español
Niccolò Ammaniti,es autor de la obra,Que empiece la fiesta
Que empiece la fiesta,pertenece al género,Rich people
Que empiece la fiesta,pertenece al género,Fiction
Que empiece la fiesta,pertenece al género,Parties
Gildo De Stefano,es de nacionalidad,Italy
8877990287,es un codigo ISBN para el libro,Vinicio Capossela
8877990287,es un codigo ISBN de una edicion publicada por,Claudio Lombardi Editore
Gildo De Stefano,es autor de la obra,Vinicio Capossela
Vinicio Capossela,pertenece al género,Biografía
9791280624352,es un codigo ISBN para el libro,Diario di un suonatore guercio
9791280624352,es un codigo ISBN de una edicion publicada por,InFuga Edizioni
Gildo De Stefano,es autor de la obra,Diario di un suonatore guercio
8839713484,es un codigo ISBN para el libro,Il popolo del Samba. La vicenda e i protagonisti della musica popolare brasiliana
8839713484,es un codigo ISBN de una edicion publicada por,RAI Libri
Gildo De Stefano,es autor de la obra,Il popolo del Samba. La vicenda e i protagonisti della musica popolare brasiliana
9788894926422,es un codigo ISBN para el libro,"Frank Sinatra, l’italoamericano"
9788894926422,es un codigo ISBN de una edicion publicada por,Logisma
Gildo De Stefano,es autor de la obra,"Frank Sinatra, l’italoamericano"
9788897530886,es un codigo ISBN para el libro,"Saudade Bossa Nova - Musiche, contaminazioni e ritmi del Brasile"
9788897530886,es un codigo ISBN de una edicion publicada por,Logisma
9788897530886,está escrito en,Italiano
Gildo De Stefano,es autor de la obra,"Saudade Bossa Nova - Musiche, contaminazioni e ritmi del Brasile"
"Saudade Bossa Nova - Musiche, contaminazioni e ritmi del Brasile",pertenece al género,Bossa nova (Music)
"Saudade Bossa Nova - Musiche, contaminazioni e ritmi del Brasile",pertenece al género,History and criticism
"Saudade Bossa Nova - Musiche, contaminazioni e ritmi del Brasile",pertenece al género,Music
9791280624352,es un codigo ISBN para el libro,Ballata breve di un gatto da strada - Via e morte di Malcolm X
9791280624352,es un codigo ISBN de una edicion publicada por,NUA Brescia
Gildo De Stefano,es autor de la obra,Ballata breve di un gatto da strada - Via e morte di Malcolm X
9788894926811,es un codigo ISBN para el libro,Il Ragtime - Storia di quel ritmo sincopato antenato del jazz
9788894926811,es un codigo ISBN de una edicion publicada por,Logisma Firenze
Gildo De Stefano,es autor de la obra,Il Ragtime - Storia di quel ritmo sincopato antenato del jazz
9788871985329,es un codigo ISBN para el libro,"Ragtime, jazz & dintorni"
9788871985329,es un codigo ISBN de una edicion publicada por,Sugarco edizioni
9788871985329,está escrito en,Italiano
887198532X,es un codigo ISBN para el libro,"Ragtime, jazz & dintorni"
887198532X,es un codigo ISBN de una edicion publicada por,Sugarco edizioni
887198532X,está escrito en,Italiano
Gildo De Stefano,es autor de la obra,"Ragtime, jazz & dintorni"
"Ragtime, jazz & dintorni",pertenece al género,Ragtime music
"Ragtime, jazz & dintorni",pertenece al género,History and criticism
"Ragtime, jazz & dintorni",pertenece al género,Discography
8857520013,es un codigo ISBN para el libro,Una storia sociale del jazz
8857520013,es un codigo ISBN de una edicion publicada por,Mimesis
8857520013,está escrito en,Italiano
9788857520018,es un codigo ISBN para el libro,Una storia sociale del jazz
9788857520018,es un codigo ISBN de una edicion publicada por,Mimesis
9788857520018,está escrito en,Italiano
Gildo De Stefano,es autor de la obra,Una storia sociale del jazz
Una storia sociale del jazz,pertenece al género,Jazz
Una storia sociale del jazz,pertenece al género,History and criticism
Una storia sociale del jazz,pertenece al género,Social aspects
8877990333,es un codigo ISBN para el libro,Francesco Guccini dietro a frasi di canzoni
8877990333,es un codigo ISBN de una edicion publicada por,C. Lombardi
8877990333,está escrito en,Italiano
Gildo De Stefano,es autor de la obra,Francesco Guccini dietro a frasi di canzoni
Francesco Guccini dietro a frasi di canzoni,pertenece al género,Texts
Francesco Guccini dietro a frasi di canzoni,pertenece al género,Popular music
Francesco Guccini dietro a frasi di canzoni,pertenece al género,Francesco Guccini
8831755102,es un codigo ISBN para el libro,Frank Sinatra
8831755102,es un codigo ISBN de una edicion publicada por,Marsilio
8831755102,está escrito en,Italiano
Gildo De Stefano,es autor de la obra,Frank Sinatra
Frank Sinatra,pertenece al género,Biography
Frank Sinatra,pertenece al género,Singers
888114512X,es un codigo ISBN para el libro,Louis Armstrong
888114512X,es un codigo ISBN de una edicion publicada por,Edizioni scientifiche italiane
888114512X,está escrito en,Italiano
Gildo De Stefano,es autor de la obra,Louis Armstrong
Louis Armstrong,pertenece al género,Biography
Louis Armstrong,pertenece al género,Jazz musicians
8831749846,es un codigo ISBN para el libro,Storia del ragtime
8831749846,es un codigo ISBN de una edicion publicada por,Marsilio
8831749846,está escrito en,Italiano
Gildo De Stefano,es autor de la obra,Storia del ragtime
Storia del ragtime,pertenece al género,History and criticism
Storia del ragtime,pertenece al género,Ragtime music
8881148382,es un codigo ISBN para el libro,Vesuview jazz
8881148382,es un codigo ISBN de una edicion publicada por,Edizioni scientifiche italiane
8881148382,está escrito en,Italiano
Gildo De Stefano,es autor de la obra,Vesuview jazz
Vesuview jazz,pertenece al género,History and criticism
Vesuview jazz,pertenece al género,Jazz
9788860632593,es un codigo ISBN para el libro,The voice
9788860632593,es un codigo ISBN de una edicion publicada por,Coniglio
9788860632593,es un codigo ISBN de una edicion publicada por,Coniglio Editore
9788860632593,está escrito en,Italiano
Gildo De Stefano,es autor de la obra,The voice
The voice,pertenece al género,Singers
The voice,pertenece al género,Biography
Giovanni Franzoni,es de nacionalidad,Italy
8884211883,es un codigo ISBN para el libro,Il diavolo mio fratello
8884211883,es un codigo ISBN de una edicion publicada por,EdUP
8884211883,está escrito en,Italiano
9788884211880,es un codigo ISBN para el libro,Il diavolo mio fratello
9788884211880,es un codigo ISBN de una edicion publicada por,EdUP
9788884211880,está escrito en,Italiano
Giovanni Franzoni,es autor de la obra,Il diavolo mio fratello
9788849839647,es un codigo ISBN para el libro,Autobiografia di un cattolico marginale
9788849839647,es un codigo ISBN de una edicion publicada por,Rubbettino
9788849839647,está escrito en,Italiano
Giovanni Franzoni,es autor de la obra,Autobiografia di un cattolico marginale
Autobiografia di un cattolico marginale,pertenece al género,Biography
Autobiografia di un cattolico marginale,pertenece al género,Correspondence
Autobiografia di un cattolico marginale,pertenece al género,Benedictines
9788884212580,es un codigo ISBN para el libro,La chiesa dei poveri
9788884212580,es un codigo ISBN de una edicion publicada por,EdUP
9788884212580,está escrito en,Italiano
Giovanni Franzoni,es autor de la obra,La chiesa dei poveri
La chiesa dei poveri,pertenece al género,Doctrines
La chiesa dei poveri,pertenece al género,Vatican Council (2nd : 1962-1965 : Basilica di San Pietro in Vaticano)
La chiesa dei poveri,pertenece al género,Catholic Church
8884210976,es un codigo ISBN para el libro,Eutanasia
8884210976,es un codigo ISBN de una edicion publicada por,EdUP
8884210976,está escrito en,Italiano
Giovanni Franzoni,es autor de la obra,Eutanasia
Eutanasia,pertenece al género,Catholic Church
Eutanasia,pertenece al género,Euthanasia
Eutanasia,pertenece al género,Law and legislation
8884210496,es un codigo ISBN para el libro,La morte condivisa
8884210496,es un codigo ISBN de una edicion publicada por,EdUP
8884210496,está escrito en,Italiano
Giovanni Franzoni,es autor de la obra,La morte condivisa
La morte condivisa,pertenece al género,Euthanasia
La morte condivisa,pertenece al género,Death
8824103219,es un codigo ISBN para el libro,La solitudine del samaritano
8824103219,es un codigo ISBN de una edicion publicada por,Theoria
8824103219,está escrito en,Italiano
Giovanni Franzoni,es autor de la obra,La solitudine del samaritano
La solitudine del samaritano,pertenece al género,Good Samaritan (Parable)
8879811622,es un codigo ISBN para el libro,Ofelia e le altre
8879811622,es un codigo ISBN de una edicion publicada por,Datanews
8879811622,está escrito en,Italiano
Giovanni Franzoni,es autor de la obra,Ofelia e le altre
Ofelia e le altre,pertenece al género,Women
Ofelia e le altre,pertenece al género,Social conditions
Ofelia e le altre,pertenece al género,Women in literature
3825869288,es un codigo ISBN para el libro,Die Einsamkeit des Samariters
3825869288,es un codigo ISBN de una edicion publicada por,Lit
3825869288,está escrito en,Alemán
Giovanni Franzoni,es autor de la obra,Die Einsamkeit des Samariters
9788884212207,es un codigo ISBN para el libro,La donna e il cerchio spezzato
9788884212207,es un codigo ISBN de una edicion publicada por,Edup
9788884212207,está escrito en,Italiano
Giovanni Franzoni,es autor de la obra,La donna e il cerchio spezzato
La donna e il cerchio spezzato,pertenece al género,Women in the Bible
La donna e il cerchio spezzato,pertenece al género,Women in literature
Nada,es de nacionalidad,Italy
9798808280717,es un codigo ISBN para el libro,Girl Named Ivy
9798808280717,es un codigo ISBN de una edicion publicada por,Independently Published
9798808280717,está escrito en,Inglés
Nada,es autor de la obra,Girl Named Ivy
9780470926161,es un codigo ISBN para el libro,Supply chain management
9780470926161,es un codigo ISBN de una edicion publicada por,"Wiley & Sons, Incorporated, John"
9780470926161,está escrito en,Inglés
9780470913956,es un codigo ISBN para el libro,Supply chain management
9780470913956,es un codigo ISBN de una edicion publicada por,"Wiley & Sons, Incorporated, John"
9780470913956,está escrito en,Inglés
9781118361689,es un codigo ISBN para el libro,Supply chain management
9781118361689,es un codigo ISBN de una edicion publicada por,"Wiley & Sons, Incorporated, John"
9781118361689,está escrito en,Inglés
9781119200215,es un codigo ISBN para el libro,Supply chain management
9781119200215,es un codigo ISBN de una edicion publicada por,"Wiley & Sons, Incorporated, John"
9781119200215,está escrito en,Inglés
9781119392323,es un codigo ISBN para el libro,Supply chain management
9781119392323,es un codigo ISBN de una edicion publicada por,"Wiley & Sons, Incorporated, John"
9781119392323,está escrito en,Inglés
9781119464174,es un codigo ISBN para el libro,Supply chain management
9781119464174,es un codigo ISBN de una edicion publicada por,"Wiley & Sons, Incorporated, John"
9781119464174,está escrito en,Inglés
9781119702863,es un codigo ISBN para el libro,Supply chain management
9781119702863,es un codigo ISBN de una edicion publicada por,"Wiley & Sons, Limited, John"
9781119702863,está escrito en,Inglés
9781119392194,es un codigo ISBN para el libro,Supply chain management
9781119392194,es un codigo ISBN de una edicion publicada por,"Wiley & Sons, Incorporated, John"
9781119392194,está escrito en,Inglés
9780470141175,es un codigo ISBN para el libro,Supply chain management
9780470141175,es un codigo ISBN de una edicion publicada por,John Wiley & Sons
9780470141175,es un codigo ISBN de una edicion publicada por,Wiley
9780470141175,está escrito en,Inglés
Nada,es autor de la obra,Supply chain management
Supply chain management,pertenece al género,Business logistics
Supply chain management,pertenece al género,BUSINESS & ECONOMICS / Management Science
8617014407,es un codigo ISBN para el libro,Kosovska epika
8617014407,es un codigo ISBN de una edicion publicada por,Zavod za udžbenike i nastavna sredstva
8617014407,está escrito en,Serbio
Nada,es autor de la obra,Kosovska epika
Kosovska epika,pertenece al género,"Epic poetry, Serbian"
Kosovska epika,pertenece al género,"Folk songs, Serbo-Croatian"
Kosovska epika,pertenece al género,History and criticism
8609007936,es un codigo ISBN para el libro,Kazivati redom
8609007936,es un codigo ISBN de una edicion publicada por,Rad
8609007936,está escrito en,Serbio
Nada,es autor de la obra,Kazivati redom
Kazivati redom,pertenece al género,Serbian literature
Kazivati redom,pertenece al género,Criticism and interpretation
Kazivati redom,pertenece al género,History and criticism
9780470565834,es un codigo ISBN para el libro,Operations management
9780470565834,es un codigo ISBN de una edicion publicada por,"Wiley & Sons, Incorporated, John"
9780470565834,está escrito en,Inglés
9780470571385,es un codigo ISBN para el libro,Operations management
9780470571385,es un codigo ISBN de una edicion publicada por,"Wiley & Sons, Incorporated, John"
9780470571385,está escrito en,Inglés
9781118378878,es un codigo ISBN para el libro,Operations management
9781118378878,es un codigo ISBN de una edicion publicada por,"Wiley & Sons, Incorporated, John"
9781118378878,está escrito en,Inglés
9780470934500,es un codigo ISBN para el libro,Operations management
9780470934500,es un codigo ISBN de una edicion publicada por,"Wiley & Sons, Incorporated, John"
9780470934500,está escrito en,Inglés
9780471428176,es un codigo ISBN para el libro,Operations management
9780471428176,es un codigo ISBN de una edicion publicada por,"Wiley & Sons, Incorporated, John"
9780471428176,está escrito en,Inglés
9781119905523,es un codigo ISBN para el libro,Operations management
9781119905523,es un codigo ISBN de una edicion publicada por,"Wiley & Sons, Incorporated, John"
9781119905523,está escrito en,Inglés
9781118952542,es un codigo ISBN para el libro,Operations management
9781118952542,es un codigo ISBN de una edicion publicada por,"Wiley & Sons, Incorporated, John"
9781118952542,está escrito en,Inglés
9781119781363,es un codigo ISBN para el libro,Operations management
9781119781363,es un codigo ISBN de una edicion publicada por,"Wiley & Sons, Incorporated, John"
9781119781363,está escrito en,Inglés
9781119497387,es un codigo ISBN para el libro,Operations management
9781119497387,es un codigo ISBN de una edicion publicada por,"Wiley & Sons, Incorporated, John"
9781119497387,está escrito en,Inglés
9781118323632,es un codigo ISBN para el libro,Operations management
9781118323632,es un codigo ISBN de una edicion publicada por,"Wiley & Sons, Limited, John"
9781118323632,está escrito en,Inglés
9780471347248,es un codigo ISBN para el libro,Operations management
9780471347248,es un codigo ISBN de una edicion publicada por,Wiley
9780471347248,está escrito en,Inglés
0471347248,es un codigo ISBN para el libro,Operations management
0471347248,es un codigo ISBN de una edicion publicada por,Wiley
0471347248,está escrito en,Inglés
9780471347248,es un codigo ISBN de una edicion publicada por,John Wiley
0471680060,es un codigo ISBN para el libro,Operations management
0471680060,es un codigo ISBN de una edicion publicada por,John Wiley
0471680060,está escrito en,Inglés
0471347248,es un codigo ISBN de una edicion publicada por,John Wiley
Nada,es autor de la obra,Operations management
Operations management,pertenece al género,Production management
Operations management,pertenece al género,Management science
9789774761383,es un codigo ISBN para el libro,Tajallīyāt malakūtīyah
9789774761383,es un codigo ISBN de una edicion publicada por,al-Ḥaḍārah lil-Nashr
9789774761383,está escrito en,ara
Nada,es autor de la obra,Tajallīyāt malakūtīyah
9781119688556,es un codigo ISBN para el libro,Foundations of Sustainable Business
9781119688556,es un codigo ISBN de una edicion publicada por,"Wiley & Sons, Incorporated, John"
9781119688556,está escrito en,Inglés
9781119577553,es un codigo ISBN para el libro,Foundations of Sustainable Business
9781119577553,es un codigo ISBN de una edicion publicada por,Wiley
9781119577553,es un codigo ISBN de una edicion publicada por,"Wiley & Sons, Incorporated, John"
9781119577553,está escrito en,Inglés
1118441044,es un codigo ISBN para el libro,Foundations of Sustainable Business
1118441044,es un codigo ISBN de una edicion publicada por,"John Wiley & Sons, Inc."
1118441044,es un codigo ISBN de una edicion publicada por,Wiley
9781118441046,es un codigo ISBN para el libro,Foundations of Sustainable Business
9781118441046,es un codigo ISBN de una edicion publicada por,"John Wiley & Sons, Inc."
9781118441046,es un codigo ISBN de una edicion publicada por,Wiley
Nada,es autor de la obra,Foundations of Sustainable Business
Foundations of Sustainable Business,pertenece al género,Sustainable development
Foundations of Sustainable Business,pertenece al género,Production management
Foundations of Sustainable Business,pertenece al género,Management
9781306661928,es un codigo ISBN para el libro,The Non-Aligned Movement and the Cold War
9781306661928,es un codigo ISBN de una edicion publicada por,Routledge
9781306661928,está escrito en,Inglés
9781317804529,es un codigo ISBN para el libro,The Non-Aligned Movement and the Cold War
9781317804529,es un codigo ISBN de una edicion publicada por,Taylor & Francis Group
9781317804529,está escrito en,Inglés
9781315814452,es un codigo ISBN para el libro,The Non-Aligned Movement and the Cold War
9781315814452,es un codigo ISBN de una edicion publicada por,Taylor & Francis Group
9781315814452,está escrito en,Inglés
9781317804543,es un codigo ISBN para el libro,The Non-Aligned Movement and the Cold War
9781317804543,es un codigo ISBN de una edicion publicada por,Taylor & Francis Group
9781317804543,está escrito en,Inglés
9781317804536,es un codigo ISBN para el libro,The Non-Aligned Movement and the Cold War
9781317804536,es un codigo ISBN de una edicion publicada por,Taylor & Francis Group
9781317804536,está escrito en,Inglés
9780815373674,es un codigo ISBN para el libro,The Non-Aligned Movement and the Cold War
9780815373674,es un codigo ISBN de una edicion publicada por,Taylor & Francis Group
9780815373674,está escrito en,Inglés
0415742633,es un codigo ISBN para el libro,The Non-Aligned Movement and the Cold War
0415742633,es un codigo ISBN de una edicion publicada por,Routledge
9780415742634,es un codigo ISBN para el libro,The Non-Aligned Movement and the Cold War
9780415742634,es un codigo ISBN de una edicion publicada por,Routledge
Nada,es autor de la obra,The Non-Aligned Movement and the Cold War
The Non-Aligned Movement and the Cold War,pertenece al género,Nonalignment
The Non-Aligned Movement and the Cold War,pertenece al género,Cold war
The Non-Aligned Movement and the Cold War,pertenece al género,"World politics, 1945-"
9781402207815,es un codigo ISBN para el libro,Secrets of the Beauty Insiders
9781402207815,es un codigo ISBN de una edicion publicada por,"Sourcebooks, Inc."
9781402207815,es un codigo ISBN de una edicion publicada por,"Sourcebooks, Incorporated"
9781402207815,está escrito en,Inglés
1402207816,es un codigo ISBN para el libro,Secrets of the Beauty Insiders
1402207816,es un codigo ISBN de una edicion publicada por,"Sourcebooks, Inc."
1402207816,es un codigo ISBN de una edicion publicada por,"Sourcebooks, Incorporated"
1402207816,está escrito en,Inglés
Nada,es autor de la obra,Secrets of the Beauty Insiders
Secrets of the Beauty Insiders,pertenece al género,Care and hygiene
Secrets of the Beauty Insiders,pertenece al género,Personal Beauty
Secrets of the Beauty Insiders,pertenece al género,Skin
9781280317071,es un codigo ISBN para el libro,"Trances, Dances and Vociferations"
9781280317071,es un codigo ISBN de una edicion publicada por,Routledge
9781280317071,está escrito en,Inglés
9781135576288,es un codigo ISBN para el libro,"Trances, Dances and Vociferations"
9781135576288,es un codigo ISBN de una edicion publicada por,Taylor & Francis Group
9781135576288,está escrito en,Inglés
9780203906842,es un codigo ISBN para el libro,"Trances, Dances and Vociferations"
9780203906842,es un codigo ISBN de una edicion publicada por,Taylor & Francis Group
9780203906842,está escrito en,Inglés
9781135576332,es un codigo ISBN para el libro,"Trances, Dances and Vociferations"
9781135576332,es un codigo ISBN de una edicion publicada por,Taylor & Francis Group
9781135576332,está escrito en,Inglés
9781135576325,es un codigo ISBN para el libro,"Trances, Dances and Vociferations"
9781135576325,es un codigo ISBN de una edicion publicada por,Taylor & Francis Group
9781135576325,está escrito en,Inglés
9781135576301,es un codigo ISBN para el libro,"Trances, Dances and Vociferations"
9781135576301,es un codigo ISBN de una edicion publicada por,Taylor & Francis Group
9781135576301,está escrito en,Inglés
0815338422,es un codigo ISBN para el libro,"Trances, Dances and Vociferations"
0815338422,es un codigo ISBN de una edicion publicada por,Routledge
0815338422,está escrito en,Inglés
9780815338420,es un codigo ISBN para el libro,"Trances, Dances and Vociferations"
9780815338420,es un codigo ISBN de una edicion publicada por,Routledge
9780815338420,está escrito en,Inglés
0815338430,es un codigo ISBN para el libro,"Trances, Dances and Vociferations"
0815338430,es un codigo ISBN de una edicion publicada por,Routledge
0815338430,está escrito en,Inglés
9780815338437,es un codigo ISBN para el libro,"Trances, Dances and Vociferations"
9780815338437,es un codigo ISBN de una edicion publicada por,Routledge
9780815338437,está escrito en,Inglés
0815338430,es un codigo ISBN de una edicion publicada por,Garland Pub.
0815338422,es un codigo ISBN de una edicion publicada por,Garland Pub.
Nada,es autor de la obra,"Trances, Dances and Vociferations"
"Trances, Dances and Vociferations",pertenece al género,History and criticism
"Trances, Dances and Vociferations",pertenece al género,In literature
"Trances, Dances and Vociferations",pertenece al género,History
9781793517272,es un codigo ISBN para el libro,Another Way...Choosing to Change
9781793517272,es un codigo ISBN de una edicion publicada por,"Cognella, Inc."
9781793517272,está escrito en,Inglés
9781793517265,es un codigo ISBN para el libro,Another Way...Choosing to Change
9781793517265,es un codigo ISBN de una edicion publicada por,"Cognella, Inc."
9781793517265,está escrito en,Inglés
9781793512635,es un codigo ISBN para el libro,Another Way...Choosing to Change
9781793512635,es un codigo ISBN de una edicion publicada por,"Cognella, Inc."
9781793512635,está escrito en,Inglés
9781793512628,es un codigo ISBN para el libro,Another Way...Choosing to Change
9781793512628,es un codigo ISBN de una edicion publicada por,"Cognella, Inc."
9781793512628,está escrito en,Inglés
9781516581610,es un codigo ISBN para el libro,Another Way...Choosing to Change
9781516581610,es un codigo ISBN de una edicion publicada por,Cognella Academic Publishing
9781516581610,es un codigo ISBN de una edicion publicada por,"Cognella, Inc."
9781516581610,está escrito en,Inglés
9781516581580,es un codigo ISBN para el libro,Another Way...Choosing to Change
9781516581580,es un codigo ISBN de una edicion publicada por,Cognella Academic Publishing
151658158X,es un codigo ISBN para el libro,Another Way...Choosing to Change
151658158X,es un codigo ISBN de una edicion publicada por,Cognella Academic Publishing
9781793516374,es un codigo ISBN para el libro,Another Way...Choosing to Change
9781793516374,es un codigo ISBN de una edicion publicada por,"Cognella, Inc."
9781793516374,está escrito en,Inglés
9781793516312,es un codigo ISBN para el libro,Another Way...Choosing to Change
9781793516312,es un codigo ISBN de una edicion publicada por,"Cognella, Inc."
9781793516312,está escrito en,Inglés
9781484092651,es un codigo ISBN para el libro,Another Way...Choosing to Change
9781484092651,es un codigo ISBN de una edicion publicada por,CreateSpace Independent Publishing Platform
1484092651,es un codigo ISBN para el libro,Another Way...Choosing to Change
1484092651,es un codigo ISBN de una edicion publicada por,CreateSpace Independent Publishing Platform
Nada,es autor de la obra,Another Way...Choosing to Change
9536101165,es un codigo ISBN para el libro,Vizualno-likovni odgoj i obrazovanje
9536101165,es un codigo ISBN de una edicion publicada por,Educa
9536101165,está escrito en,Croata
Nada,es autor de la obra,Vizualno-likovni odgoj i obrazovanje
9780130325464,es un codigo ISBN para el libro,Online learning
9780130325464,es un codigo ISBN de una edicion publicada por,Prentice Hall
9780130325464,está escrito en,Inglés
0130325465,es un codigo ISBN para el libro,Online learning
0130325465,es un codigo ISBN de una edicion publicada por,Prentice Hall
0130325465,está escrito en,Inglés
0130325465,es un codigo ISBN de una edicion publicada por,Pearson/Merrill/Prentice Hall
Nada,es autor de la obra,Online learning
Online learning,pertenece al género,Computer-assisted instruction
Online learning,pertenece al género,Distance education
Online learning,pertenece al género,Enseignement assisté par ordinateur
9780429046407,es un codigo ISBN para el libro,Bibliography on Economic Cooperation among Developing Countries 1981-1982
9780429046407,es un codigo ISBN de una edicion publicada por,Taylor & Francis Group
9780429046407,está escrito en,Inglés
9780429745850,es un codigo ISBN para el libro,Bibliography on Economic Cooperation among Developing Countries 1981-1982
9780429745850,es un codigo ISBN de una edicion publicada por,Taylor & Francis Group
9780429745850,está escrito en,Inglés
9780429725845,es un codigo ISBN para el libro,Bibliography on Economic Cooperation among Developing Countries 1981-1982
9780429725845,es un codigo ISBN de una edicion publicada por,Taylor & Francis Group
9780429725845,está escrito en,Inglés
9780429705830,es un codigo ISBN para el libro,Bibliography on Economic Cooperation among Developing Countries 1981-1982
9780429705830,es un codigo ISBN de una edicion publicada por,Taylor & Francis Group
9780429705830,está escrito en,Inglés
9780367016548,es un codigo ISBN para el libro,Bibliography on Economic Cooperation among Developing Countries 1981-1982
9780367016548,es un codigo ISBN de una edicion publicada por,Taylor & Francis Group
9780367016548,está escrito en,Inglés
9780367166410,es un codigo ISBN para el libro,Bibliography on Economic Cooperation among Developing Countries 1981-1982
9780367166410,es un codigo ISBN de una edicion publicada por,Taylor & Francis Group
9780367166410,está escrito en,Inglés
Nada,es autor de la obra,Bibliography on Economic Cooperation among Developing Countries 1981-1982
Bibliography on Economic Cooperation among Developing Countries 1981-1982,pertenece al género,Economic history
Bibliography on Economic Cooperation among Developing Countries 1981-1982,pertenece al género,International economic integration
Bibliography on Economic Cooperation among Developing Countries 1981-1982,pertenece al género,International economic relations
9781003850373,es un codigo ISBN para el libro,Humachine
9781003850373,es un codigo ISBN de una edicion publicada por,Taylor & Francis Group
9781003850373,está escrito en,Inglés
9781003850519,es un codigo ISBN para el libro,Humachine
9781003850519,es un codigo ISBN de una edicion publicada por,Taylor & Francis Group
9781003850519,está escrito en,Inglés
9781138571358,es un codigo ISBN para el libro,Humachine
9781138571358,es un codigo ISBN de una edicion publicada por,Taylor & Francis Group
9781138571358,está escrito en,Inglés
9780429669712,es un codigo ISBN para el libro,Humachine
9780429669712,es un codigo ISBN de una edicion publicada por,Taylor & Francis Group
9780429669712,está escrito en,Inglés
9780429672699,es un codigo ISBN para el libro,Humachine
9780429672699,es un codigo ISBN de una edicion publicada por,Taylor & Francis Group
9780429672699,está escrito en,Inglés
9780429001178,es un codigo ISBN para el libro,Humachine
9780429001178,es un codigo ISBN de una edicion publicada por,Taylor & Francis Group
9780429001178,está escrito en,Inglés
9780429671203,es un codigo ISBN para el libro,Humachine
9780429671203,es un codigo ISBN de una edicion publicada por,Taylor & Francis Group
9780429671203,está escrito en,Inglés
9781138571341,es un codigo ISBN para el libro,Humachine
9781138571341,es un codigo ISBN de una edicion publicada por,Taylor & Francis Group
9781138571341,está escrito en,Inglés
Nada,es autor de la obra,Humachine
Humachine,pertenece al género,Human capital
Humachine,pertenece al género,Artificial intelligence
Humachine,pertenece al género,Economic aspects
9781351208727,es un codigo ISBN para el libro,Economic Well-Being of the Elderly
9781351208727,es un codigo ISBN de una edicion publicada por,Taylor & Francis Group
9781351208727,está escrito en,Inglés
9781351208758,es un codigo ISBN para el libro,Economic Well-Being of the Elderly
9781351208758,es un codigo ISBN de una edicion publicada por,Taylor & Francis Group
9781351208758,está escrito en,Inglés
9781351208734,es un codigo ISBN para el libro,Economic Well-Being of the Elderly
9781351208734,es un codigo ISBN de una edicion publicada por,Taylor & Francis Group
9781351208734,está escrito en,Inglés
9781351208741,es un codigo ISBN para el libro,Economic Well-Being of the Elderly
9781351208741,es un codigo ISBN de una edicion publicada por,Taylor & Francis Group
9781351208741,está escrito en,Inglés
9780815382362,es un codigo ISBN para el libro,Economic Well-Being of the Elderly
9780815382362,es un codigo ISBN de una edicion publicada por,Taylor & Francis Group
9780815382362,está escrito en,Inglés
9780815394938,es un codigo ISBN para el libro,Economic Well-Being of the Elderly
9780815394938,es un codigo ISBN de una edicion publicada por,Taylor & Francis Group
9780815394938,está escrito en,Inglés
Nada,es autor de la obra,Economic Well-Being of the Elderly
Economic Well-Being of the Elderly,pertenece al género,Old age pensions
Economic Well-Being of the Elderly,pertenece al género,Older people
Economic Well-Being of the Elderly,pertenece al género,Economic conditions
9780429444074,es un codigo ISBN para el libro,Leadership in government
9780429444074,es un codigo ISBN de una edicion publicada por,Taylor & Francis Group
9780429444074,está escrito en,Inglés
9780429813979,es un codigo ISBN para el libro,Leadership in government
9780429813979,es un codigo ISBN de una edicion publicada por,Taylor & Francis Group
9780429813979,está escrito en,Inglés
9781138334977,es un codigo ISBN para el libro,Leadership in government
9781138334977,es un codigo ISBN de una edicion publicada por,Taylor & Francis Group
9781138334977,está escrito en,Inglés
9780429813993,es un codigo ISBN para el libro,Leadership in government
9780429813993,es un codigo ISBN de una edicion publicada por,Taylor & Francis Group
9780429813993,está escrito en,Inglés
9780429813986,es un codigo ISBN para el libro,Leadership in government
9780429813986,es un codigo ISBN de una edicion publicada por,Taylor & Francis Group
9780429813986,está escrito en,Inglés
9781138335011,es un codigo ISBN para el libro,Leadership in government
9781138335011,es un codigo ISBN de una edicion publicada por,Taylor & Francis Group
9781138335011,está escrito en,Inglés
1840141387,es un codigo ISBN para el libro,Leadership in government
1840141387,es un codigo ISBN de una edicion publicada por,Ashgate Publishing
1840141387,está escrito en,Inglés
9781840141382,es un codigo ISBN para el libro,Leadership in government
9781840141382,es un codigo ISBN de una edicion publicada por,Ashgate Publishing
9781840141382,está escrito en,Inglés
1840141387,es un codigo ISBN de una edicion publicada por,Ashgate
Nada,es autor de la obra,Leadership in government
Leadership in government,pertenece al género,Civil service
Leadership in government,pertenece al género,Political leadership
Leadership in government,pertenece al género,Civil service & public sector
9791259677587,es un codigo ISBN para el libro,Il loro grido è la mia voce. Poesie da Gaza
9791259677587,es un codigo ISBN de una edicion publicada por,Fazi editore
9791259677587,está escrito en,Italiano
9791259677587,está escrito en,ara
Nada,es autor de la obra,Il loro grido è la mia voce. Poesie da Gaza
Il loro grido è la mia voce. Poesie da Gaza,pertenece al género,Guerre
Il loro grido è la mia voce. Poesie da Gaza,pertenece al género,Paix
9780007221943,es un codigo ISBN para el libro,"Somewhere, home"
9780007221943,es un codigo ISBN de una edicion publicada por,Harper
9780007221943,es un codigo ISBN de una edicion publicada por,HarperCollins
9780007221943,está escrito en,Inglés
0007221940,es un codigo ISBN para el libro,"Somewhere, home"
0007221940,es un codigo ISBN de una edicion publicada por,Harper
0007221940,es un codigo ISBN de una edicion publicada por,HarperCollins
0007221940,está escrito en,Inglés
9780007415793,es un codigo ISBN para el libro,"Somewhere, home"
9780007415793,es un codigo ISBN de una edicion publicada por,Harper
9780007415793,es un codigo ISBN de una edicion publicada por,HarperCollins
9780007415793,está escrito en,Inglés
0007415796,es un codigo ISBN para el libro,"Somewhere, home"
0007415796,es un codigo ISBN de una edicion publicada por,Harper
0007415796,es un codigo ISBN de una edicion publicada por,HarperCollins
0007415796,está escrito en,Inglés
9780099443179,es un codigo ISBN para el libro,"Somewhere, home"
9780099443179,es un codigo ISBN de una edicion publicada por,Vintage
9780099443179,está escrito en,Inglés
0099443171,es un codigo ISBN para el libro,"Somewhere, home"
0099443171,es un codigo ISBN de una edicion publicada por,Vintage
0099443171,está escrito en,Inglés
1843952513,es un codigo ISBN para el libro,"Somewhere, home"
1843952513,es un codigo ISBN de una edicion publicada por,Ulverscroft
1843952513,está escrito en,Inglés
Nada,es autor de la obra,"Somewhere, home"
"Somewhere, home",pertenece al género,"Lebanon, fiction"
"Somewhere, home",pertenece al género,"Fiction, general"
9788684885106,es un codigo ISBN para el libro,Od bajke do izreke
9788684885106,es un codigo ISBN de una edicion publicada por,Čigoja štampa
9788684885106,está escrito en,Serbio
8684885104,es un codigo ISBN para el libro,Od bajke do izreke
8684885104,es un codigo ISBN de una edicion publicada por,Čigoja štampa
8684885104,está escrito en,Serbio
Nada,es autor de la obra,Od bajke do izreke
Od bajke do izreke,pertenece al género,Tales
Od bajke do izreke,pertenece al género,History and criticism
Od bajke do izreke,pertenece al género,Folklore
9780511245404,es un codigo ISBN para el libro,Coexistence in Wireless Networks
9780511245404,es un codigo ISBN de una edicion publicada por,Cambridge University Press
9780511245404,está escrito en,Inglés
9780511536755,es un codigo ISBN para el libro,Coexistence in Wireless Networks
9780511536755,es un codigo ISBN de una edicion publicada por,Cambridge University Press
9780511536755,está escrito en,Inglés
0511243154,es un codigo ISBN para el libro,Coexistence in Wireless Networks
0511243154,es un codigo ISBN de una edicion publicada por,Cambridge University Press
0511243154,está escrito en,Inglés
0521857686,es un codigo ISBN para el libro,Coexistence in Wireless Networks
0521857686,es un codigo ISBN de una edicion publicada por,Cambridge University Press
0521857686,está escrito en,Inglés
9780521857680,es un codigo ISBN para el libro,Coexistence in Wireless Networks
9780521857680,es un codigo ISBN de una edicion publicada por,Cambridge University Press
9780521857680,está escrito en,Inglés
Nada,es autor de la obra,Coexistence in Wireless Networks
Coexistence in Wireless Networks,pertenece al género,Engineering
Coexistence in Wireless Networks,pertenece al género,Nonfiction
Coexistence in Wireless Networks,pertenece al género,Wireless communication systems
9780600616108,es un codigo ISBN para el libro,Fresh Moroccan
9780600616108,es un codigo ISBN de una edicion publicada por,"Hamlyn, London"
060061610X,es un codigo ISBN para el libro,Fresh Moroccan
060061610X,es un codigo ISBN de una edicion publicada por,"Hamlyn, London"
9780600616153,es un codigo ISBN para el libro,Fresh Moroccan
9780600616153,es un codigo ISBN de una edicion publicada por,Hamlyn
0600616150,es un codigo ISBN para el libro,Fresh Moroccan
0600616150,es un codigo ISBN de una edicion publicada por,Hamlyn
1435100808,es un codigo ISBN para el libro,Fresh Moroccan
1435100808,es un codigo ISBN de una edicion publicada por,Metro Books
1435100808,está escrito en,Inglés
9781435100800,es un codigo ISBN para el libro,Fresh Moroccan
9781435100800,es un codigo ISBN de una edicion publicada por,Metro Books
9781435100800,está escrito en,Inglés
0600616878,es un codigo ISBN para el libro,Fresh Moroccan
0600616878,es un codigo ISBN de una edicion publicada por,Hamlyn
0600616878,está escrito en,Inglés
9780600616870,es un codigo ISBN para el libro,Fresh Moroccan
9780600616870,es un codigo ISBN de una edicion publicada por,Hamlyn
9780600616870,está escrito en,Inglés
Nada,es autor de la obra,Fresh Moroccan
Fresh Moroccan,pertenece al género,Moroccan Cooking
9781135988234,es un codigo ISBN para el libro,Globalization and the Gulf
9781135988234,es un codigo ISBN de una edicion publicada por,Taylor & Francis Group
9781135988234,está escrito en,Inglés
9780203965306,es un codigo ISBN para el libro,Globalization and the Gulf
9780203965306,es un codigo ISBN de una edicion publicada por,Taylor & Francis Group
9780203965306,está escrito en,Inglés
9781135988289,es un codigo ISBN para el libro,Globalization and the Gulf
9781135988289,es un codigo ISBN de una edicion publicada por,Taylor & Francis Group
9781135988289,está escrito en,Inglés
9781135988272,es un codigo ISBN para el libro,Globalization and the Gulf
9781135988272,es un codigo ISBN de una edicion publicada por,Taylor & Francis Group
9781135988272,está escrito en,Inglés
9781135988258,es un codigo ISBN para el libro,Globalization and the Gulf
9781135988258,es un codigo ISBN de una edicion publicada por,Taylor & Francis Group
9781135988258,está escrito en,Inglés
9781280548833,es un codigo ISBN para el libro,Globalization and the Gulf
9781280548833,es un codigo ISBN de una edicion publicada por,Taylor & Francis Group
9781280548833,está escrito en,Inglés
0415770149,es un codigo ISBN para el libro,Globalization and the Gulf
0415770149,es un codigo ISBN de una edicion publicada por,Routledge
0415770149,está escrito en,Inglés
9780415770149,es un codigo ISBN para el libro,Globalization and the Gulf
9780415770149,es un codigo ISBN de una edicion publicada por,Routledge
9780415770149,está escrito en,Inglés
Nada,es autor de la obra,Globalization and the Gulf
Globalization and the Gulf,pertenece al género,Globalization
Globalization and the Gulf,pertenece al género,Civilization
Globalization and the Gulf,pertenece al género,Western influences
9789921758030,es un codigo ISBN para el libro,الأكسجين ليس للموتى
9789921758030,es un codigo ISBN de una edicion publicada por,دار ديوان
9789921758030,está escrito en,ara
Nada,es autor de la obra,الأكسجين ليس للموتى
9781351371605,es un codigo ISBN para el libro,We Can Do I.T. Too
9781351371605,es un codigo ISBN de una edicion publicada por,Taylor & Francis Group
9781351371605,está escrito en,Inglés
9781351371612,es un codigo ISBN para el libro,We Can Do I.T. Too
9781351371612,es un codigo ISBN de una edicion publicada por,Taylor & Francis Group
9781351371612,está escrito en,Inglés
9781315149066,es un codigo ISBN para el libro,We Can Do I.T. Too
9781315149066,es un codigo ISBN de una edicion publicada por,Taylor & Francis Group
9781315149066,está escrito en,Inglés
9781351371629,es un codigo ISBN para el libro,We Can Do I.T. Too
9781351371629,es un codigo ISBN de una edicion publicada por,Taylor & Francis Group
9781351371629,está escrito en,Inglés
9781138434158,es un codigo ISBN para el libro,We Can Do I.T. Too
9781138434158,es un codigo ISBN de una edicion publicada por,Taylor & Francis Group
9781138434158,está escrito en,Inglés
0863888321,es un codigo ISBN para el libro,We Can Do I.T. Too
0863888321,es un codigo ISBN de una edicion publicada por,Routledge
0863888321,es un codigo ISBN de una edicion publicada por,Speechmark
9780863888328,es un codigo ISBN para el libro,We Can Do I.T. Too
9780863888328,es un codigo ISBN de una edicion publicada por,Routledge
9780863888328,es un codigo ISBN de una edicion publicada por,Speechmark
Nada,es autor de la obra,We Can Do I.T. Too
We Can Do I.T. Too,pertenece al género,Dementia
We Can Do I.T. Too,pertenece al género,Adult day care centers
We Can Do I.T. Too,pertenece al género,Long-term care facilities
9780367404123,es un codigo ISBN para el libro,Professional Practice of Jungian Coaching
9780367404123,es un codigo ISBN de una edicion publicada por,Taylor & Francis Group
9780367404123,está escrito en,Inglés
9780367404116,es un codigo ISBN para el libro,Professional Practice of Jungian Coaching
9780367404116,es un codigo ISBN de una edicion publicada por,Taylor & Francis Group
9780367404116,está escrito en,Inglés
9781000164954,es un codigo ISBN para el libro,Professional Practice of Jungian Coaching
9781000164954,es un codigo ISBN de una edicion publicada por,Taylor & Francis Group
9781000164954,está escrito en,Inglés
9781000164930,es un codigo ISBN para el libro,Professional Practice of Jungian Coaching
9781000164930,es un codigo ISBN de una edicion publicada por,Taylor & Francis Group
9781000164930,está escrito en,Inglés
9780429355981,es un codigo ISBN para el libro,Professional Practice of Jungian Coaching
9780429355981,es un codigo ISBN de una edicion publicada por,Taylor & Francis Group
9780429355981,está escrito en,Inglés
9781000164947,es un codigo ISBN para el libro,Professional Practice of Jungian Coaching
9781000164947,es un codigo ISBN de una edicion publicada por,Taylor & Francis Group
9781000164947,está escrito en,Inglés
Nada,es autor de la obra,Professional Practice of Jungian Coaching
Professional Practice of Jungian Coaching,pertenece al género,Mental health
Professional Practice of Jungian Coaching,pertenece al género,Jungian psychology
Professional Practice of Jungian Coaching,pertenece al género,"Psychology, industrial"
9780429635731,es un codigo ISBN para el libro,Entrepreneurship and Global Cities
9780429635731,es un codigo ISBN de una edicion publicada por,Taylor & Francis Group
9780429635731,está escrito en,Inglés
9780429029912,es un codigo ISBN para el libro,Entrepreneurship and Global Cities
9780429029912,es un codigo ISBN de una edicion publicada por,Taylor & Francis Group
9780429029912,está escrito en,Inglés
9780429638909,es un codigo ISBN para el libro,Entrepreneurship and Global Cities
9780429638909,es un codigo ISBN de una edicion publicada por,Taylor & Francis Group
9780429638909,está escrito en,Inglés
9780429642074,es un codigo ISBN para el libro,Entrepreneurship and Global Cities
9780429642074,es un codigo ISBN de una edicion publicada por,Taylor & Francis Group
9780429642074,está escrito en,Inglés
9780367786182,es un codigo ISBN para el libro,Entrepreneurship and Global Cities
9780367786182,es un codigo ISBN de una edicion publicada por,Taylor & Francis Group
9780367786182,está escrito en,Inglés
9780367140564,es un codigo ISBN para el libro,Entrepreneurship and Global Cities
9780367140564,es un codigo ISBN de una edicion publicada por,Taylor & Francis Group
9780367140564,está escrito en,Inglés
Nada,es autor de la obra,Entrepreneurship and Global Cities
Entrepreneurship and Global Cities,pertenece al género,"Cities and towns, growth"
Entrepreneurship and Global Cities,pertenece al género,Entrepreneurship
Entrepreneurship and Global Cities,pertenece al género,Diversity in the workplace
Darío Fo,es de nacionalidad,Italy
9582700238,es un codigo ISBN para el libro,Tengamos el sexo en paz
9582700238,es un codigo ISBN de una edicion publicada por,Arango Editores - Hiru
9582700238,está escrito en,Español
Darío Fo,es autor de la obra,Tengamos el sexo en paz
Tengamos el sexo en paz,pertenece al género,Sex
Tengamos el sexo en paz,pertenece al género,Drama
Tengamos el sexo en paz,pertenece al género,Italian Monologues
9788806171209,es un codigo ISBN para el libro,Morte accidentale di un anarchico
9788806171209,es un codigo ISBN de una edicion publicada por,Einaudi
9788806171209,está escrito en,Italiano
Darío Fo,es autor de la obra,Morte accidentale di un anarchico
Morte accidentale di un anarchico,pertenece al género,Italian Political plays
Morte accidentale di un anarchico,pertenece al género,Anarchists
Morte accidentale di un anarchico,pertenece al género,Drama
9780884362968,es un codigo ISBN para el libro,Imbianchini Non Hanno Ricordi
9780884362968,es un codigo ISBN de una edicion publicada por,Emc Pub
9780884362968,está escrito en,Inglés
0884362965,es un codigo ISBN para el libro,Imbianchini Non Hanno Ricordi
0884362965,es un codigo ISBN de una edicion publicada por,Emc Pub
0884362965,está escrito en,Inglés
Darío Fo,es autor de la obra,Imbianchini Non Hanno Ricordi
9783922009115,es un codigo ISBN para el libro,Dario Fo über Dario Fo
9783922009115,es un codigo ISBN de una edicion publicada por,Prometh-Verlag
9783922009115,está escrito en,Alemán
3922009115,es un codigo ISBN para el libro,Dario Fo über Dario Fo
3922009115,es un codigo ISBN de una edicion publicada por,Prometh-Verlag
3922009115,está escrito en,Alemán
Darío Fo,es autor de la obra,Dario Fo über Dario Fo
Dario Fo über Dario Fo,pertenece al género,Politisches Theater
Dario Fo über Dario Fo,pertenece al género,Theater
Dario Fo über Dario Fo,pertenece al género,"Länder, Gebiete, Völker // Italien"
9781623160821,es un codigo ISBN para el libro,Holy Jester!
9781623160821,está escrito en,Inglés
1623160820,es un codigo ISBN para el libro,Holy Jester!
1623160820,está escrito en,Inglés
Darío Fo,es autor de la obra,Holy Jester!
Holy Jester!,pertenece al género,Fiction
9788857229959,es un codigo ISBN para el libro,Dario Fo dipinge Maria Callas
9788857229959,es un codigo ISBN de una edicion publicada por,Skira
9788857229959,está escrito en,Italiano
8857229955,es un codigo ISBN para el libro,Dario Fo dipinge Maria Callas
8857229955,es un codigo ISBN de una edicion publicada por,Skira
8857229955,está escrito en,Italiano
Darío Fo,es autor de la obra,Dario Fo dipinge Maria Callas
Dario Fo dipinge Maria Callas,pertenece al género,Portraits
Dario Fo dipinge Maria Callas,pertenece al género,Exhibitions
9788806193317,es un codigo ISBN para el libro,Sotto paga! non si paga!
9788806193317,es un codigo ISBN de una edicion publicada por,G. Einaudi
9788806193317,está escrito en,Italiano
8806193317,es un codigo ISBN para el libro,Sotto paga! non si paga!
8806193317,es un codigo ISBN de una edicion publicada por,G. Einaudi
8806193317,está escrito en,Italiano
Darío Fo,es autor de la obra,Sotto paga! non si paga!
Sotto paga! non si paga!,pertenece al género,Italian drama
8806156152,es un codigo ISBN para el libro,Teatro
8806156152,es un codigo ISBN de una edicion publicada por,G. Einaudi
8806156152,está escrito en,Italiano
Darío Fo,es autor de la obra,Teatro
9786067794601,es un codigo ISBN para el libro,"Ca din intamplare, femeie"
9786067794601,es un codigo ISBN de una edicion publicada por,HUMANITAS
6067794608,es un codigo ISBN para el libro,"Ca din intamplare, femeie"
6067794608,es un codigo ISBN de una edicion publicada por,HUMANITAS
Darío Fo,es autor de la obra,"Ca din intamplare, femeie"
6054630555,es un codigo ISBN para el libro,Amerika'nin Yasak Hikayesi
6054630555,es un codigo ISBN de una edicion publicada por,Habitus Kitap
9786054630554,es un codigo ISBN para el libro,Amerika'nin Yasak Hikayesi
9786054630554,es un codigo ISBN de una edicion publicada por,Habitus Kitap
Darío Fo,es autor de la obra,Amerika'nin Yasak Hikayesi
9788861904293,es un codigo ISBN para el libro,Il Grillo canta sempre al tramonto
9788861904293,es un codigo ISBN de una edicion publicada por,Chiarelettere
9788861904293,está escrito en,Italiano
Darío Fo,es autor de la obra,Il Grillo canta sempre al tramonto
Il Grillo canta sempre al tramonto,pertenece al género,Politics and government
Il Grillo canta sempre al tramonto,pertenece al género,Movimento 5 stelle
9781466864436,es un codigo ISBN para el libro,My First Seven Years
9781466864436,es un codigo ISBN de una edicion publicada por,St. Martin's Press
9781466864436,está escrito en,Inglés
9780413773388,es un codigo ISBN para el libro,My First Seven Years
9780413773388,es un codigo ISBN de una edicion publicada por,Bloomsbury Publishing Plc
9780413773388,está escrito en,Inglés
Darío Fo,es autor de la obra,My First Seven Years
My First Seven Years,pertenece al género,"Fo, dario, 1926-2016"
9788860886286,es un codigo ISBN para el libro,Il paese dei misteri buffi
9788860886286,es un codigo ISBN de una edicion publicada por,Ugo Guanda editore
9788860886286,está escrito en,Italiano
Darío Fo,es autor de la obra,Il paese dei misteri buffi
8823505410,es un codigo ISBN para el libro,Un clown vi seppellirà
8823505410,es un codigo ISBN de una edicion publicada por,Ugo Guanda Editore
8823505410,está escrito en,Italiano
9788823505414,es un codigo ISBN para el libro,Un clown vi seppellirà
9788823505414,es un codigo ISBN de una edicion publicada por,Ugo Guanda Editore
9788823505414,está escrito en,Italiano
Darío Fo,es autor de la obra,Un clown vi seppellirà
Un clown vi seppellirà,pertenece al género,Politics and government
Un clown vi seppellirà,pertenece al género,Interviews
Un clown vi seppellirà,pertenece al género,Italian Authors
0573627746,es un codigo ISBN para el libro,We won't pay! We won't pay!
0573627746,es un codigo ISBN de una edicion publicada por,Samuel French
0573627746,está escrito en,Inglés
Darío Fo,es autor de la obra,We won't pay! We won't pay!
We won't pay! We won't pay!,pertenece al género,Drama (dramatic works by one author)
We won't pay! We won't pay!,pertenece al género,Translations into English
9788418245558,es un codigo ISBN para el libro,Historia prohibida de América
9788418245558,es un codigo ISBN de una edicion publicada por,Siruela
Darío Fo,es autor de la obra,Historia prohibida de América
8490263019,es un codigo ISBN para el libro,"Lucrècia Borja, la filla del Papa"
8490263019,es un codigo ISBN de una edicion publicada por,"Edicions Bromera, S.L."
9788490263013,es un codigo ISBN para el libro,"Lucrècia Borja, la filla del Papa"
9788490263013,es un codigo ISBN de una edicion publicada por,"Edicions Bromera, S.L."
Darío Fo,es autor de la obra,"Lucrècia Borja, la filla del Papa"
8416964300,es un codigo ISBN para el libro,El campeón prohibido
8416964300,es un codigo ISBN de una edicion publicada por,Siruela
9788416964307,es un codigo ISBN para el libro,El campeón prohibido
9788416964307,es un codigo ISBN de una edicion publicada por,Siruela
Darío Fo,es autor de la obra,El campeón prohibido
3880222029,es un codigo ISBN para el libro,"Nur Kinder, Kuche, Kirche; Mamma hat den besten Shit - Zwei Stucke und ein Bericht uber Franca Rama"
3880222029,es un codigo ISBN de una edicion publicada por,Rotbuch
9783880222021,es un codigo ISBN para el libro,"Nur Kinder, Kuche, Kirche; Mamma hat den besten Shit - Zwei Stucke und ein Bericht uber Franca Rama"
9783880222021,es un codigo ISBN de una edicion publicada por,Rotbuch
Darío Fo,es autor de la obra,"Nur Kinder, Kuche, Kirche; Mamma hat den besten Shit - Zwei Stucke und ein Bericht uber Franca Rama"
9787532770892,es un codigo ISBN para el libro,Accidental Death of an Anarchist
9787532770892,es un codigo ISBN de una edicion publicada por,Shanghai Translation Publishing House
7532770893,es un codigo ISBN para el libro,Accidental Death of an Anarchist
7532770893,es un codigo ISBN de una edicion publicada por,Shanghai Translation Publishing House
Darío Fo,es autor de la obra,Accidental Death of an Anarchist
9782851819796,es un codigo ISBN para el libro,"François, le Saint Jongleur"
9782851819796,es un codigo ISBN de una edicion publicada por,L ARCHE
2851819798,es un codigo ISBN para el libro,"François, le Saint Jongleur"
2851819798,es un codigo ISBN de una edicion publicada por,L ARCHE
Darío Fo,es autor de la obra,"François, le Saint Jongleur"
9788823513211,es un codigo ISBN para el libro,Dario e Dio
9788823513211,es un codigo ISBN de una edicion publicada por,Ugo Guanda editore
9788823513211,está escrito en,Italiano
8823513219,es un codigo ISBN para el libro,Dario e Dio
8823513219,es un codigo ISBN de una edicion publicada por,Ugo Guanda editore
8823513219,está escrito en,Italiano
Darío Fo,es autor de la obra,Dario e Dio
Dario e Dio,pertenece al género,Religion
Dario e Dio,pertenece al género,Christianity and atheism
Dario e Dio,pertenece al género,Italian Dramatists
9788861905719,es un codigo ISBN para el libro,La figlia del Papa
9788861905719,es un codigo ISBN de una edicion publicada por,Chiarelettere
9788861905719,está escrito en,Italiano
Darío Fo,es autor de la obra,La figlia del Papa
La figlia del Papa,pertenece al género,Fiction
8823516668,es un codigo ISBN para el libro,Quasi per caso una donna
8823516668,está escrito en,Italiano
9788823516663,es un codigo ISBN para el libro,Quasi per caso una donna
9788823516663,está escrito en,Italiano
Darío Fo,es autor de la obra,Quasi per caso una donna
Quasi per caso una donna,pertenece al género,Fiction
9783925782787,es un codigo ISBN para el libro,Dario Fo
9783925782787,es un codigo ISBN de una edicion publicada por,DIE GALERIE
9783925782787,está escrito en,mul
Darío Fo,es autor de la obra,Dario Fo
Dario Fo,pertenece al género,Exhibitions
9771129085155,es un codigo ISBN para el libro,Mistero buffo
9771129085155,es un codigo ISBN de una edicion publicada por,Corriere della sera
9771129085155,está escrito en,Italiano
Darío Fo,es autor de la obra,Mistero buffo
9781609452841,es un codigo ISBN para el libro,Pope's Daughter
9781609452841,es un codigo ISBN de una edicion publicada por,"Europa Editions, Incorporated"
9781609452841,está escrito en,Inglés
Darío Fo,es autor de la obra,Pope's Daughter
Pope's Daughter,pertenece al género,"Fiction, historical, general"
Pope's Daughter,pertenece al género,"Italy, fiction"
9781609452742,es un codigo ISBN para el libro,The Pope's daughter
9781609452742,está escrito en,Inglés
1609452747,es un codigo ISBN para el libro,The Pope's daughter
1609452747,está escrito en,Inglés
Darío Fo,es autor de la obra,The Pope's daughter
The Pope's daughter,pertenece al género,Fiction
The Pope's daughter,pertenece al género,Nobility
The Pope's daughter,pertenece al género,History
9788888716831,es un codigo ISBN para el libro,Ho visto un re
9788888716831,es un codigo ISBN de una edicion publicada por,Gallucci
9788888716831,está escrito en,Italiano
8888716831,es un codigo ISBN para el libro,Ho visto un re
8888716831,es un codigo ISBN de una edicion publicada por,Gallucci
8888716831,está escrito en,Italiano
Darío Fo,es autor de la obra,Ho visto un re
Ho visto un re,pertenece al género,Kings and rulers
Ho visto un re,pertenece al género,"Children's stories, Italian"
Ho visto un re,pertenece al género,"Children's songs, Italian"
Frank Capra,es de nacionalidad,Italy
0871760592,es un codigo ISBN para el libro,It's a wonderful life
0871760592,es un codigo ISBN de una edicion publicada por,Kartes Video Communications
0871760592,está escrito en,Inglés
Frank Capra,es autor de la obra,It's a wonderful life
It's a wonderful life,pertenece al género,Christmas films
It's a wonderful life,pertenece al género,Video recordings for people with visual disabilities
2859564330,es un codigo ISBN para el libro,Hollywood story
2859564330,es un codigo ISBN de una edicion publicada por,Stock
2859564330,está escrito en,Francés
Frank Capra,es autor de la obra,Hollywood story
Hollywood story,pertenece al género,Biographies
Hollywood story,pertenece al género,Producteurs et réalisateurs de cinéma
1578066174,es un codigo ISBN para el libro,Frank Capra
1578066174,es un codigo ISBN de una edicion publicada por,University Press of Mississippi
1578066174,está escrito en,Inglés
1578066166,es un codigo ISBN para el libro,Frank Capra
1578066166,es un codigo ISBN de una edicion publicada por,University Press of Mississippi
1578066166,está escrito en,Inglés
9788493006570,es un codigo ISBN para el libro,Frank Capra
9788493006570,está escrito en,Español
8493006572,es un codigo ISBN para el libro,Frank Capra
8493006572,está escrito en,Español
9781578066162,es un codigo ISBN para el libro,Frank Capra
9781578066162,es un codigo ISBN de una edicion publicada por,University Press of Mississippi
9781578066162,está escrito en,Inglés
9781578066179,es un codigo ISBN para el libro,Frank Capra
9781578066179,es un codigo ISBN de una edicion publicada por,University Press of Mississippi
9781578066179,está escrito en,Inglés
Frank Capra,es autor de la obra,Frank Capra
Frank Capra,pertenece al género,Interviews
Frank Capra,pertenece al género,Motion picture producers and directors
Frank Capra,pertenece al género,"Capra, frank, 1897-1991"
9780491003490,es un codigo ISBN para el libro,Name above the title
9780491003490,es un codigo ISBN de una edicion publicada por,Ebury Publishing
9780491003490,es un codigo ISBN de una edicion publicada por,W.H. Allen
9780491003490,está escrito en,Inglés
0491003498,es un codigo ISBN para el libro,Name above the title
0491003498,es un codigo ISBN de una edicion publicada por,Ebury Publishing
0491003498,es un codigo ISBN de una edicion publicada por,W.H. Allen
0491003498,está escrito en,Inglés
0394712056,es un codigo ISBN para el libro,Name above the title
0394712056,es un codigo ISBN de una edicion publicada por,Vintage Books
0394712056,está escrito en,Inglés
9780877543220,es un codigo ISBN para el libro,Name above the title
9780877543220,es un codigo ISBN de una edicion publicada por,Chelsea House Publications
9780877543220,está escrito en,Inglés
0877543224,es un codigo ISBN para el libro,Name above the title
0877543224,es un codigo ISBN de una edicion publicada por,Chelsea House Publications
0877543224,está escrito en,Inglés
0306807718,es un codigo ISBN para el libro,Name above the title
0306807718,es un codigo ISBN de una edicion publicada por,Da Capo Press
0306807718,está escrito en,Inglés
Frank Capra,es autor de la obra,Name above the title
Name above the title,pertenece al género,Biography
Name above the title,pertenece al género,Motion picture producers and directors
Name above the title,pertenece al género,Cinema (Estados Unidos)
241895839,es un codigo ISBN para el libro,The Men who made the movies
241895839,es un codigo ISBN de una edicion publicada por,Elm Tree Books
241895839,está escrito en,Inglés
9780241895832,es un codigo ISBN para el libro,The Men who made the movies
9780241895832,es un codigo ISBN de una edicion publicada por,"Penguin Books, Limited"
9780241895832,está escrito en,Inglés
1566633745,es un codigo ISBN para el libro,The Men who made the movies
1566633745,es un codigo ISBN de una edicion publicada por,I.R. Dee
1566633745,está escrito en,Inglés
0689106319,es un codigo ISBN para el libro,The Men who made the movies
0689106319,es un codigo ISBN de una edicion publicada por,Atheneum
0689106319,está escrito en,Inglés
Frank Capra,es autor de la obra,The Men who made the movies
The Men who made the movies,pertenece al género,Interviews
The Men who made the movies,pertenece al género,Motion picture producers and directors
The Men who made the movies,pertenece al género,"Motion pictures, united states"
Spagna,es de nacionalidad,Italy
9781612124568,es un codigo ISBN para el libro,100 skills you'll need for the end of the world as we know it
9781612124568,es un codigo ISBN de una edicion publicada por,Storey Publishing
9781612124568,está escrito en,Inglés
9781612124575,es un codigo ISBN para el libro,100 skills you'll need for the end of the world as we know it
9781612124575,es un codigo ISBN de una edicion publicada por,Storey Publishing
9781612124575,está escrito en,Inglés
1612124569,es un codigo ISBN para el libro,100 skills you'll need for the end of the world as we know it
1612124569,es un codigo ISBN de una edicion publicada por,Storey Publishing
1612124569,está escrito en,Inglés
Spagna,es autor de la obra,100 skills you'll need for the end of the world as we know it
100 skills you'll need for the end of the world as we know it,pertenece al género,Self-reliant living
100 skills you'll need for the end of the world as we know it,pertenece al género,Sustainable living
100 skills you'll need for the end of the world as we know it,pertenece al género,Survivalism
8813158475,es un codigo ISBN para el libro,Diritto costituzionale
8813158475,es un codigo ISBN de una edicion publicada por,CEDAM
8813158475,está escrito en,Italiano
881316873X,es un codigo ISBN para el libro,Diritto costituzionale
881316873X,es un codigo ISBN de una edicion publicada por,CEDAM
881316873X,está escrito en,Italiano
Spagna,es autor de la obra,Diritto costituzionale
Diritto costituzionale,pertenece al género,Constitutional law
9788876155406,es un codigo ISBN para el libro,Un suicidio imperfetto
9788876155406,es un codigo ISBN de una edicion publicada por,Castelvecchi
9788876155406,está escrito en,Italiano
Spagna,es autor de la obra,Un suicidio imperfetto
Un suicidio imperfetto,pertenece al género,Montedison Group
Un suicidio imperfetto,pertenece al género,Businessmen
Un suicidio imperfetto,pertenece al género,Biography
9781675024836,es un codigo ISBN para el libro,Diario Di Viaggio Spagna
9781675024836,es un codigo ISBN de una edicion publicada por,Independently Published
9781675024836,está escrito en,Italiano
9781670986184,es un codigo ISBN para el libro,Diario Di Viaggio Spagna
9781670986184,es un codigo ISBN de una edicion publicada por,Independently Published
9781670986184,está escrito en,Italiano
Spagna,es autor de la obra,Diario Di Viaggio Spagna
0870715917,es un codigo ISBN para el libro,Potluck
0870715917,es un codigo ISBN de una edicion publicada por,Oregon State University Press
0870715917,está escrito en,Inglés
9780870715914,es un codigo ISBN para el libro,Potluck
9780870715914,es un codigo ISBN de una edicion publicada por,Oregon State University Press
9780870715914,está escrito en,Inglés
Spagna,es autor de la obra,Potluck
Potluck,pertenece al género,"United states, national park service"
Potluck,pertenece al género,"United states, officials and employees"
Potluck,pertenece al género,Mountain life
9781948814706,es un codigo ISBN para el libro,Pushed
9781948814706,es un codigo ISBN de una edicion publicada por,"Torrey House Press, LLC"
9781948814706,está escrito en,Inglés
9781948814690,es un codigo ISBN para el libro,Pushed
9781948814690,es un codigo ISBN de una edicion publicada por,"Torrey House Press, LLC"
9781948814690,está escrito en,Inglés
Spagna,es autor de la obra,Pushed
Pushed,pertenece al género,"United states, history"
9780295743226,es un codigo ISBN para el libro,Uplake
9780295743226,es un codigo ISBN de una edicion publicada por,University of Washington Press
0295743220,es un codigo ISBN para el libro,Uplake
0295743220,es un codigo ISBN de una edicion publicada por,University of Washington Press
Spagna,es autor de la obra,Uplake
Uplake,pertenece al género,Women authors
Uplake,pertenece al género,"Authors, american"
Uplake,pertenece al género,"Authors, biography"
9781937226657,es un codigo ISBN para el libro,The luckiest scar on Earth
9781937226657,es un codigo ISBN de una edicion publicada por,"Torrey House Press, LLC"
9781937226657,está escrito en,Inglés
9781937226664,es un codigo ISBN para el libro,The luckiest scar on Earth
9781937226664,es un codigo ISBN de una edicion publicada por,Torrey House Press
9781937226664,está escrito en,Inglés
1937226662,es un codigo ISBN para el libro,The luckiest scar on Earth
1937226662,es un codigo ISBN de una edicion publicada por,Torrey House Press
1937226662,está escrito en,Inglés
Spagna,es autor de la obra,The luckiest scar on Earth
The luckiest scar on Earth,pertenece al género,Fathers and daughters
The luckiest scar on Earth,pertenece al género,Environmentalism
The luckiest scar on Earth,pertenece al género,Snowboarders
9780295742748,es un codigo ISBN para el libro,Reclaimers
9780295742748,es un codigo ISBN de una edicion publicada por,University of Washington Press
9780295742748,está escrito en,Inglés
9780295995137,es un codigo ISBN para el libro,Reclaimers
9780295995137,es un codigo ISBN de una edicion publicada por,University of Washington Press
9780295995137,está escrito en,Inglés
0295995130,es un codigo ISBN para el libro,Reclaimers
0295995130,es un codigo ISBN de una edicion publicada por,University of Washington Press
0295995130,está escrito en,Inglés
Spagna,es autor de la obra,Reclaimers
Reclaimers,pertenece al género,Mountains
Reclaimers,pertenece al género,Description and travel
Reclaimers,pertenece al género,Indians of North America
0870710095,es un codigo ISBN para el libro,Now go home
0870710095,es un codigo ISBN de una edicion publicada por,Oregon State University Press
0870710095,está escrito en,Inglés
Spagna,es autor de la obra,Now go home
Now go home,pertenece al género,Biography
Now go home,pertenece al género,Lesbians
Now go home,pertenece al género,National parks and reserves
0824773101,es un codigo ISBN para el libro,Sexually Transmitted Diseases
0824773101,es un codigo ISBN de una edicion publicada por,Marcel Dekker
0824773101,está escrito en,Inglés
9780824773106,es un codigo ISBN para el libro,Sexually Transmitted Diseases
9780824773106,es un codigo ISBN de una edicion publicada por,Marcel Dekker
9780824773106,está escrito en,Inglés
Spagna,es autor de la obra,Sexually Transmitted Diseases
184728017X,es un codigo ISBN para el libro,Welcome to Pottersville
184728017X,es un codigo ISBN de una edicion publicada por,Lulu.com
184728017X,está escrito en,Inglés
9781847280176,es un codigo ISBN para el libro,Welcome to Pottersville
9781847280176,es un codigo ISBN de una edicion publicada por,Lulu.com
9781847280176,está escrito en,Inglés
Spagna,es autor de la obra,Welcome to Pottersville
Welcome to Pottersville,pertenece al género,Baseball
Welcome to Pottersville,pertenece al género,New York Yankees (Baseball team)
Welcome to Pottersville,pertenece al género,New York Mets (Baseball team)
888947517X,es un codigo ISBN para el libro,L'industriale
888947517X,es un codigo ISBN de una edicion publicada por,Memori
888947517X,está escrito en,Italiano
Spagna,es autor de la obra,L'industriale
L'industriale,pertenece al género,Industrialists
L'industriale,pertenece al género,Biography
L'industriale,pertenece al género,Businesspeople
9788876157349,es un codigo ISBN para el libro,A carte scoperte
9788876157349,es un codigo ISBN de una edicion publicada por,Castelvecchi
9788876157349,está escrito en,Italiano
Spagna,es autor de la obra,A carte scoperte
A carte scoperte,pertenece al género,Money laundering
A carte scoperte,pertenece al género,Gambling
A carte scoperte,pertenece al género,Organized crime
9781699815519,es un codigo ISBN para el libro,Mio Diario Di Viaggio Spagna
9781699815519,es un codigo ISBN de una edicion publicada por,Independently Published
9781699815519,está escrito en,Italiano
Spagna,es autor de la obra,Mio Diario Di Viaggio Spagna
9781703590340,es un codigo ISBN para el libro,Benvenuti a Spagna Diario Di Viaggio per Bambini
9781703590340,es un codigo ISBN de una edicion publicada por,Independently Published
9781703590340,está escrito en,Italiano
Spagna,es autor de la obra,Benvenuti a Spagna Diario Di Viaggio per Bambini
9798713846305,es un codigo ISBN para el libro,Libri Da Colorare per Adulti per Bambini e Adulti - Fantastici Motivi Mandala e Relax - Animali - Pigs
9798713846305,es un codigo ISBN de una edicion publicada por,Independently Published
9798713846305,está escrito en,Italiano
Spagna,es autor de la obra,Libri Da Colorare per Adulti per Bambini e Adulti - Fantastici Motivi Mandala e Relax - Animali - Pigs
9798711458890,es un codigo ISBN para el libro,Libro Da Colorare per Adulti - Diseños de Animales para Aliviar el Estrés - Fiori e Animali - Carpa Koi
9798711458890,es un codigo ISBN de una edicion publicada por,Independently Published
9798711458890,está escrito en,Italiano
Spagna,es autor de la obra,Libro Da Colorare per Adulti - Diseños de Animales para Aliviar el Estrés - Fiori e Animali - Carpa Koi
1496933893,es un codigo ISBN para el libro,Run to Live
1496933893,es un codigo ISBN de una edicion publicada por,AuthorHouse
9781496933898,es un codigo ISBN para el libro,Run to Live
9781496933898,es un codigo ISBN de una edicion publicada por,AuthorHouse
Spagna,es autor de la obra,Run to Live
9781707996070,es un codigo ISBN para el libro,Diario Di Viaggio per Donne Spagna
9781707996070,es un codigo ISBN de una edicion publicada por,Independently Published
9781707996070,está escrito en,Italiano
Spagna,es autor de la obra,Diario Di Viaggio per Donne Spagna
9781686088940,es un codigo ISBN para el libro,Mio Diario Di Viaggio per Bambini Spagna
9781686088940,es un codigo ISBN de una edicion publicada por,Independently Published
9781686088940,está escrito en,Italiano
Spagna,es autor de la obra,Mio Diario Di Viaggio per Bambini Spagna
9781670657329,es un codigo ISBN para el libro,Benvenuti a Spagna
9781670657329,es un codigo ISBN de una edicion publicada por,Independently Published
9781670657329,está escrito en,Italiano
Spagna,es autor de la obra,Benvenuti a Spagna
8870960455,es un codigo ISBN para el libro,Oratorii
8870960455,es un codigo ISBN de una edicion publicada por,Libreria musicale italiana
8870960455,está escrito en,Italiano
9788870960457,es un codigo ISBN para el libro,Oratorii
9788870960457,es un codigo ISBN de una edicion publicada por,Libreria musicale italiana
9788870960457,está escrito en,Italiano
Spagna,es autor de la obra,Oratorii
9781546899990,es un codigo ISBN para el libro,"Life, Love and Other Four-Letter Words"
9781546899990,es un codigo ISBN de una edicion publicada por,CreateSpace Independent Publishing Platform
9781546899990,está escrito en,Inglés
Spagna,es autor de la obra,"Life, Love and Other Four-Letter Words"
0824773101,es un codigo ISBN para el libro,Sexually transmitted diseases
0824773101,es un codigo ISBN de una edicion publicada por,Dekker
Spagna,es autor de la obra,Sexually transmitted diseases
Sexually transmitted diseases,pertenece al género,Sexually transmitted diseases
Sexually transmitted diseases,pertenece al género,Venereal Diseases
Sexually transmitted diseases,pertenece al género,Diagnosis
9788843069316,es un codigo ISBN para el libro,La buona creanza
9788843069316,es un codigo ISBN de una edicion publicada por,Carocci editore
9788843069316,está escrito en,Italiano
Spagna,es autor de la obra,La buona creanza
La buona creanza,pertenece al género,Hospitality
La buona creanza,pertenece al género,Ethnology
La buona creanza,pertenece al género,Other (Philosophy)
Totò,es de nacionalidad,Italy
9788817097758,es un codigo ISBN para el libro,Mal costume mezzo gaudio
9788817097758,está escrito en,Italiano
8817097756,es un codigo ISBN para el libro,Mal costume mezzo gaudio
8817097756,está escrito en,Italiano
Totò,es autor de la obra,Mal costume mezzo gaudio
Mal costume mezzo gaudio,pertenece al género,Italian Motion pictures
Mal costume mezzo gaudio,pertenece al género,Miscellanea
Mal costume mezzo gaudio,pertenece al género,"Quotations, maxims"
8817844128,es un codigo ISBN para el libro,Ogni limite ha una pazienza
8817844128,es un codigo ISBN de una edicion publicada por,Rizzoli
8817844128,está escrito en,Italiano
Totò,es autor de la obra,Ogni limite ha una pazienza
9788817101189,es un codigo ISBN para el libro,Parli come badi
9788817101189,es un codigo ISBN de una edicion publicada por,Biblioteca Universale Rizzoli
9788817101189,está escrito en,Italiano
9788817866934,es un codigo ISBN para el libro,Parli come badi
9788817866934,es un codigo ISBN de una edicion publicada por,Biblioteca Universale Rizzoli
9788817866934,está escrito en,Italiano
8817866938,es un codigo ISBN para el libro,Parli come badi
8817866938,es un codigo ISBN de una edicion publicada por,Biblioteca Universale Rizzoli
8817866938,está escrito en,Italiano
8817101184,es un codigo ISBN para el libro,Parli come badi
8817101184,es un codigo ISBN de una edicion publicada por,Biblioteca Universale Rizzoli
8817101184,está escrito en,Italiano
881784361X,es un codigo ISBN para el libro,Parli come badi
881784361X,es un codigo ISBN de una edicion publicada por,Rizzoli
881784361X,está escrito en,Italiano
Totò,es autor de la obra,Parli come badi
Parli come badi,pertenece al género,Film catalogs
Parli come badi,pertenece al género,Italian Epigrams
Parli come badi,pertenece al género,Italian Motion pictures
8879832786,es un codigo ISBN para el libro,Siamo uomini o caporali?
8879832786,es un codigo ISBN de una edicion publicada por,Newton Compton
8879832786,está escrito en,Italiano
Totò,es autor de la obra,Siamo uomini o caporali?
Siamo uomini o caporali?,pertenece al género,Biography
Siamo uomini o caporali?,pertenece al género,Comedians
Siamo uomini o caporali?,pertenece al género,Motion picture actors and actresses
8804479183,es un codigo ISBN para el libro,Totò si nasce
8804479183,es un codigo ISBN de una edicion publicada por,Mondadori
8804479183,está escrito en,Italiano
Totò,es autor de la obra,Totò si nasce
Totò si nasce,pertenece al género,Biography
Totò si nasce,pertenece al género,Comedians
Totò si nasce,pertenece al género,Motion picture actors and actresses
8877423277,es un codigo ISBN para el libro,TuttoTotò
8877423277,es un codigo ISBN de una edicion publicada por,Gremese Editor
8877423277,está escrito en,Italiano
8876056203,es un codigo ISBN para el libro,TuttoTotò
8876056203,es un codigo ISBN de una edicion publicada por,Gremese
8876056203,está escrito en,Italiano
Totò,es autor de la obra,TuttoTotò
8876055975,es un codigo ISBN para el libro,'A livella
8876055975,es un codigo ISBN de una edicion publicada por,Gremese
8876055975,está escrito en,Italiano
Totò,es autor de la obra,'A livella
Federico Ferrari,es de nacionalidad,Italy
2718606649,es un codigo ISBN para el libro,Iconographie de l'auteur
2718606649,es un codigo ISBN de una edicion publicada por,Galilée
2718606649,está escrito en,Francés
Federico Ferrari,es autor de la obra,Iconographie de l'auteur
Iconographie de l'auteur,pertenece al género,Portraits
Iconographie de l'auteur,pertenece al género,Authors
Iconographie de l'auteur,pertenece al género,History and criticism
9798679859692,es un codigo ISBN para el libro,Get Things Done
9798679859692,es un codigo ISBN de una edicion publicada por,Independently Published
9798679859692,está escrito en,Italiano
9798552240197,es un codigo ISBN para el libro,Get Things Done
9798552240197,es un codigo ISBN de una edicion publicada por,Independently Published
9798552240197,está escrito en,Italiano
Federico Ferrari,es autor de la obra,Get Things Done
9780823256242,es un codigo ISBN para el libro,Making Italian America Consumer Culture And The Production Of Ethnic Identities
9780823256242,es un codigo ISBN de una edicion publicada por,Fordham University Press
9780823256242,está escrito en,Inglés
Federico Ferrari,es autor de la obra,Making Italian America Consumer Culture And The Production Of Ethnic Identities
Making Italian America Consumer Culture And The Production Of Ethnic Identities,pertenece al género,"Italians, united states"
Making Italian America Consumer Culture And The Production Of Ethnic Identities,pertenece al género,"United states, social life and customs"
Making Italian America Consumer Culture And The Production Of Ethnic Identities,pertenece al género,Social life and customs
9788874624973,es un codigo ISBN para el libro,La seduzione populista
9788874624973,es un codigo ISBN de una edicion publicada por,Quodlibet studio
9788874624973,está escrito en,Italiano
Federico Ferrari,es autor de la obra,La seduzione populista
La seduzione populista,pertenece al género,Architecture and society
La seduzione populista,pertenece al género,Historicism in architecture
La seduzione populista,pertenece al género,Modern Architecture
9782849752012,es un codigo ISBN para el libro,Le corps-image au XXe siècle
9782849752012,es un codigo ISBN de una edicion publicada por,Fage
9782849752012,está escrito en,Francés
Federico Ferrari,es autor de la obra,Le corps-image au XXe siècle
Le corps-image au XXe siècle,pertenece al género,Human figure in art
Le corps-image au XXe siècle,pertenece al género,Modern Art
Le corps-image au XXe siècle,pertenece al género,Exhibitions
8836300669,es un codigo ISBN para el libro,La comunità errante
8836300669,es un codigo ISBN de una edicion publicada por,Lanfranchi
8836300669,está escrito en,Italiano
Federico Ferrari,es autor de la obra,La comunità errante
8833914488,es un codigo ISBN para el libro,La pelle delle immagini
8833914488,es un codigo ISBN de una edicion publicada por,Bollati Boringhieri
8833914488,está escrito en,Italiano
Federico Ferrari,es autor de la obra,La pelle delle immagini
La pelle delle immagini,pertenece al género,Nude in art
9788860630346,es un codigo ISBN para el libro,All'ombra di Sgt. Pepper
9788860630346,es un codigo ISBN de una edicion publicada por,Coniglio
9788860630346,está escrito en,Italiano
8860630347,es un codigo ISBN para el libro,All'ombra di Sgt. Pepper
8860630347,es un codigo ISBN de una edicion publicada por,Coniglio
8860630347,está escrito en,Italiano
Federico Ferrari,es autor de la obra,All'ombra di Sgt. Pepper
All'ombra di Sgt. Pepper,pertenece al género,Psychedelic rock music
All'ombra di Sgt. Pepper,pertenece al género,Rock music
All'ombra di Sgt. Pepper,pertenece al género,Rock musicians
8887995826,es un codigo ISBN para el libro,Lo spazio critico
8887995826,es un codigo ISBN de una edicion publicada por,L. Sossella
8887995826,está escrito en,Italiano
9788887995824,es un codigo ISBN para el libro,Lo spazio critico
9788887995824,es un codigo ISBN de una edicion publicada por,L. Sossella
9788887995824,está escrito en,Italiano
Federico Ferrari,es autor de la obra,Lo spazio critico
Lo spazio critico,pertenece al género,Museums
Lo spazio critico,pertenece al género,Philosophy
Lo spazio critico,pertenece al género,Collection management
9788861161214,es un codigo ISBN para el libro,Living in Berlin
9788861161214,es un codigo ISBN de una edicion publicada por,Motta architettura
9788861161214,está escrito en,Inglés
Federico Ferrari,es autor de la obra,Living in Berlin
Living in Berlin,pertenece al género,Interior architecture
Living in Berlin,pertenece al género,Interior decoration
Living in Berlin,pertenece al género,Domestic Architecture
9788832231939,es un codigo ISBN para el libro,Il silenzio dell'arte
9788832231939,es un codigo ISBN de una edicion publicada por,Luca Sossella editore
9788832231939,está escrito en,Italiano
Federico Ferrari,es autor de la obra,Il silenzio dell'arte
Il silenzio dell'arte,pertenece al género,Art
Il silenzio dell'arte,pertenece al género,Philosophy
Il silenzio dell'arte,pertenece al género,Modern Art
9788860100924,es un codigo ISBN para el libro,L'insieme vuoto
9788860100924,es un codigo ISBN de una edicion publicada por,Johan & Levi
9788860100924,está escrito en,Italiano
8860100925,es un codigo ISBN para el libro,L'insieme vuoto
8860100925,es un codigo ISBN de una edicion publicada por,Johan & Levi
8860100925,está escrito en,Italiano
Federico Ferrari,es autor de la obra,L'insieme vuoto
L'insieme vuoto,pertenece al género,Image (Philosophy)
L'insieme vuoto,pertenece al género,Aesthetics
9788836620555,es un codigo ISBN para el libro,Arte essenziale
9788836620555,es un codigo ISBN de una edicion publicada por,Silvana
9788836620555,está escrito en,Inglés
9788836620555,está escrito en,Italiano
8836620558,es un codigo ISBN para el libro,Arte essenziale
8836620558,es un codigo ISBN de una edicion publicada por,Silvana
8836620558,está escrito en,Inglés
8836620558,está escrito en,Italiano
Federico Ferrari,es autor de la obra,Arte essenziale
Arte essenziale,pertenece al género,Italian Art
Arte essenziale,pertenece al género,Exhibitions
8836300685,es un codigo ISBN para el libro,Nudità
8836300685,es un codigo ISBN de una edicion publicada por,Lanfranchi
8836300685,está escrito en,Italiano
Federico Ferrari,es autor de la obra,Nudità
Nudità,pertenece al género,Nudity
Nudità,pertenece al género,Nude in art
9781492251033,es un codigo ISBN para el libro,Enabling Dependable Communication in Cyber-Physical Systems with a Wireless Bus
9781492251033,es un codigo ISBN de una edicion publicada por,CreateSpace Independent Publishing Platform
9781492251033,está escrito en,Inglés
Federico Ferrari,es autor de la obra,Enabling Dependable Communication in Cyber-Physical Systems with a Wireless Bus
9788867232116,es un codigo ISBN para el libro,Oscillazioni
9788867232116,es un codigo ISBN de una edicion publicada por,SE
9788867232116,está escrito en,Italiano
Federico Ferrari,es autor de la obra,Oscillazioni
Oscillazioni,pertenece al género,Aphorisms and apothegms
Oscillazioni,pertenece al género,Philosophy
9780823256204,es un codigo ISBN para el libro,Being Nude The Skin Of Images
9780823256204,es un codigo ISBN de una edicion publicada por,Fordham University Press
Federico Ferrari,es autor de la obra,Being Nude The Skin Of Images
Being Nude The Skin Of Images,pertenece al género,Nude in art
Being Nude The Skin Of Images,pertenece al género,Aesthetics
9781322965376,es un codigo ISBN para el libro,Making Italian America
9781322965376,es un codigo ISBN de una edicion publicada por,"Oxford University Press, Incorporated"
9781322965376,está escrito en,Inglés
9780823256266,es un codigo ISBN para el libro,Making Italian America
9780823256266,es un codigo ISBN de una edicion publicada por,Fordham University Press
9780823256266,está escrito en,Inglés
9780823256273,es un codigo ISBN para el libro,Making Italian America
9780823256273,es un codigo ISBN de una edicion publicada por,Fordham University Press
9780823256273,está escrito en,Inglés
9780823256235,es un codigo ISBN para el libro,Making Italian America
9780823256235,es un codigo ISBN de una edicion publicada por,Fordham University Press
9780823256235,está escrito en,Inglés
Federico Ferrari,es autor de la obra,Making Italian America
Making Italian America,pertenece al género,"Italians, united states"
Making Italian America,pertenece al género,"United states, social life and customs"
9781471765773,es un codigo ISBN para el libro,Enciclopedia Del Mentalismo - Vol. 8 Hard Cover
9781471765773,es un codigo ISBN de una edicion publicada por,"Lulu Press, Inc."
9781471765773,es un codigo ISBN de una edicion publicada por,Lulu.com
9781471765773,está escrito en,Italiano
Federico Ferrari,es autor de la obra,Enciclopedia Del Mentalismo - Vol. 8 Hard Cover
9781471765780,es un codigo ISBN para el libro,Enciclopedia Del Mentalismo - Vol. 8
9781471765780,es un codigo ISBN de una edicion publicada por,"Lulu Press, Inc."
9781471765780,está escrito en,Italiano
Federico Ferrari,es autor de la obra,Enciclopedia Del Mentalismo - Vol. 8
8820420643,es un codigo ISBN para el libro,Garanzie processuali o responsabilità del giudice
8820420643,es un codigo ISBN de una edicion publicada por,F. Angeli
8820420643,está escrito en,Italiano
Federico Ferrari,es autor de la obra,Garanzie processuali o responsabilità del giudice
Garanzie processuali o responsabilità del giudice,pertenece al género,Judges
Garanzie processuali o responsabilità del giudice,pertenece al género,Congresses
Garanzie processuali o responsabilità del giudice,pertenece al género,Liberalism
9782884743945,es un codigo ISBN para el libro,La fabrique des images
9782884743945,es un codigo ISBN de una edicion publicada por,Infolio
9782884743945,está escrito en,Francés
Federico Ferrari,es autor de la obra,La fabrique des images
La fabrique des images,pertenece al género,Communication in architecture
La fabrique des images,pertenece al género,Postmodern Architecture
La fabrique des images,pertenece al género,Architecture and society
8836625746,es un codigo ISBN para el libro,In difesa delle cause perse
8836625746,es un codigo ISBN de una edicion publicada por,Silvana Editoriale
8836625746,está escrito en,Italiano
9788836625741,es un codigo ISBN para el libro,In difesa delle cause perse
9788836625741,es un codigo ISBN de una edicion publicada por,Silvana Editoriale
9788836625741,está escrito en,Italiano
Federico Ferrari,es autor de la obra,In difesa delle cause perse
In difesa delle cause perse,pertenece al género,Aesthetics
In difesa delle cause perse,pertenece al género,Curatorship
In difesa delle cause perse,pertenece al género,Exhibitions
9788842420224,es un codigo ISBN para el libro,Del contemporaneo
9788842420224,es un codigo ISBN de una edicion publicada por,B. Mondadori
9788842420224,está escrito en,Italiano
Federico Ferrari,es autor de la obra,Del contemporaneo
Del contemporaneo,pertenece al género,Time in art
Del contemporaneo,pertenece al género,Congresses
Del contemporaneo,pertenece al género,Modern Art
9781532146367,es un codigo ISBN para el libro,Inside Out
9781532146367,es un codigo ISBN de una edicion publicada por,Spotlight
9781532146367,está escrito en,Inglés
9781532145520,es un codigo ISBN para el libro,Inside Out
9781532145520,es un codigo ISBN de una edicion publicada por,Spotlight
9781532145520,está escrito en,Inglés
9781532147159,es un codigo ISBN para el libro,Inside Out
9781532147159,es un codigo ISBN de una edicion publicada por,Spotlight
9781532147159,está escrito en,Inglés
Federico Ferrari,es autor de la obra,Inside Out
9788867286379,es un codigo ISBN para el libro,Autografie dell'età minore
9788867286379,es un codigo ISBN de una edicion publicada por,Viella
9788867286379,está escrito en,Italiano
Federico Ferrari,es autor de la obra,Autografie dell'età minore
Autografie dell'età minore,pertenece al género,Correspondence
Autografie dell'età minore,pertenece al género,Nobility
Autografie dell'età minore,pertenece al género,Italian letters
9781678076634,es un codigo ISBN para el libro,Gargoyle - Rivista Non Convenzionale Di Mentalismo - N. 7
9781678076634,es un codigo ISBN de una edicion publicada por,"Lulu Press, Inc."
9781678076634,está escrito en,Italiano
Federico Ferrari,es autor de la obra,Gargoyle - Rivista Non Convenzionale Di Mentalismo - N. 7
9781716575181,es un codigo ISBN para el libro,Gargoyle - Rivista Non Convenzionale Di Mentalismo - N. 6
9781716575181,es un codigo ISBN de una edicion publicada por,"Lulu Press, Inc."
9781716575181,está escrito en,Italiano
Federico Ferrari,es autor de la obra,Gargoyle - Rivista Non Convenzionale Di Mentalismo - N. 6
9781716823749,es un codigo ISBN para el libro,Gargoyle - Rivista Non Convenzionale Di Mentalismo - N. 5
9781716823749,es un codigo ISBN de una edicion publicada por,"Lulu Press, Inc."
9781716823749,está escrito en,Italiano
Federico Ferrari,es autor de la obra,Gargoyle - Rivista Non Convenzionale Di Mentalismo - N. 5
9781716824975,es un codigo ISBN para el libro,Gargoyle - Rivista Non Convenzionale Di Mentalismo - N. 4
9781716824975,es un codigo ISBN de una edicion publicada por,"Lulu Press, Inc."
9781716824975,está escrito en,Italiano
Federico Ferrari,es autor de la obra,Gargoyle - Rivista Non Convenzionale Di Mentalismo - N. 4
Margherita Sarfatti,es de nacionalidad,Italy
9781936274406,es un codigo ISBN para el libro,My fault
9781936274406,es un codigo ISBN de una edicion publicada por,Enigma Books
9781936274406,está escrito en,Inglés
9781936274390,es un codigo ISBN para el libro,My fault
9781936274390,es un codigo ISBN de una edicion publicada por,Enigma Books
9781936274390,está escrito en,Inglés
1936274396,es un codigo ISBN para el libro,My fault
1936274396,es un codigo ISBN de una edicion publicada por,Enigma Books
1936274396,está escrito en,Inglés
Margherita Sarfatti,es autor de la obra,My fault
My fault,pertenece al género,Relations with women
My fault,pertenece al género,Relations with men
My fault,pertenece al género,Heads of state
3933807956,es un codigo ISBN para el libro,Medardo Rosso
3933807956,es un codigo ISBN de una edicion publicada por,Richter Verlag
3933807956,está escrito en,Inglés
9783933807953,es un codigo ISBN para el libro,Medardo Rosso
9783933807953,es un codigo ISBN de una edicion publicada por,Richter Verlag
9783933807953,está escrito en,Inglés
Margherita Sarfatti,es autor de la obra,Medardo Rosso
Medardo Rosso,pertenece al género,"Rosso, medardo, 1858-1928"
Medardo Rosso,pertenece al género,Exhibitions
Medardo Rosso,pertenece al género,Sculpture
Roberto Rossellini,es de nacionalidad,Italy
9782866423018,es un codigo ISBN para el libro,La télévision comme utopie
9782866423018,es un codigo ISBN de una edicion publicada por,Cahiers du Cinema Livres
2866423011,es un codigo ISBN para el libro,La télévision comme utopie
2866423011,es un codigo ISBN de una edicion publicada por,Cahiers du Cinema Livres
Roberto Rossellini,es autor de la obra,La télévision comme utopie
La télévision comme utopie,pertenece al género,Interviews
La télévision comme utopie,pertenece al género,Television
La télévision comme utopie,pertenece al género,Motion picture producers and directors
9784022566829,es un codigo ISBN para el libro,"Rosserīni no ""jiden ni chikaku"""
9784022566829,es un codigo ISBN de una edicion publicada por,Asahi Shinbunsha
9784022566829,está escrito en,jpn
4022566825,es un codigo ISBN para el libro,"Rosserīni no ""jiden ni chikaku"""
4022566825,es un codigo ISBN de una edicion publicada por,Asahi Shinbunsha
4022566825,está escrito en,jpn
Roberto Rossellini,es autor de la obra,"Rosserīni no ""jiden ni chikaku"""
"Rosserīni no ""jiden ni chikaku""",pertenece al género,Motion picture producers and directors
"Rosserīni no ""jiden ni chikaku""",pertenece al género,Biography
9788860361349,es un codigo ISBN para el libro,Islam
9788860361349,es un codigo ISBN de una edicion publicada por,Donzelli
9788860361349,está escrito en,Italiano
8860361346,es un codigo ISBN para el libro,Islam
8860361346,es un codigo ISBN de una edicion publicada por,Donzelli
8860361346,está escrito en,Italiano
Roberto Rossellini,es autor de la obra,Islam
Islam,pertenece al género,Civilization
Islam,pertenece al género,Criticism and interpretation
3446146296,es un codigo ISBN para el libro,Roberto Rossellini
3446146296,es un codigo ISBN de una edicion publicada por,Hanser
3446146296,está escrito en,Alemán
Roberto Rossellini,es autor de la obra,Roberto Rossellini
Roberto Rossellini,pertenece al género,Criticism and interpretation
0824057767,es un codigo ISBN para el libro,The war trilogy
0824057767,es un codigo ISBN de una edicion publicada por,Taylor & Francis
0824057767,está escrito en,Inglés
9780824057763,es un codigo ISBN para el libro,The war trilogy
9780824057763,es un codigo ISBN de una edicion publicada por,Taylor & Francis
9780824057763,está escrito en,Inglés
0824057767,es un codigo ISBN de una edicion publicada por,Garland
Roberto Rossellini,es autor de la obra,The war trilogy
The war trilogy,pertenece al género,Motion picture plays
The war trilogy,pertenece al género,Italian Motion picture plays
The war trilogy,pertenece al género,Translations into English
9788449308741,es un codigo ISBN para el libro,El Cine Revelado
9788449308741,es un codigo ISBN de una edicion publicada por,Ediciones Paidos Iberica
9788449308741,está escrito en,Español
8449308747,es un codigo ISBN para el libro,El Cine Revelado
8449308747,es un codigo ISBN de una edicion publicada por,Ediciones Paidos Iberica
8449308747,está escrito en,Español
Roberto Rossellini,es autor de la obra,El Cine Revelado
2859566082,es un codigo ISBN para el libro,Fragments d'une autobiographie
2859566082,es un codigo ISBN de una edicion publicada por,Éditions Ramsay
2859566082,está escrito en,Francés
Roberto Rossellini,es autor de la obra,Fragments d'une autobiographie
Fragments d'une autobiographie,pertenece al género,Biography
Fragments d'une autobiographie,pertenece al género,Motion picture producers and directors
8876412557,es un codigo ISBN para el libro,Il mio dopoguerra
8876412557,es un codigo ISBN de una edicion publicada por,Edizioni e/o
8876412557,está escrito en,Italiano
Roberto Rossellini,es autor de la obra,Il mio dopoguerra
Il mio dopoguerra,pertenece al género,Biography
Il mio dopoguerra,pertenece al género,Motion picture producers and directors
8804305630,es un codigo ISBN para el libro,Quasi un'autobiografia
8804305630,es un codigo ISBN de una edicion publicada por,A. Mondadori
8804305630,está escrito en,Italiano
Roberto Rossellini,es autor de la obra,Quasi un'autobiografia
Quasi un'autobiografia,pertenece al género,Biography
Quasi un'autobiografia,pertenece al género,Motion picture producers and directors
9780670608362,es un codigo ISBN para el libro,Rossellini
9780670608362,es un codigo ISBN de una edicion publicada por,Penguin (Non-Classics)
9780670608362,está escrito en,Inglés
067060836X,es un codigo ISBN para el libro,Rossellini
067060836X,es un codigo ISBN de una edicion publicada por,Penguin (Non-Classics)
067060836X,está escrito en,Inglés
Roberto Rossellini,es autor de la obra,Rossellini
9788449310485,es un codigo ISBN para el libro,Un Espiritu Libre No Debe Aprender Como Esclavo/ A Free Spirit Does not have To learn Like Slave (La Memoria Del Cine)
9788449310485,es un codigo ISBN de una edicion publicada por,Ediciones Paidos Iberica
9788449310485,está escrito en,Español
8449310482,es un codigo ISBN para el libro,Un Espiritu Libre No Debe Aprender Como Esclavo/ A Free Spirit Does not have To learn Like Slave (La Memoria Del Cine)
8449310482,es un codigo ISBN de una edicion publicada por,Ediciones Paidos Iberica
8449310482,está escrito en,Español
Roberto Rossellini,es autor de la obra,Un Espiritu Libre No Debe Aprender Como Esclavo/ A Free Spirit Does not have To learn Like Slave (La Memoria Del Cine)
Un Espiritu Libre No Debe Aprender Como Esclavo/ A Free Spirit Does not have To learn Like Slave (La Memoria Del Cine),pertenece al género,Motion pictures
Un Espiritu Libre No Debe Aprender Como Esclavo/ A Free Spirit Does not have To learn Like Slave (La Memoria Del Cine),pertenece al género,Amusements
2213004951,es un codigo ISBN para el libro,Un esprit libre ne doit rien apprendre en esclave
2213004951,es un codigo ISBN de una edicion publicada por,Fayard
2213004951,está escrito en,Francés
Roberto Rossellini,es autor de la obra,Un esprit libre ne doit rien apprendre en esclave
Un esprit libre ne doit rien apprendre en esclave,pertenece al género,Civilisation moderne
Un esprit libre ne doit rien apprendre en esclave,pertenece al género,Modern Civilization
8831749900,es un codigo ISBN para el libro,Il mio metodo
8831749900,es un codigo ISBN de una edicion publicada por,Marsilio
8831749900,está escrito en,Italiano
8831767380,es un codigo ISBN para el libro,Il mio metodo
8831767380,es un codigo ISBN de una edicion publicada por,Marsilio
8831767380,está escrito en,Italiano
Roberto Rossellini,es autor de la obra,Il mio metodo
Il mio metodo,pertenece al género,History
Il mio metodo,pertenece al género,Interviews
Il mio metodo,pertenece al género,Motion picture producers and directors
2866420209,es un codigo ISBN para el libro,Le cinéma révélé
2866420209,es un codigo ISBN de una edicion publicada por,Éditions de l'Étoile
2866420209,está escrito en,Francés
2866420209,es un codigo ISBN de una edicion publicada por,"Diffusion, Seuil"
2866420209,es un codigo ISBN de una edicion publicada por,Editions de l'Etoile
Roberto Rossellini,es autor de la obra,Le cinéma révélé
Le cinéma révélé,pertenece al género,Interviews
Le cinéma révélé,pertenece al género,Motion picture producers and directors
Le cinéma révélé,pertenece al género,Motion pictures
0941419657,es un codigo ISBN para el libro,My Method
0941419657,es un codigo ISBN de una edicion publicada por,Marsilio Publishers
0941419657,está escrito en,Inglés
9780941419659,es un codigo ISBN para el libro,My Method
9780941419659,es un codigo ISBN de una edicion publicada por,Marsilio Publishers
9780941419659,está escrito en,Inglés
0941419649,es un codigo ISBN para el libro,My Method
0941419649,es un codigo ISBN de una edicion publicada por,Marsilio Publishers
0941419649,está escrito en,Inglés
9780941419642,es un codigo ISBN para el libro,My Method
9780941419642,es un codigo ISBN de una edicion publicada por,Marsilio Publishers
9780941419642,está escrito en,Inglés
Roberto Rossellini,es autor de la obra,My Method
My Method,pertenece al género,"Interviewsrossellini, roberto , 1906-1977"
My Method,pertenece al género,Motion pictures--production and direction
My Method,pertenece al género,Motion pictures--production and direction--italy
Zeno von Braitenberg,es de nacionalidad,Italy
3765438766,es un codigo ISBN para el libro,Oman & Dubai
3765438766,es un codigo ISBN de una edicion publicada por,Bruckmann
3765438766,está escrito en,Alemán
9783765438769,es un codigo ISBN para el libro,Oman & Dubai
9783765438769,es un codigo ISBN de una edicion publicada por,Bruckmann
9783765438769,está escrito en,Alemán
3765456462,es un codigo ISBN para el libro,Oman & Dubai
3765456462,es un codigo ISBN de una edicion publicada por,Bruckmann Verlag GmbH
9783765456466,es un codigo ISBN para el libro,Oman & Dubai
9783765456466,es un codigo ISBN de una edicion publicada por,Bruckmann Verlag GmbH
Zeno von Braitenberg,es autor de la obra,Oman & Dubai
9783765460531,es un codigo ISBN para el libro,Südtirol
9783765460531,es un codigo ISBN de una edicion publicada por,Bruckmann Verlag GmbH
3765460532,es un codigo ISBN para el libro,Südtirol
3765460532,es un codigo ISBN de una edicion publicada por,Bruckmann Verlag GmbH
Zeno von Braitenberg,es autor de la obra,Südtirol
9783765438196,es un codigo ISBN para el libro,Elsass
9783765438196,es un codigo ISBN de una edicion publicada por,Bruckmann
3765438197,es un codigo ISBN para el libro,Elsass
3765438197,es un codigo ISBN de una edicion publicada por,Bruckmann
Zeno von Braitenberg,es autor de la obra,Elsass
Elsass,pertenece al género,Pictorial works
Walter Bonatti,es de nacionalidad,Italy
2911755464,es un codigo ISBN para el libro,L'affaire du K2
2911755464,es un codigo ISBN de una edicion publicada por,Guérin
2911755464,está escrito en,Francés
9782911755460,es un codigo ISBN para el libro,L'affaire du K2
9782911755460,es un codigo ISBN de una edicion publicada por,Guérin
9782911755460,está escrito en,Francés
Walter Bonatti,es autor de la obra,L'affaire du K2
L'affaire du K2,pertenece al género,Document
L'affaire du K2,pertenece al género,Alpinisme
L'affaire du K2,pertenece al género,Récits personnels
9782700311389,es un codigo ISBN para el libro,Montagnes d'une vie
9782700311389,es un codigo ISBN de una edicion publicada por,Arthaud
9782700311389,está escrito en,Francés
2700311388,es un codigo ISBN para el libro,Montagnes d'une vie
2700311388,es un codigo ISBN de una edicion publicada por,Arthaud
2700311388,está escrito en,Francés
Walter Bonatti,es autor de la obra,Montagnes d'une vie
2700311442,es un codigo ISBN para el libro,Ascensions dans les Alpes
2700311442,es un codigo ISBN de una edicion publicada por,Arthaud
9782700311440,es un codigo ISBN para el libro,Ascensions dans les Alpes
9782700311440,es un codigo ISBN de una edicion publicada por,Arthaud
Walter Bonatti,es autor de la obra,Ascensions dans les Alpes
9788860734174,es un codigo ISBN para el libro,I miei ricordi
9788860734174,es un codigo ISBN de una edicion publicada por,Baldini Castoldi Dalai
9788860734174,está escrito en,Italiano
Walter Bonatti,es autor de la obra,I miei ricordi
I miei ricordi,pertenece al género,Mountaineers
I miei ricordi,pertenece al género,Biography
I miei ricordi,pertenece al género,Adventure and adventurers
8880893238,es un codigo ISBN para el libro,In terre lontane
8880893238,es un codigo ISBN de una edicion publicada por,Baldini & Castoldi
8880893238,está escrito en,Italiano
Walter Bonatti,es autor de la obra,In terre lontane
In terre lontane,pertenece al género,Voyages and travels
In terre lontane,pertenece al género,Travel
In terre lontane,pertenece al género,Journeys
8880890727,es un codigo ISBN para el libro,K2
8880890727,es un codigo ISBN de una edicion publicada por,Baldini e Castoldi
8880890727,está escrito en,Italiano
9788880890720,es un codigo ISBN para el libro,K2
9788880890720,es un codigo ISBN de una edicion publicada por,Baldini e Castoldi
9788880890720,está escrito en,Italiano
Walter Bonatti,es autor de la obra,K2
0575035609,es un codigo ISBN para el libro,Magic of Mont Blanc
0575035609,es un codigo ISBN de una edicion publicada por,"Orion Publishing Group, Limited"
0575035609,es un codigo ISBN de una edicion publicada por,V. Gollancz
0575035609,está escrito en,Inglés
Walter Bonatti,es autor de la obra,Magic of Mont Blanc
Magic of Mont Blanc,pertenece al género,Pictorial works
Magic of Mont Blanc,pertenece al género,"Blanc, mont (france and italy)"
2911755456,es un codigo ISBN para el libro,Montagnes d'une vie
2911755456,es un codigo ISBN de una edicion publicada por,Guerin
9782911755453,es un codigo ISBN para el libro,Montagnes d'une vie
9782911755453,es un codigo ISBN de una edicion publicada por,Guerin
9782700312300,es un codigo ISBN para el libro,Terres lointaines
9782700312300,es un codigo ISBN de una edicion publicada por,Arthaud
9782700312300,está escrito en,Francés
2700312309,es un codigo ISBN para el libro,Terres lointaines
2700312309,es un codigo ISBN de una edicion publicada por,Arthaud
2700312309,está escrito en,Francés
Walter Bonatti,es autor de la obra,Terres lointaines
8877186542,es un codigo ISBN para el libro,Un modo di essere
8877186542,es un codigo ISBN de una edicion publicada por,Dall'Oglio
8877186542,está escrito en,Italiano
Walter Bonatti,es autor de la obra,Un modo di essere
Un modo di essere,pertenece al género,Mountaineers
Un modo di essere,pertenece al género,Biography
Un modo di essere,pertenece al género,Mountaineering
0575018151,es un codigo ISBN para el libro,The Great Days
0575018151,es un codigo ISBN de una edicion publicada por,Gollancz
0575018151,es un codigo ISBN de una edicion publicada por,"Orion Publishing Group, Limited"
0575018151,está escrito en,Inglés
Walter Bonatti,es autor de la obra,The Great Days
The Great Days,pertenece al género,Mountaineering
090637104X,es un codigo ISBN para el libro,On the heights
090637104X,es un codigo ISBN de una edicion publicada por,Diadem Books
9780906371046,es un codigo ISBN para el libro,On the heights
9780906371046,es un codigo ISBN de una edicion publicada por,Diadem Books
Walter Bonatti,es autor de la obra,On the heights
On the heights,pertenece al género,Description and travel
On the heights,pertenece al género,Mountaineering
037575640X,es un codigo ISBN para el libro,The mountains of my life
037575640X,es un codigo ISBN de una edicion publicada por,Modern Library
037575640X,está escrito en,Inglés
9780375756405,es un codigo ISBN para el libro,The mountains of my life
9780375756405,es un codigo ISBN de una edicion publicada por,Modern Library
9780375756405,está escrito en,Inglés
Walter Bonatti,es autor de la obra,The mountains of my life
The mountains of my life,pertenece al género,Mountaineers
The mountains of my life,pertenece al género,Biography
The mountains of my life,pertenece al género,New York Times reviewed
Edith Bruck,es de nacionalidad,Italy
8831765396,es un codigo ISBN para el libro,Il silenzio degli amanti
8831765396,es un codigo ISBN de una edicion publicada por,Marsilio
8831765396,está escrito en,Italiano
Edith Bruck,es autor de la obra,Il silenzio degli amanti
8871401220,es un codigo ISBN para el libro,Itinerario =
8871401220,es un codigo ISBN de una edicion publicada por,Quasar
8871401220,está escrito en,Inglés
Edith Bruck,es autor de la obra,Itinerario =
0873529367,es un codigo ISBN para el libro,Letter to My Mother (Texts and Translations)
0873529367,es un codigo ISBN de una edicion publicada por,Modern Language Association of America
0873529367,está escrito en,Inglés
9780873529365,es un codigo ISBN para el libro,Letter to My Mother (Texts and Translations)
9780873529365,es un codigo ISBN de una edicion publicada por,Modern Language Association of America
9780873529365,está escrito en,Inglés
Edith Bruck,es autor de la obra,Letter to My Mother (Texts and Translations)
Letter to My Mother (Texts and Translations),pertenece al género,"Holocaust, jewish (1939-1945)"
Letter to My Mother (Texts and Translations),pertenece al género,"Jews, biography"
Letter to My Mother (Texts and Translations),pertenece al género,"Jews, hungary"
8831757571,es un codigo ISBN para el libro,Nuda proprietà
8831757571,es un codigo ISBN de una edicion publicada por,Marsilio
8831757571,está escrito en,Italiano
Edith Bruck,es autor de la obra,Nuda proprietà
Nuda proprietà,pertenece al género,Romance literature
8831757571,es un codigo ISBN para el libro,Nuda Proprieta (Romanzi e racconti)
8831757571,es un codigo ISBN de una edicion publicada por,"Marsilio Editori,Italy"
9788831757577,es un codigo ISBN para el libro,Nuda Proprieta (Romanzi e racconti)
9788831757577,es un codigo ISBN de una edicion publicada por,"Marsilio Editori,Italy"
9788831757577,está escrito en,Italiano
Edith Bruck,es autor de la obra,Nuda Proprieta (Romanzi e racconti)
8831762702,es un codigo ISBN para el libro,Transit
8831762702,es un codigo ISBN de una edicion publicada por,Marsilio
8831762702,está escrito en,Italiano
Edith Bruck,es autor de la obra,Transit
3803123526,es un codigo ISBN para el libro,Wer dich so liebt. Lebensbericht einer Jüdin
3803123526,es un codigo ISBN de una edicion publicada por,Wagenbach
3803123526,está escrito en,Alemán
9783803123527,es un codigo ISBN para el libro,Wer dich so liebt. Lebensbericht einer Jüdin
9783803123527,es un codigo ISBN de una edicion publicada por,Wagenbach
9783803123527,está escrito en,Alemán
Edith Bruck,es autor de la obra,Wer dich so liebt. Lebensbericht einer Jüdin
Wer dich so liebt. Lebensbericht einer Jüdin,pertenece al género,"Holocaust, Jewish (1939-1945)"
Wer dich so liebt. Lebensbericht einer Jüdin,pertenece al género,Personal narratives
Wer dich so liebt. Lebensbericht einer Jüdin,pertenece al género,Italian Women authors
0966491378,es un codigo ISBN para el libro,Who loves you like this
0966491378,es un codigo ISBN de una edicion publicada por,Paul Dry Books
0966491378,está escrito en,Inglés
Edith Bruck,es autor de la obra,Who loves you like this
Who loves you like this,pertenece al género,"Authors, Italian"
Who loves you like this,pertenece al género,Biography
Who loves you like this,pertenece al género,"Holocaust, Jewish (1939-1945)"
883176408X,es un codigo ISBN para el libro,Due stanze vuote
883176408X,es un codigo ISBN de una edicion publicada por,Marsilio
883176408X,está escrito en,Italiano
Edith Bruck,es autor de la obra,Due stanze vuote
8831761803,es un codigo ISBN para el libro,L' attrice
8831761803,es un codigo ISBN de una edicion publicada por,Marsilio
8831761803,está escrito en,Italiano
9788831761802,es un codigo ISBN para el libro,L' attrice
9788831761802,es un codigo ISBN de una edicion publicada por,Marsilio
9788831761802,está escrito en,Italiano
Edith Bruck,es autor de la obra,L' attrice
8811671256,es un codigo ISBN para el libro,Lettera alla madre
8811671256,es un codigo ISBN de una edicion publicada por,Garzanti
8811671256,está escrito en,Italiano
0873529359,es un codigo ISBN para el libro,Lettera alla madre
0873529359,es un codigo ISBN de una edicion publicada por,Modern Language Association of America
0873529359,está escrito en,Italiano
9780873529358,es un codigo ISBN para el libro,Lettera alla madre
9780873529358,es un codigo ISBN de una edicion publicada por,Modern Language Association of America
9780873529358,está escrito en,Italiano
Edith Bruck,es autor de la obra,Lettera alla madre
Lettera alla madre,pertenece al género,Fiction
Lettera alla madre,pertenece al género,"Holocaust, Jewish (1939-1945)"
Lettera alla madre,pertenece al género,Holocaust survivors
9788811671251,es un codigo ISBN para el libro,Lettera alla madre
9788811671251,es un codigo ISBN de una edicion publicada por,Garzanti
9788811671251,está escrito en,Italiano
9788849221220,es un codigo ISBN para el libro,Fratelli di terra
9788849221220,es un codigo ISBN de una edicion publicada por,Gangemi
9788849221220,es un codigo ISBN de una edicion publicada por,Gangemi Editore
9788849221220,está escrito en,Italiano
Edith Bruck,es autor de la obra,Fratelli di terra
Fratelli di terra,pertenece al género,Translations into English
Fratelli di terra,pertenece al género,Italian Patriotic poetry
Fratelli di terra,pertenece al género,Italian poetry
Melania G. Mazzucco,es de nacionalidad,Italy
9782890772700,es un codigo ISBN para el libro,Vita
9782890772700,es un codigo ISBN de una edicion publicada por,FLAMMARION
2890772705,es un codigo ISBN para el libro,Vita
2890772705,es un codigo ISBN de una edicion publicada por,FLAMMARION
Melania G. Mazzucco,es autor de la obra,Vita
2290003549,es un codigo ISBN para el libro,"Elle, tant aimée"
2290003549,es un codigo ISBN de una edicion publicada por,Diff.
2290003549,es un codigo ISBN de una edicion publicada por,Editions J'ai lu
2290003549,es un codigo ISBN de una edicion publicada por,Flammarion
2290003549,está escrito en,Francés
9782290003541,es un codigo ISBN para el libro,"Elle, tant aimée"
9782290003541,es un codigo ISBN de una edicion publicada por,Diff.
9782290003541,es un codigo ISBN de una edicion publicada por,Editions J'ai lu
9782290003541,es un codigo ISBN de una edicion publicada por,Flammarion
9782290003541,está escrito en,Francés
Melania G. Mazzucco,es autor de la obra,"Elle, tant aimée"
"Elle, tant aimée",pertenece al género,Belletristische Darstellung
9788433974013,es un codigo ISBN para el libro,"Ella, tan amada"
9788433974013,es un codigo ISBN de una edicion publicada por,Anagrama
9788433974013,es un codigo ISBN de una edicion publicada por,Editorial Anagrama
8433974017,es un codigo ISBN para el libro,"Ella, tan amada"
8433974017,es un codigo ISBN de una edicion publicada por,Anagrama
8433974017,es un codigo ISBN de una edicion publicada por,Editorial Anagrama
Melania G. Mazzucco,es autor de la obra,"Ella, tan amada"
9788433975539,es un codigo ISBN para el libro,La larga espera del ángel
9788433975539,es un codigo ISBN de una edicion publicada por,Anagrama
9788433975539,es un codigo ISBN de una edicion publicada por,Editorial Anagrama
8433975536,es un codigo ISBN para el libro,La larga espera del ángel
8433975536,es un codigo ISBN de una edicion publicada por,Anagrama
8433975536,es un codigo ISBN de una edicion publicada por,Editorial Anagrama
Melania G. Mazzucco,es autor de la obra,La larga espera del ángel
8433981277,es un codigo ISBN para el libro,La arquitectriz
8433981277,es un codigo ISBN de una edicion publicada por,Editorial Anagrama
9788433981271,es un codigo ISBN para el libro,La arquitectriz
9788433981271,es un codigo ISBN de una edicion publicada por,Editorial Anagrama
Melania G. Mazzucco,es autor de la obra,La arquitectriz
9781782690207,es un codigo ISBN para el libro,Story of King Lear
9781782690207,es un codigo ISBN de una edicion publicada por,"Pushkin Press, Limited"
9781782690207,está escrito en,Inglés
Melania G. Mazzucco,es autor de la obra,Story of King Lear
Story of King Lear,pertenece al género,Children's fiction
Story of King Lear,pertenece al género,"Fathers and daughters, fiction"
9788806232535,es un codigo ISBN para el libro,Io sono con te
9788806232535,es un codigo ISBN de una edicion publicada por,Einaudi
8806232533,es un codigo ISBN para el libro,Io sono con te
8806232533,es un codigo ISBN de una edicion publicada por,Einaudi
Melania G. Mazzucco,es autor de la obra,Io sono con te
Io sono con te,pertenece al género,Congolese (Democratic Republic)
Io sono con te,pertenece al género,Biography
Io sono con te,pertenece al género,Political refugees
9045800152,es un codigo ISBN para el libro,Een volmaakte dag
9045800152,es un codigo ISBN de una edicion publicada por,Mouria
9045800152,está escrito en,Neerlandés
9789045800158,es un codigo ISBN para el libro,Een volmaakte dag
9789045800158,es un codigo ISBN de una edicion publicada por,Mouria
9789045800158,está escrito en,Neerlandés
Melania G. Mazzucco,es autor de la obra,Een volmaakte dag
9780374709907,es un codigo ISBN para el libro,Limbo
9780374709907,es un codigo ISBN de una edicion publicada por,"Farrar, Straus & Giroux"
9780374709907,está escrito en,Inglés
Melania G. Mazzucco,es autor de la obra,Limbo
Limbo,pertenece al género,"Fiction, romance, general"
Limbo,pertenece al género,"Fiction, war & military"
Limbo,pertenece al género,"Veterans, fiction"
0002007177,es un codigo ISBN para el libro,Vita
0002007177,es un codigo ISBN de una edicion publicada por,Farrar Straus Giroux
9780002007177,es un codigo ISBN para el libro,Vita
9780002007177,es un codigo ISBN de una edicion publicada por,Farrar Straus Giroux
9781429974264,es un codigo ISBN para el libro,Vita
9781429974264,es un codigo ISBN de una edicion publicada por,"Farrar, Straus & Giroux"
9781429974264,está escrito en,Inglés
Vita,pertenece al género,"Fiction, sagas"
Vita,pertenece al género,"Fiction, historical, general"
9788892822610,es un codigo ISBN para el libro,Tà's Red Book
9788892822610,es un codigo ISBN de una edicion publicada por,Random House Espanol
9788892822610,está escrito en,Inglés
Melania G. Mazzucco,es autor de la obra,Tà's Red Book
3492241492,es un codigo ISBN para el libro,Die so Geliebte.
3492241492,es un codigo ISBN de una edicion publicada por,Piper Verlag GmbH
9783492241496,es un codigo ISBN para el libro,Die so Geliebte.
9783492241496,es un codigo ISBN de una edicion publicada por,Piper Verlag GmbH
Melania G. Mazzucco,es autor de la obra,Die so Geliebte.
8433980483,es un codigo ISBN para el libro,Estoy contigo
8433980483,es un codigo ISBN de una edicion publicada por,Anagrama
8433980483,es un codigo ISBN de una edicion publicada por,Editorial Anagrama
9788433980489,es un codigo ISBN para el libro,Estoy contigo
9788433980489,es un codigo ISBN de una edicion publicada por,Anagrama
9788433980489,es un codigo ISBN de una edicion publicada por,Editorial Anagrama
Melania G. Mazzucco,es autor de la obra,Estoy contigo
9789655177442,es un codigo ISBN para el libro,Yom mushlam
9789655177442,está escrito en,heb
Melania G. Mazzucco,es autor de la obra,Yom mushlam
Melania G. Mazzucco,es autor de la obra,Fronteras permeables
2080688812,es un codigo ISBN para el libro,"Elle, tant aimée"
2080688812,es un codigo ISBN de una edicion publicada por,Flammarion
2080688812,está escrito en,Francés
9782080688811,es un codigo ISBN para el libro,"Elle, tant aimée"
9782080688811,es un codigo ISBN de una edicion publicada por,Flammarion
9782080688811,está escrito en,Francés
"Elle, tant aimée",pertenece al género,Biographical fiction
"Elle, tant aimée",pertenece al género,Romans
"Elle, tant aimée",pertenece al género,"Romans, nouvelles"
9788806223144,es un codigo ISBN para el libro,Il museo del mondo
9788806223144,es un codigo ISBN de una edicion publicada por,Einaudi
9788806223144,está escrito en,Italiano
Melania G. Mazzucco,es autor de la obra,Il museo del mondo
Il museo del mondo,pertenece al género,Painting
9782080685902,es un codigo ISBN para el libro,Vita
9782080685902,es un codigo ISBN de una edicion publicada por,Flammarion
9782080685902,está escrito en,Francés
2080685902,es un codigo ISBN para el libro,Vita
2080685902,es un codigo ISBN de una edicion publicada por,Flammarion
2080685902,está escrito en,Francés
0374284954,es un codigo ISBN para el libro,Vita
0374284954,es un codigo ISBN de una edicion publicada por,"Farrar, Straus and Giroux"
0374284954,está escrito en,Inglés
1250074983,es un codigo ISBN para el libro,Limbo: A Novel
1250074983,es un codigo ISBN de una edicion publicada por,Picador
9781250074980,es un codigo ISBN para el libro,Limbo: A Novel
9781250074980,es un codigo ISBN de una edicion publicada por,Picador
Melania G. Mazzucco,es autor de la obra,Limbo: A Novel
9780374191986,es un codigo ISBN para el libro,Limbo
9780374191986,es un codigo ISBN de una edicion publicada por,"Farrar, Straus & Giroux"
9780374191986,está escrito en,Inglés
0374191980,es un codigo ISBN para el libro,Limbo
0374191980,es un codigo ISBN de una edicion publicada por,"Farrar, Straus & Giroux"
0374191980,está escrito en,Inglés
Limbo,pertenece al género,Women veterans
Limbo,pertenece al género,Psychic trauma
Limbo,pertenece al género,"Afghan War, 2001-"
9788806209469,es un codigo ISBN para el libro,Sei come sei
9788806209469,es un codigo ISBN de una edicion publicada por,Einaudi
9788806209469,está escrito en,Italiano
8806209469,es un codigo ISBN para el libro,Sei come sei
8806209469,es un codigo ISBN de una edicion publicada por,Einaudi
8806209469,está escrito en,Italiano
Melania G. Mazzucco,es autor de la obra,Sei come sei
8806214462,es un codigo ISBN para el libro,Il bassotto e la regina
8806214462,es un codigo ISBN de una edicion publicada por,Einaudi
8806214462,está escrito en,Italiano
9788806214463,es un codigo ISBN para el libro,Il bassotto e la regina
9788806214463,es un codigo ISBN de una edicion publicada por,Einaudi
9788806214463,está escrito en,Italiano
Melania G. Mazzucco,es autor de la obra,Il bassotto e la regina
Il bassotto e la regina,pertenece al género,Italian fiction
Il bassotto e la regina,pertenece al género,Animals
Il bassotto e la regina,pertenece al género,Fiction
9788806209384,es un codigo ISBN para el libro,Limbo
9788806209384,es un codigo ISBN de una edicion publicada por,Einaudi
9788806209384,está escrito en,Italiano
8806209388,es un codigo ISBN para el libro,Limbo
8806209388,es un codigo ISBN de una edicion publicada por,Einaudi
8806209388,está escrito en,Italiano
Limbo,pertenece al género,Women soldiers
Limbo,pertenece al género,Fiction
0006385281,es un codigo ISBN para el libro,Vita
0006385281,es un codigo ISBN de una edicion publicada por,HarperPerennial
0006385281,está escrito en,Inglés
9780006385288,es un codigo ISBN para el libro,Vita
9780006385288,es un codigo ISBN de una edicion publicada por,HarperPerennial
9780006385288,está escrito en,Inglés
Vita,pertenece al género,Américains d'origine italienne
Vita,pertenece al género,Italian Americans
Vita,pertenece al género,Italiens
9788433979421,es un codigo ISBN para el libro,Eres como eres
9788433979421,es un codigo ISBN de una edicion publicada por,Anagrama
Melania G. Mazzucco,es autor de la obra,Eres como eres
9788467234282,es un codigo ISBN para el libro,Un día perfecto
9788467234282,es un codigo ISBN de una edicion publicada por,Circulo de Lectores
9788467234282,es un codigo ISBN de una edicion publicada por,Círculo de Lectores
9788467234282,está escrito en,Español
Melania G. Mazzucco,es autor de la obra,Un día perfecto
9783492041416,es un codigo ISBN para el libro,Das Turmzimmer
9783492041416,es un codigo ISBN de una edicion publicada por,Piper
3492041418,es un codigo ISBN para el libro,Das Turmzimmer
3492041418,es un codigo ISBN de una edicion publicada por,Piper
Melania G. Mazzucco,es autor de la obra,Das Turmzimmer
9783492230636,es un codigo ISBN para el libro,Der Kuß der Medusa
9783492230636,es un codigo ISBN de una edicion publicada por,Piper
3492230636,es un codigo ISBN para el libro,Der Kuß der Medusa
3492230636,es un codigo ISBN de una edicion publicada por,Piper
Melania G. Mazzucco,es autor de la obra,Der Kuß der Medusa
3492043011,es un codigo ISBN para el libro,Die so Geliebte. Roman um Annemarie Schwarzenbach
3492043011,es un codigo ISBN de una edicion publicada por,Piper
9783492043014,es un codigo ISBN para el libro,Die so Geliebte. Roman um Annemarie Schwarzenbach
9783492043014,es un codigo ISBN de una edicion publicada por,Piper
Melania G. Mazzucco,es autor de la obra,Die so Geliebte. Roman um Annemarie Schwarzenbach
9788433971104,es un codigo ISBN para el libro,"Ella, Tan Amada"
9788433971104,es un codigo ISBN de una edicion publicada por,Anagrama
9788433971104,está escrito en,Español
8433971107,es un codigo ISBN para el libro,"Ella, Tan Amada"
8433971107,es un codigo ISBN de una edicion publicada por,Anagrama
8433971107,está escrito en,Español
Melania G. Mazzucco,es autor de la obra,"Ella, Tan Amada"
Mara Santangelo,es de nacionalidad,Italy
9780740728204,es un codigo ISBN para el libro,The greatest firefighter stories never told
9780740728204,es un codigo ISBN de una edicion publicada por,Andrews McMeel Publishing
9780740728204,está escrito en,Inglés
0740728202,es un codigo ISBN para el libro,The greatest firefighter stories never told
0740728202,es un codigo ISBN de una edicion publicada por,Andrews McMeel Publishing
0740728202,está escrito en,Inglés
Mara Santangelo,es autor de la obra,The greatest firefighter stories never told
The greatest firefighter stories never told,pertenece al género,Lifesaving at fires
The greatest firefighter stories never told,pertenece al género,Anecdotes
The greatest firefighter stories never told,pertenece al género,Fire extinction
Caterina Davinio,es de nacionalidad,Italy
8888091858,es un codigo ISBN para el libro,Tecno-poesia e realtà virtuali
8888091858,es un codigo ISBN de una edicion publicada por,Sometti
8888091858,está escrito en,Italiano
8888091858,está escrito en,Inglés
Caterina Davinio,es autor de la obra,Tecno-poesia e realtà virtuali
Tecno-poesia e realtà virtuali,pertenece al género,Multimedia (Art)
Tecno-poesia e realtà virtuali,pertenece al género,Computer poetry
Tecno-poesia e realtà virtuali,pertenece al género,Lyrik
9788866791102,es un codigo ISBN para el libro,Il libro dell'oppio
9788866791102,es un codigo ISBN de una edicion publicada por,Puntoacapo
9788866791102,está escrito en,Italiano
Caterina Davinio,es autor de la obra,Il libro dell'oppio
9788845611889,es un codigo ISBN para el libro,Fenomenologie seriali
9788845611889,es un codigo ISBN de una edicion publicada por,Campanotto
9788845611889,está escrito en,Italiano
9788845611889,está escrito en,Inglés
Caterina Davinio,es autor de la obra,Fenomenologie seriali
John Turturro,es de nacionalidad,Italy
155704693X,es un codigo ISBN para el libro,Romance & Cigarettes
155704693X,es un codigo ISBN de una edicion publicada por,Newmarket
155704693X,está escrito en,Inglés
9781557046932,es un codigo ISBN para el libro,Romance & Cigarettes
9781557046932,es un codigo ISBN de una edicion publicada por,Newmarket
9781557046932,está escrito en,Inglés
John Turturro,es autor de la obra,Romance & Cigarettes
0788826883,es un codigo ISBN para el libro,"O brother, where art thou ?"
0788826883,es un codigo ISBN de una edicion publicada por,Touchstone Home Video
0788826883,está escrito en,Francés
John Turturro,es autor de la obra,"O brother, where art thou ?"
"O brother, where art thou ?",pertenece al género,Fugitifs recherchés par la justice
"O brother, where art thou ?",pertenece al género,Films comiques
Ivan Della Mea,es de nacionalidad,Italy
8843800647,es un codigo ISBN para el libro,Sveglia sul buio
8843800647,es un codigo ISBN de una edicion publicada por,EST
8843800647,es un codigo ISBN de una edicion publicada por,M.Tropea
8843800647,está escrito en,Italiano
8872481422,es un codigo ISBN para el libro,Sveglia sul buio
8872481422,es un codigo ISBN de una edicion publicada por,Granata libri
8872481422,está escrito en,Italiano
Ivan Della Mea,es autor de la obra,Sveglia sul buio
8835600235,es un codigo ISBN para el libro,Il sasso dentro
8835600235,es un codigo ISBN de una edicion publicada por,Interno giallo
8835600235,está escrito en,Italiano
Ivan Della Mea,es autor de la obra,Il sasso dentro
8816282037,es un codigo ISBN para el libro,La cantagranda
8816282037,es un codigo ISBN de una edicion publicada por,Bandecchi & Vivaldi e il Grandevetro
8816282037,es un codigo ISBN de una edicion publicada por,Distribuito dalla Casa editrice Jaca book
8816282037,está escrito en,Italiano
Ivan Della Mea,es autor de la obra,La cantagranda
887248040X,es un codigo ISBN para el libro,Un amore di luna
887248040X,es un codigo ISBN de una edicion publicada por,Granata press
887248040X,está escrito en,Italiano
Ivan Della Mea,es autor de la obra,Un amore di luna
9788816282582,es un codigo ISBN para el libro,Accadde a Tuscamelot
9788816282582,es un codigo ISBN de una edicion publicada por,Circolo Il Grandevetro
9788816282582,es un codigo ISBN de una edicion publicada por,Jaca book
9788816282582,está escrito en,Italiano
Ivan Della Mea,es autor de la obra,Accadde a Tuscamelot
9788816502680,es un codigo ISBN para el libro,Se la vita ti dà uno schiaffo
9788816502680,es un codigo ISBN de una edicion publicada por,Circolo Il grandevetro
9788816502680,es un codigo ISBN de una edicion publicada por,Jaca book
9788816502680,está escrito en,Italiano
Ivan Della Mea,es autor de la obra,Se la vita ti dà uno schiaffo
9788816409736,es un codigo ISBN para el libro,Un inedito e testimonianze
9788816409736,es un codigo ISBN de una edicion publicada por,Circolo Il grandevetro
9788816409736,es un codigo ISBN de una edicion publicada por,Jaca book
9788816409736,está escrito en,Italiano
Ivan Della Mea,es autor de la obra,Un inedito e testimonianze
9788816411388,es un codigo ISBN para el libro,La città possibile
9788816411388,es un codigo ISBN de una edicion publicada por,Circolo Il grandevetro
9788816411388,es un codigo ISBN de una edicion publicada por,Jaca book
9788816411388,está escrito en,Italiano
Ivan Della Mea,es autor de la obra,La città possibile
8817022284,es un codigo ISBN para el libro,Avant pop '68
8817022284,es un codigo ISBN de una edicion publicada por,"BUR, Biblioteca Universale Rizzoli"
8817022284,está escrito en,Italiano
9788817022286,es un codigo ISBN para el libro,Avant pop '68
9788817022286,es un codigo ISBN de una edicion publicada por,"BUR, Biblioteca Universale Rizzoli"
9788817022286,está escrito en,Italiano
Ivan Della Mea,es autor de la obra,Avant pop '68
Avant pop '68,pertenece al género,Popular music
Avant pop '68,pertenece al género,Songs
Fiamma Nirenstein,es de nacionalidad,Italy
9788817024501,es un codigo ISBN para el libro,A Gerusalemme
9788817024501,es un codigo ISBN de una edicion publicada por,Rizzoli
9788817024501,está escrito en,Italiano
Fiamma Nirenstein,es autor de la obra,A Gerusalemme
A Gerusalemme,pertenece al género,Religion
A Gerusalemme,pertenece al género,Description and travel
A Gerusalemme,pertenece al género,Ethnic relations
8849813864,es un codigo ISBN para el libro,La sabbia di Gaza
8849813864,es un codigo ISBN de una edicion publicada por,Rubbettino
8849813864,está escrito en,Italiano
Fiamma Nirenstein,es autor de la obra,La sabbia di Gaza
La sabbia di Gaza,pertenece al género,Politics and government
9788817919340,es un codigo ISBN para el libro,Israele siamo noi
9788817919340,es un codigo ISBN de una edicion publicada por,Rizzoli
9788817919340,está escrito en,Italiano
Fiamma Nirenstein,es autor de la obra,Israele siamo noi
Israele siamo noi,pertenece al género,Zionism
Israele siamo noi,pertenece al género,Politics and government
Israele siamo noi,pertenece al género,Foreign relations
8817001988,es un codigo ISBN para el libro,Gli antisemiti progressisti
8817001988,es un codigo ISBN de una edicion publicada por,Rizzoli
8817001988,está escrito en,Italiano
Fiamma Nirenstein,es autor de la obra,Gli antisemiti progressisti
Gli antisemiti progressisti,pertenece al género,Antisemitism
Gli antisemiti progressisti,pertenece al género,Terrorism
Gli antisemiti progressisti,pertenece al género,World politics
8804340029,es un codigo ISBN para el libro,Il razzista democratico
8804340029,es un codigo ISBN de una edicion publicada por,A. Mondadori
8804340029,está escrito en,Italiano
Fiamma Nirenstein,es autor de la obra,Il razzista democratico
Il razzista democratico,pertenece al género,Democracy
Il razzista democratico,pertenece al género,Racism
965218067X,es un codigo ISBN para el libro,Israel is us
965218067X,es un codigo ISBN de una edicion publicada por,Jerusalem Center for Public Affairs
965218067X,está escrito en,Inglés
9789652180674,es un codigo ISBN para el libro,Israel is us
9789652180674,es un codigo ISBN de una edicion publicada por,Jerusalem Center for Public Affairs
9789652180674,está escrito en,Inglés
Fiamma Nirenstein,es autor de la obra,Israel is us
Israel is us,pertenece al género,Arab-Israeli conflict
Israel is us,pertenece al género,Democracy
Israel is us,pertenece al género,Antisemitism
8817869554,es un codigo ISBN para el libro,L'abbandono
8817869554,es un codigo ISBN de una edicion publicada por,Rizzoli
8817869554,está escrito en,Italiano
Fiamma Nirenstein,es autor de la obra,L'abbandono
L'abbandono,pertenece al género,Arab-Israeli conflict
L'abbandono,pertenece al género,Antisemitism
1575253771,es un codigo ISBN para el libro,The betrayal
1575253771,es un codigo ISBN de una edicion publicada por,Smith & Kraus
1575253771,está escrito en,Inglés
9781575253770,es un codigo ISBN para el libro,The betrayal
9781575253770,es un codigo ISBN de una edicion publicada por,Smith & Kraus
9781575253770,está escrito en,Inglés
157525347X,es un codigo ISBN para el libro,The betrayal
157525347X,es un codigo ISBN de una edicion publicada por,Smith and Kraus
157525347X,está escrito en,Inglés
1575253771,es un codigo ISBN de una edicion publicada por,Smith and Kraus
Fiamma Nirenstein,es autor de la obra,The betrayal
The betrayal,pertenece al género,Antisemitism
The betrayal,pertenece al género,Arab-Israeli conflict
The betrayal,pertenece al género,Pala stinafrage
9781717089526,es un codigo ISBN para el libro,Caliph and the Ayatollah
9781717089526,es un codigo ISBN de una edicion publicada por,CreateSpace Independent Publishing Platform
9781717089526,está escrito en,Inglés
Fiamma Nirenstein,es autor de la obra,Caliph and the Ayatollah
Lilí Álvarez,es de nacionalidad,Italy
8480050101,es un codigo ISBN para el libro,Revivencia
8480050101,es un codigo ISBN de una edicion publicada por,Ediciones El Almendro
8480050101,es un codigo ISBN de una edicion publicada por,Fundación Lili Alvarez
8480050101,está escrito en,Español
Lilí Álvarez,es autor de la obra,Revivencia
8480050357,es un codigo ISBN para el libro,La gran explicación
8480050357,es un codigo ISBN de una edicion publicada por,Ediciones El Almendro
8480050357,es un codigo ISBN de una edicion publicada por,Fundación Lilí Alvarez
8480050357,está escrito en,Español
Lilí Álvarez,es autor de la obra,La gran explicación
Marina Colasanti,es de nacionalidad,Italy
9788508080274,es un codigo ISBN para el libro,A casa das palavras
9788508080274,es un codigo ISBN de una edicion publicada por,Ática
9788508080274,está escrito en,Portugués
8508080271,es un codigo ISBN para el libro,A casa das palavras
8508080271,es un codigo ISBN de una edicion publicada por,Ática
8508080271,está escrito en,Portugués
8508080271,es un codigo ISBN de una edicion publicada por,Editora Atica
Marina Colasanti,es autor de la obra,A casa das palavras
852810009X,es un codigo ISBN para el libro,Entre a espada e a rosa
852810009X,es un codigo ISBN de una edicion publicada por,Salamandra
852810009X,está escrito en,Portugués
Marina Colasanti,es autor de la obra,Entre a espada e a rosa
8526017551,es un codigo ISBN para el libro,Crônicas para jovens
8526017551,es un codigo ISBN de una edicion publicada por,GLOBAL
8526017551,es un codigo ISBN de una edicion publicada por,Global Editora
8526017551,está escrito en,Portugués
9788526017559,es un codigo ISBN para el libro,Crônicas para jovens
9788526017559,es un codigo ISBN de una edicion publicada por,GLOBAL
9788526017559,es un codigo ISBN de una edicion publicada por,Global Editora
9788526017559,está escrito en,Portugués
Marina Colasanti,es autor de la obra,Crônicas para jovens
9788508062768,es un codigo ISBN para el libro,Longe como o meu querer
9788508062768,es un codigo ISBN de una edicion publicada por,Editora Ática
9788508062768,está escrito en,Portugués
8508062761,es un codigo ISBN para el libro,Longe como o meu querer
8508062761,es un codigo ISBN de una edicion publicada por,Editora Ática
8508062761,está escrito en,Portugués
Marina Colasanti,es autor de la obra,Longe como o meu querer
Longe como o meu querer,pertenece al género,"Children's stories, Brazilian"
Longe como o meu querer,pertenece al género,"Children's stories, Portuguese"
9788508134816,es un codigo ISBN para el libro,Antes de virar gigante
9788508134816,es un codigo ISBN de una edicion publicada por,Editora Ática
9788508134816,es un codigo ISBN de una edicion publicada por,Ática
9788508134816,está escrito en,Portugués
Marina Colasanti,es autor de la obra,Antes de virar gigante
9788501069122,es un codigo ISBN para el libro,Fragatas para terras distantes
9788501069122,es un codigo ISBN de una edicion publicada por,Not Avail
9788501069122,está escrito en,Portugués
8501069124,es un codigo ISBN para el libro,Fragatas para terras distantes
8501069124,es un codigo ISBN de una edicion publicada por,Not Avail
8501069124,está escrito en,Portugués
Marina Colasanti,es autor de la obra,Fragatas para terras distantes
Fragatas para terras distantes,pertenece al género,Literature
Fragatas para terras distantes,pertenece al género,Books and reading
8532506151,es un codigo ISBN para el libro,"Eu sei, mas não devia"
8532506151,es un codigo ISBN de una edicion publicada por,Rocco
8532506151,está escrito en,Portugués
Marina Colasanti,es autor de la obra,"Eu sei, mas não devia"
9580436517,es un codigo ISBN para el libro,Lejos como mi querer y otros cuentos
9580436517,es un codigo ISBN de una edicion publicada por,Norma
Marina Colasanti,es autor de la obra,Lejos como mi querer y otros cuentos
842392789X,es un codigo ISBN para el libro,En el Laberinto Del Viento
842392789X,es un codigo ISBN de una edicion publicada por,Espasa-Calpe
842392789X,está escrito en,Español
9788423927890,es un codigo ISBN para el libro,En el Laberinto Del Viento
9788423927890,es un codigo ISBN de una edicion publicada por,Espasa-Calpe
9788423927890,está escrito en,Español
Marina Colasanti,es autor de la obra,En el Laberinto Del Viento
8532508510,es un codigo ISBN para el libro,Gargantas abertas
8532508510,es un codigo ISBN de una edicion publicada por,Rocco
8532508510,está escrito en,Portugués
Marina Colasanti,es autor de la obra,Gargantas abertas
9788466739849,es un codigo ISBN para el libro,Penelope Manda Recuerdos
9788466739849,es un codigo ISBN de una edicion publicada por,ANAYA INFANTIL Y JUVENIL
9788466739849,es un codigo ISBN de una edicion publicada por,"Grupo Anaya, S.A."
9788466739849,está escrito en,Español
Marina Colasanti,es autor de la obra,Penelope Manda Recuerdos
Penelope Manda Recuerdos,pertenece al género,"Fiction, fantasy, collections & anthologies"
8526009826,es un codigo ISBN para el libro,Homem que não Parava de Crescer
8526009826,es un codigo ISBN de una edicion publicada por,Global
8526009826,está escrito en,Portugués
9788526009820,es un codigo ISBN para el libro,Homem que não Parava de Crescer
9788526009820,es un codigo ISBN de una edicion publicada por,Global
9788526009820,está escrito en,Portugués
Marina Colasanti,es autor de la obra,Homem que não Parava de Crescer
9788526019317,es un codigo ISBN para el libro,Hora de alimentar serpentes
9788526019317,es un codigo ISBN de una edicion publicada por,GLOBAL
9788526019317,es un codigo ISBN de una edicion publicada por,Global Editora
9788526019317,está escrito en,Portugués
Marina Colasanti,es autor de la obra,Hora de alimentar serpentes
9788526009882,es un codigo ISBN para el libro,23 histórias de um viajante
9788526009882,es un codigo ISBN de una edicion publicada por,Global
9788526009882,es un codigo ISBN de una edicion publicada por,Global Editora
9788526009882,está escrito en,Portugués
8526009885,es un codigo ISBN para el libro,23 histórias de um viajante
8526009885,es un codigo ISBN de una edicion publicada por,Global
8526009885,es un codigo ISBN de una edicion publicada por,Global Editora
8526009885,está escrito en,Portugués
Marina Colasanti,es autor de la obra,23 histórias de um viajante
9788526001763,es un codigo ISBN para el libro,Com certeza tenho amor
9788526001763,es un codigo ISBN de una edicion publicada por,Global Editora
9788526001763,está escrito en,Portugués
Marina Colasanti,es autor de la obra,Com certeza tenho amor
Com certeza tenho amor,pertenece al género,Short stories
9789580484912,es un codigo ISBN para el libro,El Hombre Que No Paraba de Crecer
9789580484912,es un codigo ISBN de una edicion publicada por,Grupo Editorial Norma
9789580484912,está escrito en,Español
9580484910,es un codigo ISBN para el libro,El Hombre Que No Paraba de Crecer
9580484910,es un codigo ISBN de una edicion publicada por,Grupo Editorial Norma
9580484910,está escrito en,Español
Marina Colasanti,es autor de la obra,El Hombre Que No Paraba de Crecer
9789580482680,es un codigo ISBN para el libro,Fragatas Para Tierras Lejanas (Catalejo)
9789580482680,es un codigo ISBN de una edicion publicada por,Grupo Editorial Norma
9789580482680,está escrito en,Español
9580482683,es un codigo ISBN para el libro,Fragatas Para Tierras Lejanas (Catalejo)
9580482683,es un codigo ISBN de una edicion publicada por,Grupo Editorial Norma
9580482683,está escrito en,Español
Marina Colasanti,es autor de la obra,Fragatas Para Tierras Lejanas (Catalejo)
9580709343,es un codigo ISBN para el libro,La mano en la masa y otros cuentos
9580709343,es un codigo ISBN de una edicion publicada por,EDILUX
9580709343,está escrito en,Español
Marina Colasanti,es autor de la obra,La mano en la masa y otros cuentos
La mano en la masa y otros cuentos,pertenece al género,"Children's stories, Colombian"
8508076835,es un codigo ISBN para el libro,Penélope manda lembranças
8508076835,es un codigo ISBN de una edicion publicada por,Editora Atica
8508076835,está escrito en,Portugués
Marina Colasanti,es autor de la obra,Penélope manda lembranças
9701890795,es un codigo ISBN para el libro,Una edad a flor de piel
9701890795,es un codigo ISBN de una edicion publicada por,CONACULTA
9701890795,está escrito en,Español
9789701890790,es un codigo ISBN para el libro,Una edad a flor de piel
9789701890790,es un codigo ISBN de una edicion publicada por,CONACULTA
9789701890790,está escrito en,Español
9789703506101,es un codigo ISBN para el libro,Una edad a flor de piel
9789703506101,es un codigo ISBN de una edicion publicada por,CONACULTA
9789703506101,está escrito en,Español
9703506100,es un codigo ISBN para el libro,Una edad a flor de piel
9703506100,es un codigo ISBN de una edicion publicada por,CONACULTA
9703506100,está escrito en,Español
Marina Colasanti,es autor de la obra,Una edad a flor de piel
Una edad a flor de piel,pertenece al género,Congresses
Una edad a flor de piel,pertenece al género,Books and reading
Una edad a flor de piel,pertenece al género,Young adult literature
846677842X,es un codigo ISBN para el libro,En el laberinto del viento (Libros Para Jovenes-leer Y Pensar) (Spanish Edition)
846677842X,es un codigo ISBN de una edicion publicada por,Grupo Anaya Comercial
9788466778428,es un codigo ISBN para el libro,En el laberinto del viento (Libros Para Jovenes-leer Y Pensar) (Spanish Edition)
9788466778428,es un codigo ISBN de una edicion publicada por,Grupo Anaya Comercial
Marina Colasanti,es autor de la obra,En el laberinto del viento (Libros Para Jovenes-leer Y Pensar) (Spanish Edition)
Danila Comastri Montanari,es de nacionalidad,Italy
8871333438,es un codigo ISBN para el libro,Cave canem
8871333438,es un codigo ISBN de una edicion publicada por,Hobby & work
8871333438,está escrito en,Italiano
Danila Comastri Montanari,es autor de la obra,Cave canem
8878511714,es un codigo ISBN para el libro,Tenebrae
8878511714,es un codigo ISBN de una edicion publicada por,Hobby & work
8878511714,está escrito en,Italiano
Danila Comastri Montanari,es autor de la obra,Tenebrae
Tenebrae,pertenece al género,History
Tenebrae,pertenece al género,Fiction
881166084X,es un codigo ISBN para el libro,La campana dell'arciprete
881166084X,es un codigo ISBN de una edicion publicada por,Garzanti
881166084X,está escrito en,Italiano
Danila Comastri Montanari,es autor de la obra,La campana dell'arciprete
8871334787,es un codigo ISBN para el libro,Gallia est
8871334787,es un codigo ISBN de una edicion publicada por,Hobby & work
8871334787,está escrito en,Italiano
Danila Comastri Montanari,es autor de la obra,Gallia est
Gallia est,pertenece al género,Fiction
Gallia est,pertenece al género,History
9788804573647,es un codigo ISBN para el libro,Terrore
9788804573647,es un codigo ISBN de una edicion publicada por,Mondadori
9788804573647,está escrito en,Italiano
Danila Comastri Montanari,es autor de la obra,Terrore
8871333489,es un codigo ISBN para el libro,Parce sepulto
8871333489,es un codigo ISBN de una edicion publicada por,Hobby & work
Danila Comastri Montanari,es autor de la obra,Parce sepulto
8871337107,es un codigo ISBN para el libro,Ars moriendi
8871337107,es un codigo ISBN de una edicion publicada por,Hobby & work
8871337107,está escrito en,Italiano
Danila Comastri Montanari,es autor de la obra,Ars moriendi
Ars moriendi,pertenece al género,Fiction
Ars moriendi,pertenece al género,History
9783442453375,es un codigo ISBN para el libro,Der Fluch des Orakels. Ein Fall für Publius Aurelius
9783442453375,es un codigo ISBN de una edicion publicada por,Goldmann
3442453372,es un codigo ISBN para el libro,Der Fluch des Orakels. Ein Fall für Publius Aurelius
3442453372,es un codigo ISBN de una edicion publicada por,Goldmann
Danila Comastri Montanari,es autor de la obra,Der Fluch des Orakels. Ein Fall für Publius Aurelius
8881030969,es un codigo ISBN para el libro,Il panno di mastro Gervaso
8881030969,es un codigo ISBN de una edicion publicada por,Diabasis
8881030969,está escrito en,Italiano
Danila Comastri Montanari,es autor de la obra,Il panno di mastro Gervaso
Il panno di mastro Gervaso,pertenece al género,Fiction
Il panno di mastro Gervaso,pertenece al género,History
8871339029,es un codigo ISBN para el libro,Olympia
8871339029,es un codigo ISBN de una edicion publicada por,Hobby & work
8871339029,está escrito en,Italiano
Danila Comastri Montanari,es autor de la obra,Olympia
888611317X,es un codigo ISBN para el libro,Ricette per un delitto
888611317X,es un codigo ISBN de una edicion publicada por,Periplo
888611317X,está escrito en,Italiano
Danila Comastri Montanari,es autor de la obra,Ricette per un delitto
8881030586,es un codigo ISBN para el libro,Una strada giallo sangue
8881030586,es un codigo ISBN de una edicion publicada por,Diabasis
8881030586,está escrito en,Italiano
Danila Comastri Montanari,es autor de la obra,Una strada giallo sangue
Una strada giallo sangue,pertenece al género,Fiction
Una strada giallo sangue,pertenece al género,Italian Detective and mystery stories
9788878516625,es un codigo ISBN para el libro,Nemesis
9788878516625,es un codigo ISBN de una edicion publicada por,Hobby & work
9788878516625,está escrito en,Italiano
Danila Comastri Montanari,es autor de la obra,Nemesis
Nemesis,pertenece al género,Fiction
8886981511,es un codigo ISBN para el libro,Istigazione a delinquere
8886981511,es un codigo ISBN de una edicion publicada por,Todaro
8886981511,está escrito en,Italiano
Danila Comastri Montanari,es autor de la obra,Istigazione a delinquere
Istigazione a delinquere,pertenece al género,Italian Detective and mystery stories
9788804630982,es un codigo ISBN para el libro,Pallida mors
9788804630982,es un codigo ISBN de una edicion publicada por,Mondadori
9788804630982,está escrito en,Italiano
Danila Comastri Montanari,es autor de la obra,Pallida mors
887851134X,es un codigo ISBN para el libro,"Publio Aurelio, un ivestigatore nell'antica Roma"
887851134X,es un codigo ISBN de una edicion publicada por,Hobby & work
Danila Comastri Montanari,es autor de la obra,"Publio Aurelio, un ivestigatore nell'antica Roma"
9788804608851,es un codigo ISBN para el libro,Tabula rasa
9788804608851,es un codigo ISBN de una edicion publicada por,Mondadori
9788804608851,está escrito en,Italiano
Danila Comastri Montanari,es autor de la obra,Tabula rasa
9788878519312,es un codigo ISBN para el libro,Dura lex
9788878519312,es un codigo ISBN de una edicion publicada por,Hobby & work
9788878519312,está escrito en,Italiano
Danila Comastri Montanari,es autor de la obra,Dura lex
8849116721,es un codigo ISBN para el libro,Bologna fra storia e fantasia
8849116721,es un codigo ISBN de una edicion publicada por,CLUEB
8849116721,está escrito en,Italiano
9788849116724,es un codigo ISBN para el libro,Bologna fra storia e fantasia
9788849116724,es un codigo ISBN de una edicion publicada por,CLUEB
9788849116724,está escrito en,Italiano
9788849117776,es un codigo ISBN para el libro,Bologna fra storia e fantasia
9788849117776,es un codigo ISBN de una edicion publicada por,CLUEB
9788849117776,está escrito en,Italiano
8849117779,es un codigo ISBN para el libro,Bologna fra storia e fantasia
8849117779,es un codigo ISBN de una edicion publicada por,CLUEB
8849117779,está escrito en,Italiano
Danila Comastri Montanari,es autor de la obra,Bologna fra storia e fantasia
Bologna fra storia e fantasia,pertenece al género,"Buildings, structures"
Bologna fra storia e fantasia,pertenece al género,Gates
Bologna fra storia e fantasia,pertenece al género,Fortification
Marcella Albani,es de nacionalidad,Italy
Martine Brochard,es de nacionalidad,Italy
Daniela Rocca,es de nacionalidad,Italy
9788866080305,es un codigo ISBN para el libro,La gestazione del castoro
9788866080305,es un codigo ISBN de una edicion publicada por,Neos
9788866080305,está escrito en,Italiano
Daniela Rocca,es autor de la obra,La gestazione del castoro
La gestazione del castoro,pertenece al género,Diaries
La gestazione del castoro,pertenece al género,Italians
La gestazione del castoro,pertenece al género,History
9788895283807,es un codigo ISBN para el libro,I piedi di Mary Poppins
9788895283807,es un codigo ISBN de una edicion publicada por,Antigone
9788895283807,está escrito en,Italiano
Daniela Rocca,es autor de la obra,I piedi di Mary Poppins
Susanna Agnelli,es de nacionalidad,Italy
8804306440,es un codigo ISBN para el libro,Vestivamo alla marinara
8804306440,es un codigo ISBN de una edicion publicada por,Arnoldo Mondadori
8804306440,está escrito en,Italiano
Susanna Agnelli,es autor de la obra,Vestivamo alla marinara
0297771027,es un codigo ISBN para el libro,We always wore sailor suits
0297771027,es un codigo ISBN de una edicion publicada por,"Orion Publishing Group, Limited"
0297771027,es un codigo ISBN de una edicion publicada por,Weidenfeld and Nicolson
0297771027,está escrito en,Inglés
067075322X,es un codigo ISBN para el libro,We always wore sailor suits
067075322X,es un codigo ISBN de una edicion publicada por,Viking Press
067075322X,está escrito en,Inglés
Susanna Agnelli,es autor de la obra,We always wore sailor suits
We always wore sailor suits,pertenece al género,"Fascism, italy"
0297790129,es un codigo ISBN para el libro,Street children
0297790129,es un codigo ISBN de una edicion publicada por,Weidenfeld and Nicolson
0297790129,está escrito en,Inglés
0297790129,es un codigo ISBN de una edicion publicada por,"Orion Publishing Group, Limited"
Susanna Agnelli,es autor de la obra,Street children
Street children,pertenece al género,Vagrant Children
Street children,pertenece al género,Child welfare
Street children,pertenece al género,Vagrant children
2701306957,es un codigo ISBN para el libro,"Les Enfants de la rue, l'autre visage de la ville"
2701306957,es un codigo ISBN de una edicion publicada por,Berger-Levrault
2701306957,está escrito en,Francés
Susanna Agnelli,es autor de la obra,"Les Enfants de la rue, l'autre visage de la ville"
"Les Enfants de la rue, l'autre visage de la ville",pertenece al género,Street children
9783492107266,es un codigo ISBN para el libro,Wir trugen immer Matrosenkleider
9783492107266,es un codigo ISBN de una edicion publicada por,Piper
9783492107266,está escrito en,Alemán
3492107265,es un codigo ISBN para el libro,Wir trugen immer Matrosenkleider
3492107265,es un codigo ISBN de una edicion publicada por,Piper
3492107265,está escrito en,Alemán
Susanna Agnelli,es autor de la obra,Wir trugen immer Matrosenkleider
Wir trugen immer Matrosenkleider,pertenece al género,Susanna Agnelli
8804379022,es un codigo ISBN para el libro,Questo libro è tuo
8804379022,es un codigo ISBN de una edicion publicada por,A. Mondadori
8804379022,está escrito en,Italiano
Susanna Agnelli,es autor de la obra,Questo libro è tuo
9783596220373,es un codigo ISBN para el libro,Wir trugen immer Matrosenkleider.
9783596220373,es un codigo ISBN de una edicion publicada por,"Fischer-TB.-Vlg.,Ffm"
3596220378,es un codigo ISBN para el libro,Wir trugen immer Matrosenkleider.
3596220378,es un codigo ISBN de una edicion publicada por,"Fischer-TB.-Vlg.,Ffm"
Susanna Agnelli,es autor de la obra,Wir trugen immer Matrosenkleider.
0517341417,es un codigo ISBN para el libro,The Encyclopedia of Italian cooking
0517341417,es un codigo ISBN de una edicion publicada por,Crescent Books
0517341417,está escrito en,Inglés
Susanna Agnelli,es autor de la obra,The Encyclopedia of Italian cooking
The Encyclopedia of Italian cooking,pertenece al género,Italian Cookery
The Encyclopedia of Italian cooking,pertenece al género,Italian Cooking
2731800909,es un codigo ISBN para el libro,Encyclopédie de la cuisine italienne
2731800909,es un codigo ISBN de una edicion publicada por,Compagnie Internationale du Livre
2731800909,está escrito en,Francés
9782731800906,es un codigo ISBN para el libro,Encyclopédie de la cuisine italienne
9782731800906,es un codigo ISBN de una edicion publicada por,Compagnie Internationale du Livre
9782731800906,está escrito en,Francés
Susanna Agnelli,es autor de la obra,Encyclopédie de la cuisine italienne
Encyclopédie de la cuisine italienne,pertenece al género,Italian Cooking
Mario Benzing,es de nacionalidad,Italy
Giuliana Sgrena,es de nacionalidad,Italy
9781931859394,es un codigo ISBN para el libro,Friendly Fire
9781931859394,es un codigo ISBN de una edicion publicada por,Haymarket Books
9781931859394,está escrito en,Inglés
1931859396,es un codigo ISBN para el libro,Friendly Fire
1931859396,es un codigo ISBN de una edicion publicada por,Haymarket Books
1931859396,está escrito en,Inglés
3548369219,es un codigo ISBN para el libro,Friendly Fire
3548369219,es un codigo ISBN de una edicion publicada por,Ullstein Buchverlage GmbH
3548369219,es un codigo ISBN de una edicion publicada por,Ullstein Taschenbuchvlg.
3548369219,está escrito en,Alemán
9783548369211,es un codigo ISBN para el libro,Friendly Fire
9783548369211,es un codigo ISBN de una edicion publicada por,Ullstein Buchverlage GmbH
9783548369211,es un codigo ISBN de una edicion publicada por,Ullstein Taschenbuchvlg.
9783548369211,está escrito en,Alemán
Giuliana Sgrena,es autor de la obra,Friendly Fire
Friendly Fire,pertenece al género,Journalists
Friendly Fire,pertenece al género,USA
Friendly Fire,pertenece al género,Italian Personal narratives
8872852668,es un codigo ISBN para el libro,Alla scuola dei Taleban
8872852668,es un codigo ISBN de una edicion publicada por,Manifestolibri
8872852668,está escrito en,Italiano
Giuliana Sgrena,es autor de la obra,Alla scuola dei Taleban
Alla scuola dei Taleban,pertenece al género,Islamic fundamentalism
Alla scuola dei Taleban,pertenece al género,Taliban
8807171120,es un codigo ISBN para el libro,Fuoco amico
8807171120,es un codigo ISBN de una edicion publicada por,Feltrinelli
8807171120,está escrito en,Italiano
Giuliana Sgrena,es autor de la obra,Fuoco amico
Fuoco amico,pertenece al género,"Iraq War, 2003-"
Fuoco amico,pertenece al género,Italian Personal narratives
Fuoco amico,pertenece al género,Journalists
8872853311,es un codigo ISBN para el libro,Il fronte Iraq
8872853311,es un codigo ISBN de una edicion publicada por,Manifestolibri
8872853311,está escrito en,Italiano
Giuliana Sgrena,es autor de la obra,Il fronte Iraq
Il fronte Iraq,pertenece al género,History
Il fronte Iraq,pertenece al género,"Iraq War, 2003-"
Il fronte Iraq,pertenece al género,Italian Personal narratives
9788842819370,es un codigo ISBN para el libro,Rivoluzioni violate
9788842819370,es un codigo ISBN de una edicion publicada por,Il saggiatore
9788842819370,está escrito en,Italiano
Giuliana Sgrena,es autor de la obra,Rivoluzioni violate
Rivoluzioni violate,pertenece al género,Women
Rivoluzioni violate,pertenece al género,Political activity
Rivoluzioni violate,pertenece al género,Social conditions
9788807171468,es un codigo ISBN para el libro,Il prezzo del velo
9788807171468,es un codigo ISBN de una edicion publicada por,Feltrinelli
9788807171468,está escrito en,Italiano
Giuliana Sgrena,es autor de la obra,Il prezzo del velo
Il prezzo del velo,pertenece al género,Muslim women
Il prezzo del velo,pertenece al género,Social conditions
Il prezzo del velo,pertenece al género,Hijab (Islamic clothing)
9961645847,es un codigo ISBN para el libro,Embuscade à Bagdad
9961645847,es un codigo ISBN de una edicion publicada por,Casbah éditions
9961645847,está escrito en,Francés
9789961645840,es un codigo ISBN para el libro,Embuscade à Bagdad
9789961645840,es un codigo ISBN de una edicion publicada por,Casbah éditions
9789961645840,está escrito en,Francés
Giuliana Sgrena,es autor de la obra,Embuscade à Bagdad
Embuscade à Bagdad,pertenece al género,"Iraq War, 2003-2011"
Embuscade à Bagdad,pertenece al género,Italian Personal narratives
Embuscade à Bagdad,pertenece al género,"Kidnapping, 2005"
9788807171840,es un codigo ISBN para el libro,Il ritorno
9788807171840,es un codigo ISBN de una edicion publicada por,G. Feltrinelli
9788807171840,está escrito en,Italiano
Giuliana Sgrena,es autor de la obra,Il ritorno
Il ritorno,pertenece al género,Travel
Il ritorno,pertenece al género,Description and travel
Il ritorno,pertenece al género,History
9788842826071,es un codigo ISBN para el libro,Manifesto per la verità
9788842826071,es un codigo ISBN de una edicion publicada por,Il Saggiatore
9788842826071,está escrito en,Italiano
Giuliana Sgrena,es autor de la obra,Manifesto per la verità
Manifesto per la verità,pertenece al género,Fake news
Manifesto per la verità,pertenece al género,Hoaxes in mass media
Manifesto per la verità,pertenece al género,Disinformation
Antonio Amurri,es de nacionalidad,Italy
8824703909,es un codigo ISBN para el libro,Vita in famiglia
8824703909,es un codigo ISBN de una edicion publicada por,Mondadori per la scuola
8824703909,está escrito en,Italiano
9788824703901,es un codigo ISBN para el libro,Vita in famiglia
9788824703901,es un codigo ISBN de una edicion publicada por,Mondadori per la scuola
9788824703901,está escrito en,Italiano
Antonio Amurri,es autor de la obra,Vita in famiglia
8804348798,es un codigo ISBN para el libro,Piccolissimo
8804348798,es un codigo ISBN de una edicion publicada por,A. Mondadori
8804348798,está escrito en,Italiano
Antonio Amurri,es autor de la obra,Piccolissimo
8804325623,es un codigo ISBN para el libro,Qui lo dico e qui lo nego
8804325623,es un codigo ISBN de una edicion publicada por,A. Mondadori
8804325623,está escrito en,Italiano
Antonio Amurri,es autor de la obra,Qui lo dico e qui lo nego
8804299169,es un codigo ISBN para el libro,Più di là che di qua
8804299169,es un codigo ISBN de una edicion publicada por,A. Mondadori
8804299169,está escrito en,Italiano
Antonio Amurri,es autor de la obra,Più di là che di qua
Domiziana Giordano,es de nacionalidad,Italy
Sandra Milo,es de nacionalidad,Italy
9040088012,es un codigo ISBN para el libro,Emaille
9040088012,es un codigo ISBN de una edicion publicada por,Waanders
9040088012,está escrito en,Neerlandés
Sandra Milo,es autor de la obra,Emaille
Emaille,pertenece al género,Enamel and enameling
Emaille,pertenece al género,Exhibitions
Giulio Angioni,es de nacionalidad,Italy
8835929199,es un codigo ISBN para el libro,Potere senza Stato
8835929199,es un codigo ISBN de una edicion publicada por,Editori Riuniti
8835929199,está escrito en,Italiano
Giulio Angioni,es autor de la obra,Potere senza Stato
Potere senza Stato,pertenece al género,Political anthropology
Potere senza Stato,pertenece al género,Congresses
Potere senza Stato,pertenece al género,The State
9788889801185,es un codigo ISBN para el libro,Una ignota compagnia
9788889801185,es un codigo ISBN de una edicion publicada por,Il maestrale
9788889801185,está escrito en,Italiano
8889801182,es un codigo ISBN para el libro,Una ignota compagnia
8889801182,es un codigo ISBN de una edicion publicada por,Il maestrale
8889801182,está escrito en,Italiano
Giulio Angioni,es autor de la obra,Una ignota compagnia
8884673658,es un codigo ISBN para el libro,Sardegna
8884673658,es un codigo ISBN de una edicion publicada por,CUEC
8884673658,es un codigo ISBN de una edicion publicada por,ISRE
8884673658,está escrito en,Italiano
9788884673657,es un codigo ISBN para el libro,Sardegna
9788884673657,es un codigo ISBN de una edicion publicada por,CUEC
9788884673657,es un codigo ISBN de una edicion publicada por,ISRE
9788884673657,está escrito en,Italiano
Giulio Angioni,es autor de la obra,Sardegna
Sardegna,pertenece al género,Italians
Sardegna,pertenece al género,Congresses
Sardegna,pertenece al género,Ethnic identity
9788864290232,es un codigo ISBN para el libro,Doppio cielo
9788864290232,es un codigo ISBN de una edicion publicada por,Il maestrale
9788864290232,está escrito en,Italiano
Giulio Angioni,es autor de la obra,Doppio cielo
9788884674906,es un codigo ISBN para el libro,Tempus
9788884674906,es un codigo ISBN de una edicion publicada por,CUEC
9788884674906,está escrito en,srd
Giulio Angioni,es autor de la obra,Tempus
9788838922725,es un codigo ISBN para el libro,Afa
9788838922725,es un codigo ISBN de una edicion publicada por,Sellerio
9788838922725,está escrito en,Italiano
Giulio Angioni,es autor de la obra,Afa
9788862020947,es un codigo ISBN para el libro,Sardonica
9788862020947,es un codigo ISBN de una edicion publicada por,Ilisso
9788862020947,está escrito en,Italiano
Giulio Angioni,es autor de la obra,Sardonica
888470040X,es un codigo ISBN para el libro,Pane e formaggio e altre cose di Sardegna
888470040X,es un codigo ISBN de una edicion publicada por,Zonza
888470040X,está escrito en,Italiano
Giulio Angioni,es autor de la obra,Pane e formaggio e altre cose di Sardegna
Pane e formaggio e altre cose di Sardegna,pertenece al género,Folklore
Pane e formaggio e altre cose di Sardegna,pertenece al género,Food habits
Pane e formaggio e altre cose di Sardegna,pertenece al género,Social life and customs
8820477777,es un codigo ISBN para el libro,Sguardi e modelli
8820477777,es un codigo ISBN de una edicion publicada por,FrancoAngeli
8820477777,está escrito en,Italiano
Giulio Angioni,es autor de la obra,Sguardi e modelli
Sguardi e modelli,pertenece al género,Ethnology
Sguardi e modelli,pertenece al género,Philosophy
Sguardi e modelli,pertenece al género,Methodology
9788838926532,es un codigo ISBN para el libro,Il dito alzato
9788838926532,es un codigo ISBN de una edicion publicada por,Sellerio
9788838926532,está escrito en,Italiano
Giulio Angioni,es autor de la obra,Il dito alzato
9788864291260,es un codigo ISBN para el libro,Oremari
9788864291260,es un codigo ISBN de una edicion publicada por,Il maestrale
9788864291260,está escrito en,Italiano
Giulio Angioni,es autor de la obra,Oremari
9782864245131,es un codigo ISBN para el libro,A table !
9782864245131,es un codigo ISBN de una edicion publicada por,Editions Métailié
2864245132,es un codigo ISBN para el libro,A table !
2864245132,es un codigo ISBN de una edicion publicada por,Editions Métailié
Giulio Angioni,es autor de la obra,A table !
9788838925030,es un codigo ISBN para el libro,Gabbiani sul Carso
9788838925030,es un codigo ISBN de una edicion publicada por,Sellerio
9788838925030,está escrito en,Italiano
8838925038,es un codigo ISBN para el libro,Gabbiani sul Carso
8838925038,es un codigo ISBN de una edicion publicada por,Sellerio
8838925038,está escrito en,Italiano
Giulio Angioni,es autor de la obra,Gabbiani sul Carso
8886109202,es un codigo ISBN para el libro,L' oro di Fraus
8886109202,es un codigo ISBN de una edicion publicada por,Il Maestrale
8886109202,está escrito en,Italiano
9788886109208,es un codigo ISBN para el libro,L' oro di Fraus
9788886109208,es un codigo ISBN de una edicion publicada por,Il Maestrale
9788886109208,está escrito en,Italiano
Giulio Angioni,es autor de la obra,L' oro di Fraus
8886109474,es un codigo ISBN para el libro,Il gioco del mondo
8886109474,es un codigo ISBN de una edicion publicada por,Il maestrale
8886109474,está escrito en,Italiano
9788886109475,es un codigo ISBN para el libro,Il gioco del mondo
9788886109475,es un codigo ISBN de una edicion publicada por,Il maestrale
9788886109475,está escrito en,Italiano
Giulio Angioni,es autor de la obra,Il gioco del mondo
8886434138,es un codigo ISBN para el libro,Santa Gilla
8886434138,es un codigo ISBN de una edicion publicada por,Demos
8886434138,está escrito en,Italiano
Giulio Angioni,es autor de la obra,Santa Gilla
Santa Gilla,pertenece al género,Natural history
Santa Gilla,pertenece al género,Description and travel
Santa Gilla,pertenece al género,History
8814001200,es un codigo ISBN para el libro,La Ragione dell'utopia
8814001200,es un codigo ISBN de una edicion publicada por,A. Giuffrè
8814001200,está escrito en,Italiano
Giulio Angioni,es autor de la obra,La Ragione dell'utopia
La Ragione dell'utopia,pertenece al género,Nationalism
La Ragione dell'utopia,pertenece al género,Civilization
8886109911,es un codigo ISBN para el libro,Alba dei giorni bui
8886109911,es un codigo ISBN de una edicion publicada por,Il maestrale
8886109911,está escrito en,Italiano
Giulio Angioni,es autor de la obra,Alba dei giorni bui
8838919917,es un codigo ISBN para el libro,Assandira
8838919917,es un codigo ISBN de una edicion publicada por,Sellerio
8838919917,está escrito en,Italiano
Giulio Angioni,es autor de la obra,Assandira
Assandira,pertenece al género,Agritourism
Assandira,pertenece al género,Fiction
8831753584,es un codigo ISBN para el libro,Il sale sulla ferita
8831753584,es un codigo ISBN de una edicion publicada por,Marsilio
8831753584,está escrito en,Italiano
Giulio Angioni,es autor de la obra,Il sale sulla ferita
8820718618,es un codigo ISBN para el libro,I pascoli erranti
8820718618,es un codigo ISBN de una edicion publicada por,Liguori
8820718618,está escrito en,Italiano
Giulio Angioni,es autor de la obra,I pascoli erranti
I pascoli erranti,pertenece al género,Shepherds
I pascoli erranti,pertenece al género,Herders
I pascoli erranti,pertenece al género,Sardinia (Italy)
9788889801253,es un codigo ISBN para el libro,La pelle intera
9788889801253,es un codigo ISBN de una edicion publicada por,Il maestrale
9788889801253,está escrito en,Italiano
Giulio Angioni,es autor de la obra,La pelle intera
8838920974,es un codigo ISBN para el libro,Le fiamme di Toledo
8838920974,es un codigo ISBN de una edicion publicada por,Sellerio
8838920974,está escrito en,Italiano
Giulio Angioni,es autor de la obra,Le fiamme di Toledo
8886109598,es un codigo ISBN para el libro,Millant'anni
8886109598,es un codigo ISBN de una edicion publicada por,Il maestrale
8886109598,está escrito en,Italiano
Giulio Angioni,es autor de la obra,Millant'anni
8884671264,es un codigo ISBN para el libro,Pratiche e saperi
8884671264,es un codigo ISBN de una edicion publicada por,CUEC
8884671264,está escrito en,Italiano
9788884671264,es un codigo ISBN para el libro,Pratiche e saperi
9788884671264,es un codigo ISBN de una edicion publicada por,CUEC
9788884671264,está escrito en,Italiano
Giulio Angioni,es autor de la obra,Pratiche e saperi
Pratiche e saperi,pertenece al género,Anthropology
Pratiche e saperi,pertenece al género,Ethnology
Pratiche e saperi,pertenece al género,Social life and customs
"""Col nuovo sole ti disturberò""",es del año,2022
"""Sono il pero e la zucca di me stesso""",es del año,2020
'A livella,es del año,1991
... und Don Camillo mittendrin,es del año,1990
100 skills you'll need for the end of the world as we know it,es del año,2015
1912 più 1,es del año,1986
"1941-1998, una scuola di scultura",es del año,2009
1948,es del año,2005
1949,es del año,2006
1953,es del año,2007
2000,es del año,2007
23 histórias de um viajante,es del año,2005
687 km di speranza,es del año,1988
8ư,es del año,1987
A Elodì,es del año,2005
A Gerusalemme,es del año,2012
A Sbagliare Le Storie,es del año,2009
A carte scoperte,es del año,2012
A casa das palavras,es del año,2002
A ciascuno il suo,es del año,1976
A difficult spring,es del año,2009
A era dos direitos,es del año,1992
A futura memoria,es del año,2000
A table !,es del año,2004
A vertical forest,es del año,2015
"ALESSANDRO BARICCO, IL NUOVO B",es del año,2018
"AMARCORD, Portarit of a Town",es del año,1975
Accadde a Tuscamelot,es del año,2005
Accidental Death of an Anarchist,es del año,2016
"Accoppiamenti giudiziosi, 1924-1958",es del año,2011
Achille Perilli,es del año,1988
Achtung Banditen!,es del año,1994
Adultery and Other Diversions,es del año,2011
Advances in Friedel-Crafts acylation reactions,es del año,2009
Aeroplani,es del año,2009
Afa,es del año,2008
"Agente X.99, cuentos y versos del espacio",es del año,2021
Al sud,es del año,1996
Aladino,es del año,1997
Alba dei giorni bui,es del año,2005
Aldo Moro Vakasi,es del año,2016
Ali della sfinge,es del año,2009
All'ombra di Sgt. Pepper,es del año,2007
Alla scoperta del passato,es del año,1987
Alla scuola dei Taleban,es del año,2002
"Alla tua salute, amore mio",es del año,2007
Alle meine Gipfel,es del año,2008
Alligatore,es del año,2011
Alphabets d'Éros,es del año,1976
Altin Gozluk,es del año,2016
Altri cento nonni della Repubblica,es del año,2003
Amb l'aigua al coll,es del año,2011
Amerika'nin Yasak Hikayesi,es del año,2017
Anatomy of the cortex,es del año,1991
Anatomía de un corazón salvaje,es del año,2021
Ani lo mefaḥed,es del año,2004
Anima mundi,es del año,1997
Anna,es del año,2015
Another Way...Choosing to Change,es del año,2014
Antenate bestie da manicomio,es del año,2008
Antes de virar gigante,es del año,2010
Anticomunismo positivo,es del año,2008
Approdo in Grecia,es del año,1995
Armin Linke,es del año,2003
"Arrivederci amore, ciao",es del año,2004
Ars moriendi,es del año,2003
Art and the media,es del año,1990
Arte essenziale,es del año,2011
Artigianato Veneto,es del año,1996
Arturo Martini,es del año,1985
Arturo Martini Sculpture 1889-1947,es del año,1991
Arturo Martini a Faenza,es del año,1994
Arturo Martini e il monumento per il Palazzo di giustizia a Milano,es del año,2018
"Arturo Martini, Figliol prodigo",es del año,1995
As God commands,es del año,2009
Ascensions dans les Alpes,es del año,1998
Assandira,es del año,2004
Assassinio a Villa Borghese,es del año,2019
At The End Of A Dull Day,es del año,2013
Attalo e Fellini al Marc'Aurelio,es del año,1995
August heat,es del año,2009
Ausschwitz et le silence de la Croix,es del año,1999
Aussetzer,es del año,2016
Autobiografia di un cattolico marginale,es del año,2014
Autobiografia in do minore,es del año,2006
Autografie dell'età minore,es del año,2016
Autoritratto,es del año,2008
Avant pop '68,es del año,2008
Avventura e amori cercando,es del año,1994
BEYOND Book 1,es del año,2019
BEYOND Book 2,es del año,2020
BEYOND Book 4,es del año,2020
Baile en el Kremlin,es del año,2016
Balikcil,es del año,2017
Ballata breve di un gatto da strada - Via e morte di Malcolm X,es del año,2021
Ballata per un traditore,es del año,2020
Barbarians,es del año,2014
Bare thoughts,es del año,2002
Baruchello,es del año,2011
"Baruchello, fuoricampo",es del año,1997
Behind the Door,es del año,2017
Being Nude The Skin Of Images,es del año,2014
Belief or Nonbelief?,es del año,2001
Benvenuti a Spagna,es del año,2019
Benvenuti a Spagna Diario Di Viaggio per Bambini,es del año,2019
Bernardo Bertolucci,es del año,2000
Bertolucci Images,es del año,2011
Bertolucci by Bertolucci,es del año,1987
Bibliography on Economic Cooperation among Developing Countries 1981-1982,es del año,2019
Bide du dile xwe,es del año,2002
"Biocapitalismo, procesos de gobierno y movimientos sociales",es del año,2013
Biomilano,es del año,2011
Bir Telefonluk Masallar,es del año,2012
Blade of Light,es del año,2015
Block-notes di un regista,es del año,1988
Bologna fra storia e fantasia,es del año,2001
Bonaviri inedito,es del año,2001
Bookmarks,es del año,1995
Bosco Verticale,es del año,2025
Brain theory,es del año,1996
Brief an Matilda,es del año,2019
Buda y su glorioso mundo,es del año,1998
"Buongiorno, Oriente",es del año,2014
Buonvino e il caso del bambino scomparso,es del año,2020
Bàrnabo delle montagne,es del año,1994
C'eravamo tanto odiati,es del año,1997
CUENTOS ESCRITOS A MAQUINA,es del año,2010
"Ca din intamplare, femeie",es del año,2019
Caf of Stars,es del año,2005
Caliph and the Ayatollah,es del año,2018
Cane di terracotta,es del año,2002
Capodanno nero,es del año,2000
Cara Massimina,es del año,2012
Carissimo Simenon,es del año,1998
Carla Accardi,es del año,2000
Carlo Emilio Gadda,es del año,2012
Carlo Levi,es del año,2003
Carlo Levi e l'arte della politica,es del año,2019
Casalinghitudine,es del año,1987
Casanova's Alibi,es del año,2021
Categorie italiane,es del año,2010
Catfish,es del año,2006
Cavalcare la tigre,es del año,1995
Cavalcata delle vertigini,es del año,2009
Cave canem,es del año,1999
Ce qui reste d'Auschwitz,es del año,2003
Celestino e la famiglia Gentilissimi,es del año,2004
Celluloide,es del año,1995
"Cena del Señor, La",es del año,1998
Cerro Torre,es del año,2019
Certi piccoli amori 2,es del año,1998
"Che pioggia di sberle, bambola!",es del año,1970
Ciao,es del año,2015
City,es del año,1999
City by the Sea,es del año,2003
Cleaver,es del año,2010
Co zostaje z Auschwitz,es del año,2008
Cocaina,es del año,2013
Cocaine,es del año,2015
Codice ombra,es del año,1999
Coeur de lardon,es del año,1998
Coexistence in Wireless Networks,es del año,2006
Collodoro,es del año,2008
Colloqui sulla scultura,es del año,1997
Com Déu mana,es del año,2007
Com certeza tenho amor,es del año,2009
Comallamore,es del año,2009
Come sbagliare le riforme,es del año,1995
Commonwealth,es del año,2009
Como Dios manda,es del año,2007
Comunicar a Cristo hoy,es del año,1998
Con fedeltà immutata,es del año,2006
Con il Buddha di Alessandro Magno,es del año,2008
Con il cuore verso Dio,es del año,1995
Confusione di stelle,es del año,2019
Conoscere Picasso,es del año,1998
Consigli per un paese normale,es del año,2010
Contes per llegir en deu minuts,es del año,2010
Contes per telèfon. Edició Especial,es del año,2020
Conversazione con Clara Sereni,es del año,1996
Conversazione in una stanza chiusa,es del año,2009
Coppi's angel,es del año,2007
Cortex,es del año,1998
Cosa loro,es del año,1995
Creature di sogno =,es del año,2003
Crimini,es del año,2007
Crimini italiani,es del año,2008
Cristiani di Allah un noir mediterraneo,es del año,2008
Crossroads,es del año,2010
Crudele amore,es del año,1990
Crônicas para jovens,es del año,2012
Cuerpo de amor,es del año,2009
Cuore adolescente ; Trieste nei miei ricordi,es del año,1984
Cuore pensante,es del año,2015
Cutlery,es del año,2000
Cy Twombly,es del año,1985
Da inviato di guerra,es del año,2018
Da un grigio all'altro,es del año,1998
Dall'ombra,es del año,1999
Dalla struttura alla funzione,es del año,1984
Damiano Damiani,es del año,2014
Dario Fo,es del año,2013
Dario Fo dipinge Maria Callas,es del año,2015
Dario Fo über Dario Fo,es del año,1978
Dario e Dio,es del año,2016
Das Bild der Welt im Kopf,es del año,2009
Das Irrsal hilft: ein Projekt der Jungen Akademie an der Berlin-Brandenburgischen Akademie der Wissenschaft und der Deutschen Akademie der Naturforscher Leopoldina,es del año,2004
Das MG im Dekolleté,es del año,1973
Das Turmzimmer,es del año,2000
Das launische Eiland,es del año,2012
Daydreamy Child Takes a Walk,es del año,2023
De (prima) Re Publica,es del año,1996
De Dominicis a St. Moritz,es del año,2010
De Gasperi,es del año,2006
De Gasperi visto da vicino,es del año,1986
De Gustibus,es del año,2002
De Niro and Scorsese,es del año,2008
De dienares,es del año,2012
Death at Sea,es del año,2018
Del contemporaneo,es del año,2007
Delirio amoroso,es del año,2011
Democrazia e segreto,es del año,2011
"Democrazia, maggioranza e minoranze",es del año,1981
Demokratietheorie. Sonderausgabe,es del año,1997
Dentro le mura,es del año,1977
Der Fluch des Orakels. Ein Fall für Publius Aurelius,es del año,2003
Der Kuß der Medusa,es del año,2000
Der Märtyrer im schwarzen Hemd,es del año,2007
Der tiefgekühlte Mittelstürmer,es del año,1966
Der tiefgekülte mittelstürmer,es del año,1979
Destiny,es del año,2012
Diario Clandestino 1943 - 1945,es del año,2022
Diario De Un Extranjero En Paris,es del año,2013
Diario De Un Gran Amador,es del año,2002
Diario Di Viaggio Spagna,es del año,2019
Diario Di Viaggio per Donne Spagna,es del año,2019
Diario di un suonatore guercio,es del año,2023
Diario ultimo,es del año,2006
Diary of a Foreigner in Paris,es del año,2020
Die Arbeit des Dionysos,es del año,1997
Die Einsamkeit des Samariters,es del año,2003
Die Herausforderung,es del año,1977
Die Inschrift,es del año,2018
Die Natur ist unser Modell von ihr,es del año,1996
Die besten Kurzgeschichten,es del año,1982
Die grässliche Bescherung in der Via Merulana,es del año,1995
Die so Geliebte.,es del año,2004
Die so Geliebte. Roman um Annemarie Schwarzenbach,es del año,2003
Diletto,es del año,2009
Diritto costituzionale,es del año,1986
Diritto e potere,es del año,2014
Dizionario di filosofia,es del año,1998
Don Camaleón,es del año,2015
Don Camillo and Don Chichi,es del año,2021
Don Camillo and the Prodigal Son,es del año,1974
Don Camillo's Dilemma,es del año,1976
Don Juan,es del año,2013
Donde el corazón te lleve,es del año,1996
"Donne, famiglia e politica",es del año,1996
Dopo la fine di un mondo,es del año,2019
Doppio cielo,es del año,2010
Dreams,es del año,2017
Dromen over zeeën en rivieren,es del año,2008
Du retour,es del año,2004
Du und Ich,es del año,2012
Due bellissime signore,es del año,1993
Due romanzi e ventisette racconti,es del año,1991
Due stanze vuote,es del año,1991
Duemila metri della nostra vita,es del año,2011
Dura lex,es del año,2011
"Démocratie, dans quel état?",es del año,2009
Dünya Denen Koca Okul,es del año,2018
E se noi domani,es del año,2013
EL VIAJE DE MASTORNA,es del año,1995
EN LOS LÍMITES DE LA TIERRA,es del año,1991
ESCAPE from the BEYOND Book 1,es del año,2021
Economic Well-Being of the Elderly,es del año,2017
Ecoute ma voix,es del año,2006
Eduardo De Filippo scrittore,es del año,2004
Een volmaakte dag,es del año,2007
Een zee van niets,es del año,2008
"Effata Apriti - Lettera per il Programma Pastorale ""Comunicare""",es del año,1990
"Ein Mann, der vielleicht Schulz hieß",es del año,2001
"Ein Schlag auf den Schädel, und du bist eine Schönheit",es del año,1965
El Cine Revelado,es del año,2000
El Dolor Perfecto (Littera),es del año,2006
El Evangelio En Sus Fuentes,es del año,1994
El Giro de Italia,es del año,2014
El Hombre Que No Paraba de Crecer,es del año,2005
El Volga nace en Europa,es del año,2015
El campeón prohibido,es del año,2017
El cuiner de l'Alcyon,es del año,2023
El desert dels Tàrtars,es del año,2016
El desierto de los tártaros,es del año,2025
El hombrecillo de la lluvia,es del año,2007
El llibre dels perquès - Cel i Terra,es del año,2017
El olor del heno,es del año,1974
El rey campesino,es del año,2022
El secreto del Bosque Viejo,es del año,2004
Elementi di teoria politica,es del año,1987
Elementos De Teoria Politica (Alianza Ensayo),es del año,2005
Elementos de La Teoria Politica,es del año,1992
Elettroshock,es del año,2010
"Ella, Tan Amada",es del año,2006
"Ella, tan amada",es del año,2010
"Elle, tant aimée",es del año,2006
Els gats han vingut a prendre el te,es del año,2017
Els misteris d'Itàlia,es del año,2023
Elsass,es del año,2002
Emaille,es del año,2003
Emanuel Ungaro,es del año,2001
Embuscade à Bagdad,es del año,2006
Emmaus,es del año,2009
Empire,es del año,2000
Empire and Beyond,es del año,2009
En Russie et en Chine,es del año,2014
En el Laberinto Del Viento,es del año,1998
En el laberinto del viento (Libros Para Jovenes-leer Y Pensar) (Spanish Edition),es del año,2008
Enabling Dependable Communication in Cyber-Physical Systems with a Wireless Bus,es del año,2015
Enciclopedia Del Mentalismo - Vol. 8,es del año,2022
Enciclopedia Del Mentalismo - Vol. 8 Hard Cover,es del año,2022
Encyclopédie de la cuisine italienne,es del año,1982
Entre a espada e a rosa,es del año,1992
Entrepreneurship and Global Cities,es del año,2019
Eppure,es del año,1995
Eres como eres,es del año,2016
Erinnerungen des Herzens,es del año,1991
Eroi,es del año,2011
Eros and the Mysteries of Love,es del año,2018
Eros e Priapo,es del año,2016
Escola de fantasia,es del año,2017
Escucha mi voz,es del año,2007
Esercizi spirituali,es del año,2017
"Esistenza e metafisica, 1936-1962",es del año,1997
Eskale txikiak,es del año,2002
Espiritu libre,es del año,1993
Estoy contigo,es del año,2019
Estramonio (Littera),es del año,2004
Estudios de historia de la filosofía,es del año,1991
Eternamente vivo,es del año,2010
"Eu sei, mas não devia",es del año,1996
Eurocommunism,es del año,1978
Europa politica,es del año,2002
"Europa, Israele, Palestina",es del año,2004
Eutanasia,es del año,2004
Everest,es del año,2014
Excursion to Tindari,es del año,2005
FREE Mountaineering Books : EBook Sampler,es del año,2015
Fabbriche del soggetto,es del año,2013
Fabrique de porcelaine,es del año,2006
Fall of Spirituality,es del año,2021
Family Planning,es del año,2000
Fare di più con meno,es del año,2012
Fascismo e Terzo Reich,es del año,2001
Fate l'amore,es del año,2020
Favole per bambini pestiferi,es del año,2014
Federico Fellini,es del año,2006
Felice chi crede,es del año,2007
Fellini - zawód: reżyser,es del año,2003
Fellini's Filme,es del año,1976
Fellini's films,es del año,1977
Fenomenologie seriali,es del año,2010
Ferrari,es del año,2001
Festa della donna,es del año,2021
Figli di ferroviere,es del año,1999
Filastrocche in cielo e in ter,es del año,2014
Finale aperto,es del año,2005
Fiore di poesia,es del año,2014
Flash of art,es del año,2004
Flower of the desert,es del año,2015
Follow your heart,es del año,1995
Forse Dio è malato,es del año,2000
Foundations of Sustainable Business,es del año,2014
Fragatas Para Tierras Lejanas (Catalejo),es del año,2005
Fragatas para terras distantes,es del año,2004
Fragments d'une autobiographie,es del año,1987
Francesca Woodman,es del año,2000
Francesco Guccini dietro a frasi di canzoni,es del año,1993
Frank Capra,es del año,2004
Frank Sinatra,es del año,1991
"Frank Sinatra, l’italoamericano",es del año,2021
"François, le Saint Jongleur",es del año,2020
Fratelli di terra,es del año,2011
Fresh Moroccan,es del año,2006
Friendly Fire,es del año,2006
Fronteras permeables,es del año,2013
Fuoco amico,es del año,2005
Fuori,es del año,2003
Fuori da quelle mura,es del año,2012
Furibonda cresce la notte,es del año,2016
Furio Scarpelli,es del año,2021
GATES of HELL Book 1,es del año,2017
GATES of HELL Book 3,es del año,2018
Gabbiani sul Carso,es del año,2010
Gabriele Basilico,es del año,2018
Gallia est,es del año,2001
Garanzie processuali o responsabilità del giudice,es del año,1981
Gargantas abertas,es del año,1998
Gargoyle - Rivista Non Convenzionale Di Mentalismo - N. 4,es del año,2020
Gargoyle - Rivista Non Convenzionale Di Mentalismo - N. 5,es del año,2020
Gargoyle - Rivista Non Convenzionale Di Mentalismo - N. 6,es del año,2020
Gargoyle - Rivista Non Convenzionale Di Mentalismo - N. 7,es del año,2021
Garibaldi,es del año,2002
Gedroomde tijd,es del año,2006
Gehirngespinste,es del año,1973
Gescheit sein,es del año,1987
Geschichte einer großen Liebe,es del año,2022
Get Things Done,es del año,2020
Gezi urdina,es del año,1994
Ghigò,es del año,1990
Ghostly Demarcations,es del año,2008
Giallo Wave,es del año,2003
Gianfranco Baruchello,es del año,2017
Gianfranco Baruchello : Cold Cinema,es del año,2018
Girl Named Ivy,es del año,2022
Giusnaturalismo e positivismo giuridico,es del año,1984
Gli Ambasciatori veneti 1525-1792,es del año,1985
Gli USA visti da vicino,es del año,1989
Gli aborti,es del año,2008
Gli antisemiti progressisti,es del año,2004
Gli arancini di Montalbano,es del año,1999
Gli esercizi ignaziani alla luce del Vangelo di Matteo,es del año,2007
Gli occhi di una donna,es del año,1985
GlobAL,es del año,2006
Globalization and the Gulf,es del año,2006
Gocce di Sicilia,es del año,2001
Goodness,es del año,2012
Gorunmez Olan Tonino'nun Maceralari,es del año,2012
Governare con la crisi,es del año,1991
Governare da sinistra,es del año,1997
Grammatica della fantasia. Introduzione all'arte di inventare storie.,es del año,1973
Graphic classics,es del año,2006
Great humorous stories,es del año,1987
Greek New Testament,es del año,2006
Greek New Testament-FL-Nestle-Aland-Wide Margin,es del año,1968
Greek-English New Testament-FL,es del año,2006
Green Obsession,es del año,2021
Guerra del '15,es del año,2012
Guilty by Suspicion,es del año,2004
Güle güle,es del año,2003
HISTÓRIA DA FILOSOFIA - Marx; A Dialéctica; Engels; O Retorno Romântico à Tradição; O Positivismo Social; Proudhon; Comte; Stuart Mill; O PositivismoEvolucionista; Spencer; Taine; Renan; Nietzsche -,es del año,2000
HOUSE by the CEMETERY Book 1,es del año,2019
HOUSE by the CEMETERY Book 2,es del año,2019
HOUSE by the CEMETERY Book 3,es del año,2019
Haiku in Italia,es del año,1995
Heron,es del año,2018
Histoires à la courte-paille,es del año,1999
Historia de la pedagogi a,es del año,1981
Historia prohibida de América,es del año,2020
Ho sognato l'ospedale,es del año,1995
Ho visto un re,es del año,2006
Hollywood story,es del año,1988
Holy Jester!,es del año,2018
Home Thoughts,es del año,2012
"Home alone, The windows, The prompters: three plays by Dino Buzzati ; Wild boars at the forest's edge by Giuliano Scabia",es del año,2015
Homem que não Parava de Crescer,es del año,2005
Homo videns,es del año,2006
Hora de alimentar serpentes,es del año,2013
Hounds of God,es del año,2008
How to imagine,es del año,1983
Humachine,es del año,2019
Humblement vôtre,es del año,1978
I cavalli lunari,es del año,2004
I diari segreti,es del año,2020
I fuochi dello sguardo,es del año,2004
I libri del rogo,es del año,1997
I luoghi del delitto,es del año,2003
I miei ricordi,es del año,2008
I pascoli erranti,es del año,1989
I piedi di Mary Poppins,es del año,2011
I pifferai magici,es del año,2022
I preti e la Chiesa... li vorrei migliori,es del año,2020
I programmi che hanno cambiato l'Italia,es del año,1994
I quattordici mesi,es del año,2009
I sette messaggeri,es del año,1999
I'll Steal You Away,es del año,2007
I'm Not Scared,es del año,2010
Ich vertraue dir,es del año,2011
Iconographie de l'auteur,es del año,2005
Ik en jij,es del año,2013
"Ik haal je op, ik neem je mee",es del año,2011
"Il ""mio"" Gadda",es del año,2014
Il Cielo stellato sopra di me,es del año,1989
Il Giardino Dei Finzi Contini,es del año,2005
Il Giro Di Boa,es del año,2003
Il Grillo canta sempre al tramonto,es del año,2013
Il Ragtime - Storia di quel ritmo sincopato antenato del jazz,es del año,2024
Il Sogno degli anni'60,es del año,1991
Il Vangelo secondo Giovanni,es del año,1981
Il Vicolo Blu,es del año,2003
Il bassotto e la regina,es del año,2012
Il bastone dei miracoli,es del año,2010
Il birraio di Preston,es del año,1995
Il breviario di don Camillo,es del año,2004
Il carnevale della croce,es del año,2009
Il caso Moro e la Prima Repubblica,es del año,2021
Il cerchio magico,es del año,1995
Il cinema della nostra vita,es del año,2001
Il colombre e altri cinquanta racconti,es del año,1992
Il destino di un uomo,es del año,1992
Il diavolo mio fratello,es del año,2008
Il dire celeste,es del año,1993
Il dito alzato,es del año,2012
Il dolore perfetto,es del año,2004
Il dormiveglia,es del año,1988
Il dottor Bilob,es del año,1994
Il fronte Iraq,es del año,2004
Il futuro della democrazia,es del año,1991
Il gattopardo,es del año,2004
Il giardino di Gaia,es del año,2013
Il gioco dei regni,es del año,1993
Il gioco del mondo,es del año,1999
Il giovane Arturo Martini,es del año,1989
Il giubileo,es del año,1999
Il lago dei sogni,es del año,2011
Il lamento del conservatore,es del año,2012
Il libro dell'oppio,es del año,2012
Il loro grido è la mia voce. Poesie da Gaza,es del año,2025
Il luogo dei delitti,es del año,1991
Il lupo mercante,es del año,2007
Il magistero di Albino Luciani,es del año,1979
Il mare colore del vino,es del año,1982
Il meglio di Controcorrente,es del año,2005
Il metodo di Maigret e altri scritti sul giallo,es del año,2018
Il mio atlantico,es del año,1986
Il mio dopoguerra,es del año,1995
Il mio metodo,es del año,1987
Il mistero del cinema,es del año,2021
Il mistero del male,es del año,2013
Il mistero di Mangiabarche,es del año,2011
Il mito del sangue,es del año,2009
Il momento è delicato,es del año,2013
Il mondo non mi deve nulla,es del año,2014
Il museo del mondo,es del año,2014
Il nespolo,es del año,2001
Il nuovo Barnum,es del año,2016
Il paese dei misteri buffi,es del año,2012
Il pane di Abele,es del año,2009
Il panno di mastro Gervaso,es del año,1997
Il popolo del Samba. La vicenda e i protagonisti della musica popolare brasiliana,es del año,2005
Il postino di Piracherfa,es del año,2007
Il potere logora--,es del año,1990
Il prezzo del velo,es del año,2008
Il razzista democratico,es del año,1990
Il re bambino,es del año,1990
"Il rientro in Italia, 1948-1951",es del año,2014
Il ritorno,es del año,2010
Il ritorno del padre e altri racconti,es del año,1989
Il sale sulla ferita,es del año,1990
Il sarto della stradalunga,es del año,1990
Il sasso dentro,es del año,1990
Il sigillo della poesia,es del año,2013
Il silenzio degli amanti,es del año,1997
Il silenzio dell'arte,es del año,2021
Il suono dell'ombra,es del año,2010
Il territorio che cambia,es del año,1993
Il tuo sguardo illumina il mondo,es del año,2018
Il turista,es del año,2016
Il venditore di metafore,es del año,2017
Il viaggio degli inganni,es del año,2007
Iliad,es del año,2008
"Ill, oder, Der Engel und die Philosophen",es del año,1999
Illmitz,es del año,2014
Illustrissimi,es del año,1976
In Extremis,es del año,2017
In cerca del mistero,es del año,1988
In difesa delle cause perse,es del año,2013
In terre lontane,es del año,1997
In vacanza col buon samaritano,es del año,1997
Incontri,es del año,1953
Indagine su un cittadino al di sopra di ogni sospetto,es del año,2013
Indro al Giro,es del año,2016
Infancia e historia,es del año,2004
Injester,es del año,2022
Inside Out,es del año,2020
Internationalisierung des Strafrechts,es del año,2003
Interviste,es del año,2019
Introduccion al existencialismo,es del año,1997
Introduction to Magic,es del año,2018
Invisibile meraviglia,es del año,2021
Io Non Ho Paura,es del año,2007
Io sono con te,es del año,2017
"Io, quella la faccio a fette!",es del año,1967
Ipuinak nahasten!,es del año,2017
Islam,es del año,2007
Israel is us,es del año,2009
Israele siamo noi,es del año,2007
Istigazione a delinquere,es del año,2003
It's a wonderful life,es del año,1984
Italia e Germania Nel Novecento,es del año,2016
Italian Ways,es del año,2013
Italy,es del año,1998
Itinerario =,es del año,1998
J'ai rêvé de l'hôpital,es del año,1999
Jackson Pollock in Venice,es del año,2002
James Lee Byars,es del año,1992
Je t'aime Kirk,es del año,2001
Jedwab,es del año,2020
Jerusalemer Nachtgespräche,es del año,2008
Jesus Was Caesar: On the Julian Origin of Christianity,es del año,2005
Jeune est le temps,es del año,1994
Jij bent mijn schat,es del año,2009
Jimmie Durham,es del año,1996
Josef Albers,es del año,1988
Judge Savage,es del año,2010
Judges,es del año,2014
K2,es del año,1998
Kapinin Ardinda,es del año,2016
Kaputt,es del año,1948
Kaputt-rústica,es del año,2012
Kazivati redom,es del año,2002
Keeping House,es del año,2011
Keeping house,es del año,2005
Kein Whisky unter Wasser,es del año,1972
Kosovska epika,es del año,1990
Krasivai︠a︡ zhiznʹ,es del año,2007
Kristus stannade i Eboli,es del año,1981
Kuru Otlarin Kokusu,es del año,2018
L' Altra casa,es del año,1979
L' angelo di Coppi,es del año,2001
L' arco e la clava,es del año,2000
L' attrice,es del año,1995
L' esperanto in Italia,es del año,2007
L' oro di Fraus,es del año,2001
L' ultimo inverno,es del año,2007
L'Adalgisa,es del año,2012
L'Adalgisa. Disegni milanesi,es del año,2000
L'Europa e l'impero,es del año,2003
L'Italia cantata dal Sud,es del año,2011
L'Italia degli anni di piombo,es del año,2001
L'Italia dell'Ulivo,es del año,1998
L'Italia della liberazione (1944-1946),es del año,1988
L'Italia in bicicletta,es del año,2012
L'Ouvert,es del año,2002
L'URSS vista da vicino,es del año,1988
L'abbandono,es del año,2002
L'adorabile Stendhal,es del año,2003
L'affaire du K2,es del año,2001
L'altra verità,es del año,1986
L'amore del bandito,es del año,2009
L'amore graffia il mondo,es del año,2012
L'anticittà,es del año,2011
L'arco e la clava,es del año,1995
L'avventura,es del año,2015
L'esempio di Silvio Trentin,es del año,2020
L'eterno presente,es del año,1998
L'extravagante mademoiselle Troll,es del año,1952
L'immense obscurité de la mort,es del año,2008
L'industriale,es del año,2005
L'insieme vuoto,es del año,2013
L'intellettuale ieri e oggi,es del año,2017
L'inventore del cavallo e altre quindici commedie,es del año,2002
L'ira di Dio e altri scritti,es del año,1997
L'isola e le rose,es del año,2012
"La Chiesa. Una, santa, cattolica e apostolica",es del año,2002
La Comparacion En Las Ciencias Sociales,es del año,2000
La Comparazione nelle scienze sociali,es del año,1991
La Cultura filosofica italiana dal 1945 al 1988 nelle sue relazioni con altri campi del sapere,es del año,1988
La Divina Foresta,es del año,1991
La Dolce vita,es del año,1989
La Facolta' Fascista di Scienze Politiche dell'Università di Perugia,es del año,2016
La Porte dorée,es del año,2002
La Ragione dell'utopia,es del año,1984
La Strada,es del año,1987
La arquitectriz,es del año,2022
La banda degli amanti,es del año,2015
La buona creanza,es del año,2013
La campana dell'arciprete,es del año,1996
La cantagranda,es del año,1998
La casa dei ricchi,es del año,2020
La casa delle mille e una notte,es del año,2012
La casa sulla roccia,es del año,1981
La chiesa dei poveri,es del año,2013
La città possibile,es del año,2012
La città scritta,es del año,2016
La civetta sul comò,es del año,1986
La comunità errante,es del año,1997
La corda pazza,es del año,1991
La corsa verso il nulla,es del año,2015
La difficile riconciliazione,es del año,1996
La donna e il cerchio spezzato,es del año,2010
La fabrique des images,es del año,2017
La figlia del Papa,es del año,2014
La follia dell'arte,es del año,2010
La forma dell'acqua,es del año,1994
La gestazione del castoro,es del año,2011
La gran explicación,es del año,1998
La intermitència,es del año,2018
La isla,es del año,2012
La larga espera del ángel,es del año,2011
La leggenda di Redenta Tiria,es del año,2005
La mano en la masa y otros cuentos,es del año,1995
La meccanica,es del año,1999
La mia eredità sono io,es del año,2008
La mia magnifica ossessione,es del año,2010
La montaña desnuda,es del año,2018
La morte condivisa,es del año,2002
La nuova stagione,es del año,2007
La pazza della porta accanto,es del año,1995
La pelle delle immagini,es del año,2003
La pelle intera,es del año,2007
La piel,es del año,2010
La piel- 2020,es del año,2020
La pirámide de fango,es del año,2018
La potenza del pensiero,es del año,2005
La quarta buona ragione per vivere,es del año,2014
La quinta stagione è l'inferno,es del año,2014
La ragazza di Casalmonferrato,es del año,2009
La ragazza indicibile,es del año,2010
La repubblica di un solo giorno,es del año,2011
La sabbia di Gaza,es del año,2006
La saggezza della filosofia,es del año,1993
La saggezza della vita,es del año,1985
La scelta,es del año,2022
La scultura lingua morta e altri scritti,es del año,2001
La scuola di mistica fascista,es del año,2009
La seduzione populista,es del año,2012
La sesta ora,es del año,2003
La solitudine del samaritano,es del año,1993
La stagione della caccia,es del año,1998
La storia di Don Giovanni,es del año,2013
La strada di Podestaria,es del año,2005
La supercazzola,es del año,2006
La temporada de caza,es del año,2005
La terra scoppia,es del año,2003
La théologie du cardinal Martini. Le mystère au coeur de l'histoire,es del año,2015
La tierra explota,es del año,2003
La tigre e l'acrobata,es del año,2016
La torta in cielo,es del año,1995
La tradizione ermetica,es del año,2002
La trans-vanguardia,es del año,1982
La triple vida de Michele Sparacino,es del año,2011
La télévision comme utopie,es del año,2001
La vedova scalza,es del año,2006
La verità dell'Alligatore,es del año,2011
La via della narrazione,es del año,2022
La villa sur le lac,es del año,1998
La vita facile,es del año,1996
La vocación en la Biblia,es del año,2013
La voz del violín,es del año,2020
Laat het feest beginnen!,es del año,2011
Labirinto italiano,es del año,2020
Ladro di merendine,es del año,2003
Lalla Romano pittrice,es del año,1993
Lama e trama 3,es del año,2006
Las aventuras de Marco y Mirko,es del año,2017
Las mejores historias y rimas de Gianni Rodari para los más pequeños,es del año,2020
Las noches difíciles,es del año,2010
Last Tango in Paris,es del año,1973
Last tango in Paris,es del año,1973
Le Avventure DI Cipollino,es del año,2010
Le Meraviglie d'Italia,es del año,1993
Le Petit Monde de don Camillo,es del año,2008
Le Signore della scrittura,es del año,1984
Le Veston ensorcelé et autres nouvelles inquiétantes,es del año,2018
Le caillou blanc,es del año,1988
Le cinéma révélé,es del año,1984
Le compagnon de voyage,es del año,2010
Le corps-image au XXe siècle,es del año,2010
Le donne di Orolé,es del año,2020
Le favole di Fellini,es del año,2000
Le fiamme di Toledo,es del año,2006
Le lettere di Arturo Marini,es del año,1992
Le lettere di Arturo Martini,es del año,1992
Le lune di Hvar,es del año,1991
Le merendanze,es del año,2004
Le scarpe appese al cuore,es del año,1995
Le soldatesse,es del año,2000
Le storie di Giufà,es del año,2001
Le vendicatrici,es del año,2013
Le ville venete,es del año,1987
Le villeggianti e altri racconti,es del año,2001
Leadership in government,es del año,1998
Leer ons stil te zitten,es del año,2012
Lejos como mi querer y otros cuentos,es del año,2000
"Les Enfants de la rue, l'autre visage de la ville",es del año,1986
Les Tennismen - tome 1,es del año,2006
Les nits difícils,es del año,2008
Lesebuch,es del año,1985
Let the Games Begin,es del año,2013
Letter to My Mother (Texts and Translations),es del año,2007
Lettera alla madre,es del año,1988
Letteratura slovena del Litorale,es del año,2004
Lettere a F.T. Marinetti (1909-1915),es del año,1990
Lettere a Mircea Eliade,es del año,2011
Lettere alla mia città,es del año,2011
Lettere di Pasolini,es del año,2005
Lezioni di televisione,es del año,2016
Libri Da Colorare per Adulti per Bambini e Adulti - Fantastici Motivi Mandala e Relax - Animali - Pigs,es del año,2021
Libro Da Colorare per Adulti - Diseños de Animales para Aliviar el Estrés - Fiori e Animali - Carpa Koi,es del año,2021
"Liebling, zieh die Bremse an",es del año,1982
"Life, Love and Other Four-Letter Words",es del año,2017
Limbo,es del año,2012
Limbo: A Novel,es del año,2015
Lion's Skin,es del año,1911
Little World of Don Camillo,es del año,1951
Lives,es del año,1988
Lives of Documents,es del año,2024
Living in Berlin,es del año,2010
Lo Que Queda de Auschwitz,es del año,2000
Lo que estábamos buscando,es del año,2021
Lo spazio critico,es del año,2004
Locke e il diritto naturale,es del año,2017
"Logica, metodo e linguaggio nelle scienze sociali",es del año,2011
Longe como o meu querer,es del año,1997
"Los manifiestos del arte posmoderno : textos de exposiciones, 1980 - 1995",es del año,2000
Louis Armstrong,es del año,1997
Loving Roger,es del año,1987
Luchino Visconti's the damned,es del año,1980
Luciano Ferrari Bravo,es del año,2003
Lucio Fulci's Gates of Hell,es del año,2019
"Lucrècia Borja, la filla del Papa",es del año,2014
Luisito,es del año,2009
Lunettes D or (Folio) (French Edition),es del año,1982
Límites de la ingeniería constitucional,es del año,1999
Machiavelli in Germania,es del año,1985
Magic of Mont Blanc,es del año,1985
"Magie als Wissenschaft vom Ich, Bd.2, Schritte zur Initiation",es del año,1997
Making Italian America,es del año,2014
Making Italian America Consumer Culture And The Production Of Ethnic Identities,es del año,2014
Making pictures,es del año,2003
Mal costume mezzo gaudio,es del año,2017
Manicomio primavera,es del año,1989
Manifesto per la verità,es del año,2019
Manual corsario,es del año,2022
Marcia nuziale,es del año,1995
Marco Ferreri,es del año,1982
Marx beyond Marx,es del año,1991
Masallar ve Kurgu Masallar,es del año,2010
Me and You,es del año,2012
Medardo Rosso,es del año,2004
Medici Money,es del año,2006
Meditations on the Peaks,es del año,1996
Meditazione milanese,es del año,2002
Meditazioni sulla passione,es del año,2014
Men among the Ruins,es del año,2018
Message from the Shadows,es del año,2019
Messaggi e discorsi di Giovanni Battista Montini all'università cattolica,es del año,2001
Metafisica del sesso,es del año,1983
Metafísica del sexo,es del año,2005
Midbar ha-Ṭaṭarim,es del año,1987
Millant'anni,es del año,2002
Mimi's Ghost,es del año,2012
Mimmo Jodice,es del año,2005
Minuetto con Bonaviri,es del año,2001
Mio Diario Di Viaggio Spagna,es del año,2019
Mio Diario Di Viaggio per Bambini Spagna,es del año,2019
Mio caro Eduardo,es del año,2018
Mistero buffo,es del año,2003
Mokchŏk ŏmnŭn sudan,es del año,2009
Montagnes d'une vie,es del año,1998
Montalbano's First Case and Other Stories,es del año,2013
Montalbano's first case and other stories,es del año,2016
Montañas desde el espacio,es del año,2006
Montañas. Traspasando los límites,es del año,2016
Morte accidentale di un anarchico,es del año,2004
Mover montañas,es del año,1995
Mr Gwyn,es del año,2011
Mr. Gwyn & Three Times at Dawn,es del año,2014
Muerte en Venencia/ Death in Venencia (Peliculas),es del año,2001
Multitude,es del año,2004
Museo nazionale d'arte medievale e moderna della Basilicata,es del año,2002
Musica E',es del año,2021
Mutations,es del año,2000
My First Seven Years,es del año,2005
My Method,es del año,1993
My fault,es del año,2014
Más allá de la montaña,es del año,2017
Name above the title,es del año,1972
Napoli milionaria!,es del año,1979
Napoved nove plovbe,es del año,1992
Nauczanie społeczne,es del año,1980
Necropolis,es del año,2010
Nekropola,es del año,1997
Nekropolis,es del año,2003
Nemesis,es del año,2007
New Geographies,es del año,2009
Next,es del año,2002
Niente,es del año,2018
Ninfe,es del año,2007
Nitrato d'argento,es del año,1996
No tengo miedo,es del año,2013
Noi,es del año,2009
Nomadi brez oaze,es del año,2001
Non sprecate parole. Esercizi spirituali con il Padre nostro,es del año,2005
Notti e giorni del cuore,es del año,2001
Notti sull'altura,es del año,1992
Novecento,es del año,1996
Novecento Pianiste Fo Bi,es del año,2006
Novel of Ferrara,es del año,2018
Novum Testamentum Graece-FL,es del año,2006
Now go home,es del año,2004
Nuda Proprieta (Romanzi e racconti),es del año,1998
Nuda proprietà,es del año,1993
Nudità,es del año,1999
Numbers in the Dark,es del año,2009
Nuove magie,es del año,2010
Nuovo romanzo di figure,es del año,1997
"Nur Kinder, Kuche, Kirche; Mamma hat den besten Shit - Zwei Stucke und ein Bericht uber Franca Rama",es del año,1982
"O brother, where art thou ?",es del año,2001
O mar cor de vinho,es del año,1996
Oceano mare,es del año,1998
Od bajke do izreke,es del año,2006
Odiare l'odio,es del año,2020
Ofelia e le altre,es del año,2001
Oggetti sonori,es del año,2009
Ogni angelo è tremendo,es del año,2013
Ogni limite ha una pazienza,es del año,1995
Ogni volta che ti vedo fiorire,es del año,2022
Oltre il buio,es del año,2013
Olympia,es del año,2004
Oman & Dubai,es del año,2004
On the heights,es del año,1978
On the texture of brains,es del año,1977
On top,es del año,2011
One Way or Another,es del año,1987
Online learning,es del año,2004
Ono što ostaje od Auschwitza,es del año,2008
"Onorevole, stia zitto",es del año,1987
Opera omnia,es del año,1988
Operations management,es del año,2003
Operazione via Rasella,es del año,1996
Opere,es del año,2001
Oratorii,es del año,1993
Oremari,es del año,2013
Orizzonti e limiti della scienza. 10ª cattedra dei non credenti,es del año,1999
Os óculos de ouro,es del año,2019
Oscillazioni,es del año,2016
Osteria dei pittori,es del año,1994
Other End of the Line,es del año,2019
Out of My Head,es del año,2018
Oyunun Kurali,es del año,2001
Palladian and other Venetian villas,es del año,1966
Pallida mors,es del año,2013
Pamietniki krola Dawida,es del año,1980
Pandemia,es del año,2016
Pane e formaggio e altre cose di Sardegna,es del año,2000
Panna mloda,es del año,2018
Pantumas,es del año,2012
Para una Memoria Futura,es del año,2013
Paraìnas,es del año,2009
Parce sepulto,es del año,1999
Parisian Bistro,es del año,2020
Parli come badi,es del año,1994
Passami Il Sale,es del año,2002
Passioni e altri racconti,es del año,1995
Pelle,es del año,1988
Pencils,es del año,1996
Penelope Manda Recuerdos,es del año,2006
Penélope manda lembranças,es del año,2001
Pensieri crudeli,es del año,2006
Per Venezia,es del año,2010
Per scrivere un film,es del año,2001
Per sempre,es del año,2011
Per tutto l'oro del mondo,es del año,2015
Per un'etica nella pubblica amministrazione. Educare al servizio,es del año,1987
Perro de Terracota / the Terra-Cotta Dog,es del año,2019
Peste et révolution,es del año,1993
Piccolissimo,es del año,1991
Piccolo veleno color di rosa,es del año,2009
Pilato e Gesù,es del año,2013
Pilgrim among the shadows,es del año,1995
Pinocchio,es del año,2021
"Pintor, O",es del año,2010
Più di là che di qua,es del año,1987
Poesie,es del año,1993
Poesie (forse) utili,es del año,2002
Poesie complete,es del año,2021
Poesie per Giovanni,es del año,2007
"Poesie, forse, utili",es del año,2002
Pogled iz jamborovega koša,es del año,1998
Poisonville,es del año,2009
Polemica sulla storia,es del año,2012
Politik und Religion,es del año,2013
Pope's Daughter,es del año,2015
Portrait sur mesure,es del año,2021
Potere senza Stato,es del año,1986
Potluck,es del año,2011
Pratiche e saperi,es del año,2003
Preghiera e conversione intellettuale,es del año,2002
Printemps difficile,es del año,1995
Professional Practice of Jungian Coaching,es del año,2020
Progetto per la sinistra del duemila,es del año,2000
Psicoenciclopedia possibile,es del año,2022
"Publio Aurelio, un ivestigatore nell'antica Roma",es del año,2005
"Pulcinella, ovvero, Divertimento per li regazzi",es del año,2015
Pushed,es del año,2022
Quando,es del año,2017
Quando c'era Berlinguer,es del año,2014
Quando c'era Superman,es del año,2006
"Quando cade l'acrobata, entrano i clown",es del año,2010
Quando la casa brucia,es del año,2020
Quante donne,es del año,1997
Quasi per caso una donna,es del año,2017
Quasi un'autobiografia,es del año,1987
Que comenci la festa,es del año,2011
Que empiece la fiesta,es del año,2011
Quer pasticciaccio brutto de Via Merulana,es del año,2007
Questo libro è tuo,es del año,1993
Qui lo dico e qui lo nego,es del año,1990
Qué es la democracia?,es del año,1997
Racconti,es del año,2015
Racconti umoristici,es del año,2004
"Racconti, diari, cronache (1935-1956)",es del año,2014
Raging Bull II,es del año,1986
"Ragtime, jazz & dintorni",es del año,2007
Ramón Gaya,es del año,2006
Rapids,es del año,2017
Raul de piatra,es del año,2004
Reclaimers,es del año,2015
Recognitions,es del año,2017
Reinhold Messner,es del año,2014
"Reinhold Messner, vida de un superviviente",es del año,2015
Resolucion Tecnica N 10 de La F.A.C.P.C.E,es del año,1997
Revivencia,es del año,1993
Revolt against the modern world,es del año,1995
Riccardino,es del año,2021
Ricette per un delitto,es del año,1995
Ricordi di un filosofo,es del año,1990
Ride the tiger,es del año,2003
Ripartire da Emmaus,es del año,1991
Rispondimi,es del año,2002
Ritorno a Baraule,es del año,2007
Rivolta contro il mondo moderno,es del año,1982
Rivoluzioni violate,es del año,2014
"Robert De Niro, Sr",es del año,2014
"Robert De Niro, Sr.,1922-1993",es del año,2005
Robert Doisnean,es del año,1996
"Robert de Niro, Sr.",es del año,2019
Roberto Rossellini,es del año,1987
Rocco & his brothers,es del año,2018
Rocco and his brothers,es del año,2018
Roma,es del año,2003
Roma fuggitiva,es del año,2011
Romance & Cigarettes,es del año,2007
Romanzo di figure,es del año,1986
Rome,es del año,2014
Rosa d'Oriente,es del año,2021
Rossellini,es del año,1973
"Rosserīni no ""jiden ni chikaku""",es del año,1994
Rounding the Mark,es del año,2006
Run to Live,es del año,2014
Révolte contre le monde moderne,es del año,1991
Salvem les muntanyes,es del año,2021
Santa Gilla,es del año,1996
Saracen tales,es del año,2007
Sardegna,es del año,2007
Sardonica,es del año,2012
"Saudade Bossa Nova - Musiche, contaminazioni e ritmi del Brasile",es del año,2017
Scaramouche,es del año,1990
Scaramouche - Deluxe Edition,es del año,2017
Scaramouche A Romance Of The French Revolution,es del año,2004
Scaramouche the King Maker,es del año,2008
Scaramouche the Kingmaker,es del año,2021
Scaramouche the king-maker,es del año,1994
Scene madri,es del año,1987
School Projects,es del año,2013
Scritti esistenzialisti,es del año,1988
Scritti scostumati per uno zibaldone gregorettiano,es del año,2012
Scritti sul '68,es del año,2019
"Scuola , una Citta' - il Liceo Ginnasio Di Terni (1936-2016)",es del año,2016
Se la vita ti dà uno schiaffo,es del año,2009
Season with Verona,es del año,2012
Second Death of George Mallory,es del año,2007
Secrets of the Beauty Insiders,es del año,2006
Sei come sei,es del año,2013
Sense títol,es del año,2007
"Sentencia del Ayatola, La",es del año,1991
Senza far di necessità virtù,es del año,2011
September 11,es del año,2021
Servabo,es del año,2004
Seta,es del año,1999
Sex Is Forbidden,es del año,2013
Sexually Transmitted Diseases,es del año,1985
Sexually transmitted diseases,es del año,1985
Sguardi e modelli,es del año,1993
Shape of Water,es del año,2017
Shear,es del año,2012
Siamo uomini o caporali?,es del año,1993
"Sicilia, su corazón",es del año,2021
Sicilian Method,es del año,2020
Signatura rerum,es del año,2008
"Sik-Sik, l'artefice magico",es del año,2013
Simboli della tradizione occidentale,es del año,1988
Siṭi,es del año,2002
Skóra,es del año,2024
Slovenska svatba,es del año,1995
Social science concepts,es del año,1984
Softwaretechnik,es del año,2012
Sognando =,es del año,2003
Sognando la vita,es del año,2019
Sogni,es del año,2017
Soltanto un nome nei titoli di testa,es del año,1998
"Somewhere, home",es del año,2004
Sotto paga! non si paga!,es del año,2008
Soulèvements,es del año,2016
Spaghetti & stars,es del año,2005
Spinoza e noi,es del año,2012
Spopad s pomladjo,es del año,1998
Srečko Kosovel,es del año,2008
St Martin's Summer,es del año,2008
Stalking-Horse,es del año,2008
Storia del ragtime,es del año,1984
Storia della filosofia,es del año,1982
Storia di un patrimonio,es del año,1995
Storia meravigliosa di Niccolò Paganini,es del año,2016
Stories upon Stories,es del año,2016
Story of King Lear,es del año,2014
Strada bianca per i monti del cielo,es del año,2005
Stramonio,es del año,2000
Street children,es del año,1986
Studi per una teoria generale del diritto,es del año,2012
Studiolo,es del año,2019
Supply chain management,es del año,2011
Surların İçinde-Beş Ferrara Öyküsü,es del año,2018
Sveglia sul buio,es del año,1995
Sweet Days of Discipline,es del año,2018
Südtirol,es del año,2017
Tabula rasa,es del año,2011
Taccuino di un'ultimista,es del año,1998
"Tadeusz Kantor, Cricot 2",es del año,2001
Tajallīyāt malakūtīyah,es del año,2012
Tako mislim,es del año,2020
Tartar Steppe,es del año,2012
Tavern Knight,es del año,2008
Taxi driver,es del año,1999
Te llevaré conmigo,es del año,2013
Teach Us to Sit Still,es del año,2010
Teatro,es del año,2000
Teatro stabile di Catania,es del año,1989
Tecno-poesia e realtà virtuali,es del año,2002
Telefonozko ipuinak,es del año,2000
Tempus,es del año,2008
Tenebrae,es del año,2005
Tengamos el sexo en paz,es del año,1998
Terres lointaines,es del año,2002
Terrore,es del año,2008
Tesori di Bologna,es del año,2003
Testamento,es del año,1988
Thanks for the Money,es del año,2016
Thanks for the money,es del año,2016
The Challenge,es del año,1977
The Classical Issues,es del año,1987
The Colombian mule,es del año,2013
The Cook of the Halcyon,es del año,2021
The Crossroads,es del año,2009
The Encyclopedia of Italian cooking,es del año,1981
The Game - Oyun,es del año,2021
The Great Days,es del año,1974
The Historical Nights' Entertainment Volumes 1 & 2,es del año,2006
The Journey Of G Mastorna The Film Fellini Didnt Make,es del año,2013
The Legend of Redenta Tiria,es del año,2007
The Manara Library,es del año,2012
The Men who made the movies,es del año,1975
The Mystery of the Grail,es del año,1996
The Non-Aligned Movement and the Cold War,es del año,2014
The Paper Moon,es del año,2008
The Patience of the Spider,es del año,2007
The Pope's daughter,es del año,2015
The Pyramid Of Mud,es del año,2018
The Scent of the Night,es del año,2006
The Sea-Hawk,es del año,1976
The Shape of Water,es del año,2012
The Smell of the Night,es del año,2005
The Smell of the Night (An Inspector Montalbano Mystery),es del año,2005
The Snack Thief,es del año,2005
The Terra-Cotta Dog,es del año,2012
The USA Up Close,es del año,1992
The Yoga of Power,es del año,1992
The betrayal,es del año,2005
The black album,es del año,2012
The bridges of art,es del año,2003
The buried harbour,es del año,1990
The discovery of dawn,es del año,2008
The doctrine of awakening,es del año,1995
The goodbye kiss,es del año,2006
The greatest firefighter stories never told,es del año,2002
The hermetic tradition,es del año,1995
The house That Nino Built,es del año,1967
The lost king,es del año,2001
The luckiest scar on Earth,es del año,2017
The mountains of my life,es del año,2001
The penumbra,es del año,1998
The potter's field,es del año,2011
The voice,es del año,2011
The war trilogy,es del año,1985
Thomas and Mary,es del año,2016
Ti faccio un occhio nero e un occhio blu,es del año,1980
"Ti spacco il muso, bimba!",es del año,1989
"Ti svito le tonsille, piccola!",es del año,1969
Time for revolution,es del año,2013
To the Top of the World,es del año,1999
To the church in America,es del año,1981
Tomka,es del año,2007
Tongues of Flame,es del año,2011
Tormenti,es del año,2011
Tornare umani,es del año,2022
Torquemada and the Spanish Inquisition,es del año,1990
Totem,es del año,1999
Totò si nasce,es del año,2001
Tout au bout de la mer,es del año,1998
"Trances, Dances and Vociferations",es del año,2000
Transforming Biocities,es del año,2023
Transit,es del año,1995
Tres jueces,es del año,2014
Treviso,es del año,2007
Trg Oberdan,es del año,2006
Trst in slovenski čas,es del año,2006
Träume von Flüssen und Meeren,es del año,2011
Tu i jo,es del año,2017
Tu mirada ilumina el mundo,es del año,2020
Tu sola nel mio deserto,es del año,2017
Tutto il miele è finito,es del año,2003
TuttoTotò,es del año,1991
Tà's Red Book,es del año,2023
USA up Close,es del año,1991
Ugo Attardi,es del año,2011
Un Espiritu Libre No Debe Aprender Como Esclavo/ A Free Spirit Does not have To learn Like Slave (La Memoria Del Cine),es del año,2001
Un Helado Para La Gloria (Littera),es del año,2004
Un Nommé Schulz,es del año,2000
Un amore di luna,es del año,1994
Un amore innocente,es del año,1988
Un año de escuela en Trieste,es del año,2010
Un caso di coscienza,es del año,1992
Un clown vi seppellirà,es del año,2013
"Un colpo in testa e sei più bella, angelo",es del año,1991
Un día perfecto,es del año,2009
Un esprit libre ne doit rien apprendre en esclave,es del año,1977
Un giorno e per tutta la vita,es del año,1995
Un gomitolo di concause,es del año,2013
Un inedito e testimonianze,es del año,2010
Un mare di nulla,es del año,2006
Un mese con Montalbano,es del año,1998
Un modo di essere,es del año,1989
Un porto tra mille e mille,es del año,2012
Un pugno d'acqua,es del año,1985
Un suicidio imperfetto,es del año,2013
Un uomo che forse si chiamava Schulz,es del año,1998
Un vescovo al Concilio,es del año,1983
Una città di pianura e altri racconti giovanili,es del año,2021
Una edad a flor de piel,es del año,2004
Una ignota compagnia,es del año,2006
Una porta di luce,es del año,1998
Una specie di follia,es del año,2010
Una storia chiusa,es del año,2012
Una storia sociale del jazz,es del año,2014
Una strada giallo sangue,es del año,1999
Une enfance,es del año,1998
Uplake,es del año,2018
Urban ecology,es del año,2004
Urbania,es del año,2021
Urgentissime da evadere,es del año,2010
V vodoravni legi,es del año,1997
Va'dove ti porta il cuore,es del año,1994
Vampa d'agosto,es del año,2009
Vehicles,es del año,1986
"Vehicles, experiments in synthetic psychology",es del año,1984
Versi,es del año,2009
Verso il Polo con Armaduk,es del año,1983
Vestivamo alla marinara,es del año,1987
Vesuview jazz,es del año,1999
Via Rasella,es del año,2006
Via Ripetta 155,es del año,2015
Videopoltica Medios Informacin Y Democracia De Sondeo,es del año,2003
"Vier t""ochter und jede eine k""onigin",es del año,1991
Vila ob jezeru,es del año,2004
Ville Venete,es del año,2000
Vinicio Capossela,es del año,1993
Visconti,es del año,2008
Visti da vicino,es del año,1984
Vita,es del año,2004
Vita d'un uomo,es del año,1996
Vita in famiglia,es del año,1993
Viva l'Italia,es del año,2004
Vivere i valori del Vangelo,es del año,2009
Vizualno-likovni odgoj i obrazovanje,es del año,1996
Voice of the Violin,es del año,2003
Voici Noël,es del año,1997
Volga Nait en Europe,es del año,2012
Vá aonde seu coração mandar,es del año,1994
Véhicules,es del año,1991
"Walter Bonatti, mi hermano en el alma",es del año,2015
War Jesus Caesar? 2000 Jahre Anbetung einer Kopie,es del año,1999
We Can Do I.T. Too,es del año,2017
We always wore sailor suits,es del año,1975
We won't pay! We won't pay!,es del año,2002
Welcome to Pottersville,es del año,2006
Wer dich so liebt. Lebensbericht einer Jüdin,es del año,1999
Westwand,es del año,2010
Who loves you like this,es del año,2001
Why Duchamp,es del año,1985
Wings of the Sphinx,es del año,2021
Wir trugen immer Matrosenkleider,es del año,1988
Wir trugen immer Matrosenkleider.,es del año,1983
Without blood,es del año,2004
Y si la vida continúa--,es del año,2002
Yarim Kalmis Bir Hayal,es del año,2007
Yeti,es del año,1999
Yom mushlam,es del año,2010
Zatemnitev,es del año,2009
Zer behar da?,es del año,2019
Zibelka sveta,es del año,1999
"Zona de la muerte, la",es del año,1994
controvento,es del año,2005
mes con Moltalbano (Salvo Montalbano 5),es del año,2012
voz del violín (Salvo Montalbano 4),es del año,2015
À la fin d'un jour ennuyeux,es del año,2013
Écoute ma voix,es del año,2007
Über Leben,es del año,2014
Ŏmma ŭi tarakpang,es del año,2010
כמצוות האל,es del año,2009
עתיד הדמוקרטיה,es del año,2002
الأكسجين ليس للموتى,es del año,2021
比較政治学,es del año,2000
