categoria,categoria_amplia
Venezuelan poetry,Poesía
Spain -- Poetry,Poesía
Economic conditions,No es categoria
Violence,No es categoria
General,No es categoria
People & Places - Central & South America,No es categoria
Juvenile Fiction,Infantil / Juvenil
Children's 9-12 - Fiction - General,Infantil / Juvenil
Spanish: Grades 2-3,Educación
Violence -- Venezuela,No es categoria
Venezuela -- Economic conditions -- 1918-,No es categoria
"Araujo, Orlando, 1928- -- Travel -- Nicaragua -- San Sebastián de Yalí.",Viajes
"Authors, Venezuelan -- 20th century -- Travel -- Nicaragua -- San Sebastián de Yalí.",Viajes
San Sebastián de Yalí (Nicaragua) -- Description and travel,Viajes
Motion pictures,Arte
History,Historia
Independent films,Arte
Documentary films,Arte
"Universidad de los Andes (Mérida, Venezuela)",No es categoria
History and criticism,Literatura / Estudios literarios
Peruvian poetry,Poesía
Spanish American poetry,Poesía
Latin American Science fiction,Ficción
Latin American Short stories,Cuento
Latin American fiction,Novela
Fiction - General,Ficción
Non-Classifiable,No es categoria
Spanish: Adult Nonfiction,No es categoria
Prohibited books,No es categoria
Libraries,No es categoria
Libraries and state,No es categoria
Censorship,No es categoria
Destruction and pillage,No es categoria
Flash fiction,Cuento
Venezuelan Short stories,Cuento
Venezuelan fiction,Novela
Cyberspace,No es categoria
Literature and the Internet,Literatura / Estudios literarios
Spanish language,Lengua / Lingüística
Venezuelan fiction -- Male authors -- History and criticism.,Literatura / Estudios literarios
Venezuelan fiction -- 20th century -- History and criticism.,Literatura / Estudios literarios
Men in literature.,No es categoria
Translations into Italian,No es categoria
Action & Adventure - General,Ficción
Spanish: Grades 1-2,Educación
Venezuelan fiction -- 19th century -- History and criticism,Literatura / Estudios literarios
Venezuelan fiction -- 20th century -- History and criticism,Literatura / Estudios literarios
MERCOSUR (Organization),No es categoria
European Union -- Latin America,No es categoria
Southern Cone of South America -- Foreign economic relations -- European Union countries,Economía
European Union countries -- Foreign economic relations -- Southern Cone of South America,Economía
Venezuelan literature,Literatura / Estudios literarios
Local History,Historia
Genealogy,No es categoria
Indians of South America,No es categoria
Biography,Biografía / Autobiografía / Memorias
Blacks,No es categoria
Civilization,No es categoria
Life,No es categoria
Miscellanea,No es categoria
Venezuelan wit and humor,No es categoria
Nationalism,No es categoria
Venezuelan National characteristics,No es categoria
Venezuelan essays,Ensayo
Press and politics,Comunicación
Politics and government,Política
"Assassination attempt, 2004",No es categoria
"Quotations, maxims",No es categoria
Political and social views,Política
Socialism -- Venezuela,Política
Socialism,Política
Venezuela -- Politics and government -- 1999-,Política
Mass media policy -- Venezuela.,Comunicación
Mass media -- Political aspects -- Venezuela.,Comunicación
Mass media -- Moral and ethical aspects -- Venezuela.,Comunicación
Social history -- 1970-,Historia
Postmodernism.,Filosofía
Popular culture.,Sociología
Popular culture -- United States.,Sociología
Imperialism.,Política
Latin American literature -- History and criticism.,Literatura / Estudios literarios
Press and politics -- Venezuela -- History -- 20th century.,Comunicación
Venezuela -- Politics and government -- 20th century.,Política
Mass media,Comunicación
Spanish poetry -- 20th century.,Poesía
Spanish poetry -- 21st century.,Poesía
"Caballero Bonald, José Manuel, 1926- -- Fiction.",Novela
Nadaísmo (Literary movement),Literatura / Estudios literarios
Colombian literature,Literatura / Estudios literarios
Techo de la Ballena (Literary group),Literatura / Estudios literarios
Democracy,Política
Sources,No es categoria
Social conditions,Sociología
Influence,No es categoria
Gastronomy,Gastronomía
Gourmets,Gastronomía
Gastronomy in literature,No es categoria
Democracy -- Venezuela -- History,Política
"Bolívar, Simón, -- 1783-1830 -- Influence.",No es categoria
Democracy -- Venezuela -- History.,Política
Venezuela -- Politics and government -- 1830-,Política
Latin America -- History.,Historia
Venezuela -- History.,Historia
Venezuela -- History -- 1810-,Historia
Venezuela -- Social conditions,Sociología
"Carrera Damas, Germán -- Interviews",Biografía / Autobiografía / Memorias
"Chávez Frías, Hugo",No es categoria
Venezuela -- History -- 1999-,Historia
Petroleum in literature.,No es categoria
Folklore,No es categoria
"Ponce de León, Juan, -- 1460?-1521 -- Poetry.",Poesía
Criticism and interpretation,Literatura / Estudios literarios
20th century,No es categoria
Relations,No es categoria
United States,No es categoria
Panama,No es categoria
Military policy,Política
Editors,No es categoria
Guerrillas,No es categoria
Fiction,Ficción
Revolutions,No es categoria
Révolutions,No es categoria
"Romans, nouvelles",Novela
Untranslated Fiction - Spanish,Ficción
Adolescence -- Venezuela -- Fiction.,Novela
Adolescencia -- Venezuela -- Ficción.,Novela
Dictatorship -- Venezuela -- Fiction.,Novela
Dictadura -- Venezuela -- Ficción.,Novela
Venezuelan fiction -- 20th century.,Novela
Novela venezolana -- Siglo XX.,Novela
"Montejo, Eugenio -- Criticism and interpretation.",Literatura / Estudios literarios
Venezuelan poetry -- History and criticism.,Literatura / Estudios literarios
Spanish poetry -- 20th century -- History and criticism.,Literatura / Estudios literarios
Social responsibility of business,Economía
Philosophy,Filosofía
Political science,Política
Law and ethics,Derecho
"Pérez Jiménez, Marcos, -- 1914-2001.",No es categoria
"Betancourt, Rómulo, -- 1908-1981.",No es categoria
Dictatorship -- Venezuela -- History -- 20th century.,Historia
"Venezuela -- History -- Revolution, 1958.",Historia
Venezuela -- Politics and government -- 1935-1958,Política
Military government -- Venezuela -- History -- 19th century.,Historia
Military government -- Venezuela -- History -- 20th century.,Historia
Coups d'état -- Venezuela -- History.,Historia
Venezuela -- Armed Forces -- Political activity -- History -- 19th century.,Historia
Venezuela -- Armed Forces -- Political activity -- History -- 20th century.,Historia
"Bolívar, Simón, -- 1783-1830",No es categoria
"Díaz, José Domingo, -- 1772-1831",No es categoria
Venezuela -- Politics and government -- 1810-1830,Política
Boundaries,No es categoria
Venezuelans,No es categoria
Medical care,Salud
Sick,Salud
Medical assistance,Salud
Public health,Salud
International cooperation,No es categoria
Caracas (Venezuela) -- Politics and government -- 21st century,Política
Caracas (Venezuela) -- Social conditions -- 21st century,Sociología
"General Strike, Caracas, Venezuela, 2002",No es categoria
Foreign relations,Política
Catholic Church,Religión
Church and state,Religión
Catholic Church. (1964 March 6.),Religión
Education,Educación
Education and state,Educación
"Gallegos Mancera, Eduardo -- Interviews",Biografía / Autobiografía / Memorias
Partido Comunista de Venezuela,Política
Communists -- Venezuela -- Interviews,Biografía / Autobiografía / Memorias
Venezuela -- Politics and government -- 1935- -- Sources,Política
Short Stories (single author),Cuento
Literary,Literatura / Estudios literarios
Spanish: Adult Fiction,Ficción
Spanish: Kindergarten,Educación
Maracaibo (Venezuela),No es categoria
Congresses,No es categoria
Foreign countries,No es categoria
Spanish American literature,Literatura / Estudios literarios
Exiles' writings,Literatura / Estudios literarios
"Chávez Frías, Hugo.",No es categoria
Venezuela -- Politics and government -- 1974-1999.,Política
"Chavez Frias, Hugo.",No es categoria
Asymmetric warfare -- Venezuela.,Política
Asymmetric warfare -- United States.,Política
Military planning -- Venezuela.,Política
Military planning -- Colombia.,Política
Military planning -- Bolivia.,Política
Venezuela -- Foreign relations -- United States.,Política
United States -- Foreign relations -- Venezuela.,Política
Fuerzas Armadas Revolucionarias de Colombia.,No es categoria
Venezuela -- Foreign relations -- 1999-,Política
"Chávez Frías, Hugo",No es categoria
Venezuela -- Foreign relations -- 1974-,Política
"Law, venezuela",Derecho
Publishers and publishing,No es categoria
Venezuelan poetry -- 20th century,Poesía
Venezuelan poetry -- 21st century,Poesía
"Cela, Camilo José, -- 1916-2002",No es categoria
"Cela, Camilo José, -- 1916-2002. -- Travel -- Latin America",Viajes
Caribbean & Latin American,No es categoria
Literary Collections,Literatura / Estudios literarios
Music/Songbooks,Arte
"Fiction, historical, general",Ficción
Politics / Current Events,Política
Interpersonal Relations,Psicología
Psychology,Psicología
Officials and employees,No es categoria
Universities and colleges,Educación
Higher Education,Educación
Novela venezolana,Novela
Horror - General,Ficción
Communities,No es categoria
"Civilization, Modern -- 21st century",No es categoria
Globalization,No es categoria
Intellectuals -- Interviews,Biografía / Autobiografía / Memorias
Venezuelan drama,Teatro
Television plays,Teatro
Television adaptations,Teatro
Presidents,No es categoria
Succession,No es categoria
Politicians,No es categoria
Political violence,No es categoria
Military government -- Latin America -- History -- 20th century,Historia
Militarism -- Latin America -- History -- 20th century,Historia
Dictatorship -- Latin America -- History -- 20th century,Historia
Militarismo -- América Latina,Historia
Latin America -- Politics and government -- 20th century,Política
Latin America -- History -- 20th century,Historia
América Latina -- Política y gobierno,Política
América Latina -- Historia,Historia
Caracas (Venezuela) -- Social life and customs.,Sociología
Caracas (Venezuela) -- History.,Historia
Poetry - General,Poesía
Juvenile Nonfiction,Infantil / Juvenil
Children's Books/Ages 9-12 Nonfiction,Infantil / Juvenil
Literature & Fiction / Poetry,Poesía
Literary Criticism,Literatura / Estudios literarios
Works by individual poets: from c 1900 -,Poesía
Poetry,Poesía
Poetry / General,Poesía
Imperialism,Política
Historiography,Historia
Venezuela -- History,Historia
Venezuela -- Politics and government.,Política
Venezuela -- Civilization.,No es categoria
Venezuela -- Intellectual life.,No es categoria
Venezuela -- History -- Anecdotes.,Historia
Spanish literature,Literatura / Estudios literarios
Fairy Tales & Folklore - General,No es categoria
Children's 4-8 - Picturebooks,Infantil / Juvenil
Children's 9-12,Infantil / Juvenil
"Children's poetry, Venezuelan",Poesía
Christmas,No es categoria
Jesus Christ,No es categoria
Nativity,No es categoria
Adventure and adventurers,No es categoria
"Oliveros, Alejandro -- Diaries",Biografía / Autobiografía / Memorias
"Authors, Venezuelan -- 20th century -- Diaries",Biografía / Autobiografía / Memorias
Venezuelan Authors,No es categoria
Diaries,Biografía / Autobiografía / Memorias
Cocina internacional,Gastronomía
Nutrition,Gastronomía
Nutrición,Gastronomía
International cooking,Gastronomía
Corpus Christi Festival,No es categoria
Venezuelan Folk dancing,Arte
Social life and customs,Sociología
Religious life and customs,Religión
Folk music,Arte
Folk dancing,Arte
Foreign Language Study,Lengua / Lingüística
Spanish,Lengua / Lingüística
Television and politics,Comunicación
Television in politics,Comunicación
Television talk shows,Comunicación
Political aspects,Política
Humor,No es categoria
Chataing TV (Television program),Comunicación
Interviews,Biografía / Autobiografía / Memorias
Celebrities,No es categoria
Celebrities -- Venezuela -- Interviews,Biografía / Autobiografía / Memorias
Interviews -- 21st century,Biografía / Autobiografía / Memorias
Venezuela -- Biography,Biografía / Autobiografía / Memorias
Travel,Viajes
Venezuela,No es categoria
Indian literature,Literatura / Estudios literarios
Indian poetry,Poesía
Venezuela -- Politics and government,Política
United States -- Foreign relations,Política
Political,Política
Sociology,Sociología
"Dworkin, R. M",No es categoria
Heads of state,No es categoria
Socialism -- Latin America.,Política
Latin America -- Politics and government.,Política
"Petkoff, Teodoro, -- 1931- -- Interviews.",Biografía / Autobiografía / Memorias
Politicians -- Venezuela -- Interviews.,Biografía / Autobiografía / Memorias
Venezuela -- Politics and government -- 1935-,Política
Movimiento al Socialism (Venezuela),Política
Socialism -- Venezuela.,Política
Administrative law -- Venezuela.,Derecho
Ayaman Indians,No es categoria
Religion,Religión
Goajiro Indians,No es categoria
Crime,No es categoria
Drug traffic,No es categoria
Riots,No es categoria
Massacres,No es categoria
Petroleum industry and trade,Economía
"Castro, Cipriano, 1856?-1924.",No es categoria
Presidents -- Venezuela -- Biography.,Biografía / Autobiografía / Memorias
Venezuela -- History -- 1830-1935.,Historia
Capitalism.,Economía
International relations.,Política
World politics.,Política
United States -- Foreign relations.,Política
Intellectuals,No es categoria
Railroads,No es categoria
"Indians, Treatment of -- Venezuela -- Barquisimeto (State) -- History.",Historia
Encomiendas (Latin America),Historia
Barquisimeto (Venezuela : State) -- History.,Historia
"Bolívar, Simón, 1783-1830.",No es categoria
Fiction - Adult,Ficción
Erotica - General,Ficción
"Catherine II, Empress of Russia, 1729-1796 -- Fiction.",Novela
Journalists,No es categoria
Journalism,Comunicación
"Fiction, women",Ficción
Divers,No es categoria
Deep diving,No es categoria
Athletes,No es categoria
Sports,Deportes
Literary style,Literatura / Estudios literarios
"Marx, Karl, 1818-1883.",No es categoria
Margarita Island (Venezuela) -- Fiction.,Novela
Venezuelan Arts,Arte
Child artists,No es categoria
"Arévalo Cedeño, Emilio, -- 1882- -- Fiction.",Novela
"Venezuela -- History -- Attempted coup, 1992 (February 4)",Historia
Venezuela -- Politics and government -- 1974-1999,Política
International Relations - General,Política
Political Science / International Relations,Política
Political Science,Política
Development studies,Economía
International - Economics,Economía
Contemporary Politics - Latin America,Política
Economic Development,Economía
Business & Economics,Economía
Third World Development,Economía
Developing Countries,No es categoria
Latin America,No es categoria
Social Science / Third World Development,Sociología
Development - Economic Development,Economía
Economic Conditions,Economía
Foreign economic relations,Economía
City and town life,No es categoria
Literary collections,Literatura / Estudios literarios
Description and travel,Viajes
Authorship,Literatura / Estudios literarios
Man-woman relationships,No es categoria
Mujeres,No es categoria
Relaciones hombre-mujer,No es categoria
Reincarnation,No es categoria
Reencarnación,No es categoria
Ficción,Ficción
Women,No es categoria
Women -- Psychology.,Psicología
Religion - Classic Works,Religión
Religion - Catholicism,Religión
Christianity - Catholic,Religión
Christianity - Catholicism,Religión
Religion / Christian Life,Religión
Religion - Roman Catholic,Religión
"Fiction, general",Ficción
"Fiction, erotica, general",Ficción
Christian Theology - Eschatology,Religión
Christianity - Theology - Eschatology,Religión
Theology,Religión
Christianity - History - General,Religión
Religion - Theology,Religión
Religion - Spiritual Warfare,Religión
Inspirational,No es categoria
Prayer,Religión
Christianity - Spiritual Warfare,Religión
Religion - Christian Life,Religión
Christian Life - General,Religión
Religion - Church History,Religión
Christianity - General,Religión
Juvenile fiction,Infantil / Juvenil
Cocoa trade,Economía
Cocoa,No es categoria
"Fiction, short stories (single author)",Cuento
"Fiction, science fiction, general",Ficción
Spanish Soccer stories,Deportes
Specimens,No es categoria
Soccer,Deportes
Boys,No es categoria
Spanish Young adult fiction,Infantil / Juvenil
Psychological aspects,Psicología
Fußball,Deportes
Knowledge,No es categoria
Germany,No es categoria
Italy,No es categoria
"Uslar Pietri, Arturo, -- 1906-2001 -- Exhibitions",Arte
"Authors, Venezuelan -- 20th century -- Biography -- Exhibitions",Biografía / Autobiografía / Memorias
Economic integration,Economía
Alternativa Bolivariana para las Américas (Organization),No es categoria
Caracas (Venezuela),No es categoria
Assassination,No es categoria
"Villa Pelayo, José Jesús, -- 1962-",No es categoria
"Authors, Venezuelan -- 20th century -- Biography",Biografía / Autobiografía / Memorias
Literature -- History and criticism,Literatura / Estudios literarios
Venezuelan Political satire,No es categoria
Sustainability,No es categoria
"Global Financial Crisis, 2008-2009",Economía
Medical technology,Tecnología
"Marta Sosa, Joaquín -- Criticism and interpretation.",Literatura / Estudios literarios
"Pulido, José -- Criticism and interpretation.",Literatura / Estudios literarios
"Arráiz Lucca, Rafael -- Criticism and interpretation.",Literatura / Estudios literarios
Venezuelan poetry -- 20th century -- History and criticism.,Literatura / Estudios literarios
Venezuelan poetry -- 20th century.,Poesía
Christian sociology,Religión
Teachings,No es categoria
"Yanes, Oscar, -- 1924-",No es categoria
Venezuela -- History -- 20th century -- Anecdotes,Historia
Latin America -- History -- 20th century -- Anecdotes,Historia
Comparative literature,Literatura / Estudios literarios
Japanese and Colombian,No es categoria
Colombian and Japanese,No es categoria
"Britto García, Luis -- Criticism and interpretation",Literatura / Estudios literarios
"Britto García, Luis",No es categoria
Pirates in literature,No es categoria
Venezuelan literature -- History and criticism,Literatura / Estudios literarios
Spanish American literature -- History and criticism,Literatura / Estudios literarios
Finance ministers,No es categoria
Public Finance,Economía
"García Márquez, Gabriel, -- 1928-",No es categoria
"García Márquez, Gabriel, -- 1928- -- Homes and haunts -- Venezuela -- Caracas",Biografía / Autobiografía / Memorias
"Authors, Colombian -- 20th century -- Biography",Biografía / Autobiografía / Memorias
Administrative law,Derecho
Interpersonal relations,Psicología
Relations entre hommes et femmes,Psicología
Roman vénézuélien,Novela
Language Arts & Disciplines,Lengua / Lingüística
Foreign Language - Dictionaries / Phrase Books,Lengua / Lingüística
Grammar,Lengua / Lingüística
Linguistics,Lengua / Lingüística
Foreign Language Study / Spanish,Lengua / Lingüística
Language Arts & Disciplines : Grammar,Lengua / Lingüística
Language Arts & Disciplines : Linguistics,Lengua / Lingüística
Education / Teaching,Educación
Dictionaries - General,No es categoria
Reference,No es categoria
Essays,Ensayo
Women artists,No es categoria
Feminism and the arts,No es categoria
Women authors,No es categoria
Community development,No es categoria
Literature - Classics / Criticism,Literatura / Estudios literarios
Spanish: Grades 4-7,Educación
Children's Books/Ages 9-12 Fiction,Infantil / Juvenil
Pictorial works,No es categoria
Descripciones y viajes,Viajes
Libros de laminas,No es categoria
English Philosophy,Filosofía
Language and languages.,Lengua / Lingüística
Language and languages,Lengua / Lingüística
"Keats, John, 1795-1821 -- Criticism and interpretation.",Literatura / Estudios literarios
English literature -- History and criticism.,Literatura / Estudios literarios
Reality in literature.,No es categoria
Classics,Literatura / Estudios literarios
Fiction / Classics,Ficción
NOVELAS VENEZOLANAS,Novela
Literary Collections / General,Literatura / Estudios literarios
"Fiction, family life, general",Ficción
"Mothers and daughters, fiction",Ficción
"Venezuela, fiction",Ficción
Biographies & Memoirs / Biographies,Biografía / Autobiografía / Memorias
Biography & Autobiography,Biografía / Autobiografía / Memorias
1886-1957,No es categoria
"Kahlo, Frida",No es categoria
"Rivera, Diego,",No es categoria
Fuerzas Armadas Revolucionarias de Colombia,No es categoria
Spanish: Grades 3-4,Educación
Political crimes and offenses -- Colombia -- Fiction.,Novela
Assassination -- Colombia -- Fiction.,Novela
Bogotá (Colombia) -- History -- Fiction.,Novela
Children's All Ages,Infantil / Juvenil
Biography / Autobiography,Biografía / Autobiografía / Memorias
"Marulanda Vélez, Manuel.",No es categoria
"Government, Resistance to -- Colombia -- History -- 20th century.",Historia
Guerrillas -- Colombia -- History -- 20th century -- Biography.,Biografía / Autobiografía / Memorias
Colombia -- Politics and government -- 1946-1974.,Política
Insurgency,No es categoria
Terrorism,No es categoria
World politics,Política
International relations and terrorism,Política
Tairona Indians,No es categoria
Indians of South America -- Colombia -- Santa Marta Range,No es categoria
Tairona Indians -- Social life and customs,No es categoria
Tairona Indians -- Medicine -- Colombia -- Santa Marta Range,No es categoria
Indian astronomy -- Colombia -- Santa Marta Range,No es categoria
Santa Marta Range (Colombia) -- Social life and customs,No es categoria
Santa Marta Range -- Antiquities,No es categoria
Railroad travel,No es categoria
Colombian fiction,Novela
Jewish literature,Literatura / Estudios literarios
Translations into Spanish,No es categoria
Correspondence,Biografía / Autobiografía / Memorias
Colombian Authors,No es categoria
Colombian poetry,Poesía
"Cortázar, Julio.",No es categoria
"Authors, Argentine -- 20th century -- Biography.",Biografía / Autobiografía / Memorias
"Creation (Literary, artistic, etc.)",No es categoria
Spanish American fiction,Novela
Characters and characteristics in literature,No es categoria
Absurd (Philosophy) in literature,No es categoria
Letters,Biografía / Autobiografía / Memorias
Shopping,No es categoria
Eccentrics and eccentricities,No es categoria
Mice,No es categoria
Spanish language materials,Lengua / Lingüística
Alphabet,No es categoria
Alfabeto,No es categoria
Novela juvenil,Infantil / Juvenil
Compras (Mercado),No es categoria
Excentricos y excentricidades,No es categoria
Ratones,No es categoria
Imagination,No es categoria
Lesen,No es categoria
Learning,No es categoria
Self-acceptance,No es categoria
"Children's stories, Spanish",Infantil / Juvenil
Objetos perdidos,No es categoria
Aventuras,No es categoria
Felicidad,No es categoria
Triumph,No es categoria
Spanish: Young Adult (Gr. 7-9),Infantil / Juvenil
Children's Books / 9-12 Years,Infantil / Juvenil
Children's 4-8 - Fiction - General,Infantil / Juvenil
Interactive Adventure,Infantil / Juvenil
Horror & Ghost Stories,Infantil / Juvenil
Children's Books/Baby-Preschool,Infantil / Juvenil
Short Stories,Cuento
Children's Books/Ages 4-8 Fiction,Infantil / Juvenil
Readers - Intermediate,Educación
Juvenile Fiction / Readers / Intermediate,Educación
Animals - Horses,No es categoria
Hosiery,No es categoria
Lost and found possessions,No es categoria
Children's Books/All Ages,Infantil / Juvenil
Social Issues - Manners & Etiquette,No es categoria
Humorous Stories,No es categoria
Social Issues - Emotions & Feelings,No es categoria
Children's Books / 4-8 Years,Infantil / Juvenil
Children's Baby/Preschool,Infantil / Juvenil
Preschool Picture Story Books,Infantil / Juvenil
Juvenile Fiction / Readers / Beginner,Educación
Royalty (kings  queens  princes  princesses  knights  etc.),No es categoria
Manners and customs,No es categoria
Colombian Short stories,Cuento
Women Nazis,No es categoria
Colombian literature -- Colombia -- Barranquilla -- History and criticism,Literatura / Estudios literarios
Colombian literature -- 20th century -- History and criticism,Literatura / Estudios literarios
Composers & Musicians - General,Arte
Militia movements,No es categoria
"Colombia, politics and government",Política
El Dorado,No es categoria
Colombian drama,Teatro
Ransom,No es categoria
Secuestro,No es categoria
Kidnapping,No es categoria
Families,No es categoria
Familias,No es categoria
Rescate,No es categoria
Holocaust survivors,No es categoria
Sobrevivientes del Holocausto,No es categoria
History - General History,Historia
"Buenaventura, Enrique -- Diaries.",Biografía / Autobiografía / Memorias
"Authors, Colombian -- 20th century -- Diaries.",Biografía / Autobiografía / Memorias
"Burgos Cantor, Roberto.",No es categoria
"Authors, Colombian -- 20th century -- Biography.",Biografía / Autobiografía / Memorias
Cultural assimilation,No es categoria
Poesias (Colombia),Poesía
1959-,No es categoria
"Government, Resistance to",No es categoria
Cuba,No es categoria
State-sponsored terrorism -- Colombia,No es categoria
Political violence -- Colombia,No es categoria
Colombia -- Politics and government -- 1974-,Política
Guerrillas -- Colombia,No es categoria
Counterrevolutionaries -- Cuba -- Interviews,Biografía / Autobiografía / Memorias
Cuba -- History -- 1959-,Historia
State-sponsored terrorism -- Colombia.,No es categoria
Political violence -- Colombia.,No es categoria
Celebrities -- Latin America -- Interviews,Biografía / Autobiografía / Memorias
Hobbies -- Latin America,No es categoria
Peruvian Authors,No es categoria
Short stories,Cuento
Latin American Novel And Short Story,Novela
South America,No es categoria
Fiction / Short Stories (single author),Cuento
Literature,Literatura / Estudios literarios
Utopias,No es categoria
Erotic stories,Ficción
Sexualidad,No es categoria
Friendship,No es categoria
Amistad,No es categoria
Booksellers and bookselling,No es categoria
Economics,Economía
Colombian Philosophy,Filosofía
Intellectual life,No es categoria
Social sciences,Sociología
Law,Derecho
Rural Education,Educación
Rural schools,Educación
Educational sociology,Educación
Teachers,No es categoria
Rural conditions,No es categoria
Social aspects,No es categoria
"Uribe Vélez, Álvaro, -- 1952-",No es categoria
Paramilitary forces -- Colombia -- Córdoba (Dept.),No es categoria
Córdoba (Colombia : Dept.) -- Politics and government,Política
Colombian essays,Ensayo
Latin American poetry,Poesía
Latin American literature,Literatura / Estudios literarios
Latin American Art,Arte
Poetics,Literatura / Estudios literarios
Coffee industry,Economía
Comité Departamental de Cafeteros del Cauca,No es categoria
Poetry texts & anthologies,Poesía
Latin American Poetry,Poesía
Poetry / Caribbean & Latin American,Poesía
Anthologies (multiple authors),Poesía
Poetry / Anthologies (multiple authors),Poesía
Individual artists,Arte
20th Century Art,Arte
Hispanic Art,Arte
Art,Arte
Art & Art Instruction,Arte
Individual Artist,Arte
Techniques - Painting,Arte
Art / Painting,Arte
History - Modern (Late 19th Century to 1945),Historia
Children's 12-Up - Biography / Autobiography,Biografía / Autobiografía / Memorias
Biography & Autobiography - Art,Biografía / Autobiografía / Memorias
Biography & Autobiography - General,Biografía / Autobiografía / Memorias
Continental European,No es categoria
Collections,No es categoria
Reading materials,No es categoria
"García Márquez, Gabriel, -- 1928- -- Criticism and interpretation",Literatura / Estudios literarios
Grandmothers,No es categoria
Dementia,No es categoria
Spanish language -- Provincialisms -- Colombia -- Atlantic coast.,Lengua / Lingüística
Spanish language -- Spoken Spanish -- Colombia -- Atlantic coast.,Lengua / Lingüística
Arts,Arte
Aesthetics,Filosofía
Artistic Photography,Arte
Aeronautics,Tecnología
"Short stories, Colombian -- Colombia -- Antioquia (Dept.)",Cuento
"Short stories, Colombian",Cuento
Colombian fiction -- Colombia -- Antioquia (Dept.),Novela
Colombian fiction -- 20th century,Novela
Colombian fiction -- Colombia -- Antioquia (Dept.) -- History and criticism,Literatura / Estudios literarios
Colombian fiction -- 20th century -- History and criticism,Literatura / Estudios literarios
Spanish American Reportage literature,Crónica
Periodistas,No es categoria
Violencia,No es categoria
Crimes against,No es categoria
Víctimas de delitos,No es categoria
Historia,Historia
Delitos en contra,No es categoria
Victims of violent crimes,No es categoria
Grupo de Barranquilla.,No es categoria
"La Cueva (Barranquilla, Colombia) -- History.",Historia
"La Cueva (Barranquilla, Colombia) -- Historia.",Historia
"Authors, Colombian -- Colombia -- Barranquilla -- Biography.",Biografía / Autobiografía / Memorias
"Authors, Colombian -- Homes and haunts -- Colombia -- Barranquilla.",Biografía / Autobiografía / Memorias
Autores colombianos -- Colombia -- Barranquilla -- Biografía.,Biografía / Autobiografía / Memorias
Autores colombianos -- Casas y lugares predilectos -- Colombia -- Barranquilla.,Biografía / Autobiografía / Memorias
Barranquilla (Colombia) -- Vida intelectual -- Siglo XX.,No es categoria
Barranquilla (Colombia) -- Intellectual life -- 20th century.,No es categoria
Forced migration,No es categoria
Government policy,Política
Refugees,No es categoria
Emigration and immigration,No es categoria
Economic aspects,Economía
Emigrant remittances,Economía
Political corruption,Política
Narcotráfico,No es categoria
Land tenure,No es categoria
Law and legislation,Derecho
Restitution,Derecho
Transitional justice,Derecho
War victims,No es categoria
"Refugees -- Legal status, laws, etc. -- Colombia",Derecho
Forced migration -- Colombia,No es categoria
Agriculture and state -- Colombia.,Economía
Agriculture -- Economic aspects -- Colombia.,Economía
Produce trade -- Government policy -- Colombia.,Economía
Free trade -- Colombia.,Economía
Homes and haunts,No es categoria
Gay men,No es categoria
College students,No es categoria
Extortion,No es categoria
Missing persons,No es categoria
Rich people,No es categoria
Estudiantes universitarios,No es categoria
Novela,Novela
Chantaje,No es categoria
Personas desaparecidas,No es categoria
Riqueza,No es categoria
Colombia,No es categoria
Affirmations,No es categoria
Self-Help,No es categoria
"Body, Mind & Spirit",No es categoria
Political parties,Política
Bullfighters,No es categoria
Toreros,No es categoria
Antioquia (Colombia : Dept.) -- Politics and government.,Política
Kolumbien,No es categoria
Volkswirtschaft,Economía
Staatsgründung,Historia
Kolonialismus,Historia
Autonomy and independence movements,Historia
National income,Economía
Gross domestic product,Economía
Economic History,Historia
Editorials,Comunicación
Public opinion,Sociología
Painters,Arte
Spanish American poetry -- 19th century -- History and criticism,Literatura / Estudios literarios
Regionalism in literature,Literatura / Estudios literarios
Literature and society,Literatura / Estudios literarios
Child abuse,No es categoria
Children,No es categoria
Violence against,No es categoria
Children's rights,Derecho
Human rights,Derecho
Political persecution,No es categoria
Communication.,Comunicación
Semiotics.,Lengua / Lingüística
Aesthetics.,Filosofía
Latin America - South America,No es categoria
Latin America - General,No es categoria
"Martín B., Jesús",No es categoria
Mass media -- Latin America.,Comunicación
Mass media -- Social aspects -- Latin America.,Comunicación
Social Science,Sociología
Statistics,No es categoria
Sociology - General,Sociología
International economic relations.,Economía
International trade -- Social aspects -- Latin America.,Economía
Latin America -- Economic conditions -- 1982-,Economía
Latin America -- Social conditions -- 1982-,Sociología
Populismo,Política
Gobierno,Política
Populism,Política
"Errors, inventions",No es categoria
Actitudes,No es categoria
Attitudes,No es categoria
Política y gobierno,Política
Intelectuales,No es categoria
"Errores, invenciones",No es categoria
Right and left (Political science),Política
"Latin America -- History -- Errors, inventions, etc.",Historia
Art styles: c 1960 -,Arte
Exhibition catalogues and specific collections,Arte
"Collections, Catalogs, Exhibitions - General",Arte
Art / Caribbean & Latin American,Arte
Methods - General,No es categoria
Cooking,Gastronomía
Cooking / Wine,Gastronomía
"Editors, Journalists, Publishers",No es categoria
Short Stories (Anthologies),Cuento
"Montoya, Pablo, -- 1963- -- Aesthetics",Filosofía
"Painting -- Themes, motives",Arte
Indianists,No es categoria
Mapuche Indians,No es categoria
Government relations,Política
Ethnic identity,Sociología
Treatment of Indians,No es categoria
Ethnic relations,Sociología
Autographs,No es categoria
Indian mythology,No es categoria
Indians,No es categoria
Legends,Leyenda
Cuentos populares,Cuento
Tales,Cuento
Indios de Colombia,No es categoria
Leyendas,Leyenda
Political science -- Colombia -- History,Política
Political parties -- Colombia -- History,Política
Colombia -- Politics and government -- 1810-,Política
Mexico -- History -- 1821-1861,Historia
Clergy,No es categoria
Vallenato (Music),Arte
Popular music,Arte
Recovery,No es categoria
Codependency,No es categoria
Self-Help / Codependency,No es categoria
Love,No es categoria
Christian Life - Spiritual Growth,Religión
Christian Ministry - Discipleship,Religión
In literature,Literatura / Estudios literarios
Poesía,Poesía
Historia y crítica,Literatura / Estudios literarios
América Latina en la literatura,Literatura / Estudios literarios
"Elegías de varones ilustres de Indias (Castellanos, Juan de)",Poesía
Anthropology - Cultural,Sociología
Archaeology / Anthropology,Sociología
Jefes de Estado,No es categoria
Biografía,Biografía / Autobiografía / Memorias
Friends and associates,No es categoria
Expatriate authors,No es categoria
Autores ingleses,No es categoria
Romanticism,Literatura / Estudios literarios
English Authors,No es categoria
Romanticismo,Literatura / Estudios literarios
Filosofía,Filosofía
Ensayos,Ensayo
Civilización,No es categoria
Seres humanos,No es categoria
Human beings,No es categoria
Ensayos colombianos,Ensayo
"Peláez, Luis Fernando, -- 1945- -- Exhibitions.",Arte
American history,Historia
South America - History,Historia
History / Essays,Historia
"Castellanos, Juan de, 1522-1607.",No es categoria
Latin America -- In literature.,Literatura / Estudios literarios
Contemporary Art,Arte
Individual Painters - 20th Century,Arte
Literary Criticism & Collections / Central & South American,Literatura / Estudios literarios
History - Contemporary (1945- ),Historia
Catalogs,No es categoria
Artists,Arte
Architecture,Arte
Exhibitions,Arte
Colombian Art,Arte
Pavilions,No es categoria
"Buildings, structures",No es categoria
"Exposición Ibero-Americana (1929-1930 : Seville, Spain)",Arte
Violence in art,Arte
Fundación Proyecto Bachué,No es categoria
Sculptors,Arte
Fiction - Historical,Ficción
Historical - General,Ficción
Fiction / Historical,Ficción
Biography: general,Biografía / Autobiografía / Memorias
Warfare & Defence,Historia
Biography & Autobiography / Military,Biografía / Autobiografía / Memorias
History / South America,Historia
1795-1861,No es categoria
19th century,No es categoria
"Obando, Josâe Marâia,",No es categoria
Statues,No es categoria
Spanish philology,Lengua / Lingüística
Peace-building,No es categoria
Peace,No es categoria
Sociological aspects,Sociología
Reparation (Criminal justice),Derecho
"Legal status, laws",Derecho
Victims of crimes,No es categoria
NOVELA COLOMBIANA,Novela
LITERATURA COLOMBIANA,Literatura / Estudios literarios
INDIGENAS DEL AMAZONAS,No es categoria
NOVELA,Novela
CONDICIONES SOCIALES,Sociología
VIDA EN LA SELVA,No es categoria
Literature & Fiction,Literatura / Estudios literarios
Romance - General,Ficción
General & Literary Fiction,Ficción
Spanish (Language) Contemporary Fiction,Ficción
Fiction / General,Ficción
"Espinosa de Pérez, Matilde -- Criticism and interpretation",Literatura / Estudios literarios
Criminal law,Derecho
"Escobar, Pablo.",No es categoria
Drug dealers -- Colombia -- Biography.,Biografía / Autobiografía / Memorias
Drug traffic -- Colombia.,No es categoria
"Finance, Public -- Law and legislation -- Colombia.",Derecho
Budget -- Law and legislation -- Colombia.,Derecho
Law reform -- Colombia.,Derecho
Brigands and robbers,No es categoria
Metaphysical Phenomena - General,No es categoria
"New Age / Body, Mind & Spirit",No es categoria
Liberalism,Política
Politics and culture,Política
Conservatism,Política
Partido Conservador (Colombia),Política
Partido Liberal (Colombia),Política
"Philosophy, Colombian -- 20th century.",Filosofía
Colombia -- Politics and government -- 1974- -- Philosophy.,Política
Colombia -- Social conditions -- 1970-,Sociología
Radicalism,Política
Imperialism -- Philosophy.,Filosofía
Byzantine Empire -- History.,Historia
Labor union members,No es categoria
Labor unions,No es categoria
"Valencia, León, -- 1955-",No es categoria
Ejército de Liberación Nacional (Colombia),No es categoria
Guerrillas -- Colombia -- Biography,Biografía / Autobiografía / Memorias
Revolutionaries -- Colombia -- Biography,Biografía / Autobiografía / Memorias
Autodefensas Unidas de Colombia,No es categoria
Paramilitary forces -- Colombia,No es categoria
Intellectual property,Derecho
Portraits,Arte
"Vidales, Luis -- Criticism and interpretation.",Literatura / Estudios literarios
Television authorship.,Comunicación
Romance literature,Ficción
Música,Arte
Jóvenes (Mujeres),No es categoria
Salsa (Música),Arte
Young women,No es categoria
Music,Arte
Salsa (Music),Arte
Jóvenes (Hombres),No es categoria
Young men,No es categoria
Novela colombiana,Novela
Motion pictures -- Reviews.,Arte
Motion pictures.,Arte
"Caicedo Estela, Andrés, -- 1951-1977",No es categoria
Colombian poetry.,Poesía
Poesía colombiana.,Poesía
Love poetry,Poesía
Latin American Reportage literature,Crónica
Writing of Numerals,No es categoria
Numerales,No es categoria
Ficción juvenil,Infantil / Juvenil
Números,No es categoria
Spanish poetry,Poesía
Spanish Folk songs,Arte
Lyric writing (Popular music),Arte
Poesía colombiana,Poesía
Literatura colombiana,Literatura / Estudios literarios
Storytelling -- Juvenile fiction.,Infantil / Juvenil
Spanish: Young Adult (Gr. 10-12),Infantil / Juvenil
Ghost,No es categoria
Christian - Historical,Religión
Controversial literature,No es categoria
"Darwin, Charles, -- 1809-1882.",No es categoria
Evolution (Biology),Ciencia
Natural history -- Philosophy -- Popular works.,Ciencia
Biology -- Philosophy.,Ciencia
Natural selection.,Ciencia
Rhetoric.,Lengua / Lingüística
"Grammar, Comparative and general.",Lengua / Lingüística
Novela colombiana -- Siglo XX.,Novela
"Fiction, dystopian",Ficción
Personal memoirs,Biografía / Autobiografía / Memorias
Poetry (poetic works by one author),Poesía
"Silva, Jose Asuncion, 1865-1896",No es categoria
"Silva, Josâe Asunciâon, 1865-1896",No es categoria
1865-1896,No es categoria
"Silva, Josâe Asunciâon,",No es categoria
"Silva, Jose Asuncion",No es categoria
"Silva, José Asunción, 1865-1896 -- Correspondence.",Biografía / Autobiografía / Memorias
"Authors, Colombian -- 19th century -- Correspondence.",Biografía / Autobiografía / Memorias
Mysticism,No es categoria
Drug dealers,No es categoria
Fugitives from justice,No es categoria
Male friendship,No es categoria
Narcotraficantes,No es categoria
Proscritos,No es categoria
Tráfico de drogas y narcóticos,No es categoria
Family secrets,No es categoria
Fathers and sons,No es categoria
Secretos,No es categoria
Padres e hijos,No es categoria
(1857-1924),No es categoria
1857-1924,No es categoria
Biografâia,Biografía / Autobiografía / Memorias
"Conrad, Joseph",No es categoria
"Conrad, Joseph,",No es categoria
Crâitica e interpretaciâon,Literatura / Estudios literarios
"Fiction, religious",Ficción
"Colombia, fiction",Ficción
Venganza,No es categoria
Vendetta,No es categoria
Tra fico de drogas,No es categoria
Islas,No es categoria
Enfermedades mentales,No es categoria
Suicide,No es categoria
Mental illness,No es categoria
Suicidio,No es categoria
"Carpentier, Alejo, -- 1904-1980.",No es categoria
"Lam, Wifredo.",No es categoria
"Caballero, Luis, -- 1943-",No es categoria
"Arts, Cuban -- 20th century.",Arte
"Art, Colombian -- 20th century.",Arte
"Poets, Colombian -- 20th century -- Interviews.",Biografía / Autobiografía / Memorias
Colombian poetry -- 20th century -- History and criticism.,Literatura / Estudios literarios
Medical students -- Colombia -- Fiction,Novela
Colombia -- Social conditions -- Fiction,Novela
Older women,No es categoria
Juvenile literature,Infantil / Juvenil
Spiritual life,No es categoria
Wealth,No es categoria
Old age,No es categoria
Femmes âgées,No es categoria
Ouvrages pour la jeunesse,Infantil / Juvenil
Vie spirituelle,No es categoria
Ancianas,No es categoria
Literatura juvenil,Infantil / Juvenil
Vida espiritual,No es categoria
Children's 4-8 - Poetry / Plays,Infantil / Juvenil
Children's Books/Ages 4-8 Nonfiction,Infantil / Juvenil
"Thailand, fiction",Ficción
"Short stories, Colombian.",Cuento
Colombian fiction -- 20th century.,Novela
el Gaviero Maqroll (Fictitious character),No es categoria
"Maqroll, el Gaviero (Personaje literario)",No es categoria
Visionary & Metaphysical,No es categoria
Action & Adventure,Ficción
Criticism,Literatura / Estudios literarios
Fine Arts,Arte
Identity (Psychology),Psicología
Ecuador,No es categoria
"National characteristics, Ecuadorian",No es categoria
Spanish American literature -- 20th century -- History and criticism.,Literatura / Estudios literarios
Political corruption -- Ecuador.,Política
Ecuador -- Politics and government -- 1984-,Política
Ecuadorian poetry,Poesía
Ecuadorian literature,Literatura / Estudios literarios
Authoritarianism,Política
Fascism,Política
Capitalism,Economía
Marxian school of sociology,Sociología
Communism and society,Política
"Cueva, Agustín, -- 1937-1992",No es categoria
Sociology -- Latin America,Sociología
Ecuadorian literature -- History and criticism,Literatura / Estudios literarios
Ecuador -- Civilization,No es categoria
Ecuador -- Intellectual life,No es categoria
"Santa Cruz y Espejo, Francisco Xavier Eugenio de, -- 1747-1795",No es categoria
Intellectuals -- Ecuador,No es categoria
"Santa Cruz y Espejo, Francisco Xavier Eugenio de, -- 1747-1795 -- Trials, litigation, etc",Derecho
"Santa Cruz y Espejo, Francisco Xavier Eugenio de, -- 1747-1795 -- Imprisonment",No es categoria
Ecuador -- History -- 18th century -- Sources,Historia
"Fierro, Luis Enrique, -- 1936- -- Criticism and interpretation",Literatura / Estudios literarios
Quito (Ecuador),No es categoria
Eccentrics and eccentricities -- Ecuador -- Quito -- Anecdotes,No es categoria
Quito (Ecuador) -- Anecdotes,No es categoria
Quechua women,No es categoria
Indian pottery,No es categoria
Quechua Indians,No es categoria
Dance music,Arte
Pasillo,Arte
Dictionaries,No es categoria
Streets -- Ecuador -- Quito -- History,Historia
"Architecture, Domestic -- Ecuador -- Quito -- History",Arte
Quito (Ecuador) -- History,Historia
"Quito (Ecuador) -- Buildings, structures, etc",Arte
Spaniards -- Ecuador -- Riobamba -- History.,Historia
Riobamba (Ecuador) -- Genealogy.,No es categoria
Anti-fascist movements,Política
"World War, 1939-1945",Historia
World War (1939-1945) fast (OCoLC)fst01180924,Historia
"Travelers' writings, Ecuadorian",Viajes
Ecuadorian prose literature,Literatura / Estudios literarios
Ecuadorians,No es categoria
Anecdotes,No es categoria
Voyages and travels,Viajes
Travelers' writings,Viajes
Heads of state -- South America -- Biography,Biografía / Autobiografía / Memorias
Festivals,No es categoria
Moral and ethical aspects,No es categoria
Conquerors,No es categoria
"America, history",Historia
Rites and ceremonies,No es categoria
Fasts and feasts,No es categoria
Oppression (Psychology),No es categoria
Culture,No es categoria
Anthropological linguistics,Lengua / Lingüística
Languages,Lengua / Lingüística
Ecuadorian Authors,No es categoria
"Aguirre Abad, Francisco Xavier, -- 1808-1882",No es categoria
Historians -- Ecuador -- Biography,Biografía / Autobiografía / Memorias
Ecuador -- Historiography -- 19th cetury,Historia
Wars of Independence (South America : 1806-1830) fast (OCoLC)fst01355310,Historia
Naval operations,Historia
Leander (Ship),No es categoria
"Miranda, Francisco de, -- 1750-1816",No es categoria
Revolutionaries -- Venezuela -- Biography,Biografía / Autobiografía / Memorias
Venezuela -- History -- 1556-1810,Historia
"Gallardo Román, José, -- 1935-",No es categoria
"Ecuador-Peru Conflict, 1995",Historia
Illegal arms transfers -- Ecuador,No es categoria
Illegal arms transfers -- Argentina,No es categoria
Trials (Illegal arms transfers) -- Ecuador,Derecho
Historians,No es categoria
Diccionario de la lengua española (Real Academia Española),Lengua / Lingüística
Ecuadorian literature -- 20th century -- History and criticism,Literatura / Estudios literarios
Utopias in literature,Literatura / Estudios literarios
Board books,Infantil / Juvenil
Colors,No es categoria
Color,No es categoria
Water,No es categoria
Colores,No es categoria
Novela infantil,Infantil / Juvenil
Agua,No es categoria
Dogs,No es categoria
Perros,No es categoria
Loja (Ecuador : Province) -- History,Historia
Loja (Ecuador : Province) -- Economic conditions,Economía
Loja (Ecuador : Province) -- Politics and government,Política
Loja (Ecuador : Province) -- Civilization,No es categoria
Activity Books - General,Infantil / Juvenil
Language Arts - Composition & Creative Writing,Educación
Incas -- Fiction,Ficción
Indians of South America -- Andes Region -- History -- Fiction,Ficción
"Peru -- History -- Conquest, 1522-1548",Historia
"García Moreno, Gabriel, 1821-1875 -- Fiction.",Ficción
Ecuador -- History -- 1830-1895 -- Fiction.,Ficción
Ecuadorian Short stories,Cuento
Sagas,Ficción
Modern fiction,Ficción
"Short stories, Ecuadorian -- 20th century",Cuento
Cuentos ecuatorianos -- Siglo XX,Cuento
Spanish Horror tales,Ficción
Spanish Short stories,Cuento
Spanish fiction,Ficción
"Montalvo, Juan, -- 1832-1889 -- Political and social views.",Política
"Montalvo, Juan, -- 1832-1889 -- Bibliography.",No es categoria
Paraguayan literature,Literatura / Estudios literarios
Paraguayan poetry -- 20th century,Poesía
Guarani poetry -- Translations into Spanish,Poesía
"Delgado, Susy, -- 1939- -- Criticism and interpretation.",Literatura / Estudios literarios
Guarani poetry.,Poesía
Spanish poetry.,Poesía
Guarani poetry -- History and criticism.,Literatura / Estudios literarios
Victims of state-sponsored terrorism,No es categoria
Political prisoners,No es categoria
Operación Cóndor (South American countersubversion association),No es categoria
Archivos del terror,No es categoria
Personal narratives,Biografía / Autobiografía / Memorias
Concentration camps,No es categoria
Guarani Indians,No es categoria
Natural history,Ciencia
Paraguayan Authors,No es categoria
Jesuits -- Missions -- Paraguay.,Religión
Guarani Indians -- Missions.,Religión
Guarani Indians -- Social life and customs.,No es categoria
Indians of South America -- Social life and customs.,No es categoria
Paraguayan poetry -- 20th century -- History and criticism.,Literatura / Estudios literarios
"Casaccia, Gabriel",No es categoria
"Casaccia, Gabriel -- Language",Lengua / Lingüística
"Paraguayan fiction -- Criticism, Textual",Literatura / Estudios literarios
Latin American literature -- Indian influences,Literatura / Estudios literarios
Mestizaje in literature,Literatura / Estudios literarios
Latin America -- Civilization,No es categoria
Paraguay,No es categoria
Paraguayan poetry,Poesía
"Francia, José Gaspar Rodríguez de, -- 1766-1840",No es categoria
Paraguay -- History,Historia
Medicine,Salud
Indian goldwork -- Paraguay -- History,Historia
Indian silverwork -- Paraguay -- History,Historia
Indian goldwork -- America -- History,Historia
Indian silverwork -- America -- History,Historia
Indians of South America -- Colonization -- Paraguay -- History,Historia
Gold mines and mining -- Paraguay -- History,Historia
Silver mines and mining -- Paraguay -- History,Historia
America -- Discovery and exploration -- Spanish,Historia
Spain -- Colonies -- America -- History,Historia
Paraguayan Short stories,Cuento
Deadly sins,No es categoria
Paraguayan fiction,Novela
Country life -- Paraguay,No es categoria
Language and culture -- Paraguay,Lengua / Lingüística
Family -- Paraguay,No es categoria
Paraguay -- Economic conditions,Economía
Paraguay -- Social life and customs,Sociología
Modern Aesthetics,Filosofía
Art and society,Arte
Art and state,Arte
Modern Art,Arte
"Art, Paraguayan",Arte
Art -- Paraguay,Arte
Indian art -- Paraguay.,Arte
Indians of South America -- Industries -- Paraguay.,No es categoria
Handicraft -- Paraguay.,Arte
Indians of South America -- Paraguay -- Social life and customs.,No es categoria
Folk art -- Latin America.,Arte
Art and society -- Latin America.,Arte
Drama,Teatro
"Paraguayan War, 1865-1870",Historia
Partido Colorado (Paraguay),Política
"Stroessner, Alfredo, -- 1912-2006",No es categoria
"Paraguay -- History -- Coup d'état, 1989 -- Sources",Historia
Paraguay -- Politics and government -- 1989-,Política
Bohemianism,No es categoria
Archival resources,No es categoria
Archives,No es categoria
Instituto de Historia y Museo Militar (Paraguay),No es categoria
Paraguay -- Foreign relations -- Brazil -- History -- Sources.,Política
Brazil -- Foreign relations -- Paraguay -- History -- Sources.,Política
Appreciation,No es categoria
Naturopathy,Salud
Vegetable Materia medica,Salud
Paraguayans,No es categoria
Paraguayan National characteristics,No es categoria
Paraguayan Satire,No es categoria
Paraguayan wit and humor,No es categoria
Paraguayan wit and humor.,No es categoria
"National characteristics, Paraguayan -- Anecdotes.",No es categoria
Paraguay -- Social life and customs -- Anecdotes.,Sociología
Reputation (Law) -- Paraguay.,Derecho
Libel and slander -- Paraguay.,Derecho
Honor -- Paraguay.,No es categoria
Usage,Lengua / Lingüística
Spoken Spanish,Lengua / Lingüística
Pictorial Paraguayan wit and humor,No es categoria
Peasants,No es categoria
Guarani poetry,Poesía
Guarani language,Lengua / Lingüística
Children's Baby - Fiction - General,Infantil / Juvenil
Language readers,Educación
Language,Lengua / Lingüística
"Paraguayan War, 1865-1870 -- Historical fiction",Ficción
FOR,No es categoria
FOR026000,No es categoria
Zoque language,Lengua / Lingüística
Texts,No es categoria
Cakchikel language,Lengua / Lingüística
Mapuche language,Lengua / Lingüística
Street vendors -- Paraguay -- Portraits.,Arte
Markets -- Paraguay -- Pictorial works.,Arte
Guarani Proverbs,No es categoria
Maxims,No es categoria
Italians,No es categoria
Jesuit art,Arte
Baroque Art,Arte
Colonial Art,Arte
Spanish Art,Arte
Guarani art,Arte
Guarani art.,Arte
"Art, Baroque -- Jesuit influences.",Arte
"Art, Baroque -- Latin America.",Arte
Paraguayan poetry -- 20th century.,Poesía
"National characteristics, Paraguayan -- In literature.",Literatura / Estudios literarios
"López, Nila, -- 1954-",No es categoria
"Authors, Paraguayan -- 20th century -- Biography",Biografía / Autobiografía / Memorias
Teachers -- Paraguay -- Biography,Biografía / Autobiografía / Memorias
Paraguay -- Intellectual life -- 20th century,No es categoria
Paraguay -- Civilization -- 20th century,No es categoria
"Barrett, Rafael, -- d. 1910 -- Criticism and interpretation",Literatura / Estudios literarios
Family,No es categoria
Uruguayan Authors,No es categoria
Critics,No es categoria
Fathers,No es categoria
Death,No es categoria
Murder victims,No es categoria
Revolutionaries,No es categoria
Uruguayan Short stories,Cuento
Torture,No es categoria
Unión de la Juventud Comunista del Uruguay,No es categoria
Movimiento de Liberación Nacional (Uruguay),No es categoria
"Short stories, Uruguayan.",Cuento
Cuentos uruguayos.,Cuento
Sexual minorities,No es categoria
Jews,No es categoria
Civil-military relations,Política
Uruguay,No es categoria
Military doctrine,Política
Freemasonry,No es categoria
Civil-military relations -- Uruguay,Política
Uruguay -- Politics and government -- 1985-,Política
Opus Dei (Society),Religión
Societies,No es categoria
Literary & Linguistic Reference Works,Lengua / Lingüística
Development - Sustainable Development,Economía
Environmental Science,Ciencia
Environmental Studies,Ciencia
Syndicalism,Política
Supranationalism,Política
Pan-Americanism,Política
Latin American federation,Política
Latin American Philosophy,Filosofía
Spanish Philosophy,Filosofía
Uruguayan poetry,Poesía
Uruguayan literature,Literatura / Estudios literarios
Amnesty,Derecho
Crimes against humanity,No es categoria
Brazilian poetry,Poesía
Uruguayan poetry -- Women authors.,Poesía
Uruguayan poetry -- 20th century.,Poesía
Sonnets,Poesía
Uruguayan fiction,Novela
"Arbeleche, Jorge, -- 1943- -- Criticism and interpretation",Literatura / Estudios literarios
"Comic books, strips",Ficción
Graphic novels,Ficción
Books and reading,No es categoria
Art and morals,Arte
Photography,Arte
Art and culture,Arte
Ethics,Filosofía
COVID-19 (Disease),No es categoria
Conceptual art,Arte
Conceptualism,Arte
Art and technology,Arte
"Art, Modern -- 20th century.",Arte
Airplane crash survival,No es categoria
Aircraft accidents,No es categoria
Aircraft accident victims,No es categoria
Heart surgeons,No es categoria
"Casacuberta, Pablo, -- 1969- -- Exhibitions.",Arte
"Photography, Artistic.",Arte
Corporation law,Derecho
Public-private sector cooperation,Economía
Corporations,Economía
Elections,Política
Socialism -- Uruguay -- History,Política
Populism -- Uruguay,Política
"Pacheco Areco, Jorge, -- 1920-",No es categoria
Uruguay -- Politics and government -- 1904-1973.,Política
"Short stories, Cuban.",Cuento
Cuban fiction -- 21st century.,Novela
"Chavarría, Daniel, -- 1933-",No es categoria
"Authors, Uruguayan -- 20th century -- Biography",Biografía / Autobiografía / Memorias
"Frugoni, Emilio, -- 1880-1969",No es categoria
Uruguay -- Politics and government -- 1904-1973,Política
Theater,Teatro
Latin American drama,Teatro
Spanish drama,Teatro
Dramatic criticism,Literatura / Estudios literarios
European drama,Teatro
Basques,No es categoria
Immigrants,No es categoria
Artists -- Uruguay -- Interviews.,Biografía / Autobiografía / Memorias
"Arts, Uruguayan -- 20th century.",Arte
"Laforgue, Jules, -- 1860-1887 -- Criticism and interpretation.",Literatura / Estudios literarios
Jesuits -- Uruguay -- History,Religión
Freemasonry -- Uruguay -- History,No es categoria
Catholic universities and colleges -- Uruguay -- History,Educación
Political participation,Política
Financial crises,Economía
Mateo y Trasante,No es categoria
Murder,No es categoria
Portrait painters,Arte
Uruguayan Historical fiction,Ficción
Uruguayans,No es categoria
Neighborhoods,No es categoria
Actresses,No es categoria
Death and burial,No es categoria
Dueling,No es categoria
Celebrities -- Homes and haunts -- Uruguay -- Punta del Este.,No es categoria
Punta del Este (Uruguay) -- History.,Historia
Punta del Este (Uruguay) -- Social life and customs.,Sociología
Punta del Este (Uruguay) -- Biography.,Biografía / Autobiografía / Memorias
Uruguayan Poets,No es categoria
Lyricists,No es categoria
Milongas (Music),Arte
Littérature uruguayenne,Literatura / Estudios literarios
"Di Giorgio, Marosa.",No es categoria
World Cup (Soccer) (1950 : Brazil),Deportes
Selección Uruguaya de Fútbol (Soccer team),Deportes
Seleção Brasileira de Futebol,Deportes
"Estádio do Maracanã (Rio de Janeiro, Brazil)",No es categoria
Écrivains uruguayens,No es categoria
Biographies,Biografía / Autobiografía / Memorias
Underwater welding and cutting,No es categoria
Raffles,No es categoria
Constitutional history -- Urugay.,Derecho
Constitutional law -- Uruguay.,Derecho
Argentine Short stories,Cuento
Argentine fiction,Novela
Machisme,No es categoria
Nouvelles argentines,Cuento
Roman argentin,Novela
Machismo,No es categoria
Mineral industries,Economía
Corrupt practices,No es categoria
Agriculture,Economía
Environmental aspects,Ciencia
Economic development,Economía
Free trade,Economía
Economic policy,Economía
Sustainable development,Economía
Hydrocarbons,Economía
Environmental ethics,Ciencia
Environmental policy,Ciencia
Nature conservation,Ciencia
Environmental law,Derecho
Investigation,No es categoria
Intelligence service,No es categoria
Chile. Dirección de Inteligencia Nacional,No es categoria
Chile,No es categoria
"Trabal, Ramón, 1929-1974 -- Assassination.",No es categoria
Political violence -- Uruguay.,No es categoria
Assassination -- Uruguay.,No es categoria
Prevention,No es categoria
Organized crime,No es categoria
Case studies,No es categoria
Drogues,No es categoria
Études de cas,No es categoria
Trafic,No es categoria
Trafiquants de drogues,No es categoria
Crime organisé,No es categoria
Merchant mariners,No es categoria
Chile. Central Nacional de Informaciones,No es categoria
Latin American Authors,No es categoria
Politique et gouvernement,Política
Partido Nacional (Uruguay),Política
Conspiracies,No es categoria
Espionage,No es categoria
Violence politique,No es categoria
Histoire,Historia
Conspiration,No es categoria
Espionnage,No es categoria
"Notebooks, sketchbooks",No es categoria
Manuscripts,No es categoria
Facsimiles,No es categoria
"Prisoners' writings, Uruguayan",Literatura / Estudios literarios
Creative nonfiction,No es categoria
"Gelman, Marcelo Ariel, -- 1956?-1976",No es categoria
"Garcia Irureta Goyena, Maria Claudia, -- d. 1976",No es categoria
"Sanguinetti, Julio María, -- 1936-",No es categoria
Disappeared persons -- Argentina,No es categoria
"Sanguinetti, Julio María, 1936-",No es categoria
"Gelman, Juan, 1930-",No es categoria
"Batlle Ibáñez, Jorge, 1927-",No es categoria
Human rights -- Uruguay.,Derecho
Amnesty -- Uruguay.,Derecho
"Holocaust, Jewish (1939-1945)",Historia
Friendship in children,No es categoria
Liability for human rights violations,Derecho
Children of prisoners -- Uruguay,No es categoria
Political prisoners -- Uruguay,No es categoria
Human rights -- Uruguay,Derecho
Uruguay -- Politics and government -- 1973-1985,Política
International Criminal Court.,Derecho
Judicial assitance -- Uruguay.,Derecho
Extradition -- Uruguay.,Derecho
International offenses -- Uruguay.,Derecho
Thieves,No es categoria
Map thefts,No es categoria
Maldonado (Uruguay : Department),No es categoria
Shipwrecks,No es categoria
Treasure troves,No es categoria
"Estefanell, Marcelo, -- 1950-",No es categoria
Political prisoners -- Uruguay -- Biography,Biografía / Autobiografía / Memorias
Military government -- Uruguay -- History -- 20th century -- Sources,Historia
Uruguayan newspapers,Comunicación
Hoy Canelones,Comunicación
"Almafuerte, -- 1854-1917 -- Criticism and interpretation.",Literatura / Estudios literarios
Spanish American poetry -- History and criticism.,Literatura / Estudios literarios
Marketing - General,Economía
Business / Economics / Finance,Economía
Radio personalities,No es categoria
Sportscasters,No es categoria
Television personalities,No es categoria
Neoliberalism,Política
Fútbol,Deportes
Anécdotas,No es categoria
Aspectos sociales,Sociología
Journalistic ethics,Comunicación
Mirador Cultural (Program),Comunicación
Military History,Historia
Universidad de la República (Uruguay),Educación
Uruguay -- Foreign relations -- Argentina -- Sources.,Política
Argentina -- Foreign relations -- Uruguay -- Sources.,Política
United States -- Foreign relations -- South America -- Sources.,Política
South America -- Foreign relations -- United States -- Sources.,Política
United States -- Foreign relations -- 1945-1953 -- Sources.,Política
United States -- Foreign relations -- 1953-1961 -- Sources.,Política
Animals,No es categoria
Wildlife conservation,Ciencia
Endangered species,Ciencia
"Peirano Basso, Juan, -- 1949-",No es categoria
Peirano family.,No es categoria
Banco Velox.,No es categoria
Bankers -- Uruguay -- Biography.,Biografía / Autobiografía / Memorias
Bank fraud -- Uruguay.,No es categoria
Banks and banking -- Corruption pratices -- Uruguay.,Economía
Corruption investigation -- Uruguay.,No es categoria
"Paseyro, Ricardo -- Criticism and interpretation",Literatura / Estudios literarios
Spanish poetry -- 20th century -- History and criticism,Literatura / Estudios literarios
"Poets, Spanish -- 20th century",No es categoria
Rock groups,Arte
Rock music,Arte
Blues-rock music,Arte
Días de blues,Arte
Mathematics,Ciencia
Internet service providers,Tecnología
Internet,Tecnología
Statesmen,No es categoria
Human rights -- Latin America.,Derecho
Poor -- Latin America.,Sociología
Latin America -- Social conditions.,Sociología
Meditations.,No es categoria
Recreations & Games,No es categoria
Nonfiction / General,No es categoria
Logic & Brain Teasers,No es categoria
Games,No es categoria
Games / Gamebooks / Crosswords,No es categoria
Form - Jokes & Riddles,No es categoria
Educación superior,Educación
Universidades,Educación
Architectural inscriptions,Arte
Details,No es categoria
Buildings,No es categoria
Transparency in government,Política
Partido Colorado (Uruguay),Política
Izquierda Democrática Independiente (Uruguay),Política
Uruguay -- Politics and government,Política
Railroads -- Uruguay -- Montevideo -- History,Historia
Railroads -- Buildings and structures -- Uruguay -- Montevideo -- History,Historia
Montevideo (Uruguay) -- Economic conditions,Economía
Political parties -- Uruguay -- History,Política
Frente Amplio (Uruguay),Política
"Essays, journals, letters & other prose works",Ensayo
c 1800 to c 1900,No es categoria
Social Science Ethics,Sociología
Ariel,No es categoria
"Rodo, Jose Enrique",No es categoria
Devaluation of currency,Economía
Confidential communications,No es categoria
Press,Comunicación
Economic history,Historia
"Criminal justice, Administration of -- Uruguay",Derecho
Prisons -- Law and legislation -- Uruguay,Derecho
Law reform -- Uruguay,Derecho
Criminals,No es categoria
Child sexual abuse by clergy,No es categoria
Spanish Women authors,No es categoria
Arab--Israeli conflict,No es categoria
Zionism,No es categoria
Environmental degradation,Ciencia
Pollution,Ciencia
Industries,Economía
"National characteristics, Uruguayan -- Public opinion",Sociología
Uruguayan Erotic stories,Ficción
Argentine Erotic stories,Ficción
Uruguayan Soccer stories,Deportes
Roman uruguayen,Novela
"River Plate, Battle of the, 1939",Historia
Admiral Graf Spee (Battleship),No es categoria
Federal government,Política
"Theology, Doctrinal",Religión
"Hernandarias, -- 1561-1634",No es categoria
Statesmen -- Argentina -- Biography,Biografía / Autobiografía / Memorias
Argentina -- History -- 1535-1617,Historia
Argentina -- History -- 1617-1776,Historia
Liberty in literature,No es categoria
Exile,No es categoria
Exile (Punishment),No es categoria
Mass Media - Newspapers,Comunicación
Media Studies - Print Media,Comunicación
Pop Arts / Pop Culture,Sociología
Songs,Arte
Uruguayan Art,Arte
In art,Arte
Uruguayan Drawing,Arte
Art collections,Arte
Constructivism (Art),Arte
Private collections,Arte
"Torres-García, Joaquín, -- 1874-1949 -- Exhibitions.",Arte
"Torres-García, Joaquín, -- 1874-1949 -- Criticism and interpretation",Arte
"Aesthetics, American -- 20th century",Filosofía
Art -- Philosophy -- History -- 20th century,Filosofía
New York (N.Y.) -- Description and travel,Viajes
"Torres-García, Joaquín, -- 1874-1949.",No es categoria
Toys -- Uruguay -- Exhibitions.,Arte
Public spaces,No es categoria
Discovery and exploration,Historia
Discoveries in geography,Historia
Candombe (Dance),Arte
British,No es categoria
Leisure,No es categoria
Nightlife,No es categoria
Restaurants,No es categoria
Outdoor recreation,No es categoria
Grocery shopping,No es categoria
Photographers,No es categoria
Voyages around the world,Viajes
Explorers,No es categoria
Antiquities,Historia
Excavations (Archaeology),Historia
Underwater archaeology,Historia
History - GEOGRAPHIC NAME TO BE ESTABLISHED,Historia
"Mercado del Puerto (Montevideo, Uruguay)",No es categoria
Markets,No es categoria
Montevideo (Uruguay) -- History,Historia
Uruguay -- Foreign relations -- Great Britain,Política
Great Britain -- Foreign relations -- Uruguay,Política
Uruguay -- History,Historia
Candombe (Dance) -- Uruguay,Arte
ADES (Association : Uruguay),No es categoria
Search and rescue operations -- Uruguay.,No es categoria
Lifeboat service -- Uruguay.,No es categoria
Lighthouses -- Uruguay.,No es categoria
Photography -- Uruguay -- History.,Arte
Decentralization in government,Política
Artists' books,Arte
Graphic design (Typography),Arte
Erotica,Ficción
"Erotic literature, Hispanic American (Spanish)",Ficción
Spanish Erotic literature,Ficción
Erotic art,Arte
Design & Drafting,Arte
"Design, Drafting, Drawing & Presentation",Arte
Audio-visual materials,No es categoria
Access control,No es categoria
Frente Amplio (Uruguay) -- History,Política
Politisches Denken,Política
Homicide investigation,No es categoria
Nurses,No es categoria
Serial murders,No es categoria
Eastern,No es categoria
Eastern - General,No es categoria
Occultism,No es categoria
Spirituality - General,No es categoria
Cults,No es categoria
Unexplained Phenomena,No es categoria
Unidentified flying objects.,No es categoria
Social movements,Sociología
"COVID-19 Pandemic, 2020-",No es categoria
Right-wing extremists,No es categoria
Paramilitary forces,No es categoria
Poverty,Sociología
Social policy,Política
Working class,Sociología
Riots -- Argentina -- History -- 20th century,Historia
Unemployed -- Argentina -- Political activity -- History -- 20th century,Historia
Argentina -- Social conditions -- 1983-,Sociología
Argentina -- Politics and government -- 1983-2002,Política
Falange Española de las J.O.N.S.,No es categoria
Falange Española Tradicionalista y de las J.O.N.S.,No es categoria
Evacuation of civilians,No es categoria
Refugee children,No es categoria
Popular culture,Sociología
Uruguayan poetry.,Poesía
Syndicalists -- Uruguay -- Biography,Biografía / Autobiografía / Memorias
Politics in literature,Literatura / Estudios literarios
Language and languages in literature,Literatura / Estudios literarios
Translations into English,No es categoria
Good and evil,No es categoria
Theodicy,Filosofía
Social ethics,Filosofía
United States - 20th Century,Historia
Uruguayan literature -- 20th century.,Literatura / Estudios literarios
Uruguayan literature -- 20th century -- History and criticism.,Literatura / Estudios literarios
Customs & Traditions,Sociología
Twelve-Step Programs,No es categoria
History - General,Historia
"Agustini, Delmira, -- 1886-1914",No es categoria
"Agustini, Delmira, -- 1886-1914 -- Correspondence",Biografía / Autobiografía / Memorias
"Poets, Uruguayan -- Correspondence",Biografía / Autobiografía / Memorias
Formas y gn eros literarios,Literatura / Estudios literarios
Literatura,Literatura / Estudios literarios
Latin American Poets,No es categoria
Latin American poetry -- 20th century,Poesía
Motion pictures and literature,Literatura / Estudios literarios
Children's Books - Young Adult Fiction,Infantil / Juvenil
"Mysteries, Espionage, & Detective Stories",Ficción
Children's 12-Up - Literature - Classics,Infantil / Juvenil
Nouvelles uruguayennes,Cuento
Detective and mystery stories,Ficción
Nostalgia,No es categoria
Clubs,No es categoria
Bibliography,No es categoria
Premio FIL de Literatura en Lenguas Romances,No es categoria
Animals - General,No es categoria
Nature & the Natural World - General,No es categoria
Performing Arts - General,Arte
Tangos,Arte
Spanish Songs,Arte
Textual Criticism,Literatura / Estudios literarios
Childhood and youth,No es categoria
Antihéroes,No es categoria
Antiheroes,No es categoria
BIBLIOGRAFIAS,No es categoria
PROSA URUGUAYA,Literatura / Estudios literarios
POESIAS URUGUAYAS,Poesía
"Short stories, Spanish",Cuento
Spanish prose literature -- 21st century,Literatura / Estudios literarios
Books in literature,Literatura / Estudios literarios
Poesía uruguaya,Poesía
Literatura uruguaya,Literatura / Estudios literarios
Latin American Literature,Literatura / Estudios literarios
Short Story,Cuento
"Erotic stories, Uruguayan.",Ficción
Animals - Zoos,No es categoria
Children's 4-8 - Children's 4-8,Infantil / Juvenil
Political Freedom & Security - Human Rights,Derecho
Girls & Women,No es categoria
Social Issues - Peer Pressure,No es categoria
Social Situations - Peer Pressure,No es categoria
Sports & Recreation - Soccer,Deportes
Rock groups -- Fiction.,Ficción
Teenagers -- Fiction.,Ficción
Conjuntos de rock -- Ficción.,Ficción
Adolescentes -- Ficción.,Ficción
Social Issues - Adolescence,No es categoria
Family Relationships,No es categoria
Frogs,No es categoria
Boredom,No es categoria
Bolivia -- History -- Fiction.,Ficción
Bolivian Authors,No es categoria
Cultural policy,Política
Travelers,No es categoria
"Palacio Quemado (La Paz, Bolivia)",No es categoria
Communication in politics,Comunicación
Communication in economic development,Comunicación
Intercultural communication,Comunicación
Communication and culture,Comunicación
Research,No es categoria
"Beltran, Luis Ramiro",No es categoria
"Beltrán, Luis Ramiro",No es categoria
Communication,Comunicación
Universidad Mayor de San Andrés,Educación
Bolivian literature -- 21st century.,Literatura / Estudios literarios
Bolivia -- Literary collections.,Literatura / Estudios literarios
Bolivia -- Social conditions.,Sociología
Ethnic costume,No es categoria
"Carnaval de Oruro (Oruro, Bolivia) fast (OCoLC)fst01778273",No es categoria
Etymology,Lengua / Lingüística
Names,Lengua / Lingüística
Monuments,No es categoria
Literary prizes,No es categoria
Mass media and public opinion,Comunicación
Relations with women,No es categoria
Indian wood-carving,Arte
Indian sculpture,Arte
Wood sculpture,Arte
Prehistoric Antiquities,Historia
Bolivian literature,Literatura / Estudios literarios
Bolivian Short stories,Cuento
Bolivian fiction,Novela
Incas,No es categoria
Inca mythology,No es categoria
Criminal procedure,Derecho
"Short stories, Hispanic American (Spanish)",Cuento
"Short stories, Spanish American",Cuento
Anti-globalization movement,No es categoria
Asesinato,No es categoria
Adolescentes,No es categoria
Novela boliviana,Novela
Teenagers,No es categoria
"Bolaño, Roberto, -- 1953-2003 -- Criticism and interpretation",Literatura / Estudios literarios
Chilean literature -- History and criticism,Literatura / Estudios literarios
"Palacio Quemado (La Paz, Bolivia) -- Fiction.",Ficción
Brothers -- Fiction.,Ficción
Suicide victims -- Family relationships -- Fiction.,Ficción
La Paz (Bolivia) -- Fiction.,Ficción
Bolivian Fantasy fiction,Ficción
Indians of Mexico,No es categoria
Aymara Indians,No es categoria
Political activity,Política
Singers,No es categoria
Bolivia -- Politics and government -- 20th century,Política
Bolivian wit and humor,No es categoria
Political scientists,No es categoria
Political activists,No es categoria
Composition (Language arts),Educación
Rhetoric,Lengua / Lingüística
Creative writing,Literatura / Estudios literarios
"Flores Santos, Jenaro, -- 1942-",No es categoria
Confederación Sindical Unica de Trabajadores Campesinos de Bolivia.,No es categoria
Indian activists -- Bolivia.,No es categoria
Labor leaders -- Bolivia.,No es categoria
Indians of South America -- Bolivia -- Politics and government.,Política
Constitutional law.,Derecho
Constitutions.,Derecho
Constitutional history.,Historia
Ethnomusicology,Arte
Access to the sea (International law),Derecho
Audio Adult: Business,No es categoria
Peruvian literature,Literatura / Estudios literarios
Christianity,Religión
Church history,Religión
Syncretism (Religion),Religión
Mestizos,No es categoria
Racism,No es categoria
Race relations,Sociología
Social classes,Sociología
Women prisoners,No es categoria
Establecimiento Penal de Mujeres de Chorrillos,No es categoria
Temples,No es categoria
Quipu,No es categoria
Indigenes Volk,No es categoria
Knotenschrift,No es categoria
In motion pictures,Arte
Digital cinematography,Arte
Sound motion pictures -- Peru -- History,Arte
Motion pictures -- Peru -- History,Arte
Silent films -- Peru -- History -- 20th century,Arte
Motion pictures -- Peru -- History -- 20th century,Arte
Peasant uprisings,Historia
Land reform,Política
Republicanism,Política
Mass media -- Political aspects -- Peru,Comunicación
Mass media -- Influence,Comunicación
Peruvians -- Spain -- Fiction,Ficción
Novela peruana,Novela
Literature & Fiction / Contemporary,Ficción
Thrillers,Ficción
Cities and towns in literature,Literatura / Estudios literarios
Imaginary places in literature,Literatura / Estudios literarios
Educational change,Educación
Constitutions -- Peru.,Derecho
Constitutional law -- Peru.,Derecho
Constitutional history -- Peru.,Historia
Indian textile fabrics -- Peru.,Arte
Indian textile fabrics -- Amazon River Region.,Arte
Textile crafts -- Peru.,Arte
Textile crafts -- Amazon River Region.,Arte
Indians of South America -- Clothing -- Peru.,No es categoria
Indians of South America -- Clothing -- Amazon River Region.,No es categoria
Boats,No es categoria
Governors,No es categoria
Incas -- Biography.,Biografía / Autobiografía / Memorias
"Pizarro, Francisco, -- ca. 1475-1541.",No es categoria
Explorers -- Peru -- Biography.,Biografía / Autobiografía / Memorias
Explorers -- Spain -- Biography.,Biografía / Autobiografía / Memorias
Governors -- Peru -- Biography.,Biografía / Autobiografía / Memorias
America -- Discovery and exploration -- Spanish.,Historia
"Peru -- History -- Conquest, 1522-1548.",Historia
Indians of South America -- Antiquities,Historia
Indians -- Origin,No es categoria
Peru -- History -- To 1548,Historia
Health & Fitness,No es categoria
"Health, Mind & Body / Sex",No es categoria
Sexuality,No es categoria
Amahuaca Indians,No es categoria
Hallucinogenic drugs and religious experience,No es categoria
Incas -- History,Historia
Peruvian Poets,No es categoria
Indians in literature,Literatura / Estudios literarios
Discurso en loor de la poesía.,Poesía
Poetry -- History and criticism.,Literatura / Estudios literarios
Television,Comunicación
Television producers and directors,Comunicación
Television broadcasting,Comunicación
Secret service,No es categoria
Peruvian Participation,No es categoria
British Espionage,No es categoria
Women spies,No es categoria
German Prisoners and prisons,No es categoria
Peruvians,No es categoria
Peruvian Personal narratives,Biografía / Autobiografía / Memorias
Capitalism -- Peru.,Economía
Social change -- Peru.,Sociología
Peru -- Economic conditions -- 1968-,Economía
Sendero Luminoso (Guerrilla group) -- History.,Historia
Student movements -- Peru -- Ayacucho.,Historia
Peru -- History -- 1968-1980.,Historia
Ayacucho (Peru) -- Politics and government.,Política
Restorative justice,Derecho
Anthropology,Sociología
Arts and society,Arte
Anthropologists,No es categoria
Social change,Sociología
Cultural pluralism,Sociología
Group identity,Sociología
Rural-urban migration,Sociología
Migración interna,Sociología
Identidad cultural,Sociología
Diversidad cultural,Sociología
Interculturalidad,Sociología
Anthropology -- Peru -- History -- 20th century,Sociología
Anthropology -- Latin America,Sociología
Collective memory,Sociología
Peru. Comisión de la Verdad y Reconciliación,No es categoria
Truth commissions,No es categoria
Peru,No es categoria
Ethnology,Sociología
Study and teaching,Educación
"Fujimori, Alberto.",No es categoria
"Montesinos Torres, Vladimiro.",No es categoria
Communication -- Political aspects -- Peru.,Comunicación
Memory -- Political aspects -- Peru.,No es categoria
Peru -- Politics and government -- 1980-,Política
Sendero Luminoso (Guerrilla group),No es categoria
Student movements,Historia
Lexicography,Lengua / Lingüística
Sociolinguistics,Lengua / Lingüística
"Vallejo, César, -- 1892-1938 -- Criticism and interpretation",Literatura / Estudios literarios
Cajón (Musical instrument),Arte
Spanish language -- Noun,Lengua / Lingüística
Economic forecasting,Economía
Natural resources,Economía
Environmental conditions,Ciencia
Management,Economía
Infrastructure (Economics),Economía
Environmental impact analysis,Ciencia
Informal sector (Economics) -- Peru.,Economía
Peru -- Economic conditions.,Economía
Copyright -- Motion pictures -- Peru,Derecho
Piracy (Copyright) -- Peru,Derecho
DVD-Video discs -- Peru,No es categoria
"Eielson, Jorge Eduardo -- Interviews.",Biografía / Autobiografía / Memorias
Artists -- Peru -- Interviews.,Biografía / Autobiografía / Memorias
"Eielson, Jorge Eduardo",No es categoria
Modern Arts,Arte
Sermons,Religión
Spanish Sermons,Religión
Quechua drama,Teatro
Quechua language,Lengua / Lingüística
Social conflict,Sociología
Conditions sociales,Sociología
Maynas (Peru) -- History.,Historia
Peru -- History -- 1548-1820.,Historia
Diplomatic relations,Política
Acta Presidencial de Brasilia,No es categoria
Acta Presidencial de Brasilia (1998 October 26),No es categoria
"Mariátegui, José Carlos, 1894-1930.",No es categoria
Communist International.,No es categoria
Communism -- Latin America.,Política
Reviews,No es categoria
Motion picture producers and directors,Comunicación
Film,Arte
"Short stories, Peruvian",Cuento
Peruvian fiction,Novela
Gewalt,No es categoria
Early works to 1800,No es categoria
Europe - Spain & Portugal,No es categoria
Foreign Language Study-Spanish,Lengua / Lingüística
History / Latin America,Historia
History-Europe - Spain & Portugal,Historia
Unión (Corvette),No es categoria
"War of the Pacific, 1879-1884 -- Sources",Historia
Logbooks -- Peru -- History -- 19th century,Historia
"Peru -- History, Naval -- 19th century -- Sources",Historia
Banks and banking -- Peru -- History -- 20th century,Economía
Banks and banking -- Peru -- History -- 21st century,Economía
Indigenous peoples,No es categoria
Indians of Central America,No es categoria
Child soldiers,No es categoria
Inkas,No es categoria
Reyes y soberanos,No es categoria
Literatura peruana,Literatura / Estudios literarios
Quechua poetry,Poesía
Poesía quechua,Poesía
Resistencia indígena,No es categoria
Apu Inka Atawallpaman,No es categoria
Peru -- Politics and government -- 1829-1919.,Política
Peru -- Social conditions.,Sociología
Anarchism,Política
Militarism,Política
"González Prada, Manuel, -- 1844-1918 -- Political and social views",Política
Peru -- Politics and government -- 1829-1919,Política
Shamanism,No es categoria
Magic,No es categoria
Shamans,No es categoria
Peruvian Short stories,Cuento
Hispanic American fiction (Spanish),Novela
"Children's poetry, Peruvian.",Poesía
Peruvian fiction -- 20th century -- History and criticism,Literatura / Estudios literarios
Politieke delicten,No es categoria
Corruptie,No es categoria
Olie-industrie,Economía
Spionage,No es categoria
Petróleos del Perú,No es categoria
Peruvian Pottery,Arte
Constitutional law,Derecho
International economic relations,Economía
Executive power -- Chile -- Congresses.,Política
Legislative power -- Chile -- Congresses.,Política
Separation of powers -- Chile -- Congresses.,Política
Chile -- Politics and government -- Congresses.,Política
Mathematics and literature,Literatura / Estudios literarios
Black-and-white photography,Arte
Film criticism,Arte
"Rossellini, Roberto, -- 1906-1977",No es categoria
Viaggio in Italia (Motion picture),Arte
Movimiento Revolucionario Túpac Amaru,No es categoria
Embassy takeovers -- Peru -- Lima,No es categoria
Hostages -- Peru -- Lima,No es categoria
Terrorism -- Peru -- Lima,No es categoria
Creoles,No es categoria
Women mystics,No es categoria
Black Women,No es categoria
Purgatory,No es categoria
Excavations (Archaeology) -- Peru,Historia
Peru -- Antiquities,Historia
Quechua literature,Literatura / Estudios literarios
Writing,Lengua / Lingüística
National security -- Southern Cone of South America,Política
International relations,Política
Geopolitics -- Southern Cone of South America,Política
Southern Cone of South America -- Foreign relations,Política
Chachapoya Indians,No es categoria
Mochica Indians.,No es categoria
Indian art -- South America.,Arte
Indians of South America -- Peru -- Art.,Arte
Peru -- Antiquities.,Historia
Verse satire,Poesía
Peruvian Satire,No es categoria
Peruvian Cooking,Gastronomía
Cooks,No es categoria
Experimental Literature,Literatura / Estudios literarios
Avant-garde (Aesthetics),Arte
Food in art,Arte
Still-life painting,Arte
Peruvian Painting,Arte
"Painting, Peruvian -- 20th century.",Arte
Indian reservations,No es categoria
Mashco Indians,No es categoria
Machiguenga Indians,No es categoria
Piro Indians (Peru),No es categoria
Chachapoya Indians -- Antiquities.,Historia
Chachapoya Indians -- Antiquities -- Pictorial works.,Historia
Chachapoyas (Peru : Province) -- Antiquities.,Historia
Chachapoyas (Peru : Province) -- Antiquities -- Pictorial works.,Historia
Chicha -- Peru,No es categoria
Indians of South America -- Alcohol use -- Peru,No es categoria
Peru -- Social life and customs,Sociología
Admirals,No es categoria
Peru. Marina,No es categoria
"Plaza de Acho (Lima, Peru) -- History.",Historia
Bull rings -- Peru -- Lima -- History.,Historia
Foreign trade regulation,Economía
Trade regulation,Economía
Korruption,No es categoria
Politischer Wandel,Política
Condiciones sociales,Sociología
Condiciones económicas,Economía
United States -- Description and travel,Viajes
United States -- Civilization,No es categoria
Representative government and representation,Política
Peruvian drama,Teatro
Peruvian drama -- 20th century -- History and criticism,Literatura / Estudios literarios
Relations with Peruvians,No es categoria
Reparations for historical injustices,No es categoria
Military government -- Peru -- History,Historia
Militarism -- Peru -- History,Historia
"Peru -- History -- War of Independence, 1820-1829",Historia
Folk musicians,No es categoria
Aymara Folk songs,Arte
Siku,Arte
Local elections,Política
Municipal government,Política
Citizen participation,Política
Voting -- Chile,Política
Elections -- Chile,Política
"Lagos Escobar, Ricardo",No es categoria
Chile -- Politics and government -- 1988-,Política
Election,Política
Presidential candidates,Política
Political campaigns,Política
Biblioteca Nacional (Peru),No es categoria
Rare books,No es categoria
Early printed books,No es categoria
Postage stamps,No es categoria
National characteristics,No es categoria
"War of the Pacific, 1879-1884",Historia
Chilean Short stories,Cuento
"Influence (Literary, artistic, etc.)",No es categoria
War of the Pacific (1879-1884) fast (OCoLC)fst01170524,Historia
Spy stories,Ficción
United States. Central Intelligence Agency,No es categoria
Latin Americans in literature,Literatura / Estudios literarios
Literary historians,No es categoria
"Vargas Llosa, Mario, -- 1936- -- Criticism and interpretation.",Literatura / Estudios literarios
Experimental poetry,Poesía
Polyrhythm,No es categoria
"Trials, litigation",Derecho
Trials (Crimes against humanity),Derecho
Trials (Political crimes and offenses),Derecho
Criminal Evidence,Derecho
"Polar Ugarteche, Mario, -- 1912-1988.",No es categoria
Christian democracy -- Peru.,Política
Peru -- Politics and government -- 20th century.,Política
Quarantine,No es categoria
Cartoons and comics,No es categoria
Rock musicians,No es categoria
Soda Stéreo (Musical group),No es categoria
Generals,No es categoria
Campaigns,No es categoria
Military campaigns,Historia
War of the Pacific (1879-1884) fast (uri) http://id.worldcat.org/fast/fst01170524,Historia
Short story,Cuento
Violence in women,No es categoria
Dancers,No es categoria
Bailarines,No es categoria
Social problems,No es categoria
Corruption,No es categoria
Pintores franceses (Angrand),No es categoria
Catalogues raisonnés,No es categoria
Catálogos,No es categoria
Pintura francesa,Arte
"Rivera Martínez, Edgardo, -- 1933-",No es categoria
Amazonas (Peru) -- History,Historia
Amazonas (Peru) -- Description and travel,Viajes
Amazon River Region -- History,Historia
Amazon River Region -- Description and travel,Viajes
"Revista americana (Lima, Peru) -- History",Comunicación
Peruvian periodicals -- History -- 19th century,Comunicación
Convents,No es categoria
Cultural relations,No es categoria
Teenage girls,No es categoria
Female friendship,No es categoria
Theater -- Peru -- History,Teatro
Performing arts -- Peru -- History,Arte
Chinese,No es categoria
Peppers,No es categoria
Food habits,No es categoria
Nutritional anthropology,Sociología
Cooking (Peppers),Gastronomía
Food habits -- Peru.,No es categoria
Tamales -- Peru.,Gastronomía
"Cookery, Peruvian.",Gastronomía
Food service -- Peru,Gastronomía
"Cookery, Peruvian",Gastronomía
Peddling -- Peru,No es categoria
Food habits -- Peru,No es categoria
Small business -- Peru,Economía
Blacks -- Peru,No es categoria
Peru -- Race relations,Sociología
Huaynos,Arte
Peruvian essays,Ensayo
Littérature péruvienne,Literatura / Estudios literarios
Histoire et critique,Literatura / Estudios literarios
Essais péruviens,Ensayo
Lima,No es categoria
Documentary photography,Arte
Portrait photography,Arte
"Scorza, Manuel",No es categoria
"Scorza, Manuel -- Family",No es categoria
"Scorza, Manuel -- Friends and associates",No es categoria
"Authors, Peruvian -- 20th century -- Biography",Biografía / Autobiografía / Memorias
"Poets, Peruvian -- 20th century -- Biography",Biografía / Autobiografía / Memorias
Psychological,No es categoria
Spanish American poetry -- 20th century -- History and criticism,Literatura / Estudios literarios
Peruvian poetry -- 20th century -- History and criticism,Literatura / Estudios literarios
Poetry -- 20th century -- History and criticism,Literatura / Estudios literarios
Composition and exercises,Educación
Dialects,Lengua / Lingüística
English,Lengua / Lingüística
Quechua,Lengua / Lingüística
English language,Lengua / Lingüística
Quechua language -- Textbooks for foreign speakers -- Spanish.,Lengua / Lingüística
War of Independence (Peru : 1820-1829) fast (OCoLC)fst01355292 (uri) http://id.worldcat.org/fast/fst01355292,Historia
Motion picture industry -- Peru,Arte
Freedom of information,No es categoria
Information policy,No es categoria
Liberalism -- Latin America,Política
Democracy -- Latin America,Política
Latin America -- Politics and government -- 1980-,Política
Poetry of places,Poesía
"Exiles' writings, Peruvian.",Literatura / Estudios literarios
Mexican literature,Literatura / Estudios literarios
Soldiers,No es categoria
"Arica, Battle of, Arica, Chile, 1880",Historia
Corruption -- Peru -- Congresses.,No es categoria
Political corruption -- Peru -- Congresses.,Política
Housing development,No es categoria
Physicians,No es categoria
Peruvian Verse satire,Poesía
Malpractice,No es categoria
Physicians in literature,No es categoria
State-sponsored terrorism,No es categoria
Scientists,No es categoria
Emblems,No es categoria
Peru -- Boundaries -- Ecuador.,No es categoria
Ecuador -- Boundaries -- Peru.,No es categoria
Journalism -- Peru -- History,Comunicación
Creative ability,No es categoria
Political violence in art,Arte
Students,No es categoria
Estudiantes,No es categoria
Crimen contra,No es categoria
"Universidad Nacional de Educación ""Enrique Guzmán y Valle""",Educación
Universidad Nacional Enrique Guzmán y Valle (Chosica),Educación
Peruvian Sculpture,Arte
"Wiesse, Ricardo, -- 1954- -- Exhibitions",Arte
"Wiesse, Ricardo, -- 1954- -- Catalogs.",Arte
"Wiesse, Ricardo, -- 1954- -- Written works.",No es categoria
Librarians,No es categoria
Journalists -- Peru -- Biography.,Biografía / Autobiografía / Memorias
Journalism -- Peru -- History -- 20th century.,Comunicación
"Cáceres, Andrés Avelino, -- 1836-1923",No es categoria
Ate-Vitarte (Peru) -- History -- 19th century,Historia
Modern Literature,Literatura / Estudios literarios
"Authors, Peruvian -- Correspondence",Biografía / Autobiografía / Memorias
Installations (Art),Arte
Art and photography,Arte
Photography in art,Arte
Video art,Arte
"Children's stories, Spanish American",Infantil / Juvenil
Escritores peruanos,No es categoria
Entrevistas,Biografía / Autobiografía / Memorias
Autores peruanos,No es categoria
Southern States -- Civilization -- 20th century.,No es categoria
Cinéma,Arte
Comptes rendus,No es categoria
"Varela, Blanca.",No es categoria
Educational anthropology,Educación
"Arguedas, Jose Maria",No es categoria
Todas las sangres,No es categoria
"Arguedas, José María",No es categoria
"Arguedas, José María -- Criticism and interpretation",Literatura / Estudios literarios
Escritores peruanos (Arguedas),No es categoria
Cuentos peruanos,Cuento
Cuentos de costumbres,Cuento
Indian authors,No es categoria
"Ribeyro, Julio Ramón, -- 1929- -- Criticism and interpretation.",Literatura / Estudios literarios
"Ribeyro, Julio Ramón, -- 1929- -- Crítica e interpretación.",Literatura / Estudios literarios
Peruvian fiction -- 20th century,Novela
"Ribeyro, Julio Ramón, 1929- -- Interviews",Biografía / Autobiografía / Memorias
"Authors, Peruvian -- 20th century -- Interviews",Biografía / Autobiografía / Memorias
Small presses,No es categoria
Adaptations,No es categoria
Universidad Ricardo Palma. Teatro,Teatro
Universidad Ricardo Palma,Educación
Legends -- Peru -- Huancavelica,Leyenda
Huancavelica (Peru) -- History -- Anecdotes,Historia
Legends -- Peru,Leyenda
Peru -- History,Historia
Literature: History & Criticism,Literatura / Estudios literarios
Civil service,No es categoria
Mystery & Detective - General,Ficción
"Science Fiction, Fantasy, & Magic",Ficción
Literature & Fiction / General,Ficción
Feminism,No es categoria
"Eichmann, Adolf, -- 1906-1962.",No es categoria
"World War, 1939-1945 -- Atrocities.",Historia
War criminals -- Germany -- Biography.,Biografía / Autobiografía / Memorias
Exiles -- Argentina -- Biography.,Biografía / Autobiografía / Memorias
Cold cases (Criminal investigation),No es categoria
Poor children,No es categoria
Argentine wit and humor,No es categoria
Periodicals,Comunicación
Pictorial Argentine wit and humor,No es categoria
Argentine periodicals,Comunicación
Argentine Poets,No es categoria
Argentine poetry,Poesía
Argentine Suspense fiction,Ficción
Argentine Detective and mystery stories,Ficción
Argentine literature,Literatura / Estudios literarios
Shrines,No es categoria
"Chiappe, François, -- 1920-",No es categoria
Drug traffic -- Argentina,No es categoria
Heroin industry -- Argentina,No es categoria
Drug traffic -- France -- Corsica,No es categoria
"Fantasy fiction, Peruvian.",Ficción
"Short stories, Peruvian.",Cuento
Peruvian fiction -- 20th century.,Novela
Frente de Izquierda y de los Trabajadores (Argentina),Política
Political Process - General,Política
Politics - Current Events,Política
Sex in literature,No es categoria
Sadomasochism in literature,No es categoria
Autobiographical fiction,Ficción
Fantasy literature,Ficción
Myth in literature,Literatura / Estudios literarios
"Literature -- History and criticism -- Theory, etc.",Literatura / Estudios literarios
Literature -- Philosophy.,Literatura / Estudios literarios
"Short stories, Argentine -- Argentina -- Tucumán.",Cuento
Argentine fiction -- 20th century.,Novela
Argentine fiction -- 21st century.,Novela
Italian poetry,Poesía
18.29 Italian literature,No es categoria
War,No es categoria
Democratization,Política
Argentines -- Travel -- Soviet Union.,Viajes
Argentines -- Travel -- China.,Viajes
Argentines -- Travel -- Cuba.,Viajes
Revolutions -- History -- 20th century.,Historia
"National characteristics, Argentine",No es categoria
Collective memory -- Argentina -- Pampas,Sociología
Gauchos,No es categoria
Pampas (Argentina) -- Civilization -- Philosophy,No es categoria
"Hernández, José, 1834-1886.",No es categoria
Gauchos.,No es categoria
Sisters,No es categoria
Sœurs,No es categoria
Amitié,No es categoria
Shoes,No es categoria
Schools,Educación
Adventures and adventurers,No es categoria
Écoles,Educación
"Romans, nouvelles, etc. pour la jeunesse",Infantil / Juvenil
Juvenile Folk Tales / Mythology / Fables,Infantil / Juvenil
Children's 4-8 - Fiction - Fantasy,Infantil / Juvenil
"Legends, Myths, & Fables - General",No es categoria
Nonfiction,No es categoria
War of Independence (Argentina : 1810-1817),Historia
Anniversaries,No es categoria
"Themes, motives",No es categoria
Indexes,No es categoria
Biblioteca popular de Buenos Aires,No es categoria
Geographical Names,No es categoria
Idioms,Lengua / Lingüística
Terms and phrases,Lengua / Lingüística
Philosophy & Social Aspects,Filosofía
Mate (Tea) -- Dictionaries -- Spanish.,No es categoria
Mate plant -- Argentina -- Dictionaries -- Spanish.,No es categoria
Spanish language -- Provincialisms -- Argentina -- Dictionaries.,Lengua / Lingüística
Spanish language -- 19th century -- Dictionaries.,Lengua / Lingüística
Police,No es categoria
Argentine Authors,No es categoria
Cuentos argentinos,Cuento
Autores argentinos,No es categoria
Críticia e interpretación,Literatura / Estudios literarios
"Falú, Eduardo.",No es categoria
"Bertolé, Emilia, -- 1896-1949 -- Portraits.",Arte
Children's All Ages - Fiction - General,Infantil / Juvenil
School & Education,Educación
Readers - Beginner,Educación
"Bocca, Julio",No es categoria
"Bioy Casares, Adolfo",No es categoria
"Borges, Jorge Luis",No es categoria
Quotations,No es categoria
Animals - Dogs,No es categoria
Family vacations,No es categoria
Beaches,No es categoria
Vacations,No es categoria
Vacances familiales,No es categoria
Plages,No es categoria
Vacaciones,No es categoria
Playas,No es categoria
Questions and answers,No es categoria
Juvenile Fiction / General,Infantil / Juvenil
Humorous stories,No es categoria
Readers - Chapter Books,Educación
Educational Psychology,Psicología
Massage & Reflexotherapy,Salud
Physical Medicine & Rehabilitation,Salud
Consumer Health,Salud
Elementary,Educación
"Freud, Sigmund, -- 1856-1939.",No es categoria
Psychoanalysis.,Psicología
Psychology -- Dictionaries -- Spanish.,Psicología
Religion - Commentaries / Reference,Religión
"Criticism, interpretation",No es categoria
Bible,Religión
Translators,No es categoria
Translating and interpreting,Lengua / Lingüística
Spaans,No es categoria
Vertalen,No es categoria
Buildings in art,Arte
Digitally printed materials,No es categoria
Science Fiction - General,Ficción
Fiction - Science Fiction,Ficción
Gautama Buddha.,No es categoria
Gautama Buda.,No es categoria
Juventud,No es categoria
Conduct of life,No es categoria
Etica,Filosofía
Success,No es categoria
Youth,No es categoria
Leadership,No es categoria
Conducta (Ética),Filosofía
Liderazgo,No es categoria
Exito,No es categoria
Motivational & Inspirational,No es categoria
Games -- Latin America -- Dictionaries.,No es categoria
Latin America -- Social life and customs -- Dictionaries.,Sociología
Business enterprises,Economía
"Chaco War, 1932-1935",Historia
"Carlos Casado, S.A.",No es categoria
Toba Indians,No es categoria
Missions,No es categoria
Pilaga Indians,No es categoria
Franciscans,No es categoria
Mocoví Indians,No es categoria
Commerce,Economía
Maneuvers,No es categoria
Argentina,No es categoria
Argentina. Ejército,No es categoria
Misión Indígena Nuestro Padre San Fransico de Asís del Laishí (Argentina),No es categoria
"Rosario (Santa Fe, Argentina) -- Intellectual life -- 21st century",No es categoria
Argentina -- Intellectual life -- 21st century,No es categoria
Argentina -- Civilization -- 1955-,No es categoria
Entertainers,No es categoria
Automobile racing drivers,No es categoria
Automobile racing,Deportes
Formula One automobiles,No es categoria
Paleontologists,No es categoria
Argentine Aurthors,No es categoria
"Mora, Lola, -- 1867-1936.",No es categoria
Sculptors -- Argentina -- 20th century -- Biography.,Biografía / Autobiografía / Memorias
"Piazzolla, Astor.",No es categoria
Composers -- Argentina -- Biography.,Biografía / Autobiografía / Memorias
"Merello, Tita, -- 1904-2002.",No es categoria
Actors -- Argentina -- Biography.,Biografía / Autobiografía / Memorias
"Storni, Alfonsina, -- 1892-1938.",No es categoria
"Discépolo, Enrique Santos, -- 1901-1951.",No es categoria
"Poets, Argentine -- 20th century -- Biography.",Biografía / Autobiografía / Memorias
"Newbery, Jorge Alejandro, -- 1875-1914",No es categoria
Air pilots -- Argentina -- Biography,Biografía / Autobiografía / Memorias
Language Arts / Linguistics / Literacy,Lengua / Lingüística
"Storni, Alfonsina, 1892-1938.",No es categoria
Latin American essays,Ensayo
America -- Politics and government -- 21st century,Política
America -- Civilization -- 21st century,No es categoria
Protection,No es categoria
Christianity and politics,Religión
Church and social problems,Religión
Political refugees,No es categoria
Priests,No es categoria
Dirty War (Argentina : 1976-1983) fast (OCoLC)fst01352711 (uri) http://id.worldcat.org/fast/fst01352711,Historia
Peronism,Política
JP Lealtad (Organization : Argentina),No es categoria
Montoneros Soldados de Perón (Organization : Argentina),No es categoria
Organización Montoneros (Argentina),No es categoria
Trees -- Argentina.,No es categoria
Catholic Church and philosophy,Religión
Christian life,Religión
Catholic authors,No es categoria
Doctrines,Religión
Doctrinal Theology,Religión
Popes,No es categoria
Graphic Novels - General,Ficción
Comics & Graphic Novels,Ficción
Graphic Novels,Ficción
Motion pictures -- Argentina.,Arte
Soccer.,Deportes
"Argentine wit and humor, Pictorial.",No es categoria
Humorous,No es categoria
Form - Comic Strips & Cartoons,No es categoria
Graphic Satire And Humor,No es categoria
Form - Cartoons & Comics,No es categoria
Comics & Cartoons,No es categoria
Animal behavior.,No es categoria
Indians of South America -- Argentina -- San Juan (Province) -- Antiquities.,Historia
Indians of South America -- Material culture -- Argentina -- San Juan (Province),Historia
San Juan (Argentina : Province) -- Antiquities.,Historia
Physiological Psychology,Psicología
"Masotta, Oscar",No es categoria
Movements - Psychoanalysis,Psicología
Psychoanalysis,Psicología
Spain,No es categoria
Slang,Lengua / Lingüística
Provincialisms,Lengua / Lingüística
Composers,No es categoria
Chronology,No es categoria
Musicians,No es categoria
Tango (Dance),Arte
Academia Porteña del Lunfardo,No es categoria
Spanish language -- Slang -- Argentina -- Buenos Aires -- Dictionaries,Lengua / Lingüística
Spanish language -- Provincialisms -- Argentina -- Buenos Aires -- Dictionaries,Lengua / Lingüística
Inspiration & Personal Growth,No es categoria
"Falkland Islands War, 1982 -- Sources.",Historia
Health,Salud
"Peron, Juan Domingo",No es categoria
Children's fiction,Infantil / Juvenil
Libros ilustrados para niños,Infantil / Juvenil
Foreign Language Study - General,Lengua / Lingüística
Poetas peruanos (Hidalgo),No es categoria
Poesía peruana,Poesía
Latin American Experimental poetry,Poesía
Spanish National characteristics,No es categoria
Sephardim in literature,No es categoria
Judaism,Religión
"Vietnam War, 1961-1975",Historia
Chinese poetry -- Translations into Spanish.,Poesía
Horror tales.,Ficción
"China -- History -- Qin dynasty, 221-207 B.C. -- Fiction.",Ficción
Adversaries,No es categoria
Enemies,No es categoria
Wars of Independence (South America : 1806-1830) fast (OCoLC)fst01355310 (uri) http://id.worldcat.org/fast/fst01355310,Historia
Diseases and history,No es categoria
Diseases,No es categoria
Adult children living with parents,No es categoria
Pimps,No es categoria
Boxers (Sports),Deportes
Mafiosi,No es categoria
"Abnormalities, Human",No es categoria
Freak shows,No es categoria
Monsters,No es categoria
Children's 4-8 - Fiction - Historical,Infantil / Juvenil
Preschool Nursery Rhymes / Poetry,Infantil / Juvenil
Concepts - Opposites,No es categoria
Juvenile Fiction / Ethnic / Hispanic & Latino,Infantil / Juvenil
Social Issues - Friendship,No es categoria
Fairy Tales & Folklore - Anthologies,No es categoria
People & Places - United States - Hispanic/Latino,No es categoria
Spanish: Preschool,Educación
Nature,No es categoria
Juvenile Poetry,Infantil / Juvenil
Imagination & Play,No es categoria
Juvenile Fiction / Imagination & Play,Infantil / Juvenil
Sky,No es categoria
Family - Parents,No es categoria
Juvenile Fiction / Family / Parents,Infantil / Juvenil
History & Surveys - Modern,Filosofía
Contributions in the philosophy of language,Filosofía
"Nietzsche, Friedrich Wilhelm",No es categoria
Collective behavior,No es categoria
Hermeneutics,Filosofía
"Philosophy, European",Filosofía
Media Studies,Comunicación
Left-wing extremists,No es categoria
Nationalism and socialism,Política
"Bayer, Osvaldo.",No es categoria
"Bayer, Osvaldo -- Political and social views.",Política
Argentina -- Politics and government -- 1955-1983.,Política
Argentina -- Politics and government -- 1983-2002.,Política
"Mariátegui, José Carlos, -- 1894-1930",No es categoria
Socialism -- Latin America,Política
"Cooke, John William.",No es categoria
"Guevara, Ernesto, 1928-1967 -- Friends and associates.",No es categoria
"Cooke, John William -- Bibliography.",No es categoria
Peronism.,Política
Nationalism -- Argentina -- History -- 20th century.,Política
Communism -- Argentina -- History -- 20th century.,Política
Argentina -- Politics and government -- 1943-1955.,Política
Public Policy - Economic Policy,Política
New Age / Parapsychology,No es categoria
Murcia (Spain : Region) -- Poetry.,Poesía
Wit and humor,No es categoria
Universidad Nacional de Luján -- History,Educación
Catholic Church -- Argentina -- History -- 20th century.,Religión
Church and state -- Catholic Church.,Religión
Church and state -- Argentina -- History -- 20th century.,Religión
Argentina -- Church history -- 20th century.,Religión
Argentina -- Armed Forces -- Political activity.,Política
Disappeared persons -- Argentina -- Congresses.,No es categoria
Military government -- Argentina -- Congresses.,Historia
Political persecution -- Argentina -- Congresses.,No es categoria
Human rights -- Argentina -- History -- 20th century -- Congresses.,Derecho
Argentina -- Politics and government -- 1955-1983 -- Congresses.,Política
Administrative Law & Regulatory Practice,Derecho
Legal Reference / Law Profession,Derecho
Discoveries in science,Ciencia
Découvertes scientifiques,Ciencia
Descubrimientos científicos,Ciencia
Obras de divulgación,Ciencia
Science,Ciencia
Ciencia,Ciencia
Science -- Miscellanea.,Ciencia
Ciencia -- Miscelánea.,Ciencia
Curiosities and wonders.,No es categoria
Curiosidades y maravillas.,No es categoria
Fraud in science.,No es categoria
Scientists -- Argentina -- Interviews,Biografía / Autobiografía / Memorias
Science -- Anecdotes,Ciencia
Socialists,No es categoria
Sugarcane industry,Economía
Family-owned business enterprises,Economía
"Argentina, economic conditions",Economía
Musicians -- Argentina -- Fiction.,Ficción
Argentines -- Spain -- Fiction.,Ficción
"Muchnik, Mario, -- 1931-",No es categoria
Publishers and publishing -- Spain -- Biography,Biografía / Autobiografía / Memorias
"Muchnik, Mario, 1931-",No es categoria
Editors -- Spain -- Biography,Biografía / Autobiografía / Memorias
Human figure in art,Arte
Middle class,Sociología
Armut,No es categoria
Mittelstand,No es categoria
Moral conditions,No es categoria
Argentine National characteristics,No es categoria
Unassigned Title,No es categoria
"Videla, Jorge Rafael",No es categoria
1925-,No es categoria
1955-1983,No es categoria
"Videla, Jorge Rafael,",No es categoria
Islands,No es categoria
Fundación Konex,No es categoria
Awards,No es categoria
Premio Konex,No es categoria
Cultural animators,No es categoria
Businessmen,No es categoria
Argentine Sculpture,Arte
Sculpture,Arte
Technique,No es categoria
Loneliness,No es categoria
"Kafka, Franz, -- 1883-1924.",No es categoria
"Kafka, Franz, -- 1883-1924 -- Diarios íntimos.",Biografía / Autobiografía / Memorias
"Musil, Robert, -- 1880-1942 -- Diaries.",Biografía / Autobiografía / Memorias
"Musil, Robert, -- 1880-1942 -- Diarios íntimos.",Biografía / Autobiografía / Memorias
"Mansfield, Katherine, -- 1888-1923 -- Diaries.",Biografía / Autobiografía / Memorias
"Mansfield, Katherine, -- 1888-1923 -- Diarios íntimos.",Biografía / Autobiografía / Memorias
"Brecht, Bertolt, -- 1898-1956 -- Diaries.",Biografía / Autobiografía / Memorias
"Brecht, Bertolt, -- 1898-1956 -- Diarios íntimos.",Biografía / Autobiografía / Memorias
"Woolf, Virginia, -- 1882-1941 -- Diaries.",Biografía / Autobiografía / Memorias
"Woolf, Virginia, -- 1882-1941 -- Diarios íntimos.",Biografía / Autobiografía / Memorias
"Jünger, Ernst, -- 1895-  -- Diaries.",Biografía / Autobiografía / Memorias
"Jünger, Ernst, -- 1895-  -- Diarios íntimos.",Biografía / Autobiografía / Memorias
"Cheever, John -- Diaries.",Biografía / Autobiografía / Memorias
"Cheever, John -- Diarios íntimos.",Biografía / Autobiografía / Memorias
"Pavese, Cesare -- Diaries.",Biografía / Autobiografía / Memorias
"Pavese, Cesare -- Diarios íntimos.",Biografía / Autobiografía / Memorias
"Gombrowicz, Witold -- Diaries.",Biografía / Autobiografía / Memorias
"Gombrowicz, Witold -- Diarios íntimos.",Biografía / Autobiografía / Memorias
"Barthes, Roland -- Diaries.",Biografía / Autobiografía / Memorias
"Barthes, Roland -- Diarios íntimos.",Biografía / Autobiografía / Memorias
Diaries -- Authorship.,Literatura / Estudios literarios
Diarios íntimos -- Arte de escribir.,Literatura / Estudios literarios
Diaries -- History and criticism.,Literatura / Estudios literarios
Diarios íntimos -- Historia y crítica.,Literatura / Estudios literarios
Essay,Ensayo
Plays / Drama,Teatro
Child & developmental psychology,Psicología
Group Psychology,Psicología
Psychotherapy - Child & Adolescent,Psicología
Radio programs for gays,Comunicación
Vahído (Radio program),Comunicación
Relay racing,Deportes
"Olympic Games (11th : 1936 : Berlin, Germany)",Deportes
Soccer -- Dictionaries -- Spanish.,Deportes
Soccer -- Argentina -- Dictionaries -- Spanish.,Deportes
Spanish language -- Argentina -- Dictionaries.,Lengua / Lingüística
Agriculture and state,Economía
Strikes and lockouts,No es categoria
Agricultural laborers,No es categoria
Grèves et lock-out,No es categoria
Travailleurs agricoles,No es categoria
Farmers,No es categoria
Soybean industry,Economía
Short stories.,Cuento
Cuentos.,Cuento
Detective and mystery stories.,Ficción
Novela policíaca.,Ficción
Police -- Fiction.,Ficción
Policía -- Ficción.,Ficción
Crime & mystery,Ficción
Modern Painting,Arte
Painting,Arte
American fiction,Novela
American Short stories,Cuento
American Authors,No es categoria
Serie Libros,No es categoria
"Don Quixote (Cervantes Saavedra, Miguel de)",No es categoria
Argentina -- History,Historia
War of Independence (Argentina : 1810-1817) fast (OCoLC)fst01355283,Historia
Indian leadership,No es categoria
Diaguita Indians,No es categoria
Universidad de Buenos Aires,Educación
Presidents' spouses,No es categoria
Wine and wine making,Gastronomía
Viticulture,Gastronomía
Causes,No es categoria
"Perón, Eva, -- 1919-1952 -- Pictorial works",No es categoria
Women in politics -- Argentina,Política
Presidents' spouses -- Argentina,No es categoria
Activity Books,Infantil / Juvenil
Popular Culture - General,Sociología
Popular Culture,Sociología
Biography And Autobiography,Biografía / Autobiografía / Memorias
"Cortázar, Julio.",No es categoria
"Cortázar, Julio (1914-1984)",No es categoria
"Authors, Argentine -- Biography.",Biografía / Autobiografía / Memorias
"Authors, Argentine -- Criticism and interpretation.",Literatura / Estudios literarios
Autores argentinos -- Biografía.,Biografía / Autobiografía / Memorias
Autores argentinos -- Crítica e interpretación.,Literatura / Estudios literarios
Film Criticism,Arte
Performing Arts,Arte
Film & Video - History & Criticism,Arte
Theater - General,Teatro
Genres & Styles - Rock,Arte
"Moreno, Mariano, -- 1778-1811",No es categoria
"Argentina -- History -- War of Independence, 1810-1817",Historia
Genres & Styles - Jazz,Arte
Military intelligence,No es categoria
Armed Forces,No es categoria
Inteligencia militar,No es categoria
Fuerzas armadas,No es categoria
Argentina. Ejército. Batallón de Inteligencia 601,No es categoria
Crime -- Argentina -- Case studies.,No es categoria
"Authors, Latin American -- 20th century.",No es categoria
Latin American literature -- 20th century -- History and criticism.,Literatura / Estudios literarios
"Flaubert, Gustave, -- 1821-1880.",No es categoria
Fiction -- Authorship.,Literatura / Estudios literarios
Novela -- Arte de escribir.,Literatura / Estudios literarios
Fiction -- Technique.,Literatura / Estudios literarios
Novela -- Técnica.,Literatura / Estudios literarios
Love-letters.,No es categoria
Cartas de amor.,No es categoria
Authors -- Correspondence.,Biografía / Autobiografía / Memorias
Autores -- Correspondencia.,Biografía / Autobiografía / Memorias
"Saer, Juan José, -- 1937- -- Criticism and interpretation.",Literatura / Estudios literarios
Writing in literature,Literatura / Estudios literarios
"Self-determination, National",No es categoria
"Scalabrini Ortiz, Raúl, -- 1898-1959 -- Political and social views",Política
Argentina -- Politics and government -- 20th century,Política
Children's Baby - Literature,Infantil / Juvenil
"Schmidel, Ulrich, 1510?-1579?",No es categoria
America -- Discovery and exploration -- Juvenile literature.,Historia
America -- History -- 1535-1617 -- Juvenile literature.,Historia
Automobile industry workers,No es categoria
Employees,No es categoria
"Sindicato de Trabajadores Concord (Córdoba, Argentina)",No es categoria
"Sindicato de Trabajadores de Materfer (Córdoba, Argentina)",No es categoria
Communication -- Political aspects -- Congresses.,Comunicación
Mexican literature -- 20th century.,Literatura / Estudios literarios
"Literature, Experimental -- Mexico.",Literatura / Estudios literarios
Estridentismo (Literary movement),Literatura / Estudios literarios
Spanish Fantasy fiction,Ficción
"Fiction, war & military",Ficción
"Europe, fiction",Ficción
Sports & Recreation,Deportes
Social change -- Latin America,Sociología
Revolutions -- Latin America -- Philosophy,Filosofía
Latin America -- History,Historia
Latin America -- Social conditions,Sociología
"America -- Discovery and exploration -- Spanish -- Centennial celebrations, etc",Historia
Children's 12-Up - Fiction - General,Infantil / Juvenil
Graphic arts,Arte
Prints,Arte
Instituto Torcuato Di Tella,No es categoria
Mass media and culture -- Argentina -- History,Comunicación
Popular culture -- Argentina -- History,Sociología
"Comic books, strips, etc. -- History and criticism -- Addresses, essays, lectures",Ficción
Mass Media - General,Comunicación
"Authors, Argentine$2fast$0(OCoLC)fst00821801",No es categoria
"Bolívar, Simón, 1783-1830 -- Fiction.",Ficción
"Tizón, Héctor -- Interviews.",Biografía / Autobiografía / Memorias
"Authors, Argentine -- 20th century -- Interviews.",Biografía / Autobiografía / Memorias
Fiction - Mystery/ Detective,Ficción
"Parera, Blas, -- b. 1777.",No es categoria
"Clementi, Muzio, -- 1752-1832.",No es categoria
"López y Planes, Vicente, -- 1784-1856.",No es categoria
National songs -- Argentina -- History and criticism.,Arte
"Mujica Lainez, Manuel",No es categoria
Juvenile Fiction / Short Stories,Infantil / Juvenil
"Citibank (New York, N.Y.) -- History -- 20th century.",Economía
Banks and banking -- Argentina -- History -- 20th century.,Economía
Argentina -- Economic conditions -- 1918-,Economía
Argentina -- Economic policy.,Economía
"Ghost stories, Spanish American",Ficción
"Ghost stories, Spanish",Ficción
Spanish American fiction -- 20th century,Novela
Spanish fiction -- 20th century,Novela
Women in literature,No es categoria
Literatura argentina,Literatura / Estudios literarios
Novela argentina,Novela
"Science fiction, Argentine",Ficción
"Short stories, Argentine",Cuento
Errors of usage,Lengua / Lingüística
New words,Lengua / Lingüística
Prisoners,No es categoria
Prisons,No es categoria
Sex role,No es categoria
Reference - General,No es categoria
Urban Sociology,Sociología
Urban Land use,No es categoria
Cities and towns,No es categoria
Land use,No es categoria
Positivism,Filosofía
Argentine Experimental fiction,Ficción
Macroeconomics,Economía
Small cities,No es categoria
Books,No es categoria
Livres,No es categoria
Recensions,No es categoria
Littérature,Literatura / Estudios literarios
Love & Romance,Ficción
Philosophy (General),Filosofía
Tecnología y civilización,Tecnología
Technology and civilization,Tecnología
"Tragic, The",No es categoria
"Sabato, Ernesto R",No es categoria
"Sâabato, Ernesto",No es categoria
"Tragic, The, in art",Arte
"Sábato, Ernesto R",No es categoria
"Anthologie, Conte, Amérique espagnol, 1952-1977",Cuento
Nouvelles hispano-américaines,Cuento
Anthologies,No es categoria
Nouvelle hispano-américaine,Cuento
Poesía argentina,Poesía
Poets.,No es categoria
Authors.,No es categoria
Artists.,No es categoria
"Gelman, Juan, 1930- -- Exile -- Italy -- Rome.",No es categoria
"Bayer, Osvaldo -- Exile -- Germany (West)",No es categoria
"Authors, Exiled -- Italy -- Rome -- Biography.",Biografía / Autobiografía / Memorias
"Authors, Exiled -- Germany (West) -- Biography.",Biografía / Autobiografía / Memorias
Political refugees -- Argentina -- Biography.,Biografía / Autobiografía / Memorias
Individual Photographers And Their Work,Arte
"Artists, Architects, Photographers",Arte
Individual Photographer,Arte
Photography / Individual Photographer,Arte
Photojournalism,Comunicación
Fantasy - Contemporary,Ficción
Gay,No es categoria
Fiction (fictional works by one author),Ficción
"Puig, Manuel -- Interviews",Biografía / Autobiografía / Memorias
"Authors, Argentine -- 20th century -- Interviews",Biografía / Autobiografía / Memorias
People & Places - General,No es categoria
Formas y generos literarios,Literatura / Estudios literarios
Novelas,Novela
1943-1955,No es categoria
Buenos Aires (Province),No es categoria
Political History,Historia
Government - General,Política
Saints -- Poetry.,Poesía
Cuentos policíacos latinoamericanos.,Cuento
"Dawson, Christopher, -- 1889-1970",No es categoria
Historians -- Great Britain -- Biography,Biografía / Autobiografía / Memorias
"Civilization, Christian",No es categoria
"Civilization, Western",No es categoria
Europe -- Politics and government -- 20th century,Política
Plebiscite,Política
Photographs,No es categoria
Heroes,No es categoria
Dictatorship,No es categoria
Coup d'état (Chile : 1973) fast (OCoLC)fst01352564,Historia
Undercover operations,No es categoria
Chile. Carabineros,No es categoria
Chilean Authors,No es categoria
Chilean Poets,No es categoria
Photography of the nude,Arte
Photography of women,Arte
Chilean poetry,Poesía
Littérature chilienne,Literatura / Estudios literarios
Chilean literature,Literatura / Estudios literarios
Poesías chilenas,Poesía
Handworked Photography,Arte
"Bilbao, Francisco, -- 1823-1865",No es categoria
Latin America -- Politics and government -- 19th century,Política
Sports for children,Deportes
Juegos Nacionales Evita,Deportes
"Insurrection, 1851",Historia
Women and literature,Literatura / Estudios literarios
Valparaíso (Chile) -- History.,Historia
"Molina Ventura, Eduardo",No es categoria
"Molina Ventura, Eduardo -- Criticism and interpretation",Literatura / Estudios literarios
"Poets, Chilean -- 20th century -- Biography",Biografía / Autobiografía / Memorias
Spanish Poets,No es categoria
"Art, Latin American",Arte
Greek Poets,No es categoria
Greek poetry,Poesía
Poetas griegos,No es categoria
Poesías griegas,Poesía
Constitutional law -- Chile.,Derecho
Chileans,No es categoria
Dandyism -- Chile -- History,Historia
Dandies -- Chile -- Social life and customs,No es categoria
Upper class -- Chile -- Social life and customs,No es categoria
"National characteristics, Chilean",No es categoria
Chile -- Social life and customs,Sociología
Widows,No es categoria
Chilean fiction,Novela
Winds,No es categoria
Fear,No es categoria
Reading,No es categoria
Art Chilean -- 20th century.,Arte
"Emar, Juan, -- 1893-1964 -- Correspondence.",Biografía / Autobiografía / Memorias
"Authors, Chilean -- 20th century -- Correspondence.",Biografía / Autobiografía / Memorias
Correspondencia,Biografía / Autobiografía / Memorias
Autores chilenos,No es categoria
Chilean Women authors,No es categoria
Autoras Chilenas,No es categoria
Biografías,Biografía / Autobiografía / Memorias
PERIODISTAS (MUJERES),No es categoria
BIOGRAFIAS,Biografía / Autobiografía / Memorias
Human behavior,No es categoria
Executive power,Política
Chilean Reportage literature,Crónica
Performance artists,No es categoria
Performance art,Arte
Equality,No es categoria
Liberty,No es categoria
Économie politique,Economía
Relaciones humanas,No es categoria
Finance,Economía
Political science -- Latin America.,Política
Political sociology.,Sociología
Chile -- Politics and government -- 20th century.,Política
Fotógrafos,No es categoria
Fotografía,Arte
Asociación de Fotógrafos Independientes (Chile),No es categoria
Documentary photography -- Chile -- History -- 20th century,Arte
Chile -- Politics and government -- 1973- -- Pictorial works,Política
Chile -- Social conditions -- 1970- -- Pictorial works,Sociología
Chilean drama,Teatro
"Lihn, Enrique -- Interviews.",Biografía / Autobiografía / Memorias
"Poets, Chilean -- Interviews.",Biografía / Autobiografía / Memorias
Romance - Contemporary,Ficción
Authors,No es categoria
"Lipschütz, Alejandro, -- 1883-1980 -- Political and social views",Política
Indians of South America -- Chile,No es categoria
Civil-military relations -- Chile -- History.,Historia
Chile -- Politics and government -- 1810-,Política
Chile -- Armed Forces -- Political activity -- History.,Historia
Wars,No es categoria
Bodyguards,No es categoria
"Pérez Zujovic, Edmundo, 1912-1971 -- Assassination -- Fiction.",Ficción
Political violence -- Chile -- Fiction.,Ficción
Chile -- Fiction.,Ficción
POESIAS CHILENAS,Poesía
PROSA CHILENA,Literatura / Estudios literarios
Dramas chilenos,Teatro
"Chile Earthquake, Chile, 2010 (February 27)",Historia
Drinking of alcoholic beverages -- Chile -- Humor,No es categoria
"National characteristics, Chilean -- Humor",No es categoria
Chilean wit and humor,No es categoria
Information superhighway,Tecnología
Tecnología de la información,Tecnología
Sociedad de información,Sociología
Information society,Sociología
Information technology,Tecnología
Supercarretera informática,Tecnología
Bibliographies & Indexes,No es categoria
Europe - Scandinavia,No es categoria
Colonial influence,No es categoria
Tráfico de drogas,No es categoria
Press coverage,Comunicación
Cobertura periodística,Comunicación
Cattle trade -- Argentina.,Economía
"Meneses, Juan Pablo. -- Journeys.",Viajes
Voyages and travels.,Viajes
"Meneses, Juan Pablo -- Blogs",Comunicación
Argentina -- Social life and customs -- 21st century,Sociología
Hogar y escuela,Educación
Educación,Educación
Parent participation,Educación
Academic achievement,Educación
Participación de padres,Educación
Logro académico,Educación
Aprendizaje,Educación
Home and school,Educación
"Millán, Gonzalo, -- 1947- -- Diaries",Biografía / Autobiografía / Memorias
"Authors, Chilean -- 20th century -- Diaries.",Biografía / Autobiografía / Memorias
Philosophers,No es categoria
Chilean Philosophy,Filosofía
Individuality.,No es categoria
Personality.,No es categoria
Chilean Noir fiction,Ficción
"Chile -- History -- Coup d'état, 1973 -- Fiction.",Ficción
Spanish Novel And Short Story,Novela
Men's Adventure,Ficción
Business and politics,Economía
Penta (Firm),No es categoria
Sociedad Química y Minera de Chile,No es categoria
Chili,No es categoria
Enseignement supérieur,Educación
Aspect économique,Economía
Universités,Educación
Collèges,Educación
Aspect politique,Política
Unión Demócrata Independiente (Chile : 1983-1987),Política
Sexual behavior,No es categoria
Sexual abuse victims,No es categoria
Adult child sexual abuse victims,No es categoria
Poésie chilienne,Poesía
"Ledesma, Sociedad Anónima Agrícola Industrial",No es categoria
Chilean Fantasy fiction,Ficción
Literatura costarricense,Literatura / Estudios literarios
Cuentos,Cuento
Skepticism,No es categoria
Literature and history,Literatura / Estudios literarios
Visualization,No es categoria
Collections & anthologies of various literary forms,No es categoria
Literature: Classics,Literatura / Estudios literarios
Angels,No es categoria
Demonology,No es categoria
Ángeles,No es categoria
Demonología,No es categoria
Tales -- Chile.,Cuento
"Authors, Chilean -- 20th century -- Anecdotes.",No es categoria
Santiago (Chile) -- Intellectual life.,No es categoria
Chilean Proverbs,No es categoria
Abuelas,No es categoria
Literatura chilena,Literatura / Estudios literarios
Campesinos,No es categoria
NOVELAS CHILENAS,Novela
"Quezada, Jaime, -- 1942- -- Diaries.",Biografía / Autobiografía / Memorias
"Poets, Chilean -- 20th century -- Diaries.",Biografía / Autobiografía / Memorias
"Chile -- History -- Coup d'état, 1973.",Historia
Chile -- History -- To 1810 -- Biography.,Historia
Chile -- Genealogy.,No es categoria
Chile -- Biography.,Biografía / Autobiografía / Memorias
"War of the Pacific, 1879-1884.",Historia
Chilean Detective and mystery stories,Ficción
Roman chilien,Novela
Écrivains chiliens,No es categoria
Self-Help / Motivational,No es categoria
Proverbs,No es categoria
Proverbios,No es categoria
Latin American National characteristics,No es categoria
"Education, Higher -- Aims and objectives -- Latin America",Educación
Universities and colleges -- Latin America,Educación
"Pinochet Ugarte, Augusto.",No es categoria
Dictatorship -- Latin America -- History -- 20th century.,Historia
Latin America -- Politics and government -- 20th century.,Política
Cryptozoology,No es categoria
Cryptozoologie,No es categoria
NATURE,No es categoria
Dinosaurs & Prehistoric Creatures,No es categoria
"Rodó, José Enrique, -- 1871-1917 -- Influence",No es categoria
Literature and society -- Chile,Literatura / Estudios literarios
Literature and society -- Latin America,Literatura / Estudios literarios
Sociología -- Chile,Sociología
Ensayos chilenos,Ensayo
Chile -- Civilization -- Philosophy,No es categoria
Chile -- Intellectual life -- 21st century,No es categoria
Latin America -- Civilization -- Philosophy,No es categoria
Latin America -- Intellectual life -- 21st century,No es categoria
"Rokha, Winétt de, -- 1894-1951",No es categoria
Opera,Arte
Chilean essays,Ensayo
Prosa chilena,Literatura / Estudios literarios
Gulls,No es categoria
Cats,No es categoria
Flight,No es categoria
Oil spills,No es categoria
Suspense,Ficción
Self-realization,No es categoria
Desastres naturales,No es categoria
Natural disasters,No es categoria
Self-actualization (Psychology),Psicología
Actualización de sí mismo (Psicología),Psicología
"Neruda, Pablo",No es categoria
"Neruda, Pablo, -- 1904-1973,",No es categoria
"Neruda, Pablo,  -- 1904-1973, ",No es categoria
Spanish language books.,No es categoria
Military - General,Historia
History - Military / War,Historia
War & Military,Ficción
Fiction / War,Ficción
Military art and science,Historia
Energy policy,Política
Oral tradition,No es categoria
"Bobbio, Norberto, -- 1909-",No es categoria
"Bobbio, Norberto, -- 1909-2004.",No es categoria
Cientistas políticos -- Italia.,No es categoria
Filosofía del derecho.,Filosofía
Cientístas políticos -- Italia.,No es categoria
Consejo Nacional de la Cultura y las Artes (Chile),No es categoria
Cultural property -- Protection -- Law and legislation -- Chile,Derecho
Chile -- Cultural policy.,Política
Chile -- Intellectual life.,No es categoria
Beverages - Wine & Spirits,No es categoria
Biography & Autobiography / Literary,Biografía / Autobiografía / Memorias
"Huidobro, Vicente, 1893-1948",No es categoria
"Borges, Jorge Luis, -- 1899-1986",No es categoria
"Authors, Argentine -- 20th century -- Biography",Biografía / Autobiografía / Memorias
Autores argentinos -- Siglo XX -- Biografía,Biografía / Autobiografía / Memorias
Chilean Political fiction,Ficción
CUENTOS,Cuento
Suspense fiction,Ficción
Religious fiction,Ficción
"Uribe, Armando -- Interviews.",Biografía / Autobiografía / Memorias
"Vidal, Virginia -- Interviews.",Biografía / Autobiografía / Memorias
"Authors, Chilean -- 20th century -- Interviews.",Biografía / Autobiografía / Memorias
Diplomats -- Chile -- Interviews.,Biografía / Autobiografía / Memorias
"Uribe, Armando.",No es categoria
"Authors, Chilean -- 20th century -- Biography.",Biografía / Autobiografía / Memorias
Diplomats -- Chile -- Biography.,Biografía / Autobiografía / Memorias
Chile -- Poetry.,Poesía
"Erotic poetry, Chilean.",Poesía
Dictadura,No es categoria
Chilean Political poetry,Poesía
Demonstrations,No es categoria
Protest movements,No es categoria
Spanish: Babies & Toddlers,Educación
Kings and rulers,No es categoria
Psychiatric hospital patients,No es categoria
Couples,No es categoria
Psychiatric hospital care,No es categoria
18.33 Spanish-American literature,Literatura / Estudios literarios
Mothers and daughters,No es categoria
Literature -- Philosophy,Literatura / Estudios literarios
Psychiatric hospital care -- Chile -- Putaendo.,No es categoria
Psychiatric hospital patients -- Chile -- Putaendo.,No es categoria
Psychiatric hospital patients -- Pictorial works.,No es categoria
Relations with men,No es categoria
Cartas de amor,No es categoria
Spanish Poetry,Poesía
Elephants,No es categoria
Poaching,No es categoria
Kenya,No es categoria
Politics and literature,Literatura / Estudios literarios
Ambition,No es categoria
Romance fiction,Ficción
Femmes,No es categoria
Cuentos de amor,Cuento
"Parra, Nicanor, -- 1914- -- Criticism and interpretation.",Literatura / Estudios literarios
"Parra, Nicanor, -- 1914- -- Crítica e interpretación.",Literatura / Estudios literarios
"Parra, Nicanor, -- 1914- -- Interviews",Biografía / Autobiografía / Memorias
"Parra, Nicanor, -- 1914- -- Criticism and interpretation",Literatura / Estudios literarios
"Authors, Chilean -- 20th century -- Interviews",Biografía / Autobiografía / Memorias
Communists,No es categoria
Women communists,No es categoria
Legislators,No es categoria
Women legislators,No es categoria
Pictorial Chilean wit and humor,No es categoria
Caricatures and cartoons,No es categoria
"Bolano, Roberto, -- 1953-2003 -- Interviews.",Biografía / Autobiografía / Memorias
Spanish literature -- 20th century -- History and criticism.,Literatura / Estudios literarios
"Huidobro, Vicente, -- 1893-1948 -- Correspondence",Biografía / Autobiografía / Memorias
"Authors, Chilean -- 20th century -- Correspondence",Biografía / Autobiografía / Memorias
American - General,No es categoria
Decimas,Poesía
Chilean Art,Arte