source,relation,target
Nunca fue tan claro el amor,fue publicada en el año,2012
Contrapastoral,fue publicada en el año,2014
Poemas de ida y vuelta,fue publicada en el año,2008
Poemas de ida y vuelta,pertenece a la categoria,Venezuelan poetry
Poemas de ida y vuelta,pertenece a la categoria,Spain -- Poetry
Venezuela violenta,fue publicada en el año,2007
Venezuela violenta,pertenece a la categoria,Economic conditions
Venezuela violenta,pertenece a la categoria,Violence
Compañero de viaje y otros relatos,fue publicada en el año,2004
Miguel Vicente Pata Caliente/Hot-Footed Miguel Vicente,fue publicada en el año,1996
Miguel Vicente Pata Caliente/Hot-Footed Miguel Vicente,pertenece a la categoria,General
Miguel Vicente Pata Caliente/Hot-Footed Miguel Vicente,pertenece a la categoria,People & Places - Central & South America
Miguel Vicente Pata Caliente/Hot-Footed Miguel Vicente,pertenece a la categoria,Juvenile Fiction
Miguel Vicente Pata Caliente/Hot-Footed Miguel Vicente,pertenece a la categoria,Children's 9-12 - Fiction - General
Miguel Vicente Pata Caliente/Hot-Footed Miguel Vicente,pertenece a la categoria,Spanish: Grades 2-3
Los Viajes de Miguel Vicente Pata Caliente,fue publicada en el año,1978
Venezuela violenta,fue publicada en el año,1968
Venezuela violenta,pertenece a la categoria,Violence -- Venezuela
Venezuela violenta,pertenece a la categoria,Venezuela -- Economic conditions -- 1918-
Viaje a Sandino,fue publicada en el año,1985
Viaje a Sandino,pertenece a la categoria,"Araujo, Orlando, 1928- -- Travel -- Nicaragua -- San Sebastián de Yalí."
Viaje a Sandino,pertenece a la categoria,"Authors, Venezuelan -- 20th century -- Travel -- Nicaragua -- San Sebastián de Yalí."
Viaje a Sandino,pertenece a la categoria,San Sebastián de Yalí (Nicaragua) -- Description and travel.
Antología de narradores merideños,fue publicada en el año,2014
"Tierra roja, tierra negra",fue publicada en el año,2014
"Mérida, 100 años de cine, 1894-1994",fue publicada en el año,2015
"Mérida, 100 años de cine, 1894-1994",pertenece a la categoria,Motion pictures
"Mérida, 100 años de cine, 1894-1994",pertenece a la categoria,History
"Mérida, 100 años de cine, 1894-1994",pertenece a la categoria,Independent films
"Mérida, 100 años de cine, 1894-1994",pertenece a la categoria,Documentary films
"Mérida, 100 años de cine, 1894-1994",pertenece a la categoria,"Universidad de los Andes (Mérida, Venezuela)"
La pena del cristofué,fue publicada en el año,2011
Cantatas,fue publicada en el año,2013
Nueva antología de El techo de la ballena,fue publicada en el año,2014
Nueva antología de El techo de la ballena,pertenece a la categoria,History and criticism
Nueva antología de El techo de la ballena,pertenece a la categoria,Peruvian poetry
Nueva antología de El techo de la ballena,pertenece a la categoria,Spanish American poetry
"Tierra roja, tierra negra",fue publicada en el año,1968
Relatos pioneros de la ciencia ficción latinamericana,fue publicada en el año,2019
Relatos pioneros de la ciencia ficción latinamericana,pertenece a la categoria,Latin American Science fiction
Relatos pioneros de la ciencia ficción latinamericana,pertenece a la categoria,Latin American Short stories
Relatos pioneros de la ciencia ficción latinamericana,pertenece a la categoria,Latin American fiction
AnatomÍa Del Grito,fue publicada en el año,2020
Al fondo de la transparencia,fue publicada en el año,2011
"Osarios, desiertos y otros ángeles",fue publicada en el año,2004
Antologia poética,fue publicada en el año,2005
Antología poética,fue publicada en el año,2007
El traductor de Cambridge,fue publicada en el año,2005
El traductor de Cambridge,pertenece a la categoria,General
El traductor de Cambridge,pertenece a la categoria,Fiction - General
El saqueo cultural de América Latina,fue publicada en el año,2009
Los primeros libros de la humanidad,fue publicada en el año,2013
Historia universal de la destrucción de libros,fue publicada en el año,2004
Historia universal de la destrucción de libros,pertenece a la categoria,Non-Classifiable
Historia universal de la destrucción de libros,pertenece a la categoria,Spanish: Adult Nonfiction
El saqueo cultural de América Latina,fue publicada en el año,2009
Nueva historia universal de la destrucción de libros,fue publicada en el año,2011
Nueva historia universal de la destrucción de libros,pertenece a la categoria,Prohibited books
Nueva historia universal de la destrucción de libros,pertenece a la categoria,Libraries
Nueva historia universal de la destrucción de libros,pertenece a la categoria,Libraries and state
Nueva historia universal de la destrucción de libros,pertenece a la categoria,Censorship
Nueva historia universal de la destrucción de libros,pertenece a la categoria,Destruction and pillage
Nueva historia universal de la destrucción de libros,pertenece a la categoria,History
Desacralización y parodia : aproximación al cuento veneqolano del siglo XX,fue publicada en el año,1994
Jueves de cruz y ficción,fue publicada en el año,2016
Desde Alicia,fue publicada en el año,2015
La duda melódica,fue publicada en el año,2013
Breves y bravos,fue publicada en el año,2014
Breves y bravos,pertenece a la categoria,Flash fiction
Breves y bravos,pertenece a la categoria,Venezuelan Short stories
Propuesta para un canon del cuento venezolano del siglo XX,fue publicada en el año,2014
Propuesta para un canon del cuento venezolano del siglo XX,pertenece a la categoria,History and criticism
Propuesta para un canon del cuento venezolano del siglo XX,pertenece a la categoria,Venezuelan Short stories
Propuesta para un canon del cuento venezolano del siglo XX,pertenece a la categoria,Venezuelan fiction
"Habla pública, Internet y otros enredos literarios",fue publicada en el año,2009
"Habla pública, Internet y otros enredos literarios",pertenece a la categoria,Cyberspace
"Habla pública, Internet y otros enredos literarios",pertenece a la categoria,Literature and the Internet
"Habla pública, Internet y otros enredos literarios",pertenece a la categoria,Spanish language
Memoria y cuento,fue publicada en el año,1992
Cuentos en-red-@-dos,fue publicada en el año,2003
La negación del rostro,fue publicada en el año,2005
La negación del rostro,pertenece a la categoria,Venezuelan fiction -- Male authors -- History and criticism.
La negación del rostro,pertenece a la categoria,Venezuelan fiction -- 20th century -- History and criticism.
La negación del rostro,pertenece a la categoria,Men in literature.
Fin de la Tristeza / the End of Sadness,fue publicada en el año,2024
Mujeres Que Matan / Women Who Kill,fue publicada en el año,2019
Mezzogiorno in Venezuela,fue publicada en el año,2016
Mezzogiorno in Venezuela,pertenece a la categoria,Venezuelan poetry
Mezzogiorno in Venezuela,pertenece a la categoria,Translations into Italian
"De la metáfora, fluida",fue publicada en el año,2019
Carreteras nocturnas,fue publicada en el año,2010
"El campo, el ascensor",fue publicada en el año,2014
El Morrocoy,fue publicada en el año,2001
El Morrocoy,pertenece a la categoria,Action & Adventure - General
El Morrocoy,pertenece a la categoria,Juvenile Fiction
El Morrocoy,pertenece a la categoria,Spanish: Grades 1-2
Compañero paciente,fue publicada en el año,2012
Las rayas,fue publicada en el año,2011
Los invencibles,fue publicada en el año,2007
Como un discípulo del lobo,fue publicada en el año,2011
Del costumbrismo a la vanguardia,fue publicada en el año,2007
Del costumbrismo a la vanguardia,pertenece a la categoria,Venezuelan fiction -- 19th century -- History and criticism
Del costumbrismo a la vanguardia,pertenece a la categoria,Venezuelan fiction -- 20th century -- History and criticism
Memorias de un semibárbaro,fue publicada en el año,1920
Los olvidados del bicentenario,fue publicada en el año,2010
Los olvidados del bicentenario,pertenece a la categoria,History
El Mercosur y la Unión Europea,fue publicada en el año,2008
El Mercosur y la Unión Europea,pertenece a la categoria,MERCOSUR (Organization)
El Mercosur y la Unión Europea,pertenece a la categoria,European Union -- Latin America
El Mercosur y la Unión Europea,pertenece a la categoria,Southern Cone of South America -- Foreign economic relations -- European Union countries
El Mercosur y la Unión Europea,pertenece a la categoria,European Union countries -- Foreign economic relations -- Southern Cone of South America
El Mercosur y la Unión Europea,fue publicada en el año,2008
Enjambres,fue publicada en el año,2020
El olvido de Bruno,fue publicada en el año,2017
La ciclista de las soluciones imaginarias,fue publicada en el año,2014
La ciclista de las soluciones imaginarias,pertenece a la categoria,Venezuelan literature
Crónicas de bar,fue publicada en el año,2011
Quién mató al doble de Edgar Allan Poe?,fue publicada en el año,2009
Chaguaramas,fue publicada en el año,2015
Chaguaramas,pertenece a la categoria,History
Chaguaramas,pertenece a la categoria,Local History
Chaguaramas,pertenece a la categoria,Genealogy
Chaguaramas,pertenece a la categoria,Indians of South America
Elorza o el viento,fue publicada en el año,2009
Elorza o el viento,pertenece a la categoria,History
Elorza o el viento,pertenece a la categoria,Biography
"Pedro Arévalo, Juan de Dios Agraz y Fernando Suárez",fue publicada en el año,2012
"Pedro Arévalo, Juan de Dios Agraz y Fernando Suárez",pertenece a la categoria,Biography
"Pedro Arévalo, Juan de Dios Agraz y Fernando Suárez",pertenece a la categoria,History
"Pedro Arévalo, Juan de Dios Agraz y Fernando Suárez",pertenece a la categoria,Blacks
San Juan de Payara,fue publicada en el año,2010
San Juan de Payara,pertenece a la categoria,History
La Candelaria,fue publicada en el año,2013
La Candelaria,pertenece a la categoria,History
Tecnología Del Espíritu,fue publicada en el año,2020
Reflexiones sobre el bloqueo de las costas venezolanas en 1902,fue publicada en el año,1982
Reflexiones sobre el bloqueo de las costas venezolanas en 1902,pertenece a la categoria,History
Maraña,fue publicada en el año,2017
Para comprender y querer a Venezuela,fue publicada en el año,2004
Para comprender y querer a Venezuela,pertenece a la categoria,Civilization
Pare de sufrir,fue publicada en el año,2005
Pare de sufrir,pertenece a la categoria,Life
Pare de sufrir,pertenece a la categoria,Miscellanea
Pare de sufrir,pertenece a la categoria,Venezuelan wit and humor
El verdadero Venezolano,fue publicada en el año,2017
El verdadero Venezolano,pertenece a la categoria,Nationalism
El verdadero Venezolano,pertenece a la categoria,Venezuelan National characteristics
Arte y parte,fue publicada en el año,2021
Arte y parte,pertenece a la categoria,Venezuelan essays
Arte y parte,pertenece a la categoria,Venezuelan literature
Venezuela,fue publicada en el año,2003
Venezuela,pertenece a la categoria,Press and politics
Venezuela,pertenece a la categoria,History
Venezuela,pertenece a la categoria,Politics and government
La invasión paramilitar,fue publicada en el año,2012
La invasión paramilitar,pertenece a la categoria,History
La invasión paramilitar,pertenece a la categoria,"Assassination attempt, 2004"
Libertad de expresión y medios revolucionarios en Venezuela,fue publicada en el año,2013
América nuestra,fue publicada en el año,2009
América nuestra,pertenece a la categoria,History
El pensamiento del libertador,fue publicada en el año,2010
El pensamiento del libertador,pertenece a la categoria,Politics and government
El pensamiento del libertador,pertenece a la categoria,"Quotations, maxims"
El pensamiento del libertador,pertenece a la categoria,Political and social views
Socialismo del tercer milenio,fue publicada en el año,2008
Socialismo del tercer milenio,pertenece a la categoria,Socialism -- Venezuela
Socialismo del tercer milenio,pertenece a la categoria,Socialism
Socialismo del tercer milenio,pertenece a la categoria,Venezuela -- Politics and government -- 1999-
Dictadura mediática en Venezuela,fue publicada en el año,2004
Dictadura mediática en Venezuela,pertenece a la categoria,Mass media policy -- Venezuela.
Dictadura mediática en Venezuela,pertenece a la categoria,Mass media -- Political aspects -- Venezuela.
Dictadura mediática en Venezuela,pertenece a la categoria,Mass media -- Moral and ethical aspects -- Venezuela.
El imperio contracultural,fue publicada en el año,2005
El imperio contracultural,pertenece a la categoria,Social history -- 1970-
El imperio contracultural,pertenece a la categoria,Postmodernism.
El imperio contracultural,pertenece a la categoria,Popular culture.
El imperio contracultural,pertenece a la categoria,Popular culture -- United States.
El imperio contracultural,pertenece a la categoria,Imperialism.
Por los signos de los signos,fue publicada en el año,2005
Por los signos de los signos,pertenece a la categoria,Latin American literature -- History and criticism.
Venezuela,fue publicada en el año,2005
Venezuela,pertenece a la categoria,Press and politics -- Venezuela -- History -- 20th century.
Venezuela,pertenece a la categoria,Venezuela -- Politics and government -- 20th century.
Dictadura mediática en Venezuela,fue publicada en el año,2007
Dictadura mediática en Venezuela,pertenece a la categoria,Politics and government
Dictadura mediática en Venezuela,pertenece a la categoria,Press and politics
Dictadura mediática en Venezuela,pertenece a la categoria,Mass media
Dictadura mediática en Venezuela,pertenece a la categoria,History
En La Casa del Padre (Spanish Edition),fue publicada en el año,1998
En La Casa del Padre (Spanish Edition),pertenece a la categoria,General
En La Casa del Padre (Spanish Edition),pertenece a la categoria,Fiction - General
El crimen fue en Granada,fue publicada en el año,2006
Poesía amatoria,fue publicada en el año,2007
Summa vitae,fue publicada en el año,2007
Summa vitae,pertenece a la categoria,Spanish poetry -- 20th century.
Summa vitae,pertenece a la categoria,Spanish poetry -- 21st century.
Tiempo de guerras perdidas,fue publicada en el año,1995
Tiempo de guerras perdidas,pertenece a la categoria,"Caballero Bonald, José Manuel, 1926- -- Fiction."
Somos el tiempo que nos queda,fue publicada en el año,2004
La noche no tiene paredes,fue publicada en el año,2009
Tiempo de guerras perdidas,fue publicada en el año,2004
Entreguerras o De la naturaleza de las cosas,fue publicada en el año,2012
Costumbre de Vivir (Novela de la Memoria),fue publicada en el año,2001
Naranjas dulces,fue publicada en el año,2007
José Ignacio Cabrujas habla y escribe,fue publicada en el año,2011
Obra dramática,fue publicada en el año,2010
El mundo según Cabrujas,fue publicada en el año,2009
El techo de la ballena,fue publicada en el año,2008
El Nadaísmo y El Techo de la Ballena,fue publicada en el año,2015
El Nadaísmo y El Techo de la Ballena,pertenece a la categoria,Nadaísmo (Literary movement)
El Nadaísmo y El Techo de la Ballena,pertenece a la categoria,Colombian literature
El Nadaísmo y El Techo de la Ballena,pertenece a la categoria,Venezuelan literature
El Nadaísmo y El Techo de la Ballena,pertenece a la categoria,Techo de la Ballena (Literary group)
Precipicio sin bordes,fue publicada en el año,2016
Ciudadano sin fin,fue publicada en el año,2021
Retrato de un artista moderno,fue publicada en el año,2013
Editor de crepúsculos,fue publicada en el año,2014
Poesía por mandato,fue publicada en el año,2014
Libro de las poéticas,fue publicada en el año,2009
Noticias del alud,fue publicada en el año,2009
Rómulo Betancourt,fue publicada en el año,2021
Emergencia de un líder,fue publicada en el año,2008
Emergencia de un líder,pertenece a la categoria,Politics and government
En defensa de la República,fue publicada en el año,2013
En defensa de la República,pertenece a la categoria,History
En defensa de la República,pertenece a la categoria,Politics and government
En defensa de la República,pertenece a la categoria,Democracy
La disputa de la independencia en Venezuela,fue publicada en el año,2012
La disputa de la independencia en Venezuela,pertenece a la categoria,Sources
La disputa de la independencia en Venezuela,pertenece a la categoria,History
Una nación llamada Venezuela,fue publicada en el año,2017
Una nación llamada Venezuela,pertenece a la categoria,Social conditions
Una nación llamada Venezuela,pertenece a la categoria,History
"Venezuela, proyecto nacional y poder social",fue publicada en el año,1986
"Venezuela, proyecto nacional y poder social",pertenece a la categoria,Influence
"Venezuela, proyecto nacional y poder social",pertenece a la categoria,Politics and government
"Venezuela, proyecto nacional y poder social",pertenece a la categoria,Social conditions
Rómulo histórico,fue publicada en el año,2013
Rómulo histórico,pertenece a la categoria,Politics and government
"De la abolición de la monarquía hacia la instauración de la República, 1810-1830",fue publicada en el año,2009
"De la abolición de la monarquía hacia la instauración de la República, 1810-1830",pertenece a la categoria,Sources
"De la abolición de la monarquía hacia la instauración de la República, 1810-1830",pertenece a la categoria,History
Boves,fue publicada en el año,1972
Boves,pertenece a la categoria,History
Elogio de la gula,fue publicada en el año,2005
Elogio de la gula,pertenece a la categoria,Gastronomy
Elogio de la gula,pertenece a la categoria,Gourmets
Elogio de la gula,pertenece a la categoria,Gastronomy in literature
Recordar la democracia,fue publicada en el año,2006
Recordar la democracia,pertenece a la categoria,Democracy -- Venezuela -- History
El bolivarianismo-militarismo,fue publicada en el año,2005
El bolivarianismo-militarismo,pertenece a la categoria,"Bolívar, Simón, -- 1783-1830 -- Influence."
El bolivarianismo-militarismo,pertenece a la categoria,Democracy -- Venezuela -- History.
El bolivarianismo-militarismo,pertenece a la categoria,Venezuela -- Politics and government -- 1830-
Mis historias,fue publicada en el año,2006
Mis historias,pertenece a la categoria,Latin America -- History.
Mis historias,pertenece a la categoria,Venezuela -- History.
Una nación llamada Venezuela,fue publicada en el año,1984
Una nación llamada Venezuela,pertenece a la categoria,Venezuela -- History -- 1810-
Una nación llamada Venezuela,pertenece a la categoria,Venezuela -- Social conditions
El asedio inútil,fue publicada en el año,2009
El asedio inútil,pertenece a la categoria,"Carrera Damas, Germán -- Interviews"
El asedio inútil,pertenece a la categoria,"Chávez Frías, Hugo"
El asedio inútil,pertenece a la categoria,Venezuela -- History -- 1999-
El asedio inútil,pertenece a la categoria,Venezuela -- Politics and government -- 1999-
El asedio inútil,fue publicada en el año,2009
Una nación llamada Venezuela,fue publicada en el año,1984
Una nación llamada Venezuela,pertenece a la categoria,Social conditions
Una nación llamada Venezuela,pertenece a la categoria,History
"Colombia, 1821-1827",fue publicada en el año,2010
"Colombia, 1821-1827",pertenece a la categoria,History
Opus incertum,fue publicada en el año,2016
Peregrino interno,fue publicada en el año,2014
La novela del petróleo en Venezuela,fue publicada en el año,1972
La novela del petróleo en Venezuela,pertenece a la categoria,Venezuelan fiction -- 20th century -- History and criticism.
La novela del petróleo en Venezuela,pertenece a la categoria,Petroleum in literature.
El abismo,fue publicada en el año,2010
Prontuario de folklore literario venezolano,fue publicada en el año,2010
Prontuario de folklore literario venezolano,pertenece a la categoria,Folklore
Elegía a la muerte de Juan Ponce de León,fue publicada en el año,1967
Elegía a la muerte de Juan Ponce de León,pertenece a la categoria,"Ponce de León, Juan, -- 1460?-1521 -- Poetry."
Estancias,fue publicada en el año,2009
La espiral incesante,fue publicada en el año,2010
La espiral incesante,pertenece a la categoria,Criticism and interpretation
Panamá,fue publicada en el año,1989
Panamá,pertenece a la categoria,20th century
Panamá,pertenece a la categoria,Relations
Panamá,pertenece a la categoria,United States
Panamá,pertenece a la categoria,Panama
Panamá,pertenece a la categoria,Military policy
Panamá,pertenece a la categoria,History
"Apuntes de memoria del editor José Agustín Catalá,1915-2007",fue publicada en el año,2007
"Apuntes de memoria del editor José Agustín Catalá,1915-2007",pertenece a la categoria,Editors
"Apuntes de memoria del editor José Agustín Catalá,1915-2007",pertenece a la categoria,Biography
Según pasan los años,fue publicada en el año,2012
Según pasan los años,pertenece a la categoria,Guerrillas
Según pasan los años,pertenece a la categoria,Fiction
Según pasan los años,pertenece a la categoria,Revolutions
Según pasan los años,pertenece a la categoria,Révolutions
Según pasan los años,pertenece a la categoria,"Romans, nouvelles"
Bengala,fue publicada en el año,2005
Exilio en Bowery (Untranslated Fiction - Spanish),fue publicada en el año,2000
Exilio en Bowery (Untranslated Fiction - Spanish),pertenece a la categoria,Untranslated Fiction - Spanish
Exilio en Bowery (Untranslated Fiction - Spanish),pertenece a la categoria,Fiction - General
Exilio en Bowery (Untranslated Fiction - Spanish),pertenece a la categoria,Fiction
Hilo de cometa,fue publicada en el año,2007
Hilo de cometa,pertenece a la categoria,Adolescence -- Venezuela -- Fiction.
Hilo de cometa,pertenece a la categoria,Adolescencia -- Venezuela -- Ficción.
Hilo de cometa,pertenece a la categoria,Dictatorship -- Venezuela -- Fiction.
Hilo de cometa,pertenece a la categoria,Dictadura -- Venezuela -- Ficción.
Hilo de cometa,pertenece a la categoria,Venezuelan fiction -- 20th century.
Hilo de cometa,pertenece a la categoria,Novela venezolana -- Siglo XX.
Bajo las hojas,fue publicada en el año,2010
Sospechosos en tránsito,fue publicada en el año,2017
Párrafos sueltos,fue publicada en el año,2003
Tiempo de encierro,fue publicada en el año,2013
Entrevista a Mailer Daemon,fue publicada en el año,2007
Eugenio Montejo,fue publicada en el año,2005
Eugenio Montejo,pertenece a la categoria,"Montejo, Eugenio -- Criticism and interpretation."
Eugenio Montejo,pertenece a la categoria,Venezuelan poetry -- History and criticism.
Eugenio Montejo,pertenece a la categoria,Spanish poetry -- 20th century -- History and criticism.
Los días mayores,fue publicada en el año,2005
Retos del estado de nuestro tiempo,fue publicada en el año,2011
Retos del estado de nuestro tiempo,pertenece a la categoria,Politics and government
Retos del estado de nuestro tiempo,pertenece a la categoria,Social responsibility of business
Retos del estado de nuestro tiempo,pertenece a la categoria,Philosophy
Retos del estado de nuestro tiempo,pertenece a la categoria,Political science
Retos del estado de nuestro tiempo,pertenece a la categoria,Law and ethics
Que es la constituyente?,fue publicada en el año,1998
"1957, el año en que los venezolanos perdieron el miedo",fue publicada en el año,2007
"1957, el año en que los venezolanos perdieron el miedo",pertenece a la categoria,"Pérez Jiménez, Marcos, -- 1914-2001."
"1957, el año en que los venezolanos perdieron el miedo",pertenece a la categoria,"Betancourt, Rómulo, -- 1908-1981."
"1957, el año en que los venezolanos perdieron el miedo",pertenece a la categoria,Dictatorship -- Venezuela -- History -- 20th century.
"1957, el año en que los venezolanos perdieron el miedo",pertenece a la categoria,"Venezuela -- History -- Revolution, 1958."
"1957, el año en que los venezolanos perdieron el miedo",pertenece a la categoria,Venezuela -- Politics and government -- 1935-1958
El carrusel de las discordias,fue publicada en el año,2003
El carrusel de las discordias,pertenece a la categoria,Military government -- Venezuela -- History -- 19th century.
El carrusel de las discordias,pertenece a la categoria,Military government -- Venezuela -- History -- 20th century.
El carrusel de las discordias,pertenece a la categoria,Coups d'état -- Venezuela -- History.
El carrusel de las discordias,pertenece a la categoria,Venezuela -- Politics and government -- 1830-
El carrusel de las discordias,pertenece a la categoria,Venezuela -- Armed Forces -- Political activity -- History -- 19th century.
El carrusel de las discordias,pertenece a la categoria,Venezuela -- Armed Forces -- Political activity -- History -- 20th century.
Antología poética,fue publicada en el año,2007
Ídolos rotos,fue publicada en el año,2009
Contra Bolívar,fue publicada en el año,2009
Contra Bolívar,pertenece a la categoria,"Bolívar, Simón, -- 1783-1830"
Contra Bolívar,pertenece a la categoria,"Díaz, José Domingo, -- 1772-1831"
Contra Bolívar,pertenece a la categoria,Venezuela -- Politics and government -- 1810-1830
Vivir en frontera,fue publicada en el año,2004
Vivir en frontera,pertenece a la categoria,Boundaries
Cuadernos callejeros. Comunes y extraordinarios,fue publicada en el año,2018
Venezuela crónica,fue publicada en el año,2020
Venezuela crónica,pertenece a la categoria,Politics and government
Venezuela crónica,pertenece a la categoria,History
Historias sobrevivientes,fue publicada en el año,2012
Historias sobrevivientes,pertenece a la categoria,Venezuelans
Historias sobrevivientes,pertenece a la categoria,Medical care
Historias sobrevivientes,pertenece a la categoria,Sick
Historias sobrevivientes,pertenece a la categoria,Biography
Historias sobrevivientes,pertenece a la categoria,Medical assistance
Historias sobrevivientes,pertenece a la categoria,Public health
Historias sobrevivientes,pertenece a la categoria,International cooperation
Tiempos del incendio,fue publicada en el año,2014
De un lado y del otro,fue publicada en el año,2006
De un lado y del otro,pertenece a la categoria,Caracas (Venezuela) -- Politics and government -- 21st century
De un lado y del otro,pertenece a la categoria,Caracas (Venezuela) -- Social conditions -- 21st century
Del 11 al 13,fue publicada en el año,2007
Del 11 al 13,pertenece a la categoria,Sources
Del 11 al 13,pertenece a la categoria,History
Del 11 al 13,pertenece a la categoria,"General Strike, Caracas, Venezuela, 2002"
"Convenio Venezuela - Santa Sede, 1958-1964",fue publicada en el año,2002
"Convenio Venezuela - Santa Sede, 1958-1964",pertenece a la categoria,Foreign relations
"Convenio Venezuela - Santa Sede, 1958-1964",pertenece a la categoria,Catholic Church
"Convenio Venezuela - Santa Sede, 1958-1964",pertenece a la categoria,Church and state
"Convenio Venezuela - Santa Sede, 1958-1964",pertenece a la categoria,Catholic Church. (1964 March 6.)
Ideas y conflictos en la educación venezolana,fue publicada en el año,2009
Ideas y conflictos en la educación venezolana,pertenece a la categoria,Education
Ideas y conflictos en la educación venezolana,pertenece a la categoria,Philosophy
Ideas y conflictos en la educación venezolana,pertenece a la categoria,History
Ideas y conflictos en la educación venezolana,pertenece a la categoria,Education and state
Tengo Que Decir Adiós,fue publicada en el año,2020
Noctámbulos,fue publicada en el año,2020
Viviana y Sus Tres Amantes,fue publicada en el año,2019
Tango Bar,fue publicada en el año,2020
Beber de la sombra,fue publicada en el año,2017
¡Comunista por siempre!,fue publicada en el año,2009
¡Comunista por siempre!,pertenece a la categoria,"Gallegos Mancera, Eduardo -- Interviews"
¡Comunista por siempre!,pertenece a la categoria,Partido Comunista de Venezuela
¡Comunista por siempre!,pertenece a la categoria,Communists -- Venezuela -- Interviews
¡Comunista por siempre!,pertenece a la categoria,Venezuela -- Politics and government -- 1935- -- Sources
Taller Aprende a Escribir un Cuento,fue publicada en el año,2015
Cállate poco a poco,fue publicada en el año,2007
Payback,fue publicada en el año,2017
Más Fiera de Las Bestias,fue publicada en el año,2017
Relatos,fue publicada en el año,2014
La tienda de muñecos y otros textos,fue publicada en el año,2008
La tienda de muñecos y otros relatos,fue publicada en el año,2006
Cuentos de damas fantásticas,fue publicada en el año,2002
Cuentos de damas fantásticas,pertenece a la categoria,Short Stories (single author)
Cuentos de damas fantásticas,pertenece a la categoria,Literary
Cuentos de damas fantásticas,pertenece a la categoria,Fiction
Cuentos de damas fantásticas,pertenece a la categoria,Fiction - General
Cuentos de damas fantásticas,pertenece a la categoria,Spanish: Adult Fiction
Historias médicas,fue publicada en el año,2001
Historias médicas,pertenece a la categoria,Short Stories (single author)
Historias médicas,pertenece a la categoria,Fiction
Historias médicas,pertenece a la categoria,Fiction - General
Historias médicas,pertenece a la categoria,Spanish: Adult Fiction
Historias médicas,pertenece a la categoria,Literary
Cuentos completos,fue publicada en el año,2016
Los peligros de Paulina y otros cuentos selectos,fue publicada en el año,2014
Anotaciones en cuaderno negro,fue publicada en el año,2003
El Turpial que Vivio Dos Veces (The Troupial Bird that Lived Twice),fue publicada en el año,2001
El Turpial que Vivio Dos Veces (The Troupial Bird that Lived Twice),pertenece a la categoria,Spanish: Adult Nonfiction
UN Pinguino En Maracaibo,fue publicada en el año,2001
UN Pinguino En Maracaibo,pertenece a la categoria,Fiction
UN Pinguino En Maracaibo,pertenece a la categoria,Spanish: Kindergarten
UN Pinguino En Maracaibo,pertenece a la categoria,General
UN Pinguino En Maracaibo,pertenece a la categoria,Juvenile Fiction
UN Pinguino En Maracaibo,pertenece a la categoria,Maracaibo (Venezuela)
El capitán Kid,fue publicada en el año,1988
Entre tías y putas,fue publicada en el año,2008
Verdadera Batalla Del Creyente,fue publicada en el año,2017
Leve Gracia de Los Desnudos,fue publicada en el año,2018
Exilio,fue publicada en el año,1987
Exilio,pertenece a la categoria,History and criticism
Exilio,pertenece a la categoria,Congresses
Exilio,pertenece a la categoria,Foreign countries
Exilio,pertenece a la categoria,Spanish American literature
Exilio,pertenece a la categoria,Exiles' writings
Exilio,pertenece a la categoria,20th century
Gloria de la Cruz,fue publicada en el año,2018
Chávez con uniforme,fue publicada en el año,2007
Chávez con uniforme,pertenece a la categoria,"Chávez Frías, Hugo."
Chávez con uniforme,pertenece a la categoria,Venezuela -- Politics and government -- 1974-1999.
Chávez con uniforme,pertenece a la categoria,Venezuela -- Politics and government -- 1999-
La guerra (asimétrica) de Chávez,fue publicada en el año,2005
La guerra (asimétrica) de Chávez,pertenece a la categoria,"Chavez Frias, Hugo."
La guerra (asimétrica) de Chávez,pertenece a la categoria,Asymmetric warfare -- Venezuela.
La guerra (asimétrica) de Chávez,pertenece a la categoria,Asymmetric warfare -- United States.
La guerra (asimétrica) de Chávez,pertenece a la categoria,Military planning -- Venezuela.
La guerra (asimétrica) de Chávez,pertenece a la categoria,Military planning -- Colombia.
La guerra (asimétrica) de Chávez,pertenece a la categoria,Military planning -- Bolivia.
La guerra (asimétrica) de Chávez,pertenece a la categoria,Venezuela -- Foreign relations -- United States.
La guerra (asimétrica) de Chávez,pertenece a la categoria,United States -- Foreign relations -- Venezuela.
Las guerras de Chavez,fue publicada en el año,2006
Las guerras de Chavez,pertenece a la categoria,"Chávez Frías, Hugo."
Las guerras de Chavez,pertenece a la categoria,Fuerzas Armadas Revolucionarias de Colombia.
Las guerras de Chavez,pertenece a la categoria,Military planning -- Venezuela.
Las guerras de Chavez,pertenece a la categoria,Venezuela -- Foreign relations -- 1999-
Las guerras de Chavez,pertenece a la categoria,Venezuela -- Politics and government -- 1999-
"Chávez, Plan Andino y guerra asimétrica",fue publicada en el año,2006
"Chávez, Plan Andino y guerra asimétrica",pertenece a la categoria,"Chávez Frías, Hugo"
"Chávez, Plan Andino y guerra asimétrica",pertenece a la categoria,Venezuela -- Foreign relations -- 1974-
Castrochavismo Internacional,fue publicada en el año,2020
Testimonio de una Diplomacia Activa : Colombia,fue publicada en el año,2016
Testimonio de una Diplomacia Activa,fue publicada en el año,2016
Testimonio de una Diplomacia Activa,pertenece a la categoria,"Law, venezuela"
Dulcamara y otros poemas,fue publicada en el año,2011
Las iniciales del tiempo,fue publicada en el año,2001
21 del XXI,fue publicada en el año,2007
El avatar (Coleccion El Cielo de esmalte),fue publicada en el año,1986
La tarea del testigo,fue publicada en el año,2007
La forma del amor y otros cuentos,fue publicada en el año,2010
El Oriente de Severo Sarduy,fue publicada en el año,2008
Para Roberto Calasso,fue publicada en el año,2022
Para Roberto Calasso,pertenece a la categoria,Publishers and publishing
Para Eugenio Montejo,fue publicada en el año,2012
Para Eugenio Montejo,pertenece a la categoria,Criticism and interpretation
Conversación a la intemperie,fue publicada en el año,2008
Conversación a la intemperie,pertenece a la categoria,Venezuelan poetry -- 20th century
Conversación a la intemperie,pertenece a la categoria,Venezuelan poetry -- 21st century
Cuerpo plural,fue publicada en el año,2010
Círculo del adiós,fue publicada en el año,2006
Historia de un encargo,fue publicada en el año,2008
Historia de un encargo,pertenece a la categoria,"Cela, Camilo José, -- 1916-2002"
Historia de un encargo,pertenece a la categoria,"Cela, Camilo José, -- 1916-2002. -- Travel -- Latin America"
La Religion Del Vacio Y Otros Ensayos (Tierra Firme),fue publicada en el año,2002
La Religion Del Vacio Y Otros Ensayos (Tierra Firme),pertenece a la categoria,Caribbean & Latin American
La Religion Del Vacio Y Otros Ensayos (Tierra Firme),pertenece a la categoria,Literary Collections
La Religion Del Vacio Y Otros Ensayos (Tierra Firme),pertenece a la categoria,Spanish: Adult Fiction
Teorias de La Lirica (Seccion de Obras de Lengua E Estudios Literarios),fue publicada en el año,1998
Teorias de La Lirica (Seccion de Obras de Lengua E Estudios Literarios),pertenece a la categoria,General
Teorias de La Lirica (Seccion de Obras de Lengua E Estudios Literarios),pertenece a la categoria,Music/Songbooks
"Historia Natural, Civil y Geográfica de Las Naciones Situadas en Las Riveras Del Río Orinoco",fue publicada en el año,2014
"Orinoco Ilustrado, y Defendido",fue publicada en el año,2020
El enigma sutil de lo perfecto,fue publicada en el año,2012
Yulú,fue publicada en el año,2015
Los Cuatro Reyes de la Baraja,fue publicada en el año,2017
Los Cuatro Reyes de la Baraja,pertenece a la categoria,"Fiction, historical, general"
Boves el Urogallo,fue publicada en el año,2016
Boves el Urogallo,pertenece a la categoria,"Fiction, historical, general"
Luna de Fausto,fue publicada en el año,2014
Luna de Fausto,pertenece a la categoria,"Fiction, historical, general"
Medios O Democracia - El Impacto de Los Medios de Comunicacion En La Division de Poderes,fue publicada en el año,2005
Medios O Democracia - El Impacto de Los Medios de Comunicacion En La Division de Poderes,pertenece a la categoria,General
Medios O Democracia - El Impacto de Los Medios de Comunicacion En La Division de Poderes,pertenece a la categoria,Politics / Current Events
Limbo,fue publicada en el año,2016
El contraescritor,fue publicada en el año,2007
Solárium y otros poemas,fue publicada en el año,2015
Historias imposibles,fue publicada en el año,2021
Historias imposibles,pertenece a la categoria,Venezuelan Short stories
Historias imposibles,pertenece a la categoria,Venezuelan literature
Paisaje con ángel caído,fue publicada en el año,2004
Historias de Nairamá,fue publicada en el año,2007
Balada del bohemio místico,fue publicada en el año,2009
Divertimentos mínimos,fue publicada en el año,2011
Aciago,fue publicada en el año,1995
Cómo Dar un Discurso (How to Give a Speech),fue publicada en el año,2014
Cómo Utilizar Imanes (Using Magnets),fue publicada en el año,2017
Cómo Utilizar una Regla (Using a Ruler),fue publicada en el año,2017
Cómo Ponerse en Contacto con un Oficial Electo (How to Contact an Elected Official),fue publicada en el año,2014
Confeso,fue publicada en el año,1999
Cómo Prepararte para un Examen (Strengthening Test Preparation Skills),fue publicada en el año,2017
Cómo Organizar una Manifestación (How to Organize a Rally),fue publicada en el año,2014
Aciago,fue publicada en el año,1995
Confeso,fue publicada en el año,2000
El Mago de La Luz,fue publicada en el año,1999
El Mago de La Luz,pertenece a la categoria,Interpersonal Relations
El Mago de La Luz,pertenece a la categoria,Psychology
Refranero popular margariteño,fue publicada en el año,2015
"Hasta siempre, Valparaíso",fue publicada en el año,2010
Versos teatrales,fue publicada en el año,2006
Gobiernos de Venezuela Desde 1810 Hasta 1905,fue publicada en el año,1905
Gobiernos de Venezuela Desde 1810 Hasta 1905,pertenece a la categoria,Politics and government
Gobiernos de Venezuela Desde 1810 Hasta 1905,pertenece a la categoria,Officials and employees
Libertad de Los Esclavos en Venezuela,fue publicada en el año,2023
Las primeras universidades de Venezuela,fue publicada en el año,2014
Las primeras universidades de Venezuela,pertenece a la categoria,Universities and colleges
Las primeras universidades de Venezuela,pertenece a la categoria,History
Las primeras universidades de Venezuela,pertenece a la categoria,Higher Education
"Historia de la Universidad de Caracas, 1721-1827",fue publicada en el año,1963
Contraespejismo,fue publicada en el año,2007
Contigo en la distancia,fue publicada en el año,2014
En torno al oficio de escritor,fue publicada en el año,2014
Si yo fuera Pedro Infante,fue publicada en el año,1999
Si yo fuera Pedro Infante,pertenece a la categoria,Novela venezolana
Si yo fuera Pedro Infante,pertenece a la categoria,Venezuelan fiction
"Agata Alonzo, Omar Cárdenas, Laura Cequera, Cristina Marcano, Mory Ponsowy, Winston Rivero Scott, Francisco Rodríguez Caballero, Carlos Sarti, Genoveva Sampedro, Mireya Tabuas",fue publicada en el año,1989
El Round Del Olvido,fue publicada en el año,2002
El Round Del Olvido,pertenece a la categoria,Horror - General
El Round Del Olvido,pertenece a la categoria,Fiction
El Round Del Olvido,pertenece a la categoria,Spanish: Adult Fiction
Las kuitas del hombre mosca,fue publicada en el año,2005
Las kuitas del hombre mosca,pertenece a la categoria,Non-Classifiable
Las kuitas del hombre mosca,pertenece a la categoria,Spanish: Adult Nonfiction
Si yo fuera Pedro Infante,fue publicada en el año,1989
El último fantasma,fue publicada en el año,2008
De la amistad a la lucha política,fue publicada en el año,2020
De la amistad a la lucha política,pertenece a la categoria,Politics and government
De la amistad a la lucha política,pertenece a la categoria,Communities
El autoestopista de Grozni,fue publicada en el año,2012
La venganza de la momia azteca,fue publicada en el año,2012
Ella era tan bella que levantaba sospechas,fue publicada en el año,2007
Dilemmas del presente,fue publicada en el año,2008
Dilemmas del presente,pertenece a la categoria,"Civilization, Modern -- 21st century"
Dilemmas del presente,pertenece a la categoria,Globalization
Dilemmas del presente,pertenece a la categoria,Intellectuals -- Interviews
Oscuridad de no tenerte,fue publicada en el año,2015
Los alegres desahuciados,fue publicada en el año,2005
La salvaje revolucionaria,fue publicada en el año,2010
La salvaje revolucionaria,pertenece a la categoria,Venezuelan drama
La salvaje revolucionaria,pertenece a la categoria,Television plays
La salvaje revolucionaria,pertenece a la categoria,Television adaptations
Huracán sobre el Caribe,fue publicada en el año,2013
Huracán sobre el Caribe,pertenece a la categoria,Presidents
Huracán sobre el Caribe,pertenece a la categoria,Succession
Huracán sobre el Caribe,pertenece a la categoria,Politics and government
Memorias,fue publicada en el año,2013
Memorias,pertenece a la categoria,Politicians
Memorias,pertenece a la categoria,Biography
Memorias,pertenece a la categoria,Politics and government
La violencia en Colombia,fue publicada en el año,2010
La violencia en Colombia,pertenece a la categoria,Politics and government
La violencia en Colombia,pertenece a la categoria,Political violence
La violencia en Colombia,pertenece a la categoria,Violence
La pesada planta del paquidermo,fue publicada en el año,1982
La pesada planta del paquidermo,pertenece a la categoria,Military government -- Latin America -- History -- 20th century
La pesada planta del paquidermo,pertenece a la categoria,Militarism -- Latin America -- History -- 20th century
La pesada planta del paquidermo,pertenece a la categoria,Dictatorship -- Latin America -- History -- 20th century
La pesada planta del paquidermo,pertenece a la categoria,Militarismo -- América Latina
La pesada planta del paquidermo,pertenece a la categoria,Latin America -- Politics and government -- 20th century
La pesada planta del paquidermo,pertenece a la categoria,Latin America -- History -- 20th century
La pesada planta del paquidermo,pertenece a la categoria,América Latina -- Política y gobierno
La pesada planta del paquidermo,pertenece a la categoria,América Latina -- Historia
El otro delta,fue publicada en el año,2017
Una colina de hojas que respira,fue publicada en el año,2017
Sol puesto,fue publicada en el año,2011
Caraqueñerias,fue publicada en el año,2003
Caraqueñerias,pertenece a la categoria,Caracas (Venezuela) -- Social life and customs.
Caraqueñerias,pertenece a la categoria,Caracas (Venezuela) -- History.
Chamario,fue publicada en el año,2004
Chamario,pertenece a la categoria,Poetry - General
Chamario,pertenece a la categoria,Juvenile Nonfiction
Chamario,pertenece a la categoria,Children's Books/Ages 9-12 Nonfiction
Chamario,pertenece a la categoria,Spanish: Grades 1-2
El azul de la tierra (Entre Voces),fue publicada en el año,2007
El azul de la tierra (Entre Voces),pertenece a la categoria,Literature & Fiction / Poetry
El azul de la tierra (Entre Voces),pertenece a la categoria,Caribbean & Latin American
El azul de la tierra (Entre Voces),pertenece a la categoria,Literary Criticism
El azul de la tierra (Entre Voces),pertenece a la categoria,Spanish: Adult Nonfiction
Fábula del escriba,fue publicada en el año,2006
The Trees,fue publicada en el año,2004
The Trees,pertenece a la categoria,Works by individual poets: from c 1900 -
The Trees,pertenece a la categoria,Poetry
The Trees,pertenece a la categoria,General
The Trees,pertenece a la categoria,Poetry / General
El catálogo de las mujeres,fue publicada en el año,2006
Los imperios y el imperio,fue publicada en el año,2013
Los imperios y el imperio,pertenece a la categoria,Imperialism
Los imperios y el imperio,pertenece a la categoria,History
Los imperios y el imperio,pertenece a la categoria,Historiography
Historia de Venezuela,fue publicada en el año,2011
Historia de Venezuela,pertenece a la categoria,History
Guillermo Morón en la Academia Nacional de la Historia,fue publicada en el año,2007
Guillermo Morón en la Academia Nacional de la Historia,pertenece a la categoria,Venezuela -- History
Memorial de agravios,fue publicada en el año,2005
Memorial de agravios,pertenece a la categoria,Venezuela -- Politics and government.
Memorial de agravios,pertenece a la categoria,Venezuela -- Civilization.
Memorial de agravios,pertenece a la categoria,Venezuela -- Intellectual life.
Microhistorias,fue publicada en el año,2006
Microhistorias,pertenece a la categoria,Venezuela -- History -- Anecdotes.
Siete ensayos,fue publicada en el año,2010
Siete ensayos,pertenece a la categoria,Spanish literature
Siete ensayos,pertenece a la categoria,History and criticism
Fabula De La Ratoncita Presumida (Coleccion Rimas Y Adivinanzas),fue publicada en el año,1995
Fabula De La Ratoncita Presumida (Coleccion Rimas Y Adivinanzas),pertenece a la categoria,General
Fabula De La Ratoncita Presumida (Coleccion Rimas Y Adivinanzas),pertenece a la categoria,Fairy Tales & Folklore - General
Fabula De La Ratoncita Presumida (Coleccion Rimas Y Adivinanzas),pertenece a la categoria,Juvenile Fiction
Fabula De La Ratoncita Presumida (Coleccion Rimas Y Adivinanzas),pertenece a la categoria,Children's 4-8 - Picturebooks
Fabula De La Ratoncita Presumida (Coleccion Rimas Y Adivinanzas),pertenece a la categoria,Spanish: Grades 1-2
El Libro de Los Animales,fue publicada en el año,1991
El Libro de Los Animales,pertenece a la categoria,Juvenile Fiction
El Libro de Los Animales,pertenece a la categoria,Children's 9-12
Retablo Aragueno: Poema de Aquiles Nazoa (An Aragueno Christmas Story: A Poem by Aquiles Nazoa),fue publicada en el año,2001
Retablo Aragueno: Poema de Aquiles Nazoa (An Aragueno Christmas Story: A Poem by Aquiles Nazoa),pertenece a la categoria,General
Retablo Aragueno: Poema de Aquiles Nazoa (An Aragueno Christmas Story: A Poem by Aquiles Nazoa),pertenece a la categoria,Juvenile Fiction
Retablo Aragueno: Poema de Aquiles Nazoa (An Aragueno Christmas Story: A Poem by Aquiles Nazoa),pertenece a la categoria,"Children's poetry, Venezuelan"
Retablo Aragueno: Poema de Aquiles Nazoa (An Aragueno Christmas Story: A Poem by Aquiles Nazoa),pertenece a la categoria,Christmas
Retablo Aragueno: Poema de Aquiles Nazoa (An Aragueno Christmas Story: A Poem by Aquiles Nazoa),pertenece a la categoria,Jesus Christ
Retablo Aragueno: Poema de Aquiles Nazoa (An Aragueno Christmas Story: A Poem by Aquiles Nazoa),pertenece a la categoria,Nativity
Retablo Aragueno: Poema de Aquiles Nazoa (An Aragueno Christmas Story: A Poem by Aquiles Nazoa),pertenece a la categoria,Poetry
Retablo Aragueno: Poema de Aquiles Nazoa (An Aragueno Christmas Story: A Poem by Aquiles Nazoa),pertenece a la categoria,Spanish: Grades 1-2
El libro de los Cochinitos (The Little Pigs Book),fue publicada en el año,1999
El libro de los Cochinitos (The Little Pigs Book),pertenece a la categoria,Non-Classifiable
El libro de los Cochinitos (The Little Pigs Book),pertenece a la categoria,Spanish: Adult Nonfiction
La Avispa Ahogada,fue publicada en el año,1991
Memorias,fue publicada en el año,2007
Memorias,pertenece a la categoria,Adventure and adventurers
Después de Ayacucho,fue publicada en el año,2017
1936,fue publicada en el año,2014
1936,pertenece a la categoria,Politics and government
1936,pertenece a la categoria,History
Cubagua,fue publicada en el año,1972
Espacios en fuga,fue publicada en el año,2012
Sin parar un punto,fue publicada en el año,2009
Poemas del cuerpo y otros,fue publicada en el año,2005
Tristes cuidados,fue publicada en el año,2006
Tristes cuidados,pertenece a la categoria,"Oliveros, Alejandro -- Diaries"
Tristes cuidados,pertenece a la categoria,"Authors, Venezuelan -- 20th century -- Diaries"
Variar vida y destino,fue publicada en el año,2006
Variar vida y destino,pertenece a la categoria,Venezuelan Authors
Variar vida y destino,pertenece a la categoria,Diaries
I love zombies,fue publicada en el año,2013
La nueva cocina saludable del chef Oropeza,fue publicada en el año,2011
La nueva cocina saludable del chef Oropeza,pertenece a la categoria,Cocina internacional
La nueva cocina saludable del chef Oropeza,pertenece a la categoria,Nutrition
La nueva cocina saludable del chef Oropeza,pertenece a la categoria,Nutrición
La nueva cocina saludable del chef Oropeza,pertenece a la categoria,International cooking
El lenguaje de los diablos,fue publicada en el año,2013
El lenguaje de los diablos,pertenece a la categoria,Corpus Christi Festival
El lenguaje de los diablos,pertenece a la categoria,Venezuelan Folk dancing
El lenguaje de los diablos,pertenece a la categoria,Social life and customs
El lenguaje de los diablos,pertenece a la categoria,Religious life and customs
Fundacion Bigott 30 años,fue publicada en el año,2012
Fundacion Bigott 30 años,pertenece a la categoria,Folk music
Fundacion Bigott 30 años,pertenece a la categoria,History and criticism
Fundacion Bigott 30 años,pertenece a la categoria,Folk dancing
La vida sigue,fue publicada en el año,2007
La vida sigue,fue publicada en el año,2007
Lope de Aguirre,fue publicada en el año,2021
Oficina Nº 1,fue publicada en el año,2021
LA Piedra Que Era Cristo (Plaza & Janes/literaria),fue publicada en el año,1982
LA Piedra Que Era Cristo (Plaza & Janes/literaria),pertenece a la categoria,Foreign Language Study
LA Piedra Que Era Cristo (Plaza & Janes/literaria),pertenece a la categoria,Spanish: Adult Nonfiction
LA Piedra Que Era Cristo (Plaza & Janes/literaria),pertenece a la categoria,Spanish
La ciudad incandescente,fue publicada en el año,2011
Escuela para pobres,fue publicada en el año,2009
Mundo perdido,fue publicada en el año,2010
Yo fui embajador de Chávez en Libia,fue publicada en el año,2011
Madrugada,fue publicada en el año,2010
Clamor campesino,fue publicada en el año,2010
Primavera nocturna,fue publicada en el año,2010
Este mundo desolado,fue publicada en el año,2010
La Guaricha,fue publicada en el año,2010
Fuera del aire,fue publicada en el año,2014
Fuera del aire,pertenece a la categoria,Television and politics
Fuera del aire,pertenece a la categoria,Television in politics
Fuera del aire,pertenece a la categoria,Television talk shows
Fuera del aire,pertenece a la categoria,Political aspects
Fuera del aire,pertenece a la categoria,Politics and government
Fuera del aire,pertenece a la categoria,Humor
Fuera del aire,pertenece a la categoria,Chataing TV (Television program)
Contracanto,fue publicada en el año,2017
Kilometro cero,fue publicada en el año,2013
La incandescencia de las cosas,fue publicada en el año,2013
La incandescencia de las cosas,pertenece a la categoria,Interviews
La incandescencia de las cosas,pertenece a la categoria,Venezuelan Authors
La incandescencia de las cosas,pertenece a la categoria,Biography
Los imposibles 6,fue publicada en el año,2014
Los imposibles 6,pertenece a la categoria,Interviews
Los imposibles 6,pertenece a la categoria,Celebrities
Los imposibles 6,pertenece a la categoria,Biography
Los imposibles,fue publicada en el año,2006
Los imposibles,pertenece a la categoria,Celebrities -- Venezuela -- Interviews
Los imposibles,pertenece a la categoria,Interviews -- 21st century
Los imposibles,pertenece a la categoria,Venezuela -- Biography
Esta tierra de gracia,fue publicada en el año,1965
Esta tierra de gracia,pertenece a la categoria,History
Esta tierra de gracia,pertenece a la categoria,Civilization
Diario de una caraqueña por el Lejano Oriente,fue publicada en el año,2011
Diario de una caraqueña por el Lejano Oriente,pertenece a la categoria,Travel
Las memorias de Mama  Blanca,fue publicada en el año,1980
Las memorias de Mamá Blanca,fue publicada en el año,1900
Ifigenia,fue publicada en el año,1928
Ifigenia,fue publicada en el año,1992
Poesía de bolsillo,fue publicada en el año,2002
Poesía y prosa,fue publicada en el año,2013
En ejercicio del amor,fue publicada en el año,2019
Siete ensayos para poetas,fue publicada en el año,2011
Poesía selecta,fue publicada en el año,2004
Costado indio,fue publicada en el año,2001
Costado indio,pertenece a la categoria,Venezuela
Costado indio,pertenece a la categoria,History and criticism
Costado indio,pertenece a la categoria,Indian literature
Costado indio,pertenece a la categoria,Indian poetry
Equinoccial,fue publicada en el año,2007
Los seres invisibles,fue publicada en el año,2006
Los seres invisibles,pertenece a la categoria,Venezuela -- Politics and government
Los seres invisibles,pertenece a la categoria,United States -- Foreign relations
"Medios, Capacidades Y Justicia Distributiva (Colección Filosofia Contemporanea)",fue publicada en el año,2004
"Medios, Capacidades Y Justicia Distributiva (Colección Filosofia Contemporanea)",pertenece a la categoria,General
"Medios, Capacidades Y Justicia Distributiva (Colección Filosofia Contemporanea)",pertenece a la categoria,Political
"Medios, Capacidades Y Justicia Distributiva (Colección Filosofia Contemporanea)",pertenece a la categoria,Philosophy
"Medios, Capacidades Y Justicia Distributiva (Colección Filosofia Contemporanea)",pertenece a la categoria,Sociology
"Medios, Capacidades Y Justicia Distributiva (Colección Filosofia Contemporanea)",pertenece a la categoria,"Dworkin, R. M"
"Medios, Capacidades Y Justicia Distributiva (Colección Filosofia Contemporanea)",pertenece a la categoria,Spanish: Adult Nonfiction
Sobre salvajes,fue publicada en el año,2007
El joven Bolívar,fue publicada en el año,2009
El joven Bolívar,pertenece a la categoria,Heads of state
El joven Bolívar,pertenece a la categoria,Biography
El joven Bolívar,pertenece a la categoria,History
Aire limpio,fue publicada en el año,2011
Tierra personal,fue publicada en el año,2013
JESÚS Es Vida y Vida en Abundancia,fue publicada en el año,2020
Los Héroes Del Tiempo,fue publicada en el año,2020
Under the Gun,fue publicada en el año,2020
Corte de Cinta,fue publicada en el año,2020
Se&#65533;ales y Sistemas,fue publicada en el año,2020
Casa Del Viejo Maestro,fue publicada en el año,2020
Llave Del Coraz&#65533;n,fue publicada en el año,2020
Te Cuento un Mito,fue publicada en el año,2020
Tom&#65533; la Decisi&#65533;n de Ser Feliz,fue publicada en el año,2020
Curiepe,fue publicada en el año,2020
Cuentos Humanos,fue publicada en el año,2019
Haikus de Maracaibo y Otros Poemas,fue publicada en el año,2019
Mi Pap&#65533; Pinta Poemas,fue publicada en el año,2019
Comedia Urbana,fue publicada en el año,2019
Andar de Vida,fue publicada en el año,2019
Mi Abuelo Jesús León,fue publicada en el año,2019
Princesa Llamada Zulia,fue publicada en el año,2019
Sin Despedida,fue publicada en el año,2019
5 Tips para Ser M&#65533;s Sociable,fue publicada en el año,2019
Hoy le Hablo a Tu Ausencia,fue publicada en el año,2018
En el Ombligo de la Luna,fue publicada en el año,2019
"Lengua, Sentipensar y Autonomía de Los Añuu",fue publicada en el año,2019
Mi Otro Yo,fue publicada en el año,2019
"¡gore, Porno y Snuff!",fue publicada en el año,2019
Prontuario,fue publicada en el año,2019
Enhebrando SueÑos,fue publicada en el año,2018
No Hay Necesidad de Mí en Los Infiernos,fue publicada en el año,2019
Ismael Urdaneta : El Poeta Legionario,fue publicada en el año,2018
Tu Primavera en Mi Ocaso,fue publicada en el año,2019
Los Cuentos de Chepe,fue publicada en el año,2018
Te Contaré Mi Historia Mientras Llueve,fue publicada en el año,2019
Canto Civil,fue publicada en el año,2019
Pescador de Poesías,fue publicada en el año,2019
Hacia la Noche Viva,fue publicada en el año,2019
Milagro Del día y la Noche,fue publicada en el año,2019
Flores de Mi Vida,fue publicada en el año,2018
Método de Confección y Alta Costura,fue publicada en el año,2019
Primeras Personas,fue publicada en el año,2018
Violín Resucita,fue publicada en el año,2019
Crep,fue publicada en el año,2018
Tu Primavera en Mi Ocasión,fue publicada en el año,2019
Political Manifestation,fue publicada en el año,2018
Consideraciones para el Tratamiento de Sujetos IndÍgenas en Procesos Penales en Venezuela,fue publicada en el año,2018
Princesa de Los Ojos Vacios,fue publicada en el año,2018
Poesía Curiosa y Divertida,fue publicada en el año,2018
Cenizas Del Fog,fue publicada en el año,2018
Tallado de Sombra,fue publicada en el año,2018
Cacique Nigale y Su Tiempo,fue publicada en el año,2018
Diccionario Biogr,fue publicada en el año,2018
Luna Azul,fue publicada en el año,2018
El chavismo como problema,fue publicada en el año,2010
El chavismo como problema,pertenece a la categoria,Politics and government
Dos izquierdas,fue publicada en el año,2005
Dos izquierdas,pertenece a la categoria,Socialism -- Latin America.
Dos izquierdas,pertenece a la categoria,Latin America -- Politics and government.
Sólo los estúpidos no cambian de opinión,fue publicada en el año,2006
Sólo los estúpidos no cambian de opinión,pertenece a la categoria,"Petkoff, Teodoro, -- 1931- -- Interviews."
Sólo los estúpidos no cambian de opinión,pertenece a la categoria,Politicians -- Venezuela -- Interviews.
Sólo los estúpidos no cambian de opinión,pertenece a la categoria,Venezuela -- Politics and government -- 1935-
Del optimismo de la voluntad,fue publicada en el año,1987
Del optimismo de la voluntad,pertenece a la categoria,Movimiento al Socialism (Venezuela)
Del optimismo de la voluntad,pertenece a la categoria,Socialism -- Venezuela.
El chavismo al banquillo,fue publicada en el año,2011
El chavismo al banquillo,pertenece a la categoria,Politics and government
Historias para las posibilidades del músculo,fue publicada en el año,2017
Derecho administrativo especial,fue publicada en el año,1959
Derecho administrativo especial,pertenece a la categoria,Administrative law -- Venezuela.
Compendio de historia natural,fue publicada en el año,2007
La diosa es un pretexto,fue publicada en el año,2005
No repitas mi nombre,fue publicada en el año,2006
Soy tu voz en el viento,fue publicada en el año,2013
Soy tu voz en el viento,pertenece a la categoria,Venezuelan poetry
Con poesía hay mañana,fue publicada en el año,2015
A orillas del principio,fue publicada en el año,2015
A orillas del principio,pertenece a la categoria,Ayaman Indians
A orillas del principio,pertenece a la categoria,History
A orillas del principio,pertenece a la categoria,Social life and customs
A orillas del principio,pertenece a la categoria,Religion
Escombros,fue publicada en el año,2013
1810-1830,fue publicada en el año,2014
1810-1830,pertenece a la categoria,Relations
1810-1830,pertenece a la categoria,History
Ale' eya,fue publicada en el año,2016
Ale' eya,pertenece a la categoria,Goajiro Indians
Aquí manda el hampa,fue publicada en el año,2008
Aquí manda el hampa,pertenece a la categoria,Crime
Aquí manda el hampa,pertenece a la categoria,Economic conditions
Aquí manda el hampa,pertenece a la categoria,Social conditions
Aquí manda el hampa,pertenece a la categoria,Violence
Aquí manda el hampa,pertenece a la categoria,Drug traffic
Así empezó todo,fue publicada en el año,2018
Así empezó todo,pertenece a la categoria,Politics and government
El ayer que hizo al mundo de hoy,fue publicada en el año,2012
El ayer que hizo al mundo de hoy,pertenece a la categoria,Biography
El ayer que hizo al mundo de hoy,pertenece a la categoria,Celebrities
Quién paga los muertos del once de Abril?,fue publicada en el año,2002
Quién paga los muertos del once de Abril?,pertenece a la categoria,History
Quién paga los muertos del once de Abril?,pertenece a la categoria,Riots
Quién paga los muertos del once de Abril?,pertenece a la categoria,Massacres
Quién paga los muertos del once de Abril?,pertenece a la categoria,Petroleum industry and trade
Quién paga los muertos del once de Abril?,pertenece a la categoria,Economic conditions
Pancha la roja,fue publicada en el año,2011
Doña Flor y sus barajas,fue publicada en el año,2008
Cipriano Castro,fue publicada en el año,1995
Cipriano Castro,pertenece a la categoria,"Castro, Cipriano, 1856?-1924."
Cipriano Castro,pertenece a la categoria,Presidents -- Venezuela -- Biography.
Cipriano Castro,pertenece a la categoria,Venezuela -- History -- 1830-1935.
El imperialismo hoy,fue publicada en el año,2007
El imperialismo hoy,pertenece a la categoria,Imperialism.
El imperialismo hoy,pertenece a la categoria,Capitalism.
El imperialismo hoy,pertenece a la categoria,International relations.
El imperialismo hoy,pertenece a la categoria,World politics.
El imperialismo hoy,pertenece a la categoria,United States -- Foreign relations.
Los hombres de los cantos amargos,fue publicada en el año,2011
Apuntes teatrales,fue publicada en el año,2016
Libro Azul. Neurodesarrollo y Trastorno Del Espectro AUTISTA,fue publicada en el año,2020
Las mariposas de la oscuridad,fue publicada en el año,1980
Tetralogía del petróleo,fue publicada en el año,2008
Palabras a los jóvenes,fue publicada en el año,2015
Un tal Ezequiel Zamora,fue publicada en el año,1983
Un tal Ezequiel Zamora,pertenece a la categoria,Venezuelan drama
Apacuana y cuaricurián,fue publicada en el año,2010
Oscéneba,fue publicada en el año,2010
La esquina del miedo,fue publicada en el año,2010
La fiesta de los moribundos,fue publicada en el año,2010
Álbum de familia,fue publicada en el año,2013
Álbum de familia,pertenece a la categoria,Venezuelan National characteristics
Álbum de familia,pertenece a la categoria,Civilization
Álbum de familia,pertenece a la categoria,Intellectuals
Álbum de familia,pertenece a la categoria,Interviews
Entre rieles,fue publicada en el año,2014
Entre rieles,pertenece a la categoria,Railroads
Entre rieles,pertenece a la categoria,History
Venezuela,fue publicada en el año,2011
Venezuela,pertenece a la categoria,History
"Bolívar y Atatürk, Atatürk y Bolívar",fue publicada en el año,2009
"Bolívar y Atatürk, Atatürk y Bolívar",pertenece a la categoria,Heads of state
"Bolívar y Atatürk, Atatürk y Bolívar",pertenece a la categoria,Biography
"El régimen de la encomienda en Barquisimeto colonial, 1530-1810",fue publicada en el año,1992
"El régimen de la encomienda en Barquisimeto colonial, 1530-1810",pertenece a la categoria,"Indians, Treatment of -- Venezuela -- Barquisimeto (State) -- History."
"El régimen de la encomienda en Barquisimeto colonial, 1530-1810",pertenece a la categoria,Encomiendas (Latin America)
"El régimen de la encomienda en Barquisimeto colonial, 1530-1810",pertenece a la categoria,Barquisimeto (Venezuela : State) -- History.
Historiografía y política sobre el tema bolivariano,fue publicada en el año,1986
Historiografía y política sobre el tema bolivariano,pertenece a la categoria,"Bolívar, Simón, 1783-1830."
El invencionero,fue publicada en el año,1982
La Esposa Del Dr. Thorne,fue publicada en el año,2002
La Esposa Del Dr. Thorne,pertenece a la categoria,General
La Esposa Del Dr. Thorne,pertenece a la categoria,Education
La Esposa Del Dr. Thorne,pertenece a la categoria,Fiction - Adult
La Esposa Del Dr. Thorne,pertenece a la categoria,Spanish: Adult Nonfiction
La Esposa Del Dr. Thorne,pertenece a la categoria,Erotica - General
"Amores, pasiones y vicios de la Gran Catalina",fue publicada en el año,1995
"Amores, pasiones y vicios de la Gran Catalina",pertenece a la categoria,"Catherine II, Empress of Russia, 1729-1796 -- Fiction."
La carujada,fue publicada en el año,1990
Fuera del aire,fue publicada en el año,2014
Fuera del aire,pertenece a la categoria,Television and politics
Fuera del aire,pertenece a la categoria,Television in politics
Fuera del aire,pertenece a la categoria,Television talk shows
Fuera del aire,pertenece a la categoria,Political aspects
Fuera del aire,pertenece a la categoria,Politics and government
Fuera del aire,pertenece a la categoria,Humor
Fuera del aire,pertenece a la categoria,Chataing TV (Television program)
Despierta Venezuela,fue publicada en el año,2014
Despierta Venezuela,pertenece a la categoria,Interviews
Despierta Venezuela,pertenece a la categoria,Journalists
Despierta Venezuela,pertenece a la categoria,Journalism
País de salida,fue publicada en el año,2015
País de salida,pertenece a la categoria,Politics and government
Armando el rompecabezas de un país,fue publicada en el año,2012
Armando el rompecabezas de un país,pertenece a la categoria,Civilization
Armando el rompecabezas de un país,pertenece a la categoria,Politics and government
Armando el rompecabezas de un país,pertenece a la categoria,Interviews
Ellos que se conocen tanto,fue publicada en el año,2009
Tercer País / the Third Country,fue publicada en el año,2021
Tercer País / the Third Country,pertenece a la categoria,"Fiction, women"
El Tercer País,fue publicada en el año,2021
El Tercer País,fue publicada en el año,2021
El arcangel,fue publicada en el año,1998
Los escafandristas,fue publicada en el año,2014
Los escafandristas,pertenece a la categoria,Divers
Los escafandristas,pertenece a la categoria,Fiction
Los escafandristas,pertenece a la categoria,Deep diving
En sueños matarás,fue publicada en el año,2013
Instrucciones para leer este libro,fue publicada en el año,2011
Rocanegras,fue publicada en el año,2007
El dedo de David Lynch,fue publicada en el año,2015
El elefante,fue publicada en el año,2005
Piedras lunares,fue publicada en el año,2008
Ciudades que ya no existen,fue publicada en el año,2010
Ciudades que ya no existen,pertenece a la categoria,Fiction
Las peripecias inéditas de Teofilus Jones,fue publicada en el año,2009
Pie de atleta,fue publicada en el año,2002
Pie de atleta,pertenece a la categoria,Athletes
Pie de atleta,pertenece a la categoria,Sports
El juego del papagayo,fue publicada en el año,1955
Los Comics y Su Ideología,fue publicada en el año,2016
El estilo literario de Marx,fue publicada en el año,2007
El estilo literario de Marx,pertenece a la categoria,Literary style
El sueño insomne,fue publicada en el año,2009
Reflexiones sobre la identificación americana con la Europa segunda,fue publicada en el año,2009
Teoría poética,fue publicada en el año,2008
El estilo literario de Marx,fue publicada en el año,1971
El estilo literario de Marx,pertenece a la categoria,"Marx, Karl, 1818-1883."
Perdidos en Frog,fue publicada en el año,2012
Adiós Miss Venezuela,fue publicada en el año,2016
Esta gente,fue publicada en el año,2012
Margarita infanta,fue publicada en el año,2010
La otra isla,fue publicada en el año,2005
La otra isla,pertenece a la categoria,Margarita Island (Venezuela) -- Fiction.
"Pequeños, talentosos y esforzados",fue publicada en el año,2009
"Pequeños, talentosos y esforzados",pertenece a la categoria,Venezuelan Arts
"Pequeños, talentosos y esforzados",pertenece a la categoria,Child artists
Vencido por la nostalgia,fue publicada en el año,2008
Vencido por la nostalgia,pertenece a la categoria,Criticism and interpretation
Maisanta,fue publicada en el año,2004
Tiempos de Arévalo Cedeño,fue publicada en el año,2006
Tiempos de Arévalo Cedeño,pertenece a la categoria,"Arévalo Cedeño, Emilio, -- 1882- -- Fiction."
El 4F,fue publicada en el año,2007
El 4F,pertenece a la categoria,"Chávez Frías, Hugo"
El 4F,pertenece a la categoria,"Venezuela -- History -- Attempted coup, 1992 (February 4)"
El 4F,pertenece a la categoria,Venezuela -- Politics and government -- 1974-1999
Hegemonia e imperio,fue publicada en el año,2008
Hegemonia e imperio,pertenece a la categoria,International Relations - General
Hegemonia e imperio,pertenece a la categoria,Political Science / International Relations
Hegemonia e imperio,pertenece a la categoria,Political Science
Hegemonia e imperio,pertenece a la categoria,Politics / Current Events
Hegemonia e imperio,pertenece a la categoria,Spanish: Adult Nonfiction
Tiene futuro America Latina? (Villegas Ensayo Economico series),fue publicada en el año,2005
Tiene futuro America Latina? (Villegas Ensayo Economico series),pertenece a la categoria,Development studies
Tiene futuro America Latina? (Villegas Ensayo Economico series),pertenece a la categoria,International - Economics
Tiene futuro America Latina? (Villegas Ensayo Economico series),pertenece a la categoria,Contemporary Politics - Latin America
Tiene futuro America Latina? (Villegas Ensayo Economico series),pertenece a la categoria,Economic Development
Tiene futuro America Latina? (Villegas Ensayo Economico series),pertenece a la categoria,Business & Economics
Tiene futuro America Latina? (Villegas Ensayo Economico series),pertenece a la categoria,Sociology
Tiene futuro America Latina? (Villegas Ensayo Economico series),pertenece a la categoria,Third World Development
Tiene futuro America Latina? (Villegas Ensayo Economico series),pertenece a la categoria,Spanish: Adult Nonfiction
Tiene futuro America Latina? (Villegas Ensayo Economico series),pertenece a la categoria,Developing Countries
Tiene futuro America Latina? (Villegas Ensayo Economico series),pertenece a la categoria,Latin America
Tiene futuro America Latina? (Villegas Ensayo Economico series),pertenece a la categoria,Social Science / Third World Development
Tiene futuro America Latina? (Villegas Ensayo Economico series),pertenece a la categoria,Development - Economic Development
Tiene futuro America Latina? (Villegas Ensayo Economico series),pertenece a la categoria,Economic Conditions
Tiene futuro America Latina? (Villegas Ensayo Economico series),pertenece a la categoria,Foreign economic relations
Señor Rasvel,fue publicada en el año,1934
Tatuajes de ciudad,fue publicada en el año,2007
Tatuajes de ciudad,pertenece a la categoria,Venezuelan Short stories
Tatuajes de ciudad,pertenece a la categoria,City and town life
Tatuajes de ciudad,pertenece a la categoria,Fiction
Fervor de Caracas,fue publicada en el año,2015
Fervor de Caracas,pertenece a la categoria,Venezuelan literature
Fervor de Caracas,pertenece a la categoria,Literary collections
Fervor de Caracas,pertenece a la categoria,Fiction
Fervor de Caracas,pertenece a la categoria,Description and travel
Fervor de Caracas,pertenece a la categoria,History
Fervor de Caracas,pertenece a la categoria,Travel
Viaje al poscomunismo,fue publicada en el año,2020
Viaje al poscomunismo,pertenece a la categoria,Travel
Diorama,fue publicada en el año,2021
Quince que cuentan,fue publicada en el año,2008
Quince que cuentan,pertenece a la categoria,City and town life
Quince que cuentan,pertenece a la categoria,Fiction
Quince que cuentan,pertenece a la categoria,Venezuelan Short stories
El oficio por dentro,fue publicada en el año,2012
El oficio por dentro,pertenece a la categoria,Authorship
La escribana del viento,fue publicada en el año,2013
La escribana del viento,pertenece a la categoria,Fiction
La escribana del viento,pertenece a la categoria,History
Tiempos de ciudad,fue publicada en el año,2010
Tiempos de ciudad,pertenece a la categoria,Venezuelan fiction
Tiempos de ciudad,pertenece a la categoria,Venezuelan Short stories
Tiempos de ciudad,pertenece a la categoria,City and town life
Tiempos de ciudad,pertenece a la categoria,Fiction
Malena de cinco mundos,fue publicada en el año,2008
Malena de cinco mundos,pertenece a la categoria,Man-woman relationships
Malena de cinco mundos,pertenece a la categoria,Mujeres
Malena de cinco mundos,pertenece a la categoria,Relaciones hombre-mujer
Malena de cinco mundos,pertenece a la categoria,Reincarnation
Malena de cinco mundos,pertenece a la categoria,Fiction
Malena de cinco mundos,pertenece a la categoria,Reencarnación
Malena de cinco mundos,pertenece a la categoria,Ficción
Malena de cinco mundos,pertenece a la categoria,Women
La herencia de la tribu,fue publicada en el año,2009
Historias del continente oscuro,fue publicada en el año,2007
Historias del continente oscuro,pertenece a la categoria,Women -- Psychology.
La fascinación de la víctima,fue publicada en el año,2008
Regalo de Pandora,fue publicada en el año,2011
Letras y Acordes para Ti,fue publicada en el año,2020
Cómo Enfrentarnos a la Reina del Cielo,fue publicada en el año,2001
Cómo Enfrentarnos a la Reina del Cielo,pertenece a la categoria,Religion - Classic Works
Cómo Enfrentarnos a la Reina del Cielo,pertenece a la categoria,Religion
Cómo Enfrentarnos a la Reina del Cielo,pertenece a la categoria,Religion - Catholicism
Cómo Enfrentarnos a la Reina del Cielo,pertenece a la categoria,Spanish: Adult Nonfiction
Cómo Enfrentarnos a la Reina del Cielo,pertenece a la categoria,Christianity - Catholic
Cómo Enfrentarnos a la Reina del Cielo,pertenece a la categoria,Christianity - Catholicism
Cómo Enfrentarnos a la Reina del Cielo,pertenece a la categoria,Religion / Christian Life
Cómo Enfrentarnos a la Reina del Cielo,pertenece a la categoria,Religion - Roman Catholic
Huella Del Bisonte,fue publicada en el año,2012
Huella Del Bisonte,pertenece a la categoria,"Fiction, general"
Huella Del Bisonte,pertenece a la categoria,"Fiction, erotica, general"
Apóstoles Y Profetas,fue publicada en el año,2000
Apóstoles Y Profetas,pertenece a la categoria,Christian Theology - Eschatology
Apóstoles Y Profetas,pertenece a la categoria,Christianity - Theology - Eschatology
Apóstoles Y Profetas,pertenece a la categoria,Theology
Apóstoles Y Profetas,pertenece a la categoria,Religion / Christian Life
Apóstoles Y Profetas,pertenece a la categoria,Christianity - History - General
Apóstoles Y Profetas,pertenece a la categoria,Religion
Apóstoles Y Profetas,pertenece a la categoria,Religion - Theology
Apóstoles Y Profetas,pertenece a la categoria,Spanish: Adult Nonfiction
Comunidades Tranformadas,fue publicada en el año,1999
Comunidades Tranformadas,pertenece a la categoria,Religion
Comunidades Tranformadas,pertenece a la categoria,Religion - Spiritual Warfare
Comunidades Tranformadas,pertenece a la categoria,Spanish: Adult Nonfiction
Comunidades Tranformadas,pertenece a la categoria,Christian Life - Spiritual Warfare
Comunidades Tranformadas,pertenece a la categoria,Inspirational
Comunidades Tranformadas,pertenece a la categoria,Religion / Christian Life
Comunidades Tranformadas,pertenece a la categoria,Prayer
Comunidades Tranformadas,pertenece a la categoria,Christianity - Spiritual Warfare
El consejo de Elifaz,fue publicada en el año,2007
El consejo de Elifaz,pertenece a la categoria,Spanish: Adult Nonfiction
El consejo de Elifaz,pertenece a la categoria,Religion
El consejo de Elifaz,pertenece a la categoria,Religion - Christian Life
El consejo de Elifaz,pertenece a la categoria,Christian Life - General
El consejo de Elifaz,pertenece a la categoria,Religion / Christian Life
El consejo de Elifaz,pertenece a la categoria,Religion - Church History
El consejo de Elifaz,pertenece a la categoria,Christianity - General
Venga Tu Reino/thy Kingdom Come,fue publicada en el año,2004
Venga Tu Reino/thy Kingdom Come,pertenece a la categoria,Christian Life - General
Venga Tu Reino/thy Kingdom Come,pertenece a la categoria,Religion
Venga Tu Reino/thy Kingdom Come,pertenece a la categoria,Religion - Christian Life
Venga Tu Reino/thy Kingdom Come,pertenece a la categoria,Spanish: Adult Nonfiction
Nuevas rutas,fue publicada en el año,2010
Nuevas rutas,pertenece a la categoria,Juvenile fiction
Lo irreparable,fue publicada en el año,2016
Cacao,fue publicada en el año,2014
Cacao,pertenece a la categoria,Cocoa trade
Cacao,pertenece a la categoria,History
Cacao,pertenece a la categoria,Cocoa
12 Grados de Latitud Norte,fue publicada en el año,2015
Fuerza de Las Cosas,fue publicada en el año,2021
"Mientras Tanto, Aquí Dentro",fue publicada en el año,2021
Descubre Trujillo,fue publicada en el año,2011
Daemon,fue publicada en el año,2022
Fragmentario,fue publicada en el año,2021
Fragmentario,pertenece a la categoria,"Fiction, short stories (single author)"
Fragmentario,pertenece a la categoria,"Fiction, science fiction, general"
Cuentos a patadas,fue publicada en el año,2014
Cuentos a patadas,pertenece a la categoria,Spanish Soccer stories
Cuentos a patadas,pertenece a la categoria,Juvenile fiction
Cuentos a patadas,pertenece a la categoria,Specimens
Cuentos a patadas,pertenece a la categoria,Soccer
Cuentos a patadas,pertenece a la categoria,Boys
Cuentos a patadas,pertenece a la categoria,Spanish Young adult fiction
Cuentos a patadas,pertenece a la categoria,Psychological aspects
Cuentos a patadas,pertenece a la categoria,Fußball
Educar para Venezuela,fue publicada en el año,2008
Uslar y lo alemán,fue publicada en el año,2012
Uslar y lo alemán,pertenece a la categoria,Knowledge
Uslar y lo alemán,pertenece a la categoria,Germany
Uslar y lo alemán,pertenece a la categoria,Civilization
Uslar Pietri e Italia,fue publicada en el año,2011
Uslar Pietri e Italia,pertenece a la categoria,Knowledge
Uslar Pietri e Italia,pertenece a la categoria,Italy
Uslar Pietri e Italia,pertenece a la categoria,Description and travel
Uslar Pietri e Italia,pertenece a la categoria,Biography
Uslar Pietri e Italia,pertenece a la categoria,Travel
"Arturo Uslar Pietri, 1906-2006",fue publicada en el año,2006
"Arturo Uslar Pietri, 1906-2006",pertenece a la categoria,"Uslar Pietri, Arturo, -- 1906-2001 -- Exhibitions"
"Arturo Uslar Pietri, 1906-2006",pertenece a la categoria,"Authors, Venezuelan -- 20th century -- Biography -- Exhibitions"
ALBA-TCP,fue publicada en el año,2014
ALBA-TCP,pertenece a la categoria,Economic integration
ALBA-TCP,pertenece a la categoria,Alternativa Bolivariana para las Américas (Organization)
Los incurables,fue publicada en el año,2012
El buen esposo,fue publicada en el año,2013
Caracas vagabunda,fue publicada en el año,2014
La nostalgia esférica,fue publicada en el año,2014
La carpa y otros cuentos,fue publicada en el año,2008
La ciudad y el deseo,fue publicada en el año,2007
La ciudad y el deseo,pertenece a la categoria,Caracas (Venezuela)
"Miedo, pudor y deleite",fue publicada en el año,2007
Sumario,fue publicada en el año,2010
Sumario,pertenece a la categoria,Politics and government
Sumario,pertenece a la categoria,Assassination
Sumario,pertenece a la categoria,Fiction
Sumario,fue publicada en el año,2010
Sumario,pertenece a la categoria,Politics and government
Sumario,pertenece a la categoria,Assassination
Sumario,pertenece a la categoria,Fiction
Los peores de la clase,fue publicada en el año,2011
Diario de Alejandría,fue publicada en el año,2007
Diario de Alejandría,pertenece a la categoria,"Villa Pelayo, José Jesús, -- 1962-"
Diario de Alejandría,pertenece a la categoria,"Authors, Venezuelan -- 20th century -- Biography"
Diario de Alejandría,pertenece a la categoria,Literature -- History and criticism
Tres Cosmovisiones,fue publicada en el año,2020
Independencia y el Estado Constitucional en Venezuela : Como Obra de Civiles,fue publicada en el año,2018
Independencia y el Estado Constitucional en Venezuela : Como Obra de Civiles,pertenece a la categoria,"Law, venezuela"
El realismo mágico de la V república,fue publicada en el año,2013
El realismo mágico de la V república,pertenece a la categoria,Venezuelan Political satire
El realismo mágico de la V república,pertenece a la categoria,Humor
El realismo mágico de la V república,pertenece a la categoria,History and criticism
La globalización y el siglo XXI,fue publicada en el año,2013
La globalización y el siglo XXI,pertenece a la categoria,Sustainability
La globalización y el siglo XXI,pertenece a la categoria,Globalization
La globalización y el siglo XXI,pertenece a la categoria,"Global Financial Crisis, 2008-2009"
La globalización y el siglo XXI,pertenece a la categoria,Medical technology
Tres poetas venezolanos del siglo XXI,fue publicada en el año,2007
Tres poetas venezolanos del siglo XXI,pertenece a la categoria,"Marta Sosa, Joaquín -- Criticism and interpretation."
Tres poetas venezolanos del siglo XXI,pertenece a la categoria,"Pulido, José -- Criticism and interpretation."
Tres poetas venezolanos del siglo XXI,pertenece a la categoria,"Arráiz Lucca, Rafael -- Criticism and interpretation."
Tres poetas venezolanos del siglo XXI,pertenece a la categoria,Venezuelan poetry -- 20th century -- History and criticism.
Tres poetas venezolanos del siglo XXI,pertenece a la categoria,Venezuelan poetry -- 20th century.
Francisco,fue publicada en el año,2014
Francisco,pertenece a la categoria,Christian sociology
Francisco,pertenece a la categoria,Teachings
Francisco,pertenece a la categoria,Catholic Church
Más Allá de lo Que Somos,fue publicada en el año,2020
Arqueología Del Amor,fue publicada en el año,2022
¡Nadie me quita lo bailao!,fue publicada en el año,2007
¡Nadie me quita lo bailao!,pertenece a la categoria,"Yanes, Oscar, -- 1924-"
¡Nadie me quita lo bailao!,pertenece a la categoria,Venezuela -- History -- 20th century -- Anecdotes
¡Nadie me quita lo bailao!,pertenece a la categoria,Latin America -- History -- 20th century -- Anecdotes
Paisajes del insomnio,fue publicada en el año,2015
Hacer el mundo con palabras,fue publicada en el año,2011
Hacer el mundo con palabras,pertenece a la categoria,Criticism and interpretation
Hacer el mundo con palabras,pertenece a la categoria,Comparative literature
Hacer el mundo con palabras,pertenece a la categoria,Japanese and Colombian
Hacer el mundo con palabras,pertenece a la categoria,Colombian and Japanese
Certezas e invenciones del pasado,fue publicada en el año,2007
Certezas e invenciones del pasado,pertenece a la categoria,"Britto García, Luis -- Criticism and interpretation"
Certezas e invenciones del pasado,pertenece a la categoria,"Britto García, Luis"
Certezas e invenciones del pasado,pertenece a la categoria,"Britto García, Luis"
Certezas e invenciones del pasado,pertenece a la categoria,Pirates in literature
Cartografías literarias,fue publicada en el año,2008
Cartografías literarias,pertenece a la categoria,Venezuelan literature -- History and criticism
Cartografías literarias,pertenece a la categoria,Spanish American literature -- History and criticism
Chávez a la Hora y en la Hora de Su Muerte,fue publicada en el año,2021
Madre Mirando el Puente,fue publicada en el año,2020
Doña Bárbara con Kaláshnikov,fue publicada en el año,2019
Café Italia. Ambiente Familiar,fue publicada en el año,2019
Dr. Tinoco,fue publicada en el año,2006
Dr. Tinoco,pertenece a la categoria,Finance ministers
Dr. Tinoco,pertenece a la categoria,Biography
Dr. Tinoco,pertenece a la categoria,Public Finance
Dr. Tinoco,pertenece a la categoria,Politics and government
El palacio del llano,fue publicada en el año,2012
El suicidio del poder,fue publicada en el año,2012
El suicidio del poder,pertenece a la categoria,Politics and government
Café Italia,fue publicada en el año,2013
Doña Bárbara con Kalashnikov,fue publicada en el año,2008
Los ricos bobos (Colección Hogueras),fue publicada en el año,1995
Gabo nació en Caracas no en Aracataca,fue publicada en el año,2007
Gabo nació en Caracas no en Aracataca,pertenece a la categoria,"García Márquez, Gabriel, -- 1928-"
Gabo nació en Caracas no en Aracataca,pertenece a la categoria,"García Márquez, Gabriel, -- 1928- -- Homes and haunts -- Venezuela -- Caracas"
Gabo nació en Caracas no en Aracataca,pertenece a la categoria,"García Márquez, Gabriel, -- 1928-"
Gabo nació en Caracas no en Aracataca,pertenece a la categoria,"Authors, Colombian -- 20th century -- Biography"
"Nuevas tecnologías, administración y participación ciudadana",fue publicada en el año,2010
Introducción al derecho administrativo español,fue publicada en el año,2012
Introducción al derecho administrativo español,pertenece a la categoria,Administrative law
Curso (rápido y sentimental) de italiano,fue publicada en el año,2019
Curso (rápido y sentimental) de italiano,pertenece a la categoria,Interpersonal relations
Curso (rápido y sentimental) de italiano,pertenece a la categoria,Fiction
Curso (rápido y sentimental) de italiano,pertenece a la categoria,Man-woman relationships
Curso (rápido y sentimental) de italiano,pertenece a la categoria,Venezuelan fiction
Curso (rápido y sentimental) de italiano,pertenece a la categoria,Relations entre hommes et femmes
Curso (rápido y sentimental) de italiano,pertenece a la categoria,"Romans, nouvelles"
Curso (rápido y sentimental) de italiano,pertenece a la categoria,Roman vénézuélien
"Médicos taxistas, escritores",fue publicada en el año,2014
Máquinas que cantan,fue publicada en el año,2005
583104,fue publicada en el año,1995
Cuentos de damas fantásticas,fue publicada en el año,2002
Cuentos de damas fantásticas,pertenece a la categoria,Short Stories (single author)
Cuentos de damas fantásticas,pertenece a la categoria,Literary
Cuentos de damas fantásticas,pertenece a la categoria,Fiction
Cuentos de damas fantásticas,pertenece a la categoria,Fiction - General
Cuentos de damas fantásticas,pertenece a la categoria,Spanish: Adult Fiction
Señas de una generación,fue publicada en el año,2017
Señas de una generación,pertenece a la categoria,Venezuelan Authors
Señas de una generación,pertenece a la categoria,Criticism and interpretation
Señas de una generación,pertenece a la categoria,Venezuelan literature
Señas de una generación,pertenece a la categoria,History and criticism
Cuentos completos,fue publicada en el año,2013
Gramatica de la lengua castellana destinada al uso de los americanos,fue publicada en el año,1905
Gramatica de la lengua castellana destinada al uso de los americanos,fue publicada en el año,2007
Gramatica de la lengua castellana destinada al uso de los americanos,pertenece a la categoria,Spanish: Adult Nonfiction
Gramatica de la lengua castellana destinada al uso de los americanos,pertenece a la categoria,Language Arts & Disciplines
Gramatica de la lengua castellana destinada al uso de los americanos,pertenece a la categoria,Foreign Language - Dictionaries / Phrase Books
Gramatica de la lengua castellana destinada al uso de los americanos,pertenece a la categoria,Grammar
Gramatica de la lengua castellana destinada al uso de los americanos,pertenece a la categoria,Linguistics
Gramatica de la lengua castellana destinada al uso de los americanos,pertenece a la categoria,Spanish
Gramatica de la lengua castellana destinada al uso de los americanos,pertenece a la categoria,Foreign Language Study / Spanish
Gramatica de la lengua castellana destinada al uso de los americanos,pertenece a la categoria,Language Arts & Disciplines : Grammar
Gramatica de la lengua castellana destinada al uso de los americanos,pertenece a la categoria,Language Arts & Disciplines : Linguistics
Primer Diccionario. Andres Bello,fue publicada en el año,2001
Primer Diccionario. Andres Bello,pertenece a la categoria,General
Primer Diccionario. Andres Bello,pertenece a la categoria,Education
Primer Diccionario. Andres Bello,pertenece a la categoria,Education / Teaching
Primer Diccionario. Andres Bello,pertenece a la categoria,Spanish: Adult Nonfiction
Primer Diccionario,fue publicada en el año,2004
Primer Diccionario,pertenece a la categoria,Dictionaries - General
Primer Diccionario,pertenece a la categoria,Reference
Gramática de la Lengua Castellana Destinada Al Uso de Los Americanos,fue publicada en el año,2014
Gramatica de la lengua Castellana/ Grammer of the Castilian Language (Autoaprendizaje),fue publicada en el año,2004
Gramatica de la lengua Castellana/ Grammer of the Castilian Language (Autoaprendizaje),pertenece a la categoria,Grammar
Gramatica de la lengua Castellana/ Grammer of the Castilian Language (Autoaprendizaje),pertenece a la categoria,Language Arts & Disciplines
Gramatica de la lengua Castellana/ Grammer of the Castilian Language (Autoaprendizaje),pertenece a la categoria,Spanish: Adult Nonfiction
Descripciones,fue publicada en el año,2005
Descripciones,pertenece a la categoria,Literary Collections
Descripciones,pertenece a la categoria,Spanish: Adult Nonfiction
Descripciones,pertenece a la categoria,History and criticism
Descripciones,pertenece a la categoria,Spanish American poetry
Descripciones,pertenece a la categoria,Essays
Ellas,fue publicada en el año,2013
Ellas,pertenece a la categoria,Women artists
Ellas,pertenece a la categoria,Feminism and the arts
Ellas,pertenece a la categoria,Women authors
Elogio a la comunidad,fue publicada en el año,2004
Elogio a la comunidad,pertenece a la categoria,Community development
Elogio a la comunidad,pertenece a la categoria,Social conditions
Ciudad abandonada en el fondo de mi corazón,fue publicada en el año,2011
Las aguas tenían reflejos de plata,fue publicada en el año,2013
Crónicas desde una mirada conmovida,fue publicada en el año,2011
El verbo de la madre,fue publicada en el año,2005
Libro de amigo,fue publicada en el año,2007
Una Vaca Querida / A Well-Loved Cow,fue publicada en el año,2001
Una Vaca Querida / A Well-Loved Cow,pertenece a la categoria,Literature - Classics / Criticism
Diana En La Tierra Wayuu (Puertas Al Sol/Gateways to the Sun),fue publicada en el año,1995
Diana En La Tierra Wayuu (Puertas Al Sol/Gateways to the Sun),pertenece a la categoria,Action & Adventure - General
Diana En La Tierra Wayuu (Puertas Al Sol/Gateways to the Sun),pertenece a la categoria,People & Places - Central & South America
Diana En La Tierra Wayuu (Puertas Al Sol/Gateways to the Sun),pertenece a la categoria,Spanish: Grades 4-7
Diana En La Tierra Wayuu (Puertas Al Sol/Gateways to the Sun),pertenece a la categoria,Children's 9-12 - Fiction - General
Diana En La Tierra Wayuu (Puertas Al Sol/Gateways to the Sun),pertenece a la categoria,Children's Books/Ages 9-12 Fiction
Venezuela tierra magica 1990,fue publicada en el año,1991
Venezuela tierra magica 1990,pertenece a la categoria,Pictorial works
Venezuela tierra magica 1990,pertenece a la categoria,Descripciones y viajes
Venezuela tierra magica 1990,pertenece a la categoria,Libros de laminas
Sé,fue publicada en el año,2009
Lo silencioso vigila,fue publicada en el año,2021
Lo silencioso vigila,pertenece a la categoria,Venezuelan literature
No o nadie 2012-2014,fue publicada en el año,2014
...Y ya,fue publicada en el año,2011
La misma vez,fue publicada en el año,2013
Las hojas de las palabras,fue publicada en el año,2014
Las hojas de las palabras,pertenece a la categoria,History
Jueves,fue publicada en el año,1998
La lectura común,fue publicada en el año,2009
Andres Bello y la historia,fue publicada en el año,2004
Andres Bello y la historia,pertenece a la categoria,Historiography
Andres Bello y la historia,pertenece a la categoria,History
Andres Bello y la historia,pertenece a la categoria,English Philosophy
Obras selectas,fue publicada en el año,1962
Prosas sin finalidad (1923-1944),fue publicada en el año,2010
Obras selectas,fue publicada en el año,1962
Intemperie,fue publicada en el año,2011
En torno al lenguaje,fue publicada en el año,1985
En torno al lenguaje,pertenece a la categoria,Language and languages.
En torno a Basho y otros asuntos,fue publicada en el año,2016
En torno al lenguaje,fue publicada en el año,1997
En torno al lenguaje,pertenece a la categoria,Language and languages
En torno al lenguaje,fue publicada en el año,2002
En torno al lenguaje,pertenece a la categoria,Language and languages.
Los cuadernos del destierro,fue publicada en el año,1960
Realidad y literatura,fue publicada en el año,1979
Realidad y literatura,pertenece a la categoria,"Keats, John, 1795-1821 -- Criticism and interpretation."
Realidad y literatura,pertenece a la categoria,English literature -- History and criticism.
Realidad y literatura,pertenece a la categoria,Reality in literature.
Dichos,fue publicada en el año,2010
Doña Barbara,fue publicada en el año,1945
Dona Barbara,fue publicada en el año,1930
Cantaclaro,fue publicada en el año,1943
Canaima,fue publicada en el año,1936
Dona Barbara (Coleccion obras maestras),fue publicada en el año,2007
Dona Barbara (Coleccion obras maestras),pertenece a la categoria,Classics
Dona Barbara (Coleccion obras maestras),pertenece a la categoria,Fiction / Classics
Dona Barbara (Coleccion obras maestras),pertenece a la categoria,Fiction
Dona Barbara (Coleccion obras maestras),pertenece a la categoria,Literature - Classics / Criticism
Dona Barbara (Coleccion obras maestras),pertenece a la categoria,Spanish: Adult Fiction
Doña Barbara,fue publicada en el año,1967
Cuentos Completos,fue publicada en el año,2013
Canaima,fue publicada en el año,1976
Do na Barbara,fue publicada en el año,1991
Do na Barbara,pertenece a la categoria,NOVELAS VENEZOLANAS
La Rebelión,fue publicada en el año,2007
La Rebelión,pertenece a la categoria,Literary Collections / General
Dona Barbara,fue publicada en el año,2011
Dona Barbara,pertenece a la categoria,"Fiction, family life, general"
Dona Barbara,pertenece a la categoria,"Mothers and daughters, fiction"
Dona Barbara,pertenece a la categoria,"Venezuela, fiction"
Cantaclaro,fue publicada en el año,1977
Dona Barbara,fue publicada en el año,1942
Don a Ba rbara,fue publicada en el año,1985
Dona Barbara,fue publicada en el año,1990
Canaima,fue publicada en el año,1941
Paleografías,fue publicada en el año,2010
Frida Kahlo,fue publicada en el año,2004
Frida Kahlo,pertenece a la categoria,Biographies & Memoirs / Biographies
Frida Kahlo,pertenece a la categoria,General
Frida Kahlo,pertenece a la categoria,Biography & Autobiography
Frida Kahlo,pertenece a la categoria,1886-1957
Frida Kahlo,pertenece a la categoria,"Kahlo, Frida"
Frida Kahlo,pertenece a la categoria,"Rivera, Diego,"
Frida Kahlo,pertenece a la categoria,Spanish: Adult Nonfiction
Tirofijo,fue publicada en el año,2004
Tirofijo,fue publicada en el año,2004
"Manuel Marulanda, Tirofijo",fue publicada en el año,2008
"Manuel Marulanda, Tirofijo",pertenece a la categoria,Politics and government
"Manuel Marulanda, Tirofijo",pertenece a la categoria,Guerrillas
"Manuel Marulanda, Tirofijo",pertenece a la categoria,Fuerzas Armadas Revolucionarias de Colombia
"Manuel Marulanda, Tirofijo",pertenece a la categoria,Biography
El caballo y su sombra,fue publicada en el año,2003
El caballo y su sombra,pertenece a la categoria,Juvenile Fiction
El caballo y su sombra,pertenece a la categoria,Children's Books/Ages 9-12 Fiction
El caballo y su sombra,pertenece a la categoria,Spanish: Grades 3-4
El caballo y su sombra,pertenece a la categoria,General
El caballo y su sombra,pertenece a la categoria,Children's 9-12
El cadáver insepulto,fue publicada en el año,2005
El cadáver insepulto,pertenece a la categoria,Political crimes and offenses -- Colombia -- Fiction.
El cadáver insepulto,pertenece a la categoria,Assassination -- Colombia -- Fiction.
El cadáver insepulto,pertenece a la categoria,Bogotá (Colombia) -- History -- Fiction.
El Caiman sonador,fue publicada en el año,2003
El Caiman sonador,pertenece a la categoria,Juvenile Fiction
El Caiman sonador,pertenece a la categoria,Children's Books/Ages 9-12 Fiction
El Caiman sonador,pertenece a la categoria,Spanish: Grades 3-4
El Caiman sonador,pertenece a la categoria,General
El Caiman sonador,pertenece a la categoria,Children's All Ages
Tirofijo - Los Sueos y Las Montaas,fue publicada en el año,1998
Tirofijo - Los Sueos y Las Montaas,pertenece a la categoria,General
Tirofijo - Los Sueos y Las Montaas,pertenece a la categoria,Biography / Autobiography
Tirofijo,fue publicada en el año,1989
Tirofijo,pertenece a la categoria,"Marulanda Vélez, Manuel."
Tirofijo,pertenece a la categoria,"Government, Resistance to -- Colombia -- History -- 20th century."
Tirofijo,pertenece a la categoria,Guerrillas -- Colombia -- History -- 20th century -- Biography.
Tirofijo,pertenece a la categoria,Colombia -- Politics and government -- 1946-1974.
"Conflicto interno, fronteras y crisis diplomática",fue publicada en el año,2008
"Conflicto interno, fronteras y crisis diplomática",pertenece a la categoria,Politics and government
"Conflicto interno, fronteras y crisis diplomática",pertenece a la categoria,Boundaries
"Conflicto interno, fronteras y crisis diplomática",pertenece a la categoria,Political violence
"Conflicto interno, fronteras y crisis diplomática",pertenece a la categoria,Foreign relations
"Conflicto interno, fronteras y crisis diplomática",pertenece a la categoria,Insurgency
"Terrorismo, globalización y Estados-Nación",fue publicada en el año,2007
"Terrorismo, globalización y Estados-Nación",pertenece a la categoria,Terrorism
"Terrorismo, globalización y Estados-Nación",pertenece a la categoria,Globalization
Terrorismo internacional y nuevo orden mundial,fue publicada en el año,2009
Terrorismo internacional y nuevo orden mundial,pertenece a la categoria,Terrorism
Terrorismo internacional y nuevo orden mundial,pertenece a la categoria,World politics
Terrorismo internacional y nuevo orden mundial,pertenece a la categoria,International relations and terrorism
Protocolo Tairona,fue publicada en el año,2007
Protocolo Tairona,pertenece a la categoria,Tairona Indians
Protocolo Tairona,pertenece a la categoria,Indians of South America -- Colombia -- Santa Marta Range
Protocolo Tairona,pertenece a la categoria,Tairona Indians -- Social life and customs
Protocolo Tairona,pertenece a la categoria,Tairona Indians -- Medicine -- Colombia -- Santa Marta Range
Protocolo Tairona,pertenece a la categoria,Indian astronomy -- Colombia -- Santa Marta Range
Protocolo Tairona,pertenece a la categoria,Santa Marta Range (Colombia) -- Social life and customs
Protocolo Tairona,pertenece a la categoria,Santa Marta Range -- Antiquities
Abdúl Amán y su mujer Isabel Paredes,fue publicada en el año,2015
Todas las salidas del tren,fue publicada en el año,2018
Todas las salidas del tren,pertenece a la categoria,Railroad travel
Todas las salidas del tren,pertenece a la categoria,Fiction
Todas las salidas del tren,pertenece a la categoria,Colombian fiction
La mujer de Ameghino : un inventario enloquecido de Buenos Aires,fue publicada en el año,2014
Cuentos judíos. Los viajeros,fue publicada en el año,2017
Cuentos judíos. Los viajeros,pertenece a la categoria,Jewish literature
Cuentos judíos. Los viajeros,pertenece a la categoria,Translations into Spanish
Zürich es una letra álef,fue publicada en el año,2012
"Libreta de apuntes de Yehuda Malaji, relojero sefardí",fue publicada en el año,2011
Obra,fue publicada en el año,2014
Dos Antologías Nadaístas,fue publicada en el año,2013
Cartas a Julieta (1950),fue publicada en el año,2015
Cartas a Julieta (1950),pertenece a la categoria,Correspondence
Cartas a Julieta (1950),pertenece a la categoria,Colombian Authors
Primer manifiesto nadaísta y otros textos,fue publicada en el año,2013
Primer manifiesto nadaísta y otros textos,pertenece a la categoria,Colombian poetry
Primer manifiesto nadaísta y otros textos,pertenece a la categoria,History and criticism
Primer manifiesto nadaísta y otros textos,pertenece a la categoria,Nadaísmo (Literary movement)
El país de los árboles locos,fue publicada en el año,2005
El país de los árboles locos,fue publicada en el año,2004
Criatura perdida,fue publicada en el año,2000
Un tal Cortázar,fue publicada en el año,1987
Un tal Cortázar,pertenece a la categoria,"Cortázar, Julio."
Un tal Cortázar,pertenece a la categoria,"Authors, Argentine -- 20th century -- Biography."
El origen del mundo,fue publicada en el año,2010
El origen del mundo,fue publicada en el año,2010
El más absurdo de todos los personajes,fue publicada en el año,2010
El más absurdo de todos los personajes,pertenece a la categoria,"Creation (Literary, artistic, etc.)"
El más absurdo de todos los personajes,pertenece a la categoria,Spanish American fiction
El más absurdo de todos los personajes,pertenece a la categoria,Characters and characteristics in literature
El más absurdo de todos los personajes,pertenece a la categoria,Absurd (Philosophy) in literature
El más absurdo de todos los personajes,pertenece a la categoria,History and criticism
Poesía completa,fue publicada en el año,2009
Este lugar de la noche,fue publicada en el año,1984
Palonegro...,fue publicada en el año,2023
Cuentos,fue publicada en el año,2019
Dulce animal de compañía,fue publicada en el año,2019
Mujeres muertas de amor,fue publicada en el año,2008
Letras robadas,fue publicada en el año,2013
Letras robadas,pertenece a la categoria,Letters
Letras robadas,pertenece a la categoria,Fiction
Letras robadas,pertenece a la categoria,Shopping
Letras robadas,pertenece a la categoria,Eccentrics and eccentricities
Letras robadas,pertenece a la categoria,Mice
Letras robadas,pertenece a la categoria,Spanish language materials
Letras robadas,pertenece a la categoria,Alphabet
Letras robadas,pertenece a la categoria,Juvenile fiction
Letras robadas,pertenece a la categoria,Alfabeto
Letras robadas,pertenece a la categoria,Novela juvenil
Letras robadas,pertenece a la categoria,Compras (Mercado)
Letras robadas,pertenece a la categoria,Excentricos y excentricidades
Letras robadas,pertenece a la categoria,Ratones
Letras robadas,pertenece a la categoria,Imagination
Letras robadas,pertenece a la categoria,Lesen
El rabo de Paco,fue publicada en el año,2011
El rabo de Paco,pertenece a la categoria,Learning
El rabo de Paco,pertenece a la categoria,Juvenile fiction
El rabo de Paco,pertenece a la categoria,Self-acceptance
El rabo de Paco,pertenece a la categoria,"Children's stories, Spanish"
El rabo de Paco,pertenece a la categoria,Objetos perdidos
El rabo de Paco,pertenece a la categoria,Novela juvenil
El rabo de Paco,pertenece a la categoria,Aventuras
El rabo de Paco,pertenece a la categoria,Felicidad
Noticias de la niebla,fue publicada en el año,2003
Noticias de la niebla,pertenece a la categoria,Triumph
Señoras y Señores,fue publicada en el año,2007
Caperucita roja y otras historias perversas,fue publicada en el año,1996
Caperucita roja y otras historias perversas,pertenece a la categoria,Juvenile Fiction
Caperucita roja y otras historias perversas,pertenece a la categoria,Children's Books/Ages 9-12 Fiction
Caperucita roja y otras historias perversas,pertenece a la categoria,Spanish: Young Adult (Gr. 7-9)
Caperucita roja y otras historias perversas,pertenece a la categoria,General
Despues de la Lluvia (Primer Acto: Teatro Infantil y Juvenil),fue publicada en el año,2003
Despues de la Lluvia (Primer Acto: Teatro Infantil y Juvenil),pertenece a la categoria,General
Despues de la Lluvia (Primer Acto: Teatro Infantil y Juvenil),pertenece a la categoria,Juvenile Fiction
Despues de la Lluvia (Primer Acto: Teatro Infantil y Juvenil),pertenece a la categoria,Children's Books/Ages 9-12 Fiction
Despues de la Lluvia (Primer Acto: Teatro Infantil y Juvenil),pertenece a la categoria,Spanish: Grades 3-4
El Jardin del Unicornio,fue publicada en el año,2003
El Jardin del Unicornio,pertenece a la categoria,General
El Jardin del Unicornio,pertenece a la categoria,Literary Collections
El Jardin del Unicornio,pertenece a la categoria,Children's Books/Ages 9-12 Fiction
El Jardin del Unicornio,pertenece a la categoria,Spanish: Adult Fiction
El Leon Que Escribia Cartas de Amor,fue publicada en el año,1998
El leon que escribia cartas de amor (Colección OA),fue publicada en el año,2003
El leon que escribia cartas de amor (Colección OA),pertenece a la categoria,General
El leon que escribia cartas de amor (Colección OA),pertenece a la categoria,Children's Books / 9-12 Years
El leon que escribia cartas de amor (Colección OA),pertenece a la categoria,Juvenile Fiction
El leon que escribia cartas de amor (Colección OA),pertenece a la categoria,Children's 4-8 - Fiction - General
El leon que escribia cartas de amor (Colección OA),pertenece a la categoria,Children's Books/Ages 9-12 Fiction
El leon que escribia cartas de amor (Colección OA),pertenece a la categoria,Spanish: Grades 1-2
El Pirata Pata de Palo (Primer Acto: Teatro Infantil y Juvenil) (Primer Acto: Teatro Infantil y Juvenil),fue publicada en el año,1997
El Pirata Pata de Palo (Primer Acto: Teatro Infantil y Juvenil) (Primer Acto: Teatro Infantil y Juvenil),pertenece a la categoria,General
El Pirata Pata de Palo (Primer Acto: Teatro Infantil y Juvenil) (Primer Acto: Teatro Infantil y Juvenil),pertenece a la categoria,Children's Books / 9-12 Years
El Pirata Pata de Palo (Primer Acto: Teatro Infantil y Juvenil) (Primer Acto: Teatro Infantil y Juvenil),pertenece a la categoria,Juvenile Fiction
El Pirata Pata de Palo (Primer Acto: Teatro Infantil y Juvenil) (Primer Acto: Teatro Infantil y Juvenil),pertenece a la categoria,Children's Books/Ages 9-12 Fiction
El Pirata Pata de Palo (Primer Acto: Teatro Infantil y Juvenil) (Primer Acto: Teatro Infantil y Juvenil),pertenece a la categoria,Spanish: Grades 3-4
El Super burro y otros heroes,fue publicada en el año,2003
El Super burro y otros heroes,pertenece a la categoria,General
El Super burro y otros heroes,pertenece a la categoria,Juvenile Fiction
El Super burro y otros heroes,pertenece a la categoria,Children's 9-12 - Fiction - General
El Super burro y otros heroes,pertenece a la categoria,Children's Books/Ages 9-12 Fiction
El Super burro y otros heroes,pertenece a la categoria,Spanish: Grades 4-7
El Vampiro Y Otra Visitas/the Vampier And Other Visits,fue publicada en el año,2000
El Vampiro Y Otra Visitas/the Vampier And Other Visits,pertenece a la categoria,Interactive Adventure
El Vampiro Y Otra Visitas/the Vampier And Other Visits,pertenece a la categoria,Horror & Ghost Stories
El Vampiro Y Otra Visitas/the Vampier And Other Visits,pertenece a la categoria,Juvenile Fiction
El Vampiro Y Otra Visitas/the Vampier And Other Visits,pertenece a la categoria,Children's Books/Baby-Preschool
El Vampiro Y Otra Visitas/the Vampier And Other Visits,pertenece a la categoria,Spanish: Grades 2-3
Girar (Cuentos Portatiles),fue publicada en el año,2004
Girar (Cuentos Portatiles),pertenece a la categoria,Short Stories
Girar (Cuentos Portatiles),pertenece a la categoria,Juvenile Fiction
Girar (Cuentos Portatiles),pertenece a la categoria,Spanish: Grades 3-4
La caja de las lagrimas,fue publicada en el año,2007
La caja de las lagrimas,pertenece a la categoria,Spanish: Grades 4-7
La caja de las lagrimas,pertenece a la categoria,Juvenile Fiction
La caja de las lagrimas,pertenece a la categoria,Children's Books/Ages 4-8 Fiction
La caja de las lagrimas,pertenece a la categoria,Readers - Intermediate
La caja de las lagrimas,pertenece a la categoria,Juvenile Fiction / Readers / Intermediate
La caja de las lagrimas,pertenece a la categoria,Animals - Horses
La Gota de Agua (Que Pase el Tren) (Que Pase el Tren),fue publicada en el año,2003
La Gota de Agua (Que Pase el Tren) (Que Pase el Tren),pertenece a la categoria,General
La Gota de Agua (Que Pase el Tren) (Que Pase el Tren),pertenece a la categoria,Juvenile Fiction
La Gota de Agua (Que Pase el Tren) (Que Pase el Tren),pertenece a la categoria,Children's Books/Ages 9-12 Fiction
La Gota de Agua (Que Pase el Tren) (Que Pase el Tren),pertenece a la categoria,Spanish: Grades 1-2
La media perdida,fue publicada en el año,2002
La media perdida,pertenece a la categoria,General
La media perdida,pertenece a la categoria,Juvenile Fiction
La media perdida,pertenece a la categoria,Children's Books/Ages 9-12 Fiction
La media perdida,pertenece a la categoria,Fiction
La media perdida,pertenece a la categoria,Hosiery
La media perdida,pertenece a la categoria,Lost and found possessions
La media perdida,pertenece a la categoria,Spanish language materials
La media perdida,pertenece a la categoria,Spanish: Grades 1-2
La Muchacha de Transilvania,fue publicada en el año,1995
La Muchacha de Transilvania,pertenece a la categoria,General
La Muchacha de Transilvania,pertenece a la categoria,Juvenile Fiction
La Muchacha de Transilvania,pertenece a la categoria,Children's Books/Ages 9-12 Fiction
La Muchacha de Transilvania,pertenece a la categoria,Spanish: Grades 4-7
La Silla que Perdio una Pata,fue publicada en el año,2003
La Silla que Perdio una Pata,pertenece a la categoria,General
La Silla que Perdio una Pata,pertenece a la categoria,Juvenile Fiction
La Silla que Perdio una Pata,pertenece a la categoria,Children's Books/Ages 9-12 Fiction
La Silla que Perdio una Pata,pertenece a la categoria,Spanish: Grades 4-7
Los Casabandidos Que Casi Roban El Sol,fue publicada en el año,2000
Los Casabandidos Que Casi Roban El Sol,pertenece a la categoria,Interactive Adventure
Los Casabandidos Que Casi Roban El Sol,pertenece a la categoria,Juvenile Fiction
Los Casabandidos Que Casi Roban El Sol,pertenece a la categoria,Children's All Ages
Los Casabandidos Que Casi Roban El Sol,pertenece a la categoria,Children's Books/All Ages
Los Casibandidos Que Casi Roban El Sol,fue publicada en el año,2001
Los Casibandidos Que Casi Roban El Sol,pertenece a la categoria,Interactive Adventure
Los Casibandidos Que Casi Roban El Sol,pertenece a la categoria,Children's Books/Ages 9-12 Fiction
Los olvidos de Alejandra,fue publicada en el año,2005
Los olvidos de Alejandra,pertenece a la categoria,Social Issues - Manners & Etiquette
Los olvidos de Alejandra,pertenece a la categoria,Juvenile Fiction
Los olvidos de Alejandra,pertenece a la categoria,Spanish: Grades 1-2
Lucy es pecosa (Primer Acto: Teatro Infantil y Juvenil) (Primer Acto: Teatro Infantil y Juvenil),fue publicada en el año,1997
Lucy es pecosa (Primer Acto: Teatro Infantil y Juvenil) (Primer Acto: Teatro Infantil y Juvenil),pertenece a la categoria,Fiction
Lucy es pecosa (Primer Acto: Teatro Infantil y Juvenil) (Primer Acto: Teatro Infantil y Juvenil),pertenece a la categoria,General
Lucy es pecosa (Primer Acto: Teatro Infantil y Juvenil) (Primer Acto: Teatro Infantil y Juvenil),pertenece a la categoria,Juvenile Fiction
Lucy es pecosa (Primer Acto: Teatro Infantil y Juvenil) (Primer Acto: Teatro Infantil y Juvenil),pertenece a la categoria,Children's Books/Ages 9-12 Fiction
Lucy es pecosa (Primer Acto: Teatro Infantil y Juvenil) (Primer Acto: Teatro Infantil y Juvenil),pertenece a la categoria,Spanish: Grades 3-4
Mama No es una Gallina,fue publicada en el año,2003
Mama No es una Gallina,pertenece a la categoria,Humorous Stories
Mama No es una Gallina,pertenece a la categoria,General
Mama No es una Gallina,pertenece a la categoria,Juvenile Fiction
Mama No es una Gallina,pertenece a la categoria,Children's 4-8 - Fiction - General
Mama No es una Gallina,pertenece a la categoria,Children's Books/Ages 9-12 Fiction
Mama No es una Gallina,pertenece a la categoria,Spanish: Young Adult (Gr. 7-9)
Mambru se Fue a la Guerra (Primer Acto: Teatro Infantil y Juvenil),fue publicada en el año,2003
Mambru se Fue a la Guerra (Primer Acto: Teatro Infantil y Juvenil),pertenece a la categoria,General
Mambru se Fue a la Guerra (Primer Acto: Teatro Infantil y Juvenil),pertenece a la categoria,Juvenile Fiction
Mambru se Fue a la Guerra (Primer Acto: Teatro Infantil y Juvenil),pertenece a la categoria,Children's Books/Ages 9-12 Fiction
Mambru se Fue a la Guerra (Primer Acto: Teatro Infantil y Juvenil),pertenece a la categoria,Spanish: Grades 3-4
Pecas,fue publicada en el año,2003
Pecas,pertenece a la categoria,General
Pecas,pertenece a la categoria,Juvenile Fiction
Pecas,pertenece a la categoria,Children's Books/Ages 9-12 Fiction
Pecas,pertenece a la categoria,Spanish: Grades 1-2
Roberto Esta Loco/roberto Is Crazy,fue publicada en el año,2005
Roberto Esta Loco/roberto Is Crazy,pertenece a la categoria,Fairy Tales & Folklore - General
Roberto Esta Loco/roberto Is Crazy,pertenece a la categoria,Juvenile Fiction
Roberto Esta Loco/roberto Is Crazy,pertenece a la categoria,Spanish: Kindergarten
SerafÃ­n es un diablo,fue publicada en el año,1998
SerafÃ­n es un diablo,pertenece a la categoria,Fiction
SerafÃ­n es un diablo,pertenece a la categoria,Children's 9-12 - Fiction - General
SerafÃ­n es un diablo,pertenece a la categoria,Children's Books/Ages 9-12 Fiction
SerafÃ­n es un diablo,pertenece a la categoria,Spanish: Adult Fiction
SerafÃ­n es un diablo,pertenece a la categoria,Humorous Stories
SerafÃ­n es un diablo,pertenece a la categoria,Children's Books / 9-12 Years
SerafÃ­n es un diablo,pertenece a la categoria,General
Tres tristes tigres / Three Sad Tigers (Colección Bilingue) (Bilingual Colection),fue publicada en el año,2004
Tres tristes tigres / Three Sad Tigers (Colección Bilingue) (Bilingual Colection),pertenece a la categoria,Social Issues - Emotions & Feelings
Tres tristes tigres / Three Sad Tigers (Colección Bilingue) (Bilingual Colection),pertenece a la categoria,Children's Books / 4-8 Years
Tres tristes tigres / Three Sad Tigers (Colección Bilingue) (Bilingual Colection),pertenece a la categoria,General
Tres tristes tigres / Three Sad Tigers (Colección Bilingue) (Bilingual Colection),pertenece a la categoria,Juvenile Fiction
Tres tristes tigres / Three Sad Tigers (Colección Bilingue) (Bilingual Colection),pertenece a la categoria,Children's Books/Ages 9-12 Fiction
Tres tristes tigres / Three Sad Tigers (Colección Bilingue) (Bilingual Colection),pertenece a la categoria,Spanish: Young Adult (Gr. 7-9)
Vaca de Octavio: La y La-araña sube al monte (Primer Acto: Teatro Infantil y Juvenil),fue publicada en el año,1997
Vaca de Octavio: La y La-araña sube al monte (Primer Acto: Teatro Infantil y Juvenil),pertenece a la categoria,Fiction
Vaca de Octavio: La y La-araña sube al monte (Primer Acto: Teatro Infantil y Juvenil),pertenece a la categoria,General
Vaca de Octavio: La y La-araña sube al monte (Primer Acto: Teatro Infantil y Juvenil),pertenece a la categoria,Juvenile Fiction
Vaca de Octavio: La y La-araña sube al monte (Primer Acto: Teatro Infantil y Juvenil),pertenece a la categoria,Children's Books/Ages 9-12 Fiction
Vaca de Octavio: La y La-araña sube al monte (Primer Acto: Teatro Infantil y Juvenil),pertenece a la categoria,Spanish: Grades 3-4
"Vampiro y Otras Visitas, El",fue publicada en el año,2000
"Vampiro y Otras Visitas, El",pertenece a la categoria,Interactive Adventure
"Vampiro y Otras Visitas, El",pertenece a la categoria,Juvenile Fiction
"Vampiro y Otras Visitas, El",pertenece a la categoria,Children's Baby/Preschool
"Vampiro y Otras Visitas, El",pertenece a la categoria,Children's Books/Baby-Preschool
Yo Claudia (Castillo de la Lectura Preschool),fue publicada en el año,2006
Yo Claudia (Castillo de la Lectura Preschool),pertenece a la categoria,Preschool Picture Story Books
Yo Claudia (Castillo de la Lectura Preschool),pertenece a la categoria,Juvenile Fiction
Yo Claudia (Castillo de la Lectura Preschool),pertenece a la categoria,Children's Books/Baby-Preschool
Yo Claudia (Castillo de la Lectura Preschool),pertenece a la categoria,Spanish: Kindergarten
Yo Claudia (Castillo de la Lectura Preschool),pertenece a la categoria,General
Yo Claudia (Castillo de la Lectura Preschool),pertenece a la categoria,Juvenile Fiction / Readers / Beginner
Yo Claudia (Castillo de la Lectura Preschool),pertenece a la categoria,Fiction
Yo Claudia (Castillo de la Lectura Preschool),pertenece a la categoria,Royalty (kings  queens  princes  princesses  knights  etc.)
Yo Claudia (Castillo de la Lectura Preschool),pertenece a la categoria,Literary
Las manzanas del paraíso,fue publicada en el año,2009
Babel,fue publicada en el año,2009
"Justo Arosemena, manuscritos y vivencias",fue publicada en el año,1985
"Justo Arosemena, manuscritos y vivencias",pertenece a la categoria,Politicians
"Justo Arosemena, manuscritos y vivencias",pertenece a la categoria,Biography
"Justo Arosemena, manuscritos y vivencias",pertenece a la categoria,Correspondence
"Justo Arosemena, manuscritos y vivencias",pertenece a la categoria,Politics and government
La cuestión americana,fue publicada en el año,2011
La cuestión americana,pertenece a la categoria,Foreign relations
La cuestión americana,pertenece a la categoria,History
De la vida que pasa,fue publicada en el año,2008
De la vida que pasa,pertenece a la categoria,Politics and government
De la vida que pasa,pertenece a la categoria,Social life and customs
De la vida que pasa,pertenece a la categoria,Criticism and interpretation
De la vida que pasa,pertenece a la categoria,Manners and customs
Morada al sur,fue publicada en el año,1975
Morada al sur,fue publicada en el año,1963
Primeras impresiones,fue publicada en el año,2019
Primeras impresiones,pertenece a la categoria,Colombian Short stories
Primeras impresiones,pertenece a la categoria,Colombian literature
Había una vez en Barranquilla,fue publicada en el año,2013
Había una vez en Barranquilla,pertenece a la categoria,Social life and customs
Cómo llegar a ser japonés,fue publicada en el año,2010
Deborah Kruel,fue publicada en el año,2011
Deborah Kruel,pertenece a la categoria,Women Nazis
Deborah Kruel,pertenece a la categoria,Fiction
Crónicas casi históricas,fue publicada en el año,2007
Escribir en Barranquilla,fue publicada en el año,1998
Escribir en Barranquilla,pertenece a la categoria,Colombian literature -- Colombia -- Barranquilla -- History and criticism
Escribir en Barranquilla,pertenece a la categoria,Colombian literature -- 20th century -- History and criticism
Torquemada en el infierno,fue publicada en el año,2012
Las guerras de Pasto,fue publicada en el año,1979
The Beatles,fue publicada en el año,2003
The Beatles,pertenece a la categoria,Composers & Musicians - General
The Beatles,pertenece a la categoria,Biography & Autobiography
The Beatles,pertenece a la categoria,Spanish: Adult Nonfiction
#ConSentidoComun 2,fue publicada en el año,2015
#ConSentidoComun 2 (Version en Color),fue publicada en el año,2016
#ConSentidoComún,fue publicada en el año,2014
Prohibido decir toda la Verdad,fue publicada en el año,2009
Prohibido decir toda la Verdad,pertenece a la categoria,Drug traffic
Prohibido decir toda la Verdad,pertenece a la categoria,Militia movements
Prohibido decir toda la Verdad,pertenece a la categoria,"Colombia, politics and government"
Koku-yó mensajero del sol,fue publicada en el año,1988
Koku-yó mensajero del sol,pertenece a la categoria,"Children's stories, Spanish"
El Dorado en el Amazonas,fue publicada en el año,2009
El Dorado en el Amazonas,pertenece a la categoria,El Dorado
El Dorado en el Amazonas,pertenece a la categoria,Fiction
Antología de cuentos,fue publicada en el año,2010
Antología de cuentos,pertenece a la categoria,Colombian Short stories
Antología de cuentos,pertenece a la categoria,Colombian fiction
Antología de obras de teatro,fue publicada en el año,2010
Antología de obras de teatro,pertenece a la categoria,Colombian drama
Migas de pan,fue publicada en el año,2013
Migas de pan,pertenece a la categoria,Ransom
Migas de pan,pertenece a la categoria,Secuestro
Migas de pan,pertenece a la categoria,Kidnapping
Migas de pan,pertenece a la categoria,Families
Migas de pan,pertenece a la categoria,Familias
Migas de pan,pertenece a la categoria,Rescate
Migas de pan,pertenece a la categoria,Holocaust survivors
Migas de pan,pertenece a la categoria,Fiction
Migas de pan,pertenece a la categoria,Ficción
Migas de pan,pertenece a la categoria,Sobrevivientes del Holocausto
Gustave Flaubert Historia De Una Cama,fue publicada en el año,2004
Gustave Flaubert Historia De Una Cama,pertenece a la categoria,General
Gustave Flaubert Historia De Una Cama,pertenece a la categoria,Biographies & Memoirs / Biographies
Gustave Flaubert Historia De Una Cama,pertenece a la categoria,Biography & Autobiography
Gustave Flaubert Historia De Una Cama,pertenece a la categoria,History - General History
Gustave Flaubert Historia De Una Cama,pertenece a la categoria,Spanish: Adult Nonfiction
El triunfo de la muerte,fue publicada en el año,2010
Relojero,fue publicada en el año,2017
La comunidad política vitalista,fue publicada en el año,2008
Hermenéutica jurídica,fue publicada en el año,1997
Diario de trabajo,fue publicada en el año,2007
Crónicas y relatos,fue publicada en el año,2009
Diario de trabajo,fue publicada en el año,2007
Diario de trabajo,pertenece a la categoria,"Buenaventura, Enrique -- Diaries."
Diario de trabajo,pertenece a la categoria,"Authors, Colombian -- 20th century -- Diaries."
Crónicas y relatos,fue publicada en el año,2009
Orillas,fue publicada en el año,2019
Cuentos,fue publicada en el año,2015
Cuentos,pertenece a la categoria,Colombian Short stories
Una siempre es la misma,fue publicada en el año,2009
La ceiba de la memoria,fue publicada en el año,2007
Memoria sin guardianes,fue publicada en el año,2009
Memoria sin guardianes,pertenece a la categoria,Interviews
Memoria sin guardianes,pertenece a la categoria,Criticism and interpretation
Cuentos colombianos,fue publicada en el año,1989
"Lo amador, cuentos",fue publicada en el año,2016
Señas particulares,fue publicada en el año,2001
Señas particulares,pertenece a la categoria,"Burgos Cantor, Roberto."
Señas particulares,pertenece a la categoria,"Authors, Colombian -- 20th century -- Biography."
Rutas de libertad,fue publicada en el año,2010
Rutas de libertad,pertenece a la categoria,Cultural assimilation
Rutas de libertad,pertenece a la categoria,Blacks
Ese silencio,fue publicada en el año,2010
De la dificultad para atrapar una mosca,fue publicada en el año,2008
Sacrificiales,fue publicada en el año,2007
Sacrificiales,pertenece a la categoria,Colombian literature
Sacrificiales,pertenece a la categoria,Colombian poetry
Sacrificiales,pertenece a la categoria,Poesias (Colombia)
Muerte y levitación de la ballena,fue publicada en el año,2010
Obra poética,fue publicada en el año,2010
Obra poética,fue publicada en el año,2010
Klim ciento por ciento,fue publicada en el año,2013
Tratado de cielo para jóvenes poetas,fue publicada en el año,2008
El bosque desnundo,fue publicada en el año,2013
Pequeña historia de la fotografía,fue publicada en el año,2013
Los ojos deseados,fue publicada en el año,2011
República del viento,fue publicada en el año,2012
República del viento,pertenece a la categoria,Colombian poetry
La nada (Colección de poesia),fue publicada en el año,2000
Lewis Carroll Los Juegos del Lenguaje (100 Personajes) (100 Personajes),fue publicada en el año,2005
Lewis Carroll Los Juegos del Lenguaje (100 Personajes) (100 Personajes),pertenece a la categoria,Biographies & Memoirs / Biographies
Heráclito inasible,fue publicada en el año,2010
Disidentes o mercenarios?,fue publicada en el año,1998
Disidentes o mercenarios?,pertenece a la categoria,1959-
Disidentes o mercenarios?,pertenece a la categoria,"Government, Resistance to"
Disidentes o mercenarios?,pertenece a la categoria,History
Disidentes o mercenarios?,pertenece a la categoria,Cuba
Disidentes o mercenarios?,pertenece a la categoria,Relations
Disidentes o mercenarios?,pertenece a la categoria,Politics and government
Disidentes o mercenarios?,pertenece a la categoria,United States
"Colombia, laboratorio de embrujos",fue publicada en el año,2008
"Colombia, laboratorio de embrujos",pertenece a la categoria,State-sponsored terrorism -- Colombia
"Colombia, laboratorio de embrujos",pertenece a la categoria,Political violence -- Colombia
"Colombia, laboratorio de embrujos",pertenece a la categoria,Colombia -- Politics and government -- 1974-
"Colombia, laboratorio de embrujos",pertenece a la categoria,Guerrillas -- Colombia
Disidentes o mercenarios?,fue publicada en el año,2000
Disidentes o mercenarios?,pertenece a la categoria,Counterrevolutionaries -- Cuba -- Interviews
Disidentes o mercenarios?,pertenece a la categoria,Cuba -- History -- 1959-
El terrorismo de estado en Colombia,fue publicada en el año,2007
El terrorismo de estado en Colombia,pertenece a la categoria,State-sponsored terrorism -- Colombia.
El terrorismo de estado en Colombia,pertenece a la categoria,Political violence -- Colombia.
El terrorismo de estado en Colombia,pertenece a la categoria,Colombia -- Politics and government -- 1974-
Salsa. Esa Irreverente Alegria,fue publicada en el año,1996
¿Cuál es su hobby?,fue publicada en el año,2004
¿Cuál es su hobby?,pertenece a la categoria,Celebrities -- Latin America -- Interviews
¿Cuál es su hobby?,pertenece a la categoria,Hobbies -- Latin America
Cuando pase el ciego : cuentos - 1. ed.,fue publicada en el año,2014
La carne es triste : ocho cuentos de desamor y un ensayo interpretativo,fue publicada en el año,2017
El buitre y el ave Fénix,fue publicada en el año,2011
El buitre y el ave Fénix,pertenece a la categoria,Peruvian Authors
El buitre y el ave Fénix,pertenece a la categoria,Interviews
El hombre que rezo a Baudelaire (Colección Turquesa Narrativa),fue publicada en el año,2007
El hombre que rezo a Baudelaire (Colección Turquesa Narrativa),pertenece a la categoria,Short stories
El hombre que rezo a Baudelaire (Colección Turquesa Narrativa),pertenece a la categoria,Latin American Novel And Short Story
El hombre que rezo a Baudelaire (Colección Turquesa Narrativa),pertenece a la categoria,Fiction
El hombre que rezo a Baudelaire (Colección Turquesa Narrativa),pertenece a la categoria,Fiction - General
El hombre que rezo a Baudelaire (Colección Turquesa Narrativa),pertenece a la categoria,Spanish
El hombre que rezo a Baudelaire (Colección Turquesa Narrativa),pertenece a la categoria,Spanish: Adult Fiction
El hombre que rezo a Baudelaire (Colección Turquesa Narrativa),pertenece a la categoria,South America
El hombre que rezo a Baudelaire (Colección Turquesa Narrativa),pertenece a la categoria,Short Stories (single author)
El hombre que rezo a Baudelaire (Colección Turquesa Narrativa),pertenece a la categoria,Fiction / Short Stories (single author)
El pasajero Benjamin (Ilargia narrativa),fue publicada en el año,1988
La puerta del infierno,fue publicada en el año,2011
La aldea de las viudas,fue publicada en el año,2009
La aldea de las viudas,pertenece a la categoria,Literature
La aldea de las viudas,pertenece a la categoria,Utopias
La aldea de las viudas,pertenece a la categoria,Fiction
Add,fue publicada en el año,2019
Carranza con aroma de vino,fue publicada en el año,2000
Ruega por nosotros,fue publicada en el año,2015
Pequeños crímenes de amor,fue publicada en el año,2010
La sonata del peregrino,fue publicada en el año,2013
La sonata del peregrino,pertenece a la categoria,Erotic stories
La sonata del peregrino,pertenece a la categoria,Sexualidad
La sonata del peregrino,pertenece a la categoria,Ficción
La sonata del peregrino,pertenece a la categoria,Friendship
La sonata del peregrino,pertenece a la categoria,Amistad
La sonata del peregrino,pertenece a la categoria,Fiction
Analisis De Ana Karenina,fue publicada en el año,2003
Analisis De Ana Karenina,pertenece a la categoria,Spanish: Adult Nonfiction
Analisis De Ana Karenina,pertenece a la categoria,Literary Criticism
Analisis De Ana Karenina,pertenece a la categoria,Literature - Classics / Criticism
Analisis De Ana Karenina,pertenece a la categoria,General
Analisis De Cuentos De Borges,fue publicada en el año,2003
Analisis De Cuentos De Borges,pertenece a la categoria,Spanish: Adult Nonfiction
Analisis De Cuentos De Borges,pertenece a la categoria,Literary Criticism
Analisis De Cuentos De Borges,pertenece a la categoria,Literature - Classics / Criticism
Analisis De Cuentos De Borges,pertenece a la categoria,General
Analisis De El Jugador (Centro Literario),fue publicada en el año,2003
Analisis De El Jugador (Centro Literario),pertenece a la categoria,Spanish: Adult Nonfiction
Analisis De El Jugador (Centro Literario),pertenece a la categoria,Literary Criticism
Analisis De El Jugador (Centro Literario),pertenece a la categoria,Literature - Classics / Criticism
Analisis De El Jugador (Centro Literario),pertenece a la categoria,General
Analisis De Muerte En Venecia (Centro Literario),fue publicada en el año,2003
Analisis De Muerte En Venecia (Centro Literario),pertenece a la categoria,Spanish: Adult Nonfiction
Analisis De Muerte En Venecia (Centro Literario),pertenece a la categoria,Literary Criticism
Analisis De Muerte En Venecia (Centro Literario),pertenece a la categoria,Literature - Classics / Criticism
Analisis De Muerte En Venecia (Centro Literario),pertenece a la categoria,General
Hábitos nocturnos,fue publicada en el año,2008
Los Poetas Malditos Un Ensayo Libre De Culpa (Lecciones),fue publicada en el año,2003
Los Poetas Malditos Un Ensayo Libre De Culpa (Lecciones),pertenece a la categoria,Spanish: Adult Fiction
Los Poetas Malditos Un Ensayo Libre De Culpa (Lecciones),pertenece a la categoria,Literary Collections
Los Poetas Malditos Un Ensayo Libre De Culpa (Lecciones),pertenece a la categoria,Literature - Classics / Criticism
Los Poetas Malditos Un Ensayo Libre De Culpa (Lecciones),pertenece a la categoria,General
Verdadera Fórmula Millonaria,fue publicada en el año,2021
Mago de Los Ojos Azules y la Isla de Los Desterrados,fue publicada en el año,2017
Mago Terrenal,fue publicada en el año,2015
Música para Bandidos,fue publicada en el año,2019
Un librero,fue publicada en el año,2018
Un librero,pertenece a la categoria,Booksellers and bookselling
Un librero,pertenece a la categoria,Fiction
Ceniza inconclusa,fue publicada en el año,2012
La introducción del pensamiento moderno en Colombia,fue publicada en el año,2013
La introducción del pensamiento moderno en Colombia,pertenece a la categoria,Criticism and interpretation
La introducción del pensamiento moderno en Colombia,pertenece a la categoria,Economics
La introducción del pensamiento moderno en Colombia,pertenece a la categoria,Colombian Philosophy
La introducción del pensamiento moderno en Colombia,pertenece a la categoria,Intellectual life
La introducción del pensamiento moderno en Colombia,pertenece a la categoria,Social sciences
La introducción del pensamiento moderno en Colombia,pertenece a la categoria,Philosophy
La introducción del pensamiento moderno en Colombia,pertenece a la categoria,Law
Educación y mundo rural,fue publicada en el año,2015
Educación y mundo rural,pertenece a la categoria,Rural Education
Educación y mundo rural,pertenece a la categoria,Rural schools
Educación y mundo rural,pertenece a la categoria,Educational sociology
Educación y mundo rural,pertenece a la categoria,Teachers
Educación y mundo rural,pertenece a la categoria,Rural conditions
Educación y mundo rural,pertenece a la categoria,Social aspects
Historiador Joaquín Tamayo,fue publicada en el año,2022
A las puertas de El Ubérrimo,fue publicada en el año,2008
A las puertas de El Ubérrimo,pertenece a la categoria,"Uribe Vélez, Álvaro, -- 1952-"
A las puertas de El Ubérrimo,pertenece a la categoria,Paramilitary forces -- Colombia -- Córdoba (Dept.)
A las puertas de El Ubérrimo,pertenece a la categoria,Córdoba (Colombia : Dept.) -- Politics and government
A las puertas de El Ubérrimo,pertenece a la categoria,Colombia -- Politics and government -- 1974-
Revelado,fue publicada en el año,2010
Cuentos colombianos,fue publicada en el año,1989
Los cuentos de Juana,fue publicada en el año,1980
Ensayistas bogotanos,fue publicada en el año,2013
Ensayistas bogotanos,pertenece a la categoria,Colombian essays
Ensayistas bogotanos,pertenece a la categoria,Latin American poetry
Ensayistas bogotanos,pertenece a la categoria,History and criticism
Ensayistas bogotanos,pertenece a la categoria,Latin American literature
Ensayistas bogotanos,pertenece a la categoria,Latin American Art
Ensayistas bogotanos,pertenece a la categoria,Poetics
Biblionavegante,fue publicada en el año,2014
Trilogio,fue publicada en el año,2011
Las Muertes de Caín,fue publicada en el año,2011
Marguerite Yourcenar o la Profundidad,fue publicada en el año,2011
Escritura Como Pasión,fue publicada en el año,2011
El biblionavegante,fue publicada en el año,2014
La industria cafetera del Cauca,fue publicada en el año,2009
La industria cafetera del Cauca,pertenece a la categoria,Coffee industry
La industria cafetera del Cauca,pertenece a la categoria,History
La industria cafetera del Cauca,pertenece a la categoria,Economic conditions
La industria cafetera del Cauca,pertenece a la categoria,Comité Departamental de Cafeteros del Cauca
"Historia de la poesia colombiana, siglo XX",fue publicada en el año,2006
"Historia de la poesia colombiana, siglo XX",pertenece a la categoria,Poetry texts & anthologies
"Historia de la poesia colombiana, siglo XX",pertenece a la categoria,Latin American Poetry
"Historia de la poesia colombiana, siglo XX",pertenece a la categoria,Poetry
"Historia de la poesia colombiana, siglo XX",pertenece a la categoria,Spanish
"Historia de la poesia colombiana, siglo XX",pertenece a la categoria,Spanish: Adult Nonfiction
"Historia de la poesia colombiana, siglo XX",pertenece a la categoria,South America
"Historia de la poesia colombiana, siglo XX",pertenece a la categoria,Caribbean & Latin American
"Historia de la poesia colombiana, siglo XX",pertenece a la categoria,Poetry / Caribbean & Latin American
Cuerpo erotico (Coleccion Dorado),fue publicada en el año,2006
Cuerpo erotico (Coleccion Dorado),pertenece a la categoria,Poetry texts & anthologies
Cuerpo erotico (Coleccion Dorado),pertenece a la categoria,Poetry
Cuerpo erotico (Coleccion Dorado),pertenece a la categoria,Spanish: Adult Nonfiction
Cuerpo erotico (Coleccion Dorado),pertenece a la categoria,Anthologies (multiple authors)
Cuerpo erotico (Coleccion Dorado),pertenece a la categoria,Poetry / Anthologies (multiple authors)
Ignacio Gomez Jaramillo,fue publicada en el año,2005
Ignacio Gomez Jaramillo,pertenece a la categoria,Individual artists
Ignacio Gomez Jaramillo,pertenece a la categoria,20th Century Art
Ignacio Gomez Jaramillo,pertenece a la categoria,Hispanic Art
Ignacio Gomez Jaramillo,pertenece a la categoria,Art
Ignacio Gomez Jaramillo,pertenece a la categoria,Art & Art Instruction
Ignacio Gomez Jaramillo,pertenece a la categoria,Spanish: Adult Nonfiction
Ignacio Gomez Jaramillo,pertenece a la categoria,Individual Artist
Ignacio Gomez Jaramillo,pertenece a la categoria,Techniques - Painting
Ignacio Gomez Jaramillo,pertenece a la categoria,Art / Painting
Ignacio Gomez Jaramillo,pertenece a la categoria,Caribbean & Latin American
Ignacio Gomez Jaramillo,pertenece a la categoria,History - Modern (Late 19th Century to 1945)
Lengua erotica,fue publicada en el año,2005
Lengua erotica,pertenece a la categoria,Poetry texts & anthologies
Lengua erotica,pertenece a la categoria,Latin American Poetry
Lengua erotica,pertenece a la categoria,Poetry
Lengua erotica,pertenece a la categoria,Spanish
Lengua erotica,pertenece a la categoria,Spanish: Adult Nonfiction
Lengua erotica,pertenece a la categoria,South America
Lengua erotica,pertenece a la categoria,General
Lengua erotica,pertenece a la categoria,Poetry / General
Lengua erotica,pertenece a la categoria,Anthologies (multiple authors)
Fernando Botero. La plenitud de la forma (100 Personajes/Autores),fue publicada en el año,2007
Fernando Botero. La plenitud de la forma (100 Personajes/Autores),pertenece a la categoria,Juvenile Nonfiction
Fernando Botero. La plenitud de la forma (100 Personajes/Autores),pertenece a la categoria,Children's 12-Up - Biography / Autobiography
Fernando Botero. La plenitud de la forma (100 Personajes/Autores),pertenece a la categoria,Spanish: Young Adult (Gr. 7-9)
Fernando Botero. La plenitud de la forma (100 Personajes/Autores),pertenece a la categoria,Biography & Autobiography - Art
Fernando Botero. La plenitud de la forma (100 Personajes/Autores),pertenece a la categoria,Biographies & Memoirs / Biographies
Fernando Botero. La plenitud de la forma (100 Personajes/Autores),pertenece a la categoria,Biography & Autobiography - General
LA Musa Inclemente,fue publicada en el año,2001
LA Musa Inclemente,pertenece a la categoria,Spanish: Adult Nonfiction
LA Musa Inclemente,pertenece a la categoria,Poetry
LA Musa Inclemente,pertenece a la categoria,General
LA Musa Inclemente,pertenece a la categoria,Continental European
Para leer a Alvaro Mutis,fue publicada en el año,1998
"Premio Juan Rulfo, Una Decada",fue publicada en el año,2002
"Premio Juan Rulfo, Una Decada",pertenece a la categoria,Spanish American literature
"Premio Juan Rulfo, Una Decada",pertenece a la categoria,Literature - Classics / Criticism
"Premio Juan Rulfo, Una Decada",pertenece a la categoria,Collections
"Premio Juan Rulfo, Una Decada",pertenece a la categoria,Literary Collections
"Premio Juan Rulfo, Una Decada",pertenece a la categoria,Spanish: Adult Nonfiction
"Premio Juan Rulfo, Una Decada",pertenece a la categoria,Spanish language
"Premio Juan Rulfo, Una Decada",pertenece a la categoria,Reading materials
"Premio Juan Rulfo, Una Decada",pertenece a la categoria,Caribbean & Latin American
"Premio Juan Rulfo, Una Decada",pertenece a la categoria,General
"Premio Juan Rulfo, Una Decada",pertenece a la categoria,20th century
Poesía reunida,fue publicada en el año,2012
Escribir en Bogotá,fue publicada en el año,2011
Latinoamérica,fue publicada en el año,2013
Poesía,fue publicada en el año,2014
"Bogotá, años 50",fue publicada en el año,2007
"Bogotá, años 50",pertenece a la categoria,Social life and customs
"Bogotá, años 50",pertenece a la categoria,Pictorial works
"Bogotá, años 50",pertenece a la categoria,History
Cruce de lecturas - 1. edición.,fue publicada en el año,2009
Poemas ilustrados,fue publicada en el año,2008
El arte de leer a García Márquez,fue publicada en el año,2008
El arte de leer a García Márquez,pertenece a la categoria,"García Márquez, Gabriel, -- 1928- -- Criticism and interpretation"
Selección Samper Ortega de literatura colombiana,fue publicada en el año,2007
Selección Samper Ortega de literatura colombiana,pertenece a la categoria,Colombian literature
El arte de leer a Garc©Ưa M©Łrquez,fue publicada en el año,2007
El arte de leer a Garc©Ưa M©Łrquez,pertenece a la categoria,"García Márquez, Gabriel, -- 1928- -- Criticism and interpretation"
Con-Fabulación 100,fue publicada en el año,2009
En la laguna más profunda,fue publicada en el año,2011
En la laguna más profunda,pertenece a la categoria,Grandmothers
En la laguna más profunda,pertenece a la categoria,Juvenile fiction
En la laguna más profunda,pertenece a la categoria,Dementia
En la laguna más profunda,pertenece a la categoria,Fiction
Cartas abiertas (Mapa de las lenguas),fue publicada en el año,2023
Bogotá curiosa,fue publicada en el año,2012
La vida cotidiana,fue publicada en el año,1959
Tres pisos más arriba,fue publicada en el año,2008
Milagros comunes,fue publicada en el año,2019
Milagros comunes,pertenece a la categoria,Colombian poetry
Milagros comunes,pertenece a la categoria,Colombian literature
Como quien dice adiós a lo perdido,fue publicada en el año,2014
Los fuegos obligados,fue publicada en el año,2009
El costeñol,fue publicada en el año,2000
El costeñol,pertenece a la categoria,Spanish language -- Provincialisms -- Colombia -- Atlantic coast.
El costeñol,pertenece a la categoria,Spanish language -- Spoken Spanish -- Colombia -- Atlantic coast.
La mujer que sueña en las murallas,fue publicada en el año,2020
La geometría del agua,fue publicada en el año,2009
El vino rojo de las sílabas,fue publicada en el año,2007
La geometría del agua,fue publicada en el año,2009
Variaciones sobre la embriaguez,fue publicada en el año,2012
Variaciones sobre la embriaguez,pertenece a la categoria,Arts
Variaciones sobre la embriaguez,pertenece a la categoria,Philosophy
Variaciones sobre la embriaguez,pertenece a la categoria,Aesthetics
Variaciones sobre la embriaguez,pertenece a la categoria,Essays
Cuentos y relatos de la literatura colombiana,fue publicada en el año,2023
El Coi y otro cuentos,fue publicada en el año,2018
Puñalada trapera,fue publicada en el año,2017
La fiesta en el cañaveral,fue publicada en el año,2018
Sin freno por la senda equivocada,fue publicada en el año,2015
Criacuervo,fue publicada en el año,2017
Historias clínicas,fue publicada en el año,2018
Cielo parcialmente nublado,fue publicada en el año,2013
Salento,fue publicada en el año,2010
Salento,pertenece a la categoria,Artistic Photography
Salento,pertenece a la categoria,Pictorial works
1851 : novela,fue publicada en el año,2016
1851,fue publicada en el año,2007
1851,pertenece a la categoria,Fiction
1851,pertenece a la categoria,History
Después y antes de Dios,fue publicada en el año,2014
Hotel en Shangri-La,fue publicada en el año,2011
Hotel en Shangri-La,pertenece a la categoria,Colombian Short stories
El último diario de Tony Flowers,fue publicada en el año,1995
Destinos intermedios,fue publicada en el año,2010
Música de aguas,fue publicada en el año,2007
Gentes y hechos de la aviación en Antioquia,fue publicada en el año,2017
Gentes y hechos de la aviación en Antioquia,pertenece a la categoria,Aeronautics
Gentes y hechos de la aviación en Antioquia,pertenece a la categoria,History
Cuentos completos,fue publicada en el año,2006
Antología comentada del cuento antioqueño,fue publicada en el año,1986
Antología comentada del cuento antioqueño,pertenece a la categoria,"Short stories, Colombian -- Colombia -- Antioquia (Dept.)"
Antología comentada del cuento antioqueño,fue publicada en el año,2007
Antología comentada del cuento antioqueño,pertenece a la categoria,"Short stories, Colombian"
Antología comentada del cuento antioqueño,pertenece a la categoria,Colombian fiction -- Colombia -- Antioquia (Dept.)
Antología comentada del cuento antioqueño,pertenece a la categoria,Colombian fiction -- 20th century
Antología comentada del cuento antioqueño,pertenece a la categoria,Colombian fiction -- Colombia -- Antioquia (Dept.) -- History and criticism
Antología comentada del cuento antioqueño,pertenece a la categoria,Colombian fiction -- 20th century -- History and criticism
Novelas del poder y de la infamia,fue publicada en el año,2006
El espejo retrovisor,fue publicada en el año,2010
Herejías y ortodoxias,fue publicada en el año,2008
Cuentos completos,fue publicada en el año,1998
Aitana,fue publicada en el año,2007
Herejías y ortodoxias,fue publicada en el año,2008
Crónica,fue publicada en el año,2016
Crónica,pertenece a la categoria,Spanish American Reportage literature
Nunca es fácil ser una celebridad,fue publicada en el año,2013
Nunca es fácil ser una celebridad,pertenece a la categoria,Eccentrics and eccentricities
Nunca es fácil ser una celebridad,pertenece a la categoria,Interviews
La ira de México,fue publicada en el año,2017
La ira de México,pertenece a la categoria,Periodistas
La ira de México,pertenece a la categoria,Violencia
La ira de México,pertenece a la categoria,Journalists
La ira de México,pertenece a la categoria,Violence
La ira de México,pertenece a la categoria,Crimes against
La ira de México,pertenece a la categoria,Víctimas de delitos
La ira de México,pertenece a la categoria,Historia
La ira de México,pertenece a la categoria,Delitos en contra
La ira de México,pertenece a la categoria,Victims of violent crimes
La ira de México,pertenece a la categoria,History
Entre líneas	,fue publicada en el año,2015
Escribir es lo que cuenta,fue publicada en el año,2008
Escribir es lo que cuenta,pertenece a la categoria,Colombian Authors
Escribir es lo que cuenta,pertenece a la categoria,Interviews
Escribir es lo que cuenta,pertenece a la categoria,Authorship
La Cueva,fue publicada en el año,2002
La Cueva,pertenece a la categoria,Grupo de Barranquilla.
La Cueva,pertenece a la categoria,"La Cueva (Barranquilla, Colombia) -- History."
La Cueva,pertenece a la categoria,"La Cueva (Barranquilla, Colombia) -- Historia."
La Cueva,pertenece a la categoria,"Authors, Colombian -- Colombia -- Barranquilla -- Biography."
La Cueva,pertenece a la categoria,"Authors, Colombian -- Homes and haunts -- Colombia -- Barranquilla."
La Cueva,pertenece a la categoria,Autores colombianos -- Colombia -- Barranquilla -- Biografía.
La Cueva,pertenece a la categoria,Autores colombianos -- Casas y lugares predilectos -- Colombia -- Barranquilla.
La Cueva,pertenece a la categoria,Barranquilla (Colombia) -- Vida intelectual -- Siglo XX.
La Cueva,pertenece a la categoria,Barranquilla (Colombia) -- Intellectual life -- 20th century.
El hombre que murió en el bar,fue publicada en el año,2008
"(In-)Movilidad social y democracia : algunas perspectivas teoricas, analiticas y empiricas. A proposito de la experiencia de paises de la OCDE y de Colombia",fue publicada en el año,2018
El reto ante la tragedia humanitaria del desplazamiento forzado,fue publicada en el año,2009
El reto ante la tragedia humanitaria del desplazamiento forzado,pertenece a la categoria,Forced migration
El reto ante la tragedia humanitaria del desplazamiento forzado,pertenece a la categoria,Government policy
El reto ante la tragedia humanitaria del desplazamiento forzado,pertenece a la categoria,Refugees
Estudio sobre migración internacional y remesas en Colombia,fue publicada en el año,2005
Estudio sobre migración internacional y remesas en Colombia,pertenece a la categoria,Emigration and immigration
Estudio sobre migración internacional y remesas en Colombia,pertenece a la categoria,Economic aspects
Estudio sobre migración internacional y remesas en Colombia,pertenece a la categoria,Emigrant remittances
"Narcotráfico, corrupción y estados",fue publicada en el año,2012
"Narcotráfico, corrupción y estados",pertenece a la categoria,Drug traffic
"Narcotráfico, corrupción y estados",pertenece a la categoria,Political corruption
"Narcotráfico, corrupción y estados",pertenece a la categoria,Narcotráfico
Memoria y reparación,fue publicada en el año,2012
Memoria y reparación,pertenece a la categoria,Land tenure
Memoria y reparación,pertenece a la categoria,Law and legislation
Memoria y reparación,pertenece a la categoria,Restitution
Memoria y reparación,pertenece a la categoria,Forced migration
Memoria y reparación,pertenece a la categoria,Transitional justice
Memoria y reparación,pertenece a la categoria,War victims
Verificando el cumplimiento de los derechos,fue publicada en el año,2008
Verificando el cumplimiento de los derechos,pertenece a la categoria,"Refugees -- Legal status, laws, etc. -- Colombia"
Verificando el cumplimiento de los derechos,pertenece a la categoria,Forced migration -- Colombia
La negociación agropecuaria en el TLC,fue publicada en el año,2006
La negociación agropecuaria en el TLC,pertenece a la categoria,Agriculture and state -- Colombia.
La negociación agropecuaria en el TLC,pertenece a la categoria,Agriculture -- Economic aspects -- Colombia.
La negociación agropecuaria en el TLC,pertenece a la categoria,Produce trade -- Government policy -- Colombia.
La negociación agropecuaria en el TLC,pertenece a la categoria,Free trade -- Colombia.
El fuego que perdura,fue publicada en el año,2007
García Márquez en Cartagena,fue publicada en el año,2007
García Márquez en Cartagena,pertenece a la categoria,Homes and haunts
García Márquez en Cartagena,pertenece a la categoria,Intellectual life
Cantaleta del amoroso,fue publicada en el año,2006
Los putos castos,fue publicada en el año,2010
Los putos castos,pertenece a la categoria,Gay men
Los putos castos,pertenece a la categoria,Biography
Cuentos y relatos de la literatura colombiana,fue publicada en el año,2023
Su casa es mi casa,fue publicada en el año,2008
Su casa es mi casa,pertenece a la categoria,College students
Su casa es mi casa,pertenece a la categoria,Fiction
Su casa es mi casa,pertenece a la categoria,Extortion
Su casa es mi casa,pertenece a la categoria,Missing persons
Su casa es mi casa,pertenece a la categoria,Rich people
Su casa es mi casa,pertenece a la categoria,Estudiantes universitarios
Su casa es mi casa,pertenece a la categoria,Novela
Su casa es mi casa,pertenece a la categoria,Chantaje
Su casa es mi casa,pertenece a la categoria,Personas desaparecidas
Su casa es mi casa,pertenece a la categoria,Riqueza
Su casa es mi casa,pertenece a la categoria,Colombia
Animales domésticos,fue publicada en el año,2010
Poesia,fue publicada en el año,1995
Psicosis de Amor,fue publicada en el año,2020
"Deseo, Mil Lágrimas",fue publicada en el año,2020
Psicosis,fue publicada en el año,2020
El milagro esta en nuestras manos,fue publicada en el año,2000
El milagro esta en nuestras manos,pertenece a la categoria,Affirmations
El milagro esta en nuestras manos,pertenece a la categoria,Self-Help
Oasis,fue publicada en el año,2001
Oasis,pertenece a la categoria,Affirmations
Oasis,pertenece a la categoria,General
Oasis,pertenece a la categoria,"Body, Mind & Spirit"
Oasis,pertenece a la categoria,Self-Help
Oasis,pertenece a la categoria,Spanish: Adult Nonfiction
Etcétera,fue publicada en el año,2008
Puro cuento,fue publicada en el año,2004
Al final del sueño,fue publicada en el año,2006
Tres estamentos de poder,fue publicada en el año,2018
Tres estamentos de poder,pertenece a la categoria,Politics and government
Tres estamentos de poder,pertenece a la categoria,Church and state
Tres estamentos de poder,pertenece a la categoria,History
Tres estamentos de poder,pertenece a la categoria,Political parties
La violencia en Colombia,fue publicada en el año,1962
La violencia en Colombia,pertenece a la categoria,Revolutions
La violencia en Colombia,pertenece a la categoria,Social conditions
La violencia en Colombia,pertenece a la categoria,History
César Rincón,fue publicada en el año,1991
César Rincón,pertenece a la categoria,Bullfighters
César Rincón,pertenece a la categoria,Toreros
Jorge Isaacs,fue publicada en el año,2003
Jorge Isaacs,pertenece a la categoria,General
Jorge Isaacs,pertenece a la categoria,Literary Collections
Jorge Isaacs,pertenece a la categoria,Children's Books/Ages 9-12 Fiction
Jorge Isaacs,pertenece a la categoria,Spanish: Adult Fiction
La revolucion radical en Antioquia,fue publicada en el año,1880
La revolucion radical en Antioquia,pertenece a la categoria,Antioquia (Colombia : Dept.) -- Politics and government.
Obras completas,fue publicada en el año,2005
La economía de la Nueva Granada,fue publicada en el año,2008
La economía de la Nueva Granada,pertenece a la categoria,Economic conditions
La economía de la Nueva Granada,pertenece a la categoria,Colonies
Consecuencias económicas del proceso de independencia en Colombia,fue publicada en el año,2008
Consecuencias económicas del proceso de independencia en Colombia,pertenece a la categoria,Kolumbien
Consecuencias económicas del proceso de independencia en Colombia,pertenece a la categoria,Volkswirtschaft
Consecuencias económicas del proceso de independencia en Colombia,pertenece a la categoria,Staatsgründung
Consecuencias económicas del proceso de independencia en Colombia,pertenece a la categoria,Kolonialismus
Consecuencias económicas del proceso de independencia en Colombia,pertenece a la categoria,Economic conditions
Consecuencias económicas del proceso de independencia en Colombia,pertenece a la categoria,History
Consecuencias económicas del proceso de independencia en Colombia,pertenece a la categoria,Autonomy and independence movements
Consecuencias económicas del proceso de independencia en Colombia,pertenece a la categoria,Economic aspects
Las cuentas nacionales de Colombia en el siglo XIX,fue publicada en el año,2009
Las cuentas nacionales de Colombia en el siglo XIX,pertenece a la categoria,National income
Las cuentas nacionales de Colombia en el siglo XIX,pertenece a la categoria,Gross domestic product
Las cuentas nacionales de Colombia en el siglo XIX,pertenece a la categoria,Economic conditions
Las cuentas nacionales de Colombia en el siglo XIX,pertenece a la categoria,History
Minagricultura 80 años,fue publicada en el año,1994
La Bolsa O La Vidau,fue publicada en el año,2003
La Bolsa O La Vidau,pertenece a la categoria,Economic Conditions
La Bolsa O La Vidau,pertenece a la categoria,Economic History
La Bolsa O La Vidau,pertenece a la categoria,Business & Economics
La Bolsa O La Vidau,pertenece a la categoria,Spanish: Adult Nonfiction
Palabras usadas,fue publicada en el año,2008
Palabras usadas,pertenece a la categoria,Editorials
Palabras usadas,pertenece a la categoria,Public opinion
Palabras usadas,pertenece a la categoria,Social conditions
Palabras usadas,pertenece a la categoria,Economic conditions
Sacrificio de dama,fue publicada en el año,2019
Proyecto Piel,fue publicada en el año,2008
¿Por qué es negra la noche?,fue publicada en el año,2010
Vamos a Cocinar! (Spanish Edition),fue publicada en el año,2002
Vamos a Cocinar! (Spanish Edition),pertenece a la categoria,Interactive Adventure
Vamos a Cocinar! (Spanish Edition),pertenece a la categoria,Children's Books/Baby-Preschool
Pobreza Espiritual Voluntaria,fue publicada en el año,2022
Luis Carlos Lopez,fue publicada en el año,2003
Luis Carlos Lopez,pertenece a la categoria,General
Luis Carlos Lopez,pertenece a la categoria,Literary Collections
Luis Carlos Lopez,pertenece a la categoria,Children's Books/Ages 9-12 Fiction
Luis Carlos Lopez,pertenece a la categoria,Spanish: Adult Fiction
Pedro Alcantara,fue publicada en el año,2018
Pedro Alcantara,pertenece a la categoria,Criticism and interpretation
Pedro Alcantara,pertenece a la categoria,Painters
La imagen poética,fue publicada en el año,2008
La imagen poética,pertenece a la categoria,Spanish American poetry -- 19th century -- History and criticism
La imagen poética,pertenece a la categoria,Poetics
"Construir la nación, buscar la región",fue publicada en el año,2010
"Construir la nación, buscar la región",pertenece a la categoria,Colombian literature
"Construir la nación, buscar la región",pertenece a la categoria,Regionalism in literature
"Construir la nación, buscar la región",pertenece a la categoria,Criticism and interpretation
"Construir la nación, buscar la región",pertenece a la categoria,Literature and society
"Construir la nación, buscar la región",pertenece a la categoria,History and criticism
San Mateo y el ángel,fue publicada en el año,2011
Antología Relata 2011,fue publicada en el año,2011
Antología Relata 2011,pertenece a la categoria,Colombian literature
Antología Relata 2011,pertenece a la categoria,Colombian Short stories
Antología Relata 2011,pertenece a la categoria,Colombian fiction
Ellas se están comiendo al gato,fue publicada en el año,2013
Disturbio,fue publicada en el año,2009
Violencia contra los más débiles,fue publicada en el año,2011
Violencia contra los más débiles,pertenece a la categoria,Child abuse
Violencia contra los más débiles,pertenece a la categoria,Law and legislation
Violencia contra los más débiles,pertenece a la categoria,Children
Violencia contra los más débiles,pertenece a la categoria,Violence against
Violencia contra los más débiles,pertenece a la categoria,Children's rights
Otras siluetas para una historia de los derechos humanos,fue publicada en el año,2008
Otras siluetas para una historia de los derechos humanos,pertenece a la categoria,Human rights
Otras siluetas para una historia de los derechos humanos,pertenece a la categoria,History
Otras siluetas para una historia de los derechos humanos,pertenece a la categoria,Political persecution
Proyectar la comunicación,fue publicada en el año,1997
Proyectar la comunicación,pertenece a la categoria,Communication.
Proyectar la comunicación,pertenece a la categoria,Language and languages.
Proyectar la comunicación,pertenece a la categoria,Semiotics.
Proyectar la comunicación,pertenece a la categoria,Aesthetics.
Contemporaneidad Lantinoamericana Y Analisis Cultural,fue publicada en el año,2003
Contemporaneidad Lantinoamericana Y Analisis Cultural,pertenece a la categoria,Latin America - South America
Contemporaneidad Lantinoamericana Y Analisis Cultural,pertenece a la categoria,Latin America - General
Contemporaneidad Lantinoamericana Y Analisis Cultural,pertenece a la categoria,History
Contemporaneidad Lantinoamericana Y Analisis Cultural,pertenece a la categoria,History - General History
Contemporaneidad Lantinoamericana Y Analisis Cultural,pertenece a la categoria,Spanish: Adult Nonfiction
Mapas Nocturnos - Dialogos Con La Obra Martin-Barb,fue publicada en el año,1998
Mapas Nocturnos - Dialogos Con La Obra Martin-Barb,pertenece a la categoria,"Martín B., Jesús"
Mapas Nocturnos - Dialogos Con La Obra Martin-Barb,pertenece a la categoria,Mass media -- Latin America.
Mapas Nocturnos - Dialogos Con La Obra Martin-Barb,pertenece a la categoria,Mass media -- Social aspects -- Latin America.
Oficio De Cartgrafo (Sociologia),fue publicada en el año,2002
Oficio De Cartgrafo (Sociologia),pertenece a la categoria,Spanish: Adult Nonfiction
Oficio De Cartgrafo (Sociologia),pertenece a la categoria,Social Science
Oficio De Cartgrafo (Sociologia),pertenece a la categoria,Sociology
Oficio De Cartgrafo (Sociologia),pertenece a la categoria,Statistics
Oficio De Cartgrafo (Sociologia),pertenece a la categoria,Sociology - General
Oficio de Cartografo,fue publicada en el año,2004
Oficio de Cartografo,pertenece a la categoria,Statistics
Oficio de Cartografo,pertenece a la categoria,Sociology
LA Educacion Desde LA Comunicacion,fue publicada en el año,2003
LA Educacion Desde LA Comunicacion,pertenece a la categoria,General
LA Educacion Desde LA Comunicacion,pertenece a la categoria,Reference
LA Educacion Desde LA Comunicacion,pertenece a la categoria,Education
LA Educacion Desde LA Comunicacion,pertenece a la categoria,Education / Teaching
LA Educacion Desde LA Comunicacion,pertenece a la categoria,Spanish: Adult Nonfiction
El alma del acordeón,fue publicada en el año,2007
Febrero escarlata,fue publicada en el año,2005
Memoria del olvido,fue publicada en el año,2014
"El pozo y el péndulo : cuentos colombianos. Odradek, el cuento - 1. ed.",fue publicada en el año,2014
Los desafíos a la sociedad abierta,fue publicada en el año,1999
Los desafíos a la sociedad abierta,pertenece a la categoria,International economic relations.
Los desafíos a la sociedad abierta,pertenece a la categoria,International trade -- Social aspects -- Latin America.
Los desafíos a la sociedad abierta,pertenece a la categoria,Latin America -- Economic conditions -- 1982-
Los desafíos a la sociedad abierta,pertenece a la categoria,Latin America -- Social conditions -- 1982-
Gabo,fue publicada en el año,2013
Gabo,pertenece a la categoria,Correspondence
Gabo,pertenece a la categoria,Colombian Authors
Gabo,pertenece a la categoria,Biography
Últimas noticias del nuevo idiota iberoamericano,fue publicada en el año,2014
Últimas noticias del nuevo idiota iberoamericano,pertenece a la categoria,Politics and government
Últimas noticias del nuevo idiota iberoamericano,pertenece a la categoria,Historia
Últimas noticias del nuevo idiota iberoamericano,pertenece a la categoria,Populismo
Últimas noticias del nuevo idiota iberoamericano,pertenece a la categoria,Gobierno
Últimas noticias del nuevo idiota iberoamericano,pertenece a la categoria,Populism
Últimas noticias del nuevo idiota iberoamericano,pertenece a la categoria,History
El regreso del idiota,fue publicada en el año,2007
El regreso del idiota,pertenece a la categoria,Politics and government
El regreso del idiota,pertenece a la categoria,"Errors, inventions"
El regreso del idiota,pertenece a la categoria,Actitudes
El regreso del idiota,pertenece a la categoria,Historia
El regreso del idiota,pertenece a la categoria,Attitudes
El regreso del idiota,pertenece a la categoria,Intellectuals
El regreso del idiota,pertenece a la categoria,Política y gobierno
El regreso del idiota,pertenece a la categoria,Intelectuales
El regreso del idiota,pertenece a la categoria,"Errores, invenciones"
El regreso del idiota,pertenece a la categoria,Right and left (Political science)
El regreso del idiota,pertenece a la categoria,History
Manual del perfecto idiota latinoamericano,fue publicada en el año,1996
Manual del perfecto idiota latinoamericano,pertenece a la categoria,Latin America -- History.
Manual del perfecto idiota latinoamericano,pertenece a la categoria,"Latin America -- History -- Errors, inventions, etc."
Cantos/Cuentos Colombianos,fue publicada en el año,2005
Cantos/Cuentos Colombianos,pertenece a la categoria,Art styles: c 1960 -
Cantos/Cuentos Colombianos,pertenece a la categoria,Exhibition catalogues and specific collections
Cantos/Cuentos Colombianos,pertenece a la categoria,General
Cantos/Cuentos Colombianos,pertenece a la categoria,Art
Cantos/Cuentos Colombianos,pertenece a la categoria,Art & Art Instruction
Cantos/Cuentos Colombianos,pertenece a la categoria,Spanish: Adult Nonfiction
Cantos/Cuentos Colombianos,pertenece a la categoria,Colombia
Cantos/Cuentos Colombianos,pertenece a la categoria,"Collections, Catalogs, Exhibitions - General"
Cantos/Cuentos Colombianos,pertenece a la categoria,Art / Caribbean & Latin American
El Arte de La Etiqueta,fue publicada en el año,1996
El Arte de La Etiqueta,pertenece a la categoria,General
El Arte de La Etiqueta,pertenece a la categoria,Methods - General
El Arte de La Etiqueta,pertenece a la categoria,Cooking
El Arte de La Etiqueta,pertenece a la categoria,Cooking / Wine
Aquellos Tiempos Con Gabo,fue publicada en el año,2000
Aquellos Tiempos Con Gabo,pertenece a la categoria,Literary
Aquellos Tiempos Con Gabo,pertenece a la categoria,Biography / Autobiography
El regreso del idiota,fue publicada en el año,2007
Puñalada trapera,fue publicada en el año,2017
Aranjuez (Spanish Edition),fue publicada en el año,2024
Adiós a los próceres - 1. ed.,fue publicada en el año,2010
Sólo una luz de agua,fue publicada en el año,2009
Sólo una luz de agua,pertenece a la categoria,Fiction
Sólo una luz de agua,pertenece a la categoria,Art
El beso de la noche,fue publicada en el año,2010
"Español, lengua mía y otros discursos	",fue publicada en el año,2017
Narradores del XXI,fue publicada en el año,2005
Narradores del XXI,pertenece a la categoria,Spanish: Adult Nonfiction
Narradores del XXI,pertenece a la categoria,"Editors, Journalists, Publishers"
Narradores del XXI,pertenece a la categoria,Biography & Autobiography
Narradores del XXI,pertenece a la categoria,Fiction - General
Narradores del XXI,pertenece a la categoria,Untranslated Fiction - Spanish
Narradores del XXI,pertenece a la categoria,Short Stories (Anthologies)
Música de pájaros,fue publicada en el año,2005
Cuaderno de París,fue publicada en el año,2006
La sed del ojo,fue publicada en el año,2004
Lejos de Roma,fue publicada en el año,2008
Trazos,fue publicada en el año,2007
Trazos,pertenece a la categoria,"Montoya, Pablo, -- 1963- -- Aesthetics"
Trazos,pertenece a la categoria,"Painting -- Themes, motives"
El pueblo mapuche en la pluma de los araucanistas,fue publicada en el año,2018
El pueblo mapuche en la pluma de los araucanistas,pertenece a la categoria,Indianists
El pueblo mapuche en la pluma de los araucanistas,pertenece a la categoria,History
El pueblo mapuche en la pluma de los araucanistas,pertenece a la categoria,Mapuche Indians
El pueblo mapuche en la pluma de los araucanistas,pertenece a la categoria,Politics and government
El pueblo mapuche en la pluma de los araucanistas,pertenece a la categoria,Government relations
El pueblo mapuche en la pluma de los araucanistas,pertenece a la categoria,Social conditions
El pueblo mapuche en la pluma de los araucanistas,pertenece a la categoria,Ethnic identity
El pueblo mapuche en la pluma de los araucanistas,pertenece a la categoria,Historiography
El pueblo mapuche en la pluma de los araucanistas,pertenece a la categoria,Treatment of Indians
El pueblo mapuche en la pluma de los araucanistas,pertenece a la categoria,Ethnic relations
Mientras el tiempo sea nuestro,fue publicada en el año,2013
Mientras el tiempo sea nuestro,pertenece a la categoria,Colombian poetry
Dios puso una sonrisa sobre su rostro,fue publicada en el año,2004
"Poéticas del ocultismo en las escrituras de José Antonio Ramos Sucre, Carlos Obregón, César Dávila Andrade y Jaime Sáenz",fue publicada en el año,2008
"Poéticas del ocultismo en las escrituras de José Antonio Ramos Sucre, Carlos Obregón, César Dávila Andrade y Jaime Sáenz",fue publicada en el año,2008
Puñalada trapera,fue publicada en el año,2017
Desasosiegos menores,fue publicada en el año,2011
Historia del deporte en Colombia en el siglo XX,fue publicada en el año,2008
Historia del deporte en Colombia en el siglo XX,pertenece a la categoria,Athletes
Historia del deporte en Colombia en el siglo XX,pertenece a la categoria,Sports
Historia del deporte en Colombia en el siglo XX,pertenece a la categoria,Autographs
Historia del deporte en Colombia en el siglo XX,pertenece a la categoria,Biography
Historia del deporte en Colombia en el siglo XX,pertenece a la categoria,History
Historia general de Boyacá,fue publicada en el año,2011
Historia general de Boyacá,pertenece a la categoria,History
Medicina Popular Colombiana,fue publicada en el año,2017
Medicina Popular Colombiana,pertenece a la categoria,Folklore
"Mitos, leyendas y relatos colombianos",fue publicada en el año,2006
"Mitos, leyendas y relatos colombianos",pertenece a la categoria,Folklore
Juan de Castellanos,fue publicada en el año,2007
Juan de Castellanos,pertenece a la categoria,Criticism and interpretation
La independencia de Colombia,fue publicada en el año,2009
La independencia de Colombia,pertenece a la categoria,History
Mitos y leyendas latinoamericanas,fue publicada en el año,2006
Mitos y leyendas latinoamericanas,pertenece a la categoria,Indian mythology
Mitos y leyendas latinoamericanas,pertenece a la categoria,Indians
Mitos y leyendas latinoamericanas,pertenece a la categoria,Folklore
Mitos colombianos,fue publicada en el año,2008
Mitos colombianos,pertenece a la categoria,Legends
Mitos colombianos,pertenece a la categoria,Folklore
Mitos colombianos,pertenece a la categoria,Cuentos populares
Mitos colombianos,pertenece a la categoria,Tales
Mitos colombianos,pertenece a la categoria,Indians of South America
Mitos colombianos,pertenece a la categoria,Indios de Colombia
Mitos colombianos,pertenece a la categoria,Leyendas
Historia de las ideas políticas en Colombia,fue publicada en el año,2008
Historia de las ideas políticas en Colombia,pertenece a la categoria,Political science -- Colombia -- History
Historia de las ideas políticas en Colombia,pertenece a la categoria,Political parties -- Colombia -- History
Historia de las ideas políticas en Colombia,pertenece a la categoria,Colombia -- Politics and government -- 1810-
Las ideas de un día,fue publicada en el año,1969
Las ideas de un día,pertenece a la categoria,Mexico -- History -- 1821-1861
El cura Juan Fernández de Sotomayor y Picón  y los catecismos de la independencia,fue publicada en el año,2010
El cura Juan Fernández de Sotomayor y Picón  y los catecismos de la independencia,pertenece a la categoria,Church and state
El cura Juan Fernández de Sotomayor y Picón  y los catecismos de la independencia,pertenece a la categoria,Biography
El cura Juan Fernández de Sotomayor y Picón  y los catecismos de la independencia,pertenece a la categoria,Clergy
El cura Juan Fernández de Sotomayor y Picón  y los catecismos de la independencia,pertenece a la categoria,History
Los orígenes fundacionales de la villa de San Cristóbal y el antiguo corregimiento de Tunja,fue publicada en el año,2011
Los orígenes fundacionales de la villa de San Cristóbal y el antiguo corregimiento de Tunja,pertenece a la categoria,History
Bajo el cielo e'Valledupar,fue publicada en el año,2010
Bajo el cielo e'Valledupar,pertenece a la categoria,Vallenato (Music)
Bajo el cielo e'Valledupar,pertenece a la categoria,Folk music
Bajo el cielo e'Valledupar,pertenece a la categoria,Popular music
Quindío,fue publicada en el año,2017
Quindío,pertenece a la categoria,Politics and government
Quindío,pertenece a la categoria,History
Quindío,pertenece a la categoria,Social life and customs
Las reglas del amor,fue publicada en el año,2003
Las reglas del amor,pertenece a la categoria,Spanish: Adult Nonfiction
Las reglas del amor,pertenece a la categoria,Recovery
Las reglas del amor,pertenece a la categoria,Man-woman relationships
Las reglas del amor,pertenece a la categoria,Self-Help
Las reglas del amor,pertenece a la categoria,Women
Las reglas del amor,pertenece a la categoria,Codependency
Las reglas del amor,pertenece a la categoria,Self-Help / Codependency
Las reglas del amor,pertenece a la categoria,Love
Las reglas del amor,pertenece a la categoria,Psychological aspects
Las reglas del amor,pertenece a la categoria,Psychology
El discipulo/ The Disciple,fue publicada en el año,2007
El discipulo/ The Disciple,pertenece a la categoria,Christian Life - Spiritual Growth
El discipulo/ The Disciple,pertenece a la categoria,Christian Ministry - Discipleship
El discipulo/ The Disciple,pertenece a la categoria,Religion
El discipulo/ The Disciple,pertenece a la categoria,Religion - Christian Life
El discipulo/ The Disciple,pertenece a la categoria,Spanish: Adult Nonfiction
Sanzetti,fue publicada en el año,2018
La lámpara maravillosa,fue publicada en el año,2012
La lámpara maravillosa,pertenece a la categoria,Education
"Poesía, 1974-2004",fue publicada en el año,2004
Guayacanal - 1. edicion,fue publicada en el año,2019
"El taller, el templo y el hogar",fue publicada en el año,2018
En busca de Bolívar,fue publicada en el año,2010
En busca de Bolívar,pertenece a la categoria,Heads of state
En busca de Bolívar,pertenece a la categoria,Biography
Las auroras de sangre,fue publicada en el año,2007
Las auroras de sangre,pertenece a la categoria,Poetry
Las auroras de sangre,pertenece a la categoria,History
Las auroras de sangre,pertenece a la categoria,History and criticism
Las auroras de sangre,pertenece a la categoria,In literature
Las auroras de sangre,pertenece a la categoria,Spanish language materials
Las auroras de sangre,pertenece a la categoria,Historia
Las auroras de sangre,pertenece a la categoria,Poesía
Las auroras de sangre,pertenece a la categoria,Historia y crítica
Las auroras de sangre,pertenece a la categoria,América Latina en la literatura
Las auroras de sangre,pertenece a la categoria,Literature
Las auroras de sangre,pertenece a la categoria,"Elegías de varones ilustres de Indias (Castellanos, Juan de)"
América mestiza,fue publicada en el año,2004
América mestiza,pertenece a la categoria,Anthropology - Cultural
América mestiza,pertenece a la categoria,Archaeology / Anthropology
En busca de Bolivar,fue publicada en el año,2014
En busca de Bolivar,pertenece a la categoria,Historia
En busca de Bolivar,pertenece a la categoria,Heads of state
En busca de Bolivar,pertenece a la categoria,History
En busca de Bolivar,pertenece a la categoria,Jefes de Estado
En busca de Bolivar,pertenece a la categoria,Biography
En busca de Bolivar,pertenece a la categoria,Biografía
El dibujo secreto de América Latina. - 1. ed.,fue publicada en el año,2014
El año del verano que nunca llegó,fue publicada en el año,2015
El año del verano que nunca llegó,pertenece a la categoria,Friends and associates
El año del verano que nunca llegó,pertenece a la categoria,Expatriate authors
El año del verano que nunca llegó,pertenece a la categoria,Autores ingleses
El año del verano que nunca llegó,pertenece a la categoria,Romanticism
El año del verano que nunca llegó,pertenece a la categoria,Amistad
El año del verano que nunca llegó,pertenece a la categoria,English Authors
El año del verano que nunca llegó,pertenece a la categoria,Romanticismo
El año del verano que nunca llegó,pertenece a la categoria,Homes and haunts
El año del verano que nunca llegó,pertenece a la categoria,Ficción
El año del verano que nunca llegó,pertenece a la categoria,Fiction
El año del verano que nunca llegó,pertenece a la categoria,Friendship
Es tarde para el hombre,fue publicada en el año,2012
Es tarde para el hombre,pertenece a la categoria,Filosofía
Es tarde para el hombre,pertenece a la categoria,Ensayos
Es tarde para el hombre,pertenece a la categoria,Civilización
Es tarde para el hombre,pertenece a la categoria,Philosophy
Es tarde para el hombre,pertenece a la categoria,Colombian essays
Es tarde para el hombre,pertenece a la categoria,Civilization
Es tarde para el hombre,pertenece a la categoria,Seres humanos
Es tarde para el hombre,pertenece a la categoria,Human beings
Es tarde para el hombre,pertenece a la categoria,Ensayos colombianos
Es tarde para el hombre,pertenece a la categoria,Essays
La lámpara maravillosa,fue publicada en el año,2002
El año del verano que nunca llegó,fue publicada en el año,2015
Azar,fue publicada en el año,2006
Azar,pertenece a la categoria,"Peláez, Luis Fernando, -- 1945- -- Exhibitions."
El Pais Del Viento,fue publicada en el año,2000
El Pais Del Viento,pertenece a la categoria,Poetry
El Pais Del Viento,pertenece a la categoria,Spanish: Adult Nonfiction
El Pais Del Viento,pertenece a la categoria,Caribbean & Latin American
El país de la canela,fue publicada en el año,2008
Erase una vez Colombia,fue publicada en el año,2006
Erase una vez Colombia,pertenece a la categoria,American history
Erase una vez Colombia,pertenece a la categoria,Spanish: Adult Nonfiction
Erase una vez Colombia,pertenece a la categoria,South America - History
Erase una vez Colombia,pertenece a la categoria,History
Erase una vez Colombia,pertenece a la categoria,History - General History
Erase una vez Colombia,pertenece a la categoria,Latin America
Erase una vez Colombia,pertenece a la categoria,Essays
Erase una vez Colombia,pertenece a la categoria,Latin America - General
Erase una vez Colombia,pertenece a la categoria,History / Essays
Erase una vez Colombia,pertenece a la categoria,Latin America - South America
Erase una vez Colombia,pertenece a la categoria,Colombia
Erase una vez Colombia,pertenece a la categoria,Description and travel
Erase una vez Colombia,pertenece a la categoria,Pictorial works
Es tarde para el hombre,fue publicada en el año,1994
Las auroras de sangre,fue publicada en el año,1999
Las auroras de sangre,pertenece a la categoria,"Castellanos, Juan de, 1522-1607."
Las auroras de sangre,pertenece a la categoria,Latin America -- In literature.
Omar Rayo Homenaje,fue publicada en el año,2007
Omar Rayo Homenaje,pertenece a la categoria,Contemporary Art
Omar Rayo Homenaje,pertenece a la categoria,Individual Painters - 20th Century
Omar Rayo Homenaje,pertenece a la categoria,Art
Omar Rayo Homenaje,pertenece a la categoria,Literature - Classics / Criticism
Omar Rayo Homenaje,pertenece a la categoria,Spanish: Adult Nonfiction
Omar Rayo Homenaje,pertenece a la categoria,Caribbean & Latin American
Omar Rayo Homenaje,pertenece a la categoria,Literary Criticism & Collections / Central & South American
Omar Rayo Homenaje,pertenece a la categoria,"Collections, Catalogs, Exhibitions - General"
Omar Rayo Homenaje,pertenece a la categoria,History - Contemporary (1945- )
Omar Rayo Homenaje,pertenece a la categoria,Individual Artist
Fernando Botero,fue publicada en el año,2012
Fernando Botero,pertenece a la categoria,Criticism and interpretation
Fernando Botero,pertenece a la categoria,Catalogs
Fernando Botero,pertenece a la categoria,Artists
Fernando Botero,pertenece a la categoria,Biography
1929,fue publicada en el año,2014
1929,pertenece a la categoria,Architecture
1929,pertenece a la categoria,Exhibitions
1929,pertenece a la categoria,History
1929,pertenece a la categoria,Colombian Art
1929,pertenece a la categoria,Pavilions
1929,pertenece a la categoria,"Buildings, structures"
1929,pertenece a la categoria,"Exposición Ibero-Americana (1929-1930 : Seville, Spain)"
"Borrador #1, o, La perpetuidad del voto nacional",fue publicada en el año,2016
"Borrador #1, o, La perpetuidad del voto nacional",pertenece a la categoria,Exhibitions
"Borrador #1, o, La perpetuidad del voto nacional",pertenece a la categoria,Colombian Art
"Borrador #1, o, La perpetuidad del voto nacional",pertenece a la categoria,Art
"Borrador #1, o, La perpetuidad del voto nacional",pertenece a la categoria,Violence in art
"Borrador #1, o, La perpetuidad del voto nacional",pertenece a la categoria,Fundación Proyecto Bachué
La Bachué de Rómulo Rozo,fue publicada en el año,2013
La Bachué de Rómulo Rozo,pertenece a la categoria,Criticism and interpretation
La Bachué de Rómulo Rozo,pertenece a la categoria,Sculptors
Buscando mi madredediós,fue publicada en el año,2009
Cuando yo empezaba,fue publicada en el año,2009
Cuando yo empezaba,pertenece a la categoria,Colombian Short stories
El Alférez Real,fue publicada en el año,1994
El Alférez Real,pertenece a la categoria,Literary Collections
El Alférez Real,pertenece a la categoria,Children's Books/Ages 9-12 Fiction
El Alférez Real,pertenece a la categoria,Spanish: Adult Fiction
El Alférez Real,pertenece a la categoria,General
La vorágine,fue publicada en el año,2016
"Bolivar, el destino en la sombra",fue publicada en el año,2007
"Bolivar, el destino en la sombra",pertenece a la categoria,Latin American Novel And Short Story
"Bolivar, el destino en la sombra",pertenece a la categoria,Fiction
"Bolivar, el destino en la sombra",pertenece a la categoria,Fiction - Historical
"Bolivar, el destino en la sombra",pertenece a la categoria,Spanish: Adult Fiction
"Bolivar, el destino en la sombra",pertenece a la categoria,Historical - General
"Bolivar, el destino en la sombra",pertenece a la categoria,Fiction / Historical
El demente exquisito,fue publicada en el año,2005
El demente exquisito,pertenece a la categoria,Biography: general
El demente exquisito,pertenece a la categoria,Warfare & Defence
El demente exquisito,pertenece a la categoria,Spanish: Adult Nonfiction
El demente exquisito,pertenece a la categoria,South America - History
El demente exquisito,pertenece a la categoria,Biography & Autobiography
El demente exquisito,pertenece a la categoria,Fiction - General
El demente exquisito,pertenece a la categoria,South America
El demente exquisito,pertenece a la categoria,General
El demente exquisito,pertenece a la categoria,Biography & Autobiography / Military
El demente exquisito,pertenece a la categoria,Latin America - South America
El demente exquisito,pertenece a la categoria,Political
El edipo de sangre,fue publicada en el año,2006
El edipo de sangre,pertenece a la categoria,American history
El edipo de sangre,pertenece a la categoria,Spanish: Adult Nonfiction
El edipo de sangre,pertenece a la categoria,South America - History
El edipo de sangre,pertenece a la categoria,History
El edipo de sangre,pertenece a la categoria,Biography / Autobiography
El edipo de sangre,pertenece a la categoria,South America
El edipo de sangre,pertenece a la categoria,General
El edipo de sangre,pertenece a la categoria,Latin America - South America
El edipo de sangre,pertenece a la categoria,History / South America
El edipo de sangre,pertenece a la categoria,1795-1861
El edipo de sangre,pertenece a la categoria,19th century
El edipo de sangre,pertenece a la categoria,Colombia
El edipo de sangre,pertenece a la categoria,Fiction
El edipo de sangre,pertenece a la categoria,"Obando, Josâe Marâia,"
La agonia erotica,fue publicada en el año,2006
La agonia erotica,pertenece a la categoria,American history
La agonia erotica,pertenece a la categoria,South America - History
La agonia erotica,pertenece a la categoria,History
La agonia erotica,pertenece a la categoria,Biography / Autobiography
La agonia erotica,pertenece a la categoria,Spanish: Adult Nonfiction
La agonia erotica,pertenece a la categoria,South America
La agonia erotica,pertenece a la categoria,Political
La agonia erotica,pertenece a la categoria,History / South America
La agonia erotica,pertenece a la categoria,History - General History
La agonia erotica,pertenece a la categoria,Latin America - South America
La agonia erotica,pertenece a la categoria,Letters
La otra agonia,fue publicada en el año,2006
La otra agonia,pertenece a la categoria,American history
La otra agonia,pertenece a la categoria,Latin American Novel And Short Story
La otra agonia,pertenece a la categoria,Fiction
La otra agonia,pertenece a la categoria,History - General History
La otra agonia,pertenece a la categoria,Spanish
La otra agonia,pertenece a la categoria,Spanish: Adult Fiction
La otra agonia,pertenece a la categoria,South America
La otra agonia,pertenece a la categoria,Latin America - South America
La otra agonia,pertenece a la categoria,Women
La otra agonia,pertenece a la categoria,History / South America
La otra agonia,pertenece a la categoria,Historical - General
Reminiscencias de dos ferias del libro,fue publicada en el año,2016
Bolívar en el bronce y la elocuencia,fue publicada en el año,2012
Bolívar en el bronce y la elocuencia,pertenece a la categoria,Statues
Origen del Día del Idioma,fue publicada en el año,2000
Origen del Día del Idioma,pertenece a la categoria,Spanish philology
Los códices del apátrida,fue publicada en el año,2013
El ángel en la hoguera,fue publicada en el año,2012
La era Lezama Lima,fue publicada en el año,2010
La era Lezama Lima,pertenece a la categoria,Criticism and interpretation
Cuentos Sobre Vivientes (Colección Anfora),fue publicada en el año,2001
Jorge Luis Borges La Literatura Como Tierra Propia (100 Personajes) (100 Personajes),fue publicada en el año,2004
Jorge Luis Borges La Literatura Como Tierra Propia (100 Personajes) (100 Personajes),pertenece a la categoria,Biographies & Memoirs / Biographies
Jorge Luis Borges La Literatura Como Tierra Propia (100 Personajes) (100 Personajes),pertenece a la categoria,General
Jorge Luis Borges La Literatura Como Tierra Propia (100 Personajes) (100 Personajes),pertenece a la categoria,Biography & Autobiography
Jorge Luis Borges La Literatura Como Tierra Propia (100 Personajes) (100 Personajes),pertenece a la categoria,Spanish: Adult Nonfiction
Contribucion al entendimiento del conflicto armado en Colombia,fue publicada en el año,2015
Sociología de la paz en Colombia,fue publicada en el año,2021
Sociología de la paz en Colombia,pertenece a la categoria,Peace-building
Sociología de la paz en Colombia,pertenece a la categoria,Peace
Sociología de la paz en Colombia,pertenece a la categoria,Sociological aspects
Sociología de la paz en Colombia,pertenece a la categoria,Social aspects
Ley de justicia y paz,fue publicada en el año,2009
Ley de justicia y paz,pertenece a la categoria,Terrorism
Ley de justicia y paz,pertenece a la categoria,Insurgency
Ley de justicia y paz,pertenece a la categoria,Reparation (Criminal justice)
Ley de justicia y paz,pertenece a la categoria,"Legal status, laws"
Ley de justicia y paz,pertenece a la categoria,Victims of crimes
Las Farc (1949-2011),fue publicada en el año,2011
Las Farc (1949-2011),pertenece a la categoria,Guerrillas
Las Farc (1949-2011),pertenece a la categoria,Politics and government
Las Farc (1949-2011),pertenece a la categoria,Fuerzas Armadas Revolucionarias de Colombia
Las Farc (1949-2011),pertenece a la categoria,History
Arqueo de Los Días,fue publicada en el año,2017
Antología personal,fue publicada en el año,2014
Quiero apenas una canción,fue publicada en el año,2010
Érase mi alma,fue publicada en el año,2009
Libro del Encantado - Antologia,fue publicada en el año,2001
Libro del Encantado - Antologia,pertenece a la categoria,General
Libro del Encantado - Antologia,pertenece a la categoria,Poetry
Estoy vivo y libre,fue publicada en el año,2008
"Parnaso Colombiano, Volume 1...",fue publicada en el año,2023
Los desplazados,fue publicada en el año,2004
Noticias Historiales de Las Conquistas de Tierra Firme en Las Indias Occidentales; Volume 4,fue publicada en el año,2022
Noticias Historiales de Las Conquistas de Tierra Firme en Las Indias Occidentales; Volume 1,fue publicada en el año,2022
Pola,fue publicada en el año,2018
Obra literaria,fue publicada en el año,2009
"Huilensidad, homenaje a los dos grandes maestros líricos",fue publicada en el año,2010
"Huilensidad, homenaje a los dos grandes maestros líricos",pertenece a la categoria,Social life and customs
"Huilensidad, homenaje a los dos grandes maestros líricos",pertenece a la categoria,Description and travel
Voragine,fue publicada en el año,2020
Obra literaria,fue publicada en el año,1988
La voragine,fue publicada en el año,2012
La voragine,pertenece a la categoria,NOVELA COLOMBIANA
La voragine,pertenece a la categoria,LITERATURA COLOMBIANA
La voragine,pertenece a la categoria,INDIGENAS DEL AMAZONAS
La voragine,pertenece a la categoria,NOVELA
La voragine,pertenece a la categoria,CONDICIONES SOCIALES
La voragine,pertenece a la categoria,VIDA EN LA SELVA
Tierra de promisión y otros poemas,fue publicada en el año,2007
Tierra de promisión,fue publicada en el año,1938
Vorágine,fue publicada en el año,2014
La voragine,fue publicada en el año,1965
José Eustasio Rivera,fue publicada en el año,2011
La voragine (Sepan Cuantos),fue publicada en el año,2004
La voragine (Sepan Cuantos),pertenece a la categoria,Literature
La voragine (Sepan Cuantos),pertenece a la categoria,Literature & Fiction
La voragine (Sepan Cuantos),pertenece a la categoria,Romance - General
La voragine (Sepan Cuantos),pertenece a la categoria,Latin American Novel And Short Story
La voragine (Sepan Cuantos),pertenece a la categoria,Fiction
La voragine (Sepan Cuantos),pertenece a la categoria,Spanish: Adult Fiction
La Voragine / the Whirlpool,fue publicada en el año,2003
La Voragine / the Whirlpool,pertenece a la categoria,Literary Collections
La Voragine / the Whirlpool,pertenece a la categoria,Children's Books/Ages 9-12 Fiction
La Voragine / the Whirlpool,pertenece a la categoria,Spanish: Adult Fiction
La Voragine / the Whirlpool,pertenece a la categoria,General
La Voragine / the Whirlpool,pertenece a la categoria,Children's All Ages
LA Voragine / The Whirlpool (Intemporales),fue publicada en el año,1998
LA Voragine / The Whirlpool (Intemporales),pertenece a la categoria,Literary
LA Voragine / The Whirlpool (Intemporales),pertenece a la categoria,Fiction
LA Voragine / The Whirlpool (Intemporales),pertenece a la categoria,Spanish: Adult Fiction
Mago Del Sueño Carmesí y Más Cuentos Trágicos,fue publicada en el año,2021
Entre Hombres,fue publicada en el año,2019
Los Rostros Del Sueño Carmesí,fue publicada en el año,2019
Mientras el tiempo sea nuestro,fue publicada en el año,2013
Mientras el tiempo sea nuestro,pertenece a la categoria,Colombian poetry
Obras de mampostería,fue publicada en el año,2008
La quinta del sordo,fue publicada en el año,2006
Bajo el brillo de la luna,fue publicada en el año,2015
Bajo el brillo de la luna,pertenece a la categoria,Poetry
El espacio imaginario en la poesía de Carlos Obregón,fue publicada en el año,2012
El espacio imaginario en la poesía de Carlos Obregón,pertenece a la categoria,Criticism and interpretation
Grafías del insecto,fue publicada en el año,2005
Grafías del insecto,fue publicada en el año,2005
El árbol digital y otros poemas,fue publicada en el año,2009
Alquimia del fuego inútil,fue publicada en el año,2012
A vista del tiempo,fue publicada en el año,2005
"El Nadaísmo colombiano, o, La búsqueda de una vanguardia perdida",fue publicada en el año,1988
Amanece aquella oscuridad,fue publicada en el año,2012
Un día entre las cruces,fue publicada en el año,2003
La rueda de Chicago (Villegas Novela),fue publicada en el año,2005
La rueda de Chicago (Villegas Novela),pertenece a la categoria,General & Literary Fiction
La rueda de Chicago (Villegas Novela),pertenece a la categoria,Spanish (Language) Contemporary Fiction
La rueda de Chicago (Villegas Novela),pertenece a la categoria,Fiction
La rueda de Chicago (Villegas Novela),pertenece a la categoria,Fiction - General
La rueda de Chicago (Villegas Novela),pertenece a la categoria,Spanish: Adult Fiction
La rueda de Chicago (Villegas Novela),pertenece a la categoria,General
La rueda de Chicago (Villegas Novela),pertenece a la categoria,Fiction / General
La rueda de Chicago (Villegas Novela),pertenece a la categoria,Romance - General
Antología del nadaísmo,fue publicada en el año,2009
Antología del nadaísmo,pertenece a la categoria,Nadaísmo (Literary movement)
Antología del nadaísmo,pertenece a la categoria,Colombian poetry
El aguacero edificable,fue publicada en el año,2011
Las locuras pasionales de Bolívar,fue publicada en el año,2011
En el Lejero / Far Far Away,fue publicada en el año,2024
Casa de Furia / House of Fury,fue publicada en el año,2022
Reportajes de Aleph,fue publicada en el año,2007
Reportajes de Aleph,pertenece a la categoria,Civilization
Reportajes de Aleph,pertenece a la categoria,Colombian literature
Reportajes de Aleph,pertenece a la categoria,History and criticism
Reportajes de Aleph,pertenece a la categoria,Spanish American literature
Los caminos recrudecen la espera,fue publicada en el año,2012
Media hora de lluvia en el jardín,fue publicada en el año,2012
Matilde Espinosa en la contienda de vida y poesía,fue publicada en el año,2009
Matilde Espinosa en la contienda de vida y poesía,pertenece a la categoria,"Espinosa de Pérez, Matilde -- Criticism and interpretation"
Las lluvias del verano,fue publicada en el año,2006
Los signos de la espera,fue publicada en el año,2008
El velo de la ensoñación,fue publicada en el año,2009
Meditación acerca del desasosiego de Pessoa,fue publicada en el año,2011
Poder político y fenómenos de criminalización,fue publicada en el año,2012
Poder político y fenómenos de criminalización,pertenece a la categoria,Criminal law
Poder político y fenómenos de criminalización,pertenece a la categoria,Philosophy
Pablo Escobar,fue publicada en el año,2001
Pablo Escobar,pertenece a la categoria,"Escobar, Pablo."
Pablo Escobar,pertenece a la categoria,Drug dealers -- Colombia -- Biography.
Pablo Escobar,pertenece a la categoria,Drug traffic -- Colombia.
El día que en el fútbol murió,fue publicada en el año,2012
El frente inmóvil,fue publicada en el año,2007
Historia de la organización electoral en Colombia (1888-2012),fue publicada en el año,2013
Ajuste estructural de las finanzas públicas 1998-2004,fue publicada en el año,2005
Ajuste estructural de las finanzas públicas 1998-2004,pertenece a la categoria,"Finance, Public -- Law and legislation -- Colombia."
Ajuste estructural de las finanzas públicas 1998-2004,pertenece a la categoria,Budget -- Law and legislation -- Colombia.
Ajuste estructural de las finanzas públicas 1998-2004,pertenece a la categoria,Law reform -- Colombia.
La provincia perdida,fue publicada en el año,2007
Crónica de un bandido legendario,fue publicada en el año,2004
Crónica de un bandido legendario,pertenece a la categoria,Brigands and robbers
Las Senales de Anteo,fue publicada en el año,2000
Las Senales de Anteo,pertenece a la categoria,Metaphysical Phenomena - General
Las Senales de Anteo,pertenece a la categoria,"New Age / Body, Mind & Spirit"
El pastor y las estrellas,fue publicada en el año,1977
La provincia perdida,fue publicada en el año,1955
20 de julio de 1810,fue publicada en el año,2010
20 de julio de 1810,pertenece a la categoria,History
20 de julio de 1810,pertenece a la categoria,Sources
República Liberal,fue publicada en el año,2009
República Liberal,pertenece a la categoria,Politics and government
República Liberal,pertenece a la categoria,Liberalism
República Liberal,pertenece a la categoria,History
República Liberal,pertenece a la categoria,Politics and culture
La hegemonía conservadora,fue publicada en el año,2018
La hegemonía conservadora,pertenece a la categoria,Intellectual life
La hegemonía conservadora,pertenece a la categoria,History
"La restauración conservadora, 1946-1957",fue publicada en el año,2012
"La restauración conservadora, 1946-1957",pertenece a la categoria,History
"La restauración conservadora, 1946-1957",pertenece a la categoria,Conservatism
"La restauración conservadora, 1946-1957",pertenece a la categoria,Politics and government
"La restauración conservadora, 1946-1957",pertenece a la categoria,Partido Conservador (Colombia)
"La restauración conservadora, 1946-1957",pertenece a la categoria,Partido Liberal (Colombia)
La filosofía y la crisis colombiana,fue publicada en el año,2002
La filosofía y la crisis colombiana,pertenece a la categoria,"Philosophy, Colombian -- 20th century."
La filosofía y la crisis colombiana,pertenece a la categoria,Colombia -- Politics and government -- 1974- -- Philosophy.
La filosofía y la crisis colombiana,pertenece a la categoria,Colombia -- Social conditions -- 1970-
El radicalismo colombiano del siglo XIX,fue publicada en el año,2006
El radicalismo colombiano del siglo XIX,pertenece a la categoria,Politics and government
El radicalismo colombiano del siglo XIX,pertenece a la categoria,Radicalism
El radicalismo colombiano del siglo XIX,pertenece a la categoria,History
García Márquez,fue publicada en el año,2015
García Márquez,pertenece a la categoria,Colombian Authors
García Márquez,pertenece a la categoria,Biography
Evangelio del viento,fue publicada en el año,2008
La ciudad amurallada,fue publicada en el año,2003
La ciudad amurallada,pertenece a la categoria,History
La ciudad amurallada,pertenece a la categoria,Description and travel
La ciudad amurallada,pertenece a la categoria,Social life and customs
El mundo según Germán Espinosa,fue publicada en el año,2008
"Ensayos Biográficos y de Crítica Literaria Sobre Los Principales Poetas y Literatos Hispano-Americanos, Volume 3...",fue publicada en el año,2023
Coleccion de Poesias Originales,fue publicada en el año,2023
Ensayos Biográficos y de Crítica Literaria Sobre Los Principales Poetas y Literatos Hispano-Americanos,fue publicada en el año,2022
Qué Problema con Mi Nombre!,fue publicada en el año,2020
"Bizancio, el dique iluminado",fue publicada en el año,1997
"Bizancio, el dique iluminado",pertenece a la categoria,Imperialism -- Philosophy.
"Bizancio, el dique iluminado",pertenece a la categoria,Byzantine Empire -- History.
"Herederos del mal : clanes, mafias y mermelada. Congreso 2014-2018",fue publicada en el año,2014
El regreso del uribismo,fue publicada en el año,2019
El regreso del uribismo,pertenece a la categoria,Politics and government
Sindicalismo asesinado,fue publicada en el año,2012
Sindicalismo asesinado,pertenece a la categoria,Labor union members
Sindicalismo asesinado,pertenece a la categoria,Violence against
Sindicalismo asesinado,pertenece a la categoria,Labor unions
Sindicalismo asesinado,pertenece a la categoria,Violence
Mis años de guerra,fue publicada en el año,2008
Mis años de guerra,pertenece a la categoria,"Valencia, León, -- 1955-"
Mis años de guerra,pertenece a la categoria,Ejército de Liberación Nacional (Colombia)
Mis años de guerra,pertenece a la categoria,Guerrillas -- Colombia -- Biography
Mis años de guerra,pertenece a la categoria,Revolutionaries -- Colombia -- Biography
Mis años de guerra,pertenece a la categoria,Colombia -- Politics and government -- 1974-
Parapolítica,fue publicada en el año,2007
Parapolítica,pertenece a la categoria,Autodefensas Unidas de Colombia
Parapolítica,pertenece a la categoria,Paramilitary forces -- Colombia
Parapolítica,pertenece a la categoria,Colombia -- Politics and government -- 1974-
Mis años de guerra,fue publicada en el año,2008
Mis años de guerra,pertenece a la categoria,"Valencia, León, -- 1955-"
Mis años de guerra,pertenece a la categoria,Ejército de Liberación Nacional (Colombia)
Mis años de guerra,pertenece a la categoria,Guerrillas -- Colombia -- Biography
Mis años de guerra,pertenece a la categoria,Revolutionaries -- Colombia -- Biography
Mis años de guerra,pertenece a la categoria,Colombia -- Politics and government -- 1974-
Mis años de guerra,fue publicada en el año,2008
Ilegalidad Aparente o Violación Permanente,fue publicada en el año,2015
Estudios de propiedad intelectual,fue publicada en el año,2011
Estudios de propiedad intelectual,pertenece a la categoria,Intellectual property
Suenas timbres & 13 textos testimoniales,fue publicada en el año,2017
Suenas timbres & 13 textos testimoniales,pertenece a la categoria,Criticism and interpretation
Suenas timbres & 13 textos testimoniales,pertenece a la categoria,Portraits
Ni dulce ni amargo,fue publicada en el año,2018
Luis Vidales (Cuadernillos de Poesia),fue publicada en el año,2003
Luis Vidales (Cuadernillos de Poesia),pertenece a la categoria,General
Luis Vidales (Cuadernillos de Poesia),pertenece a la categoria,Literary Collections
Luis Vidales (Cuadernillos de Poesia),pertenece a la categoria,Children's Books/Ages 9-12 Fiction
Luis Vidales (Cuadernillos de Poesia),pertenece a la categoria,Spanish: Adult Fiction
Selección de centenario,fue publicada en el año,2004
Selección de centenario,pertenece a la categoria,"Vidales, Luis -- Criticism and interpretation."
Espiar a los felices,fue publicada en el año,2016
El infierno de los otros,fue publicada en el año,2009
El infierno de los otros,fue publicada en el año,2009
Los oficios del infierno - 1. edición,fue publicada en el año,2016
Un acordeo n tras la reja,fue publicada en el año,2020
Obra poética,fue publicada en el año,2010
La carcel,fue publicada en el año,2005
La carcel,pertenece a la categoria,General & Literary Fiction
La carcel,pertenece a la categoria,Latin American Novel And Short Story
La carcel,pertenece a la categoria,Fiction
La carcel,pertenece a la categoria,Fiction - General
La carcel,pertenece a la categoria,Spanish
La carcel,pertenece a la categoria,Spanish: Adult Fiction
La carcel,pertenece a la categoria,South America
La carcel,pertenece a la categoria,General
La carcel,pertenece a la categoria,Fiction / General
La carcel,pertenece a la categoria,Reading materials
La carcel,pertenece a la categoria,Spanish language
Esperando tus ojos,fue publicada en el año,2011
Rêves et réalités / Sueños y realidades,fue publicada en el año,2005
Cien Años de Soledad y un Homenaje,fue publicada en el año,2007
Las cartas del Boom,fue publicada en el año,2023
Cien años de Soledad (Edición de Regalo) / One Hundred Years of Solitude (Gift Edition),fue publicada en el año,2024
Me alquilo para soñar,fue publicada en el año,1995
Me alquilo para soñar,pertenece a la categoria,Television authorship.
Diccionario Clave : diccionario de uso del español actual,fue publicada en el año,2008
DE EUROPA Y AMÉRICA,fue publicada en el año,2001
DE EUROPA Y AMÉRICA,pertenece a la categoria,Romance literature
"Andrés Caicedo, teatro",fue publicada en el año,2017
Correspondencia,fue publicada en el año,2020
Correspondencia,pertenece a la categoria,Correspondence
Andrés Caicedo,fue publicada en el año,2007
Andrés Caicedo,pertenece a la categoria,Correspondence
Andrés Caicedo,pertenece a la categoria,Colombian Authors
Andrés Caicedo,pertenece a la categoria,Biography
¡Que viva la música!,fue publicada en el año,2012
¡Que viva la música!,pertenece a la categoria,Música
¡Que viva la música!,pertenece a la categoria,Fiction
¡Que viva la música!,pertenece a la categoria,Jóvenes (Mujeres)
¡Que viva la música!,pertenece a la categoria,Salsa (Música)
¡Que viva la música!,pertenece a la categoria,Young women
¡Que viva la música!,pertenece a la categoria,Music
¡Que viva la música!,pertenece a la categoria,Ficción
¡Que viva la música!,pertenece a la categoria,Salsa (Music)
Noche sin fortuna,fue publicada en el año,2009
Noche sin fortuna,pertenece a la categoria,Jóvenes (Hombres)
Noche sin fortuna,pertenece a la categoria,Young men
Noche sin fortuna,pertenece a la categoria,Novela colombiana
Noche sin fortuna,pertenece a la categoria,Ficción
Noche sin fortuna,pertenece a la categoria,Colombian fiction
Noche sin fortuna,pertenece a la categoria,Fiction
Que viva la música,fue publicada en el año,2009
Que viva la música,pertenece a la categoria,Novela colombiana
Que viva la música,pertenece a la categoria,Music
Que viva la música,pertenece a la categoria,Colombian fiction
Que viva la música,pertenece a la categoria,Fiction
Angelitos empantanados (o Historias para jovencitos),fue publicada en el año,2008
8 Cuentos,fue publicada en el año,2017
El atravesado,fue publicada en el año,1997
Noche sin fortuna,fue publicada en el año,2002
Ojo al cine,fue publicada en el año,1999
Ojo al cine,pertenece a la categoria,Motion pictures -- Reviews.
Ojo al cine,pertenece a la categoria,Motion pictures.
Mi cuerpo es una celda,fue publicada en el año,2008
Mi cuerpo es una celda,pertenece a la categoria,"Caicedo Estela, Andrés, -- 1951-1977"
Mi cuerpo es una celda,pertenece a la categoria,"Authors, Colombian -- 20th century -- Biography"
Si yo fuera tambó,fue publicada en el año,2010
Si yo fuera tambó,pertenece a la categoria,Criticism and interpretation
Si yo fuera tambó,pertenece a la categoria,Colombian poetry
Cantos populares de mi tierra,fue publicada en el año,1988
Cantos populares de mi tierra,fue publicada en el año,1950
Cantos populares de mi tierra,pertenece a la categoria,Colombian poetry.
Cantos populares de mi tierra,pertenece a la categoria,Poesía colombiana.
Cantos populares de mi tierra,fue publicada en el año,2010
Obra poética,fue publicada en el año,2010
Nuevo sentimentario,fue publicada en el año,2019
Nuevo sentimentario,pertenece a la categoria,Colombian poetry
Nuevo sentimentario,pertenece a la categoria,Love poetry
Sólo el azar (1. edición) (2011),fue publicada en el año,2011
Poemas de amor,fue publicada en el año,1986
Antología de crónica latinoamericana actual,fue publicada en el año,2012
Antología de crónica latinoamericana actual,pertenece a la categoria,Latin American Reportage literature
Antología de crónica latinoamericana actual,pertenece a la categoria,Latin American Short stories
Nicolás aprende los números,fue publicada en el año,2014
Nicolás aprende los números,pertenece a la categoria,Writing of Numerals
Nicolás aprende los números,pertenece a la categoria,Juvenile fiction
Nicolás aprende los números,pertenece a la categoria,Numerales
Nicolás aprende los números,pertenece a la categoria,Ficción juvenil
Nicolás aprende los números,pertenece a la categoria,Números
Nicolás aprende los números,pertenece a la categoria,Novela juvenil
Del marqués a la monja,fue publicada en el año,2014
Del marqués a la monja,pertenece a la categoria,Spanish poetry
Poesía en la canción popular latinoamericana,fue publicada en el año,2008
Poesía en la canción popular latinoamericana,pertenece a la categoria,Spanish Folk songs
Poesía en la canción popular latinoamericana,pertenece a la categoria,History and criticism
Poesía en la canción popular latinoamericana,pertenece a la categoria,Popular music
Poesía en la canción popular latinoamericana,pertenece a la categoria,Latin American poetry
Poesía en la canción popular latinoamericana,pertenece a la categoria,Lyric writing (Popular music)
Basta cerrar los ojos,fue publicada en el año,2014
Basta cerrar los ojos,pertenece a la categoria,Colombian poetry
Basta cerrar los ojos,pertenece a la categoria,Colombian literature
Basta cerrar los ojos,pertenece a la categoria,Poesía colombiana
Basta cerrar los ojos,pertenece a la categoria,Literatura colombiana
Cuadernos de música,fue publicada en el año,2008
La voz interior,fue publicada en el año,2006
Poemas de amor,fue publicada en el año,1986
Historia de Simona,fue publicada en el año,2011
Antología de crónica latinoamericana actual,fue publicada en el año,2012
Antología de crónica latinoamericana actual,pertenece a la categoria,Latin American literature
Antología de crónica latinoamericana actual,pertenece a la categoria,Latin American Reportage literature
En torno al frenesí,fue publicada en el año,2020
Cuentos,fue publicada en el año,2017
Cartas del palomar,fue publicada en el año,1988
Cartas del palomar,pertenece a la categoria,Storytelling -- Juvenile fiction.
Cartas del palomar,fue publicada en el año,2003
Cartas del palomar,pertenece a la categoria,Juvenile Fiction
Cartas del palomar,pertenece a la categoria,Children's Books/Ages 9-12 Fiction
Cartas del palomar,pertenece a la categoria,Spanish: Young Adult (Gr. 10-12)
Cartas del palomar,pertenece a la categoria,General
Cartas del palomar,pertenece a la categoria,Children's Books / 4-8 Years
La Casa del Abuelo,fue publicada en el año,1998
La Casa del Abuelo,pertenece a la categoria,Juvenile Fiction
La Casa del Abuelo,pertenece a la categoria,Children's Books/Ages 9-12 Fiction
La Casa del Abuelo,pertenece a la categoria,Spanish: Young Adult (Gr. 7-9)
La Casa del Abuelo,pertenece a la categoria,General
La Casa del Abuelo,pertenece a la categoria,Children's All Ages
La Casa del Arco Iris,fue publicada en el año,1997
La Casa del Arco Iris,pertenece a la categoria,Juvenile Fiction
La Casa del Arco Iris,pertenece a la categoria,Children's Books/Ages 9-12 Fiction
La Casa del Arco Iris,pertenece a la categoria,Spanish: Young Adult (Gr. 7-9)
La Casa del Arco Iris,pertenece a la categoria,General
La Casa del Arco Iris,pertenece a la categoria,Children's All Ages
La Casa del Verde Doncel,fue publicada en el año,2003
La Casa del Verde Doncel,pertenece a la categoria,Juvenile Fiction
La Casa del Verde Doncel,pertenece a la categoria,Children's Books/Ages 9-12 Fiction
La Casa del Verde Doncel,pertenece a la categoria,Spanish: Young Adult (Gr. 7-9)
La Casa del Verde Doncel,pertenece a la categoria,General
La Casa del Verde Doncel,pertenece a la categoria,Children's All Ages
Los encantamientos,fue publicada en el año,2003
"Almas En Pena, Chapolas Negras",fue publicada en el año,2002
"Almas En Pena, Chapolas Negras",pertenece a la categoria,General
"Almas En Pena, Chapolas Negras",pertenece a la categoria,Literary
"Almas En Pena, Chapolas Negras",pertenece a la categoria,Biography & Autobiography
"Almas En Pena, Chapolas Negras",pertenece a la categoria,Biography / Autobiography
"Almas En Pena, Chapolas Negras",pertenece a la categoria,Spanish: Adult Fiction
Años de indulgencia,fue publicada en el año,1989
El Desbarrancadero/the Edge of the Abyss,fue publicada en el año,2003
El Desbarrancadero/the Edge of the Abyss,pertenece a la categoria,Short Stories (single author)
El Desbarrancadero/the Edge of the Abyss,pertenece a la categoria,Fiction
El Desbarrancadero/the Edge of the Abyss,pertenece a la categoria,Fiction - General
El Desbarrancadero/the Edge of the Abyss,pertenece a la categoria,Spanish: Adult Fiction
El Desbarrancadero/the Edge of the Abyss,pertenece a la categoria,General
Entre Fantasmas / Between Ghosts,fue publicada en el año,2005
Entre Fantasmas / Between Ghosts,pertenece a la categoria,Ghost
Entre Fantasmas / Between Ghosts,pertenece a la categoria,Fiction
Entre Fantasmas / Between Ghosts,pertenece a la categoria,Fiction - General
Entre Fantasmas / Between Ghosts,pertenece a la categoria,Spanish: Adult Fiction
Entre Fantasmas / Between Ghosts,pertenece a la categoria,General
La Puta De Babilonia/ the Bitch of Babylonia,fue publicada en el año,2007
La Puta De Babilonia/ the Bitch of Babylonia,pertenece a la categoria,General
La Puta De Babilonia/ the Bitch of Babylonia,pertenece a la categoria,Christian - Historical
La Puta De Babilonia/ the Bitch of Babylonia,pertenece a la categoria,Fiction
La Puta De Babilonia/ the Bitch of Babylonia,pertenece a la categoria,Fiction - General
La Puta De Babilonia/ the Bitch of Babylonia,pertenece a la categoria,Catholic Church
La Puta De Babilonia/ the Bitch of Babylonia,pertenece a la categoria,Controversial literature
La Puta De Babilonia/ the Bitch of Babylonia,pertenece a la categoria,Spanish: Adult Fiction
La Rambla Paralelau,fue publicada en el año,2002
Los Dias Azules,fue publicada en el año,2005
Los Dias Azules,pertenece a la categoria,General
Los Dias Azules,pertenece a la categoria,Fiction - General
Manualito de Imposturologia Fisica,fue publicada en el año,2005
Manualito de Imposturologia Fisica,pertenece a la categoria,General
Manualito de Imposturologia Fisica,pertenece a la categoria,Fiction - General
Mi Hermano El Alcalde/my Brother the Mayor,fue publicada en el año,2004
Mi Hermano El Alcalde/my Brother the Mayor,pertenece a la categoria,Reading materials
Mi Hermano El Alcalde/my Brother the Mayor,pertenece a la categoria,Fiction
Mi Hermano El Alcalde/my Brother the Mayor,pertenece a la categoria,Fiction - General
Mi Hermano El Alcalde/my Brother the Mayor,pertenece a la categoria,Spanish: Adult Fiction
Mi Hermano El Alcalde/my Brother the Mayor,pertenece a la categoria,General
Mi Hermano El Alcalde/my Brother the Mayor,pertenece a la categoria,Spanish language
El Fuego Secreto,fue publicada en el año,1987
El río del tiempo,fue publicada en el año,1999
Entre fantasmas,fue publicada en el año,1993
La tautología darwinista y otros ensayos de biología,fue publicada en el año,2002
La tautología darwinista y otros ensayos de biología,pertenece a la categoria,"Darwin, Charles, -- 1809-1882."
La tautología darwinista y otros ensayos de biología,pertenece a la categoria,Evolution (Biology)
La tautología darwinista y otros ensayos de biología,pertenece a la categoria,Natural history -- Philosophy -- Popular works.
La tautología darwinista y otros ensayos de biología,pertenece a la categoria,Biology -- Philosophy.
La tautología darwinista y otros ensayos de biología,pertenece a la categoria,Natural selection.
Logoi,fue publicada en el año,1983
Logoi,pertenece a la categoria,Rhetoric.
Logoi,pertenece a la categoria,"Grammar, Comparative and general."
Los caminos a Roma,fue publicada en el año,1988
Los días azules,fue publicada en el año,1987
El mensajero,fue publicada en el año,1991
El desbarrancadero,fue publicada en el año,2001
El desbarrancadero,pertenece a la categoria,Novela colombiana -- Siglo XX.
Rêves et réalités / Sueños y realidades,fue publicada en el año,2005
Cien Años de Soledad y un Homenaje,fue publicada en el año,2007
Las cartas del Boom,fue publicada en el año,2023
Cien años de Soledad (Edición de Regalo) / One Hundred Years of Solitude (Gift Edition),fue publicada en el año,2024
Me alquilo para soñar,fue publicada en el año,1995
Me alquilo para soñar,pertenece a la categoria,Television authorship.
Diccionario Clave : diccionario de uso del español actual,fue publicada en el año,2008
DE EUROPA Y AMÉRICA,fue publicada en el año,2001
DE EUROPA Y AMÉRICA,pertenece a la categoria,Romance literature
Angosta (Spanish Edition),fue publicada en el año,2021
Angosta (Spanish Edition),pertenece a la categoria,"Fiction, dystopian"
Lo Que Fue Presente / What Was Present,fue publicada en el año,2020
Lo Que Fue Presente / What Was Present,pertenece a la categoria,Personal memoirs
Traiciones de la Memoria  Treasons of the Memory,fue publicada en el año,2009
Tratado de Culinaria Para Mujeres Tristes - Bolsillo,fue publicada en el año,2001
Tratado de Culinaria Para Mujeres Tristes - Bolsillo,pertenece a la categoria,General
Tratado de Culinaria Para Mujeres Tristes - Bolsillo,pertenece a la categoria,Fiction - General
Poemas,fue publicada en el año,2014
Aserrin Aserran,fue publicada en el año,2003
Aserrin Aserran,pertenece a la categoria,Juvenile Fiction
Aserrin Aserran,pertenece a la categoria,Children's Books/Ages 9-12 Fiction
Aserrin Aserran,pertenece a la categoria,Spanish: Young Adult (Gr. 10-12)
Aserrin Aserran,pertenece a la categoria,General
Poemas,fue publicada en el año,2014
Poemas,pertenece a la categoria,Poetry (poetic works by one author)
Poesias,fue publicada en el año,2000
Poesias,pertenece a la categoria,General
Poesias,pertenece a la categoria,Criticism and interpretation
Poesias,pertenece a la categoria,"Silva, Jose Asuncion, 1865-1896"
Poesias,pertenece a la categoria,"Silva, Josâe Asunciâon, 1865-1896"
Poesias,pertenece a la categoria,Poetry
de Sobremesa - 544,fue publicada en el año,1996
de Sobremesa - 544,pertenece a la categoria,General
de Sobremesa - 544,pertenece a la categoria,Fiction - General
"Poesia, De Sobremesa",fue publicada en el año,2006
"Poesia, De Sobremesa",pertenece a la categoria,Latin American Poetry
"Poesia, De Sobremesa",pertenece a la categoria,Poetry
"Poesia, De Sobremesa",pertenece a la categoria,Spanish: Adult Nonfiction
"Poesia, De Sobremesa",pertenece a la categoria,Caribbean & Latin American
"Poesia, De Sobremesa",pertenece a la categoria,1865-1896
"Poesia, De Sobremesa",pertenece a la categoria,Criticism and interpretation
"Poesia, De Sobremesa",pertenece a la categoria,"Silva, Josâe Asunciâon,"
"Poesia, De Sobremesa",pertenece a la categoria,Literary Criticism
Cartas,fue publicada en el año,1996
Cartas,pertenece a la categoria,Correspondence
Cartas,pertenece a la categoria,"Silva, Jose Asuncion"
Poemas y Prosas,fue publicada en el año,1991
Poemas y Prosas,pertenece a la categoria,General
Poemas y Prosas,pertenece a la categoria,Fiction - General
De Sobremesa (Letras Latino Americanas),fue publicada en el año,2003
De Sobremesa (Letras Latino Americanas),pertenece a la categoria,Literary Collections
De Sobremesa (Letras Latino Americanas),pertenece a la categoria,Fiction - General
De Sobremesa (Letras Latino Americanas),pertenece a la categoria,Spanish: Adult Fiction
De Sobremesa (Letras Latino Americanas),pertenece a la categoria,General
De Sobremesa (Letras Latino Americanas),pertenece a la categoria,Children's All Ages
Jose Asuncion Silva (Cuadernillos de Poesia),fue publicada en el año,2003
Jose Asuncion Silva (Cuadernillos de Poesia),pertenece a la categoria,Literary Collections
Jose Asuncion Silva (Cuadernillos de Poesia),pertenece a la categoria,Children's Books/Ages 9-12 Fiction
Jose Asuncion Silva (Cuadernillos de Poesia),pertenece a la categoria,Spanish: Adult Fiction
Jose Asuncion Silva (Cuadernillos de Poesia),pertenece a la categoria,General
Jose Asuncion Silva (Cuadernillos de Poesia),pertenece a la categoria,Children's All Ages
Cartas,fue publicada en el año,1996
Cartas,pertenece a la categoria,"Silva, José Asunción, 1865-1896 -- Correspondence."
Cartas,pertenece a la categoria,"Authors, Colombian -- 19th century -- Correspondence."
Granta en español #6,fue publicada en el año,2005
Granta en español #6,pertenece a la categoria,Literature - Classics / Criticism
Granta en español #6,pertenece a la categoria,"Body, Mind & Spirit"
Granta en español #6,pertenece a la categoria,Spanish: Adult Nonfiction
Granta en español #6,pertenece a la categoria,Essays
Granta en español #6,pertenece a la categoria,Mysticism
Nuevas rutas,fue publicada en el año,2010
Nuevas rutas,pertenece a la categoria,Juvenile fiction
El arte de la distorsión,fue publicada en el año,2009
El arte de la distorsión,pertenece a la categoria,Colombian essays
El arte de la distorsión,pertenece a la categoria,Literature
El arte de la distorsión,pertenece a la categoria,History and criticism
El ruido de las cosas al caer,fue publicada en el año,2011
El ruido de las cosas al caer,pertenece a la categoria,Fiction
El ruido de las cosas al caer,pertenece a la categoria,Drug dealers
El ruido de las cosas al caer,pertenece a la categoria,Fugitives from justice
El ruido de las cosas al caer,pertenece a la categoria,Drug traffic
El ruido de las cosas al caer,pertenece a la categoria,Male friendship
El ruido de las cosas al caer,pertenece a la categoria,Novela
El ruido de las cosas al caer,pertenece a la categoria,Narcotraficantes
El ruido de las cosas al caer,pertenece a la categoria,Proscritos
El ruido de las cosas al caer,pertenece a la categoria,Tráfico de drogas y narcóticos
Los informantes,fue publicada en el año,2017
Los informantes,pertenece a la categoria,Family secrets
Los informantes,pertenece a la categoria,Periodistas
Los informantes,pertenece a la categoria,Journalists
Los informantes,pertenece a la categoria,Fathers and sons
Los informantes,pertenece a la categoria,Fiction
Los informantes,pertenece a la categoria,Historia
Los informantes,pertenece a la categoria,Secretos
Los informantes,pertenece a la categoria,Padres e hijos
Los informantes,pertenece a la categoria,Ficción
Los informantes,pertenece a la categoria,History
Los amantes de Todos los Santos,fue publicada en el año,2001
Joseph Conrad El Hombre De Ninguna Parte,fue publicada en el año,2004
Joseph Conrad El Hombre De Ninguna Parte,pertenece a la categoria,Spanish: Adult Nonfiction
Joseph Conrad El Hombre De Ninguna Parte,pertenece a la categoria,Biography & Autobiography
Joseph Conrad El Hombre De Ninguna Parte,pertenece a la categoria,History - General History
Joseph Conrad El Hombre De Ninguna Parte,pertenece a la categoria,General
Joseph Conrad El Hombre De Ninguna Parte,pertenece a la categoria,Biographies & Memoirs / Biographies
Joseph Conrad El Hombre De Ninguna Parte,pertenece a la categoria,(1857-1924)
Joseph Conrad El Hombre De Ninguna Parte,pertenece a la categoria,1857-1924
Joseph Conrad El Hombre De Ninguna Parte,pertenece a la categoria,Biografâia
Joseph Conrad El Hombre De Ninguna Parte,pertenece a la categoria,"Conrad, Joseph"
Joseph Conrad El Hombre De Ninguna Parte,pertenece a la categoria,"Conrad, Joseph,"
Joseph Conrad El Hombre De Ninguna Parte,pertenece a la categoria,Criticism and interpretation
Joseph Conrad El Hombre De Ninguna Parte,pertenece a la categoria,Crâitica e interpretaciâon
Alina Suplicante,fue publicada en el año,1999
Alina Suplicante,pertenece a la categoria,General
Alina Suplicante,pertenece a la categoria,Fiction - General
Los amantes de Todos los Santos,fue publicada en el año,2008
Las reputaciones,fue publicada en el año,2013
Los informantes,fue publicada en el año,2004
Los informantes,pertenece a la categoria,General
Los informantes,pertenece a la categoria,Fiction - General
El arte de la distorsión,fue publicada en el año,2009
Las reputaciones,fue publicada en el año,2013
Demasiados héroes,fue publicada en el año,2013
Los Divinos - 1. edición,fue publicada en el año,2018
Dulce Compania,fue publicada en el año,2013
Dulce Compania,pertenece a la categoria,"Fiction, religious"
Novia Oscura,fue publicada en el año,2009
Novia Oscura,pertenece a la categoria,"Colombia, fiction"
Novia Oscura,pertenece a la categoria,"Fiction, general"
Delirio / Delirium,fue publicada en el año,2018
Leopardo al sol,fue publicada en el año,2006
Leopardo al sol,pertenece a la categoria,Drug traffic
Leopardo al sol,pertenece a la categoria,Venganza
Leopardo al sol,pertenece a la categoria,Novela
Leopardo al sol,pertenece a la categoria,Vendetta
Leopardo al sol,pertenece a la categoria,Tra fico de drogas
Leopardo al sol,pertenece a la categoria,Fiction
La isla de la pasio n,fue publicada en el año,2007
La isla de la pasio n,pertenece a la categoria,Islas
La isla de la pasio n,pertenece a la categoria,Fiction
La isla de la pasio n,pertenece a la categoria,Novela
La isla de la pasio n,pertenece a la categoria,History
Demasiados héroes,fue publicada en el año,2015
Dulca Compania,fue publicada en el año,2000
Dulca Compania,pertenece a la categoria,General
Dulca Compania,pertenece a la categoria,Fiction - General
"LA Multitud Errante (Biblioteca Breve (Bogota, Colombia).)",fue publicada en el año,2002
"LA Multitud Errante (Biblioteca Breve (Bogota, Colombia).)",pertenece a la categoria,Spanish language
"LA Multitud Errante (Biblioteca Breve (Bogota, Colombia).)",pertenece a la categoria,Fiction
"LA Multitud Errante (Biblioteca Breve (Bogota, Colombia).)",pertenece a la categoria,Spanish: Adult Fiction
"LA Multitud Errante (Biblioteca Breve (Bogota, Colombia).)",pertenece a la categoria,General
"LA Multitud Errante (Biblioteca Breve (Bogota, Colombia).)",pertenece a la categoria,Reading materials
La novia oscura/ The Evil Girlfriend,fue publicada en el año,2007
La novia oscura/ The Evil Girlfriend,pertenece a la categoria,Literary
La novia oscura/ The Evil Girlfriend,pertenece a la categoria,Fiction
La novia oscura/ The Evil Girlfriend,pertenece a la categoria,Spanish: Adult Fiction
Demasiados héroes,fue publicada en el año,2009
Tiempo de Las Amazonas / the Time of the Amazon,fue publicada en el año,2021
Lo Que No Tiene Nombre / That Which Has No Name,fue publicada en el año,2024
El corazón del miedo,fue publicada en el año,2021
Qué Hacer con Estos Pedazos / What Do We Do with These Pieces?,fue publicada en el año,2022
Poesía Reunida,fue publicada en el año,2017
Poesía Reunida,pertenece a la categoria,Romance literature
Lo que no tiene nombre,fue publicada en el año,2013
Donde Nadie Me Espere / Where No One Awaits Me,fue publicada en el año,2020
Prestigio de la Belleza,fue publicada en el año,2011
Lo que no tiene nombre,fue publicada en el año,2013
Lo que no tiene nombre,pertenece a la categoria,Enfermedades mentales
Lo que no tiene nombre,pertenece a la categoria,Suicide
Lo que no tiene nombre,pertenece a la categoria,Mental illness
Lo que no tiene nombre,pertenece a la categoria,Ficción
Lo que no tiene nombre,pertenece a la categoria,Suicidio
Lo que no tiene nombre,pertenece a la categoria,Fiction
Ejercicios de estilo,fue publicada en el año,2007
Arte del siglo XX,fue publicada en el año,2004
Arte del siglo XX,pertenece a la categoria,"Carpentier, Alejo, -- 1904-1980."
Arte del siglo XX,pertenece a la categoria,"Lam, Wifredo."
Arte del siglo XX,pertenece a la categoria,"Caballero, Luis, -- 1943-"
Arte del siglo XX,pertenece a la categoria,"Arts, Cuban -- 20th century."
Arte del siglo XX,pertenece a la categoria,"Art, Colombian -- 20th century."
Imaginación y oficio,fue publicada en el año,2003
Imaginación y oficio,pertenece a la categoria,"Poets, Colombian -- 20th century -- Interviews."
Imaginación y oficio,pertenece a la categoria,Colombian poetry -- 20th century -- History and criticism.
Siempre fue invierno,fue publicada en el año,2007
Siempre fue invierno,pertenece a la categoria,Medical students -- Colombia -- Fiction
Siempre fue invierno,pertenece a la categoria,Colombia -- Social conditions -- Fiction
Las herencias,fue publicada en el año,2008
Los privilegios del olvido,fue publicada en el año,2008
Explicaciones no pedidas,fue publicada en el año,2011
Fabulas y verdades,fue publicada en el año,1916
Fabulas y verdades,pertenece a la categoria,Colombian poetry
"Rafael Pombo, ese desconocido",fue publicada en el año,2013
La pobre viejecita,fue publicada en el año,2015
La pobre viejecita,pertenece a la categoria,Older women
La pobre viejecita,pertenece a la categoria,Juvenile literature
La pobre viejecita,pertenece a la categoria,Spiritual life
La pobre viejecita,pertenece a la categoria,Wealth
La pobre viejecita,pertenece a la categoria,Poetry
La pobre viejecita,pertenece a la categoria,Old age
La pobre viejecita,pertenece a la categoria,Femmes âgées
La pobre viejecita,pertenece a la categoria,Ouvrages pour la jeunesse
La pobre viejecita,pertenece a la categoria,Vie spirituelle
La pobre viejecita,pertenece a la categoria,Ancianas
La pobre viejecita,pertenece a la categoria,Literatura juvenil
La pobre viejecita,pertenece a la categoria,Vida espiritual
Cantando y Contando a Rafael Pombo,fue publicada en el año,2000
Cuentos de Pombo / Stories by Pombo,fue publicada en el año,2001
Cuentos de Pombo / Stories by Pombo,pertenece a la categoria,Juvenile Nonfiction
Cuentos de Pombo / Stories by Pombo,pertenece a la categoria,Poetry - General
Cuentos de Pombo / Stories by Pombo,pertenece a la categoria,Children's 4-8 - Poetry / Plays
Cuentos de Pombo / Stories by Pombo,pertenece a la categoria,Children's Books/Ages 4-8 Nonfiction
Cuentos Pintados y Morales,fue publicada en el año,1997
Cuentos Pintados y Morales,pertenece a la categoria,General
Cuentos Pintados y Morales,pertenece a la categoria,Juvenile Fiction
Cuentos Pintados y Morales,pertenece a la categoria,Children's 9-12 - Fiction - General
Cuentos Pintados y Morales,pertenece a la categoria,Spanish: Grades 4-7
Fábulas y verdades,fue publicada en el año,1995
Fábulas y verdades,pertenece a la categoria,Literary Collections
Fábulas y verdades,pertenece a la categoria,Children's Books/Ages 9-12 Fiction
Fábulas y verdades,pertenece a la categoria,Spanish: Adult Fiction
Fábulas y verdades,pertenece a la categoria,General
Pastorcita,fue publicada en el año,2005
Pastorcita,pertenece a la categoria,Non-Classifiable
Pastorcita,pertenece a la categoria,Spanish: Adult Nonfiction
El Gato Bandido y Otros Versos,fue publicada en el año,2003
El Gato Bandido y Otros Versos,pertenece a la categoria,Poetry - General
El Gato Bandido y Otros Versos,pertenece a la categoria,Children's Books/Ages 9-12 Nonfiction
Cuentos Pintados,fue publicada en el año,1960
Fabulas y verdades,fue publicada en el año,1916
Rafael Pombo,fue publicada en el año,1943
Plegarias Nocturnas / Nighttime Prayers,fue publicada en el año,2015
Plegarias Nocturnas / Nighttime Prayers,pertenece a la categoria,"Fiction, general"
Plegarias Nocturnas / Nighttime Prayers,pertenece a la categoria,"Thailand, fiction"
Colombian Psycho (Spanish Edition),fue publicada en el año,2022
PERDER ES CUESTIÓN DE MÉTODO,fue publicada en el año,1901
Necrópolis,fue publicada en el año,2009
Hotel Pekín,fue publicada en el año,2008
Necrópolis,fue publicada en el año,2009
San Anto?ito - 1. edicion,fue publicada en el año,2019
Cuentos colombianos,fue publicada en el año,2005
Cuentos colombianos,pertenece a la categoria,"Short stories, Colombian."
Cuentos colombianos,pertenece a la categoria,Colombian fiction -- 20th century.
Obra completa,fue publicada en el año,2008
Empresas y tribulaciones de Maqroll el Gaviero,fue publicada en el año,2008
Empresas y tribulaciones de Maqroll el Gaviero,pertenece a la categoria,el Gaviero Maqroll (Fictitious character)
Empresas y tribulaciones de Maqroll el Gaviero,pertenece a la categoria,Fiction
Empresas y tribulaciones de Maqroll el Gaviero,pertenece a la categoria,"Maqroll, el Gaviero (Personaje literario)"
Empresas y tribulaciones de Maqroll el Gaviero,pertenece a la categoria,Novela
Estación México,fue publicada en el año,2011
Estación México,pertenece a la categoria,Intellectual life
Summa de Maqroll el Gaviero,fue publicada en el año,2008
La nieve del almirante,fue publicada en el año,2002
La nieve del almirante,pertenece a la categoria,Novela colombiana
La nieve del almirante,pertenece a la categoria,Colombian fiction
"Abdul Bashuer, Sonador De Navios / Abdul Bashuer, Ship Dreamer",fue publicada en el año,2003
"Abdul Bashuer, Sonador De Navios / Abdul Bashuer, Ship Dreamer",pertenece a la categoria,Spanish: Adult Fiction
"Abdul Bashuer, Sonador De Navios / Abdul Bashuer, Ship Dreamer",pertenece a la categoria,Fiction
"Abdul Bashuer, Sonador De Navios / Abdul Bashuer, Ship Dreamer",pertenece a la categoria,Fiction - General
"Abdul Bashuer, Sonador De Navios / Abdul Bashuer, Ship Dreamer",pertenece a la categoria,General
"Abdul Bashuer, Sonador De Navios / Abdul Bashuer, Ship Dreamer",pertenece a la categoria,Visionary & Metaphysical
Analisis De Ilona Llega Con La Lluvia,fue publicada en el año,2004
Analisis De Ilona Llega Con La Lluvia,pertenece a la categoria,Spanish: Adult Nonfiction
Analisis De Ilona Llega Con La Lluvia,pertenece a la categoria,Literary Criticism
Analisis De Ilona Llega Con La Lluvia,pertenece a la categoria,Literature - Classics / Criticism
Analisis De Ilona Llega Con La Lluvia,pertenece a la categoria,General
Antologia,fue publicada en el año,2001
Antologia,pertenece a la categoria,General
Antologia,pertenece a la categoria,Spanish: Adult Nonfiction
Antologia,pertenece a la categoria,Poetry
Antologia (Igitur/Mito),fue publicada en el año,1997
Antologia (Igitur/Mito),pertenece a la categoria,General
Antologia (Igitur/Mito),pertenece a la categoria,Fiction - General
Antologia Personal,fue publicada en el año,1995
Empresas Y Tribulaciones De Maqroll El Gaviero/maqroll's Ventures And Trubilations,fue publicada en el año,2001
Empresas Y Tribulaciones De Maqroll El Gaviero/maqroll's Ventures And Trubilations,pertenece a la categoria,Action & Adventure
Empresas Y Tribulaciones De Maqroll El Gaviero/maqroll's Ventures And Trubilations,pertenece a la categoria,Short Stories (single author)
Empresas Y Tribulaciones De Maqroll El Gaviero/maqroll's Ventures And Trubilations,pertenece a la categoria,Reading materials
Empresas Y Tribulaciones De Maqroll El Gaviero/maqroll's Ventures And Trubilations,pertenece a la categoria,Fiction - General
Empresas Y Tribulaciones De Maqroll El Gaviero/maqroll's Ventures And Trubilations,pertenece a la categoria,Spanish language
Empresas Y Tribulaciones De Maqroll El Gaviero/maqroll's Ventures And Trubilations,pertenece a la categoria,Spanish: Adult Fiction
Herve Di Rosa,fue publicada en el año,2002
Herve Di Rosa,pertenece a la categoria,Individual artists
Herve Di Rosa,pertenece a la categoria,Criticism
Herve Di Rosa,pertenece a la categoria,Fine Arts
Herve Di Rosa,pertenece a la categoria,Art
Herve Di Rosa,pertenece a la categoria,Art & Art Instruction
Herve Di Rosa,pertenece a la categoria,Spanish: Adult Nonfiction
Herve Di Rosa,pertenece a la categoria,Individual Artist
Jorgenrique Adoum,fue publicada en el año,2008
Aproximación a la paraliteratura,fue publicada en el año,2006
Ecuador: Senas particulares,fue publicada en el año,1998
Ecuador: Senas particulares,pertenece a la categoria,Identity (Psychology)
Ecuador: Senas particulares,pertenece a la categoria,Ecuador
Ecuador: Senas particulares,pertenece a la categoria,Social conditions
Ecuador: Senas particulares,pertenece a la categoria,20th century
Ecuador: Senas particulares,pertenece a la categoria,"National characteristics, Ecuadorian"
De cerca y de memoria,fue publicada en el año,2002
De cerca y de memoria,pertenece a la categoria,Spanish American literature -- 20th century -- History and criticism.
Jorgenrique Adoum,fue publicada en el año,2008
Poesía hasta hoy,fue publicada en el año,2008
Fernando Artieda,fue publicada en el año,2009
Alejandro Carrión,fue publicada en el año,2010
Círculo vicioso para principiantes,fue publicada en el año,2005
Que se vaya!,fue publicada en el año,1997
Que se vaya!,pertenece a la categoria,Politics and government
Gato por liebre,fue publicada en el año,2006
Nux vómica,fue publicada en el año,2011
Nux vómica,pertenece a la categoria,Political science
Ines Aranda,fue publicada en el año,2014
Las segundas criaturas,fue publicada en el año,2010
Crónica de un delito de blancos,fue publicada en el año,1996
Crónica de un delito de blancos,pertenece a la categoria,Political corruption -- Ecuador.
Crónica de un delito de blancos,pertenece a la categoria,Ecuador -- Politics and government -- 1984-
Miércoles y estiércoles,fue publicada en el año,2008
Las huellas de la Carimba,fue publicada en el año,2016
Las huellas de la Carimba,pertenece a la categoria,Blacks
Las huellas de la Carimba,pertenece a la categoria,Poetry
Me quieren...quitar lo de negro,fue publicada en el año,2019
Me quieren...quitar lo de negro,pertenece a la categoria,Blacks
Me quieren...quitar lo de negro,pertenece a la categoria,Poetry
Me quieren...quitar lo de negro,pertenece a la categoria,Ecuadorian poetry
Me quieren...quitar lo de negro,pertenece a la categoria,Ecuadorian literature
Autoritarismo y fascismo en América Latina,fue publicada en el año,2013
Autoritarismo y fascismo en América Latina,pertenece a la categoria,Politics and government
Autoritarismo y fascismo en América Latina,pertenece a la categoria,Authoritarianism
Autoritarismo y fascismo en América Latina,pertenece a la categoria,Fascism
Autoritarismo y fascismo en América Latina,pertenece a la categoria,Capitalism
Ensayos sociológicos y políticos,fue publicada en el año,2012
Ensayos sociológicos y políticos,pertenece a la categoria,Marxian school of sociology
Ensayos sociológicos y políticos,pertenece a la categoria,Communism and society
Entre la ira y la esperanza,fue publicada en el año,2007
Agustín Cueva,fue publicada en el año,2007
Agustín Cueva,pertenece a la categoria,"Cueva, Agustín, -- 1937-1992"
Agustín Cueva,pertenece a la categoria,Sociology -- Latin America
Agustín Cueva,pertenece a la categoria,Ecuadorian literature -- History and criticism
Entre la ira y la esperanza,fue publicada en el año,1967
Entre la ira y la esperanza,pertenece a la categoria,Ecuadorian literature -- History and criticism
Entre la ira y la esperanza,pertenece a la categoria,Ecuador -- Civilization
Entre la ira y la esperanza,pertenece a la categoria,Ecuador -- Intellectual life
Cartas y lecturas de Eugenio Espejo,fue publicada en el año,2008
Cartas y lecturas de Eugenio Espejo,pertenece a la categoria,Politics and government
Cartas y lecturas de Eugenio Espejo,pertenece a la categoria,History
Obras completas,fue publicada en el año,2008
Obras completas,pertenece a la categoria,History
Eugenio Espejo,fue publicada en el año,2007
Eugenio Espejo,pertenece a la categoria,"Santa Cruz y Espejo, Francisco Xavier Eugenio de, -- 1747-1795"
Eugenio Espejo,pertenece a la categoria,Intellectuals -- Ecuador
Juicio a Eugenio Espejo,fue publicada en el año,2007
Juicio a Eugenio Espejo,pertenece a la categoria,"Santa Cruz y Espejo, Francisco Xavier Eugenio de, -- 1747-1795 -- Trials, litigation, etc"
Juicio a Eugenio Espejo,pertenece a la categoria,"Santa Cruz y Espejo, Francisco Xavier Eugenio de, -- 1747-1795 -- Imprisonment"
Juicio a Eugenio Espejo,pertenece a la categoria,Ecuador -- History -- 18th century -- Sources
Poems,fue publicada en el año,2007
Poems,pertenece a la categoria,"Fierro, Luis Enrique, -- 1936- -- Criticism and interpretation"
"Quito Tradiciones, Testimonio Y Nostalgia (Tomo 2)",fue publicada en el año,1991
El derecho y el revés de la memoria,fue publicada en el año,2011
El derecho y el revés de la memoria,pertenece a la categoria,History
El derecho y el revés de la memoria,pertenece a la categoria,Social life and customs
El derecho y el revés de la memoria,pertenece a la categoria,Religious life and customs
Quito,fue publicada en el año,1989
Quito,pertenece a la categoria,Social life and customs
Quito,pertenece a la categoria,Quito (Ecuador)
Quito,pertenece a la categoria,History
"Parias, perdedores y otros antihéroes",fue publicada en el año,2005
"Parias, perdedores y otros antihéroes",pertenece a la categoria,Eccentrics and eccentricities -- Ecuador -- Quito -- Anecdotes
"Parias, perdedores y otros antihéroes",pertenece a la categoria,Quito (Ecuador) -- Anecdotes
Papa Murio Hoy/Papa Died Today,fue publicada en el año,1984
Papa Murio Hoy/Papa Died Today,pertenece a la categoria,Spanish language
Papa Murio Hoy/Papa Died Today,pertenece a la categoria,Spanish: Adult Nonfiction
Papa Murio Hoy/Papa Died Today,pertenece a la categoria,Reading materials
"Mujeres que sueñan, moldean saberes y fortalecen el buen vivir",fue publicada en el año,2012
"Mujeres que sueñan, moldean saberes y fortalecen el buen vivir",pertenece a la categoria,Quechua women
"Mujeres que sueñan, moldean saberes y fortalecen el buen vivir",pertenece a la categoria,Social life and customs
"Mujeres que sueñan, moldean saberes y fortalecen el buen vivir",pertenece a la categoria,Indian pottery
"Mujeres que sueñan, moldean saberes y fortalecen el buen vivir",pertenece a la categoria,Quechua Indians
Rincones que cantan,fue publicada en el año,2006
Rincones que cantan,pertenece a la categoria,Dance music
Rincones que cantan,pertenece a la categoria,History and criticism
Rincones que cantan,pertenece a la categoria,Music
Rincones que cantan,pertenece a la categoria,Pasillo
"El conquistador Rodrigo Pérez de Guzmán, o, el reino de la inteligencia",fue publicada en el año,2007
"El conquistador Rodrigo Pérez de Guzmán, o, el reino de la inteligencia",pertenece a la categoria,Genealogy
"El conquistador Rodrigo Pérez de Guzmán, o, el reino de la inteligencia",pertenece a la categoria,History
"Actores de la independencia, datos genealógicos",fue publicada en el año,2010
"Actores de la independencia, datos genealógicos",pertenece a la categoria,Biography
"Actores de la independencia, datos genealógicos",pertenece a la categoria,Dictionaries
"Actores de la independencia, datos genealógicos",pertenece a la categoria,History
"Calles, casas y gente del centro histórico de Quito",fue publicada en el año,2004
"Calles, casas y gente del centro histórico de Quito",pertenece a la categoria,Streets -- Ecuador -- Quito -- History
"Calles, casas y gente del centro histórico de Quito",pertenece a la categoria,"Architecture, Domestic -- Ecuador -- Quito -- History"
"Calles, casas y gente del centro histórico de Quito",pertenece a la categoria,Quito (Ecuador) -- History
"Calles, casas y gente del centro histórico de Quito",pertenece a la categoria,"Quito (Ecuador) -- Buildings, structures, etc"
Riobamba,fue publicada en el año,2005
Riobamba,pertenece a la categoria,Spaniards -- Ecuador -- Riobamba -- History.
Riobamba,pertenece a la categoria,Riobamba (Ecuador) -- Genealogy.
Estructura de la Plegaria,fue publicada en el año,2018
Bestiario Americano,fue publicada en el año,2017
Teoría de la Inspiración,fue publicada en el año,2017
Caricreaturas,fue publicada en el año,2017
Cumanda,fue publicada en el año,1989
Cumandá o Un drama entre salvajes,fue publicada en el año,1989
Théoden,fue publicada en el año,2015
Historia del movimiento antifascista del Ecuador (1941-1944),fue publicada en el año,2016
Historia del movimiento antifascista del Ecuador (1941-1944),pertenece a la categoria,Anti-fascist movements
Historia del movimiento antifascista del Ecuador (1941-1944),pertenece a la categoria,History
Historia del movimiento antifascista del Ecuador (1941-1944),pertenece a la categoria,Politics and government
Historia del movimiento antifascista del Ecuador (1941-1944),pertenece a la categoria,"World War, 1939-1945"
Historia del movimiento antifascista del Ecuador (1941-1944),pertenece a la categoria,World War (1939-1945) fast (OCoLC)fst01180924
Macrogramas,fue publicada en el año,2020
Cuaderno de la lluvia,fue publicada en el año,2020
Cuaderno de la lluvia,pertenece a la categoria,"Travelers' writings, Ecuadorian"
Cuaderno de la lluvia,pertenece a la categoria,Ecuadorian prose literature
Cuaderno de la lluvia,pertenece a la categoria,Ecuadorians
Cuaderno de la lluvia,pertenece a la categoria,Travel
Cuaderno de la lluvia,pertenece a la categoria,Intellectual life
Cuaderno de la lluvia,pertenece a la categoria,Anecdotes
Cuaderno de la lluvia,pertenece a la categoria,Voyages and travels
Cuaderno de la lluvia,pertenece a la categoria,Travelers' writings
Evolución Social Del Obrero en Guayaquil [1849-1920],fue publicada en el año,2023
Un hombre llamado Simón Bolívar,fue publicada en el año,2005
Un hombre llamado Simón Bolívar,pertenece a la categoria,"Bolívar, Simón, -- 1783-1830"
Un hombre llamado Simón Bolívar,pertenece a la categoria,Heads of state -- South America -- Biography
El país de las tinieblas,fue publicada en el año,2008
Ecuador,fue publicada en el año,1948
Ecuador,pertenece a la categoria,Ecuador
Todas las aves,fue publicada en el año,2013
Morga,fue publicada en el año,2007
Controversia sobre las fiestas oficiales centro Andinas,fue publicada en el año,2019
Controversia sobre las fiestas oficiales centro Andinas,pertenece a la categoria,Festivals
Controversia sobre las fiestas oficiales centro Andinas,pertenece a la categoria,History
América: Guitarra de otros verbos,fue publicada en el año,2013
América: Guitarra de otros verbos,pertenece a la categoria,Poetry
América: Guitarra de otros verbos,pertenece a la categoria,Colonies
América: Guitarra de otros verbos,pertenece a la categoria,Moral and ethical aspects
América: Guitarra de otros verbos,pertenece a la categoria,Conquerors
Indios Mitayos en Hambato Colonial,fue publicada en el año,2020
Indios Mitayos en Hambato Colonial,pertenece a la categoria,"America, history"
Tren a Chuchubamba,fue publicada en el año,2015
Nido de rifles,fue publicada en el año,2018
Tenencia de la tierra y remembranza del triunfalismo opresor,fue publicada en el año,2019
Tenencia de la tierra y remembranza del triunfalismo opresor,pertenece a la categoria,Rites and ceremonies
Tenencia de la tierra y remembranza del triunfalismo opresor,pertenece a la categoria,Fasts and feasts
Tenencia de la tierra y remembranza del triunfalismo opresor,pertenece a la categoria,Catholic Church
Tenencia de la tierra y remembranza del triunfalismo opresor,pertenece a la categoria,Manners and customs
Tenencia de la tierra y remembranza del triunfalismo opresor,pertenece a la categoria,Oppression (Psychology)
Tenencia de la tierra y remembranza del triunfalismo opresor,pertenece a la categoria,Indians of South America
Tenencia de la tierra y remembranza del triunfalismo opresor,pertenece a la categoria,Culture
Sustratos etnolingüísticos del Ecuador andino,fue publicada en el año,2020
Sustratos etnolingüísticos del Ecuador andino,pertenece a la categoria,Anthropological linguistics
Sustratos etnolingüísticos del Ecuador andino,pertenece a la categoria,Indians of South America
Sustratos etnolingüísticos del Ecuador andino,pertenece a la categoria,Languages
El reclinatorio de oro,fue publicada en el año,2021
Baños de agua santa en las incursiones al Oriente Ecuatoriano,fue publicada en el año,2021
Baños de agua santa en las incursiones al Oriente Ecuatoriano,pertenece a la categoria,History
Mazorra,fue publicada en el año,2009
El cajón postergado,fue publicada en el año,2015
García Moreno,fue publicada en el año,2014
García Moreno,pertenece a la categoria,Presidents
García Moreno,pertenece a la categoria,Biography
García Moreno,pertenece a la categoria,Politics and government
García Moreno,pertenece a la categoria,History
1800-1860 en el mundo y America Latina,fue publicada en el año,2005
1800-1860 en el mundo y America Latina,pertenece a la categoria,Civilization
Ensayos y microensayos,fue publicada en el año,2016
Ensayos y microensayos,pertenece a la categoria,Latin American literature
Ensayos y microensayos,pertenece a la categoria,History and criticism
Ensayos y microensayos,pertenece a la categoria,Ecuadorian literature
Ensayos y microensayos,pertenece a la categoria,Arts
Lírica de la revolución quiteña de 1809-1812,fue publicada en el año,2009
Lírica de la revolución quiteña de 1809-1812,pertenece a la categoria,Ecuadorian poetry
Lírica de la revolución quiteña de 1809-1812,pertenece a la categoria,History and criticism
Lírica de la revolución quiteña de 1809-1812,pertenece a la categoria,Poetry
Lírica de la revolución quiteña de 1809-1812,pertenece a la categoria,History
"Benigno Malo, el escritor",fue publicada en el año,2008
"Benigno Malo, el escritor",pertenece a la categoria,Politics and government
"Benigno Malo, el escritor",pertenece a la categoria,Politicians
"Benigno Malo, el escritor",pertenece a la categoria,Biography
Olmedo,fue publicada en el año,2009
Olmedo,pertenece a la categoria,Ecuadorian Authors
Olmedo,pertenece a la categoria,Biography
"Francisco Xavier Aguirre Abad, el hombre y el escritor",fue publicada en el año,2008
"Francisco Xavier Aguirre Abad, el hombre y el escritor",pertenece a la categoria,"Aguirre Abad, Francisco Xavier, -- 1808-1882"
"Francisco Xavier Aguirre Abad, el hombre y el escritor",pertenece a la categoria,Historians -- Ecuador -- Biography
"Francisco Xavier Aguirre Abad, el hombre y el escritor",pertenece a la categoria,Ecuador -- Historiography -- 19th cetury
Vicente Rocafuerte,fue publicada en el año,2010
Vicente Rocafuerte,pertenece a la categoria,Politics and government
Vicente Rocafuerte,pertenece a la categoria,Presidents
Vicente Rocafuerte,pertenece a la categoria,Biography
Vicente Rocafuerte,pertenece a la categoria,Political and social views
Vicente Rocafuerte,fue publicada en el año,2010
Vicente Rocafuerte,pertenece a la categoria,Politics and government
Vicente Rocafuerte,pertenece a la categoria,Presidents
Vicente Rocafuerte,pertenece a la categoria,Biography
Vicente Rocafuerte,pertenece a la categoria,Political and social views
Quito integral,fue publicada en el año,2008
Quito integral,pertenece a la categoria,Social life and customs
Quito integral,pertenece a la categoria,History
El Éxodo de Yangana,fue publicada en el año,2007
El Éxodo de Yangana,pertenece a la categoria,Untranslated Fiction - Spanish
El Éxodo de Yangana,pertenece a la categoria,Fiction - General
El Éxodo de Yangana,fue publicada en el año,1949
Comprensión de Miranda,fue publicada en el año,2016
Comprensión de Miranda,pertenece a la categoria,History
Comprensión de Miranda,pertenece a la categoria,Wars of Independence (South America : 1806-1830) fast (OCoLC)fst01355310
La hazaña de Miranda en el Caribe,fue publicada en el año,2010
La hazaña de Miranda en el Caribe,pertenece a la categoria,History
La hazaña de Miranda en el Caribe,pertenece a la categoria,Naval operations
La hazaña de Miranda en el Caribe,pertenece a la categoria,Leander (Ship)
Manuela Sáenz,fue publicada en el año,1962
Francisco de Miranda,fue publicada en el año,2006
Francisco de Miranda,pertenece a la categoria,"Miranda, Francisco de, -- 1750-1816"
Francisco de Miranda,pertenece a la categoria,Revolutionaries -- Venezuela -- Biography
Francisco de Miranda,pertenece a la categoria,Venezuela -- History -- 1556-1810
Derroteros,fue publicada en el año,2010
Toda la verdad sobre las armas del Cenepa,fue publicada en el año,2005
Toda la verdad sobre las armas del Cenepa,pertenece a la categoria,"Gallardo Román, José, -- 1935-"
Toda la verdad sobre las armas del Cenepa,pertenece a la categoria,"Ecuador-Peru Conflict, 1995"
Toda la verdad sobre las armas del Cenepa,pertenece a la categoria,Illegal arms transfers -- Ecuador
Toda la verdad sobre las armas del Cenepa,pertenece a la categoria,Illegal arms transfers -- Argentina
Toda la verdad sobre las armas del Cenepa,pertenece a la categoria,Trials (Illegal arms transfers) -- Ecuador
Historia de Quito,fue publicada en el año,2009
Historia de Quito,pertenece a la categoria,History
Historia de Quito,pertenece a la categoria,Description and travel
Jorge Salvador Lara con la fe por delante,fue publicada en el año,2012
Jorge Salvador Lara con la fe por delante,pertenece a la categoria,Historians
Jorge Salvador Lara con la fe por delante,pertenece a la categoria,Biography
La lengua de la raza cósmica,fue publicada en el año,2007
La lengua de la raza cósmica,pertenece a la categoria,Diccionario de la lengua española (Real Academia Española)
La lengua de la raza cósmica,pertenece a la categoria,Spanish language
La lengua de la raza cósmica,pertenece a la categoria,Ecuadorian literature -- 20th century -- History and criticism
Escritos de la independencia,fue publicada en el año,2011
Escritos de la independencia,pertenece a la categoria,Sources
Escritos de la independencia,pertenece a la categoria,History
Hierro y Huesos 1,fue publicada en el año,2016
En torno a Noriko,fue publicada en el año,2010
En torno a Noriko,pertenece a la categoria,Criticism and interpretation
"Barataria, la imaginada",fue publicada en el año,2008
"Barataria, la imaginada",pertenece a la categoria,Criticism and interpretation
"Barataria, la imaginada",pertenece a la categoria,Utopias in literature
Tierras de Ningún Lugar,fue publicada en el año,2017
Tierras de Ningún Lugar,pertenece a la categoria,Literature
"Blanco, negro, amarillo y azul",fue publicada en el año,2009
"Blanco, negro, amarillo y azul",pertenece a la categoria,Board books
"Blanco, negro, amarillo y azul",pertenece a la categoria,Colors
"Blanco, negro, amarillo y azul",pertenece a la categoria,Juvenile fiction
"Blanco, negro, amarillo y azul",pertenece a la categoria,Color
"Blanco, negro, amarillo y azul",pertenece a la categoria,Water
"Blanco, negro, amarillo y azul",pertenece a la categoria,Spanish language materials
"Blanco, negro, amarillo y azul",pertenece a la categoria,Colores
"Blanco, negro, amarillo y azul",pertenece a la categoria,Novela infantil
"Blanco, negro, amarillo y azul",pertenece a la categoria,Agua
Blanco y negro,fue publicada en el año,2009
Blanco y negro,pertenece a la categoria,Board books
Blanco y negro,pertenece a la categoria,Colors
Blanco y negro,pertenece a la categoria,Juvenile fiction
Blanco y negro,pertenece a la categoria,Color
Blanco y negro,pertenece a la categoria,Dogs
Blanco y negro,pertenece a la categoria,Spanish language materials
Blanco y negro,pertenece a la categoria,Colores
Blanco y negro,pertenece a la categoria,Novela infantil
Blanco y negro,pertenece a la categoria,Perros
"Paro, exclusión y políticas de desempleo",fue publicada en el año,2004
La ruta de las ratas,fue publicada en el año,2014
Antología poética,fue publicada en el año,2013
La ciudad fragmentada de Jean d'Agrève,fue publicada en el año,2019
Obra poetica,fue publicada en el año,2000
"La iglesia, modeladora de la nacionalidad",fue publicada en el año,1953
"La iglesia, modeladora de la nacionalidad",pertenece a la categoria,Church and state
"La iglesia, modeladora de la nacionalidad",pertenece a la categoria,Catholic Church
Ciudad Jenga,fue publicada en el año,2020
El desafío de decir,fue publicada en el año,2002
El desafío de decir,pertenece a la categoria,Loja (Ecuador : Province) -- History
El desafío de decir,pertenece a la categoria,Loja (Ecuador : Province) -- Economic conditions
El desafío de decir,pertenece a la categoria,Loja (Ecuador : Province) -- Politics and government
El desafío de decir,pertenece a la categoria,Loja (Ecuador : Province) -- Civilization
Taller Para La Formacion De Ninos Escritores,fue publicada en el año,2003
Taller Para La Formacion De Ninos Escritores,pertenece a la categoria,Activity Books - General
Taller Para La Formacion De Ninos Escritores,pertenece a la categoria,Language Arts - Composition & Creative Writing
Taller Para La Formacion De Ninos Escritores,pertenece a la categoria,Juvenile Nonfiction
Taller Para La Formacion De Ninos Escritores,pertenece a la categoria,Spanish: Grades 3-4
Memorias de la Pivihuarmi Cuxirimay Ocllo,fue publicada en el año,2008
Memorias de la Pivihuarmi Cuxirimay Ocllo,pertenece a la categoria,Incas -- Fiction
Memorias de la Pivihuarmi Cuxirimay Ocllo,pertenece a la categoria,Indians of South America -- Andes Region -- History -- Fiction
Memorias de la Pivihuarmi Cuxirimay Ocllo,pertenece a la categoria,"Peru -- History -- Conquest, 1522-1548"
Memorias de la Pivihuarmi Cuxirimay Ocllo,fue publicada en el año,2008
Memorias de la Pivihuarmi Cuxirimay Ocllo,pertenece a la categoria,Incas -- Fiction
Memorias de la Pivihuarmi Cuxirimay Ocllo,pertenece a la categoria,Indians of South America -- Andes Region -- History -- Fiction
Memorias de la Pivihuarmi Cuxirimay Ocllo,pertenece a la categoria,"Peru -- History -- Conquest, 1522-1548"
Sé que vienen a matarme,fue publicada en el año,2001
Sé que vienen a matarme,pertenece a la categoria,"García Moreno, Gabriel, 1821-1875 -- Fiction."
Sé que vienen a matarme,pertenece a la categoria,Ecuador -- History -- 1830-1895 -- Fiction.
La cofradía del mullo del vestido de la virgen pipona,fue publicada en el año,1985
Obra poética,fue publicada en el año,2007
Los que se van,fue publicada en el año,1994
Los que se van,pertenece a la categoria,Ecuadorian Short stories
Fútbol de antología,fue publicada en el año,2018
Teatro Hispanico,fue publicada en el año,1979
Teatro Hispanico,pertenece a la categoria,Reference
Teatro Hispanico,pertenece a la categoria,Literature - Classics / Criticism
Teatro Hispanico,pertenece a la categoria,Spanish: Adult Nonfiction
Siete Lunas Y Siete Serpientes / Seven Serpents and Seven Moons,fue publicada en el año,2004
Siete Lunas Y Siete Serpientes / Seven Serpents and Seven Moons,pertenece a la categoria,Fiction
Siete Lunas Y Siete Serpientes / Seven Serpents and Seven Moons,pertenece a la categoria,Sagas
Siete Lunas Y Siete Serpientes / Seven Serpents and Seven Moons,pertenece a la categoria,Spanish: Adult Fiction
Los que se van,fue publicada en el año,1955
Antología para noviembre,fue publicada en el año,2014
Poso Wells,fue publicada en el año,2007
Letra para salsa con final cortante,fue publicada en el año,2005
Obras selectas,fue publicada en el año,2006
Huasipungo,fue publicada en el año,2021
Huasipungo,fue publicada en el año,1983
Huasipungo,fue publicada en el año,1962
Atrapados - 3 Tomos,fue publicada en el año,2000
Atrapados - 3 Tomos,pertenece a la categoria,General
Atrapados - 3 Tomos,pertenece a la categoria,Fiction - General
El Chulla Romero Y Flores (Colección Archivos/Pitt Latin American Series),fue publicada en el año,1988
El Chulla Romero Y Flores (Colección Archivos/Pitt Latin American Series),pertenece a la categoria,Literary Criticism
Huasipungo,fue publicada en el año,2006
Huasipungo,pertenece a la categoria,Spanish: Adult Fiction
Huasipungo,pertenece a la categoria,Fiction
Huasipungo,pertenece a la categoria,Fiction - General
Huasipungo,pertenece a la categoria,Literary
Huasipungo / Fragment of Land,fue publicada en el año,2005
Huasipungo / Fragment of Land,pertenece a la categoria,Modern fiction
Huasipungo / Fragment of Land,pertenece a la categoria,Latin American Novel And Short Story
Huasipungo / Fragment of Land,pertenece a la categoria,Fiction
Huasipungo / Fragment of Land,pertenece a la categoria,Indians of South America
Huasipungo / Fragment of Land,pertenece a la categoria,Spanish
Huasipungo / Fragment of Land,pertenece a la categoria,Spanish: Adult Fiction
Huasipungo / Fragment of Land,pertenece a la categoria,South America
Huasipungo / Fragment of Land,pertenece a la categoria,Historical - General
Huasipungo,fue publicada en el año,1934
Huasipungo,fue publicada en el año,2009
Huasipungo,fue publicada en el año,1988
Honorarios,fue publicada en el año,2014
"Cuentos Ecuatorianos (Serie Letra Grande (High Interest, Easy Level Series))",fue publicada en el año,1999
"Cuentos Ecuatorianos (Serie Letra Grande (High Interest, Easy Level Series))",pertenece a la categoria,"Short stories, Ecuadorian -- 20th century"
"Cuentos Ecuatorianos (Serie Letra Grande (High Interest, Easy Level Series))",pertenece a la categoria,Cuentos ecuatorianos -- Siglo XX
Obras completas,fue publicada en el año,1958
Juan Montalvo,fue publicada en el año,2001
Relatos hispánicos asombrosos y de terror,fue publicada en el año,2014
Relatos hispánicos asombrosos y de terror,pertenece a la categoria,Spanish Horror tales
Relatos hispánicos asombrosos y de terror,pertenece a la categoria,Spanish Short stories
Relatos hispánicos asombrosos y de terror,pertenece a la categoria,Spanish fiction
El pensamiento político de Montalvo,fue publicada en el año,2012
El pensamiento político de Montalvo,pertenece a la categoria,Political and social views
El pensamiento político de Montalvo,pertenece a la categoria,Correspondence
El pensamiento político de Montalvo,pertenece a la categoria,Politics and government
Juan Montalvo,fue publicada en el año,2004
Juan Montalvo,pertenece a la categoria,"Montalvo, Juan, -- 1832-1889 -- Political and social views."
Juan Montalvo,pertenece a la categoria,"Montalvo, Juan, -- 1832-1889 -- Bibliography."
Desde un balcón volado,fue publicada en el año,1992
Versos para este planeta,fue publicada en el año,2012
Versos de amor y de locura,fue publicada en el año,2007
Guía del cementerio,fue publicada en el año,2009
La voz negada,fue publicada en el año,2011
La voz negada,pertenece a la categoria,Paraguayan literature
Club de Los Que Nunca Duermen,fue publicada en el año,2012
Como si hiciera falta,fue publicada en el año,2013
Poema de la celebración,fue publicada en el año,2005
"De lodo, miel y lágrimas?",fue publicada en el año,2010
Entre Tintas y Pliego,fue publicada en el año,2018
Tributo a la Poesía,fue publicada en el año,2018
Alma en Manos,fue publicada en el año,2016
Antologia Poetica Internacional Mujeres y Sus Plumas II,fue publicada en el año,2015
Nueva Vida : Más Allá Del Amor,fue publicada en el año,2016
Tributo a Delfina Acosta,fue publicada en el año,2015
Rimas Al Amor,fue publicada en el año,2016
Antología Poética Internacional Mujeres y Sus Plumas III,fue publicada en el año,2017
Antologia Poetica Internacional Mujeres y Sus Plumas I,fue publicada en el año,2015
Espejismos,fue publicada en el año,2016
Entre Líneas,fue publicada en el año,2021
Sin Rodeos,fue publicada en el año,2021
Día Del Poeta Paraguayo,fue publicada en el año,2020
Namasté,fue publicada en el año,2019
Vestigios,fue publicada en el año,2018
La voz mediterránea,fue publicada en el año,2008
La voz mediterránea,pertenece a la categoria,Paraguayan poetry -- 20th century
La voz mediterránea,pertenece a la categoria,Guarani poetry -- Translations into Spanish
Ñé ẽ jovái  =,fue publicada en el año,2005
Ñé ẽ jovái  =,pertenece a la categoria,"Delgado, Susy, -- 1939- -- Criticism and interpretation."
Ñé ẽ jovái  =,pertenece a la categoria,Guarani poetry.
Ñé ẽ jovái  =,pertenece a la categoria,Spanish poetry.
Ñé ẽ jovái  =,pertenece a la categoria,Guarani poetry -- History and criticism.
El guardián de los recuerdos,fue publicada en el año,2012
Primera pergunta,fue publicada en el año,1986
El fin de la memoria,fue publicada en el año,2014
El callejón oscuro,fue publicada en el año,2010
Cenizas de un rencor,fue publicada en el año,2010
Cafe Amargo con Salvia,fue publicada en el año,2015
Ñemitỹ,fue publicada en el año,2009
Más allá del pasado,fue publicada en el año,2018
El condor sigue volando,fue publicada en el año,2017
El condor sigue volando,pertenece a la categoria,Victims of state-sponsored terrorism
El condor sigue volando,pertenece a la categoria,Political persecution
El condor sigue volando,pertenece a la categoria,Political prisoners
El condor sigue volando,pertenece a la categoria,Politics and government
El condor sigue volando,pertenece a la categoria,Operación Cóndor (South American countersubversion association)
El condor sigue volando,pertenece a la categoria,Archivos del terror
"Paraguay, la cárcel olvidada",fue publicada en el año,1989
"Paraguay, la cárcel olvidada",pertenece a la categoria,Political prisoners
"Paraguay, la cárcel olvidada",pertenece a la categoria,Personal narratives
"Paraguay, la cárcel olvidada",pertenece a la categoria,Concentration camps
"Paraguay, la cárcel olvidada",pertenece a la categoria,Politics and government
La pruebera (Español-Guaraní),fue publicada en el año,2011
Fecha feliz,fue publicada en el año,2010
Paraguay,fue publicada en el año,2011
Paraguay,pertenece a la categoria,Guarani Indians
Paraguay,pertenece a la categoria,Civilization
Paraguay,pertenece a la categoria,Natural history
Paraguay,pertenece a la categoria,Pictorial works
Augusto Roa Bastos,fue publicada en el año,2006
Augusto Roa Bastos,pertenece a la categoria,Paraguayan Authors
Augusto Roa Bastos,pertenece a la categoria,Biography
Tentación de la utopía,fue publicada en el año,1991
Tentación de la utopía,pertenece a la categoria,Jesuits -- Missions -- Paraguay.
Tentación de la utopía,pertenece a la categoria,Guarani Indians -- Missions.
Tentación de la utopía,pertenece a la categoria,Guarani Indians -- Social life and customs.
Tentación de la utopía,pertenece a la categoria,Indians of South America -- Social life and customs.
La diversidad poética en el Paraguay,fue publicada en el año,2005
La diversidad poética en el Paraguay,pertenece a la categoria,Paraguayan poetry -- 20th century -- History and criticism.
La babosa y sus críticos,fue publicada en el año,2007
La babosa y sus críticos,pertenece a la categoria,"Casaccia, Gabriel"
La babosa y sus críticos,pertenece a la categoria,"Casaccia, Gabriel -- Language"
La babosa y sus críticos,pertenece a la categoria,"Paraguayan fiction -- Criticism, Textual"
El séptimo pétalo del viento,fue publicada en el año,2006
La rosa azul,fue publicada en el año,2005
Ojo por diente,fue publicada en el año,1985
Diversidad en la literatura de nuestra América,fue publicada en el año,2007
Diversidad en la literatura de nuestra América,pertenece a la categoria,Latin American literature -- Indian influences
Diversidad en la literatura de nuestra América,pertenece a la categoria,Mestizaje in literature
Diversidad en la literatura de nuestra América,pertenece a la categoria,Latin America -- Civilization
Concurso de Poesía,fue publicada en el año,2009
Concurso de Poesía,pertenece a la categoria,Paraguay
Concurso de Poesía,pertenece a la categoria,Paraguayan poetry
Concurso de Poesía,pertenece a la categoria,Short stories
"La vida solitaria del Dr. José Gaspar de Francia, dictador del Paraguay",fue publicada en el año,1937
"La vida solitaria del Dr. José Gaspar de Francia, dictador del Paraguay",pertenece a la categoria,"Francia, José Gaspar Rodríguez de, -- 1766-1840"
"La vida solitaria del Dr. José Gaspar de Francia, dictador del Paraguay",pertenece a la categoria,Paraguay -- History
Historia de la medicina en el Paraguay,fue publicada en el año,2011
Historia de la medicina en el Paraguay,pertenece a la categoria,Medicine
Historia de la medicina en el Paraguay,pertenece a la categoria,Public health
Historia de la medicina en el Paraguay,pertenece a la categoria,History
Sueño y realidad del oro en el nuevo mundo,fue publicada en el año,2005
Sueño y realidad del oro en el nuevo mundo,pertenece a la categoria,Indian goldwork -- Paraguay -- History
Sueño y realidad del oro en el nuevo mundo,pertenece a la categoria,Indian silverwork -- Paraguay -- History
Sueño y realidad del oro en el nuevo mundo,pertenece a la categoria,Indian goldwork -- America -- History
Sueño y realidad del oro en el nuevo mundo,pertenece a la categoria,Indian silverwork -- America -- History
Sueño y realidad del oro en el nuevo mundo,pertenece a la categoria,Indians of South America -- Colonization -- Paraguay -- History
Sueño y realidad del oro en el nuevo mundo,pertenece a la categoria,Gold mines and mining -- Paraguay -- History
Sueño y realidad del oro en el nuevo mundo,pertenece a la categoria,Silver mines and mining -- Paraguay -- History
Sueño y realidad del oro en el nuevo mundo,pertenece a la categoria,El Dorado
Sueño y realidad del oro en el nuevo mundo,pertenece a la categoria,America -- Discovery and exploration -- Spanish
Sueño y realidad del oro en el nuevo mundo,pertenece a la categoria,Spain -- Colonies -- America -- History
El bandolero,fue publicada en el año,2007
Los exiliados,fue publicada en el año,1966
René Dávalos--,fue publicada en el año,1996
Pecados capitales,fue publicada en el año,2006
Pecados capitales,pertenece a la categoria,Paraguayan Short stories
Pecados capitales,pertenece a la categoria,Deadly sins
Pecados capitales,pertenece a la categoria,Literary collections
Pecados capitales,pertenece a la categoria,Paraguayan fiction
El primo Juan,fue publicada en el año,2009
El primo Juan,pertenece a la categoria,Biography
El primo Juan,pertenece a la categoria,Civilization
Obras completas,fue publicada en el año,2013
Nuestra gente,fue publicada en el año,2006
Nuestra gente,pertenece a la categoria,Country life -- Paraguay
Nuestra gente,pertenece a la categoria,Language and culture -- Paraguay
Nuestra gente,pertenece a la categoria,Family -- Paraguay
Nuestra gente,pertenece a la categoria,Paraguay -- Economic conditions
Nuestra gente,pertenece a la categoria,Paraguay -- Social life and customs
"Primeros poemas, 1945-1948 / Ramiro Domínguez",fue publicada en el año,2008
Aura latente,fue publicada en el año,2021
Aura latente,pertenece a la categoria,Modern Aesthetics
Aura latente,pertenece a la categoria,Art and society
Aura latente,pertenece a la categoria,History
Aura latente,pertenece a la categoria,Art and state
Aura latente,pertenece a la categoria,Modern Art
Aura latente,pertenece a la categoria,History and criticism
La invención de la distancia,fue publicada en el año,2013
La invención de la distancia,pertenece a la categoria,Latin American Art
La invención de la distancia,pertenece a la categoria,History and criticism
La invención de la distancia,pertenece a la categoria,Modern Art
Imagen e intemperie,fue publicada en el año,2015
Imagen e intemperie,pertenece a la categoria,Art
Imagen e intemperie,pertenece a la categoria,Philosophy
Imagen e intemperie,pertenece a la categoria,History
Una interpretación de las artes visuales en el Paraguay,fue publicada en el año,2007
Una interpretación de las artes visuales en el Paraguay,pertenece a la categoria,"Art, Paraguayan"
Una interpretación de las artes visuales en el Paraguay,pertenece a la categoria,Art -- Paraguay
La belleza de los otros,fue publicada en el año,1993
La belleza de los otros,pertenece a la categoria,Indian art -- Paraguay.
La belleza de los otros,pertenece a la categoria,Indians of South America -- Industries -- Paraguay.
La belleza de los otros,pertenece a la categoria,Handicraft -- Paraguay.
La belleza de los otros,pertenece a la categoria,Indians of South America -- Paraguay -- Social life and customs.
El mito del arte y el mito del pueblo,fue publicada en el año,1987
El mito del arte y el mito del pueblo,pertenece a la categoria,Folk art -- Latin America.
El mito del arte y el mito del pueblo,pertenece a la categoria,Art and society -- Latin America.
El dolor de Barrett,fue publicada en el año,2019
Trilogía teatral sobre la Guerra del 70,fue publicada en el año,2011
Trilogía teatral sobre la Guerra del 70,pertenece a la categoria,Drama
Trilogía teatral sobre la Guerra del 70,pertenece a la categoria,"Paraguayan War, 1865-1870"
"La hegemonía colorada, 1947-1954",fue publicada en el año,2010
"La hegemonía colorada, 1947-1954",pertenece a la categoria,Politics and government
"La hegemonía colorada, 1947-1954",pertenece a la categoria,Partido Colorado (Paraguay)
Un viento negro,fue publicada en el año,2012
¿Qúe hacías aquella noche?,fue publicada en el año,2008
¿Qúe hacías aquella noche?,pertenece a la categoria,"Stroessner, Alfredo, -- 1912-2006"
¿Qúe hacías aquella noche?,pertenece a la categoria,"Paraguay -- History -- Coup d'état, 1989 -- Sources"
¿Qúe hacías aquella noche?,pertenece a la categoria,Paraguay -- Politics and government -- 1989-
"Cita en el ""San Roque""",fue publicada en el año,2000
"Cita en el ""San Roque""",pertenece a la categoria,Bohemianism
"Cita en el ""San Roque""",pertenece a la categoria,Fiction
Amor de invierno,fue publicada en el año,1990
Obras teatrales,fue publicada en el año,2005
"Cita en el ""San Roque""",fue publicada en el año,1999
Conocimiento y gobierno de José Gaspar de Francia,fue publicada en el año,2011
Conocimiento y gobierno de José Gaspar de Francia,pertenece a la categoria,History
Domingos Contigo,fue publicada en el año,2009
Tarde de abril,fue publicada en el año,2012
Dónde estará mi primavera,fue publicada en el año,2009
Recuerdos de gloria,fue publicada en el año,2008
Recuerdos de gloria,pertenece a la categoria,"Paraguayan War, 1865-1870"
Recuerdos de gloria,fue publicada en el año,2008
Media Vida,fue publicada en el año,2021
Nobis,fue publicada en el año,2007
José María Rivarola Matto,fue publicada en el año,2015
José María Rivarola Matto,pertenece a la categoria,Paraguayan literature
José María Rivarola Matto,pertenece a la categoria,History and criticism
José María Rivarola Matto,pertenece a la categoria,Civilization
Su Señoría tiene miedo : comedia en tres actos. El sectario,fue publicada en el año,2008
El fin de Chipí González,fue publicada en el año,1965
Follaje en los ojos,fue publicada en el año,1974
"A propósito de la guerra contra el Paraguay por la Confederación Argentina, el Uruguay y el Brasil",fue publicada en el año,2019
"A propósito de la guerra contra el Paraguay por la Confederación Argentina, el Uruguay y el Brasil",pertenece a la categoria,"Paraguayan War, 1865-1870"
Narciso,fue publicada en el año,2016
La Guerra del Paraguay en primera persona,fue publicada en el año,2015
La Guerra del Paraguay en primera persona,pertenece a la categoria,"Paraguayan War, 1865-1870"
La Guerra del Paraguay en primera persona,pertenece a la categoria,Archival resources
La Guerra del Paraguay en primera persona,pertenece a la categoria,Personal narratives
La Guerra del Paraguay en primera persona,pertenece a la categoria,Archives
La Guerra del Paraguay en primera persona,pertenece a la categoria,Instituto de Historia y Museo Militar (Paraguay)
Sobre el autoritarismo y otros ensayos,fue publicada en el año,2017
La noche del catorce,fue publicada en el año,2015
La noche del catorce,pertenece a la categoria,Fiction
La noche del catorce,pertenece a la categoria,History
Narradoras paraguayas,fue publicada en el año,1999
Paraguay y Brasil,fue publicada en el año,2007
Paraguay y Brasil,pertenece a la categoria,Paraguay -- Foreign relations -- Brazil -- History -- Sources.
Paraguay y Brasil,pertenece a la categoria,Brazil -- Foreign relations -- Paraguay -- History -- Sources.
El peluquero francés,fue publicada en el año,2008
Caballero,fue publicada en el año,1987
Francia,fue publicada en el año,2009
Francia,pertenece a la categoria,Sources
Francia,pertenece a la categoria,History
"Elvio Romero, poeta paraguayo",fue publicada en el año,2016
"Elvio Romero, poeta paraguayo",pertenece a la categoria,Appreciation
Cantar de caminante,fue publicada en el año,1998
Poesía completa,fue publicada en el año,2011
Los valles imaginarios,fue publicada en el año,1984
Antologia Poetica - Elvio Romero,fue publicada en el año,1995
Antologia Poetica - Elvio Romero,pertenece a la categoria,General
Antologia Poetica - Elvio Romero,pertenece a la categoria,Poetry
Los Innombrables,fue publicada en el año,2000
Los Innombrables,pertenece a la categoria,General
Los Innombrables,pertenece a la categoria,Poetry
Miguel Hernandez - Destino y Poesia,fue publicada en el año,1996
Miguel Hernandez - Destino y Poesia,pertenece a la categoria,Poetry
Miguel Hernandez - Destino y Poesia,pertenece a la categoria,Literature - Classics / Criticism
The Un Relampago Herido,fue publicada en el año,1967
The Un Relampago Herido,pertenece a la categoria,General
The Un Relampago Herido,pertenece a la categoria,Fiction - General
"Viejo Fuego, El",fue publicada en el año,1995
"Viejo Fuego, El",pertenece a la categoria,General
"Viejo Fuego, El",pertenece a la categoria,Poetry
Los valles imaginarios,fue publicada en el año,1984
Cuentos guaireños,fue publicada en el año,2015
Cuentos guaireños,pertenece a la categoria,History
Cuentos guaireños,pertenece a la categoria,Anecdotes
Remedios naturales del Paraguay,fue publicada en el año,2011
Remedios naturales del Paraguay,pertenece a la categoria,Naturopathy
Remedios naturales del Paraguay,pertenece a la categoria,Dictionaries
Remedios naturales del Paraguay,pertenece a la categoria,Spanish
Remedios naturales del Paraguay,pertenece a la categoria,Vegetable Materia medica
Testimonios para la historia del Paraguay en el siglo XX,fue publicada en el año,2017
Testimonios para la historia del Paraguay en el siglo XX,pertenece a la categoria,History
Testimonios para la historia del Paraguay en el siglo XX,pertenece a la categoria,Paraguayans
Testimonios para la historia del Paraguay en el siglo XX,pertenece a la categoria,Interviews
La hondita impaciente,fue publicada en el año,2007
La hondita impaciente,pertenece a la categoria,Paraguayan National characteristics
La hondita impaciente,pertenece a la categoria,Anecdotes
La hondita impaciente,pertenece a la categoria,Politics and government
La hondita impaciente,pertenece a la categoria,Paraguayan Satire
El país de la sopa dura,fue publicada en el año,2010
El país de la sopa dura,pertenece a la categoria,Social life and customs
El país de la sopa dura,pertenece a la categoria,Paraguayan National characteristics
El país de la sopa dura,pertenece a la categoria,Anecdotes
Diccionario del paraguayo estreñido,fue publicada en el año,2008
Diccionario del paraguayo estreñido,pertenece a la categoria,Paraguayan wit and humor
La Casa Blanca,fue publicada en el año,2009
Diccionario del paraguayo estreñido,fue publicada en el año,2006
Diccionario del paraguayo estreñido,pertenece a la categoria,Paraguayan wit and humor.
El cangrejo inmortal,fue publicada en el año,2007
El cangrejo inmortal,pertenece a la categoria,"National characteristics, Paraguayan -- Anecdotes."
El cangrejo inmortal,pertenece a la categoria,Paraguay -- Social life and customs -- Anecdotes.
"Plagueos, ensayos y otros divagues",fue publicada en el año,2005
Trofeos de la guerra y otros cuentos picarescos,fue publicada en el año,2005
Tutela penal del honor contra lesiones cometidas a través de los medios de comunicación,fue publicada en el año,2008
Tutela penal del honor contra lesiones cometidas a través de los medios de comunicación,pertenece a la categoria,Reputation (Law) -- Paraguay.
Tutela penal del honor contra lesiones cometidas a través de los medios de comunicación,pertenece a la categoria,Libel and slander -- Paraguay.
Tutela penal del honor contra lesiones cometidas a través de los medios de comunicación,pertenece a la categoria,Honor -- Paraguay.
El verdadero diccionario paraguayo,fue publicada en el año,2010
El verdadero diccionario paraguayo,pertenece a la categoria,Usage
El verdadero diccionario paraguayo,pertenece a la categoria,Dictionaries
El verdadero diccionario paraguayo,pertenece a la categoria,Spoken Spanish
El verdadero diccionario paraguayo,pertenece a la categoria,Spanish language
El verdadero diccionario paraguayo,pertenece a la categoria,Paraguayan wit and humor
Antología de cuentos de Helio Vera,fue publicada en el año,2011
Ñe'ẽnga jarýi,fue publicada en el año,2010
Paraguái ñe'ẽ,fue publicada en el año,2017
Paraguái ñe'ẽ,pertenece a la categoria,Paraguayan poetry
Paraguái ñe'ẽ,pertenece a la categoria,Paraguayan Short stories
Paraguái ñe'ẽ,pertenece a la categoria,Paraguayan fiction
Javier Viveros,fue publicada en el año,2012
Javier Viveros,pertenece a la categoria,Pictorial Paraguayan wit and humor
Ñeenga raity,fue publicada en el año,2014
"Urbano, demasiado urbano",fue publicada en el año,2009
Mensajeámena,fue publicada en el año,2009
Genocidio Guaraní,fue publicada en el año,2014
Genocidio Guaraní,pertenece a la categoria,Guarani Indians
Genocidio Guaraní,pertenece a la categoria,Social conditions
Genocidio Guaraní,pertenece a la categoria,Economic conditions
Genocidio Guaraní,pertenece a la categoria,Peasants
La poesía guaraní del siglo XX,fue publicada en el año,2013
La poesía guaraní del siglo XX,pertenece a la categoria,Guarani poetry
La poesía guaraní del siglo XX,pertenece a la categoria,Paraguayan poetry
La Ley de lenguas del Paraguay,fue publicada en el año,2011
La Ley de lenguas del Paraguay,pertenece a la categoria,Languages
La Ley de lenguas del Paraguay,pertenece a la categoria,Law and legislation
La Ley de lenguas del Paraguay,pertenece a la categoria,Guarani language
Origen e historias de Asunción,fue publicada en el año,2007
Origen e historias de Asunción,pertenece a la categoria,History
Cien vidas paraguayas,fue publicada en el año,1961
Cien vidas paraguayas,pertenece a la categoria,Biography
10 relatos de amor,fue publicada en el año,1995
10 relatos de amor,pertenece a la categoria,Short Stories (single author)
10 relatos de amor,pertenece a la categoria,Fiction - General
Vigilia del Almirante,fue publicada en el año,2001
Penal El paraíso y otros cuentos,fue publicada en el año,2005
The Contravida,fue publicada en el año,1995
The Contravida,pertenece a la categoria,General
The Contravida,pertenece a la categoria,Fiction - General
El Trueno Entre Las Hojas,fue publicada en el año,1997
El Trueno Entre Las Hojas,pertenece a la categoria,Literary
El Trueno Entre Las Hojas,pertenece a la categoria,Fiction
El Trueno Entre Las Hojas,pertenece a la categoria,Fiction - General
El Trueno Entre Las Hojas,pertenece a la categoria,Spanish: Adult Fiction
El Trueno Entre Las Hojas,pertenece a la categoria,General
"Pollito de Fuego, El",fue publicada en el año,2000
"Pollito de Fuego, El",pertenece a la categoria,Juvenile Fiction
"Pollito de Fuego, El",pertenece a la categoria,Short Stories
"Pollito de Fuego, El",pertenece a la categoria,Children's Baby - Fiction - General
Yo El Supremo,fue publicada en el año,2003
Yo El Supremo,pertenece a la categoria,Language readers
Yo El Supremo,pertenece a la categoria,Language
Yo El Supremo,pertenece a la categoria,Foreign Language Study
Yo El Supremo,pertenece a la categoria,Fiction - General
Yo El Supremo,pertenece a la categoria,Spanish
Yo El Supremo,pertenece a la categoria,Spanish: Adult Fiction
Yo El Supremo,pertenece a la categoria,General
Los Conjurados del Quilombo del Gran... (Alfaguara),fue publicada en el año,2001
Los Conjurados del Quilombo del Gran... (Alfaguara),pertenece a la categoria,"Paraguayan War, 1865-1870 -- Historical fiction"
Poesias Reunidas,fue publicada en el año,2003
Hijo de Hombre / Son of Man,fue publicada en el año,1996
Hijo de Hombre / Son of Man,pertenece a la categoria,Untranslated Fiction - Spanish
Hijo de Hombre / Son of Man,pertenece a la categoria,Fiction - General
Cuentos Completos,fue publicada en el año,2004
Cuentos Completos,pertenece a la categoria,Short Stories (single author)
Cuentos Completos,pertenece a la categoria,Fiction - General
El Trueno Entre Las Hojas,fue publicada en el año,2004
El Trueno Entre Las Hojas,pertenece a la categoria,General
El Trueno Entre Las Hojas,pertenece a la categoria,Fiction - General
Vigilia del Almirante,fue publicada en el año,1997
Vigilia del Almirante,pertenece a la categoria,General
Vigilia del Almirante,pertenece a la categoria,Fiction - General
Hijo de Hombre,fue publicada en el año,1996
Poesia,fue publicada en el año,1999
Poesia,pertenece a la categoria,Poetry texts & anthologies
Poesia,pertenece a la categoria,Caribbean & Latin American
Poesia,pertenece a la categoria,Poetry
Poesia,pertenece a la categoria,Spanish: Adult Nonfiction
El Fiscal,fue publicada en el año,1993
El Fiscal,pertenece a la categoria,Untranslated Fiction - Spanish
El Fiscal,pertenece a la categoria,Spanish
El Fiscal,pertenece a la categoria,Foreign Language Study
El Fiscal,pertenece a la categoria,Fiction - General
El Fiscal,pertenece a la categoria,Spanish: Adult Fiction
Yo El Supremo,fue publicada en el año,1992
Yo El Supremo,pertenece a la categoria,FOR
Yo El Supremo,pertenece a la categoria,FOR026000
Yo El Supremo,pertenece a la categoria,Spanish
Yo El Supremo,pertenece a la categoria,Spanish: Adult Fiction
Yo El Supremo,pertenece a la categoria,Foreign Language Study
Zoque / Maya kaqchikel / Guaraní / Mapuzaungun,fue publicada en el año,2018
Zoque / Maya kaqchikel / Guaraní / Mapuzaungun,pertenece a la categoria,Zoque language
Zoque / Maya kaqchikel / Guaraní / Mapuzaungun,pertenece a la categoria,Texts
Zoque / Maya kaqchikel / Guaraní / Mapuzaungun,pertenece a la categoria,Cakchikel language
Zoque / Maya kaqchikel / Guaraní / Mapuzaungun,pertenece a la categoria,Guarani language
Zoque / Maya kaqchikel / Guaraní / Mapuzaungun,pertenece a la categoria,Mapuche language
Mercados y ferias del Paraguay,fue publicada en el año,2005
Mercados y ferias del Paraguay,pertenece a la categoria,Street vendors -- Paraguay -- Portraits.
Mercados y ferias del Paraguay,pertenece a la categoria,Markets -- Paraguay -- Pictorial works.
Poesía congregada y otros afanes,fue publicada en el año,2007
Ka'i rembihasakue =,fue publicada en el año,2010
Ka'i rembihasakue =,pertenece a la categoria,Texts
Ka'i rembihasakue =,pertenece a la categoria,Tales
Ka'i rembihasakue =,pertenece a la categoria,Guarani Indians
Ka'i rembihasakue =,pertenece a la categoria,Folklore
Ka'i rembihasakue =,pertenece a la categoria,Guarani language
"Sentencias, conjuros, fórmulas y creencias en el Paraguay",fue publicada en el año,2010
"Sentencias, conjuros, fórmulas y creencias en el Paraguay",pertenece a la categoria,Guarani Proverbs
"Sentencias, conjuros, fórmulas y creencias en el Paraguay",pertenece a la categoria,Maxims
"Sentencias, conjuros, fórmulas y creencias en el Paraguay",pertenece a la categoria,Folklore
Los italianos en el Paraguay,fue publicada en el año,2015
Los italianos en el Paraguay,pertenece a la categoria,Italians
Los italianos en el Paraguay,pertenece a la categoria,History
Josefina Plá,fue publicada en el año,2015
Josefina Plá,pertenece a la categoria,Criticism and interpretation
Josefina Plá,pertenece a la categoria,Paraguayan Authors
Josefina Plá,pertenece a la categoria,Biography
La mano en la tierra y otros relatos,fue publicada en el año,2007
La nave del olvido,fue publicada en el año,1985
Invención de la muerte,fue publicada en el año,2008
El barroco hispano-guaraní,fue publicada en el año,2006
El barroco hispano-guaraní,pertenece a la categoria,Jesuit art
El barroco hispano-guaraní,pertenece a la categoria,Baroque Art
El barroco hispano-guaraní,pertenece a la categoria,Colonial Art
El barroco hispano-guaraní,pertenece a la categoria,Spanish Art
El barroco hispano-guaraní,pertenece a la categoria,Guarani art
El barroco hispano-guaraní,pertenece a la categoria,Influence
El barroco hispano-guaraní,fue publicada en el año,1975
El barroco hispano-guaraní,pertenece a la categoria,Guarani art.
El barroco hispano-guaraní,pertenece a la categoria,"Art, Baroque -- Jesuit influences."
El barroco hispano-guaraní,pertenece a la categoria,"Art, Baroque -- Latin America."
Short stories,fue publicada en el año,2002
El pueblo está en camino de ser otro,fue publicada en el año,2018
José Martí en Paraguay,fue publicada en el año,2011
José Martí en Paraguay,pertenece a la categoria,Political and social views
José Martí en Paraguay,pertenece a la categoria,Philosophy
Poesía social del Paraguay,fue publicada en el año,2005
Poesía social del Paraguay,pertenece a la categoria,Paraguayan poetry -- 20th century.
Poesía social del Paraguay,pertenece a la categoria,"National characteristics, Paraguayan -- In literature."
Periodista inoportuno,fue publicada en el año,2006
"Esperar la tormenta, 2003-2005",fue publicada en el año,2007
El canto de Eva,fue publicada en el año,2013
El secreto de la garza,fue publicada en el año,2011
El jardin de la Mirada,fue publicada en el año,2009
El bosque sagrado,fue publicada en el año,2007
Maestras,fue publicada en el año,2006
Maestras,pertenece a la categoria,"López, Nila, -- 1954-"
Maestras,pertenece a la categoria,"Authors, Paraguayan -- 20th century -- Biography"
Maestras,pertenece a la categoria,Teachers -- Paraguay -- Biography
Maestras,pertenece a la categoria,Paraguay -- Intellectual life -- 20th century
Maestras,pertenece a la categoria,Paraguay -- Civilization -- 20th century
Señales,fue publicada en el año,1995
Cuentos - Tomo I,fue publicada en el año,2014
Colección Rafael Barrett. Moralidades Actuales,fue publicada en el año,2017
Colección Rafael Barrett. Ideas y Críticas,fue publicada en el año,2017
Ensayos - Tomo VII,fue publicada en el año,2014
Antologia (Spanish Edition),fue publicada en el año,2016
Ensayos - Tomo VI,fue publicada en el año,2014
Ensayos - Tomo II,fue publicada en el año,2014
Antologia,fue publicada en el año,2018
Ensayos - Tomo V,fue publicada en el año,2014
Colección Rafael Barrett. Al Margen,fue publicada en el año,2017
Ensayos - Tomo IV,fue publicada en el año,2014
Rafael Barrett. Mirando Vivir,fue publicada en el año,2017
Ensayos -Tomo III,fue publicada en el año,2014
Ensayos,fue publicada en el año,2013
14 Cuentos Breves de Rafael Barrett,fue publicada en el año,2018
Cuentos breves,fue publicada en el año,2006
El terror argentino,fue publicada en el año,2009
Cuentos breves,fue publicada en el año,1919
El terror argentino,fue publicada en el año,1971
Hacia el porvenir,fue publicada en el año,2008
Hacia el porvenir,pertenece a la categoria,"Barrett, Rafael, -- d. 1910 -- Criticism and interpretation"
A partir de ahora el combate será libre,fue publicada en el año,2003
Los muros del silencio,fue publicada en el año,2017
Los muros del silencio,pertenece a la categoria,Family
Los muros del silencio,pertenece a la categoria,Uruguayan Authors
Los muros del silencio,pertenece a la categoria,Biography
Los muros del silencio,pertenece a la categoria,Critics
Los muros del silencio,pertenece a la categoria,Fathers
Los muros del silencio,pertenece a la categoria,Death
Los muros del silencio,pertenece a la categoria,Murder victims
Los muros del silencio,pertenece a la categoria,Families
"Martín Aquino, el matrero",fue publicada en el año,2009
"Martín Aquino, el matrero",pertenece a la categoria,Revolutionaries
"Martín Aquino, el matrero",pertenece a la categoria,Biography
Crimen y Castigo,fue publicada en el año,2015
Vuelta Al Mundo en 80 Dias,fue publicada en el año,2015
Faro Del Fin Del Mundo,fue publicada en el año,2015
Faro Del Fin Del Mundo (Spanish Edition),fue publicada en el año,2015
Olalla (Spanish Edition),fue publicada en el año,2015
Diablo de la Botella (Spanish Edition),fue publicada en el año,2015
Crimen de Lord Arthur Saville,fue publicada en el año,2015
Canto General (Spanish Edition),fue publicada en el año,2015
Psicologia y Pedagogia (Spanish Edition),fue publicada en el año,2015
Dracula (Spanish Edition),fue publicada en el año,2015
Espanto en Las Alturas (Spanish Edition),fue publicada en el año,2015
Catacumba Nueva (Spanish Edition),fue publicada en el año,2015
Mundo Perdido (Spanish Edition),fue publicada en el año,2015
Estudio en Escarlata (Spanish Edition),fue publicada en el año,2015
Sabueso de Los Baskerville (Spanish Edition),fue publicada en el año,2015
Signo de Los Cuatro,fue publicada en el año,2015
Las Aventuras de Sherlock Holmes (Spanish Edition),fue publicada en el año,2015
Mundo Perdido,fue publicada en el año,2015
Signo de Los Cuatro (Spanish Edition),fue publicada en el año,2015
Gato de Brasil,fue publicada en el año,2015
Cumbres Barrascosas,fue publicada en el año,2015
Mas Alla Del Bien y Del Mal (Spanish Edition),fue publicada en el año,2015
Asi Hablo Zaratustra (Spanish Version),fue publicada en el año,2015
Convivio (Spanish Version),fue publicada en el año,2015
Licenciado Vidriera (Spanish Edition),fue publicada en el año,2015
Gitanilla (Spanish Edition),fue publicada en el año,2015
Don Quijote de la Mancha (Spanish Edition),fue publicada en el año,2015
Reina Margot (Spanish Edition),fue publicada en el año,2015
Realidad Aparte (Spanish Edition),fue publicada en el año,2015
Escarabajo de Oro,fue publicada en el año,2015
Sociologia de la Religion (Spanish Edition),fue publicada en el año,2015
Oro de Mllorca (Spanish Edition),fue publicada en el año,2015
Historia de Dos Ciudades (Spanish Edition),fue publicada en el año,2015
Perfecta Casada (Spanish Edition),fue publicada en el año,2015
Rey Lear (Spanish Edition),fue publicada en el año,2015
Carta Robada (Spanish Edition),fue publicada en el año,2015
David Copperfield Parte 3,fue publicada en el año,2015
Las Enseñanzas de Don Juan (Spanish Edition),fue publicada en el año,2015
Frankenstein (Spanish Version),fue publicada en el año,2015
Dermian (Spanish Edition),fue publicada en el año,2015
Misterio de Marie Roget,fue publicada en el año,2014
Lobo Estepario (Spanish Edition),fue publicada en el año,2015
Los Tres Mosqueteros (Spanish Edition),fue publicada en el año,2015
Loco (Spanish Edition),fue publicada en el año,2015
Segundo Anillo de Poder,fue publicada en el año,2015
Barril Amontillado,fue publicada en el año,2015
Historia de un Muerto Contada Por el Mismo (Spanish Edition),fue publicada en el año,2015
La ciudad de cartón,fue publicada en el año,2021
La ciudad de cartón,pertenece a la categoria,Uruguayan Short stories
Crónica de una infamia,fue publicada en el año,2015
Crónica de una infamia,pertenece a la categoria,Torture
Crónica de una infamia,pertenece a la categoria,Political corruption
Crónica de una infamia,pertenece a la categoria,Unión de la Juventud Comunista del Uruguay
La última cárcel del pueblo,fue publicada en el año,2018
La última cárcel del pueblo,pertenece a la categoria,History
La última cárcel del pueblo,pertenece a la categoria,Guerrillas
La última cárcel del pueblo,pertenece a la categoria,Political prisoners
La última cárcel del pueblo,pertenece a la categoria,Movimiento de Liberación Nacional (Uruguay)
Antología de cuentos uruguayos contemporáneos,fue publicada en el año,2007
Antología de cuentos uruguayos contemporáneos,pertenece a la categoria,"Short stories, Uruguayan."
Antología de cuentos uruguayos contemporáneos,pertenece a la categoria,Cuentos uruguayos.
Mecanismo a válvula,fue publicada en el año,2008
El club de los millones,fue publicada en el año,2015
El club de los millones,pertenece a la categoria,Rich people
La máscara de la diversidad,fue publicada en el año,2019
La máscara de la diversidad,pertenece a la categoria,Sexual minorities
La máscara de la diversidad,pertenece a la categoria,Social conditions
La máscara de la diversidad,pertenece a la categoria,"Legal status, laws"
La máscara de la diversidad,pertenece a la categoria,Interviews
Mandato de sangre,fue publicada en el año,2012
Mandato de sangre,pertenece a la categoria,Jews
Mandato de sangre,pertenece a la categoria,History
Bajo sospecha,fue publicada en el año,2013
Bajo sospecha,pertenece a la categoria,Civil-military relations
Bajo sospecha,pertenece a la categoria,Uruguay
Bajo sospecha,pertenece a la categoria,Military policy
Bajo sospecha,pertenece a la categoria,Military doctrine
"Óscar Magurno, el padrino",fue publicada en el año,2010
"Óscar Magurno, el padrino",pertenece a la categoria,Politicians
"Óscar Magurno, el padrino",pertenece a la categoria,Biography
La masonería uruguaya,fue publicada en el año,2011
La masonería uruguaya,pertenece a la categoria,Freemasonry
La masonería uruguaya,pertenece a la categoria,History
Desconfianza infinita,fue publicada en el año,2007
Desconfianza infinita,pertenece a la categoria,Civil-military relations -- Uruguay
Desconfianza infinita,pertenece a la categoria,Uruguay -- Politics and government -- 1985-
En penumbras,fue publicada en el año,2008
El peso de la cruz,fue publicada en el año,2010
El peso de la cruz,pertenece a la categoria,Opus Dei (Society)
El peso de la cruz,pertenece a la categoria,Catholic Church
El peso de la cruz,pertenece a la categoria,Societies
"Diversidad, Globalizacion Y Los Caminos De LA Naturaleza",fue publicada en el año,2000
"Diversidad, Globalizacion Y Los Caminos De LA Naturaleza",pertenece a la categoria,Literary & Linguistic Reference Works
"Diversidad, Globalizacion Y Los Caminos De LA Naturaleza",pertenece a la categoria,Development - Sustainable Development
"Diversidad, Globalizacion Y Los Caminos De LA Naturaleza",pertenece a la categoria,Environmental Science
"Diversidad, Globalizacion Y Los Caminos De LA Naturaleza",pertenece a la categoria,International Relations - General
"Diversidad, Globalizacion Y Los Caminos De LA Naturaleza",pertenece a la categoria,Reference
"Diversidad, Globalizacion Y Los Caminos De LA Naturaleza",pertenece a la categoria,Language Arts & Disciplines
"Diversidad, Globalizacion Y Los Caminos De LA Naturaleza",pertenece a la categoria,Environmental Studies
"Diversidad, Globalizacion Y Los Caminos De LA Naturaleza",pertenece a la categoria,Spanish: Adult Nonfiction
Folklore duro,fue publicada en el año,2015
Folklore duro,pertenece a la categoria,Folk music
Folklore duro,pertenece a la categoria,History and criticism
Folklore duro,pertenece a la categoria,Popular music
Folklore duro,pertenece a la categoria,History
Crónicas sindicales,fue publicada en el año,2011
Crónicas sindicales,pertenece a la categoria,Labor unions
Crónicas sindicales,pertenece a la categoria,History
Crónicas sindicales,pertenece a la categoria,Syndicalism
Artigas y la Confederación,fue publicada en el año,2011
Artigas y la Confederación,pertenece a la categoria,Supranationalism
Artigas y la Confederación,pertenece a la categoria,Pan-Americanism
Artigas y la Confederación,pertenece a la categoria,Latin American federation
Escritos trashumantes,fue publicada en el año,2009
Escritos trashumantes,pertenece a la categoria,Latin American Philosophy
Escritos trashumantes,pertenece a la categoria,Spanish Philosophy
Escritos trashumantes,pertenece a la categoria,History
Como un comanche,fue publicada en el año,2012
La voz y la palabra,fue publicada en el año,2015
"Durandarte, durandarte",fue publicada en el año,2015
Retablo roto,fue publicada en el año,2016
Tata vizcacha,fue publicada en el año,2012
Palabra impronunciada,fue publicada en el año,2021
Palabra impronunciada,pertenece a la categoria,Uruguayan poetry
Palabra impronunciada,pertenece a la categoria,Uruguayan literature
Querencia,fue publicada en el año,2020
La pluma enlunarada,fue publicada en el año,2020
Seis variaciones para un armonio de cristal (electrónico),fue publicada en el año,2020
El constelado,fue publicada en el año,2021
Los pies clavados y otros sonetos,fue publicada en el año,2022
Las palabras que llegaron,fue publicada en el año,2009
Las palabras que llegaron,pertenece a la categoria,Politics and government
Las palabras que llegaron,pertenece a la categoria,Amnesty
Las palabras que llegaron,pertenece a la categoria,Crimes against humanity
Poesía y transcreación,fue publicada en el año,2007
Poesía y transcreación,pertenece a la categoria,Poetics
Poesía y transcreación,pertenece a la categoria,History and criticism
Poesía y transcreación,pertenece a la categoria,Brazilian poetry
Mujeres,fue publicada en el año,1993
Mujeres,pertenece a la categoria,Uruguayan poetry -- Women authors.
Mujeres,pertenece a la categoria,Uruguayan poetry -- 20th century.
Diario del Iporá,fue publicada en el año,2006
Sonetos,fue publicada en el año,2008
Sonetos,pertenece a la categoria,Sonnets
Doce canciones amorosas del juglar Xoan Zorro,fue publicada en el año,2010
Sesquicentenario,fue publicada en el año,2017
El otro lado,fue publicada en el año,2018
El otro lado,pertenece a la categoria,Uruguayan fiction
El otro lado,pertenece a la categoria,History and criticism
"Mundo, tiempos y escritura en la poesía de Marosa di Giorgio",fue publicada en el año,2012
"Mundo, tiempos y escritura en la poesía de Marosa di Giorgio",pertenece a la categoria,Criticism and interpretation
El sitio de Lautréamont,fue publicada en el año,2008
El sitio de Lautréamont,pertenece a la categoria,Criticism and interpretation
La poética de Jorge Arbeleche,fue publicada en el año,2008
La poética de Jorge Arbeleche,pertenece a la categoria,"Arbeleche, Jorge, -- 1943- -- Criticism and interpretation"
La poética de Jorge Arbeleche,fue publicada en el año,2008
Cardal,fue publicada en el año,2012
Cardal,pertenece a la categoria,"Comic books, strips"
Cardal,pertenece a la categoria,History
Cardal,pertenece a la categoria,Graphic novels
13 que cuentan,fue publicada en el año,2016
13 que cuentan,pertenece a la categoria,Uruguayan Short stories
Los colores primarios,fue publicada en el año,2019
El fondo del quilombo,fue publicada en el año,2019
Muerte y vida del sargento poeta,fue publicada en el año,2013
Aquel viejo tango,fue publicada en el año,2011
La redacción,fue publicada en el año,2010
La última historia de Homero Escribano,fue publicada en el año,2016
La última historia de Homero Escribano,pertenece a la categoria,Uruguayan fiction
La noche fatal de Alberto Spark,fue publicada en el año,2018
La noche fatal de Alberto Spark,pertenece a la categoria,Uruguayan literature
El hijo del capitán Nemo,fue publicada en el año,2013
El hijo del capitán Nemo,pertenece a la categoria,Books and reading
El ministro y la ballena,fue publicada en el año,2008
Iván Kmaid,fue publicada en el año,2010
Iván Kmaid,pertenece a la categoria,Journalists
Iván Kmaid,pertenece a la categoria,Biography
Pia Mi Amor,fue publicada en el año,2012
Secreto de Las Innovaciones,fue publicada en el año,2013
Huellas y Horizontes,fue publicada en el año,2009
¿Por qué mataron a Jonathan Núñez?,fue publicada en el año,2015
Arte y deshonra,fue publicada en el año,2013
Arte y deshonra,pertenece a la categoria,Art and morals
Arte y deshonra,pertenece a la categoria,Art and society
Montalbetti & Camnitzer,fue publicada en el año,2019
Montalbetti & Camnitzer,pertenece a la categoria,Photography
Montalbetti & Camnitzer,pertenece a la categoria,Philosophy
Montalbetti & Camnitzer,pertenece a la categoria,Artistic Photography
Ética en el arte contemporáneo,fue publicada en el año,2021
Ética en el arte contemporáneo,pertenece a la categoria,Art and culture
Ética en el arte contemporáneo,pertenece a la categoria,Art and society
Ética en el arte contemporáneo,pertenece a la categoria,Art
Ética en el arte contemporáneo,pertenece a la categoria,Ethics
Ética en el arte contemporáneo,pertenece a la categoria,COVID-19 (Disease)
Didática de la liberación,fue publicada en el año,2008
Didática de la liberación,pertenece a la categoria,Conceptual art
Didática de la liberación,pertenece a la categoria,Arts
Didática de la liberación,pertenece a la categoria,History
Didática de la liberación,pertenece a la categoria,Conceptualism
"Arte, estado y no he estado",fue publicada en el año,2012
"Arte, estado y no he estado",pertenece a la categoria,Art and society
Negatec,fue publicada en el año,2007
Negatec,pertenece a la categoria,Modern Art
Negatec,pertenece a la categoria,Art and technology
Negatec,pertenece a la categoria,Exhibitions
De la Coca-cola al arte boludo,fue publicada en el año,2009
De la Coca-cola al arte boludo,pertenece a la categoria,Modern Art
Antología de textos críticos 1979-2006,fue publicada en el año,2007
Antología de textos críticos 1979-2006,pertenece a la categoria,"Art, Modern -- 20th century."
Tenía que sobrevivir,fue publicada en el año,2016
Tenía que sobrevivir,pertenece a la categoria,Airplane crash survival
Tenía que sobrevivir,pertenece a la categoria,Aircraft accidents
Tenía que sobrevivir,pertenece a la categoria,Aircraft accident victims
Tenía que sobrevivir,pertenece a la categoria,Biography
Tenía que sobrevivir,pertenece a la categoria,Heart surgeons
Post Morten,fue publicada en el año,2006
Post Morten,pertenece a la categoria,General
Post Morten,pertenece a la categoria,Fiction - General
Persona,fue publicada en el año,2007
Persona,pertenece a la categoria,Catalogs
Persona,pertenece a la categoria,Artists
Una vida llena de propósito,fue publicada en el año,2021
Apariciones,fue publicada en el año,2007
Apariciones,pertenece a la categoria,"Casacuberta, Pablo, -- 1969- -- Exhibitions."
Apariciones,pertenece a la categoria,"Photography, Artistic."
Aqui Y Ahora / Here and Now,fue publicada en el año,2004
Aqui Y Ahora / Here and Now,pertenece a la categoria,General
Aqui Y Ahora / Here and Now,pertenece a la categoria,Fiction
Aqui Y Ahora / Here and Now,pertenece a la categoria,Spanish: Adult Fiction
Escipión,fue publicada en el año,2010
Regulación de la actividad privada,fue publicada en el año,2015
Regulación de la actividad privada,pertenece a la categoria,Corporation law
Regulación de la actividad privada,pertenece a la categoria,Public-private sector cooperation
Regulación de la actividad privada,pertenece a la categoria,Law and legislation
Regulación de la actividad privada,pertenece a la categoria,Administrative law
Regulación de la actividad privada,pertenece a la categoria,Corporations
Regulación de la actividad privada,pertenece a la categoria,Government policy
Manual para indecisos,fue publicada en el año,2009
Manual para indecisos,pertenece a la categoria,Politics and government
Manual para indecisos,pertenece a la categoria,Elections
Manual para indecisos,pertenece a la categoria,Populism
La gran ilusión,fue publicada en el año,2006
La gran ilusión,pertenece a la categoria,Socialism -- Uruguay -- History
La gran ilusión,pertenece a la categoria,Uruguay -- Politics and government -- 1985-
Carnaval  y populismo autoritario,fue publicada en el año,2007
Carnaval  y populismo autoritario,pertenece a la categoria,Populism -- Uruguay
Carnaval  y populismo autoritario,pertenece a la categoria,Uruguay -- Politics and government -- 1985-
El lugar de los grandes pecados atroces,fue publicada en el año,2007
La sombra,fue publicada en el año,2013
La sombra,pertenece a la categoria,Fiction
La sombra,pertenece a la categoria,History
El sable roto,fue publicada en el año,2016
El sable roto,pertenece a la categoria,Fiction
El sable roto,pertenece a la categoria,History
El sable roto,pertenece a la categoria,Uruguayan fiction
La diosa y la noche,fue publicada en el año,2017
El Pardejón,fue publicada en el año,2020
El Pardejón,pertenece a la categoria,Fiction
El Pardejón,pertenece a la categoria,History
El Pardejón,pertenece a la categoria,Politics and government
Guillermo Chifflet,fue publicada en el año,2011
Guillermo Chifflet,pertenece a la categoria,Politics and government
Pacheco,fue publicada en el año,2005
Pacheco,pertenece a la categoria,"Pacheco Areco, Jorge, -- 1920-"
Pacheco,pertenece a la categoria,Uruguay -- Politics and government -- 1904-1973.
De La Habana ha llegado--,fue publicada en el año,2007
De La Habana ha llegado--,pertenece a la categoria,"Short stories, Cuban."
De La Habana ha llegado--,pertenece a la categoria,Cuban fiction -- 21st century.
Y el mundo sigue andando,fue publicada en el año,2008
Y el mundo sigue andando,pertenece a la categoria,"Chavarría, Daniel, -- 1933-"
Y el mundo sigue andando,pertenece a la categoria,"Authors, Uruguayan -- 20th century -- Biography"
El aguacate y la virtud,fue publicada en el año,2003
Príapos,fue publicada en el año,2005
Una pica en Flandes,fue publicada en el año,2004
De la discusión nace la luz,fue publicada en el año,2007
De la discusión nace la luz,pertenece a la categoria,"Frugoni, Emilio, -- 1880-1969"
De la discusión nace la luz,pertenece a la categoria,Uruguay -- Politics and government -- 1904-1973
La escritura sin tregua,fue publicada en el año,2015
La escritura sin tregua,pertenece a la categoria,Criticism and interpretation
La escritura sin tregua,pertenece a la categoria,In literature
Territorios y fronteras en la escena iberoamericana,fue publicada en el año,2012
Territorios y fronteras en la escena iberoamericana,pertenece a la categoria,Theater
Territorios y fronteras en la escena iberoamericana,pertenece a la categoria,Congresses
Territorios y fronteras en la escena iberoamericana,pertenece a la categoria,History
Territorios y fronteras en la escena iberoamericana,pertenece a la categoria,Latin American drama
Territorios y fronteras en la escena iberoamericana,pertenece a la categoria,History and criticism
Territorios y fronteras en la escena iberoamericana,pertenece a la categoria,Spanish drama
Teatro y representación,fue publicada en el año,2011
Teatro y representación,pertenece a la categoria,Dramatic criticism
Teatro y representación,pertenece a la categoria,Latin American drama
Teatro y representación,pertenece a la categoria,History
Teatro y representación,pertenece a la categoria,European drama
"Teatro, memoria, identidad",fue publicada en el año,2009
"Teatro, memoria, identidad",pertenece a la categoria,Theater
"Teatro, memoria, identidad",pertenece a la categoria,Latin American drama
"Teatro, memoria, identidad",pertenece a la categoria,History and criticism
"Teatro, memoria, identidad",pertenece a la categoria,Political aspects
Cuarteto,fue publicada en el año,2007
"Dos relatos sobre el arte, el amor, el sexo y algunas cosas más",fue publicada en el año,2009
El séptimo año,fue publicada en el año,2009
El séptimo año,pertenece a la categoria,Uruguayan fiction
Tradición y cambio en la narrativa uruguaya,fue publicada en el año,2008
Tradición y cambio en la narrativa uruguaya,pertenece a la categoria,Uruguayan fiction
Tradición y cambio en la narrativa uruguaya,pertenece a la categoria,History and criticism
"Padres, maestros, y políticos",fue publicada en el año,2009
"Padres, maestros, y políticos",pertenece a la categoria,Education
"Padres, maestros, y políticos",pertenece a la categoria,Philosophy
"Padres, maestros, y políticos",pertenece a la categoria,Political aspects
"Padres, maestros, y políticos",pertenece a la categoria,Teachers
Escrito en la arena,fue publicada en el año,2019
Escrito en la arena,pertenece a la categoria,Political and social views
Escrito en la arena,pertenece a la categoria,Liberalism
Escrito en la arena,pertenece a la categoria,Politics and government
Escrito en la arena,pertenece a la categoria,Intellectuals
No sólo de hambre vive el hombre,fue publicada en el año,2006
Cuatro libros de poesía y un montón de ojos en la cabeza,fue publicada en el año,2010
La cara del ángel,fue publicada en el año,2009
Una oveja negra al poder,fue publicada en el año,2015
Una oveja negra al poder,pertenece a la categoria,Interviews
Una oveja negra al poder,pertenece a la categoria,Politics and government
Una oveja negra al poder,pertenece a la categoria,Presidents
José Pedro Costigliolo,fue publicada en el año,2010
José Pedro Costigliolo,pertenece a la categoria,Catalogs
José Pedro Costigliolo,pertenece a la categoria,Criticism and interpretation
Artes visuales en Uruguay,fue publicada en el año,2013
Artes visuales en Uruguay,pertenece a la categoria,Art
Artes visuales en Uruguay,pertenece a la categoria,Dictionaries
Artes visuales en Uruguay,pertenece a la categoria,Artists
Artes visuales en Uruguay,pertenece a la categoria,Biography
Mapa de un engaño,fue publicada en el año,2017
Mapa de un engaño,pertenece a la categoria,History
Mapa de un engaño,pertenece a la categoria,Guerrillas
Mapa de un engaño,pertenece a la categoria,Movimiento de Liberación Nacional (Uruguay)
El murguista muerto,fue publicada en el año,2008
Vallejo2016,fue publicada en el año,2016
Vallejo2016,pertenece a la categoria,Congresses
Vallejo2016,pertenece a la categoria,Criticism and interpretation
Vallejo2016,pertenece a la categoria,Peruvian Authors
Vallejo2016,pertenece a la categoria,Biography
Señales elementales,fue publicada en el año,2006
Anatomía de lo aparente,fue publicada en el año,2015
La plaza del ángelus,fue publicada en el año,2011
Los árboles de piedra,fue publicada en el año,2008
Los árboles de piedra,pertenece a la categoria,Basques
Los árboles de piedra,pertenece a la categoria,History
Los árboles de piedra,pertenece a la categoria,Immigrants
Entrevista con el arte uruguayo,fue publicada en el año,2005
Entrevista con el arte uruguayo,pertenece a la categoria,Artists -- Uruguay -- Interviews.
Entrevista con el arte uruguayo,pertenece a la categoria,"Arts, Uruguayan -- 20th century."
Pasión y poesía de Jules Laforgue,fue publicada en el año,2006
Pasión y poesía de Jules Laforgue,pertenece a la categoria,"Laforgue, Jules, -- 1860-1887 -- Criticism and interpretation."
La sombra de las horas,fue publicada en el año,2009
"Grandes éxitos, un cuento y una despedida",fue publicada en el año,2013
Disco duro,fue publicada en el año,2008
Dos o tres cosas que sé de gala,fue publicada en el año,2005
Cuentos completos,fue publicada en el año,2006
Cuentos completos,fue publicada en el año,1975
"Jesuitas, Masones y universidad en el Uruguay",fue publicada en el año,2007
"Jesuitas, Masones y universidad en el Uruguay",pertenece a la categoria,Jesuits -- Uruguay -- History
"Jesuitas, Masones y universidad en el Uruguay",pertenece a la categoria,Freemasonry -- Uruguay -- History
"Jesuitas, Masones y universidad en el Uruguay",pertenece a la categoria,Catholic universities and colleges -- Uruguay -- History
Una democracia única,fue publicada en el año,2017
Una democracia única,pertenece a la categoria,Politics and government
Una democracia única,pertenece a la categoria,Political participation
Una democracia única,pertenece a la categoria,History
Una democracia única,pertenece a la categoria,Democracy
Una democracia única,pertenece a la categoria,Political parties
Una democracia única,pertenece a la categoria,Elections
El voto del agua tibia,fue publicada en el año,2017
El voto del agua tibia,pertenece a la categoria,Elections
El voto del agua tibia,pertenece a la categoria,Politics and government
A boca de urna,fue publicada en el año,2019
A boca de urna,pertenece a la categoria,Elections
A boca de urna,pertenece a la categoria,Politics and government
A boca de urna,pertenece a la categoria,Political participation
A boca de urna,pertenece a la categoria,Democracy
A boca de urna,pertenece a la categoria,Political parties
Triunfo multicolor,fue publicada en el año,2019
Triunfo multicolor,pertenece a la categoria,Elections
Triunfo multicolor,pertenece a la categoria,Politics and government
¡Maldita crisis!,fue publicada en el año,2008
¡Maldita crisis!,pertenece a la categoria,Economic conditions
¡Maldita crisis!,pertenece a la categoria,"Global Financial Crisis, 2008-2009"
¡Maldita crisis!,pertenece a la categoria,Financial crises
Quién es quién en el gobierno de Mujica,fue publicada en el año,2010
Quién es quién en el gobierno de Mujica,pertenece a la categoria,Politics and government
Quién es quién en el gobierno de Mujica,pertenece a la categoria,Socialism
Quién es quién en el gobierno de Mujica,pertenece a la categoria,Political parties
Mateo y Trasante,fue publicada en el año,2020
Mateo y Trasante,pertenece a la categoria,Popular music
Mateo y Trasante,pertenece a la categoria,Mateo y Trasante
Mejor callar,fue publicada en el año,2016
Mejor callar,pertenece a la categoria,Fiction
Mejor callar,pertenece a la categoria,Murder
Mejor callar,pertenece a la categoria,History
Carlota Ferreira,fue publicada en el año,2015
Carlota Ferreira,pertenece a la categoria,Fiction
Carlota Ferreira,pertenece a la categoria,Portrait painters
Dona Candida Saravia,fue publicada en el año,2018
Dona Candida Saravia,pertenece a la categoria,Politics and government
El sentir de las violetas,fue publicada en el año,2017
El sentir de las violetas,pertenece a la categoria,Fiction
Cuando todo pase,fue publicada en el año,2021
Cuando todo pase,pertenece a la categoria,Uruguayan Historical fiction
Cuando todo pase,pertenece a la categoria,Uruguayans
Cuando todo pase,pertenece a la categoria,Fiction
Cuando todo pase,pertenece a la categoria,History
El robo de la historia,fue publicada en el año,2019
Secretos de un jardín,fue publicada en el año,2019
Secretos de un jardín,pertenece a la categoria,History
Secretos de un jardín,pertenece a la categoria,Neighborhoods
Qué poco vale la vida,fue publicada en el año,2021
Qué poco vale la vida,pertenece a la categoria,Biography
Qué poco vale la vida,pertenece a la categoria,Politics and government
Qué poco vale la vida,pertenece a la categoria,History
Serás mía o de nadie,fue publicada en el año,2014
A mí me aplauden,fue publicada en el año,2012
A mí me aplauden,pertenece a la categoria,Actresses
A mí me aplauden,pertenece a la categoria,Biography
Carlos Páez Vilaró,fue publicada en el año,2011
Carlos Páez Vilaró,pertenece a la categoria,Biography
Carlos Páez Vilaró,pertenece a la categoria,Artists
Qué tupé,fue publicada en el año,2010
Qué tupé,pertenece a la categoria,Politics and government
Qué tupé,pertenece a la categoria,Death and burial
Qué tupé,pertenece a la categoria,Dueling
100 años Punta del Este,fue publicada en el año,2007
100 años Punta del Este,pertenece a la categoria,Celebrities -- Homes and haunts -- Uruguay -- Punta del Este.
100 años Punta del Este,pertenece a la categoria,Punta del Este (Uruguay) -- History.
100 años Punta del Este,pertenece a la categoria,Punta del Este (Uruguay) -- Social life and customs.
100 años Punta del Este,pertenece a la categoria,Punta del Este (Uruguay) -- Biography.
Al encuentro de las tres Marías,fue publicada en el año,2008
La otra mirada,fue publicada en el año,2014
SER COMO ELLOS Y OTROS ARTICULOS,fue publicada en el año,2010
La piedra arde,fue publicada en el año,2002
Memoria del Fuego 1. Los Nacimientos,fue publicada en el año,2000
Memoria del Fuego 1. Los Nacimientos,pertenece a la categoria,Short Stories (single author)
Memoria del Fuego 1. Los Nacimientos,pertenece a la categoria,Fiction - General
Ensenar a Pensar En La Escuela (Ojos Solares),fue publicada en el año,2004
Ensenar a Pensar En La Escuela (Ojos Solares),pertenece a la categoria,General
Ensenar a Pensar En La Escuela (Ojos Solares),pertenece a la categoria,Psychology
Ciudades,fue publicada en el año,2017
Quiroga,fue publicada en el año,2020
Quiroga,pertenece a la categoria,Biography
Quiroga,pertenece a la categoria,Uruguayan literature
Quiroga,pertenece a la categoria,History and criticism
Una vara de almendro,fue publicada en el año,2020
Víctor Lima,fue publicada en el año,2021
Víctor Lima,pertenece a la categoria,Uruguayan Poets
Víctor Lima,pertenece a la categoria,Biography
Víctor Lima,pertenece a la categoria,Lyricists
Víctor Lima,pertenece a la categoria,Milongas (Music)
El orden de las letras,fue publicada en el año,2021
El orden de las letras,pertenece a la categoria,Uruguayan literature
El orden de las letras,pertenece a la categoria,Littérature uruguayenne
Patio,fue publicada en el año,2012
La sencilla espiral de los sucesos,fue publicada en el año,2005
El libro de los suicidas,fue publicada en el año,2005
El milagro incesante,fue publicada en el año,2006
El milagro incesante,pertenece a la categoria,"Di Giorgio, Marosa."
Maracana,fue publicada en el año,2013
Maracana,pertenece a la categoria,Soccer
Maracana,pertenece a la categoria,History
Maracana,pertenece a la categoria,World Cup (Soccer) (1950 : Brazil)
Maracana,pertenece a la categoria,Selección Uruguaya de Fútbol (Soccer team)
Maracana,pertenece a la categoria,Seleção Brasileira de Futebol
Maracana,pertenece a la categoria,"Estádio do Maracanã (Rio de Janeiro, Brazil)"
Siempre en el camino,fue publicada en el año,2011
Siempre en el camino,pertenece a la categoria,Presidents
Siempre en el camino,pertenece a la categoria,Biography
13 que cuentan,fue publicada en el año,2016
13 que cuentan,pertenece a la categoria,Uruguayan Short stories
Los trabajos del amor,fue publicada en el año,2015
Herodes,fue publicada en el año,2018
Herodes,pertenece a la categoria,Uruguayan fiction
El origen de las palabras,fue publicada en el año,2021
El origen de las palabras,pertenece a la categoria,Uruguayan Authors
El origen de las palabras,pertenece a la categoria,Biography
El origen de las palabras,pertenece a la categoria,Écrivains uruguayens
El origen de las palabras,pertenece a la categoria,Biographies
El fondo,fue publicada en el año,2013
El fondo,pertenece a la categoria,Families
El fondo,pertenece a la categoria,Fiction
El fondo,pertenece a la categoria,Family secrets
El fondo,pertenece a la categoria,Underwater welding and cutting
El fondo,pertenece a la categoria,Raffles
El increíble springer,fue publicada en el año,2009
Camara Celeste en Sud Afrka,fue publicada en el año,2011
Camara Celeste en Sud Afrka,pertenece a la categoria,Soccer
Camara Celeste en Sud Afrka,pertenece a la categoria,History
Constituciones iberoamericanas,fue publicada en el año,2005
Constituciones iberoamericanas,pertenece a la categoria,Constitutional history -- Urugay.
Constituciones iberoamericanas,pertenece a la categoria,Constitutional law -- Uruguay.
El coloquio de los suicidas,fue publicada en el año,2019
El deseo de un profeta confinado,fue publicada en el año,2021
Hombrecitos improvisados de apuro,fue publicada en el año,2019
Hombrecitos improvisados de apuro,pertenece a la categoria,Argentine Short stories
Hombrecitos improvisados de apuro,pertenece a la categoria,Argentine fiction
Hombrecitos improvisados de apuro,pertenece a la categoria,Women authors
Hombrecitos improvisados de apuro,pertenece a la categoria,Relations entre hommes et femmes
Hombrecitos improvisados de apuro,pertenece a la categoria,"Romans, nouvelles"
Hombrecitos improvisados de apuro,pertenece a la categoria,Machisme
Hombrecitos improvisados de apuro,pertenece a la categoria,Nouvelles argentines
Hombrecitos improvisados de apuro,pertenece a la categoria,Roman argentin
Hombrecitos improvisados de apuro,pertenece a la categoria,Machismo
Hombrecitos improvisados de apuro,pertenece a la categoria,Man-woman relationships
Hombrecitos improvisados de apuro,pertenece a la categoria,Uruguayan Short stories
La cuchara universal,fue publicada en el año,2006
Extractivismos y corrupción,fue publicada en el año,2017
Extractivismos y corrupción,pertenece a la categoria,Mineral industries
Extractivismos y corrupción,pertenece a la categoria,Corrupt practices
Extractivismos y corrupción,pertenece a la categoria,Petroleum industry and trade
Extractivismos y corrupción,pertenece a la categoria,Agriculture
Extractivismos y corrupción,pertenece a la categoria,Environmental aspects
Extractivismos y corrupción,pertenece a la categoria,Economic aspects
Extractivismos y corrupción,pertenece a la categoria,Economic development
Extractivismos,fue publicada en el año,2015
Extractivismos,pertenece a la categoria,Mineral industries
Extractivismos,pertenece a la categoria,Environmental aspects
Extractivismos,pertenece a la categoria,Economic aspects
Extractivismos,pertenece a la categoria,Political aspects
Extractivismos,pertenece a la categoria,Petroleum industry and trade
Extractivismos,pertenece a la categoria,Agriculture
Extractivismos,pertenece a la categoria,Economic development
Libre comercio,fue publicada en el año,2004
Libre comercio,pertenece a la categoria,Free trade
Libre comercio,pertenece a la categoria,Economic integration
Libre comercio,pertenece a la categoria,Economic policy
"Ecologia, economia, etica del desarrollo sostenible",fue publicada en el año,2003
"Ecologia, economia, etica del desarrollo sostenible",pertenece a la categoria,Sustainable development
Transiciones,fue publicada en el año,2011
Transiciones,pertenece a la categoria,Mineral industries
Transiciones,pertenece a la categoria,Hydrocarbons
Transiciones,pertenece a la categoria,Sustainable development
Derechos de la naturaleza,fue publicada en el año,2016
Derechos de la naturaleza,pertenece a la categoria,Environmental ethics
Derechos de la naturaleza,pertenece a la categoria,Environmental policy
Derechos de la naturaleza,pertenece a la categoria,Nature conservation
Derechos de la naturaleza,pertenece a la categoria,Environmental law
Derechos de la naturaleza y políticas ambientales,fue publicada en el año,2014
Derechos de la naturaleza y políticas ambientales,pertenece a la categoria,Environmental law
Derechos de la naturaleza y políticas ambientales,pertenece a la categoria,Environmental policy
La memoria obstinada de Puerto Vírgenes,fue publicada en el año,2019
La memoria obstinada de Puerto Vírgenes,pertenece a la categoria,Journalists
La memoria obstinada de Puerto Vírgenes,pertenece a la categoria,Fiction
La memoria obstinada de Puerto Vírgenes,pertenece a la categoria,Murder
La memoria obstinada de Puerto Vírgenes,pertenece a la categoria,Investigation
El pasado es un montón de cosas inconclusas,fue publicada en el año,2021
El pasado es un montón de cosas inconclusas,pertenece a la categoria,Uruguayan literature
Silencio de Estado,fue publicada en el año,2008
Silencio de Estado,pertenece a la categoria,Intelligence service
Silencio de Estado,pertenece a la categoria,Chile. Dirección de Inteligencia Nacional
Silencio de Estado,pertenece a la categoria,Chile
Tabaré Vázquez,fue publicada en el año,2018
Tabaré Vázquez,pertenece a la categoria,Presidents
Tabaré Vázquez,pertenece a la categoria,Biography
Tabaré Vázquez,pertenece a la categoria,Politics and government
El agente rojo,fue publicada en el año,2010
El enigma Trabal,fue publicada en el año,2002
El enigma Trabal,pertenece a la categoria,"Trabal, Ramón, 1929-1974 -- Assassination."
El enigma Trabal,pertenece a la categoria,Political violence -- Uruguay.
El enigma Trabal,pertenece a la categoria,Assassination -- Uruguay.
Mujica,fue publicada en el año,2010
Mujica,pertenece a la categoria,Politics and government
Mujica,pertenece a la categoria,Presidents
Mujica,pertenece a la categoria,Biography
Daniel Martínez,fue publicada en el año,2019
Daniel Martínez,pertenece a la categoria,Politicians
Daniel Martínez,pertenece a la categoria,Biography
Daniel Martínez,pertenece a la categoria,Politics and government
Uruguay en la mira del narco,fue publicada en el año,2021
Uruguay en la mira del narco,pertenece a la categoria,Drug traffic
Uruguay en la mira del narco,pertenece a la categoria,Prevention
Uruguay en la mira del narco,pertenece a la categoria,Drug dealers
Uruguay en la mira del narco,pertenece a la categoria,Organized crime
Uruguay en la mira del narco,pertenece a la categoria,Case studies
Uruguay en la mira del narco,pertenece a la categoria,Drogues
Uruguay en la mira del narco,pertenece a la categoria,Études de cas
Uruguay en la mira del narco,pertenece a la categoria,Trafic
Uruguay en la mira del narco,pertenece a la categoria,Trafiquants de drogues
Uruguay en la mira del narco,pertenece a la categoria,Crime organisé
Narcos en el Uruguay,fue publicada en el año,2014
Narcos en el Uruguay,pertenece a la categoria,Drug dealers
Narcos en el Uruguay,pertenece a la categoria,Drug traffic
Narcos en el Uruguay,pertenece a la categoria,Case studies
Narcos en el Uruguay,pertenece a la categoria,Organized crime
Esperando la carroza,fue publicada en el año,1988
13 que cuentan,fue publicada en el año,2016
13 que cuentan,pertenece a la categoria,Uruguayan Short stories
La subersión de la lluvia,fue publicada en el año,2017
La entrada al paraíso,fue publicada en el año,2015
Pichis,fue publicada en el año,2016
Pichis,pertenece a la categoria,Uruguayan fiction
Un odio cansado,fue publicada en el año,2019
Un odio cansado,pertenece a la categoria,Uruguayan Short stories
Un odio cansado,pertenece a la categoria,Uruguayan literature
La muerte del Lobo,fue publicada en el año,2008
Biografí́a de un hombre que perdió el miedo,fue publicada en el año,2011
Biografí́a de un hombre que perdió el miedo,pertenece a la categoria,Personal narratives
Biografí́a de un hombre que perdió el miedo,pertenece a la categoria,Merchant mariners
Biografí́a de un hombre que perdió el miedo,pertenece a la categoria,Biography
Biografí́a de un hombre que perdió el miedo,pertenece a la categoria,History
Espías de la basura,fue publicada en el año,2004
Espías de la basura,pertenece a la categoria,Politics and government
Espías de la basura,pertenece a la categoria,Chile. Central Nacional de Informaciones
"De las armas, las urnas y las letras",fue publicada en el año,2018
"De las armas, las urnas y las letras",pertenece a la categoria,Interviews
"De las armas, las urnas y las letras",pertenece a la categoria,Celebrities
"De las armas, las urnas y las letras",pertenece a la categoria,Politicians
"De las armas, las urnas y las letras",pertenece a la categoria,Latin American Authors
"De las armas, las urnas y las letras",pertenece a la categoria,Biography
Luis Alberto Lacalle,fue publicada en el año,2020
Luis Alberto Lacalle,pertenece a la categoria,Politics and government
Luis Alberto Lacalle,pertenece a la categoria,Politique et gouvernement
Luis Alberto Lacalle,pertenece a la categoria,Partido Nacional (Uruguay)
Conspiración,fue publicada en el año,2021
Conspiración,pertenece a la categoria,Politics and government
Conspiración,pertenece a la categoria,Political violence
Conspiración,pertenece a la categoria,History
Conspiración,pertenece a la categoria,Conspiracies
Conspiración,pertenece a la categoria,Espionage
Conspiración,pertenece a la categoria,Politique et gouvernement
Conspiración,pertenece a la categoria,Violence politique
Conspiración,pertenece a la categoria,Histoire
Conspiración,pertenece a la categoria,Conspiration
Conspiración,pertenece a la categoria,Espionnage
El pecado original,fue publicada en el año,2012
El pecado original,pertenece a la categoria,History
El pecado original,pertenece a la categoria,Politics and government
La primera orden,fue publicada en el año,2009
La primera orden,pertenece a la categoria,Politics and government
La primera orden,pertenece a la categoria,Presidents
La primera orden,pertenece a la categoria,Biography
La Revolucion Imposible,fue publicada en el año,2006
La Revolucion Imposible,pertenece a la categoria,General
La Revolucion Imposible,pertenece a la categoria,Politics / Current Events
Escritor indolente,fue publicada en el año,2014
Escritor indolente,pertenece a la categoria,Uruguayan Authors
Escritor indolente,pertenece a la categoria,Biography
Escritor indolente,pertenece a la categoria,Political prisoners
Vida del cuervo blanco,fue publicada en el año,2015
Apuntes de la cárcel,fue publicada en el año,2016
Apuntes de la cárcel,pertenece a la categoria,"Notebooks, sketchbooks"
Apuntes de la cárcel,pertenece a la categoria,Manuscripts
Apuntes de la cárcel,pertenece a la categoria,Facsimiles
Apuntes de la cárcel,pertenece a la categoria,Books and reading
Apuntes de la cárcel,pertenece a la categoria,"Prisoners' writings, Uruguayan"
Apuntes de la cárcel,pertenece a la categoria,Political prisoners
Apuntes de la cárcel,pertenece a la categoria,Intellectual life
Apuntes de la cárcel,pertenece a la categoria,Uruguayan Authors
Los orígenes,fue publicada en el año,2019
Los orígenes,pertenece a la categoria,Family
Los orígenes,pertenece a la categoria,Families
Los orígenes,pertenece a la categoria,Creative nonfiction
Los orígenes,pertenece a la categoria,Uruguayan Authors
Viaje a la noche,fue publicada en el año,2014
Viaje a la noche,pertenece a la categoria,Art
La libreta negra,fue publicada en el año,2010
La libreta negra,pertenece a la categoria,Arts
Oficio de ventriloquia,fue publicada en el año,2011
Ejercicio de impunidad,fue publicada en el año,2009
Ejercicio de impunidad,pertenece a la categoria,"Gelman, Marcelo Ariel, -- 1956?-1976"
Ejercicio de impunidad,pertenece a la categoria,"Garcia Irureta Goyena, Maria Claudia, -- d. 1976"
Ejercicio de impunidad,pertenece a la categoria,"Sanguinetti, Julio María, -- 1936-"
Ejercicio de impunidad,pertenece a la categoria,Disappeared persons -- Argentina
El escritor y el otro,fue publicada en el año,2007
Ejercicio de impunidad,fue publicada en el año,2004
Ejercicio de impunidad,pertenece a la categoria,"Sanguinetti, Julio María, 1936-"
Ejercicio de impunidad,pertenece a la categoria,"Gelman, Juan, 1930-"
Ejercicio de impunidad,pertenece a la categoria,"Batlle Ibáñez, Jorge, 1927-"
Ejercicio de impunidad,pertenece a la categoria,Human rights -- Uruguay.
Ejercicio de impunidad,pertenece a la categoria,Amnesty -- Uruguay.
Anatema,fue publicada en el año,2015
La niña que miraba los trenes partir,fue publicada en el año,2016
La niña que miraba los trenes partir,pertenece a la categoria,"Holocaust, Jewish (1939-1945)"
La niña que miraba los trenes partir,pertenece a la categoria,Fiction
La mujer que volvió del abismo,fue publicada en el año,2018
Éramos tres niños perdidos en la niebla,fue publicada en el año,2020
Éramos tres niños perdidos en la niebla,pertenece a la categoria,Friendship in children
Éramos tres niños perdidos en la niebla,pertenece a la categoria,Fiction
Éramos tres niños perdidos en la niebla,pertenece a la categoria,"Holocaust, Jewish (1939-1945)"
Éramos tres niños perdidos en la niebla,pertenece a la categoria,"World War, 1939-1945"
No dejaré memorias,fue publicada en el año,2012
No dejaré memorias,pertenece a la categoria,Fiction
Derecho a la reparación integral de violaciones a los derechos humanos,fue publicada en el año,2008
Derecho a la reparación integral de violaciones a los derechos humanos,pertenece a la categoria,Liability for human rights violations
Derecho a la reparación integral de violaciones a los derechos humanos,pertenece a la categoria,Victims of state-sponsored terrorism
Derecho a la reparación integral de violaciones a los derechos humanos,pertenece a la categoria,"Legal status, laws"
El derecho y el revés,fue publicada en el año,2008
El derecho y el revés,pertenece a la categoria,Children of prisoners -- Uruguay
El derecho y el revés,pertenece a la categoria,Political prisoners -- Uruguay
El derecho y el revés,pertenece a la categoria,Human rights -- Uruguay
El derecho y el revés,pertenece a la categoria,Uruguay -- Politics and government -- 1973-1985
Cooperación con la corte penal internacional,fue publicada en el año,2008
Cooperación con la corte penal internacional,pertenece a la categoria,International Criminal Court.
Cooperación con la corte penal internacional,pertenece a la categoria,Judicial assitance -- Uruguay.
Cooperación con la corte penal internacional,pertenece a la categoria,Extradition -- Uruguay.
Cooperación con la corte penal internacional,pertenece a la categoria,International offenses -- Uruguay.
El ladrón de mapas,fue publicada en el año,2018
El ladrón de mapas,pertenece a la categoria,Thieves
El ladrón de mapas,pertenece a la categoria,Map thefts
Un buceo por la historia,fue publicada en el año,2022
Un buceo por la historia,pertenece a la categoria,Maldonado (Uruguay : Department)
Un buceo por la historia,pertenece a la categoria,History
Un buceo por la historia,pertenece a la categoria,Shipwrecks
Un buceo por la historia,pertenece a la categoria,Treasure troves
El infierno de los navegantes,fue publicada en el año,2012
El infierno de los navegantes,pertenece a la categoria,Shipwrecks
El infierno de los navegantes,pertenece a la categoria,Treasure troves
Páginas perdidas de la historia uruguaya,fue publicada en el año,2008
Páginas perdidas de la historia uruguaya,pertenece a la categoria,Anecdotes
Páginas perdidas de la historia uruguaya,pertenece a la categoria,History
Los Tres Gauchos Orientales,fue publicada en el año,2014
Poesías,fue publicada en el año,2014
"De todos los nombres, el nombre",fue publicada en el año,2021
El hombre numerado,fue publicada en el año,2007
El hombre numerado,pertenece a la categoria,"Estefanell, Marcelo, -- 1950-"
El hombre numerado,pertenece a la categoria,Political prisoners -- Uruguay -- Biography
"Cuadernos de la historia reciente, 1968 Uruguay 1985",fue publicada en el año,2006
"Cuadernos de la historia reciente, 1968 Uruguay 1985",pertenece a la categoria,Military government -- Uruguay -- History -- 20th century -- Sources
"Cuadernos de la historia reciente, 1968 Uruguay 1985",pertenece a la categoria,Uruguay -- Politics and government -- 1973-1985
De Orwell a Vargas Llosa,fue publicada en el año,2015
Todos mienten,fue publicada en el año,2017
La estafa de la muerte,fue publicada en el año,2021
Obra completa,fue publicada en el año,1991
Cuentos de La Comarca,fue publicada en el año,2005
Cuentos de La Comarca,pertenece a la categoria,Short Stories
Cuentos de La Comarca,pertenece a la categoria,Children's 9-12 - Fiction - General
La raíz de la furia,fue publicada en el año,2016
Nadie esta muerto mucho tiempo,fue publicada en el año,2019
Nadie esta muerto mucho tiempo,pertenece a la categoria,Uruguayan fiction
Del campo vengo,fue publicada en el año,2007
Juan Pedro López,fue publicada en el año,2009
La página literaria,fue publicada en el año,2016
La página literaria,pertenece a la categoria,Uruguayan literature
La página literaria,pertenece a la categoria,History
La página literaria,pertenece a la categoria,Uruguayan newspapers
La página literaria,pertenece a la categoria,Hoy Canelones
Memorias,fue publicada en el año,2015
Memorias,pertenece a la categoria,History
La socialización por las letras de tango,fue publicada en el año,2017
La última pulpería,fue publicada en el año,2019
La última pulpería,pertenece a la categoria,Uruguayan poetry
A la sed de los vientos,fue publicada en el año,2014
A la sed de los vientos,pertenece a la categoria,Translations into Italian
Poemas de la Floresta,fue publicada en el año,2012
Poemas de la Floresta,pertenece a la categoria,Poetry
Almafuerte y otros estudios literarios,fue publicada en el año,2005
Almafuerte y otros estudios literarios,pertenece a la categoria,"Almafuerte, -- 1854-1917 -- Criticism and interpretation."
Almafuerte y otros estudios literarios,pertenece a la categoria,Spanish American poetry -- History and criticism.
Si LOGO,fue publicada en el año,2004
Si LOGO,pertenece a la categoria,Marketing - General
Si LOGO,pertenece a la categoria,Business / Economics / Finance
En la estancia de los Álamo,fue publicada en el año,2010
De copla somos,fue publicada en el año,2010
Jacinto Ventura de Molina,fue publicada en el año,2008
Jacinto Ventura de Molina,pertenece a la categoria,Criticism and interpretation
Hagan de cuenta que estoy muerto,fue publicada en el año,2007
El submarino peral,fue publicada en el año,2016
La fuente del relato,fue publicada en el año,2013
El viaje a escritura,fue publicada en el año,2008
Night and day,fue publicada en el año,2006
El misterio Horacio Q,fue publicada en el año,1998
Barcelona senza fine,fue publicada en el año,2011
Barcelona senza fine,pertenece a la categoria,Fiction
Bruxelles piano-bar,fue publicada en el año,2010
Víctor Hugo x Víctor Hugo Morales,fue publicada en el año,2009
Víctor Hugo x Víctor Hugo Morales,pertenece a la categoria,Radio personalities
Víctor Hugo x Víctor Hugo Morales,pertenece a la categoria,Biography
Víctor Hugo x Víctor Hugo Morales,pertenece a la categoria,Sportscasters
Víctor Hugo x Víctor Hugo Morales,pertenece a la categoria,Television personalities
Mentir a diario,fue publicada en el año,2016
Mentir a diario,pertenece a la categoria,Politics and government
Mentir a diario,pertenece a la categoria,Economic policy
Mentir a diario,pertenece a la categoria,Neoliberalism
Hablemos de fútbol,fue publicada en el año,2007
Hablemos de fútbol,pertenece a la categoria,Soccer
Hablemos de fútbol,pertenece a la categoria,Anecdotes
Hablemos de fútbol,pertenece a la categoria,History
Hablemos de fútbol,pertenece a la categoria,Social aspects
Hablemos de fútbol,pertenece a la categoria,Fútbol
Hablemos de fútbol,pertenece a la categoria,Anécdotas
Hablemos de fútbol,pertenece a la categoria,Historia
Hablemos de fútbol,pertenece a la categoria,Aspectos sociales
Audiencia con el Diablo,fue publicada en el año,2014
Audiencia con el Diablo,pertenece a la categoria,Press and politics
Audiencia con el Diablo,pertenece a la categoria,Journalistic ethics
150 años de la colonia suiza Nueva Helvecia,fue publicada en el año,2012
150 años de la colonia suiza Nueva Helvecia,pertenece a la categoria,History
150 años de la colonia suiza Nueva Helvecia,pertenece a la categoria,Mirador Cultural (Program)
Molino quemado,fue publicada en el año,2015
Molino quemado,pertenece a la categoria,History
Travesías,fue publicada en el año,2017
Los pata de perro,fue publicada en el año,2014
Para leer La espera del coronel,fue publicada en el año,2008
Para leer La espera del coronel,pertenece a la categoria,Politics and government
Para leer La espera del coronel,pertenece a la categoria,Military History
Para leer La espera del coronel,pertenece a la categoria,History
Para leer La espera del coronel,pertenece a la categoria,Uruguayan Historical fiction
La espera del coronel,fue publicada en el año,2008
La espera del coronel,pertenece a la categoria,Fiction
La espera del coronel,pertenece a la categoria,History
La espera del coronel,pertenece a la categoria,Uruguayan Historical fiction
Frida y México,fue publicada en el año,2017
Frida y México,pertenece a la categoria,Poetry
Alto oficio de poeta,fue publicada en el año,2020
Alto oficio de poeta,pertenece a la categoria,Criticism and interpretation
Alto oficio de poeta,pertenece a la categoria,Historia y crítica
Después del nombre,fue publicada en el año,2011
El tiempo circular,fue publicada en el año,2009
El río vertical,fue publicada en el año,2005
Historia de la Universidad de la República,fue publicada en el año,2010
Historia de la Universidad de la República,pertenece a la categoria,History
Historia de la Universidad de la República,pertenece a la categoria,Universidad de la República (Uruguay)
Mirando atrás,fue publicada en el año,2013
Mirando atrás,pertenece a la categoria,Historians
Mirando atrás,pertenece a la categoria,Biography
Vecinos en discordia,fue publicada en el año,2003
Vecinos en discordia,pertenece a la categoria,Uruguay -- Foreign relations -- Argentina -- Sources.
Vecinos en discordia,pertenece a la categoria,Argentina -- Foreign relations -- Uruguay -- Sources.
Vecinos en discordia,pertenece a la categoria,United States -- Foreign relations -- South America -- Sources.
Vecinos en discordia,pertenece a la categoria,South America -- Foreign relations -- United States -- Sources.
Vecinos en discordia,pertenece a la categoria,United States -- Foreign relations -- 1945-1953 -- Sources.
Vecinos en discordia,pertenece a la categoria,United States -- Foreign relations -- 1953-1961 -- Sources.
No despertarás a mis siervos,fue publicada en el año,2005
Mañana es tarde,fue publicada en el año,2017
Mañana es tarde,pertenece a la categoria,Animals
Mañana es tarde,pertenece a la categoria,Wildlife conservation
Mañana es tarde,pertenece a la categoria,Endangered species
Claudio Paolillo periodista,fue publicada en el año,2019
Claudio Paolillo periodista,pertenece a la categoria,Journalism
Claudio Paolillo periodista,pertenece a la categoria,Politics and government
La cacería del caballero,fue publicada en el año,2006
La cacería del caballero,pertenece a la categoria,"Peirano Basso, Juan, -- 1949-"
La cacería del caballero,pertenece a la categoria,Peirano family.
La cacería del caballero,pertenece a la categoria,Banco Velox.
La cacería del caballero,pertenece a la categoria,Bankers -- Uruguay -- Biography.
La cacería del caballero,pertenece a la categoria,Bank fraud -- Uruguay.
La cacería del caballero,pertenece a la categoria,Banks and banking -- Corruption pratices -- Uruguay.
La cacería del caballero,pertenece a la categoria,Corruption investigation -- Uruguay.
"Poesía, poetas y antipoetas",fue publicada en el año,2009
"Poesía, poetas y antipoetas",pertenece a la categoria,"Paseyro, Ricardo -- Criticism and interpretation"
"Poesía, poetas y antipoetas",pertenece a la categoria,Spanish poetry -- 20th century -- History and criticism
"Poesía, poetas y antipoetas",pertenece a la categoria,"Poets, Spanish -- 20th century"
Animal nocturno,fue publicada en el año,2006
"Poesía, poetas y antipoetas",fue publicada en el año,2009
"Poesía, poetas y antipoetas",pertenece a la categoria,"Paseyro, Ricardo -- Criticism and interpretation"
"Poesía, poetas y antipoetas",pertenece a la categoria,Spanish poetry -- 20th century -- History and criticism
"Poesía, poetas y antipoetas",pertenece a la categoria,"Poets, Spanish -- 20th century"
Las manos y los álamos,fue publicada en el año,2007
De las cosas del campo,fue publicada en el año,2010
Asuntos personales,fue publicada en el año,2010
Días de blues,fue publicada en el año,2020
Días de blues,pertenece a la categoria,Rock groups
Días de blues,pertenece a la categoria,Rock music
Días de blues,pertenece a la categoria,Blues-rock music
Días de blues,pertenece a la categoria,Días de blues
Rock que me hiciste mal,fue publicada en el año,2006
Rock que me hiciste mal,pertenece a la categoria,Rock music
Rock que me hiciste mal,pertenece a la categoria,History and criticism
Rock uruguayo,fue publicada en el año,2009
Rock uruguayo,pertenece a la categoria,Rock groups
Rock uruguayo,pertenece a la categoria,Exhibitions
Rock uruguayo,pertenece a la categoria,Rock music
Rock uruguayo,pertenece a la categoria,History and criticism
Malditos números,fue publicada en el año,2009
Malditos números,pertenece a la categoria,Mathematics
Banda ancha para todos,fue publicada en el año,2010
Banda ancha para todos,pertenece a la categoria,Internet service providers
Banda ancha para todos,pertenece a la categoria,Internet
Crónica de una pasión,fue publicada en el año,2013
Crónica de una pasión,pertenece a la categoria,Statesmen
Crónica de una pasión,pertenece a la categoria,Biography
Si digo derechos humanos--,fue publicada en el año,2007
Si digo derechos humanos--,fue publicada en el año,1991
Si digo derechos humanos--,pertenece a la categoria,Human rights -- Latin America.
Si digo derechos humanos--,pertenece a la categoria,Poor -- Latin America.
Si digo derechos humanos--,pertenece a la categoria,Latin America -- Social conditions.
Vademécum para cristianos y cristianas,fue publicada en el año,2005
Vademécum para cristianos y cristianas,pertenece a la categoria,Meditations.
Caxon de sastre,fue publicada en el año,2021
Caxon de sastre,pertenece a la categoria,History
Caxon de sastre,pertenece a la categoria,Economic conditions
Caxon de sastre,pertenece a la categoria,Church and state
Heliotropos del conticinio,fue publicada en el año,2021
Heliotropos del conticinio,pertenece a la categoria,Criticism and interpretation
Illuminati,fue publicada en el año,2020
Último Gaucho,fue publicada en el año,2023
Troesma,fue publicada en el año,2005
Inteligencia instantanea/ Instant Intelligence,fue publicada en el año,2007
Inteligencia instantanea/ Instant Intelligence,pertenece a la categoria,Recreations & Games
Inteligencia instantanea/ Instant Intelligence,pertenece a la categoria,Nonfiction / General
Inteligencia instantanea/ Instant Intelligence,pertenece a la categoria,Logic & Brain Teasers
Inteligencia instantanea/ Instant Intelligence,pertenece a la categoria,Games
Inteligencia instantanea/ Instant Intelligence,pertenece a la categoria,Mathematics
Inteligencia instantanea/ Instant Intelligence,pertenece a la categoria,Spanish: Adult Nonfiction
Como Jugar y Divertirse Con Su Inteligencia,fue publicada en el año,1997
Como Jugar y Divertirse Con Su Inteligencia,pertenece a la categoria,General
Como Jugar y Divertirse Con Su Inteligencia,pertenece a la categoria,Games / Gamebooks / Crosswords
Inteligencia Instantanea,fue publicada en el año,2002
Inteligencia Instantanea,pertenece a la categoria,Form - Jokes & Riddles
Inteligencia Instantanea,pertenece a la categoria,Recreations & Games
Inteligencia Instantanea,pertenece a la categoria,Humor
Inteligencia Instantanea,pertenece a la categoria,Mathematics
Intemperie,fue publicada en el año,1963
Delmira,fue publicada en el año,2001
Delmira,pertenece a la categoria,General
Delmira,pertenece a la categoria,Modern fiction
Delmira,pertenece a la categoria,Fiction - General
La oscuridad menos reciente,fue publicada en el año,2005
Lugares insospechados,fue publicada en el año,2007
Los postgrados en América Latina y el Caribe en la sociedad del conocimiento,fue publicada en el año,2007
Los postgrados en América Latina y el Caribe en la sociedad del conocimiento,pertenece a la categoria,Educación superior
Los postgrados en América Latina y el Caribe en la sociedad del conocimiento,pertenece a la categoria,Universidades
Martín Fierro,fue publicada en el año,1996
El auto,fue publicada en el año,2015
Tesoro,fue publicada en el año,2016
Tesoro,pertenece a la categoria,Fathers and sons
Tesoro,pertenece a la categoria,Fiction
Letra en la piedra,fue publicada en el año,2018
Letra en la piedra,pertenece a la categoria,Architectural inscriptions
Letra en la piedra,pertenece a la categoria,Architecture
Letra en la piedra,pertenece a la categoria,Details
Letra en la piedra,pertenece a la categoria,"Buildings, structures"
Letra en la piedra,pertenece a la categoria,Buildings
Basura y otros textos para teatro,fue publicada en el año,2012
Dodecamerón,fue publicada en el año,2008
Prometeo y la jarra de Pandora,fue publicada en el año,2006
180,fue publicada en el año,2010
Transparencia y ciudadanía responsable II,fue publicada en el año,2007
Transparencia y ciudadanía responsable II,pertenece a la categoria,Transparency in government
Transparencia y ciudadanía responsable II,pertenece a la categoria,Politics and government
Partidos y movimientos políticos en Uruguay,fue publicada en el año,2021
Partidos y movimientos políticos en Uruguay,pertenece a la categoria,Political parties
Partidos y movimientos políticos en Uruguay,pertenece a la categoria,Politics and government
Partidos y movimientos políticos en Uruguay,pertenece a la categoria,Politique et gouvernement
Partidos y movimientos políticos en Uruguay,pertenece a la categoria,Partido Nacional (Uruguay)
Partidos y movimientos políticos en Uruguay,pertenece a la categoria,Partido Colorado (Uruguay)
Partidos y movimientos políticos en Uruguay,pertenece a la categoria,Izquierda Democrática Independiente (Uruguay)
"Nosotros, que nos queremos tanto",fue publicada en el año,2013
"Nosotros, que nos queremos tanto",pertenece a la categoria,Foreign relations
Transparencia y ciudadanía responsable,fue publicada en el año,2007
Transparencia y ciudadanía responsable,pertenece a la categoria,Uruguay -- Politics and government
Barrio Peñarol,fue publicada en el año,2008
Barrio Peñarol,pertenece a la categoria,Railroads -- Uruguay -- Montevideo -- History
Barrio Peñarol,pertenece a la categoria,Railroads -- Buildings and structures -- Uruguay -- Montevideo -- History
Barrio Peñarol,pertenece a la categoria,Montevideo (Uruguay) -- Economic conditions
La actualidad del pasado,fue publicada en el año,2008
La actualidad del pasado,pertenece a la categoria,Political parties -- Uruguay -- History
La actualidad del pasado,pertenece a la categoria,Uruguay -- Politics and government -- 1904-1973
Armando Cajas,fue publicada en el año,2018
El país herido,fue publicada en el año,2012
El país herido,pertenece a la categoria,Politics and government
El país herido,pertenece a la categoria,Frente Amplio (Uruguay)
El país herido,pertenece a la categoria,Partido Nacional (Uruguay)
Ariel (Colleccion Austral),fue publicada en el año,1991
Ariel,fue publicada en el año,1920
Ariel,fue publicada en el año,2004
Ariel,pertenece a la categoria,"Essays, journals, letters & other prose works"
Ariel,pertenece a la categoria,c 1800 to c 1900
Ariel,pertenece a la categoria,Spanish: Adult Nonfiction
Ariel,pertenece a la categoria,Democracy
Ariel,pertenece a la categoria,Social Science Ethics
Ariel,pertenece a la categoria,Social Science
Ariel,pertenece a la categoria,Fiction - General
Ariel,pertenece a la categoria,Spanish
Ariel,pertenece a la categoria,General
Ariel,pertenece a la categoria,Ariel
Ariel,pertenece a la categoria,"Rodo, Jose Enrique"
Ariel,pertenece a la categoria,Essays
Ariel (Coleccion Clasicos De La Literatura Latinoamericana Carrascalejo De La Jara),fue publicada en el año,2003
Ariel (Coleccion Clasicos De La Literatura Latinoamericana Carrascalejo De La Jara),pertenece a la categoria,General
Ariel (Coleccion Clasicos De La Literatura Latinoamericana Carrascalejo De La Jara),pertenece a la categoria,Literary Collections
Ariel (Coleccion Clasicos De La Literatura Latinoamericana Carrascalejo De La Jara),pertenece a la categoria,Spanish: Adult Fiction
Parabolas - Golu,fue publicada en el año,1991
Parabolas - Golu,pertenece a la categoria,Activity Books - General
Parabolas - Golu,pertenece a la categoria,Children's Books/Ages 9-12 Fiction
Parabolas - Golu,pertenece a la categoria,Children's Books/Ages 9-12 Nonfiction
Ariel - Golu 30 -,fue publicada en el año,1991
Ariel - Golu 30 -,pertenece a la categoria,General
Ariel - Golu 30 -,pertenece a la categoria,Children's Books/Ages 9-12 Fiction
Ariel - Golu 30 -,pertenece a la categoria,Children's Books/Ages 9-12 Nonfiction
Anchorena,fue publicada en el año,2015
Anchorena,pertenece a la categoria,Rich people
Anchorena,pertenece a la categoria,Biography
El infidente,fue publicada en el año,2018
El infidente,pertenece a la categoria,Politics and government
El infidente,pertenece a la categoria,Devaluation of currency
El infidente,pertenece a la categoria,Economic conditions
El infidente,pertenece a la categoria,Confidential communications
El infidente,pertenece a la categoria,Press
El infidente,pertenece a la categoria,Economic history
Reforma al sistema penal y carcelario en Uruguay,fue publicada en el año,2008
Reforma al sistema penal y carcelario en Uruguay,pertenece a la categoria,"Criminal justice, Administration of -- Uruguay"
Reforma al sistema penal y carcelario en Uruguay,pertenece a la categoria,Prisons -- Law and legislation -- Uruguay
Reforma al sistema penal y carcelario en Uruguay,pertenece a la categoria,Law reform -- Uruguay
Asesinos & Cía,fue publicada en el año,2012
Asesinos & Cía,pertenece a la categoria,Criminals
Asesinos & Cía,pertenece a la categoria,Terrorism
Asesinos & Cía,pertenece a la categoria,Child sexual abuse by clergy
¡Vidas bien vividas!,fue publicada en el año,2012
¡Vidas bien vividas!,pertenece a la categoria,Uruguayans
¡Vidas bien vividas!,pertenece a la categoria,Biography
¡Vidas bien vividas!,pertenece a la categoria,Interviews
Mercedes Pinto,fue publicada en el año,2013
Mercedes Pinto,pertenece a la categoria,Spanish Women authors
Mercedes Pinto,pertenece a la categoria,Biography
Criminales,fue publicada en el año,2011
Criminales,pertenece a la categoria,Crime
Criminales,pertenece a la categoria,Criminals
Criminales,pertenece a la categoria,Case studies
Viejos son los trapos,fue publicada en el año,2009
Viejos son los trapos,pertenece a la categoria,Interviews
Viejos son los trapos,pertenece a la categoria,Celebrities
Viejos son los trapos,pertenece a la categoria,Biography
"La izquierda, ¿baluarte de la derecha?",fue publicada en el año,2021
"La izquierda, ¿baluarte de la derecha?",pertenece a la categoria,History
"La izquierda, ¿baluarte de la derecha?",pertenece a la categoria,Politics and government
"La izquierda, ¿baluarte de la derecha?",pertenece a la categoria,Histoire
"La izquierda, ¿baluarte de la derecha?",pertenece a la categoria,Politique et gouvernement
"El racismo de la ""democracia"" israelí",fue publicada en el año,2012
"El racismo de la ""democracia"" israelí",pertenece a la categoria,Arab--Israeli conflict
"El racismo de la ""democracia"" israelí",pertenece a la categoria,Ethnic relations
"El racismo de la ""democracia"" israelí",pertenece a la categoria,Zionism
Futuros,fue publicada en el año,2012
Futuros,pertenece a la categoria,Environmental degradation
Futuros,pertenece a la categoria,Pollution
Futuros,pertenece a la categoria,Industries
José Enrique Rodó,fue publicada en el año,2021
José Enrique Rodó,pertenece a la categoria,Criticism and interpretation
José Enrique Rodó,pertenece a la categoria,Family
José Enrique Rodó,pertenece a la categoria,Families
Sentir el lugar,fue publicada en el año,2011
Sentir el lugar,pertenece a la categoria,Congresses
Sentir el lugar,pertenece a la categoria,Relations
Soy celeste,fue publicada en el año,2007
Soy celeste,pertenece a la categoria,"National characteristics, Uruguayan -- Public opinion"
El dormilón,fue publicada en el año,2016
Perro come perro,fue publicada en el año,2006
Matufia,fue publicada en el año,2014
Valizas,fue publicada en el año,2011
Valizas,pertenece a la categoria,Graphic novels
Acto de guerra,fue publicada en el año,2010
Acto de guerra,pertenece a la categoria,"Comic books, strips"
Acto de guerra,pertenece a la categoria,Graphic novels
El club de los Ilustres,fue publicada en el año,2012
El club de los Ilustres,pertenece a la categoria,Graphic novels
13 que cuentan,fue publicada en el año,2016
13 que cuentan,pertenece a la categoria,Uruguayan Short stories
Erótica,fue publicada en el año,2015
Erótica,pertenece a la categoria,Uruguayan Erotic stories
Erótica,pertenece a la categoria,Argentine Erotic stories
Malandras,fue publicada en el año,2014
Malandras,pertenece a la categoria,Graphic novels
Horror,fue publicada en el año,2018
Cuadernos de ficción,fue publicada en el año,2017
Mentira,fue publicada en el año,2020
Mentira,pertenece a la categoria,Uruguayan Short stories
Mentira,pertenece a la categoria,Uruguayan fiction
Mentira,pertenece a la categoria,Argentine Short stories
Mentira,pertenece a la categoria,Uruguayan Soccer stories
Des/amor,fue publicada en el año,2019
Des/amor,pertenece a la categoria,Uruguayan Short stories
Des/amor,pertenece a la categoria,Uruguayan fiction
Final,fue publicada en el año,2021
Final,pertenece a la categoria,Uruguayan Short stories
Final,pertenece a la categoria,Uruguayan fiction
Final,pertenece a la categoria,Roman uruguayen
Los últimos días del Graf Spee,fue publicada en el año,2008
Los últimos días del Graf Spee,pertenece a la categoria,"Comic books, strips"
Los últimos días del Graf Spee,pertenece a la categoria,"River Plate, Battle of the, 1939"
Los últimos días del Graf Spee,pertenece a la categoria,Graphic novels
Los últimos días del Graf Spee,pertenece a la categoria,Admiral Graf Spee (Battleship)
Misterios de Cuarto Cerrado,fue publicada en el año,2014
Zitarrosa,fue publicada en el año,2012
Zitarrosa,pertenece a la categoria,"Comic books, strips"
Zitarrosa,pertenece a la categoria,Graphic novels
El último adiós,fue publicada en el año,2013
El Club de los Ilustres,fue publicada en el año,2014
Santa Fe la invencible,fue publicada en el año,2011
Santa Fe la invencible,pertenece a la categoria,Politics and government
Santa Fe la invencible,pertenece a la categoria,Federal government
Santa Fe la invencible,pertenece a la categoria,"Comic books, strips"
Santa Fe la invencible,pertenece a la categoria,History
Cementerio norte,fue publicada en el año,2009
Sobres papel manila,fue publicada en el año,2010
"Tempe Argentino, El",fue publicada en el año,2000
"Tempe Argentino, El",pertenece a la categoria,General
"Tempe Argentino, El",pertenece a la categoria,Fiction - General
"Hombre de hoy ante Jesús de Nazaret, el.",fue publicada en el año,1982
Teologia abierta (Senda abierta),fue publicada en el año,1983
Teologia abierta (Senda abierta),pertenece a la categoria,"Theology, Doctrinal"
Viralata,fue publicada en el año,2018
Noite nu norte,fue publicada en el año,2017
Sepultura,fue publicada en el año,2020
Entrar en el juego,fue publicada en el año,2006
Pensión de animales,fue publicada en el año,2015
A través de un breve laberinto,fue publicada en el año,2021
Conversaciones con Mario Levrero,fue publicada en el año,2008
Conversaciones con Mario Levrero,pertenece a la categoria,Interviews
Conversaciones con Mario Levrero,pertenece a la categoria,Uruguayan Authors
La huida inútil de Violeto Parson,fue publicada en el año,2011
Nuestro campo,fue publicada en el año,2007
Nuestro campo,pertenece a la categoria,"Hernandarias, -- 1561-1634"
Nuestro campo,pertenece a la categoria,Statesmen -- Argentina -- Biography
Nuestro campo,pertenece a la categoria,Argentina -- History -- 1535-1617
Nuestro campo,pertenece a la categoria,Argentina -- History -- 1617-1776
El gramillal transfigurado,fue publicada en el año,2010
"Experiencias Prácticas en Didáctica Del Español Como Primera Ysegunda Lengua con Objetivos de Desarrollo Sostenible, Competencia Global YWorld-Readiness Standards",fue publicada en el año,2023
Experiencias Prácticas en Didáctica de la Lengua Española Como Primera y Segunda Lengua,fue publicada en el año,2023
Mujeres y Escritura Subversiva Durante el Franquismo,fue publicada en el año,2023
Discurso Como Herramienta de Control Social,fue publicada en el año,2023
"Cine, Literatura y Otras Artes Al Servicio de Las Ideologías",fue publicada en el año,2023
"Cine, Literatura y Otras Artes Al Servicio de Las Ideologías",pertenece a la categoria,Aesthetics
Las Insolentes,fue publicada en el año,2021
El viento espira desencanto,fue publicada en el año,2013
El viento espira desencanto,pertenece a la categoria,Spanish literature
El viento espira desencanto,pertenece a la categoria,History and criticism
"Ay, ¡qué triste es toda la humanidad!",fue publicada en el año,2013
"Ay, ¡qué triste es toda la humanidad!",pertenece a la categoria,Spanish literature
"Ay, ¡qué triste es toda la humanidad!",pertenece a la categoria,History and criticism
"Ay, ¡qué triste es toda la humanidad!",pertenece a la categoria,Social aspects
"Ay, ¡qué triste es toda la humanidad!",pertenece a la categoria,Political aspects
El eterno presente de la literatura,fue publicada en el año,2013
El eterno presente de la literatura,pertenece a la categoria,Spanish literature
El eterno presente de la literatura,pertenece a la categoria,History and criticism
El eterno presente de la literatura,pertenece a la categoria,Political aspects
El eterno presente de la literatura,pertenece a la categoria,Liberty in literature
Del lado de acá,fue publicada en el año,2013
Del lado de acá,pertenece a la categoria,Latin American literature
Del lado de acá,pertenece a la categoria,History and criticism
El humor es cosa Soria,fue publicada en el año,2010
Que yunta pá una cinchada!,fue publicada en el año,2006
Las cartas contra el pecho,fue publicada en el año,2015
Las cartas contra el pecho,pertenece a la categoria,Exile
Las cartas contra el pecho,pertenece a la categoria,Politicians
Las cartas contra el pecho,pertenece a la categoria,Biography
Las cartas contra el pecho,pertenece a la categoria,Politics and government
Las cartas contra el pecho,pertenece a la categoria,Exile (Punishment)
Mondo progre,fue publicada en el año,2018
Mondo progre,pertenece a la categoria,Politics and government
Mondo progre,pertenece a la categoria,Social conditions
The Cien Mil Ejemplares Por Hora - Memorias de Un Reda,fue publicada en el año,1989
The Cien Mil Ejemplares Por Hora - Memorias de Un Reda,pertenece a la categoria,Mass Media - Newspapers
The Cien Mil Ejemplares Por Hora - Memorias de Un Reda,pertenece a la categoria,Media Studies - Print Media
The Cien Mil Ejemplares Por Hora - Memorias de Un Reda,pertenece a la categoria,Pop Arts / Pop Culture
The Cien Mil Ejemplares Por Hora - Memorias de Un Reda,pertenece a la categoria,Sociology
Fuera de la realidad,fue publicada en el año,2017
Fuera de la realidad,pertenece a la categoria,Songs
Fuera de la realidad,pertenece a la categoria,Texts
Torres García,fue publicada en el año,2007
Torres García,pertenece a la categoria,Exhibitions
Torres García,pertenece a la categoria,Uruguayan Art
Trazos de New York,fue publicada en el año,2011
Trazos de New York,pertenece a la categoria,In art
Trazos de New York,pertenece a la categoria,Uruguayan Art
Trazos de New York,pertenece a la categoria,Catalogs
Trazos de New York,pertenece a la categoria,Exhibitions
Trazos de New York,pertenece a la categoria,Uruguayan Drawing
Torres-García,fue publicada en el año,2010
Torres-García,pertenece a la categoria,Art collections
Torres-García,pertenece a la categoria,Art
Torres-García,pertenece a la categoria,Exhibitions
Torres-García,pertenece a la categoria,Constructivism (Art)
Torres-García,pertenece a la categoria,Private collections
Torres García,fue publicada en el año,1992
Torres García,pertenece a la categoria,"Torres-García, Joaquín, -- 1874-1949 -- Exhibitions."
New York,fue publicada en el año,2007
New York,pertenece a la categoria,"Torres-García, Joaquín, -- 1874-1949 -- Criticism and interpretation"
New York,pertenece a la categoria,"Aesthetics, American -- 20th century"
New York,pertenece a la categoria,Art -- Philosophy -- History -- 20th century
New York,pertenece a la categoria,New York (N.Y.) -- Description and travel
Aladdin,fue publicada en el año,2005
Aladdin,pertenece a la categoria,"Torres-García, Joaquín, -- 1874-1949."
Aladdin,pertenece a la categoria,Toys -- Uruguay -- Exhibitions.
Testigos de su tiempo,fue publicada en el año,2013
Testigos de su tiempo,pertenece a la categoria,Journalists
Testigos de su tiempo,pertenece a la categoria,Interviews
Testigos de su tiempo,pertenece a la categoria,Biography
Un poquito tarada,fue publicada en el año,2012
La vueltita ridícula,fue publicada en el año,2010
Aún soltera,fue publicada en el año,2004
Aun Soltera,fue publicada en el año,2005
Personajes y tertulias en cafés y bares de Montevideo,fue publicada en el año,2018
Personajes y tertulias en cafés y bares de Montevideo,pertenece a la categoria,Biography
Personajes y tertulias en cafés y bares de Montevideo,pertenece a la categoria,City and town life
Personajes y tertulias en cafés y bares de Montevideo,pertenece a la categoria,Public spaces
Los viajes de Juan Díaz de Solís y el descubrimiento del Río de la Plata,fue publicada en el año,2016
Los viajes de Juan Díaz de Solís y el descubrimiento del Río de la Plata,pertenece a la categoria,Discovery and exploration
Los viajes de Juan Díaz de Solís y el descubrimiento del Río de la Plata,pertenece a la categoria,Discoveries in geography
Candombe,fue publicada en el año,2018
Candombe,pertenece a la categoria,Candombe (Dance)
Candombe,pertenece a la categoria,Manners and customs
Candombe,pertenece a la categoria,Social life and customs
De náufrago a pionero,fue publicada en el año,2019
De náufrago a pionero,pertenece a la categoria,Diaries
De náufrago a pionero,pertenece a la categoria,History
De náufrago a pionero,pertenece a la categoria,British
Crónicas del tiempo libre,fue publicada en el año,2020
Crónicas del tiempo libre,pertenece a la categoria,Leisure
Crónicas del tiempo libre,pertenece a la categoria,History
Crónicas del tiempo libre,pertenece a la categoria,Nightlife
Crónicas del tiempo libre,pertenece a la categoria,Restaurants
Crónicas del tiempo libre,pertenece a la categoria,Outdoor recreation
Crónicas del tiempo libre,pertenece a la categoria,Grocery shopping
Crónicas del tiempo libre,pertenece a la categoria,Social life and customs
Crónicas del tiempo libre,pertenece a la categoria,Manners and customs
Fotografías y fotógrafos en Uruguay 1870-1930,fue publicada en el año,2019
Fotografías y fotógrafos en Uruguay 1870-1930,pertenece a la categoria,Photography
Fotografías y fotógrafos en Uruguay 1870-1930,pertenece a la categoria,History
Fotografías y fotógrafos en Uruguay 1870-1930,pertenece a la categoria,Photographers
La expedición de Magallanes en el Río de La Plata,fue publicada en el año,2019
La expedición de Magallanes en el Río de La Plata,pertenece a la categoria,Travel
La expedición de Magallanes en el Río de La Plata,pertenece a la categoria,Discovery and exploration
La expedición de Magallanes en el Río de La Plata,pertenece a la categoria,Voyages around the world
La expedición de Magallanes en el Río de La Plata,pertenece a la categoria,Discoveries in geography
Artistas y cronistas viajeros en el Río de la Plata,fue publicada en el año,2021
Artistas y cronistas viajeros en el Río de la Plata,pertenece a la categoria,Discovery and exploration
Artistas y cronistas viajeros en el Río de la Plata,pertenece a la categoria,History
Artistas y cronistas viajeros en el Río de la Plata,pertenece a la categoria,Explorers
Artistas y cronistas viajeros en el Río de la Plata,pertenece a la categoria,Artists
Artistas y cronistas viajeros en el Río de la Plata,pertenece a la categoria,Travel
Artistas y cronistas viajeros en el Río de la Plata,pertenece a la categoria,Social life and customs
Artistas y cronistas viajeros en el Río de la Plata,pertenece a la categoria,Discoveries in geography
Artistas y cronistas viajeros en el Río de la Plata,pertenece a la categoria,Manners and customs
Los comienzos de la fotografía en Uruguay,fue publicada en el año,2013
Los comienzos de la fotografía en Uruguay,pertenece a la categoria,Photography
Los comienzos de la fotografía en Uruguay,pertenece a la categoria,History
A orillas del descubrimiento,fue publicada en el año,2012
A orillas del descubrimiento,pertenece a la categoria,Antiquities
A orillas del descubrimiento,pertenece a la categoria,Excavations (Archaeology)
A orillas del descubrimiento,pertenece a la categoria,Underwater archaeology
A orillas del descubrimiento,pertenece a la categoria,History - GEOGRAPHIC NAME TO BE ESTABLISHED
Mercado del Puerto,fue publicada en el año,2010
Mercado del Puerto,pertenece a la categoria,"Mercado del Puerto (Montevideo, Uruguay)"
Mercado del Puerto,pertenece a la categoria,Markets
Mercado del Puerto,pertenece a la categoria,History
Pocitos,fue publicada en el año,2011
Pocitos,pertenece a la categoria,Pictorial works
Pocitos,pertenece a la categoria,History
Influencia británica en el Uruguay,fue publicada en el año,2010
Influencia británica en el Uruguay,pertenece a la categoria,British
Influencia británica en el Uruguay,pertenece a la categoria,History
"Graff [sic] Spee, de la política al drama",fue publicada en el año,2009
"Graff [sic] Spee, de la política al drama",pertenece a la categoria,"River Plate, Battle of the, 1939"
"Graff [sic] Spee, de la política al drama",pertenece a la categoria,Admiral Graf Spee (Battleship)
"Graff [sic] Spee, de la política al drama",pertenece a la categoria,"World War, 1939-1945"
Montevideo bajo bandera británica,fue publicada en el año,2007
Montevideo bajo bandera británica,pertenece a la categoria,Montevideo (Uruguay) -- History
Montevideo bajo bandera británica,pertenece a la categoria,Uruguay -- Foreign relations -- Great Britain
Montevideo bajo bandera británica,pertenece a la categoria,Great Britain -- Foreign relations -- Uruguay
Montevideo bajo bandera británica,pertenece a la categoria,Uruguay -- History
Estampas del candombe =,fue publicada en el año,2008
Estampas del candombe =,pertenece a la categoria,Candombe (Dance) -- Uruguay
ADES,fue publicada en el año,2005
ADES,pertenece a la categoria,ADES (Association : Uruguay)
ADES,pertenece a la categoria,Search and rescue operations -- Uruguay.
ADES,pertenece a la categoria,Lifeboat service -- Uruguay.
Faros del Uruguay,fue publicada en el año,2005
Faros del Uruguay,pertenece a la categoria,Lighthouses -- Uruguay.
Historia de la fotografia en el Uruguay,fue publicada en el año,2007
Historia de la fotografia en el Uruguay,pertenece a la categoria,Photography -- Uruguay -- History.
Propósito Eterno de Dios para Mi Vida,fue publicada en el año,2022
Juego y la Condición Humana,fue publicada en el año,2021
Nunca te duermas escuchando relatos de amor,fue publicada en el año,2018
La bic de Dios,fue publicada en el año,2021
El pañuelo del mago,fue publicada en el año,2010
Descentralización en salud,fue publicada en el año,2005
Descentralización en salud,pertenece a la categoria,Public health
Descentralización en salud,pertenece a la categoria,Decentralization in government
Gestión de servicios de salud,fue publicada en el año,2012
Tipoemaca,fue publicada en el año,2017
Patria,fue publicada en el año,2014
Patria,pertenece a la categoria,Politics and government
Patria,pertenece a la categoria,Poetry
Aquí debería ir el título,fue publicada en el año,2008
Aquí debería ir el título,pertenece a la categoria,Artists' books
Aquí debería ir el título,pertenece a la categoria,Graphic design (Typography)
Aquí debería ir el título,pertenece a la categoria,Uruguayan poetry
M3naje a truá,fue publicada en el año,2014
M3naje a truá,pertenece a la categoria,Erotica
M3naje a truá,pertenece a la categoria,"Erotic literature, Hispanic American (Spanish)"
M3naje a truá,pertenece a la categoria,Spanish Erotic literature
M3naje a truá,pertenece a la categoria,Erotic art
Mecagoenusté,fue publicada en el año,2015
Esto no es un libro de poemas,fue publicada en el año,2018
Ni siquiera,fue publicada en el año,2017
De entonces acá,fue publicada en el año,2014
Cualquiercosario,fue publicada en el año,2013
Cualquiercosario,pertenece a la categoria,Uruguayan literature
Cualquiercosario,pertenece a la categoria,Spanish literature
Cualquiercosario,pertenece a la categoria,Spanish Art
Cualquiercosario,pertenece a la categoria,Uruguayan Art
Trasiego,fue publicada en el año,2012
Escrivisiones a partir de fotogravivas,fue publicada en el año,2011
Escrivisiones a partir de fotogravivas,pertenece a la categoria,Photography
"Tipografia, Poemas & Polacos",fue publicada en el año,2002
"Tipografia, Poemas & Polacos",pertenece a la categoria,Design & Drafting
"Tipografia, Poemas & Polacos",pertenece a la categoria,"Design, Drafting, Drawing & Presentation"
"Tipografia, Poemas & Polacos",pertenece a la categoria,Architecture
La pantalla letrada,fue publicada en el año,2016
La pantalla letrada,pertenece a la categoria,Motion pictures
La pantalla letrada,pertenece a la categoria,History
La pantalla letrada,pertenece a la categoria,Audio-visual materials
Archivos y derechos humanos,fue publicada en el año,2009
Archivos y derechos humanos,pertenece a la categoria,Archives
Archivos y derechos humanos,pertenece a la categoria,Congresses
Archivos y derechos humanos,pertenece a la categoria,Access control
Archivos y derechos humanos,pertenece a la categoria,Human rights
Archivos y derechos humanos,pertenece a la categoria,Archival resources
Partidos y movimientos políticos en Uruguay,fue publicada en el año,2021
Partidos y movimientos políticos en Uruguay,pertenece a la categoria,Political parties
Partidos y movimientos políticos en Uruguay,pertenece a la categoria,Politics and government
Partidos y movimientos políticos en Uruguay,pertenece a la categoria,Politique et gouvernement
Partidos y movimientos políticos en Uruguay,pertenece a la categoria,Partido Nacional (Uruguay)
Partidos y movimientos políticos en Uruguay,pertenece a la categoria,Partido Colorado (Uruguay)
Partidos y movimientos políticos en Uruguay,pertenece a la categoria,Izquierda Democrática Independiente (Uruguay)
Al centro y adentro,fue publicada en el año,2005
Al centro y adentro,pertenece a la categoria,Frente Amplio (Uruguay) -- History
Al centro y adentro,pertenece a la categoria,Uruguay -- Politics and government -- 1985-
La experiencia tupamara,fue publicada en el año,2016
La experiencia tupamara,pertenece a la categoria,Guerrillas
La experiencia tupamara,pertenece a la categoria,History
La experiencia tupamara,pertenece a la categoria,Political violence
La experiencia tupamara,pertenece a la categoria,Insurgency
La experiencia tupamara,pertenece a la categoria,Politics and government
La experiencia tupamara,pertenece a la categoria,Movimiento de Liberación Nacional (Uruguay)
La leyenda insurgente,fue publicada en el año,2019
La leyenda insurgente,pertenece a la categoria,Revolutionaries
La leyenda insurgente,pertenece a la categoria,History
La leyenda insurgente,pertenece a la categoria,Civilization
"Raúl Sendic, el tupamaro",fue publicada en el año,2011
"Raúl Sendic, el tupamaro",pertenece a la categoria,Politisches Denken
"Raúl Sendic, el tupamaro",pertenece a la categoria,Guerrillas
"Raúl Sendic, el tupamaro",pertenece a la categoria,Politicians
"Raúl Sendic, el tupamaro",pertenece a la categoria,History
"Raúl Sendic, el tupamaro",pertenece a la categoria,Biography
"Raúl Sendic, el tupamaro",pertenece a la categoria,Movimiento de Liberación Nacional (Uruguay)
"""Ángeles de la muerte",fue publicada en el año,2020
"""Ángeles de la muerte",pertenece a la categoria,Homicide investigation
"""Ángeles de la muerte",pertenece a la categoria,Nurses
"""Ángeles de la muerte",pertenece a la categoria,Serial murders
Ellos - Los Seres Extraterrestres,fue publicada en el año,1997
Ellos - Los Seres Extraterrestres,pertenece a la categoria,Eastern
Ellos - Los Seres Extraterrestres,pertenece a la categoria,Eastern - General
Ellos - Los Seres Extraterrestres,pertenece a la categoria,Philosophy
El Mundo de Las Vidas Anteriores,fue publicada en el año,1993
El Mundo de Las Vidas Anteriores,pertenece a la categoria,Eastern
El Mundo de Las Vidas Anteriores,pertenece a la categoria,Eastern - General
El Mundo de Las Vidas Anteriores,pertenece a la categoria,Philosophy
El Universo De La Espiritualidad/ a Spiritual Universe,fue publicada en el año,2006
El Universo De La Espiritualidad/ a Spiritual Universe,pertenece a la categoria,Occultism
El Universo De La Espiritualidad/ a Spiritual Universe,pertenece a la categoria,Spirituality - General
El Universo De La Espiritualidad/ a Spiritual Universe,pertenece a la categoria,"Body, Mind & Spirit"
El Universo De La Espiritualidad/ a Spiritual Universe,pertenece a la categoria,Cults
El Universo De La Espiritualidad/ a Spiritual Universe,pertenece a la categoria,"New Age / Body, Mind & Spirit"
El Universo De La Espiritualidad/ a Spiritual Universe,pertenece a la categoria,Spanish: Adult Nonfiction
Los Grandes Misterios/ the Great Mysteries,fue publicada en el año,2006
Los Grandes Misterios/ the Great Mysteries,pertenece a la categoria,Occultism
Los Grandes Misterios/ the Great Mysteries,pertenece a la categoria,Unexplained Phenomena
Los Grandes Misterios/ the Great Mysteries,pertenece a la categoria,"Body, Mind & Spirit"
Los Grandes Misterios/ the Great Mysteries,pertenece a la categoria,Cults
Los Grandes Misterios/ the Great Mysteries,pertenece a la categoria,"New Age / Body, Mind & Spirit"
Los Grandes Misterios/ the Great Mysteries,pertenece a la categoria,Spanish: Adult Nonfiction
Los Verdaderos Hombres de Negro,fue publicada en el año,1997
Los Verdaderos Hombres de Negro,pertenece a la categoria,Occultism
Los Verdaderos Hombres de Negro,pertenece a la categoria,Cults
Los Verdaderos Hombres de Negro,pertenece a la categoria,"New Age / Body, Mind & Spirit"
Morir Es Volver a Casa,fue publicada en el año,1993
Morir Es Volver a Casa,pertenece a la categoria,Occultism
Morir Es Volver a Casa,pertenece a la categoria,Cults
Morir Es Volver a Casa,pertenece a la categoria,"New Age / Body, Mind & Spirit"
"Ovni Existen y Son Extraterrestres, Los",fue publicada en el año,1994
"Ovni Existen y Son Extraterrestres, Los",pertenece a la categoria,Occultism
"Ovni Existen y Son Extraterrestres, Los",pertenece a la categoria,Cults
"Ovni Existen y Son Extraterrestres, Los",pertenece a la categoria,"New Age / Body, Mind & Spirit"
"Reino Subterraneo, El",fue publicada en el año,1991
"Reino Subterraneo, El",pertenece a la categoria,Occultism
"Reino Subterraneo, El",pertenece a la categoria,Cults
"Reino Subterraneo, El",pertenece a la categoria,"New Age / Body, Mind & Spirit"
"Somos Eternos, La Muerte No Existe/ We Are Eternal, Death Doesn't Exist",fue publicada en el año,2006
"Somos Eternos, La Muerte No Existe/ We Are Eternal, Death Doesn't Exist",pertenece a la categoria,Occultism
"Somos Eternos, La Muerte No Existe/ We Are Eternal, Death Doesn't Exist",pertenece a la categoria,Reincarnation
"Somos Eternos, La Muerte No Existe/ We Are Eternal, Death Doesn't Exist",pertenece a la categoria,"Body, Mind & Spirit"
"Somos Eternos, La Muerte No Existe/ We Are Eternal, Death Doesn't Exist",pertenece a la categoria,Cults
"Somos Eternos, La Muerte No Existe/ We Are Eternal, Death Doesn't Exist",pertenece a la categoria,"New Age / Body, Mind & Spirit"
"Somos Eternos, La Muerte No Existe/ We Are Eternal, Death Doesn't Exist",pertenece a la categoria,Spanish: Adult Nonfiction
Un Gran Misterio Cosmico El Amor,fue publicada en el año,1998
Un Gran Misterio Cosmico El Amor,pertenece a la categoria,General
Un Gran Misterio Cosmico El Amor,pertenece a la categoria,Fiction - General
"Vida Desde Adentro, La",fue publicada en el año,1993
"Vida Desde Adentro, La",pertenece a la categoria,Occultism
"Vida Desde Adentro, La",pertenece a la categoria,Cults
"Vida Desde Adentro, La",pertenece a la categoria,"New Age / Body, Mind & Spirit"
Los hombres de negro y los ovnis,fue publicada en el año,1979
Los hombres de negro y los ovnis,pertenece a la categoria,Unidentified flying objects.
Los desbordes populares desde abajo,fue publicada en el año,2018
Los desbordes populares desde abajo,pertenece a la categoria,Social movements
Los desbordes populares desde abajo,pertenece a la categoria,History
Tiempos de colapso,fue publicada en el año,2020
Tiempos de colapso,pertenece a la categoria,"COVID-19 Pandemic, 2020-"
Tiempos de colapso,pertenece a la categoria,Social movements
"Nuevas derechas, nuevas resistencias",fue publicada en el año,2020
"Nuevas derechas, nuevas resistencias",pertenece a la categoria,Politics and government
"Nuevas derechas, nuevas resistencias",pertenece a la categoria,Conservatism
"Nuevas derechas, nuevas resistencias",pertenece a la categoria,Right-wing extremists
"Nuevas derechas, nuevas resistencias",pertenece a la categoria,Drug traffic
"Nuevas derechas, nuevas resistencias",pertenece a la categoria,Political aspects
"Nuevas derechas, nuevas resistencias",pertenece a la categoria,Paramilitary forces
"Nuevas derechas, nuevas resistencias",pertenece a la categoria,Social movements
Genealogía de la revuelta,fue publicada en el año,2003
América Latina,fue publicada en el año,2010
América Latina,pertenece a la categoria,Social movements
América Latina,pertenece a la categoria,Poverty
América Latina,pertenece a la categoria,Government policy
América Latina,pertenece a la categoria,Social policy
Movimientos sociales en América Latina,fue publicada en el año,2017
Movimientos sociales en América Latina,pertenece a la categoria,Social movements
Derechos humanos y desarrollo,fue publicada en el año,2007
Derechos humanos y desarrollo,pertenece a la categoria,Human rights -- Latin America.
Movimientos y emancipaciones,fue publicada en el año,2010
Movimientos y emancipaciones,pertenece a la categoria,Working class
Movimientos y emancipaciones,pertenece a la categoria,Social movements
Dibujando fuera de los márgenes,fue publicada en el año,2008
Dibujando fuera de los márgenes,pertenece a la categoria,Politics and government
Dibujando fuera de los márgenes,pertenece a la categoria,Social movements
Política y miseria,fue publicada en el año,2011
Política y miseria,pertenece a la categoria,Social policy
Política y miseria,pertenece a la categoria,Working class
Política y miseria,pertenece a la categoria,Social movements
Tiempos de rebelión,fue publicada en el año,2007
Tiempos de rebelión,pertenece a la categoria,Riots -- Argentina -- History -- 20th century
Tiempos de rebelión,pertenece a la categoria,Unemployed -- Argentina -- Political activity -- History -- 20th century
Tiempos de rebelión,pertenece a la categoria,Argentina -- Social conditions -- 1983-
Tiempos de rebelión,pertenece a la categoria,Argentina -- Politics and government -- 1983-2002
Una historia silenciada,fue publicada en el año,2015
Una historia silenciada,pertenece a la categoria,Politics and government
Una historia silenciada,pertenece a la categoria,Falange Española de las J.O.N.S.
Una historia silenciada,pertenece a la categoria,Falange Española Tradicionalista y de las J.O.N.S.
Niños de la guerra,fue publicada en el año,2013
Niños de la guerra,pertenece a la categoria,History
Niños de la guerra,pertenece a la categoria,Children
Niños de la guerra,pertenece a la categoria,Evacuation of civilians
Niños de la guerra,pertenece a la categoria,Refugee children
Niños de la guerra,pertenece a la categoria,Relations
Cultura popular en el Uruguay de entresiglos (1870-1910),fue publicada en el año,2011
Cultura popular en el Uruguay de entresiglos (1870-1910),pertenece a la categoria,Popular culture
Cultura popular en el Uruguay de entresiglos (1870-1910),pertenece a la categoria,Civilization
Cultura popular en el Uruguay de entresiglos (1870-1910),pertenece a la categoria,History
"Otro 900, El",fue publicada en el año,2000
"Otro 900, El",pertenece a la categoria,Uruguayan poetry.
Perfiles en sombra,fue publicada en el año,2008
Perfiles en sombra,pertenece a la categoria,Syndicalists -- Uruguay -- Biography
El animal letrado,fue publicada en el año,2016
El animal letrado,pertenece a la categoria,Literature and society
El animal letrado,pertenece a la categoria,Politics in literature
El animal letrado,pertenece a la categoria,Language and languages in literature
Ganas y letras,fue publicada en el año,2017
Hotel Lautréamont,fue publicada en el año,2011
Hotel Lautréamont,pertenece a la categoria,Uruguayan poetry
Hotel Lautréamont,pertenece a la categoria,Translations into English
Cielo 1/2,fue publicada en el año,2013
Mal y neomal,fue publicada en el año,2007
Mal y neomal,pertenece a la categoria,Good and evil
Mal y neomal,pertenece a la categoria,Theodicy
Mal y neomal,pertenece a la categoria,Social ethics
Guia Del Mundo,fue publicada en el año,2007
Guia Del Mundo,pertenece a la categoria,Foreign Language Study
Guia Del Mundo,pertenece a la categoria,Foreign Language - Dictionaries / Phrase Books
Guia Del Mundo,pertenece a la categoria,Spanish: Adult Nonfiction
Guia Del Mundo,pertenece a la categoria,Spanish
Guia Del Mundo,pertenece a la categoria,Foreign Language Study / Spanish
Guia Del Mundo,pertenece a la categoria,General
Guia Del Mundo,pertenece a la categoria,United States - 20th Century
Orientales,fue publicada en el año,1996
Orientales,pertenece a la categoria,Uruguayan literature -- 20th century.
Orientales,pertenece a la categoria,Uruguayan literature -- 20th century -- History and criticism.
The invisible bridge,fue publicada en el año,2015
The invisible bridge,pertenece a la categoria,Spanish poetry
Voces del agua,fue publicada en el año,2020
Dualidades,fue publicada en el año,2014
La pesadora de perlas,fue publicada en el año,2013
Obra poética,fue publicada en el año,2007
Obra poética,fue publicada en el año,2010
Inmovilidad De Los Barcos (Coleccion Poesia # 73),fue publicada en el año,1997
Desastres íntimos / Intimate Disasters,fue publicada en el año,2022
Cuando fumar era un placer/When Smoking Was A Pleasure,fue publicada en el año,2004
Cuando fumar era un placer/When Smoking Was A Pleasure,pertenece a la categoria,Customs & Traditions
Cuando fumar era un placer/When Smoking Was A Pleasure,pertenece a la categoria,Twelve-Step Programs
Cuando fumar era un placer/When Smoking Was A Pleasure,pertenece a la categoria,Self-Help
Cuando fumar era un placer/When Smoking Was A Pleasure,pertenece a la categoria,Sociology
Cuando fumar era un placer/When Smoking Was A Pleasure,pertenece a la categoria,Spanish: Adult Nonfiction
Desastres Intimos (Novela),fue publicada en el año,2000
Desastres Intimos (Novela),pertenece a la categoria,General
Desastres Intimos (Novela),pertenece a la categoria,Fiction - General
El Amor Es Una Droga Dura,fue publicada en el año,2000
El Amor Es Una Droga Dura,pertenece a la categoria,General
El Amor Es Una Droga Dura,pertenece a la categoria,Fiction - General
El Libro de MIS Primos (Espejo de Tinta),fue publicada en el año,1993
El Libro de MIS Primos (Espejo de Tinta),pertenece a la categoria,General
El Libro de MIS Primos (Espejo de Tinta),pertenece a la categoria,Fiction - General
Habitacion de hotel/ Hotel Room,fue publicada en el año,2006
Habitacion de hotel/ Hotel Room,pertenece a la categoria,Caribbean & Latin American
Habitacion de hotel/ Hotel Room,pertenece a la categoria,Latin American Poetry
Habitacion de hotel/ Hotel Room,pertenece a la categoria,Poetry
Habitacion de hotel/ Hotel Room,pertenece a la categoria,Spanish: Adult Nonfiction
"Museos Abandonados, Los (Femenino Singular)",fue publicada en el año,1993
"Museos Abandonados, Los (Femenino Singular)",pertenece a la categoria,History - General
"Museos Abandonados, Los (Femenino Singular)",pertenece a la categoria,Art & Art Instruction
Poesia Reunida / Poetry Together,fue publicada en el año,2005
Poesia Reunida / Poetry Together,pertenece a la categoria,Caribbean & Latin American
Poesia Reunida / Poetry Together,pertenece a la categoria,Poetry
Poesia Reunida / Poetry Together,pertenece a la categoria,Spanish: Adult Nonfiction
Por Fin Solos / At Last Alone,fue publicada en el año,2004
Por Fin Solos / At Last Alone,pertenece a la categoria,Romance - General
Por Fin Solos / At Last Alone,pertenece a la categoria,Spanish (Language) Contemporary Fiction
Por Fin Solos / At Last Alone,pertenece a la categoria,Fiction
Por Fin Solos / At Last Alone,pertenece a la categoria,Spanish: Adult Fiction
Algunos Poemas,fue publicada en el año,1995
Algunos Poemas,pertenece a la categoria,General
Algunos Poemas,pertenece a la categoria,Poetry
Delmira Agustini ..,fue publicada en el año,1923
Los Calices Vacios,fue publicada en el año,1999
Los Calices Vacios,pertenece a la categoria,General
Los Calices Vacios,pertenece a la categoria,Poetry
Poesias Completas - Agustini,fue publicada en el año,2000
Poesias Completas - Agustini,pertenece a la categoria,Works by individual poets: from c 1900 -
Poesias Completas - Agustini,pertenece a la categoria,Latin American Poetry
Poesias Completas - Agustini,pertenece a la categoria,Poetry
Poesias Completas - Agustini,pertenece a la categoria,Fiction - General
Poesias Completas - Agustini,pertenece a la categoria,Spanish
Poesias Completas - Agustini,pertenece a la categoria,Spanish: Adult Nonfiction
Poesias Completas - Agustini,pertenece a la categoria,South America
Poesias Completas - Agustini,pertenece a la categoria,General
Poesias Completas - Agustini,pertenece a la categoria,Caribbean & Latin American
Cartas de amor y otra correspondencia íntima,fue publicada en el año,2006
Cartas de amor y otra correspondencia íntima,pertenece a la categoria,"Agustini, Delmira, -- 1886-1914"
Cartas de amor y otra correspondencia íntima,pertenece a la categoria,"Agustini, Delmira, -- 1886-1914 -- Correspondence"
Cartas de amor y otra correspondencia íntima,pertenece a la categoria,"Poets, Uruguayan -- Correspondence"
Los cálices vacíos (poesías),fue publicada en el año,1913
Poems,fue publicada en el año,1940
Cantos de la man ana,fue publicada en el año,2003
Cantos de la man ana,pertenece a la categoria,Uruguay
Cantos de la man ana,pertenece a la categoria,Formas y gn eros literarios
Cantos de la man ana,pertenece a la categoria,Literature
Cantos de la man ana,pertenece a la categoria,History and criticism
Cantos de la man ana,pertenece a la categoria,Literatura
Poesia completa,fue publicada en el año,2009
El decir y el vértigo,fue publicada en el año,2005
El decir y el vértigo,pertenece a la categoria,Latin American poetry
Extensión de la corteza,fue publicada en el año,2014
Extensión de la corteza,pertenece a la categoria,Latin American poetry
Extensión de la corteza,pertenece a la categoria,History and criticism
Extensión de la corteza,pertenece a la categoria,Latin American Poets
"Oasis, no hacer",fue publicada en el año,2016
Suramen en el sentido de velamen,fue publicada en el año,2008
Suramen en el sentido de velamen,pertenece a la categoria,Uruguayan poetry
Veredas a los modos de un bosque,fue publicada en el año,2009
Habrá tenido lugar,fue publicada en el año,2008
Donde no hay,fue publicada en el año,2012
Pirí,fue publicada en el año,2012
Pirí,pertenece a la categoria,Spanish American poetry
Pirí,pertenece a la categoria,History and criticism
Pirí,pertenece a la categoria,Spanish poetry
Chajá para todos,fue publicada en el año,2014
Ensayos por ahora,fue publicada en el año,2014
Ensayos por ahora,pertenece a la categoria,History and criticism
Ensayos por ahora,pertenece a la categoria,Spanish American poetry
Derrotero,fue publicada en el año,2014
Derrotero,pertenece a la categoria,Spanish poetry
"No hay, de veras, veredas",fue publicada en el año,2012
"No hay, de veras, veredas",pertenece a la categoria,History and criticism
"No hay, de veras, veredas",pertenece a la categoria,Spanish poetry
"No hay, de veras, veredas",pertenece a la categoria,Spanish American poetry
Salir fuera,fue publicada en el año,2012
Pulir huesos,fue publicada en el año,2007
Pulir huesos,pertenece a la categoria,Latin American poetry -- 20th century
El camino ullán,fue publicada en el año,2009
De este modo se llena un vacío,fue publicada en el año,2005
Cosas de ensayo veredes,fue publicada en el año,2010
Cosas de ensayo veredes,pertenece a la categoria,History and criticism
Cosas de ensayo veredes,pertenece a la categoria,Latin American poetry
"Vacío, nombre de una carne",fue publicada en el año,2010
Disenso,fue publicada en el año,2010
Ensayos unidos,fue publicada en el año,2011
Ensayos unidos,pertenece a la categoria,History and criticism
Ensayos unidos,pertenece a la categoria,Spanish American poetry
Obvio al desnudo,fue publicada en el año,2009
La honestidad artística,fue publicada en el año,2017
Juan Darién,fue publicada en el año,2018
Tres cuentos de la selva,fue publicada en el año,2010
Tres cuentos de la selva,pertenece a la categoria,Graphic novels
"S. Fragoso Lima, novelas breves de Horacio Quiroga",fue publicada en el año,2019
Textos políticos extraviados & dispersos,fue publicada en el año,2021
Textos políticos extraviados & dispersos,pertenece a la categoria,Criticism and interpretation
Textos políticos extraviados & dispersos,pertenece a la categoria,Politics and government
Textos políticos extraviados & dispersos,pertenece a la categoria,Motion pictures and literature
Textos políticos extraviados & dispersos,pertenece a la categoria,History
Los Mejores Relatos Marinos,fue publicada en el año,1997
Los Mejores Relatos Marinos,pertenece a la categoria,Short Stories (single author)
Los Mejores Relatos Marinos,pertenece a la categoria,Fiction - General
Cuentos de terror,fue publicada en el año,1997
Cuentos de terror,pertenece a la categoria,Children's Books/All Ages
Cuentos de terror,pertenece a la categoria,Juvenile Fiction
Cuentos de terror,pertenece a la categoria,Spanish: Young Adult (Gr. 10-12)
Cuentos de terror,pertenece a la categoria,Children's Books - Young Adult Fiction
Cuentos de terror,pertenece a la categoria,Horror & Ghost Stories
Cuentos de terror,pertenece a la categoria,Classics
Cuentos de terror,pertenece a la categoria,"Mysteries, Espionage, & Detective Stories"
Relatos escalofriantes,fue publicada en el año,1999
Relatos escalofriantes,pertenece a la categoria,Classics
Relatos escalofriantes,pertenece a la categoria,Children's 12-Up - Literature - Classics
Cuentos de amor de locura y de muerte ; Cuentos de la selva,fue publicada en el año,1999
Cuentos de amor de locura y de muerte ; Cuentos de la selva,pertenece a la categoria,Nouvelles uruguayennes
Cuentos escogidos,fue publicada en el año,1978
Sorocabana blues,fue publicada en el año,2017
Montevideo noir,fue publicada en el año,2015
La misteriosa muerte de Eleanor Rigby,fue publicada en el año,2019
La misteriosa muerte de Eleanor Rigby,pertenece a la categoria,Uruguayan fiction
La misteriosa muerte de Eleanor Rigby,pertenece a la categoria,Detective and mystery stories
Noches de Bonanza,fue publicada en el año,2018
El árbol de la ambición,fue publicada en el año,2020
El árbol de la ambición,pertenece a la categoria,Uruguayan literature
El árbol de la ambición,pertenece a la categoria,Uruguayan fiction
La misión Rockefeller,fue publicada en el año,2021
La misión Rockefeller,pertenece a la categoria,Fiction
La misión Rockefeller,pertenece a la categoria,Relations
La misión Rockefeller,pertenece a la categoria,"World War, 1939-1945"
El Club de los Nostálgicos,fue publicada en el año,2011
El Club de los Nostálgicos,pertenece a la categoria,Nostalgia
El Club de los Nostálgicos,pertenece a la categoria,Fiction
El Club de los Nostálgicos,pertenece a la categoria,Clubs
El hombre con una sola sandalia,fue publicada en el año,2012
El caso Bonapelch,fue publicada en el año,2014
El guerrero del crepúsculo,fue publicada en el año,2016
Diario de la arena,fue publicada en el año,2010
El desfile salvaje,fue publicada en el año,2007
El Guerrero Del Crepusculo,fue publicada en el año,2002
El Guerrero Del Crepusculo,pertenece a la categoria,Spanish: Adult Nonfiction
Invierno Equivocado,fue publicada en el año,2024
Granta En Espanol #3,fue publicada en el año,2004
Granta En Espanol #3,pertenece a la categoria,General
Granta En Espanol #3,pertenece a la categoria,Globalization
Granta En Espanol #3,pertenece a la categoria,Political Science
Granta En Espanol #3,pertenece a la categoria,Fiction - General
Granta En Espanol #3,pertenece a la categoria,Spanish: Adult Nonfiction
Todo de pronto es nada,fue publicada en el año,2015
Todo de pronto es nada,pertenece a la categoria,Bibliography
Premio FIL de literatura en Lenguas Romances,fue publicada en el año,2018
Premio FIL de literatura en Lenguas Romances,pertenece a la categoria,Criticism and interpretation
Premio FIL de literatura en Lenguas Romances,pertenece a la categoria,Premio FIL de Literatura en Lenguas Romances
El ABC de Byobu,fue publicada en el año,2005
El ABC de Byobu,pertenece a la categoria,General
El ABC de Byobu,pertenece a la categoria,Fiction - General
Reason Enough,fue publicada en el año,2007
Reason Enough,pertenece a la categoria,Anthologies (multiple authors)
Reason Enough,pertenece a la categoria,Caribbean & Latin American
Reason Enough,pertenece a la categoria,Literature & Fiction / Poetry
Reason Enough,pertenece a la categoria,Poetry
Un Invierno Equivocado / A Mistaken Winter (Encuento),fue publicada en el año,2004
Un Invierno Equivocado / A Mistaken Winter (Encuento),pertenece a la categoria,Animals - General
Un Invierno Equivocado / A Mistaken Winter (Encuento),pertenece a la categoria,Nature & the Natural World - General
Un Invierno Equivocado / A Mistaken Winter (Encuento),pertenece a la categoria,Performing Arts - General
Un Invierno Equivocado / A Mistaken Winter (Encuento),pertenece a la categoria,Juvenile Fiction
Un Invierno Equivocado / A Mistaken Winter (Encuento),pertenece a la categoria,Spanish: Grades 1-2
Lexico de Afinidades,fue publicada en el año,1994
Lexico de Afinidades,pertenece a la categoria,Literature & Fiction / Poetry
Mella y criba,fue publicada en el año,2010
Amor portátil,fue publicada en el año,2023
El tango,fue publicada en el año,2014
El tango,pertenece a la categoria,Tangos
El tango,pertenece a la categoria,History and criticism
El tango,pertenece a la categoria,Texts
El tango,pertenece a la categoria,Spanish Songs
De la poesía y los poetas,fue publicada en el año,2018
De la poesía y los poetas,pertenece a la categoria,Uruguayan poetry
De la poesía y los poetas,pertenece a la categoria,Textual Criticism
Poesia completa,fue publicada en el año,2019
Diario de juventud,fue publicada en el año,2013
Diario de juventud,pertenece a la categoria,Diaries
Diario de juventud,pertenece a la categoria,Uruguayan Authors
Diario de juventud,pertenece a la categoria,Childhood and youth
Poesía completa,fue publicada en el año,2002
Poesía completa,fue publicada en el año,2008
Poesía completa,fue publicada en el año,2008
'La cita' y otros cuentos de mujeres infieles,fue publicada en el año,2003
'La cita' y otros cuentos de mujeres infieles,pertenece a la categoria,Fiction
'La cita' y otros cuentos de mujeres infieles,pertenece a la categoria,Spanish: Adult Fiction
'La cita' y otros cuentos de mujeres infieles,pertenece a la categoria,Anthologies (multiple authors)
Astillero / the Shipyard,fue publicada en el año,2016
Vida Breve / a Brief Life,fue publicada en el año,2016
Vida Breve (Edición Conmemorativa de la RAE y la ASALE) / a Brief Life,fue publicada en el año,2025
"Onetti, entre la ironía y la piedad",fue publicada en el año,2009
"Onetti, entre la ironía y la piedad",pertenece a la categoria,Interviews
"Onetti, entre la ironía y la piedad",pertenece a la categoria,Uruguayan Authors
Cuentos completos,fue publicada en el año,1973
Novelas de Santa María,fue publicada en el año,2010
Novelas cortas,fue publicada en el año,2009
Obras completas,fue publicada en el año,1970
Obras completas,pertenece a la categoria,Uruguayan fiction
Obras completas,pertenece a la categoria,Uruguayan Short stories
Novelas breves,fue publicada en el año,2012
Novelas breves,pertenece a la categoria,Spanish Short stories
Novelas breves,pertenece a la categoria,Argentine Short stories
El pozo,fue publicada en el año,2007
El pozo,pertenece a la categoria,Antihéroes
El pozo,pertenece a la categoria,Ficción
El pozo,pertenece a la categoria,Antiheroes
El pozo,pertenece a la categoria,Fiction
10 relatos de amor,fue publicada en el año,1995
10 relatos de amor,pertenece a la categoria,Short Stories (single author)
10 relatos de amor,pertenece a la categoria,Fiction - General
Cinco novelas cortas,fue publicada en el año,1993
El Raiz Salvaje - Cantaro Fresco,fue publicada en el año,1993
El Raiz Salvaje - Cantaro Fresco,pertenece a la categoria,General
El Raiz Salvaje - Cantaro Fresco,pertenece a la categoria,Poetry
"Lenguas de Diamante, Las",fue publicada en el año,1999
"Lenguas de Diamante, Las",pertenece a la categoria,General
"Lenguas de Diamante, Las",pertenece a la categoria,Poetry
Obras,fue publicada en el año,1992
Obras escogidas,fue publicada en el año,1998
Obras escogidas,pertenece a la categoria,BIBLIOGRAFIAS
Obras escogidas,pertenece a la categoria,PROSA URUGUAYA
Obras escogidas,pertenece a la categoria,POESIAS URUGUAYAS
La vida y otras geografías,fue publicada en el año,2014
Relatos del Rio de la Plata. Incluye CD con la lectura de los relatos (Spanish Edition),fue publicada en el año,2009
Rêves et réalités / Sueños y realidades,fue publicada en el año,2005
10 relatos de amor,fue publicada en el año,1995
10 relatos de amor,pertenece a la categoria,Short Stories (single author)
10 relatos de amor,pertenece a la categoria,Fiction - General
Historias médicas,fue publicada en el año,2001
Historias médicas,pertenece a la categoria,Short Stories (single author)
Historias médicas,pertenece a la categoria,Fiction
Historias médicas,pertenece a la categoria,Fiction - General
Historias médicas,pertenece a la categoria,Spanish: Adult Fiction
Historias médicas,pertenece a la categoria,Literary
Poemas Revelados -Benedetti-,fue publicada en el año,1998
Poemas Revelados -Benedetti-,pertenece a la categoria,General
Poemas Revelados -Benedetti-,pertenece a la categoria,Caribbean & Latin American
Poemas Revelados -Benedetti-,pertenece a la categoria,Literary
Poemas Revelados -Benedetti-,pertenece a la categoria,Biography & Autobiography
Poemas Revelados -Benedetti-,pertenece a la categoria,Photography
Poemas Revelados -Benedetti-,pertenece a la categoria,Spanish: Adult Nonfiction
Pasión de papel,fue publicada en el año,2007
Pasión de papel,pertenece a la categoria,"Short stories, Spanish"
Pasión de papel,pertenece a la categoria,Spanish prose literature -- 21st century
Pasión de papel,pertenece a la categoria,Books in literature
Noción de patria ; Próximo prójimo,fue publicada en el año,1989
Noción de patria ; Próximo prójimo,pertenece a la categoria,Poesía uruguaya
Noción de patria ; Próximo prójimo,pertenece a la categoria,Literatura uruguaya
Inventario Uno - 1976-1985 - Con CD,fue publicada en el año,2006
Inventario Uno - 1976-1985 - Con CD,pertenece a la categoria,General
Inventario Uno - 1976-1985 - Con CD,pertenece a la categoria,Poetry
Acordes Cotidianos,fue publicada en el año,2000
Acordes Cotidianos,pertenece a la categoria,General
Acordes Cotidianos,pertenece a la categoria,Poetry
Inventario Tres,fue publicada en el año,2004
Inventario Tres,pertenece a la categoria,General
Inventario Tres,pertenece a la categoria,Poetry
Antologia Poetica,fue publicada en el año,2005
Antologia Poetica,pertenece a la categoria,Caribbean & Latin American
Antologia Poetica,pertenece a la categoria,Poetry
Antologia Poetica,pertenece a la categoria,Spanish: Adult Nonfiction
Nocion de Patria/Proximo Projimo,fue publicada en el año,2000
Nocion de Patria/Proximo Projimo,pertenece a la categoria,General
Nocion de Patria/Proximo Projimo,pertenece a la categoria,Poetry
Unstill life,fue publicada en el año,1969
Mini Letras va contigo Coleccionable 1 / Mini Writings Goes With You Collectible 1,fue publicada en el año,2006
Mini Letras va contigo Coleccionable 1 / Mini Writings Goes With You Collectible 1,pertenece a la categoria,Caribbean & Latin American
Mini Letras va contigo Coleccionable 1 / Mini Writings Goes With You Collectible 1,pertenece a la categoria,Continental European
Mini Letras va contigo Coleccionable 1 / Mini Writings Goes With You Collectible 1,pertenece a la categoria,Latin American Literature
Mini Letras va contigo Coleccionable 1 / Mini Writings Goes With You Collectible 1,pertenece a la categoria,Short Story
Mini Letras va contigo Coleccionable 1 / Mini Writings Goes With You Collectible 1,pertenece a la categoria,Literary Collections
Mini Letras va contigo Coleccionable 1 / Mini Writings Goes With You Collectible 1,pertenece a la categoria,Spanish: Adult Fiction
Carnation and tenebrae candle,fue publicada en el año,2020
No develarás el misterio,fue publicada en el año,2010
No develarás el misterio,pertenece a la categoria,Interviews
No develarás el misterio,pertenece a la categoria,Uruguayan Authors
"El gran ratón dorado, el gran raton de lilas",fue publicada en el año,2008
La Flor de Lis with CD (Audio),fue publicada en el año,2004
La Flor de Lis with CD (Audio),pertenece a la categoria,General
La Flor de Lis with CD (Audio),pertenece a la categoria,Poetry
Misales,fue publicada en el año,1993
Misales,pertenece a la categoria,"Erotic stories, Uruguayan."
Diadem,fue publicada en el año,2012
"Aventuras del Sapo Ruperto, Las",fue publicada en el año,2000
"Aventuras del Sapo Ruperto, Las",pertenece a la categoria,Interactive Adventure
"Aventuras del Sapo Ruperto, Las",pertenece a la categoria,Juvenile Fiction
"Aventuras del Sapo Ruperto, Las",pertenece a la categoria,Children's Baby/Preschool
"Aventuras del Sapo Ruperto, Las",pertenece a la categoria,Children's Books/Baby-Preschool
Babu (Infantil),fue publicada en el año,2006
Babu (Infantil),pertenece a la categoria,Animals - Zoos
Babu (Infantil),pertenece a la categoria,Interactive Adventure
Babu (Infantil),pertenece a la categoria,Juvenile Fiction
Babu (Infantil),pertenece a la categoria,Children's 4-8 - Children's 4-8
Babu (Infantil),pertenece a la categoria,Spanish: Grades 2-3
El abuelo mas loco del mundo,fue publicada en el año,2004
El abuelo mas loco del mundo,pertenece a la categoria,Short Stories
El abuelo mas loco del mundo,pertenece a la categoria,Spanish: Young Adult (Gr. 7-9)
El abuelo mas loco del mundo,pertenece a la categoria,Juvenile Fiction
"Mundo Perfecto, Un - Derecho a la Sanidad - 4",fue publicada en el año,2000
"Mundo Perfecto, Un - Derecho a la Sanidad - 4",pertenece a la categoria,Political Freedom & Security - Human Rights
"Mundo Perfecto, Un - Derecho a la Sanidad - 4",pertenece a la categoria,Politics / Current Events
Pateando Lunas,fue publicada en el año,2002
Pateando Lunas,pertenece a la categoria,Girls & Women
Pateando Lunas,pertenece a la categoria,Social Issues - Peer Pressure
Pateando Lunas,pertenece a la categoria,Social Situations - Peer Pressure
Pateando Lunas,pertenece a la categoria,Sports & Recreation - Soccer
Pateando Lunas,pertenece a la categoria,Short Stories
Pateando Lunas,pertenece a la categoria,Juvenile Fiction
Pateando Lunas,pertenece a la categoria,Children's 9-12 - Fiction - General
Pateando Lunas,pertenece a la categoria,Children's Books/Ages 9-12 Fiction
Pateando Lunas,pertenece a la categoria,Spanish: Grades 3-4
Pequeña ala,fue publicada en el año,2003
Pequeña ala,pertenece a la categoria,Rock groups -- Fiction.
Pequeña ala,pertenece a la categoria,Teenagers -- Fiction.
Pequeña ala,pertenece a la categoria,Conjuntos de rock -- Ficción.
Pequeña ala,pertenece a la categoria,Adolescentes -- Ficción.
Pequeña ala,fue publicada en el año,2004
Pequeña ala,pertenece a la categoria,Social Issues - Adolescence
Pequeña ala,pertenece a la categoria,Spanish: Young Adult (Gr. 7-9)
Pequeña ala,pertenece a la categoria,Juvenile Nonfiction
Rocanrol,fue publicada en el año,2006
Ruperto y los extraterrestres,fue publicada en el año,2005
UN Mundo Perfecto (Derechos Del Nino),fue publicada en el año,2002
UN Mundo Perfecto (Derechos Del Nino),pertenece a la categoria,Juvenile Fiction
UN Mundo Perfecto (Derechos Del Nino),pertenece a la categoria,Children's Books/Ages 9-12 Nonfiction
UN Mundo Perfecto (Derechos Del Nino),pertenece a la categoria,Spanish: Grades 3-4
UN Mundo Perfecto (Derechos Del Nino),pertenece a la categoria,Family Relationships
UN Mundo Perfecto (Derechos Del Nino),pertenece a la categoria,Short Stories
La niebla,fue publicada en el año,2001
Pateando Lunas,fue publicada en el año,2003
Pateando Lunas,pertenece a la categoria,Juvenile Fiction
Pateando Lunas,pertenece a la categoria,Short Stories
Pateando Lunas,pertenece a la categoria,Children's Baby - Fiction - General
Ruperto Insiste!! - Nuevas Aventuras de Un Sapo Detective,fue publicada en el año,2000
Ruperto Insiste!! - Nuevas Aventuras de Un Sapo Detective,pertenece a la categoria,Short Stories
Ruperto Insiste!! - Nuevas Aventuras de Un Sapo Detective,pertenece a la categoria,Children's 9-12 - Fiction - General
Ruperto Insiste!! - Nuevas Aventuras de Un Sapo Detective,pertenece a la categoria,Children's Books/Ages 9-12 Fiction
Ruperto Detective,fue publicada en el año,1997
Ruperto Detective,pertenece a la categoria,Short Stories
Ruperto Detective,pertenece a la categoria,Children's Books - Young Adult Fiction
Instrucciones para jugar con sapos invisibles,fue publicada en el año,2007
Instrucciones para jugar con sapos invisibles,pertenece a la categoria,Frogs
Instrucciones para jugar con sapos invisibles,pertenece a la categoria,Imagination
Instrucciones para jugar con sapos invisibles,pertenece a la categoria,Juvenile fiction
Instrucciones para jugar con sapos invisibles,pertenece a la categoria,Boredom
Juan de la Rosa,fue publicada en el año,1943
Juan de la Rosa,pertenece a la categoria,Bolivia -- History -- Fiction.
Juan de la Rosa,fue publicada en el año,2010
Juan de la Rosa,pertenece a la categoria,Fiction
Juan de la Rosa,pertenece a la categoria,History
El amor según,fue publicada en el año,2011
Atrevámonos a ser bolivianos,fue publicada en el año,2012
Atrevámonos a ser bolivianos,pertenece a la categoria,Correspondence
Atrevámonos a ser bolivianos,pertenece a la categoria,Bolivian Authors
Atrevámonos a ser bolivianos,pertenece a la categoria,Biography
Por la libertad y la cultura,fue publicada en el año,2016
Por la libertad y la cultura,pertenece a la categoria,Politics and government
Por la libertad y la cultura,pertenece a la categoria,Cultural policy
Cecilio Guzmán de Rojas,fue publicada en el año,2022
Pando y la Amazonia boliviana,fue publicada en el año,2014
Pando y la Amazonia boliviana,pertenece a la categoria,History
Pando y la Amazonia boliviana,pertenece a la categoria,Politics and government
Beni - Moxos,fue publicada en el año,2014
Beni - Moxos,pertenece a la categoria,Description and travel
Beni - Moxos,pertenece a la categoria,History
Beni - Moxos,pertenece a la categoria,Travelers' writings
Tarija,fue publicada en el año,2013
Tarija,pertenece a la categoria,Description and travel
Tarija,pertenece a la categoria,History
Tarija,pertenece a la categoria,Travelers' writings
"Busch, la flecha incendiaria",fue publicada en el año,2011
"Busch, la flecha incendiaria",pertenece a la categoria,Presidents
"Busch, la flecha incendiaria",pertenece a la categoria,Biography
Cochabamba,fue publicada en el año,2012
Cochabamba,pertenece a la categoria,Description and travel
Cochabamba,pertenece a la categoria,History
Cochabamba,pertenece a la categoria,Travelers
Cochabamba,pertenece a la categoria,Attitudes
La ciudad de Potosí vista por viajeros y autores nacionales del siglo XVI al XXI,fue publicada en el año,2011
La ciudad de Potosí vista por viajeros y autores nacionales del siglo XVI al XXI,pertenece a la categoria,History
La ciudad de Potosí vista por viajeros y autores nacionales del siglo XVI al XXI,pertenece a la categoria,Social life and customs
La ciudad de Potosí vista por viajeros y autores nacionales del siglo XVI al XXI,pertenece a la categoria,Civilization
Biografía del Palacio Quemado,fue publicada en el año,2012
Biografía del Palacio Quemado,pertenece a la categoria,History
Biografía del Palacio Quemado,pertenece a la categoria,"Palacio Quemado (La Paz, Bolivia)"
La ciudad de Sucre,fue publicada en el año,2013
La ciudad de Sucre,pertenece a la categoria,Description and travel
La ciudad de Sucre,pertenece a la categoria,History
La ciudad de Sucre,pertenece a la categoria,Travelers' writings
Oruro,fue publicada en el año,2014
Oruro,pertenece a la categoria,Social life and customs
Oruro,pertenece a la categoria,Civilization
Oruro,pertenece a la categoria,Description and travel
Oruro,pertenece a la categoria,History
"Comunicación, política y desarrollo",fue publicada en el año,2014
"Comunicación, política y desarrollo",pertenece a la categoria,Communication in politics
"Comunicación, política y desarrollo",pertenece a la categoria,Communication in economic development
"Comunicación, política y desarrollo",pertenece a la categoria,Interviews
"Comunicología de la liberación, desarrollismo y políticas públicas",fue publicada en el año,2014
"Comunicología de la liberación, desarrollismo y políticas públicas",pertenece a la categoria,Intercultural communication
"Comunicología de la liberación, desarrollismo y políticas públicas",pertenece a la categoria,Politics and government
"Comunicología de la liberación, desarrollismo y políticas públicas",pertenece a la categoria,Communication and culture
Investigación sobre comunicación en Latinoamérica,fue publicada en el año,2000
Investigación sobre comunicación en Latinoamérica,pertenece a la categoria,Research
Investigación sobre comunicación en Latinoamérica,pertenece a la categoria,"Beltran, Luis Ramiro"
Investigación sobre comunicación en Latinoamérica,pertenece a la categoria,Latin America
Investigación sobre comunicación en Latinoamérica,pertenece a la categoria,History
Investigación sobre comunicación en Latinoamérica,pertenece a la categoria,"Beltrán, Luis Ramiro"
Investigación sobre comunicación en Latinoamérica,pertenece a la categoria,Communication
Mis primeros 25 años,fue publicada en el año,2010
Mis primeros 25 años,pertenece a la categoria,Journalists
Mis primeros 25 años,pertenece a la categoria,Biography
Telón lento,fue publicada en el año,2016
Telón lento,pertenece a la categoria,Correspondence
Telón lento,pertenece a la categoria,Textual Criticism
Telón lento,pertenece a la categoria,Letters
Telón lento,pertenece a la categoria,Painters
"Ventura, aventura y desventura de Raúl Botelho Gosálvez",fue publicada en el año,2021
"Ventura, aventura y desventura de Raúl Botelho Gosálvez",pertenece a la categoria,Biography
"Ventura, aventura y desventura de Raúl Botelho Gosálvez",pertenece a la categoria,Correspondence
"Ventura, aventura y desventura de Raúl Botelho Gosálvez",pertenece a la categoria,Literary collections
"Ventura, aventura y desventura de Raúl Botelho Gosálvez",pertenece a la categoria,Bolivian Authors
"Chile-Bolivia, Bolivia-Chile, 1820-1930",fue publicada en el año,2008
"Chile-Bolivia, Bolivia-Chile, 1820-1930",pertenece a la categoria,Relations
"Chile-Bolivia, Bolivia-Chile, 1820-1930",pertenece a la categoria,Economic conditions
"Chile-Bolivia, Bolivia-Chile, 1820-1930",pertenece a la categoria,Politics and government
Entrada Folklórica Universitaria,fue publicada en el año,2009
Entrada Folklórica Universitaria,pertenece a la categoria,Festivals
Entrada Folklórica Universitaria,pertenece a la categoria,Social life and customs
Entrada Folklórica Universitaria,pertenece a la categoria,Universidad Mayor de San Andrés
La agroecología,fue publicada en el año,2015
Fin de Las Multinacionales,fue publicada en el año,2012
Sino Peripatético,fue publicada en el año,2023
Sino Peripatético,pertenece a la categoria,Personal memoirs
Sino Peripatético,pertenece a la categoria,Travel
Competencia Interpretativa en Los Intérpretes No Profesionales en Contextos Cristianos en Lima Metropolitana,fue publicada en el año,2018
Joven para Siempre - Descubre la Llame Del Antienvejecimiento ,fue publicada en el año,2019
Los diez mejores cuentos de la literatura boliviana,fue publicada en el año,2007
Bolivia,fue publicada en el año,2006
Bolivia,pertenece a la categoria,Bolivian literature -- 21st century.
Bolivia,pertenece a la categoria,Bolivia -- Literary collections.
Bolivia,pertenece a la categoria,Bolivia -- Social conditions.
Sangre de mestizos,fue publicada en el año,1936
Primer salida,fue publicada en el año,2016
Primer salida,pertenece a la categoria,Ethnic costume
Primer salida,pertenece a la categoria,"Carnaval de Oruro (Oruro, Bolivia) fast (OCoLC)fst01778273"
Para alguna vez cuando oscurece,fue publicada en el año,2022
Helechos,fue publicada en el año,1972
Notas Económicas con Julio Díaz,fue publicada en el año,2016
Tee reta ñane ñeepe,fue publicada en el año,2016
Tee reta ñane ñeepe,pertenece a la categoria,Guarani language
Tee reta ñane ñeepe,pertenece a la categoria,Etymology
Tee reta ñane ñeepe,pertenece a la categoria,Names
Tee reta ñane ñeepe,pertenece a la categoria,Dictionaries
Arakuaa jembo,fue publicada en el año,2014
Arakuaa jembo,pertenece a la categoria,Guarani Indians
Arakuaa jembo,pertenece a la categoria,Social life and customs
Arakuaa jembo,pertenece a la categoria,Monuments
Arakuaa jembo,pertenece a la categoria,Education
Nación guaraní,fue publicada en el año,2012
Nación guaraní,pertenece a la categoria,Guarani Indians
Nación guaraní,pertenece a la categoria,Social life and customs
Ritmos Provenientes Del Maqsum,fue publicada en el año,2017
Nuevo mapa de actores en Bolivia,fue publicada en el año,2020
Nuevo mapa de actores en Bolivia,pertenece a la categoria,Politics and government
Remando la crisis,fue publicada en el año,2021
Remando la crisis,pertenece a la categoria,COVID-19 (Disease)
Remando la crisis,pertenece a la categoria,Social aspects
Remando la crisis,pertenece a la categoria,Psychological aspects
Remando la crisis,pertenece a la categoria,Literary prizes
Mediocracia de alta intensidad,fue publicada en el año,2010
Mediocracia de alta intensidad,pertenece a la categoria,Mass media and public opinion
Mediocracia de alta intensidad,pertenece a la categoria,Mass media
Mediocracia de alta intensidad,pertenece a la categoria,Journalistic ethics
Mediocracia de alta intensidad,pertenece a la categoria,Democracy
Mediocracia de alta intensidad,pertenece a la categoria,Communication
Caso Zapata,fue publicada en el año,2016
Caso Zapata,pertenece a la categoria,Relations with women
Caso Zapata,pertenece a la categoria,Mass media
Caso Zapata,pertenece a la categoria,Influence
Caso Zapata,pertenece a la categoria,Political corruption
Caso Zapata,pertenece a la categoria,Politics and government
La historia del Mojón con cara,fue publicada en el año,2017
La historia del Mojón con cara,pertenece a la categoria,Indian wood-carving
La historia del Mojón con cara,pertenece a la categoria,Indian sculpture
La historia del Mojón con cara,pertenece a la categoria,Wood sculpture
La historia del Mojón con cara,pertenece a la categoria,Antiquities
La historia del Mojón con cara,pertenece a la categoria,Prehistoric Antiquities
Discurso de Ingreso en la Academia Boliviana de la Lengua,fue publicada en el año,2017
Holocuasto a Los Dioses Hambrientos,fue publicada en el año,2015
Biografía Del Poeta Javier Del Granado,fue publicada en el año,2012
Notas Biográficas Del Poeta Javier Del Granado,fue publicada en el año,2012
Biografia Del Poeta Javier Del Granado,fue publicada en el año,2012
Notas Genealogicas y Biograficas Del Poeta Javier Del Granado,fue publicada en el año,2012
Notas Genealógicas y Biográficas Del Poeta Javier Del Granado,fue publicada en el año,2012
Cochabamba,fue publicada en el año,2012
Sombras de verano,fue publicada en el año,2016
Los regalos y otros cuentos,fue publicada en el año,2015
El tacto y la niebla,fue publicada en el año,2018
Vértigos,fue publicada en el año,1995
Eduardo Mitre y la generación dispersa,fue publicada en el año,2013
Eduardo Mitre y la generación dispersa,pertenece a la categoria,Criticism and interpretation
La última pieza del puzzle,fue publicada en el año,2012
La última pieza del puzzle,pertenece a la categoria,Bolivian literature
1877,fue publicada en el año,2018
1877,pertenece a la categoria,Politics and government
1877,pertenece a la categoria,World politics
15 (cuentos reunidos),fue publicada en el año,2021
Nueve,fue publicada en el año,2014
Nueve,pertenece a la categoria,Bolivian Short stories
Los días más felices,fue publicada en el año,2011
Los afectos,fue publicada en el año,2015
El lugar del cuerpo,fue publicada en el año,2009
Los afectos,fue publicada en el año,2015
Últimas semanas y otros cuentos,fue publicada en el año,2009
La Gula del Picaflor,fue publicada en el año,2004
La Gula del Picaflor,pertenece a la categoria,General
La Gula del Picaflor,pertenece a la categoria,Fiction - General
La Gula del Picaflor,pertenece a la categoria,Fiction
Revolución y foquismo,fue publicada en el año,2011
Revolución y foquismo,pertenece a la categoria,Revolutions
Revolución y foquismo,pertenece a la categoria,Guerrillas
Revolución y foquismo,pertenece a la categoria,History
Revolución y foquismo,pertenece a la categoria,Politics and government
Por ahora soy el invierno,fue publicada en el año,2018
Por ahora soy el invierno,pertenece a la categoria,Bolivian Short stories
"Seúl, São Paulo",fue publicada en el año,2019
"Seúl, São Paulo",pertenece a la categoria,Bolivian fiction
El rehén,fue publicada en el año,2021
El rehén,pertenece a la categoria,Bolivian fiction
Hombres Sin Mujer,fue publicada en el año,2014
Renuevo y Otros Cuentos,fue publicada en el año,2014
Cuentos Tradionales y Cuentos para la Nueva Generación,fue publicada en el año,2018
Historia y Cultura de Los Países Andinos Bolivia / perú / Ecuador,fue publicada en el año,2018
Los Inkas,fue publicada en el año,2013
Los Inkas,pertenece a la categoria,Incas
Los Inkas,pertenece a la categoria,History
Los Inkas,pertenece a la categoria,Inca mythology
Los Inkas,pertenece a la categoria,Social life and customs
Cuentos desnudos,fue publicada en el año,2008
"Desquiciados, maniacos, diferentes",fue publicada en el año,2010
Modificaciones al Código penal y al Código del procedimiento penal,fue publicada en el año,2010
Modificaciones al Código penal y al Código del procedimiento penal,pertenece a la categoria,Criminal procedure
Modificaciones al Código penal y al Código del procedimiento penal,pertenece a la categoria,Criminal law
Soldado Itinerante,fue publicada en el año,2020
Desde&#327;able Misterio de Los Sue&#327;os,fue publicada en el año,2021
Las dos ciudades,fue publicada en el año,2014
Qubit,fue publicada en el año,2011
Qubit,pertenece a la categoria,Latin American Science fiction
Qubit,pertenece a la categoria,Spanish American fiction
Billie Ruth,fue publicada en el año,2012
Imágenes del incendio,fue publicada en el año,2008
Se habla español,fue publicada en el año,2000
Se habla español,pertenece a la categoria,Spanish American fiction
Se habla español,pertenece a la categoria,"Short stories, Hispanic American (Spanish)"
Se habla español,pertenece a la categoria,Foreign Language - Dictionaries / Phrase Books
Se habla español,pertenece a la categoria,Fiction
Se habla español,pertenece a la categoria,Untranslated Fiction - Spanish
Se habla español,pertenece a la categoria,Spanish: Adult Fiction
Se habla español,pertenece a la categoria,"Short stories, Spanish American"
Se habla español,pertenece a la categoria,Short Stories (Anthologies)
Se habla español,pertenece a la categoria,General
Se habla español,pertenece a la categoria,United States
Amores imperfectos,fue publicada en el año,1998
El delirio de Turing,fue publicada en el año,2003
El delirio de Turing,pertenece a la categoria,Anti-globalization movement
El delirio de Turing,pertenece a la categoria,Fiction
Los vivos y los muertos,fue publicada en el año,2009
Los vivos y los muertos,pertenece a la categoria,Murder
Los vivos y los muertos,pertenece a la categoria,Asesinato
Los vivos y los muertos,pertenece a la categoria,Adolescentes
Los vivos y los muertos,pertenece a la categoria,Ficción
Los vivos y los muertos,pertenece a la categoria,Novela boliviana
Los vivos y los muertos,pertenece a la categoria,Teenagers
Los vivos y los muertos,pertenece a la categoria,Fiction
Bolaño salvaje,fue publicada en el año,2008
Bolaño salvaje,pertenece a la categoria,"Bolaño, Roberto, -- 1953-2003 -- Criticism and interpretation"
Bolaño salvaje,pertenece a la categoria,Chilean literature -- History and criticism
Río fugitivo,fue publicada en el año,2008
Las visiones,fue publicada en el año,2016
Bolaño salvaje,fue publicada en el año,2008
Lazos de familia,fue publicada en el año,2008
Norte,fue publicada en el año,2006
Río fugitivo,fue publicada en el año,1998
Palacio quemado,fue publicada en el año,2006
Palacio quemado,pertenece a la categoria,"Palacio Quemado (La Paz, Bolivia) -- Fiction."
Palacio quemado,pertenece a la categoria,Brothers -- Fiction.
Palacio quemado,pertenece a la categoria,Suicide victims -- Family relationships -- Fiction.
Palacio quemado,pertenece a la categoria,La Paz (Bolivia) -- Fiction.
Los vivos y los muertos,fue publicada en el año,2009
Río fugitivo,fue publicada en el año,2008
Norte,fue publicada en el año,2011
Norte,fue publicada en el año,2011
Billie Ruth,fue publicada en el año,2012
Manubiduyepe,fue publicada en el año,2020
Serenata cósmica,fue publicada en el año,2013
Illimani púrpura,fue publicada en el año,2010
Sueños y encanto,fue publicada en el año,2014
Sueños y encanto,pertenece a la categoria,Intellectual life
Sueños y encanto,pertenece a la categoria,Civilization
"""Samay Pata""",fue publicada en el año,2012
De imposibilidades posibles,fue publicada en el año,2013
De imposibilidades posibles,pertenece a la categoria,Bolivian Fantasy fiction
De imposibilidades posibles,pertenece a la categoria,Bolivian Short stories
De imposibilidades posibles,pertenece a la categoria,Bolivian fiction
Hananpacha,fue publicada en el año,2014
Las Remotas edades. I antología de ciencia ficción boliviana,fue publicada en el año,2014
Un libro para escuchar a Marcelo Quiroga Santa Cruz,fue publicada en el año,2013
Un libro para escuchar a Marcelo Quiroga Santa Cruz,pertenece a la categoria,Politicians
Un libro para escuchar a Marcelo Quiroga Santa Cruz,pertenece a la categoria,Politics and government
Obras completas,fue publicada en el año,2014
Obras completas,pertenece a la categoria,Indians of South America
Obras completas,pertenece a la categoria,Politics and government
Obras completas,pertenece a la categoria,History
Indianismos,fue publicada en el año,2014
Indianismos,pertenece a la categoria,Correspondence
Indianismos,pertenece a la categoria,Indians of Mexico
Indianismos,pertenece a la categoria,Ethnic identity
Indianismos,pertenece a la categoria,Indians of South America
Indianismos,pertenece a la categoria,Politics and government
Indianismos,pertenece a la categoria,Cultural assimilation
Mi vida,fue publicada en el año,2014
Mi vida,pertenece a la categoria,Intellectuals
Mi vida,pertenece a la categoria,Biography
Mi vida,pertenece a la categoria,Bolivian Authors
Mi vida,pertenece a la categoria,Aymara Indians
Mi vida,pertenece a la categoria,Political activity
Gardel,fue publicada en el año,2012
Gardel,pertenece a la categoria,Singers
Gardel,pertenece a la categoria,Biography
Gardel,pertenece a la categoria,Tangos
Gardel,pertenece a la categoria,History and criticism
Sinfonía Cochabambina,fue publicada en el año,2008
Casa de la vida umbral de la muerte,fue publicada en el año,2007
Trascendencia histórica de la revolución nacional,fue publicada en el año,2008
Trascendencia histórica de la revolución nacional,pertenece a la categoria,Bolivia -- Politics and government -- 20th century
Contribución histórica a los bicentenarios de Bolivia,fue publicada en el año,2010
Contribución histórica a los bicentenarios de Bolivia,pertenece a la categoria,Biography
Contribución histórica a los bicentenarios de Bolivia,pertenece a la categoria,History
La picardía en Cochabamba,fue publicada en el año,2017
La picardía en Cochabamba,pertenece a la categoria,Bolivian wit and humor
Biografías urgentes,fue publicada en el año,2011
Biografías urgentes,pertenece a la categoria,Political science
Biografías urgentes,pertenece a la categoria,History
Biografías urgentes,pertenece a la categoria,Political scientists
Biografías urgentes,pertenece a la categoria,Biography
Biografías urgentes,pertenece a la categoria,Political activists
Biografías urgentes,pertenece a la categoria,Politics and government
Por que seguir creyendo,fue publicada en el año,2012
Por que seguir creyendo,pertenece a la categoria,Politics and government
La cueva y la intemperie,fue publicada en el año,2011
La Sombra del tambor,fue publicada en el año,2012
Consejos para escribir [más] mejor,fue publicada en el año,2014
Consejos para escribir [más] mejor,pertenece a la categoria,Composition (Language arts)
Consejos para escribir [más] mejor,pertenece a la categoria,Rhetoric
Consejos para escribir [más] mejor,pertenece a la categoria,Creative writing
Jenaro Flores Santos,fue publicada en el año,2006
Jenaro Flores Santos,pertenece a la categoria,"Flores Santos, Jenaro, -- 1942-"
Jenaro Flores Santos,pertenece a la categoria,Confederación Sindical Unica de Trabajadores Campesinos de Bolivia.
Jenaro Flores Santos,pertenece a la categoria,Indian activists -- Bolivia.
Jenaro Flores Santos,pertenece a la categoria,Labor leaders -- Bolivia.
Jenaro Flores Santos,pertenece a la categoria,Indians of South America -- Bolivia -- Politics and government.
Todos los cominos conducen aroma,fue publicada en el año,2007
Ladies night,fue publicada en el año,2007
La vida en bicicleta,fue publicada en el año,2010
Constituciones comparadas y comentadas,fue publicada en el año,2007
Constituciones comparadas y comentadas,pertenece a la categoria,Constitutional law.
Constituciones comparadas y comentadas,pertenece a la categoria,Constitutions.
Constituciones comparadas y comentadas,pertenece a la categoria,Constitutional history.
Correspondencia 1950-1989,fue publicada en el año,2021
Guerra Híbrida Rusa Sobre Occidente,fue publicada en el año,2019
La ópera chola,fue publicada en el año,2017
La ópera chola,pertenece a la categoria,Popular music
La ópera chola,pertenece a la categoria,History and criticism
La ópera chola,pertenece a la categoria,Ethnomusicology
La ópera chola,pertenece a la categoria,Social aspects
Arlequine,fue publicada en el año,2008
"Pedro Shimose, antología para jóvenes",fue publicada en el año,2012
Textos clásicos para la historia de Bolivia,fue publicada en el año,2001
Textos clásicos para la historia de Bolivia,pertenece a la categoria,History
"Si, el mar",fue publicada en el año,2012
"Si, el mar",pertenece a la categoria,Boundaries
"Si, el mar",pertenece a la categoria,Access to the sea (International law)
Reconstrucción,fue publicada en el año,2019
Mariposa nocturna y otros cuentos,fue publicada en el año,2013
Mariposa nocturna y otros cuentos,pertenece a la categoria,Bolivian Short stories
La novela del dictador,fue publicada en el año,2022
Ch'aqui fulero,fue publicada en el año,2007
Poemas,fue publicada en el año,2006
Poesía,fue publicada en el año,2017
Cuentos,fue publicada en el año,2013
Cuentos,pertenece a la categoria,Bolivian Short stories
Raza De Bronce,fue publicada en el año,1996
Raza De Bronce,pertenece a la categoria,Classics
Raza De Bronce,pertenece a la categoria,Literature - Classics / Criticism
El festín de la flama,fue publicada en el año,2012
Angeles del miedo,fue publicada en el año,1988
Angeles del miedo,pertenece a la categoria,Audio Adult: Business
Nuevas rutas,fue publicada en el año,2010
Nuevas rutas,pertenece a la categoria,Juvenile fiction
Niñas y detectives y otros cuentos con sangre dulce,fue publicada en el año,2009
Tukzon,fue publicada en el año,2008
Obra reunida,fue publicada en el año,2016
El escalpelo ; Aniversario de una visión ; Visitante profundo ; El frío,fue publicada en el año,2007
El sonido de la h,fue publicada en el año,2015
La misma terca sílaba de sangre,fue publicada en el año,2019
La misma terca sílaba de sangre,pertenece a la categoria,Bolivian Short stories
La misma terca sílaba de sangre,pertenece a la categoria,Bolivian fiction
Vendrá la muerte y tendrá tus ojos,fue publicada en el año,2021
Vendrá la muerte y tendrá tus ojos,pertenece a la categoria,Bolivian literature
Vendrá la muerte y tendrá tus ojos,pertenece a la categoria,Bolivian Short stories
La composición de la sal,fue publicada en el año,2014
Mujeres de costado,fue publicada en el año,2010
Mujeres de costado,pertenece a la categoria,Social conditions
Mujeres de costado,pertenece a la categoria,Interviews
Mujeres de costado,pertenece a la categoria,Women
Los ojos abiertos,fue publicada en el año,2021
"Artículos, crítica, apuntes",fue publicada en el año,2018
La muerte mágica y otros relatos,fue publicada en el año,2002
Aluvion de fuego (Letras fundacionales),fue publicada en el año,2000
Cerco de penumbras (Letras fundacionales),fue publicada en el año,2000
El Circulo,fue publicada en el año,2004
El Circulo,pertenece a la categoria,Readers - Intermediate
El Circulo,pertenece a la categoria,Juvenile Fiction
El Circulo,pertenece a la categoria,Spanish: Kindergarten
La señora de la conquista,fue publicada en el año,1985
Microficciones,fue publicada en el año,2018
Retratos,fue publicada en el año,2018
Cuentos en el exilio,fue publicada en el año,2008
José B. Adolph : Cuentos Completos,fue publicada en el año,2015
Desmemorias de un pelagatos,fue publicada en el año,2017
El poeta que tocaba tambor,fue publicada en el año,2014
36 estampas sin bendecir,fue publicada en el año,2005
Altas voces de la literatura peruana y latinoamericana,fue publicada en el año,2000
Altas voces de la literatura peruana y latinoamericana,pertenece a la categoria,Peruvian literature
Altas voces de la literatura peruana y latinoamericana,pertenece a la categoria,History and criticism
Altas voces de la literatura peruana y latinoamericana,pertenece a la categoria,Spanish American literature
Par de sátrapas,fue publicada en el año,2008
Altas voces de la literatura peruana y latinoamericana,fue publicada en el año,2010
Altas voces de la literatura peruana y latinoamericana,pertenece a la categoria,Peruvian literature
Altas voces de la literatura peruana y latinoamericana,pertenece a la categoria,History and criticism
Altas voces de la literatura peruana y latinoamericana,pertenece a la categoria,Spanish American literature
El mundo es ancho y ajeno,fue publicada en el año,1968
El mundo es ancho y ajeno,fue publicada en el año,1960
El mundo es ancho y ajeno,fue publicada en el año,1968
"Mundo Es Ancho y Ajeno, El (Alianza tres)",fue publicada en el año,1993
"Mundo Es Ancho y Ajeno, El (Alianza tres)",pertenece a la categoria,General
"Mundo Es Ancho y Ajeno, El (Alianza tres)",pertenece a la categoria,Fiction - General
Sacha En El Reino De Los Arboles,fue publicada en el año,2001
Sacha En El Reino De Los Arboles,pertenece a la categoria,Classics
Sacha En El Reino De Los Arboles,pertenece a la categoria,Children's 12-Up - Literature - Classics
Sueño Y Verdad De America,fue publicada en el año,2000
Sueño Y Verdad De America,pertenece a la categoria,Language readers
Sueño Y Verdad De America,pertenece a la categoria,General
Sueño Y Verdad De America,pertenece a la categoria,Poetry
Sueño Y Verdad De America,pertenece a la categoria,Spanish: Grades 3-4
El Sol de Los Jaguares,fue publicada en el año,2000
El Sol de Los Jaguares,pertenece a la categoria,Short Stories (single author)
El Sol de Los Jaguares,pertenece a la categoria,Fiction - General
Coralay,fue publicada en el año,2021
Poesías,fue publicada en el año,2014
Proceso de inserción del cristianismo en Áncash,fue publicada en el año,2016
Proceso de inserción del cristianismo en Áncash,pertenece a la categoria,Christianity
Proceso de inserción del cristianismo en Áncash,pertenece a la categoria,Church history
Proceso de inserción del cristianismo en Áncash,pertenece a la categoria,Syncretism (Religion)
Proceso de inserción del cristianismo en Áncash,pertenece a la categoria,Religious life and customs
Proceso de inserción del cristianismo en Áncash,pertenece a la categoria,Religion
No soy tu cholo,fue publicada en el año,2017
No soy tu cholo,pertenece a la categoria,Mestizos
No soy tu cholo,pertenece a la categoria,Social conditions
No soy tu cholo,pertenece a la categoria,Racism
No soy tu cholo,pertenece a la categoria,Race relations
De dónde venimos los cholos,fue publicada en el año,2016
De dónde venimos los cholos,pertenece a la categoria,Social classes
De dónde venimos los cholos,pertenece a la categoria,Indians of South America
De dónde venimos los cholos,pertenece a la categoria,Social conditions
De dónde venimos los cholos,pertenece a la categoria,Race relations
Día de visita,fue publicada en el año,2012
Día de visita,pertenece a la categoria,Women prisoners
Día de visita,pertenece a la categoria,Establecimiento Penal de Mujeres de Chorrillos
Día de visita,pertenece a la categoria,Interviews
Iqt,fue publicada en el año,2007
Templos sagrados de Machupiqchu,fue publicada en el año,2012
Templos sagrados de Machupiqchu,pertenece a la categoria,Incas
Templos sagrados de Machupiqchu,pertenece a la categoria,History
Templos sagrados de Machupiqchu,pertenece a la categoria,Antiquities
Templos sagrados de Machupiqchu,pertenece a la categoria,Temples
Templos sagrados de Machupiqchu,pertenece a la categoria,Religion
Qué dicen los khipus,fue publicada en el año,2019
Qué dicen los khipus,pertenece a la categoria,Quipu
Qué dicen los khipus,pertenece a la categoria,Incas
Qué dicen los khipus,pertenece a la categoria,Indigenes Volk
Qué dicen los khipus,pertenece a la categoria,Knotenschrift
Hablando con los apus,fue publicada en el año,2011
Hablando con los apus,pertenece a la categoria,Indians of South America
Hablando con los apus,pertenece a la categoria,Religion
Cines de cuaderno,fue publicada en el año,2016
Cines de cuaderno,pertenece a la categoria,Motion pictures
El Perú imaginado,fue publicada en el año,2017
El Perú imaginado,pertenece a la categoria,In motion pictures
El Perú imaginado,pertenece a la categoria,Motion pictures
El cine peruano en tiempos digitales,fue publicada en el año,2015
El cine peruano en tiempos digitales,pertenece a la categoria,Motion pictures
El cine peruano en tiempos digitales,pertenece a la categoria,Digital cinematography
El cine sonoro en el Perú,fue publicada en el año,2009
El cine sonoro en el Perú,fue publicada en el año,2009
El cine sonoro en el Perú,pertenece a la categoria,Sound motion pictures -- Peru -- History
El cine sonoro en el Perú,pertenece a la categoria,Motion pictures -- Peru -- History
El cine silente en el Perú,fue publicada en el año,2009
El cine silente en el Perú,pertenece a la categoria,Silent films -- Peru -- History -- 20th century
El cine silente en el Perú,pertenece a la categoria,Motion pictures -- Peru -- History -- 20th century
Crónicas de las luchas campesinas en el Valle de Lurín,fue publicada en el año,2018
Crónicas de las luchas campesinas en el Valle de Lurín,pertenece a la categoria,Politics and government
Crónicas de las luchas campesinas en el Valle de Lurín,pertenece a la categoria,Peasant uprisings
Crónicas de las luchas campesinas en el Valle de Lurín,pertenece a la categoria,Land tenure
Crónicas de las luchas campesinas en el Valle de Lurín,pertenece a la categoria,Land reform
Mito y utopía,fue publicada en el año,2012
Mito y utopía,pertenece a la categoria,Republicanism
Mito y utopía,pertenece a la categoria,History
Mito y utopía,pertenece a la categoria,Democracy
Poder mediático,fue publicada en el año,2008
Poder mediático,pertenece a la categoria,Mass media -- Political aspects -- Peru
Poder mediático,pertenece a la categoria,Mass media -- Influence
Cuentos de bolsillo,fue publicada en el año,2007
Canciones del perito en nada,fue publicada en el año,2015
Miscelánea íntima,fue publicada en el año,2015
Miscelánea íntima,pertenece a la categoria,Peruvian poetry
Morar en la superficie,fue publicada en el año,2015
Expansión sonora,fue publicada en el año,2019
Expansión sonora,pertenece a la categoria,Criticism and interpretation
Expansión sonora,pertenece a la categoria,Peruvian poetry
Éstos que son aquí...,fue publicada en el año,2015
"Los versos juntos, 1946-2008",fue publicada en el año,2008
El alternado paso de los hados,fue publicada en el año,2006
Los poemas elegidos,fue publicada en el año,2011
La paz de los vencidos,fue publicada en el año,2009
La paz de los vencidos,pertenece a la categoria,Peruvians -- Spain -- Fiction
La paz de los vencidos,pertenece a la categoria,Novela peruana
El enigma del convento,fue publicada en el año,2014
El AÃ±o Que Rompi Contigo/the Year I Left You,fue publicada en el año,2003
El AÃ±o Que Rompi Contigo/the Year I Left You,pertenece a la categoria,Spanish: Adult Fiction
El AÃ±o Que Rompi Contigo/the Year I Left You,pertenece a la categoria,Fiction
El AÃ±o Que Rompi Contigo/the Year I Left You,pertenece a la categoria,Fiction - General
El AÃ±o Que Rompi Contigo/the Year I Left You,pertenece a la categoria,Untranslated Fiction - Spanish
El AÃ±o Que Rompi Contigo/the Year I Left You,pertenece a la categoria,Literature & Fiction / Contemporary
El AÃ±o Que Rompi Contigo/the Year I Left You,pertenece a la categoria,Short Stories (single author)
La Noche de Morgana,fue publicada en el año,2005
La Noche de Morgana,pertenece a la categoria,Latin American Novel And Short Story
La Noche de Morgana,pertenece a la categoria,Fiction
La Noche de Morgana,pertenece a la categoria,Fiction - General
La Noche de Morgana,pertenece a la categoria,Spanish: Adult Fiction
La Noche de Morgana,pertenece a la categoria,General
La Noche de Morgana,pertenece a la categoria,Short Stories (single author)
Los años inútiles,fue publicada en el año,2002
Los años inútiles,pertenece a la categoria,General
Los años inútiles,pertenece a la categoria,Historical - General
Los años inútiles,pertenece a la categoria,Fiction
Los años inútiles,pertenece a la categoria,Fiction - General
Los años inútiles,pertenece a la categoria,Reading materials
Los años inútiles,pertenece a la categoria,Spanish language
Los años inútiles,pertenece a la categoria,Spanish: Adult Fiction
Un millón de soles,fue publicada en el año,2007
Un millon de soles/ A Million Soles,fue publicada en el año,2007
Un millon de soles/ A Million Soles,pertenece a la categoria,General
Un millon de soles/ A Million Soles,pertenece a la categoria,Literature & Fiction
Un millon de soles/ A Million Soles,pertenece a la categoria,Thrillers
Un millon de soles/ A Million Soles,pertenece a la categoria,Fiction
Un millon de soles/ A Million Soles,pertenece a la categoria,Fiction - General
Un millon de soles/ A Million Soles,pertenece a la categoria,Spanish: Adult Fiction
Ciudades posibles,fue publicada en el año,2010
Ciudades posibles,pertenece a la categoria,Cities and towns in literature
Ciudades posibles,pertenece a la categoria,Imaginary places in literature
Militancia educativa,fue publicada en el año,2015
Militancia educativa,pertenece a la categoria,Educational change
La Constitución de 1993,fue publicada en el año,1996
La Constitución de 1993,pertenece a la categoria,Constitutions -- Peru.
La Constitución de 1993,pertenece a la categoria,Constitutional law -- Peru.
La Constitución de 1993,pertenece a la categoria,Constitutional history -- Peru.
Tejidos enigmáticos de la Amazonía peruana,fue publicada en el año,2006
Tejidos enigmáticos de la Amazonía peruana,pertenece a la categoria,Indian textile fabrics -- Peru.
Tejidos enigmáticos de la Amazonía peruana,pertenece a la categoria,Indian textile fabrics -- Amazon River Region.
Tejidos enigmáticos de la Amazonía peruana,pertenece a la categoria,Textile crafts -- Peru.
Tejidos enigmáticos de la Amazonía peruana,pertenece a la categoria,Textile crafts -- Amazon River Region.
Tejidos enigmáticos de la Amazonía peruana,pertenece a la categoria,Indians of South America -- Clothing -- Peru.
Tejidos enigmáticos de la Amazonía peruana,pertenece a la categoria,Indians of South America -- Clothing -- Amazon River Region.
Percanta,fue publicada en el año,2013
Machipharo,fue publicada en el año,2008
Perú incaico,fue publicada en el año,1988
Perú incaico,pertenece a la categoria,Incas
Perú incaico,pertenece a la categoria,Antiquities
"Túpac Yupanqui, descubridor de Oceanía",fue publicada en el año,2006
"Túpac Yupanqui, descubridor de Oceanía",pertenece a la categoria,Travel
"Túpac Yupanqui, descubridor de Oceanía",pertenece a la categoria,Incas
"Túpac Yupanqui, descubridor de Oceanía",pertenece a la categoria,Boats
"Túpac Yupanqui, descubridor de Oceanía",pertenece a la categoria,Discoveries in geography
"Túpac Yupanqui, descubridor de Oceanía",pertenece a la categoria,Explorers
"Túpac Yupanqui, descubridor de Oceanía",pertenece a la categoria,Discovery and exploration
Santa Rosa de Lima (Isabel Flores de Oliva),fue publicada en el año,2006
Memorias de un historiador,fue publicada en el año,2008
Memorias de un historiador,pertenece a la categoria,Historians
Memorias de un historiador,pertenece a la categoria,Biography
Túpac Yupanqui,fue publicada en el año,2017
Túpac Yupanqui,pertenece a la categoria,Incas
Túpac Yupanqui,pertenece a la categoria,History
La conquista del Perú,fue publicada en el año,1981
La conquista del Perú,pertenece a la categoria,History
La pacificación del Perú,fue publicada en el año,2011
La pacificación del Perú,pertenece a la categoria,History
"Pizarro, el marqués gobernador",fue publicada en el año,2011
"Pizarro, el marqués gobernador",pertenece a la categoria,Explorers
"Pizarro, el marqués gobernador",pertenece a la categoria,Biography
"Pizarro, el marqués gobernador",pertenece a la categoria,Governors
"Pizarro, el marqués gobernador",pertenece a la categoria,History
Los hijos del sol,fue publicada en el año,2005
Los hijos del sol,pertenece a la categoria,Incas -- Biography.
Pizarro,fue publicada en el año,2000
Pizarro,pertenece a la categoria,"Pizarro, Francisco, -- ca. 1475-1541."
Pizarro,pertenece a la categoria,Explorers -- Peru -- Biography.
Pizarro,pertenece a la categoria,Explorers -- Spain -- Biography.
Pizarro,pertenece a la categoria,Governors -- Peru -- Biography.
Pizarro,pertenece a la categoria,America -- Discovery and exploration -- Spanish.
Pizarro,pertenece a la categoria,"Peru -- History -- Conquest, 1522-1548."
Perú Pre-Incaico,fue publicada en el año,1969
Perú Pre-Incaico,pertenece a la categoria,Indians of South America -- Antiquities
Perú Pre-Incaico,pertenece a la categoria,Indians -- Origin
Perú Pre-Incaico,pertenece a la categoria,Peru -- History -- To 1548
El manual del varon infiel,fue publicada en el año,2003
El manual del varon infiel,pertenece a la categoria,Health & Fitness
El manual del varon infiel,pertenece a la categoria,Psychology
El manual del varon infiel,pertenece a la categoria,Spanish: Adult Nonfiction
El manual del varon infiel,pertenece a la categoria,Interpersonal Relations
El manual del varon infiel,pertenece a la categoria,"Health, Mind & Body / Sex"
El manual del varon infiel,pertenece a la categoria,Sexuality
Las tres mitades de Ino Moxo,fue publicada en el año,2011
Las tres mitades de Ino Moxo,pertenece a la categoria,Indian mythology
Las tres mitades de Ino Moxo,pertenece a la categoria,Amahuaca Indians
Las tres mitades de Ino Moxo,pertenece a la categoria,Hallucinogenic drugs and religious experience
Selección de poemas,fue publicada en el año,2012
Pedestal para nadie,fue publicada en el año,2010
Autodestrucción de los incas,fue publicada en el año,2007
Autodestrucción de los incas,pertenece a la categoria,Incas -- History
Autodestrucción de los incas,pertenece a la categoria,"Peru -- History -- Conquest, 1522-1548"
Autodestrucción de los incas,fue publicada en el año,2007
Cuando hablan los muertos,fue publicada en el año,2008
Demonio del monte y otros cuentos amazónicos,fue publicada en el año,2017
Gordas al amanecer,fue publicada en el año,2014
Salidas de emergencia,fue publicada en el año,2007
Khirkhilas de la sirena,fue publicada en el año,2017
El pez de oro,fue publicada en el año,2011
El pez de oro,fue publicada en el año,1987
Resurrección de los muertos,fue publicada en el año,2010
Resurrección de los muertos,pertenece a la categoria,Criticism and interpretation
El agua en la ciénaga,fue publicada en el año,2008
El narrador de historias,fue publicada en el año,2007
Vida cantada,fue publicada en el año,2017
Vida cantada,pertenece a la categoria,Peruvian Poets
Vida cantada,pertenece a la categoria,Biography
Carnaval de coplas cajamarquinas,fue publicada en el año,2009
La Flauta Kikiriki,fue publicada en el año,2005
La Flauta Kikiriki,pertenece a la categoria,Fairy Tales & Folklore - General
La Flauta Kikiriki,pertenece a la categoria,Juvenile Fiction
La Flauta Kikiriki,pertenece a la categoria,Spanish: Grades 1-2
Noé delirante,fue publicada en el año,1963
Breviario de Santa Inés,fue publicada en el año,2009
Yawarwayta,fue publicada en el año,2021
Urqukunaq qapariynin,fue publicada en el año,2010
El lugar de la crítica,fue publicada en el año,2016
El lugar de la crítica,pertenece a la categoria,Interviews
El lugar de la crítica,pertenece a la categoria,Peruvian literature
El lugar de la crítica,pertenece a la categoria,History and criticism
El lugar de la crítica,pertenece a la categoria,Intellectual life
Papeles de viento,fue publicada en el año,2019
Papeles de viento,pertenece a la categoria,Peruvian literature
Papeles de viento,pertenece a la categoria,History and criticism
Papeles de viento,pertenece a la categoria,Latin American literature
Papeles de viento,pertenece a la categoria,Peruvian Authors
Papeles de viento,pertenece a la categoria,Indians in literature
Crítica de la razón heterogénea,fue publicada en el año,2013
Crítica de la razón heterogénea,pertenece a la categoria,Peruvian literature
Crítica de la razón heterogénea,pertenece a la categoria,History and criticism
Crítica de la razón heterogénea,pertenece a la categoria,Latin American literature
Crítica de la razón heterogénea,pertenece a la categoria,Criticism and interpretation
Aves Sin Nido,fue publicada en el año,2014
Literatura peruana siglo XVI a siglo XX,fue publicada en el año,2000
Discurso en loor de la poesía,fue publicada en el año,1964
Discurso en loor de la poesía,pertenece a la categoria,Discurso en loor de la poesía.
Discurso en loor de la poesía,pertenece a la categoria,Poetry -- History and criticism.
Genaro,fue publicada en el año,2015
Genaro,pertenece a la categoria,Television
Genaro,pertenece a la categoria,Biography
Genaro,pertenece a la categoria,Television producers and directors
Genaro,pertenece a la categoria,Television broadcasting
Genaro,pertenece a la categoria,History
Memorias del futuro,fue publicada en el año,2017
Memorias del futuro,pertenece a la categoria,Friends and associates
Memorias del futuro,pertenece a la categoria,Travel
Memorias del futuro,pertenece a la categoria,Revolutionaries
Memorias del futuro,pertenece a la categoria,Politics and government
Memorias del futuro,pertenece a la categoria,Friendship
Los secretos de Elivra,fue publicada en el año,2014
Los secretos de Elivra,pertenece a la categoria,Secret service
Los secretos de Elivra,pertenece a la categoria,Peruvian Participation
Los secretos de Elivra,pertenece a la categoria,"World War, 1939-1945"
Los secretos de Elivra,pertenece a la categoria,British Espionage
Los secretos de Elivra,pertenece a la categoria,Espionage
Los secretos de Elivra,pertenece a la categoria,Biography
Los secretos de Elivra,pertenece a la categoria,Women spies
Estación final,fue publicada en el año,2010
Estación final,pertenece a la categoria,Concentration camps
Estación final,pertenece a la categoria,Jews
Estación final,pertenece a la categoria,German Prisoners and prisons
Estación final,pertenece a la categoria,Holocaust survivors
Estación final,pertenece a la categoria,"World War, 1939-1945"
Estación final,pertenece a la categoria,"Holocaust, Jewish (1939-1945)"
Estación final,pertenece a la categoria,Peruvians
Estación final,pertenece a la categoria,Biography
Estación final,pertenece a la categoria,Peruvian Personal narratives
Polvo en el viento,fue publicada en el año,2011
Polvo en el viento,pertenece a la categoria,Drug dealers
Polvo en el viento,pertenece a la categoria,Biography
Hijos de puta,fue publicada en el año,2011
Hijos de puta,pertenece a la categoria,Spanish American poetry
El libro de las sombras,fue publicada en el año,2012
La promesa de la democracia,fue publicada en el año,2011
La promesa de la democracia,pertenece a la categoria,Politics and government
La promesa de la democracia,pertenece a la categoria,Democracy
La revolución capitalista en el Perú,fue publicada en el año,2007
La revolución capitalista en el Perú,pertenece a la categoria,Capitalism -- Peru.
La revolución capitalista en el Perú,pertenece a la categoria,Social change -- Peru.
La revolución capitalista en el Perú,pertenece a la categoria,Peru -- Economic conditions -- 1968-
Los estados inviables,fue publicada en el año,2003
Los estados inviables,pertenece a la categoria,Economic Conditions
Los estados inviables,pertenece a la categoria,Business / Economics / Finance
Cultura y globalización,fue publicada en el año,2004
No hay mañana sin ayer,fue publicada en el año,2015
Conquistadores de un nuevo mundo,fue publicada en el año,1986
El surgimiento de sendero luminoso,fue publicada en el año,2014
El surgimiento de Sendero Luminoso,fue publicada en el año,1990
El surgimiento de Sendero Luminoso,pertenece a la categoria,Sendero Luminoso (Guerrilla group) -- History.
El surgimiento de Sendero Luminoso,pertenece a la categoria,Student movements -- Peru -- Ayacucho.
El surgimiento de Sendero Luminoso,pertenece a la categoria,Peru -- History -- 1968-1980.
El surgimiento de Sendero Luminoso,pertenece a la categoria,Ayacucho (Peru) -- Politics and government.
Las rondas campesinas y la derrota de Sendero Luminoso (Estudios de la sociedad rural),fue publicada en el año,1996
Los límites del milagro,fue publicada en el año,2014
Los límites del milagro,pertenece a la categoria,Rural Education
Los límites del milagro,pertenece a la categoria,Indians of South America
Los límites del milagro,pertenece a la categoria,Education
Los límites del milagro,pertenece a la categoria,Ethnic identity
Los límites del milagro,pertenece a la categoria,Community development
"Todos nos une, nada nos divide",fue publicada en el año,2015
"Todos nos une, nada nos divide",pertenece a la categoria,Human rights
"Todos nos une, nada nos divide",pertenece a la categoria,Social conditions
"Todos nos une, nada nos divide",pertenece a la categoria,Restorative justice
"Todos nos une, nada nos divide",pertenece a la categoria,Politics and government
"Todos nos une, nada nos divide",pertenece a la categoria,Right and left (Political science)
Para calmar la ira de los dioses,fue publicada en el año,2016
Para calmar la ira de los dioses,pertenece a la categoria,Anthropology
Para calmar la ira de los dioses,pertenece a la categoria,Culture
Para calmar la ira de los dioses,pertenece a la categoria,Arts and society
Para calmar la ira de los dioses,pertenece a la categoria,Peruvian literature
Para calmar la ira de los dioses,pertenece a la categoria,History and criticism
Para calmar la ira de los dioses,pertenece a la categoria,Civilization
Guerra de mudos,fue publicada en el año,2016
Guerra de mudos,pertenece a la categoria,Interviews
Guerra de mudos,pertenece a la categoria,Anthropologists
Jamás tan cerca arremetió lo lejos. Sendero luminoso y la violencia política (2015),fue publicada en el año,2015
¿De quién es la democracia?,fue publicada en el año,2015
¿De quién es la democracia?,pertenece a la categoria,Democracy
¿De quién es la democracia?,pertenece a la categoria,Politics and government
¿De quién es la democracia?,pertenece a la categoria,Political parties
¿De quién es la democracia?,pertenece a la categoria,Decentralization in government
Del mito de Inkarrí al mito del progreso,fue publicada en el año,2013
Del mito de Inkarrí al mito del progreso,pertenece a la categoria,Social change
Del mito de Inkarrí al mito del progreso,pertenece a la categoria,Cultural pluralism
Del mito de Inkarrí al mito del progreso,pertenece a la categoria,Group identity
Del mito de Inkarrí al mito del progreso,pertenece a la categoria,Rural-urban migration
Del mito de Inkarrí al mito del progreso,pertenece a la categoria,Indians of South America
Del mito de Inkarrí al mito del progreso,pertenece a la categoria,Cultural assimilation
Del mito de Inkarrí al mito del progreso,pertenece a la categoria,Social life and customs
Del mito de Inkarrí al mito del progreso,pertenece a la categoria,Migración interna
Del mito de Inkarrí al mito del progreso,pertenece a la categoria,Identidad cultural
Del mito de Inkarrí al mito del progreso,pertenece a la categoria,Diversidad cultural
Del mito de Inkarrí al mito del progreso,pertenece a la categoria,Interculturalidad
Saberes periféricos,fue publicada en el año,2007
Saberes periféricos,pertenece a la categoria,Anthropology -- Peru -- History -- 20th century
Saberes periféricos,pertenece a la categoria,Anthropology -- Latin America
El nacimiento de los otorongos,fue publicada en el año,2007
El surgimiento de Sendero Luminoso,fue publicada en el año,1990
"Heridas abiertas, derechos esquivos",fue publicada en el año,2014
"Heridas abiertas, derechos esquivos",pertenece a la categoria,Human rights
"Heridas abiertas, derechos esquivos",pertenece a la categoria,Collective memory
"Heridas abiertas, derechos esquivos",pertenece a la categoria,Peru. Comisión de la Verdad y Reconciliación
"Heridas abiertas, derechos esquivos",pertenece a la categoria,Truth commissions
"Heridas abiertas, derechos esquivos",pertenece a la categoria,Peru
"Heridas abiertas, derechos esquivos",pertenece a la categoria,Restorative justice
¿Cómo despertar a la bella durmiente?,fue publicada en el año,2014
¿Cómo despertar a la bella durmiente?,pertenece a la categoria,Anthropology
¿Cómo despertar a la bella durmiente?,pertenece a la categoria,Ethnology
¿Cómo despertar a la bella durmiente?,pertenece a la categoria,Indians of South America
El aprendiz de brujo y el curandero chino,fue publicada en el año,2014
El aprendiz de brujo y el curandero chino,pertenece a la categoria,Politics and government
El aprendiz de brujo y el curandero chino,pertenece a la categoria,Ethnic identity
El aprendiz de brujo y el curandero chino,pertenece a la categoria,Peasants
El aprendiz de brujo y el curandero chino,pertenece a la categoria,Indians of South America
El aprendiz de brujo y el curandero chino,pertenece a la categoria,Ethnic relations
El aprendiz de brujo y el curandero chino,pertenece a la categoria,Political participation
El aprendiz de brujo y el curandero chino,pertenece a la categoria,Political activity
El aprendiz de brujo y el curandero chino,pertenece a la categoria,Social movements
Antropología y antropólogos en el Perú,fue publicada en el año,2009
Antropología y antropólogos en el Perú,pertenece a la categoria,Anthropology
Antropología y antropólogos en el Perú,pertenece a la categoria,Study and teaching
Antropología y antropólogos en el Perú,pertenece a la categoria,Anthropologists
La década de la antipolítica,fue publicada en el año,2000
La década de la antipolítica,pertenece a la categoria,"Fujimori, Alberto."
La década de la antipolítica,pertenece a la categoria,"Montesinos Torres, Vladimiro."
La década de la antipolítica,pertenece a la categoria,Communication -- Political aspects -- Peru.
La década de la antipolítica,pertenece a la categoria,Memory -- Political aspects -- Peru.
La década de la antipolítica,pertenece a la categoria,Peru -- Politics and government -- 1980-
El surgimiento de Sendero Luminoso,fue publicada en el año,2010
El surgimiento de Sendero Luminoso,pertenece a la categoria,Politics and government
El surgimiento de Sendero Luminoso,pertenece a la categoria,Sendero Luminoso (Guerrilla group)
El surgimiento de Sendero Luminoso,pertenece a la categoria,Student movements
El surgimiento de Sendero Luminoso,pertenece a la categoria,History
Qué difícil es ser Dios,fue publicada en el año,2010
Qué difícil es ser Dios,pertenece a la categoria,Politics and government
Qué difícil es ser Dios,pertenece a la categoria,Sendero Luminoso (Guerrilla group)
Qué difícil es ser Dios,pertenece a la categoria,Political violence
Qué difícil es ser Dios,pertenece a la categoria,Violence
Qué difícil es ser Dios,pertenece a la categoria,History
De esto y aquello,fue publicada en el año,2006
Lexicografía,fue publicada en el año,2011
Lexicografía,pertenece a la categoria,Spanish language
Lexicografía,pertenece a la categoria,Lexicography
Lexicografía,pertenece a la categoria,Sociolinguistics
Cajonística y vallejística,fue publicada en el año,2009
Cajonística y vallejística,pertenece a la categoria,"Vallejo, César, -- 1892-1938 -- Criticism and interpretation"
Cajonística y vallejística,pertenece a la categoria,Cajón (Musical instrument)
Cajonística y vallejística,pertenece a la categoria,Spanish language -- Noun
Esmórgasbord,fue publicada en el año,2011
Miscelánea humanística,fue publicada en el año,2010
Miscelánea humanística,fue publicada en el año,2010
Loreto sostenible al 2021,fue publicada en el año,2013
Loreto sostenible al 2021,pertenece a la categoria,Sustainable development
Loreto sostenible al 2021,pertenece a la categoria,Economic conditions
Loreto sostenible al 2021,pertenece a la categoria,Economic forecasting
Amazonia probable y deseable,fue publicada en el año,2011
Amazonia probable y deseable,pertenece a la categoria,Sustainable development
Amazonia probable y deseable,pertenece a la categoria,Natural resources
Amazonia probable y deseable,pertenece a la categoria,Economic conditions
Amazonia probable y deseable,pertenece a la categoria,Environmental conditions
Amazonía peruana en 2021,fue publicada en el año,2010
Amazonía peruana en 2021,pertenece a la categoria,Economic policy
Amazonía peruana en 2021,pertenece a la categoria,Management
Amazonía peruana en 2021,pertenece a la categoria,Natural resources
Amazonía peruana en 2021,pertenece a la categoria,Environmental policy
Amazonía peruana en 2021,pertenece a la categoria,Infrastructure (Economics)
Amazonía peruana en 2021,pertenece a la categoria,Environmental impact analysis
El Perú fracturado,fue publicada en el año,2007
El Perú fracturado,pertenece a la categoria,Informal sector (Economics) -- Peru.
El Perú fracturado,pertenece a la categoria,Peru -- Economic conditions.
Dónde está el pirata?,fue publicada en el año,2009
Dónde está el pirata?,pertenece a la categoria,Copyright -- Motion pictures -- Peru
Dónde está el pirata?,pertenece a la categoria,Piracy (Copyright) -- Peru
Dónde está el pirata?,pertenece a la categoria,DVD-Video discs -- Peru
"Estrella de Lima Convertida en Sol Sobre Sus Tres Coronas, el B. Toribio Alfonso Mogrobexo, Su Segundo Arzobispo",fue publicada en el año,2023
Celebración,fue publicada en el año,2001
Antología,fue publicada en el año,1997
Maquillage,fue publicada en el año,2012
El diálogo infinito,fue publicada en el año,1995
El diálogo infinito,pertenece a la categoria,"Eielson, Jorge Eduardo -- Interviews."
El diálogo infinito,pertenece a la categoria,Artists -- Peru -- Interviews.
Habitación en Roma,fue publicada en el año,2008
Ptyx,fue publicada en el año,2008
Ptyx,pertenece a la categoria,"Eielson, Jorge Eduardo"
Poeta en Roma,fue publicada en el año,2009
Ceremonia comentada,fue publicada en el año,2010
Ceremonia comentada,pertenece a la categoria,Culture
Ceremonia comentada,pertenece a la categoria,Arts
Ceremonia comentada,pertenece a la categoria,Aesthetics
Ceremonia comentada,pertenece a la categoria,Modern Arts
El náufrago de la santa,fue publicada en el año,2013
El Perfil De La Palabra,fue publicada en el año,2004
El Perfil De La Palabra,pertenece a la categoria,Caribbean & Latin American
El Perfil De La Palabra,pertenece a la categoria,Literary Collections
El Perfil De La Palabra,pertenece a la categoria,Spanish: Adult Fiction
Mural,fue publicada en el año,2000
La novena maravilla,fue publicada en el año,2011
La novena maravilla,pertenece a la categoria,Sermons
La novena maravilla,pertenece a la categoria,Spanish Sermons
La novena maravilla,pertenece a la categoria,Catholic Church
El robo de Proserpina y sueño de Endimión,fue publicada en el año,2010
El robo de Proserpina y sueño de Endimión,pertenece a la categoria,Quechua drama
El robo de Proserpina y sueño de Endimión,pertenece a la categoria,Texts
El robo de Proserpina y sueño de Endimión,pertenece a la categoria,Criticism and interpretation
El robo de Proserpina y sueño de Endimión,pertenece a la categoria,Quechua language
Amar su propia muerte,fue publicada en el año,2011
Loreto,fue publicada en el año,2016
Loreto,pertenece a la categoria,History
La independencia del Perú en provincias,fue publicada en el año,2021
La independencia del Perú en provincias,pertenece a la categoria,History
La independencia del Perú en provincias,pertenece a la categoria,Social conditions
La independencia del Perú en provincias,pertenece a la categoria,Social conflict
La independencia del Perú en provincias,pertenece a la categoria,Histoire
La independencia del Perú en provincias,pertenece a la categoria,Conditions sociales
Amazonía del Perú,fue publicada en el año,2006
Amazonía del Perú,pertenece a la categoria,Maynas (Peru) -- History.
Amazonía del Perú,pertenece a la categoria,Peru -- History -- 1548-1820.
El proceso de negociaciones entre el Perú y el Ecuador (1995-1998) y los 20 años de los acuerdos de paz de Brasilia,fue publicada en el año,2019
El proceso de negociaciones entre el Perú y el Ecuador (1995-1998) y los 20 años de los acuerdos de paz de Brasilia,pertenece a la categoria,"Ecuador-Peru Conflict, 1995"
El proceso de negociaciones entre el Perú y el Ecuador (1995-1998) y los 20 años de los acuerdos de paz de Brasilia,pertenece a la categoria,Peace
El proceso de negociaciones entre el Perú y el Ecuador (1995-1998) y los 20 años de los acuerdos de paz de Brasilia,pertenece a la categoria,Boundaries
El proceso de negociaciones entre el Perú y el Ecuador (1995-1998) y los 20 años de los acuerdos de paz de Brasilia,pertenece a la categoria,Foreign relations
El proceso de negociaciones entre el Perú y el Ecuador (1995-1998) y los 20 años de los acuerdos de paz de Brasilia,pertenece a la categoria,Diplomatic relations
El proceso de negociaciones entre el Perú y el Ecuador (1995-1998) y los 20 años de los acuerdos de paz de Brasilia,pertenece a la categoria,Acta Presidencial de Brasilia
El proceso de negociaciones entre el Perú y el Ecuador (1995-1998) y los 20 años de los acuerdos de paz de Brasilia,pertenece a la categoria,Acta Presidencial de Brasilia (1998 October 26)
Los Rostros de La Plebe,fue publicada en el año,2001
Los Rostros de La Plebe,pertenece a la categoria,General
Los Rostros de La Plebe,pertenece a la categoria,History - General History
La agonía de Mariátegui,fue publicada en el año,1980
La agonía de Mariátegui,pertenece a la categoria,"Mariátegui, José Carlos, 1894-1930."
La agonía de Mariátegui,pertenece a la categoria,Communist International.
La agonía de Mariátegui,pertenece a la categoria,Communism -- Latin America.
Hablemos de cine,fue publicada en el año,2017
Hablemos de cine,pertenece a la categoria,Motion pictures
Hablemos de cine,pertenece a la categoria,Reviews
Grandes ilusiones,fue publicada en el año,2008
Grandes ilusiones,pertenece a la categoria,Motion pictures
Grandes ilusiones,pertenece a la categoria,History
Grandes ilusiones,pertenece a la categoria,Motion picture producers and directors
Grandes ilusiones,pertenece a la categoria,Film
El nuevo cine latinoamericano de los años sesenta,fue publicada en el año,2013
El nuevo cine latinoamericano de los años sesenta,pertenece a la categoria,Motion pictures
El nuevo cine latinoamericano de los años sesenta,pertenece a la categoria,History
Imitación de la vida,fue publicada en el año,2012
Imitación de la vida,pertenece a la categoria,Motion pictures
Imitación de la vida,pertenece a la categoria,History
Estadistica Del Estado Del perú en 1878 Á 1879 Publicada Por la Dirección Del Ramo...,fue publicada en el año,2023
Perú,fue publicada en el año,2008
Perú,pertenece a la categoria,"Short stories, Peruvian"
Perú,pertenece a la categoria,Peruvian fiction
Perú,fue publicada en el año,2018
Perú,pertenece a la categoria,Politics and government
Perú,pertenece a la categoria,Drug traffic
Perú,pertenece a la categoria,Violence
Perú,pertenece a la categoria,Democracy
Perú,pertenece a la categoria,Gewalt
Perú,pertenece a la categoria,Sendero Luminoso (Guerrilla group)
Desde el país de las sombras,fue publicada en el año,2009
Desde el país de las sombras,pertenece a la categoria,Politics and government
Desde el país de las sombras,pertenece a la categoria,Political prisoners
Desde el país de las sombras,pertenece a la categoria,Political violence
Desde el país de las sombras,pertenece a la categoria,History
El cielo de Capri,fue publicada en el año,2007
Guerra en la Selva,fue publicada en el año,2017
Derrumbre Del Castillo de Cocaina,fue publicada en el año,2017
Amor Entre DOS Fuegos,fue publicada en el año,2017
Amor Entre DOS Juegos,fue publicada en el año,2017
El nuevo indio,fue publicada en el año,1937
El nuevo indio,pertenece a la categoria,Indians of South America
El nuevo indio,pertenece a la categoria,Civilization
Diálogos de amor de León Hebreo,fue publicada en el año,2019
Diálogos de amor de León Hebreo,pertenece a la categoria,Love
Diálogos de amor de León Hebreo,pertenece a la categoria,Early works to 1800
Comentarios reales,fue publicada en el año,1968
Comentarios reales,pertenece a la categoria,Incas
Comentarios reales,pertenece a la categoria,History
Comentarios reales,pertenece a la categoria,Indians of South America
Comentarios reales,fue publicada en el año,1941
Comentarios reales,pertenece a la categoria,Incas
Comentarios reales,pertenece a la categoria,History
Comentarios reales,pertenece a la categoria,Indians of South America
Cronica de La Conquista,fue publicada en el año,1991
Cronica de La Conquista,pertenece a la categoria,Activity Books - General
Cronica de La Conquista,pertenece a la categoria,Children's Books/Ages 4-8 Fiction
Cronica de La Conquista,pertenece a la categoria,Children's Books/Ages 4-8 Nonfiction
Comentarios reales (Diferencias / Differences),fue publicada en el año,2006
Comentarios reales (Diferencias / Differences),pertenece a la categoria,South America - History
Comentarios reales (Diferencias / Differences),pertenece a la categoria,History
Comentarios reales (Diferencias / Differences),pertenece a la categoria,History - General History
Comentarios reales (Diferencias / Differences),pertenece a la categoria,Spanish: Adult Nonfiction
Comentarios reales (Diferencias / Differences),pertenece a la categoria,Europe - Spain & Portugal
Comentarios reales (Diferencias / Differences),pertenece a la categoria,Latin America - General
Comentarios reales (Diferencias / Differences),pertenece a la categoria,Spanish
Comentarios reales (Diferencias / Differences),pertenece a la categoria,Foreign Language Study-Spanish
Comentarios reales (Diferencias / Differences),pertenece a la categoria,History / Latin America
Comentarios reales (Diferencias / Differences),pertenece a la categoria,History-Europe - Spain & Portugal
Comentarios reales (Diferencias / Differences),pertenece a la categoria,Latin America - South America
Comentarios reales (Diferencias / Differences),pertenece a la categoria,General
Cuentos marginales,fue publicada en el año,2016
Diario a bordo de la corbeta Unión,fue publicada en el año,2008
Diario a bordo de la corbeta Unión,pertenece a la categoria,Unión (Corvette)
Diario a bordo de la corbeta Unión,pertenece a la categoria,"War of the Pacific, 1879-1884 -- Sources"
Diario a bordo de la corbeta Unión,pertenece a la categoria,Logbooks -- Peru -- History -- 19th century
Diario a bordo de la corbeta Unión,pertenece a la categoria,"Peru -- History, Naval -- 19th century -- Sources"
"Concentración bancaria en el Perú, 1997-2006",fue publicada en el año,2008
"Concentración bancaria en el Perú, 1997-2006",pertenece a la categoria,Banks and banking -- Peru -- History -- 20th century
"Concentración bancaria en el Perú, 1997-2006",pertenece a la categoria,Banks and banking -- Peru -- History -- 21st century
La dimensión de la piedra,fue publicada en el año,2010
Litoral,fue publicada en el año,2019
Comunidades de América Latina,fue publicada en el año,2015
Comunidades de América Latina,pertenece a la categoria,Indigenous peoples
Comunidades de América Latina,pertenece a la categoria,Violence against
Comunidades de América Latina,pertenece a la categoria,Indians of South America
Comunidades de América Latina,pertenece a la categoria,Indians of Central America
Memorias de un soldado desconocido,fue publicada en el año,2012
Memorias de un soldado desconocido,pertenece a la categoria,Politics and government
Memorias de un soldado desconocido,pertenece a la categoria,Child soldiers
Memorias de un soldado desconocido,pertenece a la categoria,Quechua Indians
Memorias de un soldado desconocido,pertenece a la categoria,Political violence
Memorias de un soldado desconocido,pertenece a la categoria,Sendero Luminoso (Guerrilla group)
Memorias de un soldado desconocido,pertenece a la categoria,Biography
Memorias de un soldado desconocido,pertenece a la categoria,History
El origen mercantilista de las instituciones en América Latina,fue publicada en el año,2005
Los desafíos a la sociedad abierta,fue publicada en el año,1999
Los desafíos a la sociedad abierta,pertenece a la categoria,International economic relations.
Los desafíos a la sociedad abierta,pertenece a la categoria,International trade -- Social aspects -- Latin America.
Los desafíos a la sociedad abierta,pertenece a la categoria,Latin America -- Economic conditions -- 1982-
Los desafíos a la sociedad abierta,pertenece a la categoria,Latin America -- Social conditions -- 1982-
Amusa,fue publicada en el año,2021
Walaycho Qorilazo,fue publicada en el año,2017
Walaycho Qorilazo,pertenece a la categoria,Journalists
Walaycho Qorilazo,pertenece a la categoria,Biography
Elegía Apu Inka Atawallpaman,fue publicada en el año,2014
Elegía Apu Inka Atawallpaman,pertenece a la categoria,Historia
Elegía Apu Inka Atawallpaman,pertenece a la categoria,Inkas
Elegía Apu Inka Atawallpaman,pertenece a la categoria,Reyes y soberanos
Elegía Apu Inka Atawallpaman,pertenece a la categoria,Literatura peruana
Elegía Apu Inka Atawallpaman,pertenece a la categoria,Historia y crítica
Elegía Apu Inka Atawallpaman,pertenece a la categoria,In literature
Elegía Apu Inka Atawallpaman,pertenece a la categoria,Quechua poetry
Elegía Apu Inka Atawallpaman,pertenece a la categoria,History and criticism
Elegía Apu Inka Atawallpaman,pertenece a la categoria,Poesía quechua
Elegía Apu Inka Atawallpaman,pertenece a la categoria,Resistencia indígena
Elegía Apu Inka Atawallpaman,pertenece a la categoria,Apu Inka Atawallpaman
La escuela de Cusco,fue publicada en el año,2005
Horas de lucha,fue publicada en el año,1908
Horas de lucha,pertenece a la categoria,Peru -- Politics and government -- 1829-1919.
Horas de lucha,pertenece a la categoria,Peru -- Social conditions.
Las dos patrias,fue publicada en el año,2017
Las dos patrias,pertenece a la categoria,Anarchism
Las dos patrias,pertenece a la categoria,Militarism
Pensamiento y librepensamiento,fue publicada en el año,2004
Manuel González Prada,fue publicada en el año,2009
Manuel González Prada,pertenece a la categoria,"González Prada, Manuel, -- 1844-1918 -- Political and social views"
Manuel González Prada,pertenece a la categoria,Peru -- Politics and government -- 1829-1919
"Ensayos, 1885-1916",fue publicada en el año,2009
El largo camino de Castilla,fue publicada en el año,2020
El largo camino de Castilla,pertenece a la categoria,Fiction
El largo camino de Castilla,pertenece a la categoria,Travel
El largo camino de Castilla,pertenece a la categoria,Presidents
Vallejo en los infiernos,fue publicada en el año,2009
Vallejo en los infiernos,pertenece a la categoria,Fiction
"Don Tuno, el señor de los cuerpos astrales",fue publicada en el año,2009
"Don Tuno, el señor de los cuerpos astrales",pertenece a la categoria,Shamanism
"Don Tuno, el señor de los cuerpos astrales",pertenece a la categoria,Magic
"Don Tuno, el señor de los cuerpos astrales",pertenece a la categoria,Shamans
"Don Tuno, el señor de los cuerpos astrales",pertenece a la categoria,Interviews
El veneno de la libertad,fue publicada en el año,2011
El veneno de la libertad,pertenece a la categoria,Popular culture
El veneno de la libertad,pertenece a la categoria,Civilization
El veneno de la libertad,pertenece a la categoria,Social conditions
Varias mujeres y un fantasma,fue publicada en el año,2011
Eterno Mateo,fue publicada en el año,2013
Cuentos para sobrevivir al fin del mundo,fue publicada en el año,2012
Cuentos para sobrevivir al fin del mundo,pertenece a la categoria,Peruvian Short stories
Cruce de fronteras,fue publicada en el año,2013
Cruce de fronteras,pertenece a la categoria,Spanish American fiction
Cruce de fronteras,pertenece a la categoria,Hispanic American fiction (Spanish)
Hablar con la santa muerte,fue publicada en el año,2013
El amor de Carmela,fue publicada en el año,2009
Vallejo en los infiernos,fue publicada en el año,2007
Quién no se llama Carlos!,fue publicada en el año,2009
Todos los poemas,fue publicada en el año,2019
Cuentos peruanos de la pandemia,fue publicada en el año,2021
Cuentos peruanos de la pandemia,pertenece a la categoria,COVID-19 (Disease)
Cuentos peruanos de la pandemia,pertenece a la categoria,Fiction
Cuentos peruanos de la pandemia,pertenece a la categoria,Peruvian Short stories
Poemas de Amor,fue publicada en el año,2018
Poemas de Amor,pertenece a la categoria,Romance literature
Selección de poesía peruana para niños,fue publicada en el año,2007
Poesía peruana para niños,fue publicada en el año,2001
"El cuento Peruano, 2001-2010",fue publicada en el año,2013
"El cuento Peruano, 2001-2010",pertenece a la categoria,Peruvian Short stories
"El cuento Peruano, 2001-2010",pertenece a la categoria,Peruvian fiction
Tradiciones de crimen y espanto de Ricardo Palma,fue publicada en el año,2007
Poesía peruana para niños,fue publicada en el año,2005
Poesía peruana para niños,pertenece a la categoria,"Children's poetry, Peruvian."
Claves para leer a César Vallejo,fue publicada en el año,2009
Claves para leer a César Vallejo,pertenece a la categoria,"Vallejo, César, -- 1892-1938 -- Criticism and interpretation"
Poetas peruanas de antología,fue publicada en el año,2009
Años decisivos de la narrativa peruana,fue publicada en el año,2008
Años decisivos de la narrativa peruana,pertenece a la categoria,Peruvian fiction -- 20th century -- History and criticism
Petroaudios,fue publicada en el año,2009
Petroaudios,pertenece a la categoria,Political corruption
Petroaudios,pertenece a la categoria,Politieke delicten
Petroaudios,pertenece a la categoria,Corruptie
Petroaudios,pertenece a la categoria,Olie-industrie
Petroaudios,pertenece a la categoria,Spionage
Petroaudios,pertenece a la categoria,Petróleos del Perú
Tren bala,fue publicada en el año,2009
La colision,fue publicada en el año,1999
Principio Del Arte,fue publicada en el año,2022
Rescate de la cerámica vidriada colonial cusqueña,fue publicada en el año,2016
Rescate de la cerámica vidriada colonial cusqueña,pertenece a la categoria,Peruvian Pottery
Javier Heraud en la literatura peruana,fue publicada en el año,2012
Acerca de la palabra ima n,fue publicada en el año,2020
"Sobre derechos, deberes y poder",fue publicada en el año,2017
"Sobre derechos, deberes y poder",pertenece a la categoria,Constitutional law
Ciclo de conferencias pensando el futuro,fue publicada en el año,2012
Ciclo de conferencias pensando el futuro,pertenece a la categoria,International economic relations
Ciclo de conferencias pensando el futuro,pertenece a la categoria,Congresses
Ciclo de conferencias pensando el futuro,pertenece a la categoria,Globalization
Ciclo de conferencias pensando el futuro,pertenece a la categoria,"Global Financial Crisis, 2008-2009"
Ciclo de conferencias pensando el futuro,pertenece a la categoria,Education
Cambio de régimen político,fue publicada en el año,1990
Cambio de régimen político,pertenece a la categoria,Executive power -- Chile -- Congresses.
Cambio de régimen político,pertenece a la categoria,Legislative power -- Chile -- Congresses.
Cambio de régimen político,pertenece a la categoria,Separation of powers -- Chile -- Congresses.
Cambio de régimen político,pertenece a la categoria,Chile -- Politics and government -- Congresses.
Poesía completa,fue publicada en el año,2007
Pararrayos de Dios,fue publicada en el año,2012
Cuentos incompletos,fue publicada en el año,2009
Memorial de Casa Grande,fue publicada en el año,2005
Rodolfo Hinostroza,fue publicada en el año,2009
[Pi]oetas,fue publicada en el año,2011
[Pi]oetas,pertenece a la categoria,Mathematics and literature
[Pi]oetas,pertenece a la categoria,Spanish poetry
[Pi]oetas,pertenece a la categoria,Spanish American poetry
Machu Picchu,fue publicada en el año,2011
Machu Picchu,pertenece a la categoria,Artistic Photography
Machu Picchu,pertenece a la categoria,Exhibitions
Machu Picchu,pertenece a la categoria,Black-and-white photography
Machu Picchu,pertenece a la categoria,Pictorial works
"Elogio de la luz, y otros amores",fue publicada en el año,2012
"Elogio de la luz, y otros amores",pertenece a la categoria,Motion pictures
"Elogio de la luz, y otros amores",pertenece a la categoria,Peru
"Elogio de la luz, y otros amores",pertenece a la categoria,Film criticism
Una grieta a lo sublime,fue publicada en el año,2006
Una grieta a lo sublime,pertenece a la categoria,"Rossellini, Roberto, -- 1906-1977"
Una grieta a lo sublime,pertenece a la categoria,Viaggio in Italia (Motion picture)
Buen Morir,fue publicada en el año,2024
De la Guerra Etnosanta a la Iglesia Tawantinsuyana,fue publicada en el año,2013
Ajuar Funerario/ Trousseau Funeral (Voces),fue publicada en el año,2005
Ajuar Funerario/ Trousseau Funeral (Voces),pertenece a la categoria,Short Stories (single author)
Ajuar Funerario/ Trousseau Funeral (Voces),pertenece a la categoria,Fiction
Ajuar Funerario/ Trousseau Funeral (Voces),pertenece a la categoria,Fiction - General
Ajuar Funerario/ Trousseau Funeral (Voces),pertenece a la categoria,Spanish: Adult Fiction
Ajuar Funerario/ Trousseau Funeral (Voces),pertenece a la categoria,Horror - General
Helarte De Amar / Freeze from Loving,fue publicada en el año,2006
Helarte De Amar / Freeze from Loving,pertenece a la categoria,Short Stories (single author)
Helarte De Amar / Freeze from Loving,pertenece a la categoria,Latin American Novel And Short Story
Helarte De Amar / Freeze from Loving,pertenece a la categoria,Fiction
Helarte De Amar / Freeze from Loving,pertenece a la categoria,Spanish: Adult Fiction
Libro de Mal Amor (Serie Roja Alfaguara),fue publicada en el año,2006
Libro de Mal Amor (Serie Roja Alfaguara),pertenece a la categoria,General
Libro de Mal Amor (Serie Roja Alfaguara),pertenece a la categoria,Short Stories (single author)
Libro de Mal Amor (Serie Roja Alfaguara),pertenece a la categoria,Fiction
Libro de Mal Amor (Serie Roja Alfaguara),pertenece a la categoria,Fiction - General
Libro de Mal Amor (Serie Roja Alfaguara),pertenece a la categoria,Spanish: Adult Fiction
Narrativa completa,fue publicada en el año,2015
Narrativa completa,pertenece a la categoria,Criticism and interpretation
Patíbulo para un caballo,fue publicada en el año,2019
Patíbulo para un caballo,pertenece a la categoria,Peruvian fiction
Manifiesto de las jodas,fue publicada en el año,2019
Faite,fue publicada en el año,2016
Montacerdos,fue publicada en el año,2006
Hueso duro y otros cuentos,fue publicada en el año,2006
Narradores peruanos de los ochenta,fue publicada en el año,2012
Narradores peruanos de los ochenta,pertenece a la categoria,Peruvian fiction
Narradores peruanos de los ochenta,pertenece a la categoria,Peruvian Short stories
¡Salvemos nuestro habitat!,fue publicada en el año,2013
Cabeza de Nube y las trampas del destierro,fue publicada en el año,2006
Esopo,fue publicada en el año,2007
Patíbulo para un caballo,fue publicada en el año,1989
El outsider,fue publicada en el año,2018
El outsider,pertenece a la categoria,Political corruption
El outsider,pertenece a la categoria,Politics and government
Secretos del túnel,fue publicada en el año,2007
Secretos del túnel,pertenece a la categoria,Movimiento Revolucionario Túpac Amaru
Secretos del túnel,pertenece a la categoria,Embassy takeovers -- Peru -- Lima
Secretos del túnel,pertenece a la categoria,Hostages -- Peru -- Lima
Secretos del túnel,pertenece a la categoria,Terrorism -- Peru -- Lima
El más vil de los ofidios,fue publicada en el año,2013
El pirata,fue publicada en el año,2011
El pirata,pertenece a la categoria,Popular music
El pirata,pertenece a la categoria,History and criticism
El pirata,pertenece a la categoria,Creoles
El pirata,pertenece a la categoria,Music
Tu mala canallada (Crónicas),fue publicada en el año,2014
Pa' bravo yo,fue publicada en el año,2011
Pa' bravo yo,pertenece a la categoria,Salsa (Music)
Pa' bravo yo,pertenece a la categoria,History and criticism
Las almas del purgatorio,fue publicada en el año,2012
Las almas del purgatorio,pertenece a la categoria,Diaries
Las almas del purgatorio,pertenece a la categoria,Women mystics
Las almas del purgatorio,pertenece a la categoria,Black Women
Las almas del purgatorio,pertenece a la categoria,Purgatory
Ensayos,fue publicada en el año,2009
Ensayos,pertenece a la categoria,Incas
Ensayos,pertenece a la categoria,Excavations (Archaeology) -- Peru
Ensayos,pertenece a la categoria,Peru -- History -- To 1548
Ensayos,pertenece a la categoria,Peru -- Antiquities
Cielo oscuro,fue publicada en el año,2012
El amor empieza en la carne,fue publicada en el año,2013
Cine andino,fue publicada en el año,2015
Cine andino,pertenece a la categoria,Motion pictures
Cine andino,pertenece a la categoria,Documentary films
Cine andino,pertenece a la categoria,In motion pictures
Caminan los Apus,fue publicada en el año,2012
Caminan los Apus,pertenece a la categoria,Peruvian literature
Caminan los Apus,pertenece a la categoria,History and criticism
Caminan los Apus,pertenece a la categoria,Quechua literature
Caminan los Apus,pertenece a la categoria,Literature and society
Caminan los Apus,pertenece a la categoria,Indians of South America
Caminan los Apus,pertenece a la categoria,Social life and customs
Caminan los Apus,pertenece a la categoria,Emigration and immigration
Escritura quechua en el Perú,fue publicada en el año,2011
Escritura quechua en el Perú,pertenece a la categoria,History and criticism
Escritura quechua en el Perú,pertenece a la categoria,Quechua poetry
Escritura quechua en el Perú,pertenece a la categoria,Quechua language
Escritura quechua en el Perú,pertenece a la categoria,Writing
Seguridad internacional,fue publicada en el año,2019
Tras la Guerra Fría,fue publicada en el año,2008
Tras la Guerra Fría,pertenece a la categoria,National security -- Southern Cone of South America
Tras la Guerra Fría,pertenece a la categoria,International relations
Tras la Guerra Fría,pertenece a la categoria,Geopolitics -- Southern Cone of South America
Tras la Guerra Fría,pertenece a la categoria,Southern Cone of South America -- Foreign relations
La cultura Chachapoyas,fue publicada en el año,2017
La cultura Chachapoyas,pertenece a la categoria,Chachapoya Indians
La cultura Chachapoyas,pertenece a la categoria,Antiquities
Los Chachapoyas,fue publicada en el año,2013
Los Chachapoyas,pertenece a la categoria,Chachapoya Indians
Los Chachapoyas,pertenece a la categoria,Antiquities
Los Chachapoyas,pertenece a la categoria,Indians of South America
Los Chachapoyas,pertenece a la categoria,History
Machu Picchu,fue publicada en el año,2005
Machu Picchu,pertenece a la categoria,Incas
Machu Picchu,pertenece a la categoria,Antiquities
Constructores de Kuélap y Pajatén--,fue publicada en el año,2009
Constructores de Kuélap y Pajatén--,pertenece a la categoria,Chachapoya Indians
Constructores de Kuélap y Pajatén--,pertenece a la categoria,Indians of South America
Constructores de Kuélap y Pajatén--,pertenece a la categoria,Antiquities
Categorías andinas para una aproximación al willakuy,fue publicada en el año,2014
Arte erotico en el antiguo Peru (Colección del Museo Arqueologico Rafael Larco Herrera),fue publicada en el año,1998
Los mochicas,fue publicada en el año,1938
Los mochicas,pertenece a la categoria,Mochica Indians.
Los mochicas,pertenece a la categoria,Indian art -- South America.
Los mochicas,pertenece a la categoria,Indians of South America -- Peru -- Art.
Los mochicas,pertenece a la categoria,Peru -- Antiquities.
Mateo Rosas de Oquendo. Obra completa y poemas relacionados,fue publicada en el año,2019
Mateo Rosas de Oquendo. Obra completa y poemas relacionados,pertenece a la categoria,Criticism and interpretation
Mateo Rosas de Oquendo. Obra completa y poemas relacionados,pertenece a la categoria,Verse satire
Mateo Rosas de Oquendo. Obra completa y poemas relacionados,pertenece a la categoria,Peruvian Satire
Sologuren,fue publicada en el año,2018
Sologuren,pertenece a la categoria,Peruvian poetry
La revolución gastronómica peruana,fue publicada en el año,2006
La revolución gastronómica peruana,pertenece a la categoria,Cooking
La revolución gastronómica peruana,pertenece a la categoria,Peruvian Cooking
La revolución gastronómica peruana,pertenece a la categoria,Cooks
La revolución gastronómica peruana,pertenece a la categoria,Interviews
La olla de cristal,fue publicada en el año,2012
La olla de cristal,pertenece a la categoria,Cooking
La olla de cristal,pertenece a la categoria,Peruvian Cooking
Vanguardistas,fue publicada en el año,2012
Vanguardistas,pertenece a la categoria,Peruvian literature
Vanguardistas,pertenece a la categoria,History and criticism
Vanguardistas,pertenece a la categoria,Experimental Literature
Vanguardistas,pertenece a la categoria,Avant-garde (Aesthetics)
Vanguardistas,pertenece a la categoria,History
Bodegón de bodegones,fue publicada en el año,2010
Bodegón de bodegones,pertenece a la categoria,Food in art
Bodegón de bodegones,pertenece a la categoria,Still-life painting
Bodegón de bodegones,pertenece a la categoria,History and criticism
Bodegón de bodegones,pertenece a la categoria,Peruvian Painting
Alcools,fue publicada en el año,2013
Tapen la tumba,fue publicada en el año,2009
Los Poetas En La Republica Del Poder,fue publicada en el año,2002
Los Poetas En La Republica Del Poder,pertenece a la categoria,General
Los Poetas En La Republica Del Poder,pertenece a la categoria,Education
Los Poetas En La Republica Del Poder,pertenece a la categoria,Spanish: Adult Nonfiction
"Orbitas, tertulias",fue publicada en el año,2006
Introducción a la pintura peruana del siglo XX,fue publicada en el año,1976
Introducción a la pintura peruana del siglo XX,pertenece a la categoria,"Painting, Peruvian -- 20th century."
Conchucos,fue publicada en el año,2007
Conchucos,pertenece a la categoria,Description and travel
Conchucos,pertenece a la categoria,Pictorial works
Reserva Comunal Amarakaeri,fue publicada en el año,2015
Reserva Comunal Amarakaeri,pertenece a la categoria,Indian reservations
Reserva Comunal Amarakaeri,pertenece a la categoria,Pictorial works
Reserva Comunal Amarakaeri,pertenece a la categoria,Indians of South America
Reserva Comunal Amarakaeri,pertenece a la categoria,Mashco Indians
Reserva Comunal Amarakaeri,pertenece a la categoria,Machiguenga Indians
Reserva Comunal Amarakaeri,pertenece a la categoria,Piro Indians (Peru)
La tierra prometida,fue publicada en el año,2008
La tierra prometida,pertenece a la categoria,Description and travel
La tierra prometida,pertenece a la categoria,Social life and customs
La tierra prometida,pertenece a la categoria,Pictorial works
Chachapoyas,fue publicada en el año,2002
Chachapoyas,pertenece a la categoria,Chachapoya Indians -- Antiquities.
Chachapoyas,pertenece a la categoria,Chachapoya Indians -- Antiquities -- Pictorial works.
Chachapoyas,pertenece a la categoria,Chachapoyas (Peru : Province) -- Antiquities.
Chachapoyas,pertenece a la categoria,Chachapoyas (Peru : Province) -- Antiquities -- Pictorial works.
Chicha peruana,fue publicada en el año,2008
Chicha peruana,pertenece a la categoria,Chicha -- Peru
Chicha peruana,pertenece a la categoria,Indians of South America -- Alcohol use -- Peru
Chicha peruana,pertenece a la categoria,Peru -- Social life and customs
Kantupata,fue publicada en el año,2009
La China Tudela y la panaca real,fue publicada en el año,2004
La expulsión del paraíso,fue publicada en el año,2006
Caín y Abel,fue publicada en el año,2010
Forjando Vanguardia Revolucionaria diarios y cartas                         .,fue publicada en el año,2013
La ruptura,fue publicada en el año,2011
Memorias Histórico-Físicas-apologéticas de la América Meridional Que a la Majestad Del Señor Don Carlos Iii...,fue publicada en el año,2023
Relatos,fue publicada en el año,2010
Ensayos,fue publicada en el año,2010
Miguel Grau,fue publicada en el año,2012
Miguel Grau,pertenece a la categoria,Biography
Miguel Grau,pertenece a la categoria,Admirals
Miguel Grau,pertenece a la categoria,Peru. Marina
Miguel Grau,pertenece a la categoria,Peru
Plaza de Acho,fue publicada en el año,2005
Plaza de Acho,pertenece a la categoria,"Plaza de Acho (Lima, Peru) -- History."
Plaza de Acho,pertenece a la categoria,Bull rings -- Peru -- Lima -- History.
Acuerdos comerciales de nueva generación de la Unión Europea,fue publicada en el año,2022
Acuerdos comerciales de nueva generación de la Unión Europea,pertenece a la categoria,Foreign trade regulation
Acuerdos comerciales de nueva generación de la Unión Europea,pertenece a la categoria,Trade regulation
Mirador indio,fue publicada en el año,2015
Mirador indio,pertenece a la categoria,Incas
"Rumbo incierto, destino desconocido",fue publicada en el año,2015
"Rumbo incierto, destino desconocido",pertenece a la categoria,Political corruption
"Rumbo incierto, destino desconocido",pertenece a la categoria,History
"Rumbo incierto, destino desconocido",pertenece a la categoria,Korruption
"Rumbo incierto, destino desconocido",pertenece a la categoria,Politics and government
"Rumbo incierto, destino desconocido",pertenece a la categoria,Politischer Wandel
Indigenismo y propuestas culturales,fue publicada en el año,1995
Siete ensayos de interpretación de la realidad peruana,fue publicada en el año,1965
Siete ensayos de interpretación de la realidad peruana,pertenece a la categoria,Civilization
La tarea americana,fue publicada en el año,2010
La tarea americana,pertenece a la categoria,Politics and government
La tarea americana,pertenece a la categoria,Social conditions
La tarea americana,pertenece a la categoria,Socialism
La tarea americana,pertenece a la categoria,Civilization
Siete ensayos de interpretación de la realidad peruana,fue publicada en el año,2007
Siete ensayos de interpretación de la realidad peruana,pertenece a la categoria,Condiciones sociales
Siete ensayos de interpretación de la realidad peruana,pertenece a la categoria,Civilización
Siete ensayos de interpretación de la realidad peruana,pertenece a la categoria,Civilization
Siete ensayos de interpretación de la realidad peruana,pertenece a la categoria,Condiciones económicas
Siete ensayos de interpretación de la realidad peruana,pertenece a la categoria,Economic conditions
Siete ensayos de interpretación de la realidad peruana,pertenece a la categoria,Social conditions
Siete ensayos de interpretación de la realidad peruana,pertenece a la categoria,Peruvian literature
Siete ensayos de interpretación de la realidad peruana,pertenece a la categoria,Literatura peruana
Siete ensayos de interpretación de la realidad peruana,fue publicada en el año,1963
Sueño de una Noche de Verano (Annotated) (Spanish Edition),fue publicada en el año,2021
Julio César,fue publicada en el año,2019
Dramas : ,fue publicada en el año,2023
Recuerdos de viaje a los Estados-Unidos de la America del norte (1857-1861),fue publicada en el año,1979
Recuerdos de viaje a los Estados-Unidos de la America del norte (1857-1861),pertenece a la categoria,United States -- Description and travel
Recuerdos de viaje a los Estados-Unidos de la America del norte (1857-1861),pertenece a la categoria,United States -- Civilization
Recuerdos de viaje a los Estados-Unidos de la America del norte (1857-1861),pertenece a la categoria,Cuba
El oculista,fue publicada en el año,2009
Indios dios runa,fue publicada en el año,2008
Los 100 Correos Electronicos Mas Poderosos Del Network Marketing,fue publicada en el año,2017
Marketing Viral,fue publicada en el año,2017
Los 100 Correos Electrónicos Más Poderosos Del Network Marketing,fue publicada en el año,2017
Secretos de Las Criptomonedas,fue publicada en el año,2017
Dominando YOUTUBE ADS,fue publicada en el año,2017
Dominando INSTAGRAM ADS,fue publicada en el año,2017
Dominando SOCIAL MEDIA,fue publicada en el año,2017
Dominando Youtube,fue publicada en el año,2017
Militancia educativa,fue publicada en el año,2015
Militancia educativa,pertenece a la categoria,Educational change
Los Cien Años de Francisco Miró Quesada Cantuarias : (Homenaje),fue publicada en el año,2018
Los Cien Años de Francisco Miró Quesada Cantuarias : (Homenaje),pertenece a la categoria,Philosophy
Reinvención de la democracia,fue publicada en el año,2010
Reinvención de la democracia,pertenece a la categoria,Democracy
Reinvención de la democracia,pertenece a la categoria,Political participation
Reinvención de la democracia,pertenece a la categoria,Representative government and representation
"Un misterio, una pasión",fue publicada en el año,2009
Aroma de gloria,fue publicada en el año,2005
Memoria de un naufragio,fue publicada en el año,2009
Hienas en la niebla,fue publicada en el año,2010
Travesías trifrontes,fue publicada en el año,2008
Travesías trifrontes,pertenece a la categoria,Peruvian drama
Travesías trifrontes,pertenece a la categoria,Peruvian drama -- 20th century -- History and criticism
Prestigio del amor,fue publicada en el año,2002
"Bolívar, libertador y enemigo N° 1 del Perú",fue publicada en el año,2007
"Bolívar, libertador y enemigo N° 1 del Perú",pertenece a la categoria,Relations with Peruvians
"Bolívar, libertador y enemigo N° 1 del Perú",pertenece a la categoria,Military History
"Bolívar, libertador y enemigo N° 1 del Perú",pertenece a la categoria,History
¡Todos contra la verdad!,fue publicada en el año,2014
¡Todos contra la verdad!,pertenece a la categoria,Human rights
¡Todos contra la verdad!,pertenece a la categoria,Political violence
¡Todos contra la verdad!,pertenece a la categoria,Reparations for historical injustices
¡Todos contra la verdad!,pertenece a la categoria,Terrorism
¡Todos contra la verdad!,pertenece a la categoria,Peru. Comisión de la Verdad y Reconciliación
¡Todos contra la verdad!,pertenece a la categoria,Peru
"Bolívar, libertador y enemigo no. 1 del Perú",fue publicada en el año,2007
"Bolívar, libertador y enemigo no. 1 del Perú",pertenece a la categoria,"Bolívar, Simón, -- 1783-1830"
"Bolívar, libertador y enemigo no. 1 del Perú",pertenece a la categoria,Military government -- Peru -- History
"Bolívar, libertador y enemigo no. 1 del Perú",pertenece a la categoria,Militarism -- Peru -- History
"Bolívar, libertador y enemigo no. 1 del Perú",pertenece a la categoria,"Peru -- History -- War of Independence, 1820-1829"
Suerte para todos,fue publicada en el año,1994
"Vargas Llosa, tal cual",fue publicada en el año,1998
"Vargas Llosa, tal cual",pertenece a la categoria,Politics and government
"Vargas Llosa, tal cual",pertenece a la categoria,Peruvian Authors
"Vargas Llosa, tal cual",pertenece a la categoria,Biography
"Vargas Llosa, tal cual",pertenece a la categoria,Politicians
"Réquiem por Perú, mi patria",fue publicada en el año,2004
"Réquiem por Perú, mi patria",pertenece a la categoria,Politics and government
"Réquiem por Perú, mi patria",pertenece a la categoria,Social conditions
"Réquiem por Perú, mi patria",pertenece a la categoria,Violence
"Réquiem por Perú, mi patria",pertenece a la categoria,Racism
Aimaras y sikuris,fue publicada en el año,2016
Aimaras y sikuris,pertenece a la categoria,Folk musicians
Aimaras y sikuris,pertenece a la categoria,Biography
Aimaras y sikuris,pertenece a la categoria,Folk music
Aimaras y sikuris,pertenece a la categoria,Aymara Folk songs
Aimaras y sikuris,pertenece a la categoria,Aymara Indians
Aimaras y sikuris,pertenece a la categoria,Music
Aimaras y sikuris,pertenece a la categoria,Siku
El tsunami electoral de 2013 en Chile,fue publicada en el año,2017
El tsunami electoral de 2013 en Chile,pertenece a la categoria,Elections
El tsunami electoral de 2013 en Chile,pertenece a la categoria,Political participation
El tsunami electoral de 2013 en Chile,pertenece a la categoria,Politics and government
"Democracia municipal en Chile, 1992-2012",fue publicada en el año,2012
"Democracia municipal en Chile, 1992-2012",pertenece a la categoria,Local elections
"Democracia municipal en Chile, 1992-2012",pertenece a la categoria,Municipal government
"Democracia municipal en Chile, 1992-2012",pertenece a la categoria,Citizen participation
"Democracia municipal en Chile, 1992-2012",pertenece a la categoria,Political participation
"Democracia municipal en Chile, 1992-2012",pertenece a la categoria,Politics and government
El genoma electoral chileno,fue publicada en el año,2009
El genoma electoral chileno,pertenece a la categoria,Voting -- Chile
El genoma electoral chileno,pertenece a la categoria,Elections -- Chile
El gobierno de Ricardo Lagos,fue publicada en el año,2006
El gobierno de Ricardo Lagos,pertenece a la categoria,"Lagos Escobar, Ricardo"
El gobierno de Ricardo Lagos,pertenece a la categoria,Chile -- Politics and government -- 1988-
El sismo electoral de 2009,fue publicada en el año,2010
El sismo electoral de 2009,pertenece a la categoria,Politics and government
El sismo electoral de 2009,pertenece a la categoria,Election
El sismo electoral de 2009,pertenece a la categoria,Presidential candidates
El sismo electoral de 2009,pertenece a la categoria,Presidents
El sismo electoral de 2009,pertenece a la categoria,Political campaigns
El sismo electoral de 2009,pertenece a la categoria,Political parties
Bicentenario Peru,fue publicada en el año,2021
Joyas de la BIblioteca Nacional del Perú,fue publicada en el año,2009
Joyas de la BIblioteca Nacional del Perú,pertenece a la categoria,Biblioteca Nacional (Peru)
Joyas de la BIblioteca Nacional del Perú,pertenece a la categoria,Bibliography
Joyas de la BIblioteca Nacional del Perú,pertenece a la categoria,Catalogs
Joyas de la BIblioteca Nacional del Perú,pertenece a la categoria,Rare books
Joyas de la BIblioteca Nacional del Perú,pertenece a la categoria,Early printed books
Las independencias,fue publicada en el año,2010
Las independencias,pertenece a la categoria,History
Traiciones peruanas,fue publicada en el año,2021
Traiciones peruanas,pertenece a la categoria,Postage stamps
Traiciones peruanas,pertenece a la categoria,History
Traiciones peruanas,pertenece a la categoria,National characteristics
Pacífico,fue publicada en el año,2017
Pacífico,pertenece a la categoria,"War of the Pacific, 1879-1884"
Pacífico,pertenece a la categoria,Fiction
Pacífico,pertenece a la categoria,Influence
Pacífico,pertenece a la categoria,Chilean Short stories
Pacífico,pertenece a la categoria,Peruvian Short stories
Pacífico,pertenece a la categoria,"Influence (Literary, artistic, etc.)"
Pacífico,pertenece a la categoria,War of the Pacific (1879-1884) fast (OCoLC)fst01170524
"Cia Perú, 1985",fue publicada en el año,2012
"Cia Perú, 1985",pertenece a la categoria,Fiction
"Cia Perú, 1985",pertenece a la categoria,Spy stories
"Cia Perú, 1985",pertenece a la categoria,Politics and government
"Cia Perú, 1985",pertenece a la categoria,United States. Central Intelligence Agency
"Cia Perú, 1985",pertenece a la categoria,United States
Peruanos de ficción,fue publicada en el año,2013
Peruanos de ficción,pertenece a la categoria,Latin Americans in literature
Peruanos de ficción,pertenece a la categoria,Peruvians
Peruanos de ficción,pertenece a la categoria,Literature
Peruanas ilustres,fue publicada en el año,2009
Pasajero en La Habana,fue publicada en el año,2017
Tsunami,fue publicada en el año,2012
Habrá que hacer algo mientras tanto,fue publicada en el año,2005
Asesinato en la gran ciudad del Cuzco,fue publicada en el año,2007
El guachimán y otras historias,fue publicada en el año,2008
Ojeada Histórica de la Revolucion Sud-Americana en Los Veinte años Que Precedieron Á la Independencia Del Perú,fue publicada en el año,2023
Obras completas,fue publicada en el año,2011
Obras completas,pertenece a la categoria,Political science
Obras completas,pertenece a la categoria,Philosophy
Obras completas,pertenece a la categoria,History
Archivo personal,fue publicada en el año,2014
Archivo personal,pertenece a la categoria,Journalism
Archivo personal,pertenece a la categoria,Peruvian literature
Archivo personal,pertenece a la categoria,Essays
Una locura razonable,fue publicada en el año,2014
Una locura razonable,pertenece a la categoria,Critics
Una locura razonable,pertenece a la categoria,Biography
Una locura razonable,pertenece a la categoria,Literary historians
José Miguel Oviedo,fue publicada en el año,1989
José Miguel Oviedo,pertenece a la categoria,Language readers
José Miguel Oviedo,pertenece a la categoria,19th century
José Miguel Oviedo,pertenece a la categoria,20th century
José Miguel Oviedo,pertenece a la categoria,Spanish American fiction
Poesía peruana,fue publicada en el año,2008
Dossier Vargas Llosa,fue publicada en el año,2007
Dossier Vargas Llosa,pertenece a la categoria,"Vargas Llosa, Mario, -- 1936- -- Criticism and interpretation."
Historia de la literatura hispanoamericana,fue publicada en el año,2001
La monarquía sin corona,fue publicada en el año,2015
La monarquía sin corona,pertenece a la categoria,Politics and government
Teatro completo,fue publicada en el año,2007
Poesía completa,fue publicada en el año,2013
Poesía completa,pertenece a la categoria,Experimental poetry
Poesía completa,pertenece a la categoria,Latin American poetry
Poesía completa,pertenece a la categoria,Polyrhythm
La línea de Chorrillos,fue publicada en el año,1894
Contacto Interdimensional,fue publicada en el año,1994
Contacto Interdimensional,pertenece a la categoria,Occultism
Contacto Interdimensional,pertenece a la categoria,Cults
Contacto Interdimensional,pertenece a la categoria,"New Age / Body, Mind & Spirit"
El Libro de los Guardianes y Vigilantes de Mundos,fue publicada en el año,1997
El Libro de los Guardianes y Vigilantes de Mundos,pertenece a la categoria,Eastern
El Libro de los Guardianes y Vigilantes de Mundos,pertenece a la categoria,Eastern - General
El Libro de los Guardianes y Vigilantes de Mundos,pertenece a la categoria,Philosophy
El Umbral Secreto,fue publicada en el año,1998
El Umbral Secreto,pertenece a la categoria,Eastern
El Umbral Secreto,pertenece a la categoria,Eastern - General
El Umbral Secreto,pertenece a la categoria,Philosophy
"Guias Extraterrestres, Los",fue publicada en el año,1993
"Guias Extraterrestres, Los",pertenece a la categoria,Occultism
"Guias Extraterrestres, Los",pertenece a la categoria,Cults
"Guias Extraterrestres, Los",pertenece a la categoria,"New Age / Body, Mind & Spirit"
La Antiprofecia,fue publicada en el año,2002
La Antiprofecia,pertenece a la categoria,Metaphysical Phenomena - General
La Antiprofecia,pertenece a la categoria,"New Age / Body, Mind & Spirit"
Los Guias Extraterrestres,fue publicada en el año,1993
Los Guias Extraterrestres,pertenece a la categoria,Eastern
Los Guias Extraterrestres,pertenece a la categoria,Eastern - General
Los Guias Extraterrestres,pertenece a la categoria,Philosophy
"Mensajeros del cosmos, Una Puerta hacia las Estrellas",fue publicada en el año,1999
"Mensajeros del cosmos, Una Puerta hacia las Estrellas",pertenece a la categoria,Eastern
"Mensajeros del cosmos, Una Puerta hacia las Estrellas",pertenece a la categoria,Eastern - General
"Mensajeros del cosmos, Una Puerta hacia las Estrellas",pertenece a la categoria,Philosophy
Una Insolita Invitacion,fue publicada en el año,2001
Una Insolita Invitacion,pertenece a la categoria,Eastern
Una Insolita Invitacion,pertenece a la categoria,Eastern - General
Una Insolita Invitacion,pertenece a la categoria,Philosophy
El juicio del siglo,fue publicada en el año,2017
El juicio del siglo,pertenece a la categoria,"Trials, litigation"
El juicio del siglo,pertenece a la categoria,Trials (Crimes against humanity)
El juicio del siglo,pertenece a la categoria,Trials (Political crimes and offenses)
La prueba penal,fue publicada en el año,2013
La prueba penal,pertenece a la categoria,Criminal Evidence
La prueba penal,pertenece a la categoria,Criminal procedure
Ande ; El Kollao,fue publicada en el año,2006
Libro de Emanuel,fue publicada en el año,2020
Razón de Amor,fue publicada en el año,2020
Iluminaciones en el Desierto,fue publicada en el año,2020
Mario Polar,fue publicada en el año,2007
Mario Polar,pertenece a la categoria,"Polar Ugarteche, Mario, -- 1912-1988."
Mario Polar,pertenece a la categoria,Christian democracy -- Peru.
Mario Polar,pertenece a la categoria,Peru -- Politics and government -- 20th century.
Cuarentena,fue publicada en el año,2020
Cuarentena,pertenece a la categoria,Quarantine
Cuarentena,pertenece a la categoria,Fiction
Cuarentena,pertenece a la categoria,COVID-19 (Disease)
27 relatos para resistir el temblor,fue publicada en el año,2017
27 relatos para resistir el temblor,pertenece a la categoria,Influence
27 relatos para resistir el temblor,pertenece a la categoria,Cartoons and comics
27 relatos para resistir el temblor,pertenece a la categoria,Rock musicians
27 relatos para resistir el temblor,pertenece a la categoria,Rock music
27 relatos para resistir el temblor,pertenece a la categoria,History and criticism
27 relatos para resistir el temblor,pertenece a la categoria,"Influence (Literary, artistic, etc.)"
27 relatos para resistir el temblor,pertenece a la categoria,Soda Stéreo (Musical group)
El sendero luminoso del placer,fue publicada en el año,2009
Cáceres,fue publicada en el año,2014
Cáceres,pertenece a la categoria,Generals
Cáceres,pertenece a la categoria,Biography
Cáceres,pertenece a la categoria,"War of the Pacific, 1879-1884"
Cáceres,pertenece a la categoria,Campaigns
Cáceres,pertenece a la categoria,Military campaigns
Cáceres,pertenece a la categoria,War of the Pacific (1879-1884) fast (uri) http://id.worldcat.org/fast/fst01170524
Lima,fue publicada en el año,2019
Lima,pertenece a la categoria,In literature
Lima,pertenece a la categoria,Peruvian literature
Lima,pertenece a la categoria,History and criticism
Lima,pertenece a la categoria,Intellectual life
Tres veces Miguel Gutiérrez,fue publicada en el año,2017
Tres veces Miguel Gutiérrez,pertenece a la categoria,Criticism and interpretation
Tres veces Miguel Gutiérrez,pertenece a la categoria,Interviews
Tres veces Miguel Gutiérrez,pertenece a la categoria,Peruvian Authors
Tres veces Miguel Gutiérrez,pertenece a la categoria,History and criticism
La caza del cuento,fue publicada en el año,2004
La caza del cuento,pertenece a la categoria,Short story
Narradores peruanos de los ochenta,fue publicada en el año,2012
Narradores peruanos de los ochenta,pertenece a la categoria,Peruvian fiction
Narradores peruanos de los ochenta,pertenece a la categoria,Peruvian Short stories
Selección natural,fue publicada en el año,2010
La tempestad que te desnuda,fue publicada en el año,2019
La tempestad que te desnuda,pertenece a la categoria,Women
La tempestad que te desnuda,pertenece a la categoria,Fiction
La tempestad que te desnuda,pertenece a la categoria,Violence in women
La tempestad que te desnuda,pertenece a la categoria,Dancers
La tempestad que te desnuda,pertenece a la categoria,Mujeres
La tempestad que te desnuda,pertenece a la categoria,Novela
La tempestad que te desnuda,pertenece a la categoria,Violencia
La tempestad que te desnuda,pertenece a la categoria,Bailarines
El rumor de las aguas mansas,fue publicada en el año,2013
Capricho en azul,fue publicada en el año,2020
Capricho en azul,pertenece a la categoria,Peruvian literature
Los inocentes,fue publicada en el año,1997
Malos elementos,fue publicada en el año,2012
Malos elementos,pertenece a la categoria,Social problems
Malos elementos,pertenece a la categoria,Fiction
Malos elementos,pertenece a la categoria,Corruption
Malos elementos,pertenece a la categoria,Spanish literature
Malos elementos,pertenece a la categoria,Literary collections
17 fantásticos cuentos peruanos,fue publicada en el año,2012
El cazador de dinosaurios,fue publicada en el año,2009
El color del camaleón,fue publicada en el año,2005
Cuentos Siniestros,fue publicada en el año,2015
Cuna de MIS Poemas,fue publicada en el año,2017
Socialismo andino,fue publicada en el año,2018
Socialismo andino,pertenece a la categoria,Socialism
"La obra peruanista de Léonce Angrand (1834-1838, 1847)",fue publicada en el año,2010
"La obra peruanista de Léonce Angrand (1834-1838, 1847)",pertenece a la categoria,Pintores franceses (Angrand)
"La obra peruanista de Léonce Angrand (1834-1838, 1847)",pertenece a la categoria,Descripciones y viajes
"La obra peruanista de Léonce Angrand (1834-1838, 1847)",pertenece a la categoria,Catalogues raisonnés
"La obra peruanista de Léonce Angrand (1834-1838, 1847)",pertenece a la categoria,Description and travel
"La obra peruanista de Léonce Angrand (1834-1838, 1847)",pertenece a la categoria,Catálogos
"La obra peruanista de Léonce Angrand (1834-1838, 1847)",pertenece a la categoria,Pintura francesa
Edgardo Rivera Martínez,fue publicada en el año,2006
Edgardo Rivera Martínez,pertenece a la categoria,"Rivera Martínez, Edgardo, -- 1933-"
Historia y leyenda de la tierra de Jauja,fue publicada en el año,2012
Historia y leyenda de la tierra de Jauja,pertenece a la categoria,History
Historia y leyenda de la tierra de Jauja,pertenece a la categoria,Folklore
Antología de la Amazonía del Perú,fue publicada en el año,2007
Antología de la Amazonía del Perú,pertenece a la categoria,Amazonas (Peru) -- History
Antología de la Amazonía del Perú,pertenece a la categoria,Amazonas (Peru) -- Description and travel
Antología de la Amazonía del Perú,pertenece a la categoria,Amazon River Region -- History
Antología de la Amazonía del Perú,pertenece a la categoria,Amazon River Region -- Description and travel
Revista americana,fue publicada en el año,2008
Revista americana,pertenece a la categoria,"Revista americana (Lima, Peru) -- History"
Revista americana,pertenece a la categoria,Peruvian periodicals -- History -- 19th century
Danzantes de la noche y de la muerte y otros relatos,fue publicada en el año,2006
Diario de Santa María,fue publicada en el año,2008
Diario de Santa María,pertenece a la categoria,Convents
Diario de Santa María,pertenece a la categoria,Cultural relations
Diario de Santa María,pertenece a la categoria,Teenage girls
Diario de Santa María,pertenece a la categoria,Fiction
Diario de Santa María,pertenece a la categoria,Female friendship
Cuentos del Ande y la neblina,fue publicada en el año,2008
Apuntes para una historia del teatro peruano,fue publicada en el año,2007
Apuntes para una historia del teatro peruano,pertenece a la categoria,Theater -- Peru -- History
Apuntes para una historia del teatro peruano,pertenece a la categoria,Performing arts -- Peru -- History
5 vidas,fue publicada en el año,2010
Lima freak,fue publicada en el año,2007
"Presencia, influencia y alcances",fue publicada en el año,2017
"Presencia, influencia y alcances",pertenece a la categoria,Chinese
"Presencia, influencia y alcances",pertenece a la categoria,History
"Presencia, influencia y alcances",pertenece a la categoria,Immigrants
"Presencia, influencia y alcances",pertenece a la categoria,Emigration and immigration
El ají peruano en sus regiones y pueblos,fue publicada en el año,2014
El ají peruano en sus regiones y pueblos,pertenece a la categoria,Peppers
El ají peruano en sus regiones y pueblos,pertenece a la categoria,Food habits
El ají peruano en sus regiones y pueblos,pertenece a la categoria,Nutritional anthropology
El ají peruano en sus regiones y pueblos,pertenece a la categoria,Cooking (Peppers)
La vida en el entorno del tamal peruano,fue publicada en el año,2007
La vida en el entorno del tamal peruano,pertenece a la categoria,Food habits -- Peru.
La vida en el entorno del tamal peruano,pertenece a la categoria,Tamales -- Peru.
La vida en el entorno del tamal peruano,pertenece a la categoria,"Cookery, Peruvian."
De tamales y tamaleros,fue publicada en el año,2006
De tamales y tamaleros,pertenece a la categoria,Food service -- Peru
De tamales y tamaleros,pertenece a la categoria,"Cookery, Peruvian"
De tamales y tamaleros,pertenece a la categoria,Peddling -- Peru
De tamales y tamaleros,pertenece a la categoria,Food habits -- Peru
De tamales y tamaleros,pertenece a la categoria,Small business -- Peru
Negritud,fue publicada en el año,2008
Negritud,pertenece a la categoria,Blacks -- Peru
Negritud,pertenece a la categoria,Peru -- Race relations
Hawansuyo ukun words,fue publicada en el año,2014
Hawansuyo ukun words,pertenece a la categoria,Peruvian literature
Hawansuyo ukun words,pertenece a la categoria,History and criticism
Hawansuyo ukun words,pertenece a la categoria,Quechua literature
Hawansuyo ukun words,pertenece a la categoria,Huaynos
Revelación en la Senda del Manzanar,fue publicada en el año,2014
Revelación en la Senda del Manzanar,pertenece a la categoria,Criticism and interpretation
Cuadernos de pasión y desasosiego,fue publicada en el año,2019
Cuadernos de pasión y desasosiego,pertenece a la categoria,Peruvian Authors
Cuadernos de pasión y desasosiego,pertenece a la categoria,Diaries
Contemplaciones,fue publicada en el año,2013
País sin nombre,fue publicada en el año,2011
El ferrocarril invisible,fue publicada en el año,2009
Suenan las campanas del Cusco,fue publicada en el año,2015
Lima la horrible y otros escritos,fue publicada en el año,2015
La ciudad como utopía,fue publicada en el año,2016
La ciudad como utopía,pertenece a la categoria,Criticism and interpretation
La odisea del libro en el Perú,fue publicada en el año,2021
La odisea del libro en el Perú,pertenece a la categoria,Peruvian literature
La odisea del libro en el Perú,pertenece a la categoria,History and criticism
La odisea del libro en el Perú,pertenece a la categoria,Peruvian essays
La odisea del libro en el Perú,pertenece a la categoria,Littérature péruvienne
La odisea del libro en el Perú,pertenece a la categoria,Histoire et critique
La odisea del libro en el Perú,pertenece a la categoria,Essais péruviens
La luz tras la memoria,fue publicada en el año,2014
Lima la horrible,fue publicada en el año,1968
Lima la horrible,pertenece a la categoria,Lima
Lima la horrible,pertenece a la categoria,Description and travel
Lima la horrible,pertenece a la categoria,History
El síndrome de Berlín,fue publicada en el año,2012
Eléctrico ardor,fue publicada en el año,2014
Terapia de grupo,fue publicada en el año,2010
Sensibilidad de frontera,fue publicada en el año,2014
Sensibilidad de frontera,pertenece a la categoria,Communication
Sensibilidad de frontera,pertenece a la categoria,Congresses
Sensibilidad de frontera,pertenece a la categoria,Popular culture
Resplandor de noviembre,fue publicada en el año,2012
Resplandor de noviembre,pertenece a la categoria,Friendship
Resplandor de noviembre,pertenece a la categoria,Fiction
Ventanas y habitaciones,fue publicada en el año,2014
Grito bajo el agua,fue publicada en el año,2013
El hombre de la azotea,fue publicada en el año,2008
Martín Chambi,fue publicada en el año,2007
Martín Chambi,pertenece a la categoria,Photographers
Martín Chambi,pertenece a la categoria,Biography
Al ras del suelo,fue publicada en el año,2012
Al ras del suelo,pertenece a la categoria,Exhibitions
Al ras del suelo,pertenece a la categoria,Documentary photography
Al ras del suelo,pertenece a la categoria,Portrait photography
Al ras del suelo,pertenece a la categoria,Artistic Photography
Balada de la Guerra de los Pobres,fue publicada en el año,2018
Redoble por rancas,fue publicada en el año,1974
Cantar De Agapito Robles/Revelation of Agapito Robles,fue publicada en el año,1983
Cantar De Agapito Robles/Revelation of Agapito Robles,pertenece a la categoria,Spanish
Cantar De Agapito Robles/Revelation of Agapito Robles,pertenece a la categoria,Foreign Language Study
Cantar De Agapito Robles/Revelation of Agapito Robles,pertenece a la categoria,Spanish: Adult Fiction
"Danza Inmovil, La - Volumen 7",fue publicada en el año,1999
"Danza Inmovil, La - Volumen 7",pertenece a la categoria,General
"Danza Inmovil, La - Volumen 7",pertenece a la categoria,Fiction - General
Homenaje a la palabra,fue publicada en el año,2008
Homenaje a la palabra,pertenece a la categoria,"Scorza, Manuel"
Homenaje a la palabra,pertenece a la categoria,"Scorza, Manuel -- Family"
Homenaje a la palabra,pertenece a la categoria,"Scorza, Manuel -- Friends and associates"
Homenaje a la palabra,pertenece a la categoria,"Authors, Peruvian -- 20th century -- Biography"
Homenaje a la palabra,pertenece a la categoria,"Poets, Peruvian -- 20th century -- Biography"
Obras completas de Manuel Scorza (La Creacion literaria),fue publicada en el año,1988
Redoble Por Rancas / Redouble By Uproots,fue publicada en el año,2004
Redoble Por Rancas / Redouble By Uproots,pertenece a la categoria,Latin American Novel And Short Story
Redoble Por Rancas / Redouble By Uproots,pertenece a la categoria,Fiction
Redoble Por Rancas / Redouble By Uproots,pertenece a la categoria,Spanish: Adult Fiction
Redoble Por Rancas / Redouble By Uproots,pertenece a la categoria,Psychological
Obras Completas de Manuel Scorza,fue publicada en el año,1900
Redoble por rancas,fue publicada en el año,1970
La tumba del relámpago,fue publicada en el año,1988
De nuevo te nombro,fue publicada en el año,2016
Mirada escrita,fue publicada en el año,2020
The end,fue publicada en el año,2013
Vacío,fue publicada en el año,2002
Perú Bizarro,fue publicada en el año,2022
K. O. P.P.K.,fue publicada en el año,2019
Obras incompletas,fue publicada en el año,2009
Al andar del camino,fue publicada en el año,2004
Al andar del camino,pertenece a la categoria,Spanish American poetry -- 20th century -- History and criticism
Al andar del camino,pertenece a la categoria,Peruvian poetry -- 20th century -- History and criticism
Al andar del camino,pertenece a la categoria,Poetry -- 20th century -- History and criticism
"Rumor del Origen, El",fue publicada en el año,1993
¿Chaymantaqá? ¿Y después?,fue publicada en el año,2016
¿Chaymantaqá? ¿Y después?,pertenece a la categoria,Quechua language
¿Chaymantaqá? ¿Y después?,pertenece a la categoria,Composition and exercises
¿Chaymantaqá? ¿Y después?,pertenece a la categoria,Grammar
Runasimi-kastillanu-inlis llamkaymanaq qullqa,fue publicada en el año,2012
Runasimi-kastillanu-inlis llamkaymanaq qullqa,pertenece a la categoria,Quechua language
Runasimi-kastillanu-inlis llamkaymanaq qullqa,pertenece a la categoria,Dictionaries
Runasimi-kastillanu-inlis llamkaymanaq qullqa,pertenece a la categoria,Dialects
Runasimi-kastillanu-inlis llamkaymanaq qullqa,pertenece a la categoria,Spanish
Runasimi-kastillanu-inlis llamkaymanaq qullqa,pertenece a la categoria,English
Runasimi-kastillanu-inlis llamkaymanaq qullqa,pertenece a la categoria,Spanish language
Runasimi-kastillanu-inlis llamkaymanaq qullqa,pertenece a la categoria,Quechua
Runasimi-kastillanu-inlis llamkaymanaq qullqa,pertenece a la categoria,English language
"Quechua, manual de enseñanza",fue publicada en el año,1979
"Quechua, manual de enseñanza",pertenece a la categoria,Quechua language -- Textbooks for foreign speakers -- Spanish.
"Yo, Pedro",fue publicada en el año,2013
El enigma de Machupicchu,fue publicada en el año,2011
Nuevo compendio de historia del Perú,fue publicada en el año,1995
Nuevo compendio de historia del Perú,pertenece a la categoria,History
Bicentenarios de la Independencia del Perú,fue publicada en el año,2017
Bicentenarios de la Independencia del Perú,pertenece a la categoria,History
Bicentenarios de la Independencia del Perú,pertenece a la categoria,War of Independence (Peru : 1820-1829) fast (OCoLC)fst01355292 (uri) http://id.worldcat.org/fast/fst01355292
Historia de los Tamayo del Perú,fue publicada en el año,2011
Historia de los Tamayo del Perú,pertenece a la categoria,Genealogy
"Financiamiento, distribución y márketing del cine peruano",fue publicada en el año,2008
"Financiamiento, distribución y márketing del cine peruano",pertenece a la categoria,Motion picture industry -- Peru
"Arquitectura de Lima, 1910-1950",fue publicada en el año,2010
"Arquitectura de Lima, 1910-1950",pertenece a la categoria,"Buildings, structures"
"Arquitectura de Lima, 1910-1950",pertenece a la categoria,Architecture
"Arquitectura de Lima, 1910-1950",pertenece a la categoria,Pictorial works
"Arquitectura de Lima, 1910-1950",pertenece a la categoria,History
150 artículos sobre el Perú,fue publicada en el año,2018
150 artículos sobre el Perú,pertenece a la categoria,Peruvian literature
150 artículos sobre el Perú,pertenece a la categoria,History and criticism
150 artículos sobre el Perú,pertenece a la categoria,Civilization
La industria de la conciencia,fue publicada en el año,2017
La industria de la conciencia,pertenece a la categoria,Internet
La industria de la conciencia,pertenece a la categoria,Social aspects
La industria de la conciencia,pertenece a la categoria,Mass media
La industria de la conciencia,pertenece a la categoria,Freedom of information
La industria de la conciencia,pertenece a la categoria,Information policy
"Dioses, diablos y fieras",fue publicada en el año,2013
"Dioses, diablos y fieras",pertenece a la categoria,Journalism
"Dioses, diablos y fieras",pertenece a la categoria,History
El nuevo progresismo en América Latina,fue publicada en el año,2009
El nuevo progresismo en América Latina,pertenece a la categoria,Liberalism -- Latin America
El nuevo progresismo en América Latina,pertenece a la categoria,Democracy -- Latin America
El nuevo progresismo en América Latina,pertenece a la categoria,Latin America -- Politics and government -- 1980-
Lima por dentro y fuera,fue publicada en el año,1797
Lima por dentro y fuera,pertenece a la categoria,Description and travel
Lima por dentro y fuera,pertenece a la categoria,Poetry
Lima por dentro y fuera,pertenece a la categoria,Social life and customs
Lima por dentro y fuera,pertenece a la categoria,Poetry of places
Lima por dentro y fuera,fue publicada en el año,2011
Pasajeros perdurables,fue publicada en el año,2006
Pasajeros perdurables,pertenece a la categoria,"Exiles' writings, Peruvian."
Un lugar llamado Oreja de Perro,fue publicada en el año,2008
Un lugar llamado Oreja de Perro,fue publicada en el año,2008
Bibliografía literaria de la revolución mexicana,fue publicada en el año,2013
Bibliografía literaria de la revolución mexicana,pertenece a la categoria,History
Bibliografía literaria de la revolución mexicana,pertenece a la categoria,Bibliography
Bibliografía literaria de la revolución mexicana,pertenece a la categoria,Mexican literature
Yucatán 1517,fue publicada en el año,2018
Yucatán 1517,pertenece a la categoria,Discovery and exploration
Yucatán 1517,pertenece a la categoria,Explorers
Yucatán 1517,pertenece a la categoria,History
Yucatán 1517,pertenece a la categoria,Discoveries in geography
Flores amarillas,fue publicada en el año,2013
Toque de queda,fue publicada en el año,2008
Guerra del Pacífico,fue publicada en el año,2012
Guerra del Pacífico,pertenece a la categoria,Soldiers
Guerra del Pacífico,pertenece a la categoria,Biography
Guerra del Pacífico,pertenece a la categoria,"Arica, Battle of, Arica, Chile, 1880"
Guerra del Pacífico,pertenece a la categoria,"War of the Pacific, 1879-1884"
Vicios públicos,fue publicada en el año,2005
Vicios públicos,pertenece a la categoria,Corruption -- Peru -- Congresses.
Vicios públicos,pertenece a la categoria,Political corruption -- Peru -- Congresses.
El Falso Dilema,fue publicada en el año,1997
El Falso Dilema,pertenece a la categoria,Economic History
El Falso Dilema,pertenece a la categoria,Business & Economics
El Falso Dilema,pertenece a la categoria,Spanish: Adult Nonfiction
Historia Critica del FMI,fue publicada en el año,2010
La ola que arrasó España,fue publicada en el año,2013
La ola que arrasó España,pertenece a la categoria,Corrupt practices
La ola que arrasó España,pertenece a la categoria,Housing development
Los zapatos de cordobán,fue publicada en el año,2012
Los zapatos de cordobán,pertenece a la categoria,Peruvian fiction
Hilvanes,fue publicada en el año,2012
Guerras físicas,fue publicada en el año,2013
"Guerras físicas, proezas medicales, hazañas de la ignorancia",fue publicada en el año,2013
"Guerras físicas, proezas medicales, hazañas de la ignorancia",pertenece a la categoria,Physicians
"Guerras físicas, proezas medicales, hazañas de la ignorancia",pertenece a la categoria,Peruvian Verse satire
"Guerras físicas, proezas medicales, hazañas de la ignorancia",pertenece a la categoria,Poetry
"Guerras físicas, proezas medicales, hazañas de la ignorancia",pertenece a la categoria,Malpractice
"Guerras físicas, proezas medicales, hazañas de la ignorancia",pertenece a la categoria,Physicians in literature
Vetas literarias,fue publicada en el año,2022
Gaviero,fue publicada en el año,2014
Gaviero,pertenece a la categoria,Criticism and interpretation
Dietario de posguerra,fue publicada en el año,1998
Dietario de posguerra,pertenece a la categoria,Modern fiction
Dietario de posguerra,pertenece a la categoria,General
Dietario de posguerra,pertenece a la categoria,Literature - Classics / Criticism
La biblioteca del Inca Garcilaso de la Vega,fue publicada en el año,2015
¡Nunca más!,fue publicada en el año,2015
¡Nunca más!,pertenece a la categoria,Political violence
¡Nunca más!,pertenece a la categoria,History
¡Nunca más!,pertenece a la categoria,Pictorial works
¡Nunca más!,pertenece a la categoria,State-sponsored terrorism
¡Nunca más!,pertenece a la categoria,Victims of state-sponsored terrorism
¡Nunca más!,pertenece a la categoria,Politics and government
¡Nunca más!,pertenece a la categoria,Terrorism
¡Nunca más!,pertenece a la categoria,Sendero Luminoso (Guerrilla group)
Las cartas del Boom,fue publicada en el año,2023
La Tia Julia Y El Escribidor,fue publicada en el año,2002
Tía Julia y el Escribidor,fue publicada en el año,2015
País de Las Mil Caras : Escritos Sobre el perú / a Country of a Thousand Faces,fue publicada en el año,2024
José Gregorio Paredes (1778-1839),fue publicada en el año,2019
José Gregorio Paredes (1778-1839),pertenece a la categoria,Politicians
José Gregorio Paredes (1778-1839),pertenece a la categoria,Biography
José Gregorio Paredes (1778-1839),pertenece a la categoria,Scientists
José Gregorio Paredes (1778-1839),pertenece a la categoria,Emblems
José Gregorio Paredes (1778-1839),pertenece a la categoria,History
Sobre Ricardo Palma,fue publicada en el año,2019
Apuntes para una historiografía de la literatura peruana republicana del siglo XIX,fue publicada en el año,2010
Apuntes para una historiografía de la literatura peruana republicana del siglo XIX,pertenece a la categoria,Peruvian literature
Apuntes para una historiografía de la literatura peruana republicana del siglo XIX,pertenece a la categoria,History and criticism
Perú y Ecuador,fue publicada en el año,1999
Perú y Ecuador,pertenece a la categoria,Peru -- Boundaries -- Ecuador.
Perú y Ecuador,pertenece a la categoria,Ecuador -- Boundaries -- Peru.
El periodismo en la historia del Perú,fue publicada en el año,2008
El periodismo en la historia del Perú,pertenece a la categoria,Journalism -- Peru -- History
Los procesos de producción artística,fue publicada en el año,2005
Los procesos de producción artística,pertenece a la categoria,"Creation (Literary, artistic, etc.)"
Los procesos de producción artística,pertenece a la categoria,Creative ability
Diario de viaje,fue publicada en el año,2016
Bodegón,fue publicada en el año,2017
T3or14 d3 los c4mb1os,fue publicada en el año,2009
La máquina del crepús/culo,fue publicada en el año,2012
Ángel con Laúd Sideral,fue publicada en el año,2013
Teorema del anarquista ilustrado,fue publicada en el año,2009
Proyecto Del Codigo Eclesiastico ... ...,fue publicada en el año,2023
Las Almas Penan Por Amor,fue publicada en el año,2019
Galería de Retratos de Los Gobernadores y Virreyes Del Perú (1532-1824),fue publicada en el año,2022
Cantuta,fue publicada en el año,2010
Cantuta,pertenece a la categoria,Exhibitions
Cantuta,pertenece a la categoria,Political violence in art
Cantuta,pertenece a la categoria,Students
Cantuta,pertenece a la categoria,Crimes against
Cantuta,pertenece a la categoria,Estudiantes
Cantuta,pertenece a la categoria,Crimen contra
Cantuta,pertenece a la categoria,"Universidad Nacional de Educación ""Enrique Guzmán y Valle"""
Cantuta,pertenece a la categoria,Universidad Nacional Enrique Guzmán y Valle (Chosica)
Letra y música de María Wiesse,fue publicada en el año,2014
Letra y música de María Wiesse,pertenece a la categoria,Peruvian Authors
Letra y música de María Wiesse,pertenece a la categoria,Critics
Letra y música de María Wiesse,pertenece a la categoria,Biography
Wiesse,fue publicada en el año,2008
Wiesse,pertenece a la categoria,Exhibitions
Wiesse,pertenece a la categoria,Peruvian Painting
Wiesse,pertenece a la categoria,Peruvian Sculpture
Wiesse,fue publicada en el año,2008
Wiesse,pertenece a la categoria,"Wiesse, Ricardo, -- 1954- -- Exhibitions"
Wiesse,fue publicada en el año,2005
Wiesse,pertenece a la categoria,"Wiesse, Ricardo, -- 1954- -- Catalogs."
Wiesse,pertenece a la categoria,"Wiesse, Ricardo, -- 1954- -- Written works."
El Senador Ricardo Palma y otros estudios,fue publicada en el año,2011
El Senador Ricardo Palma y otros estudios,pertenece a la categoria,Peruvian Authors
El Senador Ricardo Palma y otros estudios,pertenece a la categoria,Biography
El Senador Ricardo Palma y otros estudios,pertenece a la categoria,Librarians
El Senador Ricardo Palma y otros estudios,pertenece a la categoria,Statesmen
Francisco Bolognesi,fue publicada en el año,2014
Francisco Bolognesi,pertenece a la categoria,Soldiers
Francisco Bolognesi,pertenece a la categoria,"War of the Pacific, 1879-1884"
Francisco Bolognesi,pertenece a la categoria,Biography
Periodistas peruanos del siglo XX,fue publicada en el año,2008
Periodistas peruanos del siglo XX,pertenece a la categoria,Journalists -- Peru -- Biography.
Periodistas peruanos del siglo XX,pertenece a la categoria,Journalism -- Peru -- History -- 20th century.
"Andrés Avelino Cáceres, héroe de la resistencia",fue publicada en el año,2009
"Andrés Avelino Cáceres, héroe de la resistencia",pertenece a la categoria,"Cáceres, Andrés Avelino, -- 1836-1923"
"Andrés Avelino Cáceres, héroe de la resistencia",pertenece a la categoria,"War of the Pacific, 1879-1884"
"Andrés Avelino Cáceres, héroe de la resistencia",pertenece a la categoria,Ate-Vitarte (Peru) -- History -- 19th century
El gozo de las letras III,fue publicada en el año,2012
El gozo de las letras III,pertenece a la categoria,Peruvian literature
El gozo de las letras III,pertenece a la categoria,History and criticism
El gozo de las letras III,pertenece a la categoria,Modern Literature
Ancash,fue publicada en el año,2010
El mar no cesa,fue publicada en el año,2019
El mar no cesa,pertenece a la categoria,Peruvian poetry
El mar no cesa,pertenece a la categoria,Peruvian literature
Siwarcito,fue publicada en el año,2013
La noche y sus aullidos,fue publicada en el año,2011
La aldea encantada,fue publicada en el año,1973
La aldea encantada,fue publicada en el año,1973
los ojos de judas,fue publicada en el año,2003
los ojos de judas,pertenece a la categoria,Caribbean & Latin American
los ojos de judas,pertenece a la categoria,Literary Collections
los ojos de judas,pertenece a la categoria,Spanish: Adult Fiction
Epistolario de Abraham Valdelomar,fue publicada en el año,2007
Epistolario de Abraham Valdelomar,pertenece a la categoria,"Authors, Peruvian -- Correspondence"
La aldea encantada,fue publicada en el año,2008
Medio siglo de literatura española,fue publicada en el año,2006
10 relatos de amor,fue publicada en el año,1995
10 relatos de amor,pertenece a la categoria,Short Stories (single author)
10 relatos de amor,pertenece a la categoria,Fiction - General
Historias médicas,fue publicada en el año,2001
Historias médicas,pertenece a la categoria,Short Stories (single author)
Historias médicas,pertenece a la categoria,Fiction
Historias médicas,pertenece a la categoria,Fiction - General
Historias médicas,pertenece a la categoria,Spanish: Adult Fiction
Historias médicas,pertenece a la categoria,Literary
Martín Chambi,fue publicada en el año,2007
Martín Chambi,pertenece a la categoria,Photographers
Martín Chambi,pertenece a la categoria,Biography
Madrid Mirada,fue publicada en el año,2008
Madrid Mirada,pertenece a la categoria,Artists
Madrid Mirada,pertenece a la categoria,Exhibitions
Madrid Mirada,pertenece a la categoria,Photographers
Madrid Mirada,pertenece a la categoria,Installations (Art)
Madrid Mirada,pertenece a la categoria,Art and photography
Madrid Mirada,pertenece a la categoria,Photography in art
Madrid Mirada,pertenece a la categoria,Photography
Madrid Mirada,pertenece a la categoria,Artistic Photography
Madrid Mirada,pertenece a la categoria,Video art
"Premio FIL de Literatura en Lenguas Romances, Alfredo Bryce Echenique 2012",fue publicada en el año,2012
"Premio FIL de Literatura en Lenguas Romances, Alfredo Bryce Echenique 2012",pertenece a la categoria,Criticism and interpretation
Goig,fue publicada en el año,1987
Goig,pertenece a la categoria,Dogs
Goig,pertenece a la categoria,Juvenile fiction
Goig,pertenece a la categoria,Fiction
Goig,pertenece a la categoria,"Children's stories, Spanish American"
Una vida de novela,fue publicada en el año,2010
Una vida de novela,pertenece a la categoria,Peruvian Authors
Una vida de novela,pertenece a la categoria,Interviews
Una vida de novela,pertenece a la categoria,Escritores peruanos
Una vida de novela,pertenece a la categoria,Entrevistas
Una vida de novela,pertenece a la categoria,Autores peruanos
Del humor quevedesco a la ironía cervantina,fue publicada en el año,2006
Crónicas personales,fue publicada en el año,1988
Crónicas perdidas,fue publicada en el año,2001
Cuentos completos,fue publicada en el año,1981
Entre la soledad y el amor,fue publicada en el año,2005
Penúltimos escritos,fue publicada en el año,2009
Muerte de Sevilla en Madrid,fue publicada en el año,1994
A vuelo de buen cubero y otras crónicas,fue publicada en el año,1977
A vuelo de buen cubero y otras crónicas,pertenece a la categoria,Southern States -- Civilization -- 20th century.
La última mudanza de Felipe Carrillo,fue publicada en el año,1988
Permiso para sentir,fue publicada en el año,2005
Permiso para sentir,pertenece a la categoria,Peruvian Authors
Permiso para sentir,pertenece a la categoria,Biography
A trancas y barrancas,fue publicada en el año,1996
Cine: opinión y chisme,fue publicada en el año,2021
Cine: opinión y chisme,pertenece a la categoria,Motion pictures
Cine: opinión y chisme,pertenece a la categoria,Reviews
Cine: opinión y chisme,pertenece a la categoria,Cinéma
Cine: opinión y chisme,pertenece a la categoria,Comptes rendus
Blinding Star,fue publicada en el año,2021
Blinding Star,pertenece a la categoria,Poetry (poetic works by one author)
Aunque cueste la noche,fue publicada en el año,2007
Aunque cueste la noche,pertenece a la categoria,"Varela, Blanca."
El libro de barro y otros poemas,fue publicada en el año,2005
Monólogos de Lima,fue publicada en el año,2015
Destino : Vagabunda,fue publicada en el año,2023
Amores liquidos,fue publicada en el año,2019
Amores liquidos,pertenece a la categoria,Peruvian literature
Amores liquidos,pertenece a la categoria,Peruvian Short stories
Una voz que existe,fue publicada en el año,2019
Nights of Adrenaline Noches de Adrenalina,fue publicada en el año,2020
Halcones en el parque,fue publicada en el año,2011
Hima--Sumac,fue publicada en el año,1892
Aves sin nido,fue publicada en el año,1948
Aves sin nido,fue publicada en el año,1989
Viaje de recreo,fue publicada en el año,2010
Viaje de recreo,pertenece a la categoria,Travel
Viaje de recreo,pertenece a la categoria,Description and travel
Aves sin nido,fue publicada en el año,1968
Aves sin nido,fue publicada en el año,1948
Todos los poemas,fue publicada en el año,2019
Poesía reunida,fue publicada en el año,2014
Poesía reunida,pertenece a la categoria,Peruvian poetry
Una lectura desde Chile,fue publicada en el año,2009
Trilce,fue publicada en el año,1961
Escalas,fue publicada en el año,2020
Escritos En Prosa,fue publicada en el año,1995
Escritos En Prosa,pertenece a la categoria,General
Escritos En Prosa,pertenece a la categoria,Poetry
"Poemas Humanos - España, Aparta de Mi Este Caliz",fue publicada en el año,2000
"Poemas Humanos - España, Aparta de Mi Este Caliz",pertenece a la categoria,Works by individual poets: from c 1900 -
"Poemas Humanos - España, Aparta de Mi Este Caliz",pertenece a la categoria,General
"Poemas Humanos - España, Aparta de Mi Este Caliz",pertenece a la categoria,Poetry
Rusia en 1931. Reflexiones Al Pie Del Kremlin,fue publicada en el año,2014
Paco Yunque y Otros Cuentos,fue publicada en el año,2021
Rusia En 1931,fue publicada en el año,1959
Rusia En 1931,pertenece a la categoria,Social conditions
"Poemas En Prosa, Poemas Humanos, España, Aparta De Mi Este Caliz",fue publicada en el año,1997
"Poemas En Prosa, Poemas Humanos, España, Aparta De Mi Este Caliz",pertenece a la categoria,Spanish: Adult Nonfiction
"Poemas En Prosa, Poemas Humanos, España, Aparta De Mi Este Caliz",pertenece a la categoria,Poetry
"Poemas En Prosa, Poemas Humanos, España, Aparta De Mi Este Caliz",pertenece a la categoria,General
"Poemas En Prosa, Poemas Humanos, España, Aparta De Mi Este Caliz",pertenece a la categoria,Continental European
Obra poetica completa,fue publicada en el año,2006
Obra poetica completa,pertenece a la categoria,Poetry
Obra poetica completa,pertenece a la categoria,Literature & Fiction
Obra poetica completa,pertenece a la categoria,Caribbean & Latin American
Obra poetica completa,pertenece a la categoria,Latin American Poetry
Obra poetica completa,pertenece a la categoria,Continental European
Obra poetica completa,pertenece a la categoria,Spanish: Adult Nonfiction
Arguedas,fue publicada en el año,2013
Los ríos profundos,fue publicada en el año,1987
Deep Rivers (Pergamon Oxford Spanish),fue publicada en el año,1973
Nosotros los maestros,fue publicada en el año,2011
Nosotros los maestros,pertenece a la categoria,Education
Nosotros los maestros,pertenece a la categoria,Indians of South America
Nosotros los maestros,pertenece a la categoria,Educational anthropology
Los ríos profundos,fue publicada en el año,1958
Los ríos profundos,fue publicada en el año,2011
"La Mesa Redonda sobre ""Todas las Sangres"" del 23 de junio de 1965",fue publicada en el año,2000
"La Mesa Redonda sobre ""Todas las Sangres"" del 23 de junio de 1965",pertenece a la categoria,"Arguedas, Jose Maria"
"La Mesa Redonda sobre ""Todas las Sangres"" del 23 de junio de 1965",pertenece a la categoria,Congresses
"La Mesa Redonda sobre ""Todas las Sangres"" del 23 de junio de 1965",pertenece a la categoria,Todas las sangres
"La Mesa Redonda sobre ""Todas las Sangres"" del 23 de junio de 1965",pertenece a la categoria,"Arguedas, José María"
Itinerarios epistolares,fue publicada en el año,2011
Itinerarios epistolares,pertenece a la categoria,Correspondence
"Qepa Wiñaq--, siempre literatura y antropología",fue publicada en el año,2009
"Qepa Wiñaq--, siempre literatura y antropología",pertenece a la categoria,"Arguedas, José María -- Criticism and interpretation"
El manuscrito de Huarochirí,fue publicada en el año,2011
El manuscrito de Huarochirí,pertenece a la categoria,Religion
El manuscrito de Huarochirí,pertenece a la categoria,Quechua Indians
El manuscrito de Huarochirí,pertenece a la categoria,Incas
El manuscrito de Huarochirí,pertenece a la categoria,Quechua language
El manuscrito de Huarochirí,pertenece a la categoria,Texts
Diamantes y pedernales / José María Arguedas,fue publicada en el año,2011
Diamantes y pedernales / José María Arguedas,pertenece a la categoria,Escritores peruanos (Arguedas)
Diamantes y pedernales / José María Arguedas,pertenece a la categoria,Cuentos peruanos
Diamantes y pedernales / José María Arguedas,pertenece a la categoria,Cuentos de costumbres
Correspondencia entre José María Arguedas y Juan Mejía Baca en la Biblioteca Nacional,fue publicada en el año,2005
Correspondencia entre José María Arguedas y Juan Mejía Baca en la Biblioteca Nacional,pertenece a la categoria,Correspondence
Correspondencia entre José María Arguedas y Juan Mejía Baca en la Biblioteca Nacional,pertenece a la categoria,Peruvian Authors
Los Rios Profundos,fue publicada en el año,1996
Los Rios Profundos,pertenece a la categoria,Spanish
Los Rios Profundos,pertenece a la categoria,Foreign Language Study
Los Rios Profundos,pertenece a la categoria,Fiction - General
Los Rios Profundos,pertenece a la categoria,Spanish: Adult Fiction
Los Rios Profundos,pertenece a la categoria,Spanish: Adult Nonfiction
Los Rios Profundos,pertenece a la categoria,General
Los Rios Profundos,pertenece a la categoria,Modern fiction
Relatos,fue publicada en el año,2014
"Mitos, leyendas y cuentos peruanos",fue publicada en el año,1970
"Mitos, leyendas y cuentos peruanos",pertenece a la categoria,Tales
Los ríos profundos,fue publicada en el año,1972
Los ríos profundos,pertenece a la categoria,Latin American literature
Los ríos profundos,pertenece a la categoria,Latin American fiction
Los ríos profundos,pertenece a la categoria,Indian authors
Los ríos profundos,pertenece a la categoria,Fiction
Los ríos profundos,pertenece a la categoria,Social conditions
El río y el mar,fue publicada en el año,2011
El río y el mar,pertenece a la categoria,Correspondence
El río y el mar,pertenece a la categoria,Peruvian Authors
"Mitos, leyendas y cuentos peruanos",fue publicada en el año,2009
Warma Kuyay y otros relatos,fue publicada en el año,2011
La insignia y otros relatos geniales,fue publicada en el año,2015
Cartas a Luchting (1960-1993),fue publicada en el año,2016
Cartas a Luchting (1960-1993),pertenece a la categoria,Correspondence
Cartas a Luchting (1960-1993),pertenece a la categoria,Peruvian Authors
La palabra del mudo,fue publicada en el año,1992
La palabra del mudo,pertenece a la categoria,Peruvian Short stories
La palabra del mudo,pertenece a la categoria,Peruvian fiction
Las respuestas del mudo,fue publicada en el año,1998
Las respuestas del mudo,pertenece a la categoria,Interviews
Las respuestas del mudo,pertenece a la categoria,Peruvian Authors
Pasajeros perdurables,fue publicada en el año,2006
Pasajeros perdurables,pertenece a la categoria,"Exiles' writings, Peruvian."
Julio Ramón Ribeyro,fue publicada en el año,2006
Julio Ramón Ribeyro,pertenece a la categoria,"Ribeyro, Julio Ramón, -- 1929- -- Criticism and interpretation."
Julio Ramón Ribeyro,pertenece a la categoria,"Ribeyro, Julio Ramón, -- 1929- -- Crítica e interpretación."
Sólo para fumadores,fue publicada en el año,2009
La palabra del mudo,fue publicada en el año,1992
La palabra del mudo,pertenece a la categoria,"Short stories, Peruvian"
La palabra del mudo,pertenece a la categoria,Peruvian fiction -- 20th century
Las respuestas del mudo,fue publicada en el año,2009
Las respuestas del mudo,pertenece a la categoria,Peruvian Authors
Las respuestas del mudo,pertenece a la categoria,Interviews
Las respuestas del mudo,fue publicada en el año,1998
Las respuestas del mudo,pertenece a la categoria,"Ribeyro, Julio Ramón, 1929- -- Interviews"
Las respuestas del mudo,pertenece a la categoria,"Authors, Peruvian -- 20th century -- Interviews"
La casa de cartón,fue publicada en el año,2004
La casa de cartón,pertenece a la categoria,Artists' books
La casa de cartón,pertenece a la categoria,Small presses
La casa de cartón,pertenece a la categoria,Specimens
Obra poética en prosa y verso,fue publicada en el año,2006
Tradiciones peruanas,fue publicada en el año,1919
Flor de academias y Diente del Parnaso,fue publicada en el año,2009
Flor de academias y Diente del Parnaso,pertenece a la categoria,Peruvian poetry
Flor de academias y Diente del Parnaso,pertenece a la categoria,Medicine
Flor de academias y Diente del Parnaso,pertenece a la categoria,Poetry
"Ricardo Palma, dramaturgo",fue publicada en el año,2005
"Ricardo Palma, dramaturgo",pertenece a la categoria,Venezuelan drama
"Ricardo Palma, dramaturgo",pertenece a la categoria,Adaptations
"Ricardo Palma, dramaturgo",pertenece a la categoria,Universidad Ricardo Palma. Teatro
"Ricardo Palma, dramaturgo",pertenece a la categoria,Universidad Ricardo Palma
Huancavelica en las Tradiciones de Palma,fue publicada en el año,2009
Huancavelica en las Tradiciones de Palma,pertenece a la categoria,Legends -- Peru -- Huancavelica
Huancavelica en las Tradiciones de Palma,pertenece a la categoria,Huancavelica (Peru) -- History -- Anecdotes
Tradiciones peruanas,fue publicada en el año,1962
Tradiciones peruanas,pertenece a la categoria,Legends
Tradiciones peruanas,pertenece a la categoria,History
Tradiciones peruanas,fue publicada en el año,1893
Tradiciones peruanas,pertenece a la categoria,Legends -- Peru
Tradiciones peruanas,pertenece a la categoria,Peru -- History
Tradiciones peruanas,fue publicada en el año,1969
Tradiciones peruanas,fue publicada en el año,1894
Tradiciones peruanas -  Las tradiciones más cortas,fue publicada en el año,2006
Tradiciones peruanas -  Las tradiciones más cortas,pertenece a la categoria,Literature: History & Criticism
Tradiciones peruanas -  Las tradiciones más cortas,pertenece a la categoria,Literary Criticism
Tradiciones peruanas -  Las tradiciones más cortas,pertenece a la categoria,Literature - Classics / Criticism
Tradiciones peruanas -  Las tradiciones más cortas,pertenece a la categoria,Spanish: Adult Nonfiction
Tradiciones peruanas -  Las tradiciones más cortas,pertenece a la categoria,Latin America
Tradiciones peruanas -  Las tradiciones más cortas,pertenece a la categoria,Caribbean & Latin American
Tradiciones peruanas -  Las tradiciones más cortas,pertenece a la categoria,Literary Criticism & Collections / Central & South American
Tradiciones peruanas,fue publicada en el año,1938
Tradiciones peruanas,fue publicada en el año,1993
La pena máxima,fue publicada en el año,2014
La pena máxima,pertenece a la categoria,Civil service
La pena máxima,pertenece a la categoria,Fiction
Pudor,fue publicada en el año,2009
Óscar y las mujeres,fue publicada en el año,2013
La pena máxima,fue publicada en el año,2014
Abril Rojo,fue publicada en el año,2006
Abril Rojo,pertenece a la categoria,Thrillers
Abril Rojo,pertenece a la categoria,Untranslated Fiction - Spanish
Abril Rojo,pertenece a la categoria,Fiction - General
Abril rojo/Red April,fue publicada en el año,2006
Abril rojo/Red April,pertenece a la categoria,Untranslated Fiction - Spanish
Abril rojo/Red April,pertenece a la categoria,Latin American Novel And Short Story
Abril rojo/Red April,pertenece a la categoria,Fiction
Abril rojo/Red April,pertenece a la categoria,Fiction - General
Abril rojo/Red April,pertenece a la categoria,Spanish: Adult Fiction
Abril rojo/Red April,pertenece a la categoria,Thrillers
Abril rojo/Red April,pertenece a la categoria,Mystery & Detective - General
Abril rojo/Red April,pertenece a la categoria,Political
Abril Rojo / Red April,fue publicada en el año,2007
Abril Rojo / Red April,pertenece a la categoria,Fiction
Abril Rojo / Red April,pertenece a la categoria,Fiction - General
Abril Rojo / Red April,pertenece a la categoria,Spanish: Adult Fiction
Abril Rojo / Red April,pertenece a la categoria,Thrillers
Abril Rojo / Red April,pertenece a la categoria,Untranslated Fiction - Spanish
Abril Rojo / Red April,pertenece a la categoria,Literature & Fiction / Contemporary
Abril Rojo / Red April,pertenece a la categoria,Romance - General
Crecer Es Un Oficio Triste/growing Up Is Sad Work (Colección La Diversidad),fue publicada en el año,2004
Crecer Es Un Oficio Triste/growing Up Is Sad Work (Colección La Diversidad),pertenece a la categoria,Short Stories (single author)
Crecer Es Un Oficio Triste/growing Up Is Sad Work (Colección La Diversidad),pertenece a la categoria,Spanish: Adult Fiction
Crecer Es Un Oficio Triste/growing Up Is Sad Work (Colección La Diversidad),pertenece a la categoria,Fiction
El Principe De Los Caimanes/ the Alligator Prince,fue publicada en el año,2006
El Principe De Los Caimanes/ the Alligator Prince,pertenece a la categoria,Fiction
El Principe De Los Caimanes/ the Alligator Prince,pertenece a la categoria,Fiction - Historical
El Principe De Los Caimanes/ the Alligator Prince,pertenece a la categoria,Spanish: Adult Fiction
El Principe De Los Caimanes/ the Alligator Prince,pertenece a la categoria,Historical - General
El Principe De Los Caimanes/ the Alligator Prince,pertenece a la categoria,Literary
Matias Y Los Imposibles/ Matias and the Imposibles (Las Tres Edades / the Three Ages),fue publicada en el año,2006
Matias Y Los Imposibles/ Matias and the Imposibles (Las Tres Edades / the Three Ages),pertenece a la categoria,Juvenile Fiction
Matias Y Los Imposibles/ Matias and the Imposibles (Las Tres Edades / the Three Ages),pertenece a la categoria,Spanish: Grades 3-4
Matias Y Los Imposibles/ Matias and the Imposibles (Las Tres Edades / the Three Ages),pertenece a la categoria,"Science Fiction, Fantasy, & Magic"
Matias Y Los Imposibles/ Matias and the Imposibles (Las Tres Edades / the Three Ages),pertenece a la categoria,Interactive Adventure
Matias Y Los Imposibles/ Matias and the Imposibles (Las Tres Edades / the Three Ages),pertenece a la categoria,Spanish: Grades 4-7
Pudor,fue publicada en el año,2004
Pudor,fue publicada en el año,2007
Pudor,pertenece a la categoria,Fiction
Pudor,pertenece a la categoria,Fiction - General
Pudor,pertenece a la categoria,Spanish: Adult Fiction
Pudor,pertenece a la categoria,General
Pudor,pertenece a la categoria,Literature & Fiction / General
Pudor,pertenece a la categoria,Sagas
Pudor/prudeness,fue publicada en el año,2005
Pudor/prudeness,pertenece a la categoria,Spanish: Adult Fiction
Pudor/prudeness,pertenece a la categoria,Fiction
Pudor/prudeness,pertenece a la categoria,Fiction - General
Pudor/prudeness,pertenece a la categoria,General
Tan cerca de la vida,fue publicada en el año,2010
El amante uruguayo,fue publicada en el año,2012
El amante uruguayo,pertenece a la categoria,Friends and associates
El amante uruguayo,pertenece a la categoria,Anecdotes
Oscar y las mujeres,fue publicada en el año,2013
Estación Delirio,fue publicada en el año,2019
Estación Delirio,pertenece a la categoria,Women
Estación Delirio,pertenece a la categoria,Fiction
Estación Delirio,pertenece a la categoria,Feminism
La mujer cambiada,fue publicada en el año,2008
Nada que declarar,fue publicada en el año,2013
La falaz posteridad,fue publicada en el año,2007
Eichmann en Argentina,fue publicada en el año,2007
Eichmann en Argentina,pertenece a la categoria,"Eichmann, Adolf, -- 1906-1962."
Eichmann en Argentina,pertenece a la categoria,"World War, 1939-1945 -- Atrocities."
Eichmann en Argentina,pertenece a la categoria,"Holocaust, Jewish (1939-1945)"
Eichmann en Argentina,pertenece a la categoria,War criminals -- Germany -- Biography.
Eichmann en Argentina,pertenece a la categoria,Exiles -- Argentina -- Biography.
Invasores,fue publicada en el año,2009
Ms All Del Universo,fue publicada en el año,2007
Giuseppe Peano,fue publicada en el año,2020
Los FilÓsofos y Sus Preguntas,fue publicada en el año,2022
Pregunta Por el Sentido,fue publicada en el año,2020
Enigmas de la crónica policial,fue publicada en el año,2016
Enigmas de la crónica policial,pertenece a la categoria,Cold cases (Criminal investigation)
Enigmas de la crónica policial,pertenece a la categoria,Murder
Enigmas de la crónica policial,pertenece a la categoria,Case studies
Territorio de resistencia,fue publicada en el año,2015
Territorio de resistencia,pertenece a la categoria,"Holocaust, Jewish (1939-1945)"
Territorio de resistencia,pertenece a la categoria,Human rights
Territorio de resistencia,pertenece a la categoria,Poor children
La vanguardia perdida,fue publicada en el año,2016
La vanguardia perdida,pertenece a la categoria,Argentine wit and humor
La vanguardia perdida,pertenece a la categoria,History and criticism
La vanguardia perdida,pertenece a la categoria,Periodicals
La vanguardia perdida,pertenece a la categoria,Pictorial Argentine wit and humor
La vanguardia perdida,pertenece a la categoria,History
La vanguardia perdida,pertenece a la categoria,Argentine periodicals
1864,fue publicada en el año,2020
El campo,fue publicada en el año,2014
Hablados por la poesía,fue publicada en el año,2017
Hablados por la poesía,pertenece a la categoria,Argentine Poets
Hablados por la poesía,pertenece a la categoria,Interviews
Hablados por la poesía,pertenece a la categoria,Argentine poetry
Hablados por la poesía,pertenece a la categoria,History and criticism
Hablados por la poesía,pertenece a la categoria,Poetry
Hablados por la poesía,pertenece a la categoria,Authorship
El crimen perfecto,fue publicada en el año,2017
El crimen perfecto,pertenece a la categoria,Argentine Suspense fiction
El crimen perfecto,pertenece a la categoria,Argentine Detective and mystery stories
El crimen perfecto,pertenece a la categoria,Argentine literature
El crimen perfecto,pertenece a la categoria,Literary collections
La oscuridad dentro de mí,fue publicada en el año,2018
La oscuridad dentro de mí,pertenece a la categoria,Women
La oscuridad dentro de mí,pertenece a la categoria,Crimes against
Tierra en el aire,fue publicada en el año,2010
El novato,fue publicada en el año,2011
Francisco Urondo,fue publicada en el año,2021
Francisco Urondo,pertenece a la categoria,Criticism and interpretation
Francisco Urondo,pertenece a la categoria,Argentine Poets
Francisco Urondo,pertenece a la categoria,Biography
Leyenda negra,fue publicada en el año,2020
Lengua natal,fue publicada en el año,2007
Setecientosmonos,fue publicada en el año,2012
Setecientosmonos,pertenece a la categoria,Argentine Short stories
Setecientosmonos,pertenece a la categoria,Argentine literature
Setecientosmonos,pertenece a la categoria,Modern Literature
Setecientosmonos,pertenece a la categoria,History and criticism
Escuela de detectives,fue publicada en el año,2013
Graffiti ninja,fue publicada en el año,2013
Oratorio Morante,fue publicada en el año,2012
Oratorio Morante,pertenece a la categoria,Description and travel
Oratorio Morante,pertenece a la categoria,Travel
Oratorio Morante,pertenece a la categoria,Shrines
Oratorio Morante,pertenece a la categoria,History
Como si fuera hoy,fue publicada en el año,2014
El año del dragón y otros relatos,fue publicada en el año,2011
La selección argentina,fue publicada en el año,2000
Todos mienten,fue publicada en el año,2009
La conexión latina,fue publicada en el año,2008
La conexión latina,pertenece a la categoria,"Chiappe, François, -- 1920-"
La conexión latina,pertenece a la categoria,Drug traffic -- Argentina
La conexión latina,pertenece a la categoria,Heroin industry -- Argentina
La conexión latina,pertenece a la categoria,Drug traffic -- France -- Corsica
La Deriva (Ficciones),fue publicada en el año,1995
La Deriva (Ficciones),pertenece a la categoria,General
La Deriva (Ficciones),pertenece a la categoria,Fiction - General
Los indeseables,fue publicada en el año,2008
Los indeseables,pertenece a la categoria,"Fantasy fiction, Peruvian."
Los indeseables,pertenece a la categoria,"Short stories, Peruvian."
Los indeseables,pertenece a la categoria,Peruvian fiction -- 20th century.
Rocanrol,fue publicada en el año,2006
Rocanrol,pertenece a la categoria,Latin American Novel And Short Story
Rocanrol,pertenece a la categoria,Fiction
Rocanrol,pertenece a la categoria,Fiction - General
Rocanrol,pertenece a la categoria,Spanish: Adult Fiction
Rocanrol,pertenece a la categoria,General
Rocanrol,pertenece a la categoria,Short Stories (single author)
Estrella del Norte,fue publicada en el año,1999
Estrella del Norte,pertenece a la categoria,Classics
Estrella del Norte,pertenece a la categoria,Juvenile Fiction
Estrella del Norte,pertenece a la categoria,Children's All Ages
Estrella del Norte,pertenece a la categoria,Children's Books/All Ages
Campo Albornoz,fue publicada en el año,2010
Campo Albornoz,fue publicada en el año,2010
Tercer paraíso (Premio Alfaguara 2022) / the Third Paradise,fue publicada en el año,2022
El lector del diablo (Coleccion Huella de sangre),fue publicada en el año,2001
No fue un martes negro más,fue publicada en el año,2010
No fue un martes negro más,pertenece a la categoria,"Global Financial Crisis, 2008-2009"
No fue un martes negro más,pertenece a la categoria,Socialism
No fue un martes negro más,pertenece a la categoria,Capitalism
El ascenso de la izquierda,fue publicada en el año,2012
El ascenso de la izquierda,pertenece a la categoria,Politics and government
El ascenso de la izquierda,pertenece a la categoria,Political campaigns
El ascenso de la izquierda,pertenece a la categoria,Elections
El ascenso de la izquierda,pertenece a la categoria,Frente de Izquierda y de los Trabajadores (Argentina)
"El The Argentinazo, El Presente Como Historia",fue publicada en el año,2002
"El The Argentinazo, El Presente Como Historia",pertenece a la categoria,Political Process - General
"El The Argentinazo, El Presente Como Historia",pertenece a la categoria,Politics - Current Events
"El The Argentinazo, El Presente Como Historia",pertenece a la categoria,Politics / Current Events
Una erótica sangrienta,fue publicada en el año,2015
Una erótica sangrienta,pertenece a la categoria,Sex in literature
Una erótica sangrienta,pertenece a la categoria,Sadomasochism in literature
Estéticas bastardas,fue publicada en el año,2012
Estéticas bastardas,pertenece a la categoria,Autobiographical fiction
Estéticas bastardas,pertenece a la categoria,Fantasy literature
Estéticas bastardas,pertenece a la categoria,History and criticism
Estéticas bastardas,pertenece a la categoria,Criticism and interpretation
Estéticas bastardas,pertenece a la categoria,Myth in literature
Un corte de género,fue publicada en el año,2011
Un corte de género,pertenece a la categoria,Argentine fiction
Un corte de género,pertenece a la categoria,History and criticism
Un corte de género,pertenece a la categoria,Myth in literature
La teoría literaria hoy,fue publicada en el año,2008
La teoría literaria hoy,pertenece a la categoria,"Literature -- History and criticism -- Theory, etc."
La teoría literaria hoy,pertenece a la categoria,Literature -- Philosophy.
Panorama de la narrativa tucumana,fue publicada en el año,2007
Panorama de la narrativa tucumana,pertenece a la categoria,"Short stories, Argentine -- Argentina -- Tucumán."
Panorama de la narrativa tucumana,pertenece a la categoria,Argentine fiction -- 20th century.
Panorama de la narrativa tucumana,pertenece a la categoria,Argentine fiction -- 21st century.
Delirios Y Quimeras - Teatro (1979 - 1992),fue publicada en el año,1993
Inocentes,fue publicada en el año,2013
¿Inocentes o Culpables?,fue publicada en el año,2020
Aventuras de la palabra,fue publicada en el año,2013
Aventuras de la palabra,pertenece a la categoria,Argentine poetry
Aventuras de la palabra,pertenece a la categoria,History and criticism
Por amor al maestro,fue publicada en el año,2014
Antología de poesía italiana contemporánea,fue publicada en el año,1994
Antología de poesía italiana contemporánea,pertenece a la categoria,Italian poetry
Antología de poesía italiana contemporánea,pertenece a la categoria,18.29 Italian literature
Antologia De Poesia Italiana Contemporanea (Ediciones Varias),fue publicada en el año,1997
Antologia De Poesia Italiana Contemporanea (Ediciones Varias),pertenece a la categoria,General
Antologia De Poesia Italiana Contemporanea (Ediciones Varias),pertenece a la categoria,Anthologies (multiple authors)
Antologia De Poesia Italiana Contemporanea (Ediciones Varias),pertenece a la categoria,Continental European
Antologia De Poesia Italiana Contemporanea (Ediciones Varias),pertenece a la categoria,Poetry
Antologia De Poesia Italiana Contemporanea (Ediciones Varias),pertenece a la categoria,Spanish: Adult Nonfiction
El sueño de la poesía,fue publicada en el año,2008
La Poesia Que Queda,fue publicada en el año,2006
La Poesia Que Queda,pertenece a la categoria,General
La Poesia Que Queda,pertenece a la categoria,Poetry
Veneno Lento / Slow Poison,fue publicada en el año,2002
Veneno Lento / Slow Poison,pertenece a la categoria,General
Veneno Lento / Slow Poison,pertenece a la categoria,Caribbean & Latin American
Veneno Lento / Slow Poison,pertenece a la categoria,Latin American Poetry
Veneno Lento / Slow Poison,pertenece a la categoria,Poetry
Veneno Lento / Slow Poison,pertenece a la categoria,Spanish: Adult Nonfiction
Tierra y figura,fue publicada en el año,2007
Tierra y figura,pertenece a la categoria,Nationalism
Sociología de la guerra y filosofía de la paz,fue publicada en el año,2009
Sociología de la guerra y filosofía de la paz,pertenece a la categoria,War
Sociología de la guerra y filosofía de la paz,pertenece a la categoria,Peace
Sociología de la guerra y filosofía de la paz,pertenece a la categoria,Romanticism
Escritos escogidos,fue publicada en el año,2021
Escritos escogidos,pertenece a la categoria,History
Escritos escogidos,pertenece a la categoria,Philosophy
Escritos escogidos,pertenece a la categoria,Politics and government
Escritos escogidos,pertenece a la categoria,Political science
Escritos escogidos,pertenece a la categoria,Democratization
Escritos escogidos,pertenece a la categoria,Influence
Escritos escogidos,pertenece a la categoria,"Influence (Literary, artistic, etc.)"
Hacia la revolución,fue publicada en el año,2007
Hacia la revolución,pertenece a la categoria,Argentines -- Travel -- Soviet Union.
Hacia la revolución,pertenece a la categoria,Argentines -- Travel -- China.
Hacia la revolución,pertenece a la categoria,Argentines -- Travel -- Cuba.
Hacia la revolución,pertenece a la categoria,Revolutions -- History -- 20th century.
Martin Heidegger,fue publicada en el año,2004
Martin Heidegger,pertenece a la categoria,General
Martin Heidegger,pertenece a la categoria,Philosophy
Metafísica de la pampa,fue publicada en el año,2007
Metafísica de la pampa,pertenece a la categoria,"National characteristics, Argentine"
Metafísica de la pampa,pertenece a la categoria,Collective memory -- Argentina -- Pampas
Metafísica de la pampa,pertenece a la categoria,Gauchos
Metafísica de la pampa,pertenece a la categoria,Pampas (Argentina) -- Civilization -- Philosophy
Tierra y figura,fue publicada en el año,1963
El Mito Gaucho,fue publicada en el año,1964
El Mito Gaucho,pertenece a la categoria,"Hernández, José, 1834-1886."
El Mito Gaucho,pertenece a la categoria,Gauchos.
La sociedad secreta de las hermanas Matanza,fue publicada en el año,2015
La sociedad secreta de las hermanas Matanza,pertenece a la categoria,Sisters
La sociedad secreta de las hermanas Matanza,pertenece a la categoria,Fiction
La sociedad secreta de las hermanas Matanza,pertenece a la categoria,Friendship
La sociedad secreta de las hermanas Matanza,pertenece a la categoria,Spanish language materials
La sociedad secreta de las hermanas Matanza,pertenece a la categoria,Sœurs
La sociedad secreta de las hermanas Matanza,pertenece a la categoria,"Romans, nouvelles"
La sociedad secreta de las hermanas Matanza,pertenece a la categoria,Amitié
Zapatos rojos de charol,fue publicada en el año,2012
Zapatos rojos de charol,pertenece a la categoria,Shoes
Zapatos rojos de charol,pertenece a la categoria,Juvenile fiction
Zapatos rojos de charol,pertenece a la categoria,Interpersonal relations
Zapatos rojos de charol,pertenece a la categoria,Schools
Zapatos rojos de charol,pertenece a la categoria,Fiction
Zapatos rojos de charol,pertenece a la categoria,Adventures and adventurers
Zapatos rojos de charol,pertenece a la categoria,Spanish language materials
Zapatos rojos de charol,pertenece a la categoria,Écoles
Zapatos rojos de charol,pertenece a la categoria,"Romans, nouvelles, etc. pour la jeunesse"
EL MÃGICO MUNDO DE LAS HADAS,fue publicada en el año,2006
EL MÃGICO MUNDO DE LAS HADAS,pertenece a la categoria,Juvenile Folk Tales / Mythology / Fables
EL MÃGICO MUNDO DE LAS HADAS,pertenece a la categoria,Juvenile Fiction
EL MÃGICO MUNDO DE LAS HADAS,pertenece a la categoria,Children's 4-8 - Fiction - Fantasy
EL MÃGICO MUNDO DE LAS HADAS,pertenece a la categoria,Spanish: Grades 3-4
EL MÃGICO MUNDO DE LAS HADAS,pertenece a la categoria,"Legends, Myths, & Fables - General"
EL MÃGICO MUNDO DE LAS HADAS,pertenece a la categoria,"Science Fiction, Fantasy, & Magic"
EL MÃGICO MUNDO DE LAS HADAS,pertenece a la categoria,Education
EL MÃGICO MUNDO DE LAS HADAS,pertenece a la categoria,Nonfiction
EL MÃGICO MUNDO DE LAS HADAS,pertenece a la categoria,Fairy Tales & Folklore - General
Multicuentos de Colores,fue publicada en el año,2007
Multicuentos de Colores,pertenece a la categoria,Short Stories
Multicuentos de Colores,pertenece a la categoria,Children's Books/All Ages
Multicuentos de Colores - Leyendas Argentinas,fue publicada en el año,2007
Multicuentos de Colores - Leyendas Argentinas,pertenece a la categoria,Short Stories
Multicuentos de Colores - Leyendas Argentinas,pertenece a la categoria,Children's Books/All Ages
Multicuentos de Colores Maravillosos - Para Los Mas Chiquitos,fue publicada en el año,2007
Multicuentos de Colores Maravillosos - Para Los Mas Chiquitos,pertenece a la categoria,Short Stories
Multicuentos de Colores Maravillosos - Para Los Mas Chiquitos,pertenece a la categoria,Children's Books/All Ages
Multicuentos de Colores - Para Los Mas Chicos,fue publicada en el año,2007
Multicuentos de Colores - Para Los Mas Chicos,pertenece a la categoria,Short Stories
Multicuentos de Colores - Para Los Mas Chicos,pertenece a la categoria,Children's Books/All Ages
El Libro de Las Mil Cosas,fue publicada en el año,1981
El Libro de Las Mil Cosas,pertenece a la categoria,Interactive Adventure
El Libro de Las Mil Cosas,pertenece a la categoria,Children's 9-12
El Libro de Las Mil Cosas,pertenece a la categoria,Children's Books/All Ages
Obra Poetica - Barbieri,fue publicada en el año,1991
Obra Poetica - Barbieri,pertenece a la categoria,General
Obra Poetica - Barbieri,pertenece a la categoria,Poetry
Crítica Literaria,fue publicada en el año,2021
Estudios Esotéricos,fue publicada en el año,2021
Marechal,fue publicada en el año,2021
Narrativa Policial Argentina,fue publicada en el año,2021
Lengua Que Hablamos,fue publicada en el año,2021
Cuentos Desconocidos,fue publicada en el año,2021
Colección de Poesías Patrióticas : (inédito De 1826),fue publicada en el año,2021
Ensayos Sobre Estética y Poética,fue publicada en el año,2021
Rescate de Náufragos I,fue publicada en el año,2021
Cancionero de las invasiones inglesas,fue publicada en el año,2010
Cancionero de las invasiones inglesas,pertenece a la categoria,History
Cancionero de las invasiones inglesas,pertenece a la categoria,Poetry
Pedro Henríquez Ureña y la Argentina,fue publicada en el año,2006
Pedro Henríquez Ureña y la Argentina,pertenece a la categoria,Criticism and interpretation
Ideario de San Martín,fue publicada en el año,2015
Ideario de San Martín,pertenece a la categoria,Politics and government
Poesías desconocidas de la independencia argentina,fue publicada en el año,2018
Poesías desconocidas de la independencia argentina,pertenece a la categoria,War of Independence (Argentina : 1810-1817)
Poesías desconocidas de la independencia argentina,pertenece a la categoria,Anniversaries
La literatura antártica argentina,fue publicada en el año,2013
La literatura antártica argentina,pertenece a la categoria,Argentine literature
La literatura antártica argentina,pertenece a la categoria,History and criticism
La literatura antártica argentina,pertenece a la categoria,"Themes, motives"
La literatura antártica argentina,pertenece a la categoria,In literature
La literatura antártica argentina,pertenece a la categoria,Literature
Misión Del Escritor - el Ideal Caballeresco,fue publicada en el año,2021
inédito N° 46-47 de Martín Fierro de Homenaje a Güiraldes,fue publicada en el año,2021
Elogios,fue publicada en el año,2021
La Biblioteca popular de Buenos Aires (1878-1883),fue publicada en el año,2012
La Biblioteca popular de Buenos Aires (1878-1883),pertenece a la categoria,Argentine periodicals
La Biblioteca popular de Buenos Aires (1878-1883),pertenece a la categoria,Indexes
La Biblioteca popular de Buenos Aires (1878-1883),pertenece a la categoria,History
La Biblioteca popular de Buenos Aires (1878-1883),pertenece a la categoria,Argentine literature
La Biblioteca popular de Buenos Aires (1878-1883),pertenece a la categoria,Biblioteca popular de Buenos Aires
"Hacia un Diccionario de Gentilicios Argentinos, DiGA",fue publicada en el año,2010
"Hacia un Diccionario de Gentilicios Argentinos, DiGA",pertenece a la categoria,Geographical Names
Homenaje a Larreta en el centenario de La gloria de don Ramiro (1908-2008),fue publicada en el año,2009
Homenaje a Larreta en el centenario de La gloria de don Ramiro (1908-2008),pertenece a la categoria,Criticism and interpretation
Diccionario fraseológico del habla argentina,fue publicada en el año,2010
Diccionario fraseológico del habla argentina,pertenece a la categoria,Idioms
Diccionario fraseológico del habla argentina,pertenece a la categoria,Dictionaries
Diccionario fraseológico del habla argentina,pertenece a la categoria,Spoken Spanish
Diccionario fraseológico del habla argentina,pertenece a la categoria,Spanish language
Diccionario fraseológico del habla argentina,pertenece a la categoria,Terms and phrases
Elaboracion del Proyecto Educativo Institucional,fue publicada en el año,1998
Elaboracion del Proyecto Educativo Institucional,pertenece a la categoria,Philosophy & Social Aspects
Elaboracion del Proyecto Educativo Institucional,pertenece a la categoria,Education / Teaching
Historia de La Historiografia Literaria Argentina,fue publicada en el año,2000
Historia de La Historiografia Literaria Argentina,pertenece a la categoria,General
Historia de La Historiografia Literaria Argentina,pertenece a la categoria,Literature - Classics / Criticism
Léxico del mate,fue publicada en el año,2007
Léxico del mate,pertenece a la categoria,Mate (Tea) -- Dictionaries -- Spanish.
Léxico del mate,pertenece a la categoria,Mate plant -- Argentina -- Dictionaries -- Spanish.
Un inédito diccionario de argentinismos del siglo XIX,fue publicada en el año,2006
Un inédito diccionario de argentinismos del siglo XIX,pertenece a la categoria,Spanish language -- Provincialisms -- Argentina -- Dictionaries.
Un inédito diccionario de argentinismos del siglo XIX,pertenece a la categoria,Spanish language -- 19th century -- Dictionaries.
Buceo excitante en las entrañas del tango,fue publicada en el año,2019
Amor y plenitud en el absurdo viaje hacia la muerte,fue publicada en el año,2013
"Voces interiores, meditaciones, reminiscencias",fue publicada en el año,2015
"Voces interiores, meditaciones, reminiscencias",pertenece a la categoria,Argentine fiction
"Voces interiores, meditaciones, reminiscencias",pertenece a la categoria,History and criticism
Amor y tango en púrpura y azul,fue publicada en el año,2017
Amor,fue publicada en el año,2020
"Exploraciones, embriagueces, éxtasis",fue publicada en el año,2009
"Exploraciones, embriagueces, éxtasis",pertenece a la categoria,Modern Literature
"Exploraciones, embriagueces, éxtasis",pertenece a la categoria,History and criticism
"Exploraciones, embriagueces, éxtasis",pertenece a la categoria,Latin American literature
Los intensos goces de la escritura,fue publicada en el año,2012
"Prodigios, exaltaciones y gozos",fue publicada en el año,2010
"Prodigios, exaltaciones y gozos",pertenece a la categoria,Argentine literature
"Prodigios, exaltaciones y gozos",pertenece a la categoria,History and criticism
"Prodigios, exaltaciones y gozos",pertenece a la categoria,Tangos
Fútbol de ayer y de hoy,fue publicada en el año,2014
Fútbol de ayer y de hoy,pertenece a la categoria,Fußball
Crimenes de arena,fue publicada en el año,2016
"Walsh, 1957",fue publicada en el año,2019
"Walsh, 1957",pertenece a la categoria,Criticism and interpretation
"Walsh, 1957",pertenece a la categoria,History
"Walsh, 1957",pertenece a la categoria,Politics and government
"Walsh, 1957",pertenece a la categoria,Police
"Walsh, 1957",pertenece a la categoria,Histoire
"Walsh, 1957",pertenece a la categoria,Politique et gouvernement
Ojos que no ven,fue publicada en el año,2012
Enlaces y cabos sueltos,fue publicada en el año,2013
Cuaderno del ausente,fue publicada en el año,2009
Lo Mejor de Los Mejores,fue publicada en el año,2000
Antología personal,fue publicada en el año,2009
Ver para leer,fue publicada en el año,2008
Ver para leer,pertenece a la categoria,Argentine Short stories
Ver para leer,pertenece a la categoria,Argentine Authors
Ver para leer,pertenece a la categoria,Interviews
Ver para leer,pertenece a la categoria,Criticism and interpretation
Ver para leer,pertenece a la categoria,Cuentos argentinos
Ver para leer,pertenece a la categoria,Autores argentinos
Ver para leer,pertenece a la categoria,Entrevistas
Ver para leer,pertenece a la categoria,Críticia e interpretación
Ver para leer,pertenece a la categoria,Novela
El sermón de La Victoria,fue publicada en el año,2012
Vamos fusilando mientras llega la orden,fue publicada en el año,2013
El Mundo Se Derrumba y Nosotros Nos Enamoramos,fue publicada en el año,2006
El Mundo Se Derrumba y Nosotros Nos Enamoramos,pertenece a la categoria,General
El Mundo Se Derrumba y Nosotros Nos Enamoramos,pertenece a la categoria,Fiction - General
Fuegia - En Los Confines del Mundo,fue publicada en el año,2001
Fuegia - En Los Confines del Mundo,pertenece a la categoria,General
Fuegia - En Los Confines del Mundo,pertenece a la categoria,Fiction - General
No Se Turbe Vuestro Corazon,fue publicada en el año,2000
No Se Turbe Vuestro Corazon,pertenece a la categoria,General
No Se Turbe Vuestro Corazon,pertenece a la categoria,Fiction - General
Noticias Secretas de America - Nueva Edicion,fue publicada en el año,2002
Noticias Secretas de America - Nueva Edicion,pertenece a la categoria,Latin America - South America
Noticias Secretas de America - Nueva Edicion,pertenece a la categoria,History - General History
Fuegia,fue publicada en el año,1992
Noticias secretas de América,fue publicada en el año,1998
El Naufrago de Las Estrellas,fue publicada en el año,1979
Romances de pueblo,fue publicada en el año,1999
Eduardo Falú,fue publicada en el año,1974
Eduardo Falú,pertenece a la categoria,"Falú, Eduardo."
Emilia Bertolé,fue publicada en el año,2006
Emilia Bertolé,pertenece a la categoria,"Bertolé, Emilia, -- 1896-1949 -- Portraits."
Ballenas,fue publicada en el año,1993
Ballenas,pertenece a la categoria,Classics
Ballenas,pertenece a la categoria,Children's Books/Ages 9-12 Fiction
Ballenas,pertenece a la categoria,Children's Books/All Ages
Monos,fue publicada en el año,1995
Monos,pertenece a la categoria,Classics
Monos,pertenece a la categoria,Children's Books/Ages 9-12 Fiction
Monos,pertenece a la categoria,Children's Books/All Ages
Murcielagos,fue publicada en el año,1996
Murcielagos,pertenece a la categoria,Classics
Murcielagos,pertenece a la categoria,Children's Books/Ages 9-12 Fiction
Murcielagos,pertenece a la categoria,Children's Books/All Ages
Artificial,fue publicada en el año,2024
Sucedió en la lluvia,fue publicada en el año,2014
Cuando Eramos Felices,fue publicada en el año,2006
Cuando Eramos Felices,pertenece a la categoria,General
Cuando Eramos Felices,pertenece a la categoria,Fiction - General
Cuentos Completos,fue publicada en el año,2004
Cuentos Completos,pertenece a la categoria,Short Stories (single author)
Cuentos Completos,pertenece a la categoria,Fiction - General
Dublin Al Sur y Otros Relatos,fue publicada en el año,1996
Cuentos Anteriores,fue publicada en el año,1982
?Quieres saber qué son las células?,fue publicada en el año,2004
?Quieres saber qué son las células?,pertenece a la categoria,Animals - General
?Quieres saber qué son las células?,pertenece a la categoria,Children's Books/Ages 4-8 Nonfiction
Eleodoro,fue publicada en el año,2006
Eleodoro,pertenece a la categoria,Short Stories
Eleodoro,pertenece a la categoria,Children's All Ages - Fiction - General
Eleodoro,pertenece a la categoria,Children's Books/All Ages
El Mar y la Serpiente/ The Sea and the Snake (Zona Libre/ Free Zone),fue publicada en el año,2005
El Mar y la Serpiente/ The Sea and the Snake (Zona Libre/ Free Zone),pertenece a la categoria,General
El Mar y la Serpiente/ The Sea and the Snake (Zona Libre/ Free Zone),pertenece a la categoria,Juvenile Fiction
El Mar y la Serpiente/ The Sea and the Snake (Zona Libre/ Free Zone),pertenece a la categoria,Children's Books/Ages 9-12 Fiction
El Mar y la Serpiente/ The Sea and the Snake (Zona Libre/ Free Zone),pertenece a la categoria,Spanish: Young Adult (Gr. 7-9)
La Cuarta Pata,fue publicada en el año,2006
La Cuarta Pata,pertenece a la categoria,Short Stories
La Cuarta Pata,pertenece a la categoria,Children's All Ages - Fiction - General
La Cuarta Pata,pertenece a la categoria,Children's Books/All Ages
Queres Saber Que Son Las Proteinas?,fue publicada en el año,2004
Queres Saber Que Son Las Proteinas?,pertenece a la categoria,School & Education
Queres Saber Que Son Las Proteinas?,pertenece a la categoria,Children's Books/Ages 9-12 Nonfiction
Historias Secretas,fue publicada en el año,1985
La ciudad cambió la voz,fue publicada en el año,2009
El Cambaranga,fue publicada en el año,2003
El Cambaranga,pertenece a la categoria,Readers - Beginner
El Cambaranga,pertenece a la categoria,Juvenile Fiction
El Cambaranga,pertenece a la categoria,Spanish: Kindergarten
Cuerpos abrasados,fue publicada en el año,1984
Bocca,fue publicada en el año,1995
Bocca,pertenece a la categoria,General
Bocca,pertenece a la categoria,"Bocca, Julio"
Bocca,pertenece a la categoria,Biography / Autobiography
Argentinos En La Cornisa,fue publicada en el año,1998
Argentinos En La Cornisa,pertenece a la categoria,Political Process - General
Argentinos En La Cornisa,pertenece a la categoria,Reference
Argentinos En La Cornisa,pertenece a la categoria,Biography / Autobiography
Borges-Bioy,fue publicada en el año,1998
Borges-Bioy,pertenece a la categoria,General
Borges-Bioy,pertenece a la categoria,"Bioy Casares, Adolfo"
Borges-Bioy,pertenece a la categoria,"Borges, Jorge Luis"
Borges-Bioy,pertenece a la categoria,Quotations
Borges-Bioy,pertenece a la categoria,Literary
Borges-Bioy,pertenece a la categoria,Spanish
Borges-Bioy,pertenece a la categoria,Foreign Language Study
Borges-Bioy,pertenece a la categoria,Biography / Autobiography
Borges-Bioy,pertenece a la categoria,Spanish: Adult Nonfiction
El ultimo padre / The Last Father,fue publicada en el año,2005
El ultimo padre / The Last Father,pertenece a la categoria,General
El ultimo padre / The Last Father,pertenece a la categoria,Caribbean & Latin American
El ultimo padre / The Last Father,pertenece a la categoria,Latin American Poetry
El ultimo padre / The Last Father,pertenece a la categoria,Poetry
El ultimo padre / The Last Father,pertenece a la categoria,Spanish: Adult Nonfiction
"Fontanarrosa,entregate",fue publicada en el año,2005
"Fontanarrosa,entregate",pertenece a la categoria,Historical - General
"Fontanarrosa,entregate",pertenece a la categoria,Spanish: Adult Nonfiction
"Fontanarrosa,entregate",pertenece a la categoria,Biography & Autobiography
Miedo,fue publicada en el año,1997
Miedo,pertenece a la categoria,Juvenile Fiction
Miedo,pertenece a la categoria,Children's Books/Baby-Preschool
Miedo,pertenece a la categoria,Spanish: Kindergarten
Miedo,pertenece a la categoria,Interactive Adventure
Miedo,pertenece a la categoria,Animals - Dogs
Las vacaciones de Tomasito,fue publicada en el año,2008
Las vacaciones de Tomasito,pertenece a la categoria,Family vacations
Las vacaciones de Tomasito,pertenece a la categoria,Juvenile fiction
Las vacaciones de Tomasito,pertenece a la categoria,Beaches
Las vacaciones de Tomasito,pertenece a la categoria,Vacations
Las vacaciones de Tomasito,pertenece a la categoria,Fiction
Las vacaciones de Tomasito,pertenece a la categoria,Vacances familiales
Las vacaciones de Tomasito,pertenece a la categoria,"Romans, nouvelles, etc. pour la jeunesse"
Las vacaciones de Tomasito,pertenece a la categoria,Plages
Las vacaciones de Tomasito,pertenece a la categoria,Vacaciones
Las vacaciones de Tomasito,pertenece a la categoria,Novela juvenil
Las vacaciones de Tomasito,pertenece a la categoria,Playas
Cosquillas en el ombligo,fue publicada en el año,2002
Cosquillas en el ombligo,pertenece a la categoria,Spanish: Grades 2-3
Cosquillas en el ombligo,pertenece a la categoria,Questions and answers
Cosquillas en el ombligo,pertenece a la categoria,General
Cosquillas en el ombligo,pertenece a la categoria,Juvenile Fiction
Cosquillas en el ombligo,pertenece a la categoria,Children's Books/Ages 9-12 Fiction
Cosquillas en el ombligo,pertenece a la categoria,Spanish language materials
Cosquillas en el ombligo,pertenece a la categoria,Juvenile Fiction / General
Cosquillas en el ombligo,pertenece a la categoria,Fiction
Cosquillas en el ombligo,pertenece a la categoria,Humorous stories
Cosquillas en el ombligo,pertenece a la categoria,Children's 9-12 - Fiction - General
La cenizas de papá,fue publicada en el año,2005
Las Rositas,fue publicada en el año,1999
Las Rositas,pertenece a la categoria,General
Las Rositas,pertenece a la categoria,Juvenile Fiction
Las Rositas,pertenece a la categoria,Children's 9-12 - Fiction - General
Miedo,fue publicada en el año,2002
Miedo,pertenece a la categoria,Spanish: Grades 2-3
Miedo,pertenece a la categoria,Juvenile Fiction
Miedo,pertenece a la categoria,Children's Books/Ages 4-8 Fiction
Miedo,pertenece a la categoria,General
Miedo,pertenece a la categoria,Juvenile Fiction / General
"Rositas, Las",fue publicada en el año,1999
"Rositas, Las",pertenece a la categoria,Fiction
"Rositas, Las",pertenece a la categoria,General
"Rositas, Las",pertenece a la categoria,Juvenile Fiction / General
"Rositas, Las",pertenece a la categoria,Juvenile Fiction
"Rositas, Las",pertenece a la categoria,Children's Books/Ages 9-12 Fiction
"Rositas, Las",pertenece a la categoria,Spanish: Grades 3-4
Secretos de familia,fue publicada en el año,1995
Toby (Torre de Papel),fue publicada en el año,1998
Toby (Torre de Papel),pertenece a la categoria,Short Stories
Toby (Torre de Papel),pertenece a la categoria,Readers - Chapter Books
Toby (Torre de Papel),pertenece a la categoria,Juvenile Fiction
Toby (Torre de Papel),pertenece a la categoria,Children's Books/Baby-Preschool
Toby (Torre de Papel),pertenece a la categoria,Spanish: Grades 3-4
Humor Idiota,fue publicada en el año,2004
Humor Idiota,pertenece a la categoria,General
Humor Idiota,pertenece a la categoria,Humor
Diccionario Filológico-Comparado de la Lengua Castellana; 4,fue publicada en el año,2023
Cuerpo Cuenta,fue publicada en el año,2020
Cuerpo y Saber,fue publicada en el año,2005
Cuerpo y Saber,pertenece a la categoria,Educational Psychology
Cuerpo y Saber,pertenece a la categoria,Education / Teaching
El Libro de Los Pies,fue publicada en el año,2002
El Libro de Los Pies,pertenece a la categoria,Massage & Reflexotherapy
El Libro de Los Pies,pertenece a la categoria,Physical Medicine & Rehabilitation
El Libro de Los Pies,pertenece a la categoria,Consumer Health
Espacio Habitado,fue publicada en el año,2005
Espacio Habitado,pertenece a la categoria,Educational Psychology
Espacio Habitado,pertenece a la categoria,Education / Teaching
Espacio Habitado - Psicomotricidad,fue publicada en el año,1998
Espacio Habitado - Psicomotricidad,pertenece a la categoria,General
Espacio Habitado - Psicomotricidad,pertenece a la categoria,Psychology
Juegos de Crianza,fue publicada en el año,2005
Juegos de Crianza,pertenece a la categoria,Elementary
Juegos de Crianza,pertenece a la categoria,Education / Teaching
El Cuerpo En La Escritura,fue publicada en el año,1998
El Cuerpo En La Escritura,pertenece a la categoria,General
El Cuerpo En La Escritura,pertenece a la categoria,Psychology
Marea En Las Manos,fue publicada en el año,2005
Marea En Las Manos,pertenece a la categoria,Short Stories
Marea En Las Manos,pertenece a la categoria,Children's All Ages - Fiction - General
Marea En Las Manos,pertenece a la categoria,Children's Books/All Ages
Que Es La Psicomotricidad?,fue publicada en el año,2004
Que Es La Psicomotricidad?,pertenece a la categoria,Massage & Reflexotherapy
Que Es La Psicomotricidad?,pertenece a la categoria,Consumer Health
Historia funambulesca del profesor Landormy,fue publicada en el año,1944
Historia funambulesca del profesor Landormy,fue publicada en el año,1944
Arturo Capdevila,fue publicada en el año,2021
Arturo Capdevila,pertenece a la categoria,Argentine poetry
Arturo Capdevila,pertenece a la categoria,Argentine literature
Arturo Capdevila,pertenece a la categoria,Argentine Poets
"Cuando Un Bosque Se Quema - Nene, Nena y Guau",fue publicada en el año,2001
"Cuando Un Bosque Se Quema - Nene, Nena y Guau",pertenece a la categoria,Interactive Adventure
"Cuando Un Bosque Se Quema - Nene, Nena y Guau",pertenece a la categoria,Juvenile Fiction
"Cuando Un Bosque Se Quema - Nene, Nena y Guau",pertenece a la categoria,Children's Baby/Preschool
"Cuando Un Bosque Se Quema - Nene, Nena y Guau",pertenece a la categoria,Children's Books/Baby-Preschool
"Cuando Un Bosque Se Quema - Nene, Nena y Guau (Paco Capd-Vila)",fue publicada en el año,2001
"Cuando Un Bosque Se Quema - Nene, Nena y Guau (Paco Capd-Vila)",pertenece a la categoria,Interactive Adventure
"Cuando Un Bosque Se Quema - Nene, Nena y Guau (Paco Capd-Vila)",pertenece a la categoria,Children's Books/Baby-Preschool
Freud,fue publicada en el año,1996
Freud,pertenece a la categoria,"Freud, Sigmund, -- 1856-1939."
Freud,pertenece a la categoria,Psychoanalysis.
Freud,pertenece a la categoria,Psychology -- Dictionaries -- Spanish.
Camperas,fue publicada en el año,1980
Cristo vuelve o no vuelve?,fue publicada en el año,2005
Cristo vuelve o no vuelve?,pertenece a la categoria,History
Cristo vuelve o no vuelve?,pertenece a la categoria,Religion - Commentaries / Reference
Pluma en ristre,fue publicada en el año,2010
El apokalipsis de San Juan,fue publicada en el año,2010
El apokalipsis de San Juan,pertenece a la categoria,"Criticism, interpretation"
El apokalipsis de San Juan,pertenece a la categoria,Bible
Rusia Actor Global,fue publicada en el año,2015
El fin de lo mismo,fue publicada en el año,2005
Relatos reunidos,fue publicada en el año,2014
Música prosaica (cuatro piezas sobre traducción),fue publicada en el año,2014
Música prosaica (cuatro piezas sobre traducción),pertenece a la categoria,Translators
Música prosaica (cuatro piezas sobre traducción),pertenece a la categoria,Biography
Música prosaica (cuatro piezas sobre traducción),pertenece a la categoria,Translating and interpreting
Música prosaica (cuatro piezas sobre traducción),pertenece a la categoria,Spaans
Música prosaica (cuatro piezas sobre traducción),pertenece a la categoria,Vertalen
Algo más,fue publicada en el año,2015
Jorge Miño,fue publicada en el año,2018
Jorge Miño,pertenece a la categoria,Buildings in art
Jorge Miño,pertenece a la categoria,Digitally printed materials
Jorge Miño,pertenece a la categoria,Artistic Photography
Riplay,fue publicada en el año,2015
El fin de lo mismo,fue publicada en el año,1992
El Oido Absoluto,fue publicada en el año,1997
El Oido Absoluto,pertenece a la categoria,General
El Oido Absoluto,pertenece a la categoria,Fiction - General
El Pais de La Dama Electrica,fue publicada en el año,2004
El Pais de La Dama Electrica,pertenece a la categoria,General
El Pais de La Dama Electrica,pertenece a la categoria,Fiction - General
El Testamento de O'Jaral (Alianza Literatura),fue publicada en el año,1995
El Testamento de O'Jaral (Alianza Literatura),pertenece a la categoria,General
El Testamento de O'Jaral (Alianza Literatura),pertenece a la categoria,Fiction - General
Impureza,fue publicada en el año,2007
Inolvidables Veladas,fue publicada en el año,1998
Inolvidables Veladas,pertenece a la categoria,Science Fiction - General
Inolvidables Veladas,pertenece a la categoria,Fiction - Science Fiction
La Solucion Parcial/ the Partial Solution (Voces/ Literatura),fue publicada en el año,2003
La Solucion Parcial/ the Partial Solution (Voces/ Literatura),pertenece a la categoria,General
La Solucion Parcial/ the Partial Solution (Voces/ Literatura),pertenece a la categoria,Reference
La Solucion Parcial/ the Partial Solution (Voces/ Literatura),pertenece a la categoria,Literary Criticism
La Solucion Parcial/ the Partial Solution (Voces/ Literatura),pertenece a la categoria,Fiction - General
La Solucion Parcial/ the Partial Solution (Voces/ Literatura),pertenece a la categoria,Spanish: Adult Nonfiction
Realmente Fantastico! y Otros Ensayos,fue publicada en el año,2003
Realmente Fantastico! y Otros Ensayos,pertenece a la categoria,General
Realmente Fantastico! y Otros Ensayos,pertenece a la categoria,Fiction - General
"Sitio de Kelany, El",fue publicada en el año,1995
"Sitio de Kelany, El",pertenece a la categoria,General
"Sitio de Kelany, El",pertenece a la categoria,Fiction - General
Buda,fue publicada en el año,1990
Buda,pertenece a la categoria,Gautama Buddha.
Buda,pertenece a la categoria,Gautama Buda.
Hombres Amables,fue publicada en el año,1998
Hombres Amables,pertenece a la categoria,General
Hombres Amables,pertenece a la categoria,Fiction - General
Casa de Ottro,fue publicada en el año,2009
Balada,fue publicada en el año,2011
Abrir caminos,fue publicada en el año,2008
Abrir caminos,pertenece a la categoria,Juventud
Abrir caminos,pertenece a la categoria,Conduct of life
Abrir caminos,pertenece a la categoria,Etica
Abrir caminos,pertenece a la categoria,Success
Abrir caminos,pertenece a la categoria,Youth
Abrir caminos,pertenece a la categoria,Leadership
Abrir caminos,pertenece a la categoria,Conducta (Ética)
Abrir caminos,pertenece a la categoria,Ethics
Abrir caminos,pertenece a la categoria,Liderazgo
Abrir caminos,pertenece a la categoria,Exito
Historias Que Hacen Bien/ Stories That Inspire,fue publicada en el año,2006
Historias Que Hacen Bien/ Stories That Inspire,pertenece a la categoria,Interpersonal Relations
Historias Que Hacen Bien/ Stories That Inspire,pertenece a la categoria,Motivational & Inspirational
Historias Que Hacen Bien/ Stories That Inspire,pertenece a la categoria,Self-Help
Historias Que Hacen Bien/ Stories That Inspire,pertenece a la categoria,Psychology
Historias Que Hacen Bien/ Stories That Inspire,pertenece a la categoria,Spanish: Adult Nonfiction
Diccionario de juegos infantiles latinoamericanos,fue publicada en el año,1988
Diccionario de juegos infantiles latinoamericanos,pertenece a la categoria,Games -- Latin America -- Dictionaries.
Diccionario de juegos infantiles latinoamericanos,pertenece a la categoria,Latin America -- Social life and customs -- Dictionaries.
'La cita' y otros cuentos de mujeres infieles,fue publicada en el año,2003
'La cita' y otros cuentos de mujeres infieles,pertenece a la categoria,Fiction
'La cita' y otros cuentos de mujeres infieles,pertenece a la categoria,Spanish: Adult Fiction
'La cita' y otros cuentos de mujeres infieles,pertenece a la categoria,Anthologies (multiple authors)
Relatos del Rio de la Plata. Incluye CD con la lectura de los relatos (Spanish Edition),fue publicada en el año,2009
Rêves et réalités / Sueños y realidades,fue publicada en el año,2005
Perseguidor,fue publicada en el año,2015
Otra Orilla,fue publicada en el año,2024
Los Crímenes de la Rue Morgue,fue publicada en el año,2015
Las Aventuras de Arthur Gordon Pym,fue publicada en el año,2015
Carta Robada,fue publicada en el año,2015
Los Crímenes de la Calle Morgue,fue publicada en el año,2021
Misterio de Marie Roget,fue publicada en el año,2015
Cuentos,fue publicada en el año,2015
Barril de Amontillado,fue publicada en el año,2015
Cómo Escribir Cuentos,fue publicada en el año,2015
Progreso Y Declinacion De LA Economia Argentina,fue publicada en el año,1998
Empresas y tierras de Carlos Casado en el Chaco Paraguayo,fue publicada en el año,2012
Empresas y tierras de Carlos Casado en el Chaco Paraguayo,pertenece a la categoria,Business enterprises
Empresas y tierras de Carlos Casado en el Chaco Paraguayo,pertenece a la categoria,Economic conditions
Empresas y tierras de Carlos Casado en el Chaco Paraguayo,pertenece a la categoria,History
Empresas y tierras de Carlos Casado en el Chaco Paraguayo,pertenece a la categoria,"Chaco War, 1932-1935"
Empresas y tierras de Carlos Casado en el Chaco Paraguayo,pertenece a la categoria,Economic aspects
Empresas y tierras de Carlos Casado en el Chaco Paraguayo,pertenece a la categoria,"Carlos Casado, S.A."
La conquista y ocupación de la frontera del Chaco entre Paraguay y Argentina,fue publicada en el año,2011
La conquista y ocupación de la frontera del Chaco entre Paraguay y Argentina,pertenece a la categoria,Toba Indians
La conquista y ocupación de la frontera del Chaco entre Paraguay y Argentina,pertenece a la categoria,Missions
La conquista y ocupación de la frontera del Chaco entre Paraguay y Argentina,pertenece a la categoria,Pilaga Indians
La conquista y ocupación de la frontera del Chaco entre Paraguay y Argentina,pertenece a la categoria,Franciscans
"Mocovíes, franciscanos y colonos de la zona chaqueña de Santa Fe, 1850-2011",fue publicada en el año,2012
"Mocovíes, franciscanos y colonos de la zona chaqueña de Santa Fe, 1850-2011",pertenece a la categoria,Mocoví Indians
"Mocovíes, franciscanos y colonos de la zona chaqueña de Santa Fe, 1850-2011",pertenece a la categoria,History
"Mocovíes, franciscanos y colonos de la zona chaqueña de Santa Fe, 1850-2011",pertenece a la categoria,Franciscans
"Mocovíes, franciscanos y colonos de la zona chaqueña de Santa Fe, 1850-2011",pertenece a la categoria,Missions
"Mocovíes, franciscanos y colonos de la zona chaqueña de Santa Fe, 1850-2011",pertenece a la categoria,Government relations
Lealtades firmes,fue publicada en el año,2009
Lealtades firmes,pertenece a la categoria,Political activity
Lealtades firmes,pertenece a la categoria,Economic conditions
Lealtades firmes,pertenece a la categoria,Commerce
Lealtades firmes,pertenece a la categoria,"Chaco War, 1932-1935"
Lealtades firmes,pertenece a la categoria,Economic aspects
Lealtades firmes,pertenece a la categoria,"Carlos Casado, S.A."
La Guerra del Chaco,fue publicada en el año,2010
La Guerra del Chaco,pertenece a la categoria,"Chaco War, 1932-1935"
La Guerra del Chaco,pertenece a la categoria,Pictorial works
Carlos de Sanctis,fue publicada en el año,2014
Carlos de Sanctis,pertenece a la categoria,Maneuvers
Carlos de Sanctis,pertenece a la categoria,Argentina
Carlos de Sanctis,pertenece a la categoria,Argentina. Ejército
Carlos de Sanctis,pertenece a la categoria,History
San Francisco de Asís del Laishí,fue publicada en el año,2014
San Francisco de Asís del Laishí,pertenece a la categoria,Toba Indians
San Francisco de Asís del Laishí,pertenece a la categoria,Misión Indígena Nuestro Padre San Fransico de Asís del Laishí (Argentina)
San Francisco de Asís del Laishí,pertenece a la categoria,Missions
San Francisco de Asís del Laishí,pertenece a la categoria,Franciscans
San Francisco de Asís del Laishí,pertenece a la categoria,History
Casa de América de Barcelona (1911-1947),fue publicada en el año,2005
Mujeres Argentinas/argentinian's Women,fue publicada en el año,2003
Mujeres Argentinas/argentinian's Women,pertenece a la categoria,Latin America - South America
Mujeres Argentinas/argentinian's Women,pertenece a la categoria,Spanish: Adult Nonfiction
Mujeres Argentinas/argentinian's Women,pertenece a la categoria,History
La literatura de Santa Fe,fue publicada en el año,2018
La literatura de Santa Fe,pertenece a la categoria,Argentine literature
Nadie cerca o lejos,fue publicada en el año,2005
Nadie cerca o lejos,pertenece a la categoria,"Rosario (Santa Fe, Argentina) -- Intellectual life -- 21st century"
Nadie cerca o lejos,pertenece a la categoria,Argentina -- Intellectual life -- 21st century
Nadie cerca o lejos,pertenece a la categoria,Argentina -- Civilization -- 1955-
Zoológicos,fue publicada en el año,2006
Niní Marshall,fue publicada en el año,2006
Niní Marshall,pertenece a la categoria,Entertainers
Niní Marshall,pertenece a la categoria,Biography
Juan Manuel Fangio,fue publicada en el año,2006
Juan Manuel Fangio,pertenece a la categoria,Automobile racing drivers
Juan Manuel Fangio,pertenece a la categoria,Biography
Juan Manuel Fangio,pertenece a la categoria,Automobile racing
Juan Manuel Fangio,pertenece a la categoria,Formula One automobiles
Florentino Ameghino,fue publicada en el año,2006
Florentino Ameghino,pertenece a la categoria,Paleontologists
Florentino Ameghino,pertenece a la categoria,Biography
Victoria Ocampo,fue publicada en el año,2006
Victoria Ocampo,pertenece a la categoria,Argentine Aurthors
Victoria Ocampo,pertenece a la categoria,Biography
Jorge Luis Borges,fue publicada en el año,2006
Jorge Luis Borges,pertenece a la categoria,Argentine Authors
Jorge Luis Borges,pertenece a la categoria,Biography
Memorias imperfectas,fue publicada en el año,2014
Memorias imperfectas,pertenece a la categoria,Critics
Memorias imperfectas,pertenece a la categoria,Argentine Authors
Memorias imperfectas,pertenece a la categoria,Biography
Memorias imperfectas,pertenece a la categoria,Anecdotes
Lola Mora,fue publicada en el año,2006
Lola Mora,pertenece a la categoria,"Mora, Lola, -- 1867-1936."
Lola Mora,pertenece a la categoria,Sculptors -- Argentina -- 20th century -- Biography.
Astor Piazzolla,fue publicada en el año,2006
Astor Piazzolla,pertenece a la categoria,"Piazzolla, Astor."
Astor Piazzolla,pertenece a la categoria,Composers -- Argentina -- Biography.
"Tita Merello, la morocha argentina",fue publicada en el año,2006
"Tita Merello, la morocha argentina",pertenece a la categoria,"Merello, Tita, -- 1904-2002."
"Tita Merello, la morocha argentina",pertenece a la categoria,Actors -- Argentina -- Biography.
Alfonsina Storni,fue publicada en el año,2006
Alfonsina Storni,pertenece a la categoria,"Storni, Alfonsina, -- 1892-1938."
Alfonsina Storni,pertenece a la categoria,"Authors, Argentine -- 20th century -- Biography."
Julio Cortázar,fue publicada en el año,2006
Julio Cortázar,pertenece a la categoria,"Cortázar, Julio."
Julio Cortázar,pertenece a la categoria,"Authors, Argentine -- 20th century -- Biography."
Enrique Santos Discépolo,fue publicada en el año,2006
Enrique Santos Discépolo,pertenece a la categoria,"Discépolo, Enrique Santos, -- 1901-1951."
Enrique Santos Discépolo,pertenece a la categoria,"Poets, Argentine -- 20th century -- Biography."
Jorge Newbery,fue publicada en el año,2006
Jorge Newbery,pertenece a la categoria,"Newbery, Jorge Alejandro, -- 1875-1914"
Jorge Newbery,pertenece a la categoria,Air pilots -- Argentina -- Biography
El Bosque de Los Libros,fue publicada en el año,2002
El Bosque de Los Libros,pertenece a la categoria,Communication
El Bosque de Los Libros,pertenece a la categoria,Language Arts / Linguistics / Literacy
Escrito Sobre Borges,fue publicada en el año,1999
Escrito Sobre Borges,pertenece a la categoria,Reference
Escrito Sobre Borges,pertenece a la categoria,"Borges, Jorge Luis"
Escrito Sobre Borges,pertenece a la categoria,Literature - Classics / Criticism
Alfonsina Storni,fue publicada en el año,1990
Alfonsina Storni,pertenece a la categoria,"Storni, Alfonsina, 1892-1938."
Alfonsina Storni,pertenece a la categoria,"Authors, Argentine -- 20th century -- Biography."
Tras la sombra de Antonio Di Benedetto,fue publicada en el año,2016
Tras la sombra de Antonio Di Benedetto,pertenece a la categoria,Anecdotes
Tras la sombra de Antonio Di Benedetto,pertenece a la categoria,Argentine Authors
Tras la sombra de Antonio Di Benedetto,pertenece a la categoria,Biography
El hacedor de silencio,fue publicada en el año,1982
Cuentos Claros/clear Stories (Le Lengua),fue publicada en el año,2004
Cuentos Claros/clear Stories (Le Lengua),pertenece a la categoria,Short Stories (single author)
Cuentos Claros/clear Stories (Le Lengua),pertenece a la categoria,Fiction
Cuentos Claros/clear Stories (Le Lengua),pertenece a la categoria,Fiction - General
Cuentos Claros/clear Stories (Le Lengua),pertenece a la categoria,Spanish: Adult Fiction
Cuentos Completos / Complete Short Stories (La Lengua / Cuento),fue publicada en el año,2006
Cuentos Completos / Complete Short Stories (La Lengua / Cuento),pertenece a la categoria,Short Stories (single author)
Cuentos Completos / Complete Short Stories (La Lengua / Cuento),pertenece a la categoria,Literary
Cuentos Completos / Complete Short Stories (La Lengua / Cuento),pertenece a la categoria,Fiction
Cuentos Completos / Complete Short Stories (La Lengua / Cuento),pertenece a la categoria,Fiction - General
Cuentos Completos / Complete Short Stories (La Lengua / Cuento),pertenece a la categoria,Spanish: Adult Fiction
Declinación y Angel,fue publicada en el año,2006
El Pentagono/the Pentagon,fue publicada en el año,2005
El Pentagono/the Pentagon,pertenece a la categoria,General
El Pentagono/the Pentagon,pertenece a la categoria,Literary
El Pentagono/the Pentagon,pertenece a la categoria,Fiction
El Pentagono/the Pentagon,pertenece a la categoria,Fiction - General
El Pentagono/the Pentagon,pertenece a la categoria,Spanish: Adult Fiction
Paginas de Antonio Di Benedetto,fue publicada en el año,2000
Paginas de Antonio Di Benedetto,pertenece a la categoria,General
Paginas de Antonio Di Benedetto,pertenece a la categoria,Fiction - General
Trilogía de la espera,fue publicada en el año,2011
Aballay,fue publicada en el año,2010
Otros septiembres,fue publicada en el año,2007
Otros septiembres,pertenece a la categoria,Latin American essays
Otros septiembres,pertenece a la categoria,America -- Politics and government -- 21st century
Otros septiembres,pertenece a la categoria,America -- Civilization -- 21st century
Salvados por Francisco,fue publicada en el año,2019
Salvados por Francisco,pertenece a la categoria,Victims of state-sponsored terrorism
Salvados por Francisco,pertenece a la categoria,Protection
Salvados por Francisco,pertenece a la categoria,Politics and government
Salvados por Francisco,pertenece a la categoria,Clergy
Salvados por Francisco,pertenece a la categoria,Biography
Salvados por Francisco,pertenece a la categoria,Christianity and politics
Salvados por Francisco,pertenece a la categoria,Church and social problems
Salvados por Francisco,pertenece a la categoria,Political persecution
Salvados por Francisco,pertenece a la categoria,Political refugees
Salvados por Francisco,pertenece a la categoria,Priests
Salvados por Francisco,pertenece a la categoria,Catholic Church
Salvados por Francisco,pertenece a la categoria,Dirty War (Argentina : 1976-1983) fast (OCoLC)fst01352711 (uri) http://id.worldcat.org/fast/fst01352711
La lealtad,fue publicada en el año,2015
La lealtad,pertenece a la categoria,Peronism
La lealtad,pertenece a la categoria,Politics and government
La lealtad,pertenece a la categoria,JP Lealtad (Organization : Argentina)
La lealtad,pertenece a la categoria,Montoneros Soldados de Perón (Organization : Argentina)
La lealtad,pertenece a la categoria,Organización Montoneros (Argentina)
Los Parques nacionales de la Argentina y otras de sus áreas naturales,fue publicada en el año,1981
El Nuevo Libro del Arbol (Colección Patrimonio Natural),fue publicada en el año,1997
El Nuevo Libro del Arbol (Colección Patrimonio Natural),pertenece a la categoria,Trees -- Argentina.
El amor nos destrozará,fue publicada en el año,2012
Al César lo que es del César,fue publicada en el año,2012
Al César lo que es del César,pertenece a la categoria,Catholic Church and philosophy
Del buen salvaje al ciudadano,fue publicada en el año,2003
Del buen salvaje al ciudadano,pertenece a la categoria,General
Del buen salvaje al ciudadano,pertenece a la categoria,Politics / Current Events
Historia de la filosofía IV - Filosofía contemporánea,fue publicada en el año,2005
Historia de la filosofía IV - Filosofía contemporánea,pertenece a la categoria,General
Historia de la filosofía IV - Filosofía contemporánea,pertenece a la categoria,Philosophy
Historia de la filosofía III - Filosofía moderna,fue publicada en el año,2005
Historia de la filosofía III - Filosofía moderna,pertenece a la categoria,General
Historia de la filosofía III - Filosofía moderna,pertenece a la categoria,Philosophy
El siglo de oro español,fue publicada en el año,2017
El último romántico,fue publicada en el año,2018
El último romántico,pertenece a la categoria,Christian life
El último romántico,pertenece a la categoria,Catholic authors
El último romántico,pertenece a la categoria,Doctrines
El último romántico,pertenece a la categoria,History
El último romántico,pertenece a la categoria,Doctrinal Theology
El último romántico,pertenece a la categoria,Catholic Church
El Papa Francisco,fue publicada en el año,2013
El Papa Francisco,pertenece a la categoria,Popes
El Papa Francisco,pertenece a la categoria,Biography
El Papa Francisco,pertenece a la categoria,Catholic Church
"No esclavos, sino hijos",fue publicada en el año,2021
Transformar el mundo desde dentro,fue publicada en el año,2019
De la persona a la aldea global,fue publicada en el año,2009
El medio ambiente no le importa a nadie,fue publicada en el año,2007
Covergencias,fue publicada en el año,1986
Covergencias,pertenece a la categoria,General
Covergencias,pertenece a la categoria,Fiction - General
Frente al Mar de Timor,fue publicada en el año,1976
Obra poética,fue publicada en el año,2010
Inodoro Pereyra 18,fue publicada en el año,2005
Inodoro Pereyra 18,pertenece a la categoria,General
Inodoro Pereyra 18,pertenece a la categoria,Graphic Novels - General
Inodoro Pereyra 18,pertenece a la categoria,Comics & Graphic Novels
Inodoro Pereyra 18,pertenece a la categoria,Graphic Novels
Inodoro Pereyra 18,pertenece a la categoria,Spanish: Adult Fiction
Inodoro Pereyra 17,fue publicada en el año,2005
Inodoro Pereyra 17,pertenece a la categoria,General
Inodoro Pereyra 17,pertenece a la categoria,Graphic Novels - General
Inodoro Pereyra 17,pertenece a la categoria,Comics & Graphic Novels
Inodoro Pereyra 17,pertenece a la categoria,Humor
Inodoro Pereyra 17,pertenece a la categoria,Spanish: Adult Fiction
Cuentos de ciencia ficción,fue publicada en el año,2018
Los mejores cuentos de fútbol,fue publicada en el año,2013
Cuentos Reunidos,fue publicada en el año,2004
Cuentos de cine,fue publicada en el año,1996
Cuentos de cine,pertenece a la categoria,Motion pictures -- Argentina.
Cuentos de cine,pertenece a la categoria,Motion pictures.
Boogie el aceitoso,fue publicada en el año,1974
El fútbol es sagrado,fue publicada en el año,1990
El fútbol es sagrado,pertenece a la categoria,Soccer.
El fútbol es sagrado,pertenece a la categoria,"Argentine wit and humor, Pictorial."
Los clásicos según Fontanarrosa,fue publicada en el año,1988
No te vayas campeón,fue publicada en el año,2000
No te vayas campeón,pertenece a la categoria,General
No te vayas campeón,pertenece a la categoria,Humor
Aventuras de Inodoro Pereyra 5,fue publicada en el año,1997
Aventuras de Inodoro Pereyra 5,pertenece a la categoria,General
Aventuras de Inodoro Pereyra 5,pertenece a la categoria,Humor
Best Seller,fue publicada en el año,2007
Best Seller,pertenece a la categoria,General
Best Seller,pertenece a la categoria,Humorous
Best Seller,pertenece a la categoria,Latin American Novel And Short Story
Best Seller,pertenece a la categoria,Fiction
Best Seller,pertenece a la categoria,Fiction - General
Best Seller,pertenece a la categoria,Spanish: Adult Fiction
Boogie 11,fue publicada en el año,2005
Boogie 11,pertenece a la categoria,General
Boogie 11,pertenece a la categoria,Graphic Novels - General
Boogie 11,pertenece a la categoria,Comics & Graphic Novels
Boogie 11,pertenece a la categoria,Humor
Boogie 11,pertenece a la categoria,Spanish: Adult Fiction
Boogie 6,fue publicada en el año,2005
Boogie 6,pertenece a la categoria,General
Boogie 6,pertenece a la categoria,Graphic Novels - General
Boogie 6,pertenece a la categoria,Comics & Graphic Novels
Boogie 6,pertenece a la categoria,Humor
Boogie 6,pertenece a la categoria,Spanish: Adult Fiction
El Area 18 / The 18 Area,fue publicada en el año,2005
El Area 18 / The 18 Area,pertenece a la categoria,Latin American Novel And Short Story
El Area 18 / The 18 Area,pertenece a la categoria,Fiction
El Area 18 / The 18 Area,pertenece a la categoria,Fiction - General
El Area 18 / The 18 Area,pertenece a la categoria,Spanish: Adult Fiction
El Area 18 / The 18 Area,pertenece a la categoria,General
El Area 18 / The 18 Area,pertenece a la categoria,Sports
El Mayor De Mis Defectos,fue publicada en el año,2005
El Mayor De Mis Defectos,pertenece a la categoria,General
El Mayor De Mis Defectos,pertenece a la categoria,Literary
El Mayor De Mis Defectos,pertenece a la categoria,Fiction
El Mayor De Mis Defectos,pertenece a la categoria,Fiction - General
El Mayor De Mis Defectos,pertenece a la categoria,Spanish: Adult Fiction
"El Mundo Ha Vivido Equivocado Y Otros Cuentos/the World Has Lived Mistaken, and Other Stories",fue publicada en el año,1985
"El Mundo Ha Vivido Equivocado Y Otros Cuentos/the World Has Lived Mistaken, and Other Stories",pertenece a la categoria,Short Stories (single author)
"El Mundo Ha Vivido Equivocado Y Otros Cuentos/the World Has Lived Mistaken, and Other Stories",pertenece a la categoria,Short stories
"El Mundo Ha Vivido Equivocado Y Otros Cuentos/the World Has Lived Mistaken, and Other Stories",pertenece a la categoria,Fiction - General
"El Mundo Ha Vivido Equivocado Y Otros Cuentos/the World Has Lived Mistaken, and Other Stories",pertenece a la categoria,Reading materials
"El Mundo Ha Vivido Equivocado Y Otros Cuentos/the World Has Lived Mistaken, and Other Stories",pertenece a la categoria,Spanish language
"El Mundo Ha Vivido Equivocado Y Otros Cuentos/the World Has Lived Mistaken, and Other Stories",pertenece a la categoria,Spanish: Adult Nonfiction
El Rey De La Milonga / the King of the Milonga,fue publicada en el año,2006
El Rey De La Milonga / the King of the Milonga,pertenece a la categoria,Latin American Novel And Short Story
El Rey De La Milonga / the King of the Milonga,pertenece a la categoria,Fiction
El Rey De La Milonga / the King of the Milonga,pertenece a la categoria,Fiction - General
El Rey De La Milonga / the King of the Milonga,pertenece a la categoria,Spanish: Adult Fiction
El Rey De La Milonga / the King of the Milonga,pertenece a la categoria,Short Stories (single author)
El Segundo Sexo De Fontanarro,fue publicada en el año,2005
El Segundo Sexo De Fontanarro,pertenece a la categoria,General
El Segundo Sexo De Fontanarro,pertenece a la categoria,Graphic Novels - General
El Segundo Sexo De Fontanarro,pertenece a la categoria,Comics & Graphic Novels
El Segundo Sexo De Fontanarro,pertenece a la categoria,Humor
El Segundo Sexo De Fontanarro,pertenece a la categoria,Spanish: Adult Fiction
Fontanarrosa Contra La Cultura,fue publicada en el año,2005
Fontanarrosa Contra La Cultura,pertenece a la categoria,General
Fontanarrosa Contra La Cultura,pertenece a la categoria,Graphic Novels - General
Fontanarrosa Contra La Cultura,pertenece a la categoria,Comics & Graphic Novels
Fontanarrosa Contra La Cultura,pertenece a la categoria,Humor
Fontanarrosa Contra La Cultura,pertenece a la categoria,Spanish: Adult Fiction
Fontanarrosa De Penal,fue publicada en el año,2005
Fontanarrosa De Penal,pertenece a la categoria,General
Fontanarrosa De Penal,pertenece a la categoria,Graphic Novels - General
Fontanarrosa De Penal,pertenece a la categoria,Comics & Graphic Novels
Fontanarrosa De Penal,pertenece a la categoria,Humor
Fontanarrosa De Penal,pertenece a la categoria,Spanish: Adult Fiction
Fontanarrosa y la inseguridad/ Fontanarrosa And The Insecurity,fue publicada en el año,2007
Fontanarrosa y la inseguridad/ Fontanarrosa And The Insecurity,pertenece a la categoria,General
Fontanarrosa y la inseguridad/ Fontanarrosa And The Insecurity,pertenece a la categoria,Form - Comic Strips & Cartoons
Fontanarrosa y la inseguridad/ Fontanarrosa And The Insecurity,pertenece a la categoria,Graphic Satire And Humor
Fontanarrosa y la inseguridad/ Fontanarrosa And The Insecurity,pertenece a la categoria,Humor
Fontanarrosa y la inseguridad/ Fontanarrosa And The Insecurity,pertenece a la categoria,Spanish: Adult Nonfiction
Fontanarrosa Y Los Medicos,fue publicada en el año,2005
Fontanarrosa Y Los Medicos,pertenece a la categoria,Humor
Fontanarrosa Y Los Medicos,pertenece a la categoria,Comics & Graphic Novels
Fontanarrosa Y Los Medicos,pertenece a la categoria,Spanish: Adult Fiction
Fontanarrosa Y Los Medicos,pertenece a la categoria,General
Fontanarrosa Y Los Medicos,pertenece a la categoria,Graphic Novels - General
Inodoro Pereyra,fue publicada en el año,2007
Inodoro Pereyra,pertenece a la categoria,General
Inodoro Pereyra,pertenece a la categoria,Form - Cartoons & Comics
Inodoro Pereyra,pertenece a la categoria,Graphic Satire And Humor
Inodoro Pereyra,pertenece a la categoria,Humor
Inodoro Pereyra,pertenece a la categoria,Spanish: Adult Nonfiction
Inodoro Pereyra - 1,fue publicada en el año,1996
Inodoro Pereyra - 1,pertenece a la categoria,General
Inodoro Pereyra - 1,pertenece a la categoria,Humor
Inodoro Pereyra 10,fue publicada en el año,2005
Inodoro Pereyra 10,pertenece a la categoria,General
Inodoro Pereyra 10,pertenece a la categoria,Graphic Novels - General
Inodoro Pereyra 10,pertenece a la categoria,Comics & Graphic Novels
Inodoro Pereyra 10,pertenece a la categoria,Humor
Inodoro Pereyra 10,pertenece a la categoria,Spanish: Adult Fiction
Inodoro Pereyra 11,fue publicada en el año,2005
Inodoro Pereyra 11,pertenece a la categoria,General
Inodoro Pereyra 11,pertenece a la categoria,Graphic Novels - General
Inodoro Pereyra 11,pertenece a la categoria,Comics & Graphic Novels
Inodoro Pereyra 11,pertenece a la categoria,Humor
Inodoro Pereyra 11,pertenece a la categoria,Spanish: Adult Fiction
Inodoro Pereyra 12,fue publicada en el año,2005
Inodoro Pereyra 12,pertenece a la categoria,General
Inodoro Pereyra 12,pertenece a la categoria,Graphic Novels - General
Inodoro Pereyra 12,pertenece a la categoria,Comics & Graphic Novels
Inodoro Pereyra 12,pertenece a la categoria,Humor
Inodoro Pereyra 12,pertenece a la categoria,Spanish: Adult Fiction
Inodoro Pereyra 13,fue publicada en el año,2005
Inodoro Pereyra 13,pertenece a la categoria,General
Inodoro Pereyra 13,pertenece a la categoria,Graphic Novels - General
Inodoro Pereyra 13,pertenece a la categoria,Comics & Graphic Novels
Inodoro Pereyra 13,pertenece a la categoria,Humor
Inodoro Pereyra 13,pertenece a la categoria,Spanish: Adult Fiction
Inodoro Pereyra 14,fue publicada en el año,2005
Inodoro Pereyra 14,pertenece a la categoria,General
Inodoro Pereyra 14,pertenece a la categoria,Graphic Novels - General
Inodoro Pereyra 14,pertenece a la categoria,Comics & Graphic Novels
Inodoro Pereyra 14,pertenece a la categoria,Humor
Inodoro Pereyra 14,pertenece a la categoria,Spanish: Adult Fiction
Inodoro Pereyra 19,fue publicada en el año,2005
Inodoro Pereyra 19,pertenece a la categoria,General
Inodoro Pereyra 19,pertenece a la categoria,Graphic Novels - General
Inodoro Pereyra 19,pertenece a la categoria,Comics & Graphic Novels
Inodoro Pereyra 19,pertenece a la categoria,Humor
Inodoro Pereyra 19,pertenece a la categoria,Spanish: Adult Fiction
Inodoro Pereyra 2,fue publicada en el año,2005
Inodoro Pereyra 2,pertenece a la categoria,General
Inodoro Pereyra 2,pertenece a la categoria,Graphic Novels - General
Inodoro Pereyra 2,pertenece a la categoria,Comics & Graphic Novels
Inodoro Pereyra 2,pertenece a la categoria,Humor
Inodoro Pereyra 2,pertenece a la categoria,Spanish: Adult Fiction
Inodoro Pereyra 20,fue publicada en el año,2005
Inodoro Pereyra 20,pertenece a la categoria,General
Inodoro Pereyra 20,pertenece a la categoria,Graphic Novels - General
Inodoro Pereyra 20,pertenece a la categoria,Comics & Graphic Novels
Inodoro Pereyra 20,pertenece a la categoria,Humor
Inodoro Pereyra 20,pertenece a la categoria,Spanish: Adult Fiction
Inodoro Pereyra 26,fue publicada en el año,2005
Inodoro Pereyra 26,pertenece a la categoria,General
Inodoro Pereyra 26,pertenece a la categoria,Graphic Novels - General
Inodoro Pereyra 26,pertenece a la categoria,Comics & Graphic Novels
Inodoro Pereyra 26,pertenece a la categoria,Humor
Inodoro Pereyra 26,pertenece a la categoria,Spanish: Adult Fiction
Inodoro Pereyra 27,fue publicada en el año,2007
Inodoro Pereyra 27,pertenece a la categoria,General
Inodoro Pereyra 27,pertenece a la categoria,Comics & Cartoons
Inodoro Pereyra 27,pertenece a la categoria,Comics & Graphic Novels
Inodoro Pereyra 27,pertenece a la categoria,Humor
Inodoro Pereyra 27,pertenece a la categoria,Spanish: Adult Fiction
Inodoro Pereyra 28,fue publicada en el año,2007
Inodoro Pereyra 28,pertenece a la categoria,Comics & Cartoons
Inodoro Pereyra 28,pertenece a la categoria,Comics & Graphic Novels
Inodoro Pereyra 28,pertenece a la categoria,Spanish: Adult Fiction
Inodoro Pereyra 29,fue publicada en el año,2005
Inodoro Pereyra 3,fue publicada en el año,2005
Inodoro Pereyra 3,pertenece a la categoria,General
Inodoro Pereyra 3,pertenece a la categoria,Graphic Novels - General
Inodoro Pereyra 3,pertenece a la categoria,Comics & Graphic Novels
Inodoro Pereyra 3,pertenece a la categoria,Humor
Inodoro Pereyra 3,pertenece a la categoria,Spanish: Adult Fiction
Inodoro Pereyra 4,fue publicada en el año,2005
Inodoro Pereyra 4,pertenece a la categoria,General
Inodoro Pereyra 4,pertenece a la categoria,Graphic Novels - General
Inodoro Pereyra 4,pertenece a la categoria,Comics & Graphic Novels
Inodoro Pereyra 4,pertenece a la categoria,Humor
Inodoro Pereyra 4,pertenece a la categoria,Spanish: Adult Fiction
Inodoro Pereyra 6,fue publicada en el año,2005
Inodoro Pereyra 6,pertenece a la categoria,General
Inodoro Pereyra 6,pertenece a la categoria,Graphic Novels - General
Inodoro Pereyra 6,pertenece a la categoria,Comics & Graphic Novels
Inodoro Pereyra 6,pertenece a la categoria,Humor
Inodoro Pereyra 6,pertenece a la categoria,Spanish: Adult Fiction
Inodoro Pereyra 7,fue publicada en el año,2005
Inodoro Pereyra 7,pertenece a la categoria,General
Inodoro Pereyra 7,pertenece a la categoria,Graphic Novels - General
Inodoro Pereyra 7,pertenece a la categoria,Comics & Graphic Novels
Inodoro Pereyra 7,pertenece a la categoria,Humor
Inodoro Pereyra 7,pertenece a la categoria,Spanish: Adult Fiction
Inodoro Pereyra 8,fue publicada en el año,2005
Inodoro Pereyra 8,pertenece a la categoria,General
Inodoro Pereyra 8,pertenece a la categoria,Graphic Novels - General
Inodoro Pereyra 8,pertenece a la categoria,Comics & Graphic Novels
Inodoro Pereyra 8,pertenece a la categoria,Humor
Inodoro Pereyra 8,pertenece a la categoria,Spanish: Adult Fiction
La Mesa De Los Galanes y otros cuentos/ The Table of the Handsome Young Men and Other Stories,fue publicada en el año,2006
La Mesa De Los Galanes y otros cuentos/ The Table of the Handsome Young Men and Other Stories,pertenece a la categoria,Latin American Novel And Short Story
La Mesa De Los Galanes y otros cuentos/ The Table of the Handsome Young Men and Other Stories,pertenece a la categoria,Fiction
La Mesa De Los Galanes y otros cuentos/ The Table of the Handsome Young Men and Other Stories,pertenece a la categoria,Humor
La Mesa De Los Galanes y otros cuentos/ The Table of the Handsome Young Men and Other Stories,pertenece a la categoria,Spanish: Adult Fiction
La Mesa De Los Galanes y otros cuentos/ The Table of the Handsome Young Men and Other Stories,pertenece a la categoria,General
La Mesa De Los Galanes y otros cuentos/ The Table of the Handsome Young Men and Other Stories,pertenece a la categoria,Short Stories (single author)
Los Trenes Matan a Los Autos,fue publicada en el año,2005
Los Trenes Matan a Los Autos,pertenece a la categoria,Literary
Los Trenes Matan a Los Autos,pertenece a la categoria,Fiction
Los Trenes Matan a Los Autos,pertenece a la categoria,Fiction - General
Los Trenes Matan a Los Autos,pertenece a la categoria,Spanish: Adult Fiction
Los Trenes Matan a Los Autos,pertenece a la categoria,General
Juego y Aprendo 2 - Con El Grafico,fue publicada en el año,1997
Juego y Aprendo 2 - Con El Grafico,pertenece a la categoria,Interactive Adventure
Juego y Aprendo 2 - Con El Grafico,pertenece a la categoria,Children's 9-12
Juego y Aprendo 2 - Con El Grafico,pertenece a la categoria,Children's Books/All Ages
Juego y Aprendo 3 - Con El Grafico,fue publicada en el año,1996
Juego y Aprendo 3 - Con El Grafico,pertenece a la categoria,Interactive Adventure
Juego y Aprendo 3 - Con El Grafico,pertenece a la categoria,Children's Baby/Preschool
Juego y Aprendo 3 - Con El Grafico,pertenece a la categoria,Children's Books/Baby-Preschool
La Gran Payada,fue publicada en el año,1995
La Gran Payada,pertenece a la categoria,General
La Gran Payada,pertenece a la categoria,Humor
Juego y Aprendo 1 - Con El Grafico,fue publicada en el año,1997
Juego y Aprendo 1 - Con El Grafico,pertenece a la categoria,Interactive Adventure
Juego y Aprendo 1 - Con El Grafico,pertenece a la categoria,Juvenile Fiction
Juego y Aprendo 1 - Con El Grafico,pertenece a la categoria,Children's Baby/Preschool
Juego y Aprendo 1 - Con El Grafico,pertenece a la categoria,Children's Books/Baby-Preschool
Juego y Aprendo 4 - Con El Grafico,fue publicada en el año,1997
Juego y Aprendo 4 - Con El Grafico,pertenece a la categoria,Interactive Adventure
Juego y Aprendo 4 - Con El Grafico,pertenece a la categoria,Children's Baby/Preschool
Juego y Aprendo 4 - Con El Grafico,pertenece a la categoria,Children's Books/Baby-Preschool
La pampa habla,fue publicada en el año,1968
La pampa habla,pertenece a la categoria,History
Biografías animales,fue publicada en el año,1953
Biografías animales,pertenece a la categoria,Animal behavior.
El General Paz y Los DOS Candidatos,fue publicada en el año,1984
El General Paz y Los DOS Candidatos,pertenece a la categoria,Latin America - South America
El General Paz y Los DOS Candidatos,pertenece a la categoria,History - General History
El Aguila y El Zorro,fue publicada en el año,1995
El Aguila y El Zorro,pertenece a la categoria,Short Stories
El Aguila y El Zorro,pertenece a la categoria,Children's Books/Baby-Preschool
Prehistoria de San Juan,fue publicada en el año,1993
Prehistoria de San Juan,pertenece a la categoria,Indians of South America -- Argentina -- San Juan (Province) -- Antiquities.
Prehistoria de San Juan,pertenece a la categoria,Indians of South America -- Material culture -- Argentina -- San Juan (Province)
Prehistoria de San Juan,pertenece a la categoria,San Juan (Argentina : Province) -- Antiquities.
El psicoanálisis y los debates culturales,fue publicada en el año,2005
El psicoanálisis y los debates culturales,pertenece a la categoria,General
El psicoanálisis y los debates culturales,pertenece a la categoria,Psychology
Actualidad del Trauma,fue publicada en el año,2005
Actualidad del Trauma,pertenece a la categoria,Physiological Psychology
Actualidad del Trauma,pertenece a la categoria,Psychology
D'Escolar (Serie Impar),fue publicada en el año,2000
D'Escolar (Serie Impar),pertenece a la categoria,General
D'Escolar (Serie Impar),pertenece a la categoria,Psychology
Fuego Amigo,fue publicada en el año,2004
Fuego Amigo,pertenece a la categoria,Reference
Fuego Amigo,pertenece a la categoria,Literature - Classics / Criticism
Gombrowicz - El Estilo y La Heraldica,fue publicada en el año,1993
Gombrowicz - El Estilo y La Heraldica,pertenece a la categoria,Reference
Gombrowicz - El Estilo y La Heraldica,pertenece a la categoria,Literature - Classics / Criticism
La Fortuna,fue publicada en el año,2004
La Fortuna,pertenece a la categoria,Psychological
La Fortuna,pertenece a la categoria,Fiction
La Fortuna,pertenece a la categoria,Fiction - General
La Fortuna,pertenece a la categoria,Spanish: Adult Fiction
La Fortuna,pertenece a la categoria,General
Oscar Masotta,fue publicada en el año,2000
Oscar Masotta,pertenece a la categoria,General
Oscar Masotta,pertenece a la categoria,"Masotta, Oscar"
Oscar Masotta,pertenece a la categoria,Psychology
Oscar Masotta y El Psicoanalisis del Castellano (Extension Freudiana),fue publicada en el año,1992
Oscar Masotta y El Psicoanalisis del Castellano (Extension Freudiana),pertenece a la categoria,Movements - Psychoanalysis
Oscar Masotta y El Psicoanalisis del Castellano (Extension Freudiana),pertenece a la categoria,"Masotta, Oscar"
Oscar Masotta y El Psicoanalisis del Castellano (Extension Freudiana),pertenece a la categoria,Psychoanalysis
Oscar Masotta y El Psicoanalisis del Castellano (Extension Freudiana),pertenece a la categoria,Spain
Oscar Masotta y El Psicoanalisis del Castellano (Extension Freudiana),pertenece a la categoria,Psychology
Paratangos,fue publicada en el año,2003
Curso básico de lunfardo,fue publicada en el año,2004
Curso básico de lunfardo,pertenece a la categoria,Spanish language
Curso básico de lunfardo,pertenece a la categoria,Slang
Curso básico de lunfardo,pertenece a la categoria,Provincialisms
Diccionario gauchesco,fue publicada en el año,2003
Cronología general del tango,fue publicada en el año,2011
Cronología general del tango,pertenece a la categoria,Composers
Cronología general del tango,pertenece a la categoria,Chronology
Cronología general del tango,pertenece a la categoria,Musicians
Cronología general del tango,pertenece a la categoria,Singers
Cronología general del tango,pertenece a la categoria,Tango (Dance)
Cronología general del tango,pertenece a la categoria,Biography
Cronología general del tango,pertenece a la categoria,History
Historia de la Academia Porteña del Lunfardo,fue publicada en el año,2011
Historia de la Academia Porteña del Lunfardo,pertenece a la categoria,Intellectual life
Historia de la Academia Porteña del Lunfardo,pertenece a la categoria,Academia Porteña del Lunfardo
Historia de la Academia Porteña del Lunfardo,pertenece a la categoria,Spanish language
Historia de la Academia Porteña del Lunfardo,pertenece a la categoria,Slang
Historia de la Academia Porteña del Lunfardo,pertenece a la categoria,History
¿Cómo era Gardel?,fue publicada en el año,2009
Blanqueo etimológico del lunfardo,fue publicada en el año,2005
Blanqueo etimológico del lunfardo,pertenece a la categoria,Spanish language -- Slang -- Argentina -- Buenos Aires -- Dictionaries
Blanqueo etimológico del lunfardo,pertenece a la categoria,Spanish language -- Provincialisms -- Argentina -- Buenos Aires -- Dictionaries
Ilusiones - Bolsillo (Spanish Edition),fue publicada en el año,2001
Ilusiones - Bolsillo (Spanish Edition),pertenece a la categoria,Visionary & Metaphysical
Ilusiones - Bolsillo (Spanish Edition),pertenece a la categoria,Motivational & Inspirational
Ilusiones - Bolsillo (Spanish Edition),pertenece a la categoria,Fiction
Ilusiones - Bolsillo (Spanish Edition),pertenece a la categoria,"New Age / Body, Mind & Spirit"
Ilusiones - Bolsillo (Spanish Edition),pertenece a la categoria,Spanish: Adult Fiction
Ilusiones - Bolsillo (Spanish Edition),pertenece a la categoria,Inspiration & Personal Growth
Ilusiones - Bolsillo (Spanish Edition),pertenece a la categoria,Spanish: Adult Nonfiction
La nardo,fue publicada en el año,2007
El desahucio a la vista,fue publicada en el año,2020
El desahucio a la vista,pertenece a la categoria,Photography
"Retratos, semblanzas y caricaturas variadas",fue publicada en el año,2021
"Retratos, semblanzas y caricaturas variadas",pertenece a la categoria,Biography
America Alucinada,fue publicada en el año,2013
Ocupacion y Reconquista. 1806 B 1807 a 200 Anos de Las Invasiones Inglesas,fue publicada en el año,2006
Ocupacion y Reconquista. 1806 B 1807 a 200 Anos de Las Invasiones Inglesas,pertenece a la categoria,Latin America - South America
Ocupacion y Reconquista. 1806 B 1807 a 200 Anos de Las Invasiones Inglesas,pertenece a la categoria,History - General History
Tiempo de Trajedias y Esperanzas - Cronologias Historica 1955-2005 de Peron a Kirchner,fue publicada en el año,2006
Tiempo de Trajedias y Esperanzas - Cronologias Historica 1955-2005 de Peron a Kirchner,pertenece a la categoria,Latin America - South America
Tiempo de Trajedias y Esperanzas - Cronologias Historica 1955-2005 de Peron a Kirchner,pertenece a la categoria,History - General History
El país que nos parió,fue publicada en el año,2017
El país que nos parió,pertenece a la categoria,Chronology
El país que nos parió,pertenece a la categoria,History
"Buenos Aires, otoño 1982",fue publicada en el año,2007
"Buenos Aires, otoño 1982",pertenece a la categoria,"Falkland Islands War, 1982 -- Sources."
Agonia y Muerte de Juan Domingo Peron,fue publicada en el año,2000
Agonia y Muerte de Juan Domingo Peron,pertenece a la categoria,General
Agonia y Muerte de Juan Domingo Peron,pertenece a la categoria,Latin America - South America
Agonia y Muerte de Juan Domingo Peron,pertenece a la categoria,Death and burial
Agonia y Muerte de Juan Domingo Peron,pertenece a la categoria,Health
Agonia y Muerte de Juan Domingo Peron,pertenece a la categoria,"Peron, Juan Domingo"
Agonia y Muerte de Juan Domingo Peron,pertenece a la categoria,Biography / Autobiography
La colonia olvidada,fue publicada en el año,2000
La colonia olvidada,pertenece a la categoria,Latin America - South America
La colonia olvidada,pertenece a la categoria,General
La colonia olvidada,pertenece a la categoria,Fiction
La colonia olvidada,pertenece a la categoria,History - General History
La colonia olvidada,pertenece a la categoria,Spanish: Adult Fiction
Pequeñas Guerras Britanicas En America Latina,fue publicada en el año,1998
Pequeñas Guerras Britanicas En America Latina,pertenece a la categoria,Latin America - South America
Pequeñas Guerras Britanicas En America Latina,pertenece a la categoria,History - General History
Memoria del Miedo,fue publicada en el año,1999
Memoria del Miedo,pertenece a la categoria,Latin America - South America
Memoria del Miedo,pertenece a la categoria,History - General History
Azazel,fue publicada en el año,1989
Viaje en Lápiz,fue publicada en el año,2024
¡Vivan Las Uñas de Colores!,fue publicada en el año,2023
¡Vivan Las Uñas de Colores!,pertenece a la categoria,Children's fiction
"Nino, el rey de todo el mundo",fue publicada en el año,2010
Basurarte,fue publicada en el año,2009
temido enemigo,fue publicada en el año,2011
Para qué sirven los dientes?,fue publicada en el año,2006
Para qué sirven los dientes?,pertenece a la categoria,Libros ilustrados para niños
Mallko y papá,fue publicada en el año,2014
Basurarte,fue publicada en el año,2011
El Hijo Del Viento/the Son of the Wind,fue publicada en el año,1998
El Hijo Del Viento/the Son of the Wind,pertenece a la categoria,General
El Hijo Del Viento/the Son of the Wind,pertenece a la categoria,Foreign Language Study - General
El Hijo Del Viento/the Son of the Wind,pertenece a la categoria,Juvenile Nonfiction
El Hijo Del Viento/the Son of the Wind,pertenece a la categoria,Children's 4-8 - Fiction - General
El Hijo Del Viento/the Son of the Wind,pertenece a la categoria,Spanish: Grades 2-3
Poemas simplistas,fue publicada en el año,2011
Poemas simplistas,pertenece a la categoria,Poetas peruanos (Hidalgo)
Poemas simplistas,pertenece a la categoria,Poesía peruana
Poesía de la locura al celo,fue publicada en el año,2013
Poesía de la locura al celo,pertenece a la categoria,Latin American Experimental poetry
Poesía de la locura al celo,pertenece a la categoria,Spanish American poetry
España no existe,fue publicada en el año,1921
España no existe,pertenece a la categoria,Spanish National characteristics
Poemas simplistas,fue publicada en el año,2009
Dobleces,fue publicada en el año,2018
Dobleces,pertenece a la categoria,Argentine literature
Dobleces,pertenece a la categoria,History and criticism
Letras y Divisas,fue publicada en el año,2004
Letras y Divisas,pertenece a la categoria,General
Letras y Divisas,pertenece a la categoria,Literature - Classics / Criticism
Corrientes,fue publicada en el año,2010
El caserío,fue publicada en el año,2007
El aire estaba quieto,fue publicada en el año,2009
El banco está cerrado,fue publicada en el año,2010
El Romancero sefardí de Máximo José Kahn,fue publicada en el año,2019
El Romancero sefardí de Máximo José Kahn,pertenece a la categoria,Criticism and interpretation
El Romancero sefardí de Máximo José Kahn,pertenece a la categoria,Sephardim in literature
Arte y Torá,fue publicada en el año,2012
Arte y Torá,pertenece a la categoria,Judaism
Arte y Torá,pertenece a la categoria,Jews
Arte y Torá,pertenece a la categoria,History
La puerta del viento,fue publicada en el año,2014
La puerta del viento,pertenece a la categoria,"Vietnam War, 1961-1975"
La puerta del viento,pertenece a la categoria,Fiction
Poemas chinos,fue publicada en el año,2005
Poemas chinos,pertenece a la categoria,Chinese poetry -- Translations into Spanish.
Poemas chinos,fue publicada en el año,1987
El artista,fue publicada en el año,2010
Cuentos de Terror (Interzona Ficciones),fue publicada en el año,2003
Cuentos de Terror (Interzona Ficciones),pertenece a la categoria,Horror tales.
LA Mujer En LA Muralla/the Woman on the Wall,fue publicada en el año,2002
LA Mujer En LA Muralla/the Woman on the Wall,pertenece a la categoria,Historical - General
LA Mujer En LA Muralla/the Woman on the Wall,pertenece a la categoria,Fiction
LA Mujer En LA Muralla/the Woman on the Wall,pertenece a la categoria,Fiction - Historical
LA Mujer En LA Muralla/the Woman on the Wall,pertenece a la categoria,Spanish: Adult Nonfiction
LA Mujer En LA Muralla/the Woman on the Wall,pertenece a la categoria,General
las gordas tambien viajan en internet,fue publicada en el año,2004
Aventuras de Un Novelista Atonal,fue publicada en el año,1982
La mujer en la Muralla,fue publicada en el año,1990
La mujer en la Muralla,pertenece a la categoria,"China -- History -- Qin dynasty, 221-207 B.C. -- Fiction."
Los sorias,fue publicada en el año,1998
Matando enanos a garrotazos,fue publicada en el año,1982
El artista,fue publicada en el año,2010
Su turno,fue publicada en el año,2010
Cuentos completos,fue publicada en el año,2011
Mi libro enterrado,fue publicada en el año,2013
El general y el almirante,fue publicada en el año,2018
El general y el almirante,pertenece a la categoria,Adversaries
El general y el almirante,pertenece a la categoria,Generals
El general y el almirante,pertenece a la categoria,Biography
El general y el almirante,pertenece a la categoria,Admirals
El general y el almirante,pertenece a la categoria,History
El general y el almirante,pertenece a la categoria,Enemies
El general y el almirante,pertenece a la categoria,Wars of Independence (South America : 1806-1830) fast (OCoLC)fst01355310 (uri) http://id.worldcat.org/fast/fst01355310
Cuadros Clínicos,fue publicada en el año,2020
La patria enferma,fue publicada en el año,2010
La patria enferma,pertenece a la categoria,Physicians
La patria enferma,pertenece a la categoria,Diseases and history
La patria enferma,pertenece a la categoria,Statesmen
La patria enferma,pertenece a la categoria,Diseases
La patria enferma,pertenece a la categoria,History
Viviendo en el país de nunca jamás,fue publicada en el año,2007
Viviendo en el país de nunca jamás,pertenece a la categoria,Adult children living with parents
Sin mañana,fue publicada en el año,2011
Sin mañana,pertenece a la categoria,Politics and government
Artigas,fue publicada en el año,2011
Artigas,pertenece a la categoria,Statesmen
Artigas,pertenece a la categoria,Biography
Artigas,pertenece a la categoria,History
La patria posible,fue publicada en el año,2012
La patria posible,pertenece a la categoria,Presidents
La patria posible,pertenece a la categoria,Generals
La patria posible,pertenece a la categoria,Biography
La patria posible,pertenece a la categoria,History
Ringo y Joe,fue publicada en el año,2014
Ringo y Joe,pertenece a la categoria,Pimps
Ringo y Joe,pertenece a la categoria,Boxers (Sports)
Ringo y Joe,pertenece a la categoria,Biography
Ringo y Joe,pertenece a la categoria,Mafiosi
Monstruos como nosotros,fue publicada en el año,2009
Monstruos como nosotros,pertenece a la categoria,"Abnormalities, Human"
Monstruos como nosotros,pertenece a la categoria,Freak shows
Monstruos como nosotros,pertenece a la categoria,Monsters
Días de gloria,fue publicada en el año,2009
Gitana de las Flores,fue publicada en el año,2002
Gitana de las Flores,pertenece a la categoria,Royalty (kings  queens  princes  princesses  knights  etc.)
Gitana de las Flores,pertenece a la categoria,"Science Fiction, Fantasy, & Magic"
Gitana de las Flores,pertenece a la categoria,Readers - Beginner
Gitana de las Flores,pertenece a la categoria,Juvenile Fiction
Gitana de las Flores,pertenece a la categoria,Children's 4-8 - Fiction - Historical
Gitana de las Flores,pertenece a la categoria,Spanish: Grades 2-3
Gitana de las Flores,pertenece a la categoria,Spanish: Kindergarten
Accidente Celeste,fue publicada en el año,2006
Accidente Celeste,pertenece a la categoria,Short Stories
Accidente Celeste,pertenece a la categoria,Children's Books/All Ages
Alba y ocaso,fue publicada en el año,2003
Alba y ocaso,pertenece a la categoria,Preschool Nursery Rhymes / Poetry
Alba y ocaso,pertenece a la categoria,Juvenile Nonfiction
Alba y ocaso,pertenece a la categoria,Children's Books/Ages 9-12 Nonfiction
Alba y ocaso,pertenece a la categoria,Spanish: Grades 1-2
Alba y ocaso,pertenece a la categoria,Concepts - Opposites
Alba y ocaso,pertenece a la categoria,Poetry - General
Alba y ocaso,pertenece a la categoria,Juvenile Fiction / Ethnic / Hispanic & Latino
LA Vaca Roja,fue publicada en el año,2002
LA Vaca Roja,pertenece a la categoria,Animals - General
LA Vaca Roja,pertenece a la categoria,Readers - Beginner
LA Vaca Roja,pertenece a la categoria,Social Issues - Friendship
LA Vaca Roja,pertenece a la categoria,Short Stories
LA Vaca Roja,pertenece a la categoria,Juvenile Fiction
LA Vaca Roja,pertenece a la categoria,Children's Books/Ages 4-8 Fiction
LA Vaca Roja,pertenece a la categoria,Spanish: Kindergarten
Los Gemelos Del Popol Vuh/The Twins of Popol Vuh (Cuentamerica),fue publicada en el año,2004
Los Gemelos Del Popol Vuh/The Twins of Popol Vuh (Cuentamerica),pertenece a la categoria,Short Stories
Los Gemelos Del Popol Vuh/The Twins of Popol Vuh (Cuentamerica),pertenece a la categoria,Fairy Tales & Folklore - Anthologies
Los Gemelos Del Popol Vuh/The Twins of Popol Vuh (Cuentamerica),pertenece a la categoria,Juvenile Fiction
Los Gemelos Del Popol Vuh/The Twins of Popol Vuh (Cuentamerica),pertenece a la categoria,Children's Books/Ages 9-12 Fiction
Los Gemelos Del Popol Vuh/The Twins of Popol Vuh (Cuentamerica),pertenece a la categoria,Spanish: Grades 4-7
Mas alla de mi brazo,fue publicada en el año,2002
Mas alla de mi brazo,pertenece a la categoria,Spanish language materials
Mas alla de mi brazo,pertenece a la categoria,People & Places - United States - Hispanic/Latino
Mas alla de mi brazo,pertenece a la categoria,Fiction
Mas alla de mi brazo,pertenece a la categoria,Juvenile Nonfiction
Mas alla de mi brazo,pertenece a la categoria,Children's Books/Ages 4-8 Fiction
Mas alla de mi brazo,pertenece a la categoria,Visionary & Metaphysical
Mas alla de mi brazo,pertenece a la categoria,Spanish: Preschool
Mas alla de mi brazo,pertenece a la categoria,Poetry - General
Mas alla de mi brazo,pertenece a la categoria,Poetry / Caribbean & Latin American
Mas alla de mi brazo,pertenece a la categoria,Nature
Mi Cuerpo Y Yo/ My Body and Me,fue publicada en el año,2005
Mi Cuerpo Y Yo/ My Body and Me,pertenece a la categoria,Poetry - General
Mi Cuerpo Y Yo/ My Body and Me,pertenece a la categoria,Juvenile Poetry
Mi Cuerpo Y Yo/ My Body and Me,pertenece a la categoria,Juvenile Nonfiction
Mi Cuerpo Y Yo/ My Body and Me,pertenece a la categoria,Spanish: Grades 1-2
Sky Blue Accident/Accidente celeste,fue publicada en el año,2007
Sky Blue Accident/Accidente celeste,pertenece a la categoria,Imagination & Play
Sky Blue Accident/Accidente celeste,pertenece a la categoria,Juvenile Fiction / Imagination & Play
Sky Blue Accident/Accidente celeste,pertenece a la categoria,Juvenile Fiction
Sky Blue Accident/Accidente celeste,pertenece a la categoria,Art
Sky Blue Accident/Accidente celeste,pertenece a la categoria,Fiction
Sky Blue Accident/Accidente celeste,pertenece a la categoria,Schools
Sky Blue Accident/Accidente celeste,pertenece a la categoria,Sky
Sky Blue Accident/Accidente celeste,pertenece a la categoria,Spanish: Grades 1-2
Tarde de invierno/Winter Afternoon,fue publicada en el año,2006
Tarde de invierno/Winter Afternoon,pertenece a la categoria,Preschool Picture Story Books
Tarde de invierno/Winter Afternoon,pertenece a la categoria,Juvenile Fiction
Tarde de invierno/Winter Afternoon,pertenece a la categoria,Children's Books/Ages 4-8 Fiction
Tarde de invierno/Winter Afternoon,pertenece a la categoria,Spanish: Kindergarten
Tarde de invierno/Winter Afternoon,pertenece a la categoria,Family - Parents
Tarde de invierno/Winter Afternoon,pertenece a la categoria,Juvenile Fiction / Family / Parents
Tarde de invierno/Winter Afternoon,pertenece a la categoria,Social Issues - Emotions & Feelings
Nubarrones,fue publicada en el año,2014
Dionisio Dormido Sobre Un Tigre (Ensayos/Destino),fue publicada en el año,1996
Dionisio Dormido Sobre Un Tigre (Ensayos/Destino),pertenece a la categoria,History & Surveys - Modern
Dionisio Dormido Sobre Un Tigre (Ensayos/Destino),pertenece a la categoria,Contributions in the philosophy of language
Dionisio Dormido Sobre Un Tigre (Ensayos/Destino),pertenece a la categoria,"Nietzsche, Friedrich Wilhelm"
Dionisio Dormido Sobre Un Tigre (Ensayos/Destino),pertenece a la categoria,Philosophy
Dionisio Dormido Sobre Un Tigre (Ensayos/Destino),pertenece a la categoria,History
Dionisio Dormido Sobre Un Tigre (Ensayos/Destino),pertenece a la categoria,19th century
La Leccion de Sheherezade,fue publicada en el año,1988
La Leccion de Sheherezade,pertenece a la categoria,General
La Leccion de Sheherezade,pertenece a la categoria,Philosophy
Merodeador - Tentativas Sobre Filosofia y Literatu (Argumentos),fue publicada en el año,2000
Merodeador - Tentativas Sobre Filosofia y Literatu (Argumentos),pertenece a la categoria,General
Merodeador - Tentativas Sobre Filosofia y Literatu (Argumentos),pertenece a la categoria,Collective behavior
Merodeador - Tentativas Sobre Filosofia y Literatu (Argumentos),pertenece a la categoria,Hermeneutics
Merodeador - Tentativas Sobre Filosofia y Literatu (Argumentos),pertenece a la categoria,Literature
Merodeador - Tentativas Sobre Filosofia y Literatu (Argumentos),pertenece a la categoria,Philosophy
Merodeador - Tentativas Sobre Filosofia y Literatu (Argumentos),pertenece a la categoria,"Philosophy, European"
Prosa y circunstancia,fue publicada en el año,1997
Prosa y circunstancia,fue publicada en el año,1999
Prosa y circunstancia,pertenece a la categoria,General
Prosa y circunstancia,pertenece a la categoria,Philosophy
Television,fue publicada en el año,2000
Television,pertenece a la categoria,Media Studies
Television,pertenece a la categoria,Sociology
Hobbes,fue publicada en el año,1987
Sobre la belleza,fue publicada en el año,1999
"Poemas, prosa y cuentos cortos",fue publicada en el año,2007
"Poemas, prosa y cuentos cortos",fue publicada en el año,1998
"Poemas, Prosa y Cuentos Cortos - Encuadernada",fue publicada en el año,2001
"Poemas, Prosa y Cuentos Cortos - Encuadernada",pertenece a la categoria,General
"Poemas, Prosa y Cuentos Cortos - Encuadernada",pertenece a la categoria,Music/Songbooks
Naufragio,fue publicada en el año,2023
Precipitaciones aisladas,fue publicada en el año,2010
Precipitaciones aisladas,fue publicada en el año,2010
Resistencia o integración,fue publicada en el año,2019
Resistencia o integración,pertenece a la categoria,Social conditions
Resistencia o integración,pertenece a la categoria,Social movements
El hereje,fue publicada en el año,2016
El hereje,pertenece a la categoria,Peronism
El hereje,pertenece a la categoria,History
El hereje,pertenece a la categoria,Left-wing extremists
El hereje,pertenece a la categoria,Politics and government
Malestar en la política,fue publicada en el año,2019
Malestar en la política,pertenece a la categoria,Social conditions
Malestar en la política,pertenece a la categoria,Politics and government
El socialismo enraizado,fue publicada en el año,2013
El socialismo enraizado,pertenece a la categoria,Political and social views
El socialismo enraizado,pertenece a la categoria,Socialism
José Carlos Mariátegui y el socialismo de nuestra América,fue publicada en el año,2014
José Carlos Mariátegui y el socialismo de nuestra América,pertenece a la categoria,Socialism
Poder popular y nación,fue publicada en el año,2011
Poder popular y nación,pertenece a la categoria,Social conditions
Poder popular y nación,pertenece a la categoria,Socialism
Poder popular y nación,pertenece a la categoria,Nationalism and socialism
Poder popular y nación,pertenece a la categoria,Social conflict
Poder popular y nación,pertenece a la categoria,Social classes
Conjurar a Babel,fue publicada en el año,2012
Conjurar a Babel,pertenece a la categoria,Intellectuals
Conjurar a Babel,pertenece a la categoria,Intellectual life
Conjurar a Babel,pertenece a la categoria,Politics and government
Conjurar a Babel,pertenece a la categoria,Attitudes
Entre la reivención de la política y el fetichismo del poder,fue publicada en el año,2014
Entre la reivención de la política y el fetichismo del poder,pertenece a la categoria,Socialism
Osvaldo Bayer,fue publicada en el año,2003
Osvaldo Bayer,pertenece a la categoria,"Bayer, Osvaldo."
Osvaldo Bayer,pertenece a la categoria,"Bayer, Osvaldo -- Political and social views."
Osvaldo Bayer,pertenece a la categoria,Argentina -- Politics and government -- 1955-1983.
Osvaldo Bayer,pertenece a la categoria,Argentina -- Politics and government -- 1983-2002.
Invitación al descubrimiento,fue publicada en el año,2009
Invitación al descubrimiento,pertenece a la categoria,"Mariátegui, José Carlos, -- 1894-1930"
Invitación al descubrimiento,pertenece a la categoria,Socialism -- Latin America
"Cooke, de Vuelta",fue publicada en el año,1999
"Cooke, de Vuelta",pertenece a la categoria,"Cooke, John William."
"Cooke, de Vuelta",pertenece a la categoria,"Guevara, Ernesto, 1928-1967 -- Friends and associates."
"Cooke, de Vuelta",pertenece a la categoria,"Cooke, John William -- Bibliography."
"Cooke, de Vuelta",pertenece a la categoria,Peronism.
"Cooke, de Vuelta",pertenece a la categoria,Nationalism -- Argentina -- History -- 20th century.
"Cooke, de Vuelta",pertenece a la categoria,Communism -- Argentina -- History -- 20th century.
"Cooke, de Vuelta",pertenece a la categoria,Argentina -- Politics and government -- 1943-1955.
"Cooke, de Vuelta",pertenece a la categoria,Argentina -- Politics and government -- 1955-1983.
Dioses Fracasados,fue publicada en el año,2003
Dioses Fracasados,pertenece a la categoria,Public Policy - Economic Policy
Dioses Fracasados,pertenece a la categoria,Politics / Current Events
Que No Hacer?,fue publicada en el año,2005
Que No Hacer?,pertenece a la categoria,General
Que No Hacer?,pertenece a la categoria,Politics / Current Events
Textos Traspapelados 1957 - 1961,fue publicada en el año,2000
Textos Traspapelados 1957 - 1961,pertenece a la categoria,Political Process - General
Textos Traspapelados 1957 - 1961,pertenece a la categoria,Politics / Current Events
El sueño de una cosa,fue publicada en el año,2007
Bestia y Los Tiempos Proféticos,fue publicada en el año,2017
Apocalipsis Develado y Las Trompetas,fue publicada en el año,2017
Espera Infinita,fue publicada en el año,2001
Espera Infinita,pertenece a la categoria,General
Espera Infinita,pertenece a la categoria,Fiction - General
"Hienas, Las",fue publicada en el año,1986
"Hienas, Las",pertenece a la categoria,General
"Hienas, Las",pertenece a la categoria,Fiction - General
Perros de La Noche,fue publicada en el año,1984
Perros de La Noche,pertenece a la categoria,Inspiration & Personal Growth
Perros de La Noche,pertenece a la categoria,"New Age / Body, Mind & Spirit"
Perros de La Noche,pertenece a la categoria,New Age / Parapsychology
Abonico,fue publicada en el año,1926
Abonico,pertenece a la categoria,Murcia (Spain : Region) -- Poetry.
Antología poética,fue publicada en el año,1999
Puro cuento!,fue publicada en el año,2007
Puro cuento!,pertenece a la categoria,Wit and humor
El milagro y el valor de la vida,fue publicada en el año,2000
El milagro y el valor de la vida,pertenece a la categoria,Inspiration & Personal Growth
El milagro y el valor de la vida,pertenece a la categoria,"New Age / Body, Mind & Spirit"
No tan lejos ni hace tanto,fue publicada en el año,2009
No tan lejos ni hace tanto,pertenece a la categoria,Catholic authors
No tan lejos ni hace tanto,pertenece a la categoria,Christian life
No tan lejos ni hace tanto,pertenece a la categoria,Description and travel
"Los Valores, con humor",fue publicada en el año,1997
Catequesis Yerbiadas I,fue publicada en el año,2005
Catequesis Yerbiadas I,pertenece a la categoria,Christianity - Catholic
Catequesis Yerbiadas I,pertenece a la categoria,Religion - Catholicism
Catequesis Yerbiadas I,pertenece a la categoria,Christianity - Catholicism
Catequesis Yerbiadas III - La Confirmacion,fue publicada en el año,2005
Catequesis Yerbiadas III - La Confirmacion,pertenece a la categoria,Christianity - Catholic
Catequesis Yerbiadas III - La Confirmacion,pertenece a la categoria,Religion - Catholicism
Catequesis Yerbiadas III - La Confirmacion,pertenece a la categoria,Christianity - Catholicism
Catequesis Yerbiadas II - La Eucaristia,fue publicada en el año,2005
Catequesis Yerbiadas II - La Eucaristia,pertenece a la categoria,Christianity - Catholic
Catequesis Yerbiadas II - La Eucaristia,pertenece a la categoria,Religion - Catholicism
Catequesis Yerbiadas II - La Eucaristia,pertenece a la categoria,Christianity - Catholicism
Catequesis Yerbiadas V - El Orden Sagrado,fue publicada en el año,2005
Catequesis Yerbiadas V - El Orden Sagrado,pertenece a la categoria,Christianity - Catholic
Catequesis Yerbiadas V - El Orden Sagrado,pertenece a la categoria,Religion - Catholicism
Catequesis Yerbiadas V - El Orden Sagrado,pertenece a la categoria,Christianity - Catholicism
Catequesis Yerbiadas VI - La Reconciliacion,fue publicada en el año,2005
Catequesis Yerbiadas VI - La Reconciliacion,pertenece a la categoria,Christianity - Catholic
Catequesis Yerbiadas VI - La Reconciliacion,pertenece a la categoria,Religion - Catholicism
Catequesis Yerbiadas VI - La Reconciliacion,pertenece a la categoria,Christianity - Catholicism
Cuento Con Ustedes DOS,fue publicada en el año,2005
Cuento Con Ustedes DOS,pertenece a la categoria,Christianity - Catholic
Cuento Con Ustedes DOS,pertenece a la categoria,Religion - Catholicism
Cuento Con Ustedes DOS,pertenece a la categoria,Christianity - Catholicism
Cuentos Matizados,fue publicada en el año,2005
Cuentos Matizados,pertenece a la categoria,Short Stories (single author)
Cuentos Matizados,pertenece a la categoria,Fiction - General
El Paso Y La Espera/ Walking Slowly. Reflections (Nueva Alianza Minor),fue publicada en el año,2006
El Paso Y La Espera/ Walking Slowly. Reflections (Nueva Alianza Minor),pertenece a la categoria,Untranslated Fiction - Spanish
El Paso Y La Espera/ Walking Slowly. Reflections (Nueva Alianza Minor),pertenece a la categoria,Christianity - Catholic
El Paso Y La Espera/ Walking Slowly. Reflections (Nueva Alianza Minor),pertenece a la categoria,Spirituality - General
El Paso Y La Espera/ Walking Slowly. Reflections (Nueva Alianza Minor),pertenece a la categoria,Religion
El Paso Y La Espera/ Walking Slowly. Reflections (Nueva Alianza Minor),pertenece a la categoria,Fiction - General
El Paso Y La Espera/ Walking Slowly. Reflections (Nueva Alianza Minor),pertenece a la categoria,Spanish: Adult Nonfiction
En La Luz de Mi Tierra,fue publicada en el año,2006
En La Luz de Mi Tierra,pertenece a la categoria,Christianity - Catholic
En La Luz de Mi Tierra,pertenece a la categoria,Religion - Catholicism
"Hoy, Como Ayer y Siempre",fue publicada en el año,2005
"Hoy, Como Ayer y Siempre",pertenece a la categoria,Christianity - Catholic
"Hoy, Como Ayer y Siempre",pertenece a la categoria,Religion - Catholicism
"Hoy, Como Ayer y Siempre",pertenece a la categoria,Christianity - Catholicism
La Vida Que El Padre Nos Dio,fue publicada en el año,1998
La Vida Que El Padre Nos Dio,pertenece a la categoria,History
La Vida Que El Padre Nos Dio,pertenece a la categoria,Religion - Commentaries / Reference
Nuestra Tierra y Nuestra Fe,fue publicada en el año,1999
Nuestra Tierra y Nuestra Fe,pertenece a la categoria,Short Stories (single author)
Nuestra Tierra y Nuestra Fe,pertenece a la categoria,Fiction - General
Reflexiones Para La Cuaresma,fue publicada en el año,1995
Reflexiones Para La Cuaresma,pertenece a la categoria,History
Reflexiones Para La Cuaresma,pertenece a la categoria,Religion - Commentaries / Reference
Salmos Criollos,fue publicada en el año,1991
Salmos Criollos,pertenece a la categoria,Christianity - Catholic
Salmos Criollos,pertenece a la categoria,Christianity - Catholicism
Salmos Criollos,pertenece a la categoria,Religion - Catholicism
Sufrir,fue publicada en el año,2005
Sufrir,pertenece a la categoria,Christianity - Catholic
Sufrir,pertenece a la categoria,Religion - Catholicism
Sufrir,pertenece a la categoria,Christianity - Catholicism
Una Orca Llamada Belen (Colección Ventana),fue publicada en el año,1997
Una Orca Llamada Belen (Colección Ventana),pertenece a la categoria,Interactive Adventure
Una Orca Llamada Belen (Colección Ventana),pertenece a la categoria,Children's Books/Ages 9-12 Fiction
Camino de Emaus Con Fe y Esperanza,fue publicada en el año,1984
Camino de Emaus Con Fe y Esperanza,pertenece a la categoria,History
Camino de Emaus Con Fe y Esperanza,pertenece a la categoria,Religion - Commentaries / Reference
Con Corazon de Nino,fue publicada en el año,1994
Con Corazon de Nino,pertenece a la categoria,Interactive Adventure
Con Corazon de Nino,pertenece a la categoria,Children's 9-12
Con Corazon de Nino,pertenece a la categoria,Children's Books/All Ages
Cuento con ustedes,fue publicada en el año,1998
Cuentos Rodados,fue publicada en el año,1998
Cuentos Rodados,pertenece a la categoria,Short Stories (single author)
Cuentos Rodados,pertenece a la categoria,Fiction - General
Entre El Brocal y La Fragua,fue publicada en el año,1994
Entre El Brocal y La Fragua,pertenece a la categoria,Short Stories (single author)
Entre El Brocal y La Fragua,pertenece a la categoria,Fiction - General
La Sal de La Tierra,fue publicada en el año,1998
La Sal de La Tierra,pertenece a la categoria,Christianity - Catholic
La Sal de La Tierra,pertenece a la categoria,Christianity - Catholicism
La Sal de La Tierra,pertenece a la categoria,Religion - Catholicism
Madera Verde,fue publicada en el año,1996
Madera Verde,pertenece a la categoria,Short Stories (single author)
Madera Verde,pertenece a la categoria,Fiction - General
Un Dios Rico de Tiempo,fue publicada en el año,1991
Un Dios Rico de Tiempo,pertenece a la categoria,Christianity - Catholic
Un Dios Rico de Tiempo,pertenece a la categoria,Christianity - Catholicism
Un Dios Rico de Tiempo,pertenece a la categoria,Religion - Catholicism
El Paso y La Espera,fue publicada en el año,1992
Las Abejas de La Tapera,fue publicada en el año,1979
Universidad Nacional de Luján,fue publicada en el año,2007
Universidad Nacional de Luján,pertenece a la categoria,Universidad Nacional de Luján -- History
Iglesia y dictadura,fue publicada en el año,1986
Iglesia y dictadura,pertenece a la categoria,Catholic Church -- Argentina -- History -- 20th century.
Iglesia y dictadura,pertenece a la categoria,Church and state -- Catholic Church.
Iglesia y dictadura,pertenece a la categoria,Church and state -- Argentina -- History -- 20th century.
Iglesia y dictadura,pertenece a la categoria,Argentina -- Church history -- 20th century.
Iglesia y dictadura,pertenece a la categoria,Argentina -- Politics and government -- 1955-1983.
Iglesia y dictadura,pertenece a la categoria,Argentina -- Armed Forces -- Political activity.
Estrategia represiva de la dictadura militar,fue publicada en el año,2006
Estrategia represiva de la dictadura militar,pertenece a la categoria,Disappeared persons -- Argentina -- Congresses.
Estrategia represiva de la dictadura militar,pertenece a la categoria,Military government -- Argentina -- Congresses.
Estrategia represiva de la dictadura militar,pertenece a la categoria,Political persecution -- Argentina -- Congresses.
Estrategia represiva de la dictadura militar,pertenece a la categoria,Human rights -- Argentina -- History -- 20th century -- Congresses.
Estrategia represiva de la dictadura militar,pertenece a la categoria,Argentina -- Politics and government -- 1955-1983 -- Congresses.
Politica y Universidad,fue publicada en el año,1998
Politica y Universidad,pertenece a la categoria,Administrative Law & Regulatory Practice
Politica y Universidad,pertenece a la categoria,International Relations - General
Politica y Universidad,pertenece a la categoria,Legal Reference / Law Profession
Estrategia represiva de la dictadura militar,fue publicada en el año,2006
Educacion Civica 2,fue publicada en el año,2005
Educacion Civica 2,pertenece a la categoria,General
Educacion Civica 2,pertenece a la categoria,Children's Books/Ages 9-12 Nonfiction
Educacion Civica 3,fue publicada en el año,2005
Educacion Civica 3,pertenece a la categoria,General
Educacion Civica 3,pertenece a la categoria,Children's Books/Ages 9-12 Nonfiction
Iglesia y Dictadura,fue publicada en el año,2006
Iglesia y Dictadura,pertenece a la categoria,Latin America - South America
Iglesia y Dictadura,pertenece a la categoria,History - General History
La gran aventura de la ciencia,fue publicada en el año,2012
La gran aventura de la ciencia,pertenece a la categoria,Discoveries in science
La gran aventura de la ciencia,pertenece a la categoria,Découvertes scientifiques
La gran aventura de la ciencia,pertenece a la categoria,Descubrimientos científicos
La gran aventura de la ciencia,pertenece a la categoria,Historia
La gran aventura de la ciencia,pertenece a la categoria,Obras de divulgación
Diez teorías que conmovieron al mundo,fue publicada en el año,2009
Diez teorías que conmovieron al mundo,pertenece a la categoria,Historia
Diez teorías que conmovieron al mundo,pertenece a la categoria,Discoveries in science
Diez teorías que conmovieron al mundo,pertenece a la categoria,Science
Diez teorías que conmovieron al mundo,pertenece a la categoria,Descubrimientos científicos
Diez teorías que conmovieron al mundo,pertenece a la categoria,Ciencia
Diez teorías que conmovieron al mundo,pertenece a la categoria,History
"Big Bang, El",fue publicada en el año,1995
"Big Bang, El",pertenece a la categoria,Interactive Adventure
"Big Bang, El",pertenece a la categoria,Children's 9-12
"Big Bang, El",pertenece a la categoria,Children's Books/All Ages
Curiosidades Planeta Tierra (Obras Diversas),fue publicada en el año,1998
Curiosidades Planeta Tierra (Obras Diversas),pertenece a la categoria,General
Curiosidades Planeta Tierra (Obras Diversas),pertenece a la categoria,Reference
Curiosidades Planeta Tierra (Obras Diversas),pertenece a la categoria,Social Science
Curiosidades Planeta Tierra (Obras Diversas),pertenece a la categoria,Science
Curiosidades Planeta Tierra (Obras Diversas),pertenece a la categoria,Spanish: Adult Nonfiction
de Las Tortugas a Las Estrellas,fue publicada en el año,1995
de Las Tortugas a Las Estrellas,pertenece a la categoria,General
de Las Tortugas a Las Estrellas,pertenece a la categoria,Fiction - General
"Evolucion, La",fue publicada en el año,1995
"Evolucion, La",pertenece a la categoria,Interactive Adventure
"Evolucion, La",pertenece a la categoria,Children's 9-12
"Evolucion, La",pertenece a la categoria,Children's Books/All Ages
Curiosidades de la ciencia,fue publicada en el año,1997
Curiosidades de la ciencia,pertenece a la categoria,Science -- Miscellanea.
Curiosidades de la ciencia,pertenece a la categoria,Ciencia -- Miscelánea.
Curiosidades de la ciencia,pertenece a la categoria,Curiosities and wonders.
Curiosidades de la ciencia,pertenece a la categoria,Curiosidades y maravillas.
Curiosidades de la ciencia,pertenece a la categoria,Fraud in science.
Lavar los platos,fue publicada en el año,2008
Lavar los platos,pertenece a la categoria,Scientists -- Argentina -- Interviews
Lavar los platos,pertenece a la categoria,Science -- Anecdotes
El Cafe de los Cientificos,fue publicada en el año,2006
El Cafe de los Cientificos,pertenece a la categoria,General
El Cafe de los Cientificos,pertenece a la categoria,Science
Diez Teorias Que Conmovieron al Mundo,fue publicada en el año,2006
Diez Teorias Que Conmovieron al Mundo,pertenece a la categoria,General
Diez Teorias Que Conmovieron al Mundo,pertenece a la categoria,Science
Diez Teorias Que Conmovieron Al Mundo II,fue publicada en el año,2006
Diez Teorias Que Conmovieron Al Mundo II,pertenece a la categoria,General
Diez Teorias Que Conmovieron Al Mundo II,pertenece a la categoria,Science
Solar Flare - Metal Pesado,fue publicada en el año,2021
La pluma y el fusil,fue publicada en el año,2014
La pluma y el fusil,pertenece a la categoria,Socialists
La pluma y el fusil,pertenece a la categoria,Socialism
La pluma y el fusil,pertenece a la categoria,Peasant uprisings
La pluma y el fusil,pertenece a la categoria,Biography
La pluma y el fusil,pertenece a la categoria,History
Despojos,fue publicada en el año,2009
Relatos del Rio de la Plata. Incluye CD con la lectura de los relatos (Spanish Edition),fue publicada en el año,2009
Desde la Empresa,fue publicada en el año,2015
Desde la Empresa,pertenece a la categoria,Sugarcane industry
Desde la Empresa,pertenece a la categoria,Family-owned business enterprises
Desde la Empresa,pertenece a la categoria,"Argentina, economic conditions"
Un sudaca en la corte,fue publicada en el año,2012
Tres golpes de timbal,fue publicada en el año,2012
El trino del diablo y otras modulaciones,fue publicada en el año,1974
Donde Estas Con Tus Ojos Celestes,fue publicada en el año,2005
Donde Estas Con Tus Ojos Celestes,pertenece a la categoria,General
Donde Estas Con Tus Ojos Celestes,pertenece a la categoria,Fiction - General
Dondé estás con tus ojos celestes,fue publicada en el año,2005
Dondé estás con tus ojos celestes,pertenece a la categoria,Musicians -- Argentina -- Fiction.
Dondé estás con tus ojos celestes,pertenece a la categoria,Argentines -- Spain -- Fiction.
El Rescate y Otros Cuentos,fue publicada en el año,2005
El Rescate y Otros Cuentos,pertenece a la categoria,Short Stories (single author)
El Rescate y Otros Cuentos,pertenece a la categoria,Fiction - General
Libro de Navios y Borrascas,fue publicada en el año,2007
Libro de Navios y Borrascas,pertenece a la categoria,General
Libro de Navios y Borrascas,pertenece a la categoria,Fiction - General
Mi música es para esta gente,fue publicada en el año,1970
El Oscuro,fue publicada en el año,1968
Tres golpes de timbal,fue publicada en el año,1989
Desde los parques y otros cuentos,fue publicada en el año,2010
Instantes robados,fue publicada en el año,2007
Instantes robados,pertenece a la categoria,Portrait photography
Instantes robados,pertenece a la categoria,Exhibitions
Instantes robados,pertenece a la categoria,Artistic Photography
Ajuste de cuentos,fue publicada en el año,2013
Banco de Pruebas,fue publicada en el año,2002
Banco de Pruebas,pertenece a la categoria,General
Banco de Pruebas,pertenece a la categoria,Biography / Autobiography
A propósito,fue publicada en el año,2005
A propósito,pertenece a la categoria,"Muchnik, Mario, -- 1931-"
A propósito,pertenece a la categoria,Publishers and publishing -- Spain -- Biography
El otro día,fue publicada en el año,2007
Lo peor no son los autores,fue publicada en el año,1999
Lo peor no son los autores,pertenece a la categoria,"Muchnik, Mario, 1931-"
Lo peor no son los autores,pertenece a la categoria,Editors -- Spain -- Biography
Oficio editor,fue publicada en el año,2011
Oficio editor,pertenece a la categoria,Publishers and publishing
Oficio editor,pertenece a la categoria,Biography
A las estrellas lo inmenso,fue publicada en el año,2019
Mirando caer las lluvias,fue publicada en el año,2013
En el huego de la mano,fue publicada en el año,2015
Pintura en voz baja,fue publicada en el año,2016
Pintura en voz baja,pertenece a la categoria,Exhibitions
Pintura en voz baja,pertenece a la categoria,Influence
Pintura en voz baja,pertenece a la categoria,Spanish Art
Pintura en voz baja,pertenece a la categoria,"Influence (Literary, artistic, etc.)"
La carne y el mármol,fue publicada en el año,2018
La carne y el mármol,pertenece a la categoria,Criticism and interpretation
La carne y el mármol,pertenece a la categoria,Human figure in art
Al alba los pájaros,fue publicada en el año,2017
El saber del no saberse,fue publicada en el año,2014
El saber del no saberse,pertenece a la categoria,Philosophy
El saber del no saberse,pertenece a la categoria,Poetics
El saber del no saberse,pertenece a la categoria,Poetry
El saber del no saberse,pertenece a la categoria,History and criticism
Del crear y lo creado,fue publicada en el año,2013
Cuando todo calla,fue publicada en el año,2013
La ética del compromiso,fue publicada en el año,2002
La ética del compromiso,pertenece a la categoria,Postmodernism.
La pasión según Georg Trakl,fue publicada en el año,2009
Hugo Mujica Poesia Completa 1983-2004,fue publicada en el año,2006
Hugo Mujica Poesia Completa 1983-2004,pertenece a la categoria,General
Hugo Mujica Poesia Completa 1983-2004,pertenece a la categoria,Poetry
Kenosis Sabiduria y Compasion En Los Evange,fue publicada en el año,1992
Kenosis Sabiduria y Compasion En Los Evange,pertenece a la categoria,Occultism
Kenosis Sabiduria y Compasion En Los Evange,pertenece a la categoria,Cults
Kenosis Sabiduria y Compasion En Los Evange,pertenece a la categoria,"New Age / Body, Mind & Spirit"
Kyrie Eleison - Un Metodo de Meditacion,fue publicada en el año,1994
Kyrie Eleison - Un Metodo de Meditacion,pertenece a la categoria,Eastern
Kyrie Eleison - Un Metodo de Meditacion,pertenece a la categoria,Philosophy
Lo naciente,fue publicada en el año,2007
Noche Abierta,fue publicada en el año,1999
Noche Abierta,pertenece a la categoria,General
Noche Abierta,pertenece a la categoria,Poetry
Poeticas Del Vacio (La Dicha De Enmudecer),fue publicada en el año,2002
Poeticas Del Vacio (La Dicha De Enmudecer),pertenece a la categoria,Poetry
Poeticas Del Vacio (La Dicha De Enmudecer),pertenece a la categoria,Spanish: Adult Nonfiction
Poeticas Del Vacio (La Dicha De Enmudecer),pertenece a la categoria,General
sed Adentro,fue publicada en el año,2001
sed Adentro,pertenece a la categoria,General
sed Adentro,pertenece a la categoria,Poetry
Flecha En La Niebla,fue publicada en el año,1997
Solemne y Mesurado,fue publicada en el año,1990
Y siempre después el viento,fue publicada en el año,2011
El maratonista,fue publicada en el año,2016
La clase un cuarto,fue publicada en el año,2019
La clase un cuarto,pertenece a la categoria,Middle class
La clase un cuarto,pertenece a la categoria,Armut
La clase un cuarto,pertenece a la categoria,Mittelstand
La niña de sus ojos,fue publicada en el año,2021
Los goliardos,fue publicada en el año,2012
"1976, el golpe civil",fue publicada en el año,2011
"1976, el golpe civil",pertenece a la categoria,Politics and government
"1976, el golpe civil",pertenece a la categoria,Civil-military relations
"1976, el golpe civil",pertenece a la categoria,History
Los garcas,fue publicada en el año,2013
Los garcas,pertenece a la categoria,Politics and government
Los garcas,pertenece a la categoria,Moral conditions
Los garcas,pertenece a la categoria,Philosophy
Los garcas,pertenece a la categoria,Argentine National characteristics
Los garcas,pertenece a la categoria,Case studies
El dictador,fue publicada en el año,2004
El dictador,pertenece a la categoria,Biography & Autobiography
El dictador,pertenece a la categoria,Unassigned Title
El dictador,pertenece a la categoria,Spanish: Adult Nonfiction
El dictador,pertenece a la categoria,Political Process - General
El dictador,pertenece a la categoria,"Videla, Jorge Rafael"
El dictador,pertenece a la categoria,General
El dictador,pertenece a la categoria,1925-
El dictador,pertenece a la categoria,1955-1983
El dictador,pertenece a la categoria,Argentina
El dictador,pertenece a la categoria,History
El dictador,pertenece a la categoria,Politics and government
El dictador,pertenece a la categoria,"Videla, Jorge Rafael,"
La balada del asador,fue publicada en el año,2007
Don Perro de Mendoza,fue publicada en el año,2003
Don Perro de Mendoza,pertenece a la categoria,Short Stories
Don Perro de Mendoza,pertenece a la categoria,Children's Books/Baby-Preschool
Cantata de las ceremonias y otras cosmogonías,fue publicada en el año,2017
La sopa del monstruo,fue publicada en el año,2013
Atalaya del trébol azul,fue publicada en el año,2008
De fácil alma,fue publicada en el año,2011
Poeta en bicicleta,fue publicada en el año,2011
Inmensa hierba,fue publicada en el año,2010
Los años que vivimos con K,fue publicada en el año,2011
Los años que vivimos con K,pertenece a la categoria,Politics and government
"Tiempo de Oscuridad, 1976-1983 (Biografias y Memorias)",fue publicada en el año,2001
"Tiempo de Oscuridad, 1976-1983 (Biografias y Memorias)",pertenece a la categoria,Media Studies - Print Media
"Tiempo de Oscuridad, 1976-1983 (Biografias y Memorias)",pertenece a la categoria,Sociology
Marihuana para los pájaros,fue publicada en el año,2008
Islote municipal,fue publicada en el año,2014
Islote municipal,pertenece a la categoria,Islands
"Reinaldo Rosillo, poeta de los niños y del delta",fue publicada en el año,2014
Una poesía del futuro,fue publicada en el año,2008
Una poesía del futuro,pertenece a la categoria,Interviews
Una poesía del futuro,pertenece a la categoria,Argentine Authors
El junco y la corriente,fue publicada en el año,2013
El junco y la corriente,pertenece a la categoria,Argentine poetry
Conversaciones Con Juan L. Ortiz - CD,fue publicada en el año,1999
Conversaciones Con Juan L. Ortiz - CD,pertenece a la categoria,General
Conversaciones Con Juan L. Ortiz - CD,pertenece a la categoria,Poetry
El Gualeguay,fue publicada en el año,2004
El Gualeguay,pertenece a la categoria,General
El Gualeguay,pertenece a la categoria,Poetry
Juan L. Ortiz. Obra Completa,fue publicada en el año,2006
Juan L. Ortiz. Obra Completa,pertenece a la categoria,General
Juan L. Ortiz. Obra Completa,pertenece a la categoria,Poetry
"Premios Konex, quién es quién",fue publicada en el año,2010
"Premios Konex, quién es quién",pertenece a la categoria,Fundación Konex
"Premios Konex, quién es quién",pertenece a la categoria,Awards
"Premios Konex, quién es quién",pertenece a la categoria,Biography
"Premios Konex, quién es quién",pertenece a la categoria,Premio Konex
Álbum de mi vida,fue publicada en el año,2014
Álbum de mi vida,pertenece a la categoria,Interviews
Álbum de mi vida,pertenece a la categoria,Cultural animators
Álbum de mi vida,pertenece a la categoria,Biography
Álbum de mi vida,pertenece a la categoria,Businessmen
Hetero/ doxos,fue publicada en el año,2013
Mil casitas y un beso,fue publicada en el año,2019
Mil casitas y un beso,pertenece a la categoria,Childhood and youth
Mil casitas y un beso,pertenece a la categoria,Anecdotes
Mil casitas y un beso,pertenece a la categoria,Biography
El otro Borges,fue publicada en el año,2010
El otro Borges,pertenece a la categoria,Anecdotes
Las novias de Borges,fue publicada en el año,2011
Las novias de Borges,pertenece a la categoria,Friends and associates
Las novias de Borges,pertenece a la categoria,Relations with women
Mala Junta,fue publicada en el año,1999
Mala Junta,pertenece a la categoria,General
Mala Junta,pertenece a la categoria,Fiction - General
A Fuego Lento,fue publicada en el año,1993
Rosen,fue publicada en el año,2013
Alrededor de Lorena/ Around Lorena (Literatura Mondadori/ Mondadori Literature),fue publicada en el año,2006
Alrededor de Lorena/ Around Lorena (Literatura Mondadori/ Mondadori Literature),pertenece a la categoria,General
Alrededor de Lorena/ Around Lorena (Literatura Mondadori/ Mondadori Literature),pertenece a la categoria,Spanish (Language) Contemporary Fiction
Alrededor de Lorena/ Around Lorena (Literatura Mondadori/ Mondadori Literature),pertenece a la categoria,Fiction
Alrededor de Lorena/ Around Lorena (Literatura Mondadori/ Mondadori Literature),pertenece a la categoria,Fiction - General
Alrededor de Lorena/ Around Lorena (Literatura Mondadori/ Mondadori Literature),pertenece a la categoria,Spanish: Adult Fiction
Presentaciones,fue publicada en el año,2009
Trance,fue publicada en el año,2018
Trance,pertenece a la categoria,Books and reading
Trance,pertenece a la categoria,Argentine Authors
Trance,pertenece a la categoria,Biography
El asesino de tu herencia,fue publicada en el año,2011
El asesino de tu herencia,pertenece a la categoria,Exhibitions
El asesino de tu herencia,pertenece a la categoria,Sculptors
El asesino de tu herencia,pertenece a la categoria,Argentine Sculpture
El asesino de tu herencia,pertenece a la categoria,Sculpture
El asesino de tu herencia,pertenece a la categoria,Technique
La mitad fantasma,fue publicada en el año,2020
La mitad fantasma,pertenece a la categoria,Man-woman relationships
La mitad fantasma,pertenece a la categoria,Fiction
La mitad fantasma,pertenece a la categoria,Loneliness
Factor Borges / the Borges Factor,fue publicada en el año,2022
Mitad Fantasma / the Half Ghos,fue publicada en el año,2021
Wasabi (Spanish Edition),fue publicada en el año,2020
Como Se Escribe - El Diario Intimo,fue publicada en el año,1996
Como Se Escribe - El Diario Intimo,pertenece a la categoria,"Kafka, Franz, -- 1883-1924."
Como Se Escribe - El Diario Intimo,pertenece a la categoria,"Kafka, Franz, -- 1883-1924 -- Diarios íntimos."
Como Se Escribe - El Diario Intimo,pertenece a la categoria,"Musil, Robert, -- 1880-1942 -- Diaries."
Como Se Escribe - El Diario Intimo,pertenece a la categoria,"Musil, Robert, -- 1880-1942 -- Diarios íntimos."
Como Se Escribe - El Diario Intimo,pertenece a la categoria,"Mansfield, Katherine, -- 1888-1923 -- Diaries."
Como Se Escribe - El Diario Intimo,pertenece a la categoria,"Mansfield, Katherine, -- 1888-1923 -- Diarios íntimos."
Como Se Escribe - El Diario Intimo,pertenece a la categoria,"Brecht, Bertolt, -- 1898-1956 -- Diaries."
Como Se Escribe - El Diario Intimo,pertenece a la categoria,"Brecht, Bertolt, -- 1898-1956 -- Diarios íntimos."
Como Se Escribe - El Diario Intimo,pertenece a la categoria,"Woolf, Virginia, -- 1882-1941 -- Diaries."
Como Se Escribe - El Diario Intimo,pertenece a la categoria,"Woolf, Virginia, -- 1882-1941 -- Diarios íntimos."
Como Se Escribe - El Diario Intimo,pertenece a la categoria,"Jünger, Ernst, -- 1895-  -- Diaries."
Como Se Escribe - El Diario Intimo,pertenece a la categoria,"Jünger, Ernst, -- 1895-  -- Diarios íntimos."
Como Se Escribe - El Diario Intimo,pertenece a la categoria,"Cheever, John -- Diaries."
Como Se Escribe - El Diario Intimo,pertenece a la categoria,"Cheever, John -- Diarios íntimos."
Como Se Escribe - El Diario Intimo,pertenece a la categoria,"Pavese, Cesare -- Diaries."
Como Se Escribe - El Diario Intimo,pertenece a la categoria,"Pavese, Cesare -- Diarios íntimos."
Como Se Escribe - El Diario Intimo,pertenece a la categoria,"Gombrowicz, Witold -- Diaries."
Como Se Escribe - El Diario Intimo,pertenece a la categoria,"Gombrowicz, Witold -- Diarios íntimos."
Como Se Escribe - El Diario Intimo,pertenece a la categoria,"Barthes, Roland -- Diaries."
Como Se Escribe - El Diario Intimo,pertenece a la categoria,"Barthes, Roland -- Diarios íntimos."
Como Se Escribe - El Diario Intimo,pertenece a la categoria,Diaries -- Authorship.
Como Se Escribe - El Diario Intimo,pertenece a la categoria,Diarios íntimos -- Arte de escribir.
Como Se Escribe - El Diario Intimo,pertenece a la categoria,Diaries -- History and criticism.
Como Se Escribe - El Diario Intimo,pertenece a la categoria,Diarios íntimos -- Historia y crítica.
El pudor del pornógrafo,fue publicada en el año,1984
La vida descalzo/ The Barefoot Life (In Situ),fue publicada en el año,2006
La vida descalzo/ The Barefoot Life (In Situ),pertenece a la categoria,Essay
La vida descalzo/ The Barefoot Life (In Situ),pertenece a la categoria,Literary Criticism
La vida descalzo/ The Barefoot Life (In Situ),pertenece a la categoria,Fiction - General
La vida descalzo/ The Barefoot Life (In Situ),pertenece a la categoria,Spanish: Adult Nonfiction
La vida descalzo/ The Barefoot Life (In Situ),pertenece a la categoria,General
La vida descalzo/ The Barefoot Life (In Situ),pertenece a la categoria,Caribbean & Latin American
Wasabi,fue publicada en el año,1994
Factor Borges,fue publicada en el año,2000
Factor Borges,pertenece a la categoria,Caribbean & Latin American
Factor Borges,pertenece a la categoria,Reference
Factor Borges,pertenece a la categoria,Literature - Classics / Criticism
La multiplicación dramática,fue publicada en el año,2006
La multiplicación dramática,pertenece a la categoria,History & Surveys - Modern
La multiplicación dramática,pertenece a la categoria,Physiological Psychology
La multiplicación dramática,pertenece a la categoria,Philosophy
Adolescencia Y Mito,fue publicada en el año,1991
Adolescencia Y Mito,pertenece a la categoria,General
Adolescencia Y Mito,pertenece a la categoria,Psychology
Adolescencia Y Mito,pertenece a la categoria,Spanish: Adult Nonfiction
La Voz del Cuerpo,fue publicada en el año,2004
La Voz del Cuerpo,pertenece a la categoria,General
La Voz del Cuerpo,pertenece a la categoria,Plays / Drama
Potestad,fue publicada en el año,2001
Potestad,pertenece a la categoria,General
Potestad,pertenece a la categoria,Plays / Drama
Psicoterapia De Grupo En Ninos Y Adolescentes,fue publicada en el año,1987
Psicoterapia De Grupo En Ninos Y Adolescentes,pertenece a la categoria,Child & developmental psychology
Psicoterapia De Grupo En Ninos Y Adolescentes,pertenece a la categoria,Group Psychology
Psicoterapia De Grupo En Ninos Y Adolescentes,pertenece a la categoria,Psychotherapy - Child & Adolescent
Psicoterapia De Grupo En Ninos Y Adolescentes,pertenece a la categoria,Psychology
Psicoterapia De Grupo En Ninos Y Adolescentes,pertenece a la categoria,Spanish: Adult Nonfiction
Resistir Cholo,fue publicada en el año,2006
Resistir Cholo,pertenece a la categoria,General
Resistir Cholo,pertenece a la categoria,Sociology
Teatro Completo 1,fue publicada en el año,2003
Teatro Completo 1,pertenece a la categoria,General
Teatro Completo 1,pertenece a la categoria,Plays / Drama
Teatro Completo V (Atuel/Teatro),fue publicada en el año,2005
Teatro Completo V (Atuel/Teatro),pertenece a la categoria,General
Teatro Completo V (Atuel/Teatro),pertenece a la categoria,Plays / Drama
Aventuras Del Nieto de Juan Moreira,fue publicada en el año,2014
Charlas de un Optimista,fue publicada en el año,2015
Casamiento de Laucha,fue publicada en el año,2015
Falso Inca,fue publicada en el año,2014
7 Mejores Cuentos de Roberto Payró,fue publicada en el año,2020
Divertidas Aventuras Del Nieto de Juan Moreira,fue publicada en el año,2020
Pago Chico,fue publicada en el año,2014
Palabra y pluma,fue publicada en el año,2014
Palabra y pluma,pertenece a la categoria,Radio programs for gays
Palabra y pluma,pertenece a la categoria,Sexual minorities
Palabra y pluma,pertenece a la categoria,Interviews
Palabra y pluma,pertenece a la categoria,Poetry
Palabra y pluma,pertenece a la categoria,Vahído (Radio program)
De Querer Así,fue publicada en el año,2021
Carrera de postas,fue publicada en el año,2012
Carrera de postas,pertenece a la categoria,Relay racing
Carrera de postas,pertenece a la categoria,Fiction
Carrera de postas,pertenece a la categoria,"Olympic Games (11th : 1936 : Berlin, Germany)"
Antes del Requiem,fue publicada en el año,2006
Antes del Requiem,pertenece a la categoria,Short Stories (single author)
Antes del Requiem,pertenece a la categoria,Fiction - General
Antes del réquiem,fue publicada en el año,2006
Léxico del fútbol,fue publicada en el año,2007
Léxico del fútbol,pertenece a la categoria,Soccer -- Dictionaries -- Spanish.
Léxico del fútbol,pertenece a la categoria,Soccer -- Argentina -- Dictionaries -- Spanish.
Léxico del fútbol,pertenece a la categoria,Spanish language -- Argentina -- Dictionaries.
La Puerta del Limbo,fue publicada en el año,1997
La vuelta de la esquina,fue publicada en el año,1987
Mareas,fue publicada en el año,2009
¿Quién mató a Francisco Netri?,fue publicada en el año,2017
¿Quién mató a Francisco Netri?,pertenece a la categoria,Assassination
La Argentina agropecuaria,fue publicada en el año,2018
La Argentina agropecuaria,pertenece a la categoria,Agriculture and state
La Argentina agropecuaria,pertenece a la categoria,Politics and government
Olvido y falsificación en la historia del Grito de Alcorta,fue publicada en el año,2020
Olvido y falsificación en la historia del Grito de Alcorta,pertenece a la categoria,Strikes and lockouts
Olvido y falsificación en la historia del Grito de Alcorta,pertenece a la categoria,Agricultural laborers
Olvido y falsificación en la historia del Grito de Alcorta,pertenece a la categoria,History
Olvido y falsificación en la historia del Grito de Alcorta,pertenece a la categoria,Land tenure
Olvido y falsificación en la historia del Grito de Alcorta,pertenece a la categoria,Grèves et lock-out
Olvido y falsificación en la historia del Grito de Alcorta,pertenece a la categoria,Travailleurs agricoles
Olvido y falsificación en la historia del Grito de Alcorta,pertenece a la categoria,Histoire
"Chacareros, soja y gobernabilidad",fue publicada en el año,2013
"Chacareros, soja y gobernabilidad",pertenece a la categoria,Agriculture and state
"Chacareros, soja y gobernabilidad",pertenece a la categoria,Farmers
"Chacareros, soja y gobernabilidad",pertenece a la categoria,Economic conditions
"Chacareros, soja y gobernabilidad",pertenece a la categoria,Soybean industry
La chacra mixta y otras yerbas,fue publicada en el año,2014
La chacra mixta y otras yerbas,pertenece a la categoria,Agriculture and state
La chacra mixta y otras yerbas,pertenece a la categoria,Agriculture
Antología diacrónica,fue publicada en el año,2014
Evita vive y otros relatos,fue publicada en el año,2009
Un Barroco de Trinchera,fue publicada en el año,2006
Un Barroco de Trinchera,pertenece a la categoria,General
Un Barroco de Trinchera,pertenece a la categoria,Biography / Autobiography
Poemas Completos,fue publicada en el año,1997
Lamê,fue publicada en el año,1994
Prosa Plebeya,fue publicada en el año,1996
Prosa Plebeya,pertenece a la categoria,General & Literary Fiction
Prosa Plebeya,pertenece a la categoria,Essays
Prosa Plebeya,pertenece a la categoria,Literature - Classics / Criticism
Prosa Plebeya,pertenece a la categoria,Literary Collections
Prosa Plebeya,pertenece a la categoria,Spanish: Adult Nonfiction
Prosa Plebeya,pertenece a la categoria,General
Breve Antologia De Cunentos Policiales,fue publicada en el año,1995
Breve Antologia De Cunentos Policiales,pertenece a la categoria,Short stories.
Breve Antologia De Cunentos Policiales,pertenece a la categoria,Cuentos.
Breve Antologia De Cunentos Policiales,pertenece a la categoria,Detective and mystery stories.
Breve Antologia De Cunentos Policiales,pertenece a la categoria,Novela policíaca.
Breve Antologia De Cunentos Policiales,pertenece a la categoria,Police -- Fiction.
Breve Antologia De Cunentos Policiales,pertenece a la categoria,Policía -- Ficción.
El Estruendo De Las Rosas,fue publicada en el año,2001
El Estruendo De Las Rosas,pertenece a la categoria,Crime & mystery
El Estruendo De Las Rosas,pertenece a la categoria,Mystery & Detective - General
El Estruendo De Las Rosas,pertenece a la categoria,Untranslated Fiction - Spanish
El Estruendo De Las Rosas,pertenece a la categoria,Fiction - General
El Estruendo De Las Rosas,pertenece a la categoria,Spanish: Adult Fiction
La Espada Dormida Y Otros Cuentos/the Sleeping Sold And Other Stories (Narrativa Losada España),fue publicada en el año,2003
La Espada Dormida Y Otros Cuentos/the Sleeping Sold And Other Stories (Narrativa Losada España),pertenece a la categoria,Short Stories (single author)
La Espada Dormida Y Otros Cuentos/the Sleeping Sold And Other Stories (Narrativa Losada España),pertenece a la categoria,Fiction
La Espada Dormida Y Otros Cuentos/the Sleeping Sold And Other Stories (Narrativa Losada España),pertenece a la categoria,Fiction - General
La Espada Dormida Y Otros Cuentos/the Sleeping Sold And Other Stories (Narrativa Losada España),pertenece a la categoria,Spanish: Adult Fiction
Los Mejores Cuentos Policiales de Manuel Peyrou,fue publicada en el año,1993
Los Mejores Cuentos Policiales de Manuel Peyrou,pertenece a la categoria,Short Stories (single author)
Los Mejores Cuentos Policiales de Manuel Peyrou,pertenece a la categoria,Fiction - General
Relatos del Rio de la Plata. Incluye CD con la lectura de los relatos (Spanish Edition),fue publicada en el año,2009
Piglia x Piglia,fue publicada en el año,2008
Piglia x Piglia,pertenece a la categoria,Appreciation
Fragmentos de un diario,fue publicada en el año,2012
Fragmentos de un diario,pertenece a la categoria,Exhibitions
Fragmentos de un diario,pertenece a la categoria,Diaries
Fragmentos de un diario,pertenece a la categoria,Modern Painting
Fragmentos de un diario,pertenece a la categoria,Painting
Escritores norteamericanos,fue publicada en el año,2016
Escritores norteamericanos,pertenece a la categoria,American fiction
Escritores norteamericanos,pertenece a la categoria,History and criticism
Escritores norteamericanos,pertenece a la categoria,American Short stories
Escritores norteamericanos,pertenece a la categoria,Literature and society
Escritores norteamericanos,pertenece a la categoria,American Authors
Los libros,fue publicada en el año,2011
Los libros,pertenece a la categoria,Periodicals
Los libros,pertenece a la categoria,Bibliography
Los libros,pertenece a la categoria,Politics and government
Los libros,pertenece a la categoria,History
Los libros,pertenece a la categoria,Serie Libros
El Laucha Benítez cantaba boleros,fue publicada en el año,2011
Cuentos Completos,fue publicada en el año,2021
Antología personal - 1. edición.,fue publicada en el año,2014
Escritores norteamericanos,fue publicada en el año,2018
Los  casos del comisario Croce,fue publicada en el año,2018
Por un Relato Futuro,fue publicada en el año,2015
Los Diarios de Emilio Renzi / the Diaries of Emilio Renzi,fue publicada en el año,2019
"San Martín, lector del Quijote",fue publicada en el año,2017
"San Martín, lector del Quijote",pertenece a la categoria,Influence
"San Martín, lector del Quijote",pertenece a la categoria,"Influence (Literary, artistic, etc.)"
"San Martín, lector del Quijote",pertenece a la categoria,"Don Quixote (Cervantes Saavedra, Miguel de)"
Los cuentos de don Manuel,fue publicada en el año,2020
Historia confidencial,fue publicada en el año,2003
Historia confidencial,pertenece a la categoria,Latin America - South America
Historia confidencial,pertenece a la categoria,History - General History
San Martín,fue publicada en el año,2008
San Martín,pertenece a la categoria,Generals
San Martín,pertenece a la categoria,Biography
Historia confidencial,fue publicada en el año,2005
Historia confidencial,pertenece a la categoria,Latin America - South America
Historia confidencial,pertenece a la categoria,History - General History
Historia confidencial,fue publicada en el año,2003
Historia confidencial,pertenece a la categoria,Argentina -- History
La vida por la patria,fue publicada en el año,2017
La vida por la patria,pertenece a la categoria,History
La vida por la patria,pertenece a la categoria,Revolutionaries
La vida por la patria,pertenece a la categoria,Biography
La vida por la patria,pertenece a la categoria,War of Independence (Argentina : 1810-1817) fast (OCoLC)fst01355283
Bicentenario,fue publicada en el año,2010
Bicentenario,pertenece a la categoria,History
Bicentenario,pertenece a la categoria,Civilization
Bicentenario,pertenece a la categoria,Anniversaries
Bicentenario,pertenece a la categoria,Politics and government
Bicentenario,pertenece a la categoria,Social conditions
Los luchadores indígenas,fue publicada en el año,2020
Los luchadores indígenas,pertenece a la categoria,Indian leadership
Los luchadores indígenas,pertenece a la categoria,History
Los luchadores indígenas,pertenece a la categoria,Literary collections
Los luchadores indígenas,pertenece a la categoria,Mapuche Indians
Los luchadores indígenas,pertenece a la categoria,Guarani Indians
Los luchadores indígenas,pertenece a la categoria,Diaguita Indians
Historia. El Mundo Contemporáneo,fue publicada en el año,2000
Historia. El Mundo Contemporáneo,pertenece a la categoria,Activity Books - General
Historia. El Mundo Contemporáneo,pertenece a la categoria,Children's Books/Ages 9-12 Fiction
Historia. El Mundo Contemporáneo,pertenece a la categoria,Children's Books/Ages 9-12 Nonfiction
La noche de los bastones largos,fue publicada en el año,2006
La noche de los bastones largos,pertenece a la categoria,Political violence
La noche de los bastones largos,pertenece a la categoria,History
La noche de los bastones largos,pertenece a la categoria,Universidad de Buenos Aires
"Evita, realidad y mito",fue publicada en el año,2013
"Evita, realidad y mito",pertenece a la categoria,Politics and government
"Evita, realidad y mito",pertenece a la categoria,Presidents' spouses
"Evita, realidad y mito",pertenece a la categoria,Biography
"Al gran pueblo argentino, salud",fue publicada en el año,2014
"Al gran pueblo argentino, salud",pertenece a la categoria,Wine and wine making
"Al gran pueblo argentino, salud",pertenece a la categoria,History
"Al gran pueblo argentino, salud",pertenece a la categoria,Viticulture
"Libertadores de América, aquellos gloriosos sudacas",fue publicada en el año,2010
"Libertadores de América, aquellos gloriosos sudacas",pertenece a la categoria,Revolutionaries
"Libertadores de América, aquellos gloriosos sudacas",pertenece a la categoria,Biography
"Libertadores de América, aquellos gloriosos sudacas",pertenece a la categoria,History
1810,fue publicada en el año,2010
1810,pertenece a la categoria,Causes
1810,pertenece a la categoria,History
Mujeres tenían que ser,fue publicada en el año,2011
Mujeres tenían que ser,pertenece a la categoria,Social conditions
Mujeres tenían que ser,pertenece a la categoria,Women
Mujeres tenían que ser,pertenece a la categoria,History
La voz del gran jefe,fue publicada en el año,2014
La voz del gran jefe,pertenece a la categoria,Generals
La voz del gran jefe,pertenece a la categoria,Biography
La voz del gran jefe,pertenece a la categoria,History
Evita,fue publicada en el año,2007
Evita,pertenece a la categoria,"Perón, Eva, -- 1919-1952 -- Pictorial works"
Evita,pertenece a la categoria,Women in politics -- Argentina
Evita,pertenece a la categoria,Presidents' spouses -- Argentina
Mitos de La Historia Argentina 3,fue publicada en el año,2006
Mitos de La Historia Argentina 3,pertenece a la categoria,Latin America - South America
Mitos de La Historia Argentina 3,pertenece a la categoria,History - General History
"Myths of Argentine History, the",fue publicada en el año,2005
"Myths of Argentine History, the",pertenece a la categoria,Latin America - South America
"Myths of Argentine History, the",pertenece a la categoria,History - General History
Historia - La Argentina Contemporanea / Polimodal,fue publicada en el año,2001
Historia - La Argentina Contemporanea / Polimodal,pertenece a la categoria,Activity Books - General
Historia - La Argentina Contemporanea / Polimodal,pertenece a la categoria,Activity Books
La noche de los bastones largos,fue publicada en el año,2006
Subte,fue publicada en el año,2012
Plop,fue publicada en el año,2002
Plop,fue publicada en el año,2002
Frío,fue publicada en el año,2011
Buenos Aires No Duerme,fue publicada en el año,2000
Buenos Aires No Duerme,pertenece a la categoria,Communication
Buenos Aires No Duerme,pertenece a la categoria,Popular Culture - General
Buenos Aires No Duerme,pertenece a la categoria,Popular Culture
Buenos Aires No Duerme,pertenece a la categoria,Social Science
Buenos Aires No Duerme,pertenece a la categoria,Language Arts / Linguistics / Literacy
Buenos Aires No Duerme,pertenece a la categoria,Spanish: Adult Nonfiction
Bukowski Para Principiantes,fue publicada en el año,2005
Bukowski Para Principiantes,pertenece a la categoria,General
Bukowski Para Principiantes,pertenece a la categoria,Literary
Bukowski Para Principiantes,pertenece a la categoria,Biography & Autobiography
Bukowski Para Principiantes,pertenece a la categoria,Biography / Autobiography
Bukowski Para Principiantes,pertenece a la categoria,Spanish: Adult Nonfiction
Cortazar para principiantes/ Cortazar for Beginners (Para Principiantes/ for Beginners),fue publicada en el año,2006
Cortazar para principiantes/ Cortazar for Beginners (Para Principiantes/ for Beginners),pertenece a la categoria,Biography And Autobiography
Cortazar para principiantes/ Cortazar for Beginners (Para Principiantes/ for Beginners),pertenece a la categoria,Biography & Autobiography
Cortazar para principiantes/ Cortazar for Beginners (Para Principiantes/ for Beginners),pertenece a la categoria,Biography / Autobiography
Cortazar para principiantes/ Cortazar for Beginners (Para Principiantes/ for Beginners),pertenece a la categoria,Spanish: Adult Nonfiction
Cortazar para principiantes/ Cortazar for Beginners (Para Principiantes/ for Beginners),pertenece a la categoria,General
Cortazar para principiantes/ Cortazar for Beginners (Para Principiantes/ for Beginners),pertenece a la categoria,Literary
Cortázar para principiantes,fue publicada en el año,2006
Cortázar para principiantes,pertenece a la categoria,"Cortázar, Julio."
Cortázar para principiantes,pertenece a la categoria,"Cortázar, Julio (1914-1984)"
Cortázar para principiantes,pertenece a la categoria,"Authors, Argentine -- Biography."
Cortázar para principiantes,pertenece a la categoria,"Authors, Argentine -- Criticism and interpretation."
Cortázar para principiantes,pertenece a la categoria,Autores argentinos -- Biografía.
Cortázar para principiantes,pertenece a la categoria,Autores argentinos -- Crítica e interpretación.
Divididos - Historia Letras Discografia,fue publicada en el año,2000
Divididos - Historia Letras Discografia,pertenece a la categoria,General
Divididos - Historia Letras Discografia,pertenece a la categoria,Music/Songbooks
Luca - La Historia Novelesca del Lider de Su,fue publicada en el año,1999
Luca - La Historia Novelesca del Lider de Su,pertenece a la categoria,General
Luca - La Historia Novelesca del Lider de Su,pertenece a la categoria,Music
Luca - La Historia Novelesca del Lider de Su,pertenece a la categoria,Music/Songbooks
Pedro Almodovar Y El Kitsch Español/ Pedro Almodovar and the Spanish Kitsch (Intelectuales / Intellectuals),fue publicada en el año,2004
Pedro Almodovar Y El Kitsch Español/ Pedro Almodovar and the Spanish Kitsch (Intelectuales / Intellectuals),pertenece a la categoria,Film Criticism
Pedro Almodovar Y El Kitsch Español/ Pedro Almodovar and the Spanish Kitsch (Intelectuales / Intellectuals),pertenece a la categoria,Performing Arts
Pedro Almodovar Y El Kitsch Español/ Pedro Almodovar and the Spanish Kitsch (Intelectuales / Intellectuals),pertenece a la categoria,Pop Arts / Pop Culture
Pedro Almodovar Y El Kitsch Español/ Pedro Almodovar and the Spanish Kitsch (Intelectuales / Intellectuals),pertenece a la categoria,Spanish: Adult Nonfiction
Pedro Almodovar Y El Kitsch Español/ Pedro Almodovar and the Spanish Kitsch (Intelectuales / Intellectuals),pertenece a la categoria,Film & Video - History & Criticism
Pedro Almodovar Y El Kitsch Español/ Pedro Almodovar and the Spanish Kitsch (Intelectuales / Intellectuals),pertenece a la categoria,Theater - General
Bailando Sobre Los Escombros,fue publicada en el año,2001
Bailando Sobre Los Escombros,pertenece a la categoria,Genres & Styles - Rock
Bailando Sobre Los Escombros,pertenece a la categoria,Music/Songbooks
Bailando Sobre Los Escombros,pertenece a la categoria,Music
La Conquista de La Pampa,fue publicada en el año,2005
La Conquista de La Pampa,pertenece a la categoria,Latin America - South America
La Conquista de La Pampa,pertenece a la categoria,Travelers
La Conquista de La Pampa,pertenece a la categoria,History - General History
Sólo los árboles tienen raíces,fue publicada en el año,2013
La vida interior de las plantas de interior,fue publicada en el año,2013
Trayéndolo todo de regreso a casa,fue publicada en el año,2013
Lo que está y no se usa nos fulminará,fue publicada en el año,2018
Una puta mierda,fue publicada en el año,2007
La época de Mariano Moreno,fue publicada en el año,1960
La época de Mariano Moreno,pertenece a la categoria,History
La época de Mariano Moreno,fue publicada en el año,1949
La época de Mariano Moreno,pertenece a la categoria,"Moreno, Mariano, -- 1778-1811"
La época de Mariano Moreno,pertenece a la categoria,"Argentina -- History -- War of Independence, 1810-1817"
Rock y dictadura,fue publicada en el año,2005
Rock y dictadura,pertenece a la categoria,Political Process - General
Rock y dictadura,pertenece a la categoria,Politics / Current Events
Discepolo,fue publicada en el año,2006
Discepolo,pertenece a la categoria,General
Discepolo,pertenece a la categoria,Biography / Autobiography
Jazz Al Sur (Emece Argentina),fue publicada en el año,2004
Jazz Al Sur (Emece Argentina),pertenece a la categoria,Genres & Styles - Jazz
Jazz Al Sur (Emece Argentina),pertenece a la categoria,Music
Jazz Al Sur (Emece Argentina),pertenece a la categoria,Music/Songbooks
Jazz Al Sur (Emece Argentina),pertenece a la categoria,Spanish: Adult Nonfiction
La Maldición de Salsipuedes,fue publicada en el año,2016
Los doblados,fue publicada en el año,2016
Los doblados,pertenece a la categoria,Military intelligence
Los doblados,pertenece a la categoria,History
Los doblados,pertenece a la categoria,Guerrillas
Los doblados,pertenece a la categoria,Armed Forces
Los doblados,pertenece a la categoria,Inteligencia militar
Los doblados,pertenece a la categoria,Historia
Los doblados,pertenece a la categoria,Fuerzas armadas
Los doblados,pertenece a la categoria,Argentina. Ejército. Batallón de Inteligencia 601
Los doblados,pertenece a la categoria,Argentina
Historias a pura sangre,fue publicada en el año,2006
Historias a pura sangre,pertenece a la categoria,Crime -- Argentina -- Case studies.
Vigía Estelar,fue publicada en el año,2018
El cazador de incendios,fue publicada en el año,2009
Chicas Que Eran Unas Diosas,fue publicada en el año,2005
Chicas Que Eran Unas Diosas,pertenece a la categoria,"Legends, Myths, & Fables - General"
Chicas Que Eran Unas Diosas,pertenece a la categoria,Children's Books/Ages 9-12 Fiction
El Señor Medina,fue publicada en el año,1995
El Señor Medina,pertenece a la categoria,Interactive Adventure
El Señor Medina,pertenece a la categoria,Children's Books/Baby-Preschool
La IRA de Los Mares,fue publicada en el año,2005
La IRA de Los Mares,pertenece a la categoria,"Legends, Myths, & Fables - General"
La IRA de Los Mares,pertenece a la categoria,Children's Books/Ages 9-12 Fiction
Llaves,fue publicada en el año,2006
Llaves,pertenece a la categoria,Short Stories
Llaves,pertenece a la categoria,Children's Books/All Ages
Los Viejitos de La Casa,fue publicada en el año,2004
Los Viejitos de La Casa,pertenece a la categoria,Short Stories
Los Viejitos de La Casa,pertenece a la categoria,Children's Books/Ages 9-12 Fiction
Los Viejitos de La Casa,pertenece a la categoria,Children's 9-12 - Fiction - General
"Rayos, Truenos y Centellas",fue publicada en el año,2005
"Rayos, Truenos y Centellas",pertenece a la categoria,"Legends, Myths, & Fables - General"
"Rayos, Truenos y Centellas",pertenece a la categoria,Children's Books/Ages 9-12 Fiction
Relatos Relocos,fue publicada en el año,1993
Relatos Relocos,pertenece a la categoria,Interactive Adventure
Relatos Relocos,pertenece a la categoria,Children's 9-12
Relatos Relocos,pertenece a la categoria,Children's Books/All Ages
Saca La Lengua,fue publicada en el año,1999
Saca La Lengua,pertenece a la categoria,Short Stories
Saca La Lengua,pertenece a la categoria,Children's Books/Ages 9-12 Fiction
Saca La Lengua,pertenece a la categoria,Children's Books/All Ages
"Seor Medina, El",fue publicada en el año,1995
"Seor Medina, El",pertenece a la categoria,Interactive Adventure
"Seor Medina, El",pertenece a la categoria,Juvenile Fiction
"Seor Medina, El",pertenece a la categoria,Children's Baby/Preschool
"Seor Medina, El",pertenece a la categoria,Children's Books/Baby-Preschool
Contando Ando,fue publicada en el año,1998
Contando Ando,pertenece a la categoria,Short Stories
Contando Ando,pertenece a la categoria,Children's Books/Ages 9-12 Fiction
Contando Ando,pertenece a la categoria,Children's Books/All Ages
Hercules,fue publicada en el año,1997
Hercules,pertenece a la categoria,Interactive Adventure
Hercules,pertenece a la categoria,Juvenile Fiction
Hercules,pertenece a la categoria,Children's Baby/Preschool
Hercules,pertenece a la categoria,Children's Books/Baby-Preschool
La Nena de Las Estampitas,fue publicada en el año,1998
La Nena de Las Estampitas,pertenece a la categoria,Short Stories
La Nena de Las Estampitas,pertenece a la categoria,Children's Books/Baby-Preschool
Confesiones de escritores,fue publicada en el año,1996
Confesiones de escritores,pertenece a la categoria,"Authors, Latin American -- 20th century."
Confesiones de escritores,pertenece a la categoria,Latin American literature -- 20th century -- History and criticism.
Cómo se escribe una novela,fue publicada en el año,1993
Cómo se escribe una novela,pertenece a la categoria,"Flaubert, Gustave, -- 1821-1880."
Cómo se escribe una novela,pertenece a la categoria,Fiction -- Authorship.
Cómo se escribe una novela,pertenece a la categoria,Novela -- Arte de escribir.
Cómo se escribe una novela,pertenece a la categoria,Fiction -- Technique.
Cómo se escribe una novela,pertenece a la categoria,Novela -- Técnica.
Como Se Escribe La Carta de Amor,fue publicada en el año,1995
Como Se Escribe La Carta de Amor,pertenece a la categoria,"Flaubert, Gustave, -- 1821-1880."
Como Se Escribe La Carta de Amor,pertenece a la categoria,Love-letters.
Como Se Escribe La Carta de Amor,pertenece a la categoria,Cartas de amor.
Como Se Escribe La Carta de Amor,pertenece a la categoria,Authors -- Correspondence.
Como Se Escribe La Carta de Amor,pertenece a la categoria,Autores -- Correspondencia.
Islote municipal,fue publicada en el año,2014
Islote municipal,pertenece a la categoria,Islands
Ensayos,fue publicada en el año,2015
Una forma más real que la del mundo,fue publicada en el año,2016
Una forma más real que la del mundo,pertenece a la categoria,Interviews
Una forma más real que la del mundo,pertenece a la categoria,Argentine Authors
Borradores inéditos,fue publicada en el año,2014
Papeles de trabajo,fue publicada en el año,2012
Responso ; La vuelta completa ; Cicatrices,fue publicada en el año,2012
Del recuerdo a la voz,fue publicada en el año,2005
Del recuerdo a la voz,pertenece a la categoria,"Saer, Juan José, -- 1937- -- Criticism and interpretation."
Glosa,fue publicada en el año,2010
Glosa,fue publicada en el año,1988
Isla de Los Ni©os Encontrados,fue publicada en el año,2018
Los Ladrones de Monta©as,fue publicada en el año,2018
Siete colinas de jade,fue publicada en el año,2015
Molestando a los demonios,fue publicada en el año,2009
43 nuevos cri menes para resolver,fue publicada en el año,2008
Como Jugar y Divertirse Con Escritores Famosos,fue publicada en el año,1996
Como Jugar y Divertirse Con Escritores Famosos,pertenece a la categoria,General
Como Jugar y Divertirse Con Escritores Famosos,pertenece a la categoria,Games / Gamebooks / Crosswords
El Despertar de Samolio,fue publicada en el año,2005
El Despertar de Samolio,pertenece a la categoria,General
El Despertar de Samolio,pertenece a la categoria,Plays / Drama
La Pequeña Gran Enciclopedia de La Historia de Las Palabras,fue publicada en el año,2005
La Pequeña Gran Enciclopedia de La Historia de Las Palabras,pertenece a la categoria,General
La Pequeña Gran Enciclopedia de La Historia de Las Palabras,pertenece a la categoria,Games / Gamebooks / Crosswords
La Pequeña Gran Enciclopedia del Pensamiento Lateral,fue publicada en el año,2003
La Pequeña Gran Enciclopedia del Pensamiento Lateral,pertenece a la categoria,Form - Jokes & Riddles
La Pequeña Gran Enciclopedia del Pensamiento Lateral,pertenece a la categoria,Humor
Las Encantadas,fue publicada en el año,2004
Las Encantadas,pertenece a la categoria,General
Las Encantadas,pertenece a la categoria,Poetry
Rusia es el tema,fue publicada en el año,1996
Sudoku Clasicos 1,fue publicada en el año,2006
Sudoku Clasicos 1,pertenece a la categoria,General
Sudoku Clasicos 1,pertenece a la categoria,Games / Gamebooks / Crosswords
Sudoku Clasicos 2,fue publicada en el año,2006
Sudoku Clasicos 2,pertenece a la categoria,General
Sudoku Clasicos 2,pertenece a la categoria,Games / Gamebooks / Crosswords
Molestando a los demonios,fue publicada en el año,2009
Los dijos,fue publicada en el año,2010
Lado Salvaje de la Vida,fue publicada en el año,2021
Solos de remington,fue publicada en el año,2014
Solos de remington,pertenece a la categoria,Writing in literature
Solos de remington,pertenece a la categoria,Fiction
Ojo de rapiña,fue publicada en el año,2013
El drama sin atenuantes,fue publicada en el año,2012
El drama sin atenuantes,pertenece a la categoria,Interviews
El drama sin atenuantes,pertenece a la categoria,Argentine Authors
Cómico de la lengua,fue publicada en el año,1973
"Tierra sin nada, tierra de profetas",fue publicada en el año,2010
Vigencia de las ideas de Raúl Scalabrini Ortiz,fue publicada en el año,2013
Vigencia de las ideas de Raúl Scalabrini Ortiz,pertenece a la categoria,Nationalism
Vigencia de las ideas de Raúl Scalabrini Ortiz,pertenece a la categoria,"Self-determination, National"
Vigencia de las ideas de Raúl Scalabrini Ortiz,pertenece a la categoria,Imperialism
Raúl Scalabrini Ortiz,fue publicada en el año,2009
Raúl Scalabrini Ortiz,pertenece a la categoria,"Scalabrini Ortiz, Raúl, -- 1898-1959 -- Political and social views"
Raúl Scalabrini Ortiz,pertenece a la categoria,Argentina -- Politics and government -- 20th century
Forjando una nación,fue publicada en el año,2007
El Caso del Cantante de Rock (Alfaguara Juvenil),fue publicada en el año,2006
El Caso del Cantante de Rock (Alfaguara Juvenil),pertenece a la categoria,General
El Caso del Cantante de Rock (Alfaguara Juvenil),pertenece a la categoria,Children's 9-12 - Fiction - General
El Caso Del Futbolista Enmascarado/ the Case of the Masked Soccer Player,fue publicada en el año,2006
El Caso Del Futbolista Enmascarado/ the Case of the Masked Soccer Player,pertenece a la categoria,Interactive Adventure
El Caso Del Futbolista Enmascarado/ the Case of the Masked Soccer Player,pertenece a la categoria,Juvenile Fiction
El Caso Del Futbolista Enmascarado/ the Case of the Masked Soccer Player,pertenece a la categoria,Spanish: Grades 4-7
"Espada del Adelantado, La",fue publicada en el año,2001
"Espada del Adelantado, La",pertenece a la categoria,General
"Espada del Adelantado, La",pertenece a la categoria,Juvenile Fiction
"Espada del Adelantado, La",pertenece a la categoria,Children's Baby/Preschool
"Espada del Adelantado, La",pertenece a la categoria,Children's Books/Baby-Preschool
La Espada del Adelantado,fue publicada en el año,2001
La Espada del Adelantado,pertenece a la categoria,General
La Espada del Adelantado,pertenece a la categoria,Children's Books/Baby-Preschool
La Maldicion del Virrey,fue publicada en el año,2006
La Maldicion del Virrey,pertenece a la categoria,General
La Maldicion del Virrey,pertenece a la categoria,Children's Books/All Ages
La Sombra de Osiris,fue publicada en el año,2004
La Sombra de Osiris,pertenece a la categoria,Short Stories
La Sombra de Osiris,pertenece a la categoria,Children's Books/Ages 9-12 Fiction
"Caso del Video Juego, El",fue publicada en el año,1996
"Caso del Video Juego, El",pertenece a la categoria,Interactive Adventure
"Caso del Video Juego, El",pertenece a la categoria,Children's 9-12
"Caso del Video Juego, El",pertenece a la categoria,Children's Books/All Ages
El Caso de La Modelo y Los Lentes de Elvis,fue publicada en el año,1999
El Caso de La Modelo y Los Lentes de Elvis,pertenece a la categoria,Classics
El Caso de La Modelo y Los Lentes de Elvis,pertenece a la categoria,Children's Baby - Literature
El Caso de La Modelo y Los Lentes de Elvis,pertenece a la categoria,Children's Books/Baby-Preschool
El Caso del Video Juego,fue publicada en el año,1996
Ulrico,fue publicada en el año,1987
Ulrico,pertenece a la categoria,"Schmidel, Ulrich, 1510?-1579?"
Ulrico,pertenece a la categoria,America -- Discovery and exploration -- Juvenile literature.
Ulrico,pertenece a la categoria,America -- History -- 1535-1617 -- Juvenile literature.
El Caso del Cantante de Rock,fue publicada en el año,1994
El Caso del Cantante de Rock,pertenece a la categoria,Interactive Adventure
El Caso del Cantante de Rock,pertenece a la categoria,Children's 9-12
El Caso del Cantante de Rock,pertenece a la categoria,Children's Books/All Ages
Casa en la arena,fue publicada en el año,2006
60 poemas breves,fue publicada en el año,2009
Videla,fue publicada en el año,2009
Escuela industrial,fue publicada en el año,2008
La Vida Milagrosa,fue publicada en el año,2005
Mamá,fue publicada en el año,2007
Serie americana,fue publicada en el año,2008
Cortázar,fue publicada en el año,2014
Cortázar,pertenece a la categoria,Criticism and interpretation
Los libros,fue publicada en el año,2011
Los libros,pertenece a la categoria,Periodicals
Los libros,pertenece a la categoria,Bibliography
Los libros,pertenece a la categoria,Politics and government
Los libros,pertenece a la categoria,History
Los libros,pertenece a la categoria,Serie Libros
Rayuela,fue publicada en el año,2011
El obrerismo de Pasado y presente,fue publicada en el año,2009
El obrerismo de Pasado y presente,pertenece a la categoria,Sources
El obrerismo de Pasado y presente,pertenece a la categoria,Labor unions
El obrerismo de Pasado y presente,pertenece a la categoria,Automobile industry workers
El obrerismo de Pasado y presente,pertenece a la categoria,Employees
El obrerismo de Pasado y presente,pertenece a la categoria,Railroads
El obrerismo de Pasado y presente,pertenece a la categoria,"Sindicato de Trabajadores Concord (Córdoba, Argentina)"
El obrerismo de Pasado y presente,pertenece a la categoria,"Sindicato de Trabajadores de Materfer (Córdoba, Argentina)"
El obrerismo de Pasado y presente,pertenece a la categoria,History
Política y comunicación,fue publicada en el año,1992
Política y comunicación,pertenece a la categoria,Communication -- Political aspects -- Congresses.
El Estridentismo,fue publicada en el año,1983
El Estridentismo,pertenece a la categoria,Mexican literature -- 20th century.
El Estridentismo,fue publicada en el año,1985
El Estridentismo,pertenece a la categoria,Mexican literature -- 20th century.
El Estridentismo,pertenece a la categoria,"Literature, Experimental -- Mexico."
El Estridentismo,pertenece a la categoria,Estridentismo (Literary movement)
Los cuerpos y las sombras,fue publicada en el año,2014
Ojos Negros,fue publicada en el año,2010
Fordlandia : Un Oscuro Paraiso,fue publicada en el año,2004
Fordlandia : Un Oscuro Paraiso,pertenece a la categoria,Caribbean & Latin American
Fordlandia : Un Oscuro Paraiso,pertenece a la categoria,Literary Criticism
Fordlandia : Un Oscuro Paraiso,pertenece a la categoria,Spanish: Adult Nonfiction
Las Ideologias del Poder Economico,fue publicada en el año,2006
Las Ideologias del Poder Economico,pertenece a la categoria,International - Economics
Las Ideologias del Poder Economico,pertenece a la categoria,Business / Economics / Finance
Ojos negros,fue publicada en el año,2010
Mil y una,fue publicada en el año,2007
No Te Olvides de Mi,fue publicada en el año,1998
No Te Olvides de Mi,pertenece a la categoria,General
No Te Olvides de Mi,pertenece a la categoria,Fiction - General
Cuentos batidos,fue publicada en el año,2012
Negro de Paris,fue publicada en el año,2002
Negro de Paris,pertenece a la categoria,General
Negro de Paris,pertenece a la categoria,Children's Books/Baby-Preschool
Llamada internacional,fue publicada en el año,2007
"Piratas, fantasmas y dinosaurios",fue publicada en el año,2011
"Piratas, fantasmas y dinosaurios",pertenece a la categoria,Spanish Fantasy fiction
"Piratas, fantasmas y dinosaurios",pertenece a la categoria,Spanish Soccer stories
"Piratas, fantasmas y dinosaurios",pertenece a la categoria,Spanish fiction
Sus Plantas Rendido un León,fue publicada en el año,2011
Sus Plantas Rendido un León,pertenece a la categoria,"Fiction, war & military"
Sus Plantas Rendido un León,pertenece a la categoria,"Europe, fiction"
Una sombra ya pronto serás,fue publicada en el año,1992
"Cómicos, tiranos y leyendas",fue publicada en el año,2012
Cuentos de cine,fue publicada en el año,1996
Cuentos de cine,pertenece a la categoria,Motion pictures -- Argentina.
Cuentos de cine,pertenece a la categoria,Motion pictures.
"Arqueros, Ilusionistas y Goleadores",fue publicada en el año,2006
"Arqueros, Ilusionistas y Goleadores",pertenece a la categoria,Soccer
"Arqueros, Ilusionistas y Goleadores",pertenece a la categoria,Sports & Recreation
"Artistas, Locos y Criminales (Seix Barral)",fue publicada en el año,2004
"Artistas, Locos y Criminales (Seix Barral)",pertenece a la categoria,General
"Artistas, Locos y Criminales (Seix Barral)",pertenece a la categoria,Fiction - General
El Negro de Paris,fue publicada en el año,2005
El Negro de Paris,pertenece a la categoria,General
El Negro de Paris,pertenece a la categoria,Children's Books/All Ages
El Negro De Paris (Colección Torre de Papel),fue publicada en el año,1998
El Negro De Paris (Colección Torre de Papel),pertenece a la categoria,General
El Negro De Paris (Colección Torre de Papel),pertenece a la categoria,Readers - Chapter Books
El Negro De Paris (Colección Torre de Papel),pertenece a la categoria,Juvenile Fiction
El Negro De Paris (Colección Torre de Papel),pertenece a la categoria,Children's Books/Baby-Preschool
El Negro De Paris (Colección Torre de Papel),pertenece a la categoria,Spanish: Grades 3-4
El Ojo de la Patria (Seix Barral Biblioteca Soriano),fue publicada en el año,2004
El Ojo de la Patria (Seix Barral Biblioteca Soriano),pertenece a la categoria,General
El Ojo de la Patria (Seix Barral Biblioteca Soriano),pertenece a la categoria,Fiction - General
El The Ojo de La Patria (Colección Narrativas Argentinas),fue publicada en el año,1993
El The Ojo de La Patria (Colección Narrativas Argentinas),pertenece a la categoria,General
El The Ojo de La Patria (Colección Narrativas Argentinas),pertenece a la categoria,Fiction - General
"Hora Sin Sombra, La",fue publicada en el año,1995
"Hora Sin Sombra, La",pertenece a la categoria,General
"Hora Sin Sombra, La",pertenece a la categoria,Fiction - General
La Hora Sin Sombra (Seix Barral Biblioteca Soriano),fue publicada en el año,2004
La Hora Sin Sombra (Seix Barral Biblioteca Soriano),pertenece a la categoria,General
La Hora Sin Sombra (Seix Barral Biblioteca Soriano),pertenece a la categoria,Fiction - General
Memorias del Mister,fue publicada en el año,1998
Memorias del Mister,pertenece a la categoria,General
Memorias del Mister,pertenece a la categoria,Fiction - General
No Habra Mas Pena Ni Olvidos,fue publicada en el año,1994
No Habra Mas Pena Ni Olvidos,pertenece a la categoria,General
No Habra Mas Pena Ni Olvidos,pertenece a la categoria,Fiction - General
No Habra Mas Penas Ni Olvidos,fue publicada en el año,2003
No Habra Mas Penas Ni Olvidos,pertenece a la categoria,General
No Habra Mas Penas Ni Olvidos,pertenece a la categoria,Fiction - General
"Rebeldes, Sonadores y Fugitivos",fue publicada en el año,2005
"Rebeldes, Sonadores y Fugitivos",pertenece a la categoria,Short Stories (single author)
"Rebeldes, Sonadores y Fugitivos",pertenece a la categoria,Fiction - General
A Sus Plantas Rendido Un Leon (La Otra Orilla),fue publicada en el año,1996
A Sus Plantas Rendido Un Leon (La Otra Orilla),pertenece a la categoria,General
A Sus Plantas Rendido Un Leon (La Otra Orilla),pertenece a la categoria,Fiction - General
Triste Solitario y Final - Con Guia de Lectura,fue publicada en el año,2005
Triste Solitario y Final - Con Guia de Lectura,pertenece a la categoria,General
Triste Solitario y Final - Con Guia de Lectura,pertenece a la categoria,Children's Books/Ages 9-12 Fiction
Triste Solitario y Final - S J -,fue publicada en el año,1995
Triste Solitario y Final - S J -,pertenece a la categoria,General
Triste Solitario y Final - S J -,pertenece a la categoria,Fiction - General
Una Sombra YA Pronto Seras (Colección Narrativas Argentinas),fue publicada en el año,1994
Una Sombra YA Pronto Seras (Colección Narrativas Argentinas),pertenece a la categoria,General
Una Sombra YA Pronto Seras (Colección Narrativas Argentinas),pertenece a la categoria,Fiction - General
Cuentos de los años felices,fue publicada en el año,1994
Mientras los veranos mueren,fue publicada en el año,2020
Dichos y quebrantos,fue publicada en el año,2019
Dichos y quebrantos,pertenece a la categoria,World politics
Desde abajo,fue publicada en el año,2011
Desde abajo,pertenece a la categoria,Politics and government
Desde abajo,pertenece a la categoria,Economic policy
El color de los turbantes,fue publicada en el año,2010
El color de los turbantes,pertenece a la categoria,Politics and government
Bolivia,fue publicada en el año,2013
Bolivia,pertenece a la categoria,Politics and government
Bolivia,pertenece a la categoria,Government policy
Bolivia,pertenece a la categoria,Natural resources
Ilustración y emancipación en América Latina,fue publicada en el año,2008
Ilustración y emancipación en América Latina,pertenece a la categoria,Social change -- Latin America
Ilustración y emancipación en América Latina,pertenece a la categoria,Revolutions -- Latin America -- Philosophy
Ilustración y emancipación en América Latina,pertenece a la categoria,Latin America -- History
Ilustración y emancipación en América Latina,pertenece a la categoria,Latin America -- Civilization
Ilustración y emancipación en América Latina,pertenece a la categoria,Latin America -- Social conditions
Ilustración y emancipación en América Latina,pertenece a la categoria,"America -- Discovery and exploration -- Spanish -- Centennial celebrations, etc"
"Crisis, Rupturas y Tendencias",fue publicada en el año,2003
"Crisis, Rupturas y Tendencias",pertenece a la categoria,General
"Crisis, Rupturas y Tendencias",pertenece a la categoria,Sociology
El último año de las F.A.R.C.,fue publicada en el año,2010
El último año de las F.A.R.C.,pertenece a la categoria,Politics and government
El último año de las F.A.R.C.,pertenece a la categoria,Guerrillas
El último año de las F.A.R.C.,pertenece a la categoria,Fuerzas Armadas Revolucionarias de Colombia
El último año de las F.A.R.C.,pertenece a la categoria,History
Amatista,fue publicada en el año,1995
Amatista,pertenece a la categoria,Erotica - General
Amatista,pertenece a la categoria,Fiction - Adult
Amatista,fue publicada en el año,2002
Amatista,pertenece a la categoria,Erotica - General
Amatista,pertenece a la categoria,Fiction
Amatista,pertenece a la categoria,Fiction - Adult
Amatista,pertenece a la categoria,Spanish: Adult Fiction
La música de Julia,fue publicada en el año,2008
"Mundo No Es de Polenta, El",fue publicada en el año,1991
"Mundo No Es de Polenta, El",pertenece a la categoria,Methods - General
"Mundo No Es de Polenta, El",pertenece a la categoria,Cooking / Wine
La Selva,fue publicada en el año,2000
Músicos y relojeros,fue publicada en el año,1971
"Una Tarde de Invierno, Un Submarino",fue publicada en el año,2001
"Una Tarde de Invierno, Un Submarino",pertenece a la categoria,General
"Una Tarde de Invierno, Un Submarino",pertenece a la categoria,Children's 12-Up - Fiction - General
Historia gráfica del Di Tella,fue publicada en el año,2017
Historia gráfica del Di Tella,pertenece a la categoria,Graphic arts
Historia gráfica del Di Tella,pertenece a la categoria,History
Historia gráfica del Di Tella,pertenece a la categoria,Prints
Historia gráfica del Di Tella,pertenece a la categoria,Instituto Torcuato Di Tella
El viaje y la utopía,fue publicada en el año,2001
El viaje y la utopía,pertenece a la categoria,General
El viaje y la utopía,pertenece a la categoria,Fiction - General
El volver de las imágenes,fue publicada en el año,2008
El volver de las imágenes,pertenece a la categoria,Mass media and culture -- Argentina -- History
El volver de las imágenes,pertenece a la categoria,Popular culture -- Argentina -- History
El Pretexto del Sueño,fue publicada en el año,2005
El Pretexto del Sueño,pertenece a la categoria,General
El Pretexto del Sueño,pertenece a la categoria,Literature - Classics / Criticism
Leyendo historietas,fue publicada en el año,1977
Leyendo historietas,pertenece a la categoria,"Comic books, strips, etc. -- History and criticism -- Addresses, essays, lectures"
Semiotica de Los Medios Masivos,fue publicada en el año,1998
Semiotica de Los Medios Masivos,pertenece a la categoria,Communication
Semiotica de Los Medios Masivos,pertenece a la categoria,Media Studies
Semiotica de Los Medios Masivos,pertenece a la categoria,Mass Media - General
Semiotica de Los Medios Masivos,pertenece a la categoria,Language Arts / Linguistics / Literacy
Senderos extraviados,fue publicada en el año,2013
Senderos extraviados,pertenece a la categoria,"Authors, Argentine$2fast$0(OCoLC)fst00821801"
Big bad city,fue publicada en el año,2006
Big bad city,pertenece a la categoria,General
Big bad city,pertenece a la categoria,Biography / Autobiography
Cerdos & peces,fue publicada en el año,2011
En busca del asesino,fue publicada en el año,2009
El Señor de Los Venenos,fue publicada en el año,2005
El Señor de Los Venenos,pertenece a la categoria,General
El Señor de Los Venenos,pertenece a la categoria,Biography / Autobiography
La vida es un bar,fue publicada en el año,2008
Verdadera Crónica Falsa,fue publicada en el año,1972
Los Judos Del Mar Dulce,fue publicada en el año,1971
Los Aos de la Guerra a Muerte,fue publicada en el año,2007
Eros y la doncella,fue publicada en el año,2013
A Las 20,fue publicada en el año,1981
Las dos muertes del general Simón Bolívar,fue publicada en el año,2004
Las dos muertes del general Simón Bolívar,pertenece a la categoria,"Bolívar, Simón, 1783-1830 -- Fiction."
La mesa roja,fue publicada en el año,2012
El azar cruje,fue publicada en el año,2006
El Azar Ruje,fue publicada en el año,2006
El Azar Ruje,pertenece a la categoria,General
El Azar Ruje,pertenece a la categoria,Fiction - General
Habia Una Vez Una Gota,fue publicada en el año,1998
Habia Una Vez Una Gota,pertenece a la categoria,Interactive Adventure
Habia Una Vez Una Gota,pertenece a la categoria,Children's 9-12
Habia Una Vez Una Gota,pertenece a la categoria,Children's Books/All Ages
Una felicidad liviana,fue publicada en el año,2007
Una felicidad liviana,fue publicada en el año,2007
Recuento,fue publicada en el año,1984
Recuento,pertenece a la categoria,Short stories
Recuento,pertenece a la categoria,Fiction - General
Recuento,pertenece a la categoria,Fiction
Recuento,pertenece a la categoria,Spanish: Adult Fiction
Recuento,pertenece a la categoria,Short Stories (single author)
Recuento,pertenece a la categoria,Fiction / Short Stories (single author)
"Héctor Tizón, un ejemplar de frontera : conversaciones con Héctor Tizón",fue publicada en el año,2007
"Héctor Tizón, un ejemplar de frontera : conversaciones con Héctor Tizón",pertenece a la categoria,"Tizón, Héctor -- Interviews."
"Héctor Tizón, un ejemplar de frontera : conversaciones con Héctor Tizón",pertenece a la categoria,"Authors, Argentine -- 20th century -- Interviews."
La casa y el viento,fue publicada en el año,1984
El viento en un violín,fue publicada en el año,2011
"Patria Grande, La",fue publicada en el año,1998
"Patria Grande, La",pertenece a la categoria,Political Process - General
"Patria Grande, La",pertenece a la categoria,Politics - Current Events
"Patria Grande, La",pertenece a la categoria,Politics / Current Events
Un revolver para Mack,fue publicada en el año,2010
El zoológico de Dios II,fue publicada en el año,2010
Noche de revolucionarios,fue publicada en el año,1972
Cuentos desagradables,fue publicada en el año,2013
Cuentos desagradables,pertenece a la categoria,Spanish Short stories
Cuentos desagradables,pertenece a la categoria,Spanish literature
La palabra,fue publicada en el año,2013
"de Todo Un Poco, de NADA Mucho (Omnibus)",fue publicada en el año,1991
"de Todo Un Poco, de NADA Mucho (Omnibus)",pertenece a la categoria,Mystery & Detective - General
"de Todo Un Poco, de NADA Mucho (Omnibus)",pertenece a la categoria,Fiction - Mystery/ Detective
"El número 125, o, La educación sentimental",fue publicada en el año,2008
El Cantaro,fue publicada en el año,2001
El Cantaro,pertenece a la categoria,General
El Cantaro,pertenece a la categoria,Poetry
El himno nacional argentino,fue publicada en el año,2005
El himno nacional argentino,pertenece a la categoria,"Parera, Blas, -- b. 1777."
El himno nacional argentino,pertenece a la categoria,"Clementi, Muzio, -- 1752-1832."
El himno nacional argentino,pertenece a la categoria,"López y Planes, Vicente, -- 1784-1856."
El himno nacional argentino,pertenece a la categoria,National songs -- Argentina -- History and criticism.
Cazador de signos,fue publicada en el año,2012
Henry Miller O La Alegria Del Retorno,fue publicada en el año,2002
Henry Miller O La Alegria Del Retorno,pertenece a la categoria,General
Henry Miller O La Alegria Del Retorno,pertenece a la categoria,Education
Henry Miller O La Alegria Del Retorno,pertenece a la categoria,Spanish: Adult Nonfiction
Manucho,fue publicada en el año,1991
Manucho,pertenece a la categoria,General
Manucho,pertenece a la categoria,"Mujica Lainez, Manuel"
Manucho,pertenece a la categoria,Fiction - General
El ahijado,fue publicada en el año,1990
Enterrados,fue publicada en el año,2018
Tratado sobre las manos,fue publicada en el año,2013
Tratado sobre las manos,pertenece a la categoria,Argentine literature
El terror y la gloria,fue publicada en el año,1998
El terror y la gloria,pertenece a la categoria,Political Process - General
El terror y la gloria,pertenece a la categoria,Politics / Current Events
Cuarteto para autos viejos,fue publicada en el año,2008
La Educacion de Los Sentidos,fue publicada en el año,2006
La Educacion de Los Sentidos,pertenece a la categoria,General
La Educacion de Los Sentidos,pertenece a la categoria,Fiction - General
Los Ojos Asi,fue publicada en el año,1997
Los Ojos Asi,pertenece a la categoria,General
Los Ojos Asi,pertenece a la categoria,Fiction - General
El otro de mí,fue publicada en el año,2010
Obra poética,fue publicada en el año,2017
"The Jardines de Placido, Los",fue publicada en el año,2001
"The Jardines de Placido, Los",pertenece a la categoria,Interactive Adventure
"The Jardines de Placido, Los",pertenece a la categoria,Children's 9-12
"The Jardines de Placido, Los",pertenece a la categoria,Children's Books/All Ages
Hans Grillo y Otros Cuentos,fue publicada en el año,2001
Hans Grillo y Otros Cuentos,pertenece a la categoria,Short Stories
Hans Grillo y Otros Cuentos,pertenece a la categoria,Juvenile Fiction / Short Stories
Hans Grillo y Otros Cuentos,pertenece a la categoria,Juvenile Fiction
Hans Grillo y Otros Cuentos,pertenece a la categoria,Children's Books/Ages 9-12 Fiction
Hans Grillo y Otros Cuentos,pertenece a la categoria,Spanish: Grades 3-4
La ribera,fue publicada en el año,1955
Antologia Poetica (Poetas argentinos contemporaneos),fue publicada en el año,1996
Escudo y Los Colores Nacionales,fue publicada en el año,2014
Fracaso de la Instrucción Primaria,fue publicada en el año,2014
Conquista de Quince Mil Leguas,fue publicada en el año,2015
Citibank vs. Argentina,fue publicada en el año,2003
Citibank vs. Argentina,pertenece a la categoria,"Citibank (New York, N.Y.) -- History -- 20th century."
Citibank vs. Argentina,pertenece a la categoria,Banks and banking -- Argentina -- History -- 20th century.
Citibank vs. Argentina,pertenece a la categoria,Argentina -- Economic conditions -- 1918-
Citibank vs. Argentina,pertenece a la categoria,Argentina -- Economic policy.
'La cita' y otros cuentos de mujeres infieles,fue publicada en el año,2003
'La cita' y otros cuentos de mujeres infieles,pertenece a la categoria,Fiction
'La cita' y otros cuentos de mujeres infieles,pertenece a la categoria,Spanish: Adult Fiction
'La cita' y otros cuentos de mujeres infieles,pertenece a la categoria,Anthologies (multiple authors)
Cuentos de damas fantásticas,fue publicada en el año,2002
Cuentos de damas fantásticas,pertenece a la categoria,Short Stories (single author)
Cuentos de damas fantásticas,pertenece a la categoria,Literary
Cuentos de damas fantásticas,pertenece a la categoria,Fiction
Cuentos de damas fantásticas,pertenece a la categoria,Fiction - General
Cuentos de damas fantásticas,pertenece a la categoria,Spanish: Adult Fiction
Cuentos de damas fantásticas,fue publicada en el año,2002
Cuentos de damas fantásticas,pertenece a la categoria,"Ghost stories, Spanish American"
Cuentos de damas fantásticas,pertenece a la categoria,"Ghost stories, Spanish"
Cuentos de damas fantásticas,pertenece a la categoria,Spanish American fiction -- 20th century
Cuentos de damas fantásticas,pertenece a la categoria,Spanish fiction -- 20th century
Cuentos de damas fantásticas,pertenece a la categoria,Women in literature
Dos fantasías memorables ; Un modelo para la muerte,fue publicada en el año,1998
Dos fantasías memorables ; Un modelo para la muerte,pertenece a la categoria,General
Dos fantasías memorables ; Un modelo para la muerte,pertenece a la categoria,Fiction - General
La invención de Morel,fue publicada en el año,2001
La invención de Morel,fue publicada en el año,2005
La trama celeste,fue publicada en el año,1999
La trama celeste,pertenece a la categoria,Cuentos argentinos
La trama celeste,pertenece a la categoria,Literatura argentina
Dormir al sol,fue publicada en el año,2015
Dormir al sol,pertenece a la categoria,Novela argentina
Dormir al sol,pertenece a la categoria,Man-woman relationships
Dormir al sol,pertenece a la categoria,Relaciones hombre-mujer
Dormir al sol,pertenece a la categoria,Argentine fiction
Dormir al sol,pertenece a la categoria,Ficción
Dormir al sol,pertenece a la categoria,Fiction
Más allá,fue publicada en el año,1992
Más allá,pertenece a la categoria,"Science fiction, Argentine"
Más allá,pertenece a la categoria,"Short stories, Argentine"
Diccionario del argentino exquisito,fue publicada en el año,2005
Diccionario del argentino exquisito,pertenece a la categoria,Provincialisms
Diccionario del argentino exquisito,pertenece a la categoria,Errors of usage
Diccionario del argentino exquisito,pertenece a la categoria,Dictionaries
Diccionario del argentino exquisito,pertenece a la categoria,Spanish language
Diccionario del argentino exquisito,pertenece a la categoria,New words
Homenaje a Adolfo Bioy Casares,fue publicada en el año,2002
Cuentos de cine,fue publicada en el año,1996
Cuentos de cine,pertenece a la categoria,Motion pictures -- Argentina.
Cuentos de cine,pertenece a la categoria,Motion pictures.
Unos días en el Brasil,fue publicada en el año,2010
Plan de evasion,fue publicada en el año,2006
Plan de evasion,pertenece a la categoria,Officials and employees
Plan de evasion,pertenece a la categoria,Prisoners
Plan de evasion,pertenece a la categoria,Prisons
Plan de evasion,pertenece a la categoria,Fiction
Unos días en el Brasil,fue publicada en el año,2010
Unos días en el Brasil,pertenece a la categoria,Travel
Unos días en el Brasil,pertenece a la categoria,Description and travel
Unos días en el Brasil,pertenece a la categoria,Diaries
Unos días en el Brasil,pertenece a la categoria,Argentine Authors
Un libro quemado,fue publicada en el año,2014
Un libro quemado,pertenece a la categoria,Political and social views
Un libro quemado,pertenece a la categoria,Women
Un libro quemado,pertenece a la categoria,Social conditions
Un libro quemado,pertenece a la categoria,Sex role
Escritos,fue publicada en el año,2014
Selección de poesías amorosas en lengua española,fue publicada en el año,1989
Selección de poesías amorosas en lengua española,pertenece a la categoria,General
Selección de poesías amorosas en lengua española,pertenece a la categoria,Poetry
Irremediablemente,fue publicada en el año,1919
Ésta es mi Storni,fue publicada en el año,2010
Alfonsina - Poesias / Golu,fue publicada en el año,2000
Alfonsina - Poesias / Golu,pertenece a la categoria,Reference - General
Alfonsina - Poesias / Golu,pertenece a la categoria,Children's Books/Ages 9-12 Fiction
Alfonsina - Poesias / Golu,pertenece a la categoria,Children's Books/Ages 9-12 Nonfiction
Alfonsina Storni: Poesa,fue publicada en el año,1999
Alfonsina Storni: Poesa,pertenece a la categoria,Caribbean & Latin American
Alfonsina Storni: Poesa,pertenece a la categoria,Spanish
Alfonsina Storni: Poesa,pertenece a la categoria,Foreign Language Study
Alfonsina Storni: Poesa,pertenece a la categoria,Poetry
Alfonsina Storni: Poesa,pertenece a la categoria,Language
Antologia,fue publicada en el año,2005
Antologia,pertenece a la categoria,General
Antologia,pertenece a la categoria,Caribbean & Latin American
Antologia,pertenece a la categoria,Poetry
Antologia,pertenece a la categoria,Spanish: Adult Nonfiction
Antologia Mayor,fue publicada en el año,1997
Antologia Poetica - Alfonsina Storni,fue publicada en el año,1994
Antologia Poetica - Alfonsina Storni,pertenece a la categoria,General
Antologia Poetica - Alfonsina Storni,pertenece a la categoria,Poetry
Irremediablemente,fue publicada en el año,1957
La Caricia Perdida,fue publicada en el año,1999
La Caricia Perdida,pertenece a la categoria,General
La Caricia Perdida,pertenece a la categoria,Fiction
La Caricia Perdida,pertenece a la categoria,Fiction - General
Escribir un Silencio / Writing Silence,fue publicada en el año,2024
Quién No / Who Isn#t?,fue publicada en el año,2019
Tiempo de Las Moscas,fue publicada en el año,2023
Elena Sabe / Elena Knows,fue publicada en el año,2019
Catedrales / Cathedrals,fue publicada en el año,2021
A brick wall,fue publicada en el año,2011
"Ciudad, espacio público y cultura urbana",fue publicada en el año,2010
"Ciudad, espacio público y cultura urbana",pertenece a la categoria,Urban Sociology
"Ciudad, espacio público y cultura urbana",pertenece a la categoria,Public spaces
"Ciudad, espacio público y cultura urbana",pertenece a la categoria,Urban Land use
"Ciudad, espacio público y cultura urbana",pertenece a la categoria,Cities and towns
"Ciudad, espacio público y cultura urbana",pertenece a la categoria,Land use
Eterna juventud,fue publicada en el año,2017
Eterna juventud,pertenece a la categoria,Argentine fiction
Un filósofo,fue publicada en el año,2018
El gran misterio,fue publicada en el año,2018
El gran misterio,pertenece a la categoria,Positivism
El gran misterio,pertenece a la categoria,Fiction
El gran misterio,pertenece a la categoria,Argentine Experimental fiction
El gran misterio,pertenece a la categoria,Argentine literature
La invención del tren fantasma,fue publicada en el año,2015
La invención del tren fantasma,pertenece a la categoria,Macroeconomics
La invención del tren fantasma,pertenece a la categoria,Poetry
Pinceladas musicales,fue publicada en el año,2019
Pinceladas musicales,pertenece a la categoria,Painters
Pinceladas musicales,pertenece a la categoria,Fiction
Pinceladas musicales,pertenece a la categoria,Small cities
Fulgentius,fue publicada en el año,2020
Fulgentius,pertenece a la categoria,Fiction
  Lugones ,fue publicada en el año,2020
La ola que lee,fue publicada en el año,2021
La ola que lee,pertenece a la categoria,Books
La ola que lee,pertenece a la categoria,Reviews
La ola que lee,pertenece a la categoria,Literature
La ola que lee,pertenece a la categoria,History and criticism
La ola que lee,pertenece a la categoria,Livres
La ola que lee,pertenece a la categoria,Recensions
La ola que lee,pertenece a la categoria,Littérature
La ola que lee,pertenece a la categoria,Histoire et critique
Festival,fue publicada en el año,2011
Tres historias pringlenses,fue publicada en el año,2013
Un episodio en la vida del pintor viajero,fue publicada en el año,2013
El testamento del mago tenor,fue publicada en el año,2013
Relatos reunidos,fue publicada en el año,2013
Cumpleaños,fue publicada en el año,2013
Cumpleaños,pertenece a la categoria,Argentine Authors
Cumpleaños,pertenece a la categoria,Essays
Artforum,fue publicada en el año,2014
Margarita,fue publicada en el año,2013
El náufrago,fue publicada en el año,2011
El error,fue publicada en el año,2010
Dante y reina,fue publicada en el año,2009
Entre los indios,fue publicada en el año,2012
Relatos reunidos,fue publicada en el año,2013
Relatos reunidos,pertenece a la categoria,Argentine Short stories
Relatos reunidos,pertenece a la categoria,Cuentos argentinos
La confesión,fue publicada en el año,2009
Todo verdor perecerá,fue publicada en el año,1941
Todo verdor perecerá,fue publicada en el año,1969
"Bahia de Silencio, La",fue publicada en el año,1999
"Bahia de Silencio, La",pertenece a la categoria,General
"Bahia de Silencio, La",pertenece a la categoria,Fiction - General
Historia De Una Pasion Argentina (Ensayo),fue publicada en el año,1998
Historia De Una Pasion Argentina (Ensayo),pertenece a la categoria,Juvenile Fiction
Historia De Una Pasion Argentina (Ensayo),pertenece a la categoria,Fiction - General
Historia De Una Pasion Argentina (Ensayo),pertenece a la categoria,Spanish: Young Adult (Gr. 10-12)
Historia De Una Pasion Argentina (Ensayo),pertenece a la categoria,General
Historia De Una Pasion Argentina (Ensayo),pertenece a la categoria,Love & Romance
Historia de Una Pasion Argentina - Sin Sobrecubier,fue publicada en el año,1999
Historia de Una Pasion Argentina - Sin Sobrecubier,pertenece a la categoria,General
Historia de Una Pasion Argentina - Sin Sobrecubier,pertenece a la categoria,Fiction - General
Historia De Una Pasion Argentina/ Story of an Argentinian Passion (Ensayo-Filosofia / Essay-Philosophy),fue publicada en el año,2006
Historia De Una Pasion Argentina/ Story of an Argentinian Passion (Ensayo-Filosofia / Essay-Philosophy),pertenece a la categoria,Philosophy (General)
Historia De Una Pasion Argentina/ Story of an Argentinian Passion (Ensayo-Filosofia / Essay-Philosophy),pertenece a la categoria,South America - History
Historia De Una Pasion Argentina/ Story of an Argentinian Passion (Ensayo-Filosofia / Essay-Philosophy),pertenece a la categoria,History
Historia De Una Pasion Argentina/ Story of an Argentinian Passion (Ensayo-Filosofia / Essay-Philosophy),pertenece a la categoria,History - General History
Historia De Una Pasion Argentina/ Story of an Argentinian Passion (Ensayo-Filosofia / Essay-Philosophy),pertenece a la categoria,Spanish: Adult Nonfiction
Historia De Una Pasion Argentina/ Story of an Argentinian Passion (Ensayo-Filosofia / Essay-Philosophy),pertenece a la categoria,Latin America - South America
Historia De Una Pasion Argentina/ Story of an Argentinian Passion (Ensayo-Filosofia / Essay-Philosophy),pertenece a la categoria,Reference
Informe sobre ciegos,fue publicada en el año,2011
Informe sobre ciegos,pertenece a la categoria,Graphic novels
Hombres y engranajes,fue publicada en el año,1973
Hombres y engranajes,pertenece a la categoria,Tecnología y civilización
Hombres y engranajes,pertenece a la categoria,Technology and civilization
Hombres y engranajes,pertenece a la categoria,Civilización
Hombres y engranajes,pertenece a la categoria,Philosophy
Hombres y engranajes,pertenece a la categoria,Civilization
Hombres y engranajes,pertenece a la categoria,Filosofía
Hombres y engranajes,pertenece a la categoria,Seres humanos
Hombres y engranajes,pertenece a la categoria,Human beings
El Pintor Ernesto Sábato,fue publicada en el año,1991
El Pintor Ernesto Sábato,pertenece a la categoria,"Tragic, The"
El Pintor Ernesto Sábato,pertenece a la categoria,Criticism and interpretation
El Pintor Ernesto Sábato,pertenece a la categoria,"Sabato, Ernesto R"
El Pintor Ernesto Sábato,pertenece a la categoria,"Sâabato, Ernesto"
El Pintor Ernesto Sábato,pertenece a la categoria,"Tragic, The, in art"
El Pintor Ernesto Sábato,pertenece a la categoria,"Sábato, Ernesto R"
Informe sobre ciegos,fue publicada en el año,2013
Eduardo Falú,fue publicada en el año,1974
Eduardo Falú,pertenece a la categoria,"Falú, Eduardo."
En diálogo I,fue publicada en el año,1998
En diálogo I,pertenece a la categoria,General
En diálogo I,pertenece a la categoria,Biography / Autobiography
"Rêves et réalités / Sueños y realidades, 1952-1977",fue publicada en el año,1986
"Rêves et réalités / Sueños y realidades, 1952-1977",pertenece a la categoria,"Anthologie, Conte, Amérique espagnol, 1952-1977"
"Rêves et réalités / Sueños y realidades, 1952-1977",pertenece a la categoria,Nouvelles hispano-américaines
"Rêves et réalités / Sueños y realidades, 1952-1977",pertenece a la categoria,Anthologies
"Rêves et réalités / Sueños y realidades, 1952-1977",pertenece a la categoria,Nouvelle hispano-américaine
Rêves et réalités / Sueños y realidades,fue publicada en el año,2005
0,fue publicada en el año,1986
Sleepless Nights Under Capitalism from the poems of John Wendell,fue publicada en el año,2020
Amaramara,fue publicada en el año,2016
Cólera buey,fue publicada en el año,2010
Cólera buey,pertenece a la categoria,Poesía argentina
Des va-ríos,fue publicada en el año,2009
Poesía reunida,fue publicada en el año,2011
Hoy,fue publicada en el año,2013
De atrásalante en su porfía,fue publicada en el año,2009
Miradas,fue publicada en el año,2006
Miradas,pertenece a la categoria,Poets.
Miradas,pertenece a la categoria,Authors.
Miradas,pertenece a la categoria,Artists.
Exilio,fue publicada en el año,1984
Exilio,pertenece a la categoria,"Gelman, Juan, 1930- -- Exile -- Italy -- Rome."
Exilio,pertenece a la categoria,"Bayer, Osvaldo -- Exile -- Germany (West)"
Exilio,pertenece a la categoria,"Authors, Argentine -- 20th century -- Biography."
Exilio,pertenece a la categoria,"Authors, Exiled -- Italy -- Rome -- Biography."
Exilio,pertenece a la categoria,"Authors, Argentine -- 20th century -- Biography."
Exilio,pertenece a la categoria,"Authors, Exiled -- Germany (West) -- Biography."
Exilio,pertenece a la categoria,Political refugees -- Argentina -- Biography.
De atrásalante en su porfía,fue publicada en el año,2009
De atrásalante en su porfía,fue publicada en el año,2010
Los otros,fue publicada en el año,2008
Exilio,fue publicada en el año,2006
Exilio,pertenece a la categoria,General
Exilio,pertenece a la categoria,Political Process - General
Exilio,pertenece a la categoria,Biography / Autobiography
Marcelo Brodsky,fue publicada en el año,2007
Marcelo Brodsky,pertenece a la categoria,Individual Photographers And Their Work
Marcelo Brodsky,pertenece a la categoria,Photography
Marcelo Brodsky,pertenece a la categoria,Politics / Current Events
Marcelo Brodsky,pertenece a la categoria,Spanish: Adult Nonfiction
Marcelo Brodsky,pertenece a la categoria,"Artists, Architects, Photographers"
Marcelo Brodsky,pertenece a la categoria,Individual Photographer
Marcelo Brodsky,pertenece a la categoria,Political Process - General
Marcelo Brodsky,pertenece a la categoria,Photography / Individual Photographer
Marcelo Brodsky,pertenece a la categoria,Photojournalism
Anunciaciones,fue publicada en el año,1992
Anunciaciones,pertenece a la categoria,General
Anunciaciones,pertenece a la categoria,Poetry
Colera Buey,fue publicada en el año,1994
Colera Buey,pertenece a la categoria,General
Colera Buey,pertenece a la categoria,Poetry
En Abierta Oscuridad/ In Open Darkness (La Letra Herida),fue publicada en el año,2002
En Abierta Oscuridad/ In Open Darkness (La Letra Herida),pertenece a la categoria,Latin American Poetry
En Abierta Oscuridad/ In Open Darkness (La Letra Herida),pertenece a la categoria,Poetry
En Abierta Oscuridad/ In Open Darkness (La Letra Herida),pertenece a la categoria,Spanish: Adult Nonfiction
En Abierta Oscuridad/ In Open Darkness (La Letra Herida),pertenece a la categoria,General
En Abierta Oscuridad/ In Open Darkness (La Letra Herida),pertenece a la categoria,Caribbean & Latin American
Gelman (Poesia Argentina-Grijalbo),fue publicada en el año,1999
Gelman (Poesia Argentina-Grijalbo),pertenece a la categoria,General
Gelman (Poesia Argentina-Grijalbo),pertenece a la categoria,Caribbean & Latin American
Gelman (Poesia Argentina-Grijalbo),pertenece a la categoria,Poetry
Gelman (Poesia Argentina-Grijalbo),pertenece a la categoria,Spanish: Adult Nonfiction
Gotan,fue publicada en el año,2004
Gotan,pertenece a la categoria,Reading materials
Gotan,pertenece a la categoria,Poetry
Gotan,pertenece a la categoria,Spanish: Adult Nonfiction
Gotan,pertenece a la categoria,General
Gotan,pertenece a la categoria,Caribbean & Latin American
Gotan,pertenece a la categoria,Spanish language
Gotán y otras cuestiones,fue publicada en el año,2008
Las fuerzas extrañas,fue publicada en el año,1981
Poemas solariegos,fue publicada en el año,2009
El payador,fue publicada en el año,2009
El payador,pertenece a la categoria,Gauchos
El payador,pertenece a la categoria,Spanish Folk songs
El payador,pertenece a la categoria,History and criticism
Elogios,fue publicada en el año,2009
Elogios,pertenece a la categoria,Criticism and interpretation
Elogios,pertenece a la categoria,Argentine Authors
Elogios,pertenece a la categoria,Spanish poetry
Elogios,pertenece a la categoria,Argentine literature
Las fuerzas extrañas,fue publicada en el año,2009
Antología poética,fue publicada en el año,1946
La traicion de rita hayworth/ The Betrayal of Rita Hayworth (Contemporanea) (Spanish Edition),fue publicada en el año,2005
La traicion de rita hayworth/ The Betrayal of Rita Hayworth (Contemporanea) (Spanish Edition),pertenece a la categoria,Fiction
La traicion de rita hayworth/ The Betrayal of Rita Hayworth (Contemporanea) (Spanish Edition),pertenece a la categoria,Spanish: Adult Fiction
La traicion de rita hayworth/ The Betrayal of Rita Hayworth (Contemporanea) (Spanish Edition),pertenece a la categoria,Fantasy - Contemporary
El beso de la mujer aran a,fue publicada en el año,2006
El beso de la mujer aran a,pertenece a la categoria,Latin American Novel And Short Story
El beso de la mujer aran a,pertenece a la categoria,Fiction
El beso de la mujer aran a,pertenece a la categoria,Fiction - General
El beso de la mujer aran a,pertenece a la categoria,Spanish: Adult Fiction
El beso de la mujer aran a,pertenece a la categoria,Literary
El beso de la mujer aran a,pertenece a la categoria,Untranslated Fiction - Spanish
El beso de la mujer aran a,pertenece a la categoria,Gay
El beso de la mujer araña,fue publicada en el año,1987
BOQUITAS PINTADAS,fue publicada en el año,2011
BOQUITAS PINTADAS,pertenece a la categoria,Fiction (fictional works by one author)
Teatro reunido,fue publicada en el año,2009
Teatro reunido,pertenece a la categoria,Motion pictures and literature
Teatro reunido,pertenece a la categoria,Argentine Authors
Maldición eterna a quien lea estas páginas,fue publicada en el año,2007
Maldición eterna a quien lea estas páginas,pertenece a la categoria,Modern fiction
Maldición eterna a quien lea estas páginas,pertenece a la categoria,Classics
Maldición eterna a quien lea estas páginas,pertenece a la categoria,Fiction
Maldición eterna a quien lea estas páginas,pertenece a la categoria,Spanish: Adult Fiction
Un destino melodramático,fue publicada en el año,2004
Un destino melodramático,pertenece a la categoria,Short Stories (single author)
Un destino melodramático,pertenece a la categoria,Fiction - General
Querida familia,fue publicada en el año,2006
Querida familia,pertenece a la categoria,General
Querida familia,pertenece a la categoria,Biography / Autobiography
Querida familia,fue publicada en el año,2005
Querida familia,pertenece a la categoria,General
Querida familia,pertenece a la categoria,Biography / Autobiography
Puig por Puig,fue publicada en el año,2006
Puig por Puig,pertenece a la categoria,"Puig, Manuel -- Interviews"
Puig por Puig,pertenece a la categoria,"Authors, Argentine -- 20th century -- Interviews"
Cuentos de cine,fue publicada en el año,1996
Cuentos de cine,pertenece a la categoria,Motion pictures -- Argentina.
Cuentos de cine,pertenece a la categoria,Motion pictures.
El beso de la mujer araña,fue publicada en el año,2002
El beso de la mujer araña,pertenece a la categoria,Reference
El beso de la mujer araña,pertenece a la categoria,Biography & Autobiography
El beso de la mujer araña,pertenece a la categoria,Spanish: Adult Nonfiction
Canciones Infantiles Volumen 2,fue publicada en el año,2021
15 Canciones,fue publicada en el año,2021
Canciones Infantiles Volumen 3,fue publicada en el año,2021
Canciones Infantiles Volumen 1,fue publicada en el año,2021
Versos tradicionales para cebollitas,fue publicada en el año,2000
Versos tradicionales para cebollitas,pertenece a la categoria,People & Places - General
Versos tradicionales para cebollitas,pertenece a la categoria,Children's Books/Ages 4-8 Nonfiction
Versos tradicionales para cebollitas,pertenece a la categoria,Spanish: Grades 2-3
Versos tradicionales para cebollitas,pertenece a la categoria,Poetry - General
Fantasmas en el parque,fue publicada en el año,2008
En la masmédula,fue publicada en el año,1956
Antologia,fue publicada en el año,1996
Antologia,pertenece a la categoria,General
Antologia,pertenece a la categoria,Poetry
Antologia - 5b,fue publicada en el año,2005
Antologia - 5b,pertenece a la categoria,General
Antologia - 5b,pertenece a la categoria,Poetry
The En La Masmedula - 518 -,fue publicada en el año,1996
The En La Masmedula - 518 -,pertenece a la categoria,General
The En La Masmedula - 518 -,pertenece a la categoria,Poetry
Espantapajaros (Al Alcance De Todos,fue publicada en el año,1997
Espantapajaros (Al Alcance De Todos,pertenece a la categoria,General
Espantapajaros (Al Alcance De Todos,pertenece a la categoria,Caribbean & Latin American
Espantapajaros (Al Alcance De Todos,pertenece a la categoria,Poetry
Espantapajaros (Al Alcance De Todos,pertenece a la categoria,Spanish: Adult Nonfiction
Obra (Obras Poesia),fue publicada en el año,1996
Obra (Obras Poesia),pertenece a la categoria,General
Obra (Obras Poesia),pertenece a la categoria,Poetry
Obra Poetica (Clasicos Esenciales Santillana),fue publicada en el año,1999
Obra Poetica (Clasicos Esenciales Santillana),pertenece a la categoria,General
Obra Poetica (Clasicos Esenciales Santillana),pertenece a la categoria,Poetry
"Obras Oliverio Girondo (Obras, I)",fue publicada en el año,1998
"Obras Oliverio Girondo (Obras, I)",pertenece a la categoria,General
"Obras Oliverio Girondo (Obras, I)",pertenece a la categoria,Caribbean & Latin American
"Obras Oliverio Girondo (Obras, I)",pertenece a la categoria,Poetry
"Obras Oliverio Girondo (Obras, I)",pertenece a la categoria,Plays / Drama
"Obras Oliverio Girondo (Obras, I)",pertenece a la categoria,Spanish: Adult Nonfiction
Oliverio,fue publicada en el año,2007
Persuasion De Los Dias,fue publicada en el año,2002
Persuasion De Los Dias,pertenece a la categoria,General
Persuasion De Los Dias,pertenece a la categoria,Caribbean & Latin American
Persuasion De Los Dias,pertenece a la categoria,Poetry
Persuasion De Los Dias,pertenece a la categoria,Spanish: Adult Nonfiction
The Persuasion de Los Dias - En La Masmedula,fue publicada en el año,1998
The Persuasion de Los Dias - En La Masmedula,pertenece a la categoria,General
The Persuasion de Los Dias - En La Masmedula,pertenece a la categoria,Poetry
Poemas de Amor de Autores Famosos 4 - Antologia,fue publicada en el año,1998
Poemas de Amor de Autores Famosos 4 - Antologia,pertenece a la categoria,General
Poemas de Amor de Autores Famosos 4 - Antologia,pertenece a la categoria,Poetry
Veinte Poemas Para Ser Leidos,fue publicada en el año,1996
Veinte Poemas Para Ser Leidos,pertenece a la categoria,General
Veinte Poemas Para Ser Leidos,pertenece a la categoria,Caribbean & Latin American
Veinte Poemas Para Ser Leidos,pertenece a la categoria,Poetry
Veinte Poemas Para Ser Leidos,pertenece a la categoria,Spanish: Adult Nonfiction
Veinte Poemas Para Ser Leidos En El Tranvia; Calcomanias; Y Otros Poemas (Colección Visor de poesia),fue publicada en el año,2001
Veinte Poemas Para Ser Leidos En El Tranvia; Calcomanias; Y Otros Poemas (Colección Visor de poesia),pertenece a la categoria,General
Veinte Poemas Para Ser Leidos En El Tranvia; Calcomanias; Y Otros Poemas (Colección Visor de poesia),pertenece a la categoria,Poetry
Oliverio Girondo,fue publicada en el año,1964
Espantapájaros ; En la masmédula,fue publicada en el año,2009
Caaporá,fue publicada en el año,2010
Don Segundo Sombra,fue publicada en el año,1930
Don Segundo Sombra,fue publicada en el año,2003
Don Segundo Sombra,pertenece a la categoria,Literature
Don Segundo Sombra,pertenece a la categoria,Argentina
Don Segundo Sombra,pertenece a la categoria,Formas y generos literarios
Don Segundo Sombra,pertenece a la categoria,Novelas
Don Segundo Sombra,pertenece a la categoria,Literatura
Don Segundo Sombra,fue publicada en el año,1955
Don Segundo Sombra,fue publicada en el año,1966
Don Segundo Sombra,fue publicada en el año,1969
Don Segundo Sombra,fue publicada en el año,1964
Don Segundo Sombra,fue publicada en el año,1900
Breve Antologia De Cunentos Policiales,fue publicada en el año,1995
Breve Antologia De Cunentos Policiales,pertenece a la categoria,Short stories.
Breve Antologia De Cunentos Policiales,pertenece a la categoria,Cuentos.
Breve Antologia De Cunentos Policiales,pertenece a la categoria,Detective and mystery stories.
Breve Antologia De Cunentos Policiales,pertenece a la categoria,Novela policíaca.
Breve Antologia De Cunentos Policiales,pertenece a la categoria,Police -- Fiction.
Breve Antologia De Cunentos Policiales,pertenece a la categoria,Policía -- Ficción.
Antologia del Cuento Extrano 1,fue publicada en el año,1976
Antologia del Cuento Extrano 1,pertenece a la categoria,Short Stories (single author)
Antologia del Cuento Extrano 1,pertenece a la categoria,Fiction - General
Antologia del Cuento Extrao 2,fue publicada en el año,1998
Antologia del Cuento Extrao 2,pertenece a la categoria,Short Stories (single author)
Antologia del Cuento Extrao 2,pertenece a la categoria,Fiction - General
Antologia del Cuento Extrao 3,fue publicada en el año,1998
Antologia del Cuento Extrao 3,pertenece a la categoria,Short Stories (single author)
Antologia del Cuento Extrao 3,pertenece a la categoria,Fiction - General
Antologia del Cuento Extrao 4,fue publicada en el año,1998
Antologia del Cuento Extrao 4,pertenece a la categoria,Short Stories (single author)
Antologia del Cuento Extrao 4,pertenece a la categoria,Fiction - General
Las Pruebas de Imprenta y Otros Textos,fue publicada en el año,2003
Las Pruebas de Imprenta y Otros Textos,pertenece a la categoria,Short Stories (single author)
Las Pruebas de Imprenta y Otros Textos,pertenece a la categoria,Fiction - General
Los Oficios Terrestres/the Terrestrial Offices,fue publicada en el año,1986
Los Oficios Terrestres/the Terrestrial Offices,pertenece a la categoria,General
Los Oficios Terrestres/the Terrestrial Offices,pertenece a la categoria,Reading materials
Los Oficios Terrestres/the Terrestrial Offices,pertenece a la categoria,Short stories
Los Oficios Terrestres/the Terrestrial Offices,pertenece a la categoria,Fiction - General
Los Oficios Terrestres/the Terrestrial Offices,pertenece a la categoria,Spanish: Adult Nonfiction
Operacion Masacre (Espejo de La Argentina),fue publicada en el año,1998
Operacion Masacre (Espejo de La Argentina),pertenece a la categoria,General
Operacion Masacre (Espejo de La Argentina),pertenece a la categoria,Latin America - South America
Operacion Masacre (Espejo de La Argentina),pertenece a la categoria,1943-1955
Operacion Masacre (Espejo de La Argentina),pertenece a la categoria,Fiction - General
Operacion Masacre (Espejo de La Argentina),pertenece a la categoria,Police
Operacion Masacre (Espejo de La Argentina),pertenece a la categoria,Buenos Aires (Province)
Operacion Masacre/ Massacre Operation,fue publicada en el año,2006
Operacion Masacre/ Massacre Operation,pertenece a la categoria,Political History
Operacion Masacre/ Massacre Operation,pertenece a la categoria,South America - History
Operacion Masacre/ Massacre Operation,pertenece a la categoria,History
Operacion Masacre/ Massacre Operation,pertenece a la categoria,Politics / Current Events
Operacion Masacre/ Massacre Operation,pertenece a la categoria,Spanish: Adult Nonfiction
Operacion Masacre/ Massacre Operation,pertenece a la categoria,Political Process - General
Operacion Masacre/ Massacre Operation,pertenece a la categoria,Government - General
Operacion Masacre/ Massacre Operation,pertenece a la categoria,Latin America - South America
Operacion Masacre/ Massacre Operation,pertenece a la categoria,Caribbean & Latin American
"Violento Oficio de Escribir, El (Espejo de La Argentina)",fue publicada en el año,1997
"Violento Oficio de Escribir, El (Espejo de La Argentina)",pertenece a la categoria,General
"Violento Oficio de Escribir, El (Espejo de La Argentina)",pertenece a la categoria,Fiction - General
Nuevas rutas,fue publicada en el año,2010
Nuevas rutas,pertenece a la categoria,Juvenile fiction
La respiración cavernaria,fue publicada en el año,2017
"Concurso nacional de cuento ""Jóvenes narradores"" 2001",fue publicada en el año,2005
Poemas / Poems,fue publicada en el año,2024
Promesa / the Promise,fue publicada en el año,2024
Autobiografía de Irene / Autobiography of Irene,fue publicada en el año,2024
El dibujo del tiempo,fue publicada en el año,2014
El dibujo del tiempo,pertenece a la categoria,Argentine literature
Breve santoral,fue publicada en el año,1985
Breve santoral,pertenece a la categoria,Saints -- Poetry.
Poesia Completa II,fue publicada en el año,2002
El que la hace-- ¿la paga?,fue publicada en el año,2006
El que la hace-- ¿la paga?,pertenece a la categoria,Cuentos policíacos latinoamericanos.
"Caballo Alado, El",fue publicada en el año,1997
"Caballo Alado, El",pertenece a la categoria,Juvenile Fiction
"Caballo Alado, El",pertenece a la categoria,Short Stories
"Caballo Alado, El",pertenece a la categoria,Children's Baby - Fiction - General
Testimonios,fue publicada en el año,1941
La viajera y sus sombras,fue publicada en el año,2010
La viajera y sus sombras,pertenece a la categoria,Correspondence
La viajera y sus sombras,pertenece a la categoria,Travel
La viajera y sus sombras,pertenece a la categoria,Argentine Authors
La viajera y sus sombras,pertenece a la categoria,Biography
Cartas de posguerra,fue publicada en el año,2009
Cartas de posguerra,pertenece a la categoria,Correspondence
Cartas de posguerra,pertenece a la categoria,Argentine Authors
Autobiografia I,fue publicada en el año,2005
Autobiografia I,pertenece a la categoria,General
Autobiografia I,pertenece a la categoria,Biography / Autobiography
Autobiografia III,fue publicada en el año,2006
Autobiografia III,pertenece a la categoria,General
Autobiografia III,pertenece a la categoria,Biography / Autobiography
Lautaro - Joven Libertador de Arauco,fue publicada en el año,2004
Lautaro - Joven Libertador de Arauco,pertenece a la categoria,Short Stories
Lautaro - Joven Libertador de Arauco,pertenece a la categoria,Children's All Ages - Fiction - General
Comprension de La Lectura 3,fue publicada en el año,1998
Comprension de La Lectura 3,pertenece a la categoria,General
Comprension de La Lectura 3,pertenece a la categoria,Children's Books/Ages 9-12 Fiction
Comprension de La Lectura 3,pertenece a la categoria,Children's Books/Ages 9-12 Nonfiction
Fichas de Lengua y Lectura Comprensiva 3,fue publicada en el año,1993
Fichas de Lengua y Lectura Comprensiva 3,pertenece a la categoria,Statistics
Fichas de Lengua y Lectura Comprensiva 3,pertenece a la categoria,Sociology
Filosofía de la historia en Christopher Dawson,fue publicada en el año,2007
Filosofía de la historia en Christopher Dawson,pertenece a la categoria,"Dawson, Christopher, -- 1889-1970"
Filosofía de la historia en Christopher Dawson,pertenece a la categoria,Historians -- Great Britain -- Biography
Filosofía de la historia en Christopher Dawson,pertenece a la categoria,"Civilization, Christian"
Filosofía de la historia en Christopher Dawson,pertenece a la categoria,"Civilization, Western"
Filosofía de la historia en Christopher Dawson,pertenece a la categoria,Europe -- Politics and government -- 20th century
Thimor,fue publicada en el año,2018
"Plebiscito en Chile, 1988",fue publicada en el año,2020
"Plebiscito en Chile, 1988",pertenece a la categoria,Documentary photography
"Plebiscito en Chile, 1988",pertenece a la categoria,History
"Plebiscito en Chile, 1988",pertenece a la categoria,Artistic Photography
"Plebiscito en Chile, 1988",pertenece a la categoria,Plebiscite
"Plebiscito en Chile, 1988",pertenece a la categoria,Photographs
"Plebiscito en Chile, 1988",pertenece a la categoria,Politics and government
"Plebiscito en Chile, 1988",pertenece a la categoria,Pictorial works
El placer de los demás,fue publicada en el año,2009
Ygdrasil,fue publicada en el año,2005
Kalfukura,fue publicada en el año,2009
Chile,fue publicada en el año,2010
La guerra interior,fue publicada en el año,2017
Héroes,fue publicada en el año,2019
Héroes,pertenece a la categoria,Heroes
Héroes,pertenece a la categoria,Biography
Héroes,pertenece a la categoria,History
Héroes,pertenece a la categoria,Anecdotes
La dictadura,fue publicada en el año,2018
La dictadura,pertenece a la categoria,History
La dictadura,pertenece a la categoria,Dictatorship
La dictadura,pertenece a la categoria,Coup d'état (Chile : 1973) fast (OCoLC)fst01352564
Héroes 2,fue publicada en el año,2020
Héroes 2,pertenece a la categoria,Heroes
Héroes 2,pertenece a la categoria,Biography
Héroes 2,pertenece a la categoria,History
Rebelión,fue publicada en el año,2020
Rebelión,pertenece a la categoria,Politics and government
Rebelión,pertenece a la categoria,Social conditions
Synco,fue publicada en el año,2008
Synco,fue publicada en el año,2008
Los intramarchas,fue publicada en el año,2022
Los intramarchas,pertenece a la categoria,History
Los intramarchas,pertenece a la categoria,Undercover operations
Los intramarchas,pertenece a la categoria,Social movements
Los intramarchas,pertenece a la categoria,Chile. Carabineros
Los intramarchas,pertenece a la categoria,Chile
"Historia Jeneral de Chile, Volume 8...",fue publicada en el año,2023
Historia Jeneral de Chile; Volume 13,fue publicada en el año,2023
Historia General de la Independencia de Chile; Volume 3,fue publicada en el año,2023
"Compendio de Historia de America, Volumes 1-2",fue publicada en el año,2023
Historia Jeneral de Chile; Volume 16,fue publicada en el año,2023
Historia General de la Independencia de Chile; Volume 4,fue publicada en el año,2023
Historia General de la Independencia de Chile; Volume 2,fue publicada en el año,2023
Historia Jeneral de Chile; Volume 14,fue publicada en el año,2023
"Historia Jeneral de Chile, Volume 2...",fue publicada en el año,2022
Obras Completas de Diego Barros Arana ...,fue publicada en el año,2022
Historia General de la Independencia de Chile; Volume 1,fue publicada en el año,2022
Cuestión de límites Entre Chile I la República Arjentina,fue publicada en el año,2022
Doctor Don Rodolfo Amando Philippi,fue publicada en el año,2022
Historia General de Chile IV,fue publicada en el año,2014
Historia General de Chile II,fue publicada en el año,2014
Historia General de Chile I,fue publicada en el año,2014
Historia General de Chile III,fue publicada en el año,2014
Pipiolos y Pelucones II y Último Tomo,fue publicada en el año,2007
Pipiolos y Pelucones II y Último Tomo,pertenece a la categoria,Literary Collections / General
Pipiolos y Pelucones I Tomo,fue publicada en el año,2007
Pipiolos y Pelucones I Tomo,pertenece a la categoria,Literary Collections / General
Cabro chico,fue publicada en el año,2018
Cabro chico,pertenece a la categoria,Chilean Authors
Cabro chico,pertenece a la categoria,Biography
En qué quedamos,fue publicada en el año,2007
"Rápido, antes de llorar",fue publicada en el año,2007
"Rápido, antes de llorar",pertenece a la categoria,Diaries
"Rápido, antes de llorar",pertenece a la categoria,Chilean Poets
El cansador intrabajable,fue publicada en el año,2008
Desnudos,fue publicada en el año,2013
Desnudos,pertenece a la categoria,Exhibitions
Desnudos,pertenece a la categoria,Photography of the nude
Desnudos,pertenece a la categoria,Photography of women
"Reloj no marques las horas, haz esta noche perpetua 1965-2014",fue publicada en el año,2014
"Reloj no marques las horas, haz esta noche perpetua 1965-2014",pertenece a la categoria,Catalogs
"Reloj no marques las horas, haz esta noche perpetua 1965-2014",pertenece a la categoria,Artistic Photography
¿Puede aceptarse todo esto?,fue publicada en el año,2017
¿Puede aceptarse todo esto?,pertenece a la categoria,Chilean poetry
Violeta,fue publicada en el año,2019
Miércale,fue publicada en el año,2022
Miércale,pertenece a la categoria,Chilean poetry
Miércale,pertenece a la categoria,Littérature chilienne
Miércale,pertenece a la categoria,Chilean literature
Cero,fue publicada en el año,2020
Dicho sea de paso,fue publicada en el año,2006
Dicho sea de paso,pertenece a la categoria,Poesías chilenas
Adiós,fue publicada en el año,2013
El tamaño de la verdad,fue publicada en el año,2011
No queda otra,fue publicada en el año,2014
Piden sangre por las puras,fue publicada en el año,2009
Harakiri,fue publicada en el año,2004
Desgarraduras,fue publicada en el año,2009
Desgarraduras,pertenece a la categoria,Handworked Photography
¿A quién matamos ahora?,fue publicada en el año,2011
¿A quién matamos ahora?,fue publicada en el año,2011
La luz de los vencidos,fue publicada en el año,2012
La luz de los vencidos,pertenece a la categoria,Argentine poetry
Escritos peruanos,fue publicada en el año,2005
Escritos peruanos,pertenece a la categoria,Christianity and politics
Escritos peruanos,pertenece a la categoria,Political science
Escritos peruanos,pertenece a la categoria,Philosophy
Escritos peruanos,pertenece a la categoria,Politics and government
Escritos peruanos,pertenece a la categoria,Política y gobierno
"Francisco Bilbao, 1823-1865",fue publicada en el año,2007
"Francisco Bilbao, 1823-1865",pertenece a la categoria,"Bilbao, Francisco, -- 1823-1865"
"Francisco Bilbao, 1823-1865",pertenece a la categoria,Pan-Americanism
"Francisco Bilbao, 1823-1865",pertenece a la categoria,Latin America -- Politics and government -- 19th century
Los Juegos Evita,fue publicada en el año,2016
Los Juegos Evita,pertenece a la categoria,History
Los Juegos Evita,pertenece a la categoria,Sports for children
Los Juegos Evita,pertenece a la categoria,Government policy
Los Juegos Evita,pertenece a la categoria,Peronism
Los Juegos Evita,pertenece a la categoria,Juegos Nacionales Evita
Luto en primavera,fue publicada en el año,2006
Ahí va esa y otras crónicas,fue publicada en el año,2014
Adios A Ruibarbo,fue publicada en el año,2003
Adios A Ruibarbo,pertenece a la categoria,Social Issues - Friendship
Adios A Ruibarbo,pertenece a la categoria,Juvenile Fiction
Adios A Ruibarbo,pertenece a la categoria,Spanish: Kindergarten
Una loica en la ventana,fue publicada en el año,2008
Unamuno,fue publicada en el año,2003
Unamuno,pertenece a la categoria,Literary
Unamuno,pertenece a la categoria,Biography / Autobiography
Gracia y el forastero,fue publicada en el año,1964
Martin Rivas (Novela de costumbres politico-sociales),fue publicada en el año,2004
Martin Rivas (Novela de costumbres politico-sociales),pertenece a la categoria,Classics
Martin Rivas (Novela de costumbres politico-sociales),pertenece a la categoria,Fiction
Martin Rivas (Novela de costumbres politico-sociales),pertenece a la categoria,Spanish: Adult Fiction
Martin Rivas (Novela de costumbres politico-sociales),pertenece a la categoria,Chile
Martin Rivas (Novela de costumbres politico-sociales),pertenece a la categoria,History
Martin Rivas (Novela de costumbres politico-sociales),pertenece a la categoria,"Insurrection, 1851"
Durante la Reconquista,fue publicada en el año,2010
Durante la Reconquista,pertenece a la categoria,Fiction
Durante la Reconquista,pertenece a la categoria,Chile
Durante la Reconquista,pertenece a la categoria,History
Los tormentosos últimos días de un irreverente,fue publicada en el año,2013
El jugador de rugby,fue publicada en el año,2008
Explicacion de Todos MIS Tropiezos,fue publicada en el año,2000
Explicacion de Todos MIS Tropiezos,pertenece a la categoria,General
Explicacion de Todos MIS Tropiezos,pertenece a la categoria,Fiction - General
Explicación de todos mis tropiezos,fue publicada en el año,2009
El mirlo burlón,fue publicada en el año,2010
El mirlo burlón,pertenece a la categoria,Diaries
El mirlo burlón,pertenece a la categoria,Chilean Authors
Oficina de mujeres extraviadas,fue publicada en el año,2009
Oficina de mujeres extraviadas,pertenece a la categoria,Women authors
Oficina de mujeres extraviadas,pertenece a la categoria,Women and literature
Oficina de mujeres extraviadas,pertenece a la categoria,Actresses
A merced del visitante,fue publicada en el año,2013
A merced del visitante,pertenece a la categoria,Travel
A merced del visitante,pertenece a la categoria,Description and travel
Leyendario,fue publicada en el año,1981
Memorial de Valparaíso,fue publicada en el año,1986
Memorial de Valparaíso,pertenece a la categoria,Valparaíso (Chile) -- History.
Diario de Valparaíso,fue publicada en el año,2012
El vicio de escribir,fue publicada en el año,2009
Dibujando la Figura Humana,fue publicada en el año,2001
Ventura y desventura de Eduardo Molina,fue publicada en el año,2008
Ventura y desventura de Eduardo Molina,pertenece a la categoria,"Molina Ventura, Eduardo"
Ventura y desventura de Eduardo Molina,pertenece a la categoria,"Molina Ventura, Eduardo -- Criticism and interpretation"
Ventura y desventura de Eduardo Molina,pertenece a la categoria,"Poets, Chilean -- 20th century -- Biography"
El bolero de los ángeles,fue publicada en el año,2005
Treinta poemas para leer antes del próximo jueves,fue publicada en el año,2007
Crónicas suecas,fue publicada en el año,2013
Bitácora y otras cuestiones,fue publicada en el año,2014
Españoles señalados,fue publicada en el año,2003
Españoles señalados,pertenece a la categoria,Spanish poetry
Españoles señalados,pertenece a la categoria,History and criticism
Españoles señalados,pertenece a la categoria,Spanish Poets
La mantis en el metro,fue publicada en el año,2021
Historia del Arte Iberoamericano - 2 Tomos,fue publicada en el año,1993
Historia del Arte Iberoamericano - 2 Tomos,pertenece a la categoria,"Art, Latin American"
Historia del Arte Iberoamericano - 2 Tomos,pertenece a la categoria,History - General
Historia del Arte Iberoamericano - 2 Tomos,pertenece a la categoria,Art & Art Instruction
El huevo de Dios y otras historias,fue publicada en el año,2002
El invernadero,fue publicada en el año,2013
Kavafis íntegro,fue publicada en el año,2007
Kavafis íntegro,pertenece a la categoria,Criticism and interpretation
Kavafis íntegro,pertenece a la categoria,Greek Poets
Kavafis íntegro,pertenece a la categoria,Greek poetry
Kavafis íntegro,pertenece a la categoria,Poetas griegos
Kavafis íntegro,pertenece a la categoria,Poesías griegas
Habito Del Crimen,fue publicada en el año,2017
Derecho constitucional chileno,fue publicada en el año,2002
Derecho constitucional chileno,pertenece a la categoria,Constitutional law -- Chile.
Vidas de izquierda,fue publicada en el año,2014
Vidas de izquierda,pertenece a la categoria,Chileans
Vidas de izquierda,pertenece a la categoria,Interviews
Los conquistadores de la Antártida,fue publicada en el año,2016
Cabo de Hornos,fue publicada en el año,2003
Cabo de Hornos,pertenece a la categoria,Short Stories (single author)
Cabo de Hornos,pertenece a la categoria,Fiction - General
Fuera de lugar,fue publicada en el año,2016
Fuera de lugar,pertenece a la categoria,Manners and customs
Luis Oyarzún,fue publicada en el año,2014
Luis Oyarzún,pertenece a la categoria,Chilean Authors
Luis Oyarzún,pertenece a la categoria,Biography
Raro,fue publicada en el año,2011
Siútico,fue publicada en el año,2008
Siútico,pertenece a la categoria,Dandyism -- Chile -- History
Siútico,pertenece a la categoria,Dandies -- Chile -- Social life and customs
Siútico,pertenece a la categoria,Upper class -- Chile -- Social life and customs
Siútico,pertenece a la categoria,"National characteristics, Chilean"
Siútico,pertenece a la categoria,Chile -- Social life and customs
Mecánica celeste,fue publicada en el año,2013
Mecánica celeste,pertenece a la categoria,Widows
Mecánica celeste,pertenece a la categoria,Fiction
Mecánica celeste,pertenece a la categoria,Families
Poéticas de Chile,fue publicada en el año,2007
Poéticas de Chile,pertenece a la categoria,Chilean poetry
Poéticas de Chile,pertenece a la categoria,History and criticism
Poéticas de Chile,pertenece a la categoria,Poetics
Poetas chilenos contemporáneos,fue publicada en el año,2013
Poetas chilenos contemporáneos,pertenece a la categoria,Chilean poetry
Poetas chilenos contemporáneos,pertenece a la categoria,History and criticism
Los asaltantes del cielo,fue publicada en el año,2019
Los asaltantes del cielo,pertenece a la categoria,Chilean fiction
Al Séptimo Día,fue publicada en el año,2020
Cuentos reunidos,fue publicada en el año,2008
"Ciudad Anterior, La",fue publicada en el año,1993
"Ciudad Anterior, La",pertenece a la categoria,General
"Ciudad Anterior, La",pertenece a la categoria,Fiction - General
La ley natural,fue publicada en el año,2004
El nadador,fue publicada en el año,1995
Cuentos reunidos,fue publicada en el año,2008
Autobiografía de un ex-tremista,fue publicada en el año,2009
Autobiografía de un ex-tremista,pertenece a la categoria,Chilean Authors
Autobiografía de un ex-tremista,pertenece a la categoria,Biography
"La novela del golpe, o los muchachos del Grupo América",fue publicada en el año,2013
"La novela del golpe, o los muchachos del Grupo América",pertenece a la categoria,History
"La novela del golpe, o los muchachos del Grupo América",pertenece a la categoria,Fiction
Ex-chile,fue publicada en el año,2021
Poemas bolcheviques,fue publicada en el año,2018
Capitalismo tardío,fue publicada en el año,2013
Maquinaria Chile y otras escenas de poesía política,fue publicada en el año,2012
Canciones oficiales,fue publicada en el año,2009
Dona Pinones,fue publicada en el año,2006
Dona Pinones,pertenece a la categoria,General
Dona Pinones,pertenece a la categoria,Fairy Tales & Folklore - General
Dona Pinones,pertenece a la categoria,Juvenile Fiction
Dona Pinones,pertenece a la categoria,Children's Books/All Ages
Dona Pinones,pertenece a la categoria,Spanish: Kindergarten
Dona Pinones (Coleccion Rimas Y Adivinanzas),fue publicada en el año,1994
Dona Pinones (Coleccion Rimas Y Adivinanzas),pertenece a la categoria,Spanish: Grades 1-2
Dona Pinones (Coleccion Rimas Y Adivinanzas),pertenece a la categoria,Fiction
Dona Pinones (Coleccion Rimas Y Adivinanzas),pertenece a la categoria,Children's 4-8 - Picturebooks
Dona Pinones (Coleccion Rimas Y Adivinanzas),pertenece a la categoria,Winds
Dona Pinones (Coleccion Rimas Y Adivinanzas),pertenece a la categoria,General
Dona Pinones (Coleccion Rimas Y Adivinanzas),pertenece a la categoria,Fear
Dona Pinones (Coleccion Rimas Y Adivinanzas),pertenece a la categoria,Spanish language materials
El año que nos volvimos todos un poco locos,fue publicada en el año,2012
El resto de la vida,fue publicada en el año,2015
Para qué leer,fue publicada en el año,2011
Para qué leer,pertenece a la categoria,Books and reading
Para qué leer,pertenece a la categoria,Literature
Para qué leer,pertenece a la categoria,Appreciation
Para qué leer,pertenece a la categoria,Reading
Heroina,fue publicada en el año,1999
Cartas a un joven dramaturgo,fue publicada en el año,1995
La secreta obscenidad de cada día,fue publicada en el año,2010
Hermosas bestias salvajes,fue publicada en el año,2012
La bromo de una mantis religiosa,fue publicada en el año,2016
Un ángel de abrigo azul,fue publicada en el año,2016
Afuera es noche,fue publicada en el año,2014
Afuera es noche,pertenece a la categoria,Chilean fiction
Segun pasan los anos,fue publicada en el año,2014
En este lugar sagrado,fue publicada en el año,2014
Por las calles del mundo,fue publicada en el año,2009
Y tú no me respondes,fue publicada en el año,2010
Solo de saxo,fue publicada en el año,1998
Memorias neoyorquinas,fue publicada en el año,2009
Por las calles del mundo,fue publicada en el año,2009
Prosa escogida,fue publicada en el año,2014
Prosa escogida,pertenece a la categoria,Chilean literature
Prosa escogida,pertenece a la categoria,Chilean poetry
Prosa escogida,pertenece a la categoria,Literature
Prosa escogida,pertenece a la categoria,Poetry
Prosa escogida,pertenece a la categoria,Arts
Prosa escogida,pertenece a la categoria,Philosophy
La medusa y otros textos inéditos,fue publicada en el año,2006
Obra poética,fue publicada en el año,2010
Las tres ciudadelas y los héroes del Río de la Plata,fue publicada en el año,2010
Las tres ciudadelas y los héroes del Río de la Plata,pertenece a la categoria,History
Otros septiembres,fue publicada en el año,2007
Otros septiembres,pertenece a la categoria,Latin American essays
Otros septiembres,pertenece a la categoria,America -- Politics and government -- 21st century
Otros septiembres,pertenece a la categoria,America -- Civilization -- 21st century
Colección particular,fue publicada en el año,2015
Diarios de viaje,fue publicada en el año,2017
Diarios de viaje,pertenece a la categoria,Diaries
Diarios de viaje,pertenece a la categoria,Description and travel
Miltín 1934,fue publicada en el año,2010
Un año,fue publicada en el año,1935
Jean Emar,fue publicada en el año,1992
Jean Emar,pertenece a la categoria,Art Chilean -- 20th century.
Jean Emar,pertenece a la categoria,"Art, Modern -- 20th century."
Regreso,fue publicada en el año,2016
Regreso,pertenece a la categoria,Travel
Regreso,pertenece a la categoria,Fiction
Regreso,pertenece a la categoria,Description and travel
Amor,fue publicada en el año,2014
Cartas a Pepeche,fue publicada en el año,2007
Cartas a Pepeche,pertenece a la categoria,"Emar, Juan, -- 1893-1964 -- Correspondence."
Cartas a Pepeche,pertenece a la categoria,"Authors, Chilean -- 20th century -- Correspondence."
M[i] v[ida],fue publicada en el año,2006
M[i] v[ida],pertenece a la categoria,Criticism and interpretation
Notas de Arte,fue publicada en el año,2003
Cartas a Carmen,fue publicada en el año,1998
Cavilaciones,fue publicada en el año,2014
Cartas a Guni Pirque,fue publicada en el año,2010
Cartas a Guni Pirque,pertenece a la categoria,Correspondence
Cartas a Guni Pirque,pertenece a la categoria,Chilean Authors
Cartas a Guni Pirque,pertenece a la categoria,Correspondencia
Cartas a Guni Pirque,pertenece a la categoria,Autores chilenos
Cartas a Carmen,fue publicada en el año,1998
Los secretos de Totó,fue publicada en el año,2002
Los secretos de Totó,pertenece a la categoria,Interviews
Los secretos de Totó,pertenece a la categoria,Chilean Women authors
Los secretos de Totó,pertenece a la categoria,Biography
Los secretos de Totó,pertenece a la categoria,Autoras Chilenas
Los secretos de Totó,pertenece a la categoria,Biografías
Los secretos de Totó,pertenece a la categoria,PERIODISTAS (MUJERES)
Los secretos de Totó,pertenece a la categoria,BIOGRAFIAS
Un mundo incierto,fue publicada en el año,2022
Un mundo incierto,pertenece a la categoria,Human behavior
Un mundo incierto,pertenece a la categoria,Interviews
Un mundo incierto,pertenece a la categoria,"COVID-19 Pandemic, 2020-"
"Yo, presidente/a",fue publicada en el año,2014
"Yo, presidente/a",pertenece a la categoria,Presidents
"Yo, presidente/a",pertenece a la categoria,Interviews
"Yo, presidente/a",pertenece a la categoria,Executive power
"Yo, presidente/a",pertenece a la categoria,History
Boom boom kid,fue publicada en el año,2017
Boom boom kid,pertenece a la categoria,Criticism and interpretation
Boom boom kid,pertenece a la categoria,Chilean Authors
Boom boom kid,pertenece a la categoria,Biography
Boom boom kid,pertenece a la categoria,Chilean Reportage literature
Boom boom kid,pertenece a la categoria,Performance artists
Boom boom kid,pertenece a la categoria,Performance art
Cuba,fue publicada en el año,2018
Cuba,pertenece a la categoria,History
Cuba,pertenece a la categoria,Politics and government
Cuba,pertenece a la categoria,Social conditions
Los Nenes,fue publicada en el año,2008
Secretos Perdidos en Allasneda,fue publicada en el año,2020
La excepción universitaria,fue publicada en el año,2012
La excepción universitaria,pertenece a la categoria,Higher Education
La excepción universitaria,pertenece a la categoria,Universities and colleges
Destructor,fue publicada en el año,2023
Filosofía clásica,fue publicada en el año,1999
Dichos de campo,fue publicada en el año,1997
Amor en alta mar,fue publicada en el año,1987
Conversaciones con J.M. Ibáñez Langlois,fue publicada en el año,2015
Conversaciones con J.M. Ibáñez Langlois,pertenece a la categoria,Interviews
Conversaciones con J.M. Ibáñez Langlois,pertenece a la categoria,Chilean Poets
Conversaciones con J.M. Ibáñez Langlois,pertenece a la categoria,Priests
No confundir fantástico con maravilloso,fue publicada en el año,2020
No confundir fantástico con maravilloso,pertenece a la categoria,Literature
No confundir fantástico con maravilloso,pertenece a la categoria,History and criticism
Las aguas bisiestas,fue publicada en el año,2012
Los rebaños del cíclope,fue publicada en el año,2008
La tiranía de la igualdad,fue publicada en el año,2015
La tiranía de la igualdad,pertenece a la categoria,Equality
La tiranía de la igualdad,pertenece a la categoria,Socialism
La tiranía de la igualdad,pertenece a la categoria,Liberalism
La tiranía de la igualdad,pertenece a la categoria,Liberty
La tiranía de la igualdad,pertenece a la categoria,Economic policy
La tiranía de la igualdad,pertenece a la categoria,Politics and government
El economista callejero,fue publicada en el año,2021
El economista callejero,pertenece a la categoria,Economics
El economista callejero,pertenece a la categoria,Économie politique
Engaño Populista,fue publicada en el año,2016
Butamalon (Analectas),fue publicada en el año,1996
Butamalon (Analectas),pertenece a la categoria,General
Butamalon (Analectas),pertenece a la categoria,Fiction - General
Lenguas,fue publicada en el año,2005
Lenguas,pertenece a la categoria,Chilean Short stories
La parvá,fue publicada en el año,2015
Piezas secretas contra el mundo,fue publicada en el año,2014
Piezas secretas contra el mundo,pertenece a la categoria,Relaciones humanas
Piezas secretas contra el mundo,pertenece a la categoria,Interpersonal relations
Piezas secretas contra el mundo,pertenece a la categoria,Ficción
Piezas secretas contra el mundo,pertenece a la categoria,Fiction
Coreografías espirituales,fue publicada en el año,2017
Navidad y matanza,fue publicada en el año,2007
"Hasta siempre, Valparaíso",fue publicada en el año,2010
Versos teatrales,fue publicada en el año,2006
Los muertos pasean desnudos,fue publicada en el año,2019
Prohibido asomarse al interior,fue publicada en el año,2009
Los buenos días,fue publicada en el año,2010
La tierra prometida,fue publicada en el año,2009
La nueva frontera,fue publicada en el año,2007
Argumentos del día,fue publicada en el año,2009
Papeles de Harek Ayun,fue publicada en el año,2007
"Vida, toma mi mano",fue publicada en el año,2009
Antaño y Ogaño,fue publicada en el año,2009
Diálogos del porvenir,fue publicada en el año,2010
Diálogos del porvenir,pertenece a la categoria,Chilean poetry
Obras selectas,fue publicada en el año,2008
Conversaciones con Enrique Lihn,fue publicada en el año,2014
Conversaciones con Enrique Lihn,pertenece a la categoria,Interviews
Conversaciones con Enrique Lihn,pertenece a la categoria,Chilean Authors
Poesía completa,fue publicada en el año,2016
Una vida entre libros,fue publicada en el año,2016
Una vida entre libros,pertenece a la categoria,Spanish American literature
Una vida entre libros,pertenece a la categoria,History and criticism
Nostalgia del silencio,fue publicada en el año,2014
Baladas de la memoria,fue publicada en el año,2010
Los negocios universitarios en el mercado del conocimiento,fue publicada en el año,2006
Los negocios universitarios en el mercado del conocimiento,pertenece a la categoria,Higher Education
Los negocios universitarios en el mercado del conocimiento,pertenece a la categoria,Finance
Los negocios universitarios en el mercado del conocimiento,pertenece a la categoria,Educational change
Cuentos de damas fantásticas,fue publicada en el año,2002
Cuentos de damas fantásticas,pertenece a la categoria,Short Stories (single author)
Cuentos de damas fantásticas,pertenece a la categoria,Literary
Cuentos de damas fantásticas,pertenece a la categoria,Fiction
Cuentos de damas fantásticas,pertenece a la categoria,Fiction - General
Cuentos de damas fantásticas,pertenece a la categoria,Spanish: Adult Fiction
La música del pensamiento,fue publicada en el año,2009
La rinconada de la luna,fue publicada en el año,2013
Visita de Woody Allen a Venecia,fue publicada en el año,2008
La belleza de pensar que la palabra perro no muerde,fue publicada en el año,2009
Tal vez un poco de eternidad,fue publicada en el año,2004
La música del pensamiento,fue publicada en el año,2009
A buen paso atraviesa la noche,fue publicada en el año,2009
Obras escogidas,fue publicada en el año,2006
Obras escogidas,pertenece a la categoria,Political science -- Latin America.
Obras escogidas,pertenece a la categoria,Political sociology.
Obras escogidas,pertenece a la categoria,Chile -- Politics and government -- 20th century.
Horizontes y abismos,fue publicada en el año,2011
Horizontes y abismos,pertenece a la categoria,Criticism and interpretation
Horizontes y abismos,pertenece a la categoria,Exhibitions
Sergio Larraín,fue publicada en el año,2012
Sergio Larraín,pertenece a la categoria,Fotógrafos
Sergio Larraín,pertenece a la categoria,Biografías
Sergio Larraín,pertenece a la categoria,Fotografía
Sergio Larraín,pertenece a la categoria,Photographers
Sergio Larraín,pertenece a la categoria,Biography
Álbum de Chile,fue publicada en el año,2016
Álbum de Chile,pertenece a la categoria,Artistic Photography
Álbum de Chile,pertenece a la categoria,Exhibitions
Álbum de Chile,pertenece a la categoria,Pictorial works
Álbum de Chile,pertenece a la categoria,History
Multitudes en sombras,fue publicada en el año,2008
Multitudes en sombras,pertenece a la categoria,Asociación de Fotógrafos Independientes (Chile)
Multitudes en sombras,pertenece a la categoria,Documentary photography -- Chile -- History -- 20th century
Multitudes en sombras,pertenece a la categoria,Chile -- Politics and government -- 1973- -- Pictorial works
Multitudes en sombras,pertenece a la categoria,Chile -- Social conditions -- 1970- -- Pictorial works
Bestiario,fue publicada en el año,2013
Bestiario,pertenece a la categoria,Chilean drama
Lacra,fue publicada en el año,2013
Pascua,fue publicada en el año,2014
Pascua,pertenece a la categoria,Chilean fiction
El libro rojo de la historia de Chile,fue publicada en el año,2016
El libro rojo de la historia de Chile,pertenece a la categoria,Chilean fiction
Los psychokillers,fue publicada en el año,2019
Los psychokillers,pertenece a la categoria,Fiction
Fotos de Laura,fue publicada en el año,2012
La educación,fue publicada en el año,2012
La patria,fue publicada en el año,2012
"Poesía, situación irregular",fue publicada en el año,2014
El efímera vulgata,fue publicada en el año,2012
Querido Pedro,fue publicada en el año,2012
Querido Pedro,pertenece a la categoria,Correspondence
Las cartas de Eros,fue publicada en el año,2016
"Poetas, voladores de luces",fue publicada en el año,2017
Diálogos de desaparecidos,fue publicada en el año,2018
¿Qué nos ha dado con Kafka?,fue publicada en el año,2020
¿Qué nos ha dado con Kafka?,pertenece a la categoria,Chilean literature
Nada se pierde con vivir,fue publicada en el año,2013
Porque Escribí,fue publicada en el año,1997
Porque Escribí,pertenece a la categoria,Romance literature
La aparición de la virgen y otros poemas políticos (1963-1987),fue publicada en el año,2012
Enrique Lihn entrevistas,fue publicada en el año,2005
Enrique Lihn entrevistas,pertenece a la categoria,"Lihn, Enrique -- Interviews."
Enrique Lihn entrevistas,pertenece a la categoria,"Poets, Chilean -- Interviews."
Huacho Y Pochocha,fue publicada en el año,2004
Huacho Y Pochocha,pertenece a la categoria,Romance - Contemporary
Huacho Y Pochocha,pertenece a la categoria,Fiction
Huacho Y Pochocha,pertenece a la categoria,Spanish: Adult Fiction
Niebla City,fue publicada en el año,2012
Este libro vale un cadáver,fue publicada en el año,2010
Las obras y las sobras,fue publicada en el año,2020
Las obras y las sobras,pertenece a la categoria,Authors
Las obras y las sobras,pertenece a la categoria,Fiction
Gente que baila sola,fue publicada en el año,2009
El fumador y otros relatos,fue publicada en el año,2008
Cazadores,fue publicada en el año,2010
Nueva antología,fue publicada en el año,2005
Nueva antología,pertenece a la categoria,"Lipschütz, Alejandro, -- 1883-1980 -- Political and social views"
Nueva antología,pertenece a la categoria,Indians of South America -- Chile
Porque Escribí,fue publicada en el año,1997
Porque Escribí,pertenece a la categoria,Romance literature
El desenredo,fue publicada en el año,2005
Cuentos del maule,fue publicada en el año,2007
Esa vieja nostalgia,fue publicada en el año,2010
Bajo el Arco de Triunfo,fue publicada en el año,2020
Anatomía del amor perfecto,fue publicada en el año,2008
Anatomía del amor perfecto,pertenece a la categoria,Chilean poetry
Todos los mundos posibles,fue publicada en el año,2015
Todos los mundos posibles,pertenece a la categoria,Criticism and interpretation
Leyendo a Vila-Matas,fue publicada en el año,2011
Diversos instantes del reino,fue publicada en el año,2006
Los dolores del miembro fantasma,fue publicada en el año,2014
El Corazón a contraluz,fue publicada en el año,1996
Chile,fue publicada en el año,1999
Chile,pertenece a la categoria,Civil-military relations -- Chile -- History.
Chile,pertenece a la categoria,Chile -- Politics and government -- 1810-
Chile,pertenece a la categoria,Chile -- Armed Forces -- Political activity -- History.
El lento silbido de los sables,fue publicada en el año,2010
El lento silbido de los sables,pertenece a la categoria,Fiction
El lento silbido de los sables,pertenece a la categoria,Mapuche Indians
El lento silbido de los sables,pertenece a la categoria,Wars
El lento silbido de los sables,pertenece a la categoria,History
Give me a break,fue publicada en el año,2008
Give me a break,pertenece a la categoria,Interviews
Give me a break,pertenece a la categoria,Chilean Poets
Give me a break,pertenece a la categoria,Poetry
La tirana,fue publicada en el año,1983
Un oscuro pedazo de vida,fue publicada en el año,2019
Basuras de Shanghai,fue publicada en el año,2007
Compases al amanecer,fue publicada en el año,2010
Notas de un ventrílocuo / Germán Marín,fue publicada en el año,2013
Adiciones palermitanas,fue publicada en el año,2016
Bolígrafo o Los sueños chinos,fue publicada en el año,2016
Bolígrafo o Los sueños chinos,pertenece a la categoria,Chilean fiction
Bolígrafo o Los sueños chinos,pertenece a la categoria,Fiction
Póstumo y Sospecha,fue publicada en el año,2018
"Tal vez sí, tal vez no",fue publicada en el año,2017
Cartago,fue publicada en el año,2009
La ola muerta,fue publicada en el año,2005
Tierra amarilla,fue publicada en el año,2014
Tierra amarilla,pertenece a la categoria,Chilean fiction
El Guarén,fue publicada en el año,2012
El Guarén,pertenece a la categoria,Bodyguards
El Guarén,pertenece a la categoria,Fiction
Últimos resplandores de una tarde precaria,fue publicada en el año,2011
Dejar hacer,fue publicada en el año,2010
Antes de que yo muera,fue publicada en el año,2011
Antes de que yo muera,pertenece a la categoria,Chilean Authors
Antes de que yo muera,pertenece a la categoria,Biography
La segunda mano,fue publicada en el año,2009
Carne de perro,fue publicada en el año,2002
Carne de perro,pertenece a la categoria,"Pérez Zujovic, Edmundo, 1912-1971 -- Assassination -- Fiction."
Carne de perro,pertenece a la categoria,Political violence -- Chile -- Fiction.
Carne de perro,pertenece a la categoria,Chile -- Fiction.
Ídola,fue publicada en el año,2000
El Palacio de la Risa,fue publicada en el año,1995
Echar a andar el día,fue publicada en el año,2014
Para alguien que me espera,fue publicada en el año,1998
Para alguien que me espera,pertenece a la categoria,POESIAS CHILENAS
Para alguien que me espera,pertenece a la categoria,PROSA CHILENA
Periodismo estético,fue publicada en el año,2008
Periodismo estético,pertenece a la categoria,Journalism
Periodismo estético,pertenece a la categoria,History
Periodismo estético,pertenece a la categoria,Journalists
Periodismo estético,pertenece a la categoria,Social life and customs
Periodismo estético,pertenece a la categoria,Identity (Psychology)
Dramaturgia de la Academia Chilena de la Lengua,fue publicada en el año,2010
Dramaturgia de la Academia Chilena de la Lengua,pertenece a la categoria,Chilean drama
Dramaturgia de la Academia Chilena de la Lengua,pertenece a la categoria,Dramas chilenos
La noche de los muertos vivientes,fue publicada en el año,2011
La noche de los muertos vivientes,pertenece a la categoria,"Chile Earthquake, Chile, 2010 (February 27)"
Porotos granados,fue publicada en el año,2008
El jugador de trivia,fue publicada en el año,2009
El gran libro del bebedor chileno,fue publicada en el año,2007
El gran libro del bebedor chileno,pertenece a la categoria,Drinking of alcoholic beverages -- Chile -- Humor
El gran libro del bebedor chileno,pertenece a la categoria,"National characteristics, Chilean -- Humor"
El gran libro del bebedor chileno,pertenece a la categoria,Chilean wit and humor
La communicación masiva en el proceso de liberación,fue publicada en el año,1986
Historia de la sociedad de la información,fue publicada en el año,2007
Historia de la sociedad de la información,pertenece a la categoria,Information superhighway
Historia de la sociedad de la información,pertenece a la categoria,Aspectos sociales
Historia de la sociedad de la información,pertenece a la categoria,Tecnología de la información
Historia de la sociedad de la información,pertenece a la categoria,Social aspects
Historia de la sociedad de la información,pertenece a la categoria,Sociedad de información
Historia de la sociedad de la información,pertenece a la categoria,Information society
Historia de la sociedad de la información,pertenece a la categoria,Information technology
Historia de la sociedad de la información,pertenece a la categoria,Supercarretera informática
Introducción a los estudios culturales,fue publicada en el año,2004
Introducción a los estudios culturales,pertenece a la categoria,Anthropology - Cultural
Introducción a los estudios culturales,pertenece a la categoria,Communication
Introducción a los estudios culturales,pertenece a la categoria,Language Arts & Disciplines
Introducción a los estudios culturales,pertenece a la categoria,Archaeology / Anthropology
Introducción a los estudios culturales,pertenece a la categoria,Spanish: Adult Nonfiction
Pensar sobre los medios,fue publicada en el año,1988
Mitos y verdades de las AFP,fue publicada en el año,2017
Dona Lucia. La biografia no autorizada.,fue publicada en el año,2014
"Biblioteca Hispano Americana Setentrional, Volume 1...",fue publicada en el año,2018
Biblioteca chilena de traductores [1820-1924],fue publicada en el año,2007
Biblioteca chilena de traductores [1820-1924],pertenece a la categoria,Literature
Biblioteca chilena de traductores [1820-1924],pertenece a la categoria,Bibliography
Biblioteca chilena de traductores [1820-1924],pertenece a la categoria,Translations into Spanish
"Biblioteca Hispano Americana Setentrional, Volume 2...",fue publicada en el año,2018
Bibliografia Española De Las Islas Filipina 1523-1810,fue publicada en el año,2000
Bibliografia Española De Las Islas Filipina 1523-1810,pertenece a la categoria,General
Bibliografia Española De Las Islas Filipina 1523-1810,pertenece a la categoria,Bibliographies & Indexes
Bibliografia Española De Las Islas Filipina 1523-1810,pertenece a la categoria,Europe - Scandinavia
Bibliografia Española De Las Islas Filipina 1523-1810,pertenece a la categoria,Reference
Bibliografia Española De Las Islas Filipina 1523-1810,pertenece a la categoria,History - General History
Bibliografia Española De Las Islas Filipina 1523-1810,pertenece a la categoria,Spanish: Adult Nonfiction
Imprenta en México (1539-1821),fue publicada en el año,2018
Años en el cuerpo,fue publicada en el año,2005
Meli witran mapu,fue publicada en el año,2017
El duelo,fue publicada en el año,2011
Vuelta Al Tercer Mundo,fue publicada en el año,2016
Sexo & poder,fue publicada en el año,2004
Hotel España,fue publicada en el año,2010
Hotel España,pertenece a la categoria,Social conditions
Hotel España,pertenece a la categoria,Description and travel
Hotel España,pertenece a la categoria,Colonial influence
Generación ¡bang!,fue publicada en el año,2012
Generación ¡bang!,pertenece a la categoria,Tráfico de drogas
Generación ¡bang!,pertenece a la categoria,Drug traffic
Generación ¡bang!,pertenece a la categoria,Press coverage
Generación ¡bang!,pertenece a la categoria,Cobertura periodística
La vida de una vaca,fue publicada en el año,2005
La vida de una vaca,pertenece a la categoria,Cattle trade -- Argentina.
Equipaje de Mano,fue publicada en el año,2003
Equipaje de Mano,pertenece a la categoria,"Meneses, Juan Pablo. -- Journeys."
Equipaje de Mano,pertenece a la categoria,Voyages and travels.
Crónicas argentinas,fue publicada en el año,2009
Crónicas argentinas,pertenece a la categoria,"Meneses, Juan Pablo -- Blogs"
Crónicas argentinas,pertenece a la categoria,Argentina -- Social life and customs -- 21st century
Aprendizaje inteligente,fue publicada en el año,2012
Aprendizaje inteligente,pertenece a la categoria,Hogar y escuela
Aprendizaje inteligente,pertenece a la categoria,Educación
Aprendizaje inteligente,pertenece a la categoria,Parent participation
Aprendizaje inteligente,pertenece a la categoria,Academic achievement
Aprendizaje inteligente,pertenece a la categoria,Participación de padres
Aprendizaje inteligente,pertenece a la categoria,Learning
Aprendizaje inteligente,pertenece a la categoria,Logro académico
Aprendizaje inteligente,pertenece a la categoria,Education
Aprendizaje inteligente,pertenece a la categoria,Aprendizaje
Aprendizaje inteligente,pertenece a la categoria,Home and school
Gabinete de papel,fue publicada en el año,2008
Relación personal,fue publicada en el año,2006
Veneno de escorpión azul,fue publicada en el año,2007
Veneno de escorpión azul,pertenece a la categoria,"Millán, Gonzalo, -- 1947- -- Diaries"
Veneno de escorpión azul,pertenece a la categoria,"Authors, Chilean -- 20th century -- Diaries."
Irremediablemente filósofo,fue publicada en el año,2017
Irremediablemente filósofo,pertenece a la categoria,Philosophers
Irremediablemente filósofo,pertenece a la categoria,Chilean Philosophy
Irremediablemente filósofo,pertenece a la categoria,Interviews
Idea de la individualidad,fue publicada en el año,1943
Idea de la individualidad,pertenece a la categoria,Individuality.
Idea de la individualidad,pertenece a la categoria,Personality.
La distracción,fue publicada en el año,2015
Entremuros,fue publicada en el año,2019
Entremuros,pertenece a la categoria,Chilean Noir fiction
El discípulo,fue publicada en el año,2014
El discípulo,pertenece a la categoria,Chilean fiction
Las muertes paralelas,fue publicada en el año,2010
El día de los muertos,fue publicada en el año,2007
El día de los muertos,pertenece a la categoria,"Chile -- History -- Coup d'état, 1973 -- Fiction."
La calma,fue publicada en el año,2004
Movimiento Falso/Flase Movement,fue publicada en el año,2001
Movimiento Falso/Flase Movement,pertenece a la categoria,Spanish Novel And Short Story
Movimiento Falso/Flase Movement,pertenece a la categoria,Fiction
Movimiento Falso/Flase Movement,pertenece a la categoria,Spanish: Adult Fiction
Movimiento Falso/Flase Movement,pertenece a la categoria,Men's Adventure
Movimiento Falso/Flase Movement,pertenece a la categoria,Reading materials
Movimiento Falso/Flase Movement,pertenece a la categoria,Spanish language
La máquina para defraudar,fue publicada en el año,2015
La máquina para defraudar,pertenece a la categoria,Political corruption
La máquina para defraudar,pertenece a la categoria,Business and politics
La máquina para defraudar,pertenece a la categoria,Corrupt practices
La máquina para defraudar,pertenece a la categoria,Penta (Firm)
La máquina para defraudar,pertenece a la categoria,Sociedad Química y Minera de Chile
Los magnates de la prensa,fue publicada en el año,2009
Los magnates de la prensa,pertenece a la categoria,Mass media
Los magnates de la prensa,pertenece a la categoria,History
El negocio de las universidades en Chile,fue publicada en el año,2007
El negocio de las universidades en Chile,pertenece a la categoria,Higher Education
El negocio de las universidades en Chile,pertenece a la categoria,History
El negocio de las universidades en Chile,pertenece a la categoria,Universities and colleges
El negocio de las universidades en Chile,pertenece a la categoria,Chili
El negocio de las universidades en Chile,pertenece a la categoria,Histoire
El negocio de las universidades en Chile,pertenece a la categoria,Enseignement supérieur
El negocio de las universidades en Chile,pertenece a la categoria,Aspect économique
El negocio de las universidades en Chile,pertenece a la categoria,Universités
El negocio de las universidades en Chile,pertenece a la categoria,Collèges
El negocio de las universidades en Chile,pertenece a la categoria,Aspect politique
Con fines de lucro,fue publicada en el año,2013
Con fines de lucro,pertenece a la categoria,Higher Education
Con fines de lucro,pertenece a la categoria,History
Con fines de lucro,pertenece a la categoria,Universities and colleges
El poder de la Udi,fue publicada en el año,2017
El poder de la Udi,pertenece a la categoria,Labor unions
El poder de la Udi,pertenece a la categoria,History
El poder de la Udi,pertenece a la categoria,Politics and government
El poder de la Udi,pertenece a la categoria,Unión Demócrata Independiente (Chile : 1983-1987)
"Karadima, el señor de los infiernos",fue publicada en el año,2011
"Karadima, el señor de los infiernos",pertenece a la categoria,Clergy
"Karadima, el señor de los infiernos",pertenece a la categoria,Sexual behavior
"Karadima, el señor de los infiernos",pertenece a la categoria,Child sexual abuse by clergy
"Karadima, el señor de los infiernos",pertenece a la categoria,Sexual abuse victims
"Karadima, el señor de los infiernos",pertenece a la categoria,Adult child sexual abuse victims
"Karadima, el señor de los infiernos",pertenece a la categoria,Catholic Church
Breve historia de la literatura chilena,fue publicada en el año,2009
Breve historia de la literatura chilena,pertenece a la categoria,Chilean Authors
Breve historia de la literatura chilena,pertenece a la categoria,Chilean literature
Breve historia de la literatura chilena,pertenece a la categoria,History and criticism
Ojo con Nicanor Parra,fue publicada en el año,2014
Ojo con Nicanor Parra,pertenece a la categoria,Criticism and interpretation
Asedios a la Poesia - de Platon a Neruda,fue publicada en el año,2001
Asedios a la Poesia - de Platon a Neruda,pertenece a la categoria,General
Asedios a la Poesia - de Platon a Neruda,pertenece a la categoria,Poetry
Adios,fue publicada en el año,1998
Antología poética de la generación del ochenta,fue publicada en el año,2010
Antología poética de la generación del ochenta,pertenece a la categoria,Chilean poetry
Antología poética de la generación del ochenta,pertenece a la categoria,Poesías chilenas
Huidobro en España,fue publicada en el año,2016
Huidobro en España,pertenece a la categoria,Homes and haunts
Huidobro en España,pertenece a la categoria,Criticism and interpretation
Oráculo,fue publicada en el año,2019
Al sur de los espejos,fue publicada en el año,2021
Al sur de los espejos,pertenece a la categoria,Spanish poetry
Poéticas en movimiento,fue publicada en el año,2019
Poéticas en movimiento,pertenece a la categoria,Chilean poetry
Poéticas en movimiento,pertenece a la categoria,History and criticism
Poéticas en movimiento,pertenece a la categoria,Poésie chilienne
Poéticas en movimiento,pertenece a la categoria,Histoire et critique
Poéticas en movimiento,pertenece a la categoria,Latin American poetry
Poéticas en movimiento,pertenece a la categoria,Spanish poetry
"Desalambrar, ocupar, resistir",fue publicada en el año,2012
"Desalambrar, ocupar, resistir",pertenece a la categoria,Land reform
"Desalambrar, ocupar, resistir",pertenece a la categoria,"Ledesma, Sociedad Anónima Agrícola Industrial"
"Desalambrar, ocupar, resistir",pertenece a la categoria,Social movements
El tiempo del ogro,fue publicada en el año,2017
El tiempo del ogro,pertenece a la categoria,Chilean Short stories
El tiempo del ogro,pertenece a la categoria,Chilean fiction
De monstruos y bellezas,fue publicada en el año,2007
Microcuento fantástico chileno,fue publicada en el año,2019
Microcuento fantástico chileno,pertenece a la categoria,Chilean literature
Microcuento fantástico chileno,pertenece a la categoria,Chilean Fantasy fiction
Microcuento fantástico chileno,pertenece a la categoria,Chilean Short stories
Microcuento fantástico chileno,pertenece a la categoria,Flash fiction
Entrenieblas,fue publicada en el año,2018
Las criaturas del cyborg,fue publicada en el año,2010
Déjalo ser,fue publicada en el año,2003
Todo el amor en sus ojos,fue publicada en el año,1990
Esto no tiene nombre,fue publicada en el año,2007
Esto no tiene nombre,pertenece a la categoria,Criticism and interpretation
Esto no tiene nombre,pertenece a la categoria,Literatura costarricense
Esto no tiene nombre,pertenece a la categoria,Cuentos
El mundo no es lo que parece,fue publicada en el año,2012
Traspié entre dos estrellas,fue publicada en el año,2009
Los ruidos y Julia,fue publicada en el año,2004
Microvagancias,fue publicada en el año,2005
Rechazo de la rosa,fue publicada en el año,1984
Encantos de una pobre esfera atormentada,fue publicada en el año,2007
Encantos de una pobre esfera atormentada,pertenece a la categoria,Chilean poetry
Encantos de una pobre esfera atormentada,pertenece a la categoria,Poetry of places
Encantos de una pobre esfera atormentada,pertenece a la categoria,Poesías chilenas
Estudios de felicidad,fue publicada en el año,2018
Estudios de felicidad,pertenece a la categoria,Chilean poetry
Mi hijo escucha canciones cubanas,fue publicada en el año,2011
El tsunami electoral de 2013 en Chile,fue publicada en el año,2017
El tsunami electoral de 2013 en Chile,pertenece a la categoria,Elections
El tsunami electoral de 2013 en Chile,pertenece a la categoria,Political participation
El tsunami electoral de 2013 en Chile,pertenece a la categoria,Politics and government
"Democracia municipal en Chile, 1992-2012",fue publicada en el año,2012
"Democracia municipal en Chile, 1992-2012",pertenece a la categoria,Local elections
"Democracia municipal en Chile, 1992-2012",pertenece a la categoria,Municipal government
"Democracia municipal en Chile, 1992-2012",pertenece a la categoria,Citizen participation
"Democracia municipal en Chile, 1992-2012",pertenece a la categoria,Political participation
"Democracia municipal en Chile, 1992-2012",pertenece a la categoria,Politics and government
El genoma electoral chileno,fue publicada en el año,2009
El genoma electoral chileno,pertenece a la categoria,Voting -- Chile
El genoma electoral chileno,pertenece a la categoria,Elections -- Chile
El gobierno de Ricardo Lagos,fue publicada en el año,2006
El gobierno de Ricardo Lagos,pertenece a la categoria,"Lagos Escobar, Ricardo"
El gobierno de Ricardo Lagos,pertenece a la categoria,Chile -- Politics and government -- 1988-
El sismo electoral de 2009,fue publicada en el año,2010
El sismo electoral de 2009,pertenece a la categoria,Politics and government
El sismo electoral de 2009,pertenece a la categoria,Election
El sismo electoral de 2009,pertenece a la categoria,Presidential candidates
El sismo electoral de 2009,pertenece a la categoria,Presidents
El sismo electoral de 2009,pertenece a la categoria,Political campaigns
El sismo electoral de 2009,pertenece a la categoria,Political parties
Casa grande,fue publicada en el año,1934
"Escepticismo, literatura y visualidad",fue publicada en el año,2018
"Escepticismo, literatura y visualidad",pertenece a la categoria,Skepticism
"Escepticismo, literatura y visualidad",pertenece a la categoria,Literature and history
"Escepticismo, literatura y visualidad",pertenece a la categoria,Visualization
Sin SeÑal,fue publicada en el año,2017
Otros Tiempos,fue publicada en el año,2007
Otros Tiempos,pertenece a la categoria,Collections & anthologies of various literary forms
Otros Tiempos,pertenece a la categoria,Literary Collections
Otros Tiempos,pertenece a la categoria,Literature - Classics / Criticism
Otros Tiempos,pertenece a la categoria,Literature: Classics
Otros Tiempos,pertenece a la categoria,General
Otros Tiempos,pertenece a la categoria,Literary Collections / General
Los Señores Ortega and Gasset : Libro 2,fue publicada en el año,2020
Chiste,fue publicada en el año,2020
Que ni la Muerte Nos Separe,fue publicada en el año,2020
Orión y Pipita,fue publicada en el año,2021
Doctor Tuga,fue publicada en el año,2020
Breve Historia Del Humor,fue publicada en el año,2020
Chanzas de Matanzas,fue publicada en el año,2020
Los Se&#65533;ores Ortega & Gasset,fue publicada en el año,2019
Divina Gracia,fue publicada en el año,2020
Historias de Bufones,fue publicada en el año,2021
Humor de Vida o Muerte,fue publicada en el año,2020
Metahumorfosis,fue publicada en el año,2020
Nefilim en alhue y otros relatos sobre la muerte,fue publicada en el año,2011
Chena,fue publicada en el año,2006
Chena,pertenece a la categoria,Chilean poetry
Niño feo,fue publicada en el año,2009
Ángeles y demonios,fue publicada en el año,1996
Ángeles y demonios,pertenece a la categoria,Angels
Ángeles y demonios,pertenece a la categoria,Demonology
Ángeles y demonios,pertenece a la categoria,Ángeles
Ángeles y demonios,pertenece a la categoria,Demonología
Cuentos folklóricos chilenos,fue publicada en el año,1975
Cuentos folklóricos chilenos,pertenece a la categoria,Tales
Cuentos folklóricos chilenos,fue publicada en el año,1988
Cuentos folklóricos chilenos,pertenece a la categoria,Tales -- Chile.
Folclor lingüístico chileno,fue publicada en el año,1996
Folclor lingüístico chileno,pertenece a la categoria,Spanish language
Folclor lingüístico chileno,pertenece a la categoria,Provincialisms
Folclor lingüístico chileno,pertenece a la categoria,Idioms
Folclor lingüístico chileno,pertenece a la categoria,Folklore
Folclor lingüístico chileno,pertenece a la categoria,"Quotations, maxims"
El Santiago que se fue,fue publicada en el año,1997
El Santiago que se fue,pertenece a la categoria,"Authors, Chilean -- 20th century -- Anecdotes."
El Santiago que se fue,pertenece a la categoria,Santiago (Chile) -- Intellectual life.
Folclor lingüístico chileno,fue publicada en el año,2008
Folclor lingüístico chileno,pertenece a la categoria,Chilean Proverbs
Folclor lingüístico chileno,pertenece a la categoria,Folklore
Hienas,fue publicada en el año,2016
Obra poética,fue publicada en el año,2006
Alsino,fue publicada en el año,1963
Alsino,pertenece a la categoria,Peasants
Alsino,pertenece a la categoria,Abuelas
Alsino,pertenece a la categoria,Grandmothers
Alsino,pertenece a la categoria,Fiction
Alsino,pertenece a la categoria,Chilean literature
Alsino,pertenece a la categoria,Ficción
Alsino,pertenece a la categoria,Literatura chilena
Alsino,pertenece a la categoria,Campesinos
Alsino,fue publicada en el año,1995
Alsino,pertenece a la categoria,NOVELAS CHILENAS
Alsino,fue publicada en el año,1928
Bolaño antes de Bolaño,fue publicada en el año,2007
Bolaño antes de Bolaño,pertenece a la categoria,Diaries
Bolaño antes de Bolaño,pertenece a la categoria,Chilean Poets
Bolaño antes de Bolaño,pertenece a la categoria,Friends and associates
En la mira de Nicanor Parra,fue publicada en el año,2014
En la mira de Nicanor Parra,pertenece a la categoria,Criticism and interpretation
Neruda más Neruda,fue publicada en el año,2018
Neruda más Neruda,pertenece a la categoria,Criticism and interpretation
Neruda más Neruda,pertenece a la categoria,Biography
Neruda más Neruda,pertenece a la categoria,Chilean Poets
Neruda más Neruda,pertenece a la categoria,Chilean poetry
Neruda más Neruda,pertenece a la categoria,History and criticism
Nicanor Parra de cuerpo entero,fue publicada en el año,2007
Nicanor Parra de cuerpo entero,pertenece a la categoria,Chilean Authors
Nicanor Parra de cuerpo entero,pertenece a la categoria,Biography
Así de cosas de arriba como de abajo,fue publicada en el año,2011
El año de la ira,fue publicada en el año,2003
El año de la ira,pertenece a la categoria,"Quezada, Jaime, -- 1942- -- Diaries."
El año de la ira,pertenece a la categoria,"Poets, Chilean -- 20th century -- Diaries."
El año de la ira,pertenece a la categoria,"Chile -- History -- Coup d'état, 1973."
Siete presidentes de Chile en la vida de Gabriela Mistral,fue publicada en el año,2009
Siete presidentes de Chile en la vida de Gabriela Mistral,pertenece a la categoria,Correspondence
Siete presidentes de Chile en la vida de Gabriela Mistral,pertenece a la categoria,Politics and government
Siete presidentes de Chile en la vida de Gabriela Mistral,pertenece a la categoria,Criticism and interpretation
Siete presidentes de Chile en la vida de Gabriela Mistral,pertenece a la categoria,Presidents
¿Existe aún occidente?,fue publicada en el año,2007
Familias Fundadoras de Chile,fue publicada en el año,1992
Familias Fundadoras de Chile,pertenece a la categoria,Chile -- History -- To 1810 -- Biography.
Familias Fundadoras de Chile,pertenece a la categoria,Chile -- Genealogy.
Familias Fundadoras de Chile,pertenece a la categoria,Chile -- Biography.
Los Pastitos,fue publicada en el año,2004
Los Pastitos,pertenece a la categoria,General
Los Pastitos,pertenece a la categoria,Poetry
Bajo la Tienda,fue publicada en el año,1937
Bajo la Tienda,pertenece a la categoria,"War of the Pacific, 1879-1884."
Viaje Al Interior de Persia; Volume 2,fue publicada en el año,2023
Viaje Al Interior de Persia; Volume 3,fue publicada en el año,2023
"Viaje de Ceilán a Damasco, Golfo Pérsico, Mesopotamia, ruinas de Babilonia, Nínive y Palmira y cartas sobre la Siria y la isla de Ceilán",fue publicada en el año,2006
Historia de amor con hombre bailando,fue publicada en el año,2013
La muerte tiene olor a pachulí,fue publicada en el año,2016
La muerte tiene olor a pachulí,pertenece a la categoria,Chilean Detective and mystery stories
La muerte tiene olor a pachulí,pertenece a la categoria,Fiction
El hombre que miraba al cielo,fue publicada en el año,2018
El autodidacta,fue publicada en el año,2019
El autodidacta,pertenece a la categoria,Chilean literature
El autodidacta,pertenece a la categoria,Chilean fiction
La muerte se desnuda en La Habana,fue publicada en el año,2017
La muerte se desnuda en La Habana,pertenece a la categoria,Chilean fiction
Epifanía en el desierto,fue publicada en el año,2020
Epifanía en el desierto,pertenece a la categoria,"Creation (Literary, artistic, etc.)"
Epifanía en el desierto,pertenece a la categoria,Chilean Authors
Epifanía en el desierto,pertenece a la categoria,Biography
El secuestro de la hermana Tegualda,fue publicada en el año,2021
El secuestro de la hermana Tegualda,pertenece a la categoria,Chilean fiction
El secuestro de la hermana Tegualda,pertenece a la categoria,Chilean literature
El secuestro de la hermana Tegualda,pertenece a la categoria,Chilean Authors
El secuestro de la hermana Tegualda,pertenece a la categoria,Roman chilien
El secuestro de la hermana Tegualda,pertenece a la categoria,Littérature chilienne
El secuestro de la hermana Tegualda,pertenece a la categoria,Écrivains chiliens
El vendedor de pájaros,fue publicada en el año,2014
La muerte es una vieja historia,fue publicada en el año,2015
El arte de la resurrección,fue publicada en el año,2010
La contadora de películas,fue publicada en el año,2009
Romance del duende que me escribe las novelas,fue publicada en el año,2005
El Fantasista,fue publicada en el año,2007
El arte de la resurrección,fue publicada en el año,2010
El Escritor de Epitafios,fue publicada en el año,2011
Todo esta en ti (Libro Para Pensar),fue publicada en el año,2004
Todo esta en ti (Libro Para Pensar),pertenece a la categoria,Spanish: Adult Nonfiction
Todo esta en ti (Libro Para Pensar),pertenece a la categoria,Self-Help
Todo esta en ti (Libro Para Pensar),pertenece a la categoria,Inspirational
Todo esta en ti (Libro Para Pensar),pertenece a la categoria,Motivational & Inspirational
Todo esta en ti (Libro Para Pensar),pertenece a la categoria,Self-Help / Motivational
Todo-- está en ti,fue publicada en el año,2003
Todo-- está en ti,pertenece a la categoria,Proverbs
Todo-- está en ti,pertenece a la categoria,Proverbios
Honoris causa,fue publicada en el año,2008
Honoris causa,pertenece a la categoria,Higher Education
Bilbao y el hallazgo de América Latina,fue publicada en el año,2012
Bilbao y el hallazgo de América Latina,pertenece a la categoria,Politics and government
Bilbao y el hallazgo de América Latina,pertenece a la categoria,Latin American National characteristics
Imaginarios de nuestra America,fue publicada en el año,2012
Imaginarios de nuestra America,pertenece a la categoria,History
Imaginarios de nuestra America,pertenece a la categoria,Latin American National characteristics
Imaginarios de nuestra America,pertenece a la categoria,Civilization
Alma mater,fue publicada en el año,2008
Alma mater,pertenece a la categoria,"Education, Higher -- Aims and objectives -- Latin America"
Alma mater,pertenece a la categoria,Universities and colleges -- Latin America
La tierra de Paloma,fue publicada en el año,1981
La tierra de Paloma,pertenece a la categoria,History
La tierra de Paloma,pertenece a la categoria,Histoire
El dios de Pinochet,fue publicada en el año,2007
El dios de Pinochet,pertenece a la categoria,"Pinochet Ugarte, Augusto."
El dios de Pinochet,pertenece a la categoria,Dictatorship -- Latin America -- History -- 20th century.
El dios de Pinochet,pertenece a la categoria,Latin America -- Politics and government -- 20th century.
El dios de Pinochet,pertenece a la categoria,Chile -- Politics and government -- 20th century.
El bicentenario iberoamericano,fue publicada en el año,2010
El bicentenario iberoamericano,pertenece a la categoria,Exhibitions
El bicentenario iberoamericano,pertenece a la categoria,History
"Manuel José Yrarrázaval Larraín, 1835-1896",fue publicada en el año,2005
"Manuel José Yrarrázaval Larraín, 1835-1896",pertenece a la categoria,Politicians
"Manuel José Yrarrázaval Larraín, 1835-1896",pertenece a la categoria,Biography
Chile en épocas de crisis,fue publicada en el año,2015
Chile en épocas de crisis,pertenece a la categoria,Politics and government
Chile en épocas de crisis,pertenece a la categoria,History
Chile en épocas de crisis,pertenece a la categoria,Political parties
Sé un Maestro,fue publicada en el año,2015
Elvia,fue publicada en el año,2017
Danny Gree,fue publicada en el año,2019
Criptozoología,fue publicada en el año,2010
Criptozoología,pertenece a la categoria,Cryptozoology
Criptozoología,pertenece a la categoria,Cryptozoologie
Criptozoología,pertenece a la categoria,NATURE
Criptozoología,pertenece a la categoria,Animals
Criptozoología,pertenece a la categoria,Dinosaurs & Prehistoric Creatures
Las novelas de la oligarquía chilena,fue publicada en el año,2011
Las novelas de la oligarquía chilena,pertenece a la categoria,Chilean fiction
Las novelas de la oligarquía chilena,pertenece a la categoria,History and criticism
De las más altas cumbres,fue publicada en el año,2012
De las más altas cumbres,pertenece a la categoria,Latin American literature
De las más altas cumbres,pertenece a la categoria,History and criticism
Las novelas de la dictadura y la postdictadura chilena,fue publicada en el año,2016
Las novelas de la dictadura y la postdictadura chilena,pertenece a la categoria,Chilean literature
Las novelas de la dictadura y la postdictadura chilena,pertenece a la categoria,History and criticism
Historia crítica de la literatura chilena,fue publicada en el año,2017
Historia crítica de la literatura chilena,pertenece a la categoria,Chilean literature
Historia crítica de la literatura chilena,pertenece a la categoria,History and criticism
Discrepancias de bicentenario,fue publicada en el año,2010
Discrepancias de bicentenario,pertenece a la categoria,Civilization
Discrepancias de bicentenario,pertenece a la categoria,Democracy
Las armas de las letras,fue publicada en el año,2008
Las armas de las letras,pertenece a la categoria,"Rodó, José Enrique, -- 1871-1917 -- Influence"
Las armas de las letras,pertenece a la categoria,Literature and society -- Chile
Las armas de las letras,pertenece a la categoria,Literature and society -- Latin America
Las armas de las letras,pertenece a la categoria,Sociología -- Chile
Las armas de las letras,pertenece a la categoria,Ensayos chilenos
Las armas de las letras,pertenece a la categoria,Chile -- Civilization -- Philosophy
Las armas de las letras,pertenece a la categoria,Chile -- Intellectual life -- 21st century
Las armas de las letras,pertenece a la categoria,Latin America -- Civilization -- Philosophy
Las armas de las letras,pertenece a la categoria,Latin America -- Intellectual life -- 21st century
Satanás,fue publicada en el año,2010
Idioma del mundo,fue publicada en el año,2010
Fotografía en oscuro,fue publicada en el año,2008
Fotografía en oscuro,pertenece a la categoria,"Rokha, Winétt de, -- 1894-1951"
Winétt De Rokha,fue publicada en el año,2008
Preparaíso,fue publicada en el año,2014
Modulación,fue publicada en el año,2012
Invitación al garabato,fue publicada en el año,2009
Cuando me desperté comprendí que estaba dormido,fue publicada en el año,2015
Solo por ser usted,fue publicada en el año,2010
Quince,fue publicada en el año,2008
Quince,pertenece a la categoria,Criticism and interpretation
Trébol de Nueve,fue publicada en el año,2015
Jornadas,fue publicada en el año,2018
Multiverso,fue publicada en el año,2012
La Noche Antes,fue publicada en el año,2013
Auge,fue publicada en el año,2007
El último,fue publicada en el año,2017
El último,pertenece a la categoria,Chilean fiction
Prontuarios y claveles,fue publicada en el año,2011
Stella Artois,fue publicada en el año,2013
Magna Diva,fue publicada en el año,2018
Magna Diva,pertenece a la categoria,Opera
Magna Diva,pertenece a la categoria,Fiction
La gran ciudad,fue publicada en el año,2014
Encierro y Sustitucion En El Obsceno Pajaro de La Noche de Jose Donoso (Serie Ensayo),fue publicada en el año,2001
Para alguien que me espera,fue publicada en el año,1998
Para alguien que me espera,pertenece a la categoria,POESIAS CHILENAS
Para alguien que me espera,pertenece a la categoria,PROSA CHILENA
El nuevo derecho penal del enemigo,fue publicada en el año,2010
El nuevo derecho penal del enemigo,pertenece a la categoria,Criminal law
El nuevo derecho penal del enemigo,pertenece a la categoria,Philosophy
El desorden de las imágenes,fue publicada en el año,2010
El desorden de las imágenes,pertenece a la categoria,Criticism and interpretation
La nube,fue publicada en el año,2009
Campo de deportes #402,fue publicada en el año,2019
Campo de deportes #402,pertenece a la categoria,Chilean fiction
Historia de una ballena blanca,fue publicada en el año,2019
Asalto a mano santa y otras crónicas,fue publicada en el año,2009
Los calzoncillos de Carolina Huechuraba y otras crónicas,fue publicada en el año,2006
Los calzoncillos de Carolina Huechuraba y otras crónicas,pertenece a la categoria,Chilean essays
Los calzoncillos de Carolina Huechuraba y otras crónicas,pertenece a la categoria,Politics and government
Los calzoncillos de Carolina Huechuraba y otras crónicas,pertenece a la categoria,Social conditions
Los calzoncillos de Carolina Huechuraba y otras crónicas,pertenece a la categoria,Prosa chilena
Historia de una gaviota y del gato que le enseñó a volar,fue publicada en el año,2003
Historia de una gaviota y del gato que le enseñó a volar,pertenece a la categoria,Gulls
Historia de una gaviota y del gato que le enseñó a volar,pertenece a la categoria,Juvenile fiction
Historia de una gaviota y del gato que le enseñó a volar,pertenece a la categoria,Cats
Historia de una gaviota y del gato que le enseñó a volar,pertenece a la categoria,Flight
Historia de una gaviota y del gato que le enseñó a volar,pertenece a la categoria,Oil spills
Un Viejo Que Leia Novelas de Amor,fue publicada en el año,2004
Un Viejo Que Leia Novelas de Amor,pertenece a la categoria,General
Un Viejo Que Leia Novelas de Amor,pertenece a la categoria,Fiction - General
El juego de la intriga (Narrativa / Espasa),fue publicada en el año,1997
Patagonia Express,fue publicada en el año,2002
Patagonia Express,pertenece a la categoria,Language readers
Patagonia Express,pertenece a la categoria,Short Stories (single author)
Patagonia Express,pertenece a la categoria,Education
Patagonia Express,pertenece a la categoria,Fiction - General
Patagonia Express,pertenece a la categoria,Spanish: Adult Nonfiction
Patagonia Express,pertenece a la categoria,General
Hot Line,fue publicada en el año,2003
Hot Line,pertenece a la categoria,Spanish: Adult Fiction
Hot Line,pertenece a la categoria,Fiction
Hot Line,pertenece a la categoria,Fiction - Mystery/ Detective
Hot Line,pertenece a la categoria,Mystery & Detective - General
Hot Line,pertenece a la categoria,Suspense
Historia De Una Gaviota Y Del Gato,fue publicada en el año,2002
Historia De Una Gaviota Y Del Gato,pertenece a la categoria,Modern fiction
Historia De Una Gaviota Y Del Gato,pertenece a la categoria,Spanish: Grades 4-7
Historia De Una Gaviota Y Del Gato,pertenece a la categoria,Juvenile Fiction
Historia De Una Gaviota Y Del Gato,pertenece a la categoria,Fiction - General
Historia De Una Gaviota Y Del Gato,pertenece a la categoria,Untranslated Fiction - Spanish
Historia De Una Gaviota Y Del Gato,pertenece a la categoria,Social Issues - Friendship
Patagonia Express,fue publicada en el año,2002
Patagonia Express,pertenece a la categoria,Modern fiction
Patagonia Express,pertenece a la categoria,Spanish: Adult Nonfiction
Patagonia Express,pertenece a la categoria,Education
Patagonia Express,pertenece a la categoria,Fiction - General
Patagonia Express,pertenece a la categoria,General
Patagonia Express,fue publicada en el año,2002
Patagonia Express,pertenece a la categoria,Action & Adventure
Patagonia Express,pertenece a la categoria,Fiction
Patagonia Express,pertenece a la categoria,Spanish: Adult Fiction
Komplot,fue publicada en el año,1995
Mundo del Fin del Mundo,fue publicada en el año,2004
Mundo del Fin del Mundo,pertenece a la categoria,General
Mundo del Fin del Mundo,pertenece a la categoria,Fiction - General
Historias Marginales,fue publicada en el año,2003
Historias Marginales,pertenece a la categoria,Language readers
Historias Marginales,pertenece a la categoria,General
Historias Marginales,pertenece a la categoria,Fiction - General
Antología de obras teatrales,fue publicada en el año,2007
Bella cosa mortal,fue publicada en el año,2008
"Carlos Pezoa Véliz, (1879-1908)",fue publicada en el año,2015
"Carlos Pezoa Véliz, (1879-1908)",pertenece a la categoria,Chilean Authors
"Carlos Pezoa Véliz, (1879-1908)",pertenece a la categoria,Biography
"Carlos Pezoa Véliz, (1879-1908)",pertenece a la categoria,Chilean poetry
"Carlos Pezoa Véliz, (1879-1908)",pertenece a la categoria,History and criticism
Primeros fuegos,fue publicada en el año,2021
Los hombres que no fui,fue publicada en el año,2021
Los hombres que no fui,pertenece a la categoria,Chilean fiction
La soberbia juventud,fue publicada en el año,2013
La soberbia juventud,pertenece a la categoria,Young men
La soberbia juventud,pertenece a la categoria,Fiction
La soberbia juventud,pertenece a la categoria,Conduct of life
Jardín,fue publicada en el año,2014
La barrera del pudor,fue publicada en el año,2009
Desastres naturales,fue publicada en el año,2017
Desastres naturales,pertenece a la categoria,Self-realization
Desastres naturales,pertenece a la categoria,Desastres naturales
Desastres naturales,pertenece a la categoria,Ficción
Desastres naturales,pertenece a la categoria,Natural disasters
Desastres naturales,pertenece a la categoria,Self-actualization (Psychology)
Desastres naturales,pertenece a la categoria,Actualización de sí mismo (Psicología)
Desastres naturales,pertenece a la categoria,Fiction
Desastres naturales,fue publicada en el año,2017
El fotógrafo de Dios,fue publicada en el año,2009
La razón de los amantes,fue publicada en el año,2007
Madre Que Estas En Los Cielos,fue publicada en el año,2005
Madre Que Estas En Los Cielos,pertenece a la categoria,General
Madre Que Estas En Los Cielos,pertenece a la categoria,Fiction - General
Madre Que Estas En Los Cielos,fue publicada en el año,2004
Madre Que Estas En Los Cielos,pertenece a la categoria,General
Madre Que Estas En Los Cielos,pertenece a la categoria,Fiction - General
Vidas vulnerables,fue publicada en el año,1999
El fotógrafo de Dios,fue publicada en el año,2009
Desnudo En El Tejado (Contemporanea,fue publicada en el año,2005
Desnudo En El Tejado (Contemporanea,pertenece a la categoria,General
Desnudo En El Tejado (Contemporanea,pertenece a la categoria,Fiction - General
"Ardiente Paciencia (Coleccion ""El Espejo"")",fue publicada en el año,1996
"Ardiente Paciencia (Coleccion ""El Espejo"")",pertenece a la categoria,General
"Ardiente Paciencia (Coleccion ""El Espejo"")",pertenece a la categoria,Fiction
"Ardiente Paciencia (Coleccion ""El Espejo"")",pertenece a la categoria,"Neruda, Pablo"
"Ardiente Paciencia (Coleccion ""El Espejo"")",pertenece a la categoria,Fiction - General
Ardiente paciencia,fue publicada en el año,1986
Antología personal,fue publicada en el año,2009
Ardiente Paciencia (Sudamericana Joven Novela),fue publicada en el año,1994
Ardiente Paciencia (Sudamericana Joven Novela),pertenece a la categoria,General
Ardiente Paciencia (Sudamericana Joven Novela),pertenece a la categoria,Fiction - General
Ardiente Paciencia (Sudamericana Joven Novela),pertenece a la categoria,Children's Books/Baby-Preschool
Ardiente paciencia,fue publicada en el año,1986
Ardiente paciencia,pertenece a la categoria,"Neruda, Pablo, -- 1904-1973,"
Ardiente paciencia,fue publicada en el año,1985
Ardiente paciencia,pertenece a la categoria,Fiction
Match ball,fue publicada en el año,1994
La velocidad del amor,fue publicada en el año,1997
La velocidad del amor,pertenece a la categoria,General
La velocidad del amor,pertenece a la categoria,Fiction - General
La Boda del Poeta,fue publicada en el año,2001
La Boda del Poeta,pertenece a la categoria,Reading materials
La Boda del Poeta,pertenece a la categoria,Fiction
La Boda del Poeta,pertenece a la categoria,Fiction - General
La Boda del Poeta,pertenece a la categoria,Spanish: Adult Fiction
La Boda del Poeta,pertenece a la categoria,General
La Boda del Poeta,pertenece a la categoria,Fiction / General
La Boda del Poeta,pertenece a la categoria,Spanish language
Ardiente paciencia,fue publicada en el año,1985
Ardiente paciencia,pertenece a la categoria,"Neruda, Pablo,  -- 1904-1973, "
Ardiente paciencia,pertenece a la categoria,Spanish language books.
El Cartero De Neruda (Ardiente Paciencia)/Burning Patience (The Postman),fue publicada en el año,1997
El Cartero De Neruda (Ardiente Paciencia)/Burning Patience (The Postman),pertenece a la categoria,Foreign Language Study
El Cartero De Neruda (Ardiente Paciencia)/Burning Patience (The Postman),pertenece a la categoria,Spanish: Adult Fiction
El Cartero De Neruda (Ardiente Paciencia)/Burning Patience (The Postman),pertenece a la categoria,Spanish
El Cartero De Neruda (Ardiente Paciencia)/Burning Patience (The Postman),pertenece a la categoria,Modern fiction
"Chica del Trombon, La",fue publicada en el año,2001
"Chica del Trombon, La",pertenece a la categoria,General
"Chica del Trombon, La",pertenece a la categoria,Fiction - General
"Boda del Poeta, La",fue publicada en el año,1999
"Boda del Poeta, La",pertenece a la categoria,General
"Boda del Poeta, La",pertenece a la categoria,Fiction - General
La composicion,fue publicada en el año,2001
La composicion,pertenece a la categoria,General
La composicion,pertenece a la categoria,Juvenile Fiction
La composicion,pertenece a la categoria,Spanish: Grades 1-2
La composicion,pertenece a la categoria,Spanish: Grades 2-3
La Composicion/ The Composition,fue publicada en el año,2000
La Composicion/ The Composition,pertenece a la categoria,General
La Composicion/ The Composition,pertenece a la categoria,Children's 4-8 - Fiction - General
Historia y Poder de La Prensa,fue publicada en el año,1998
Historia y Poder de La Prensa,pertenece a la categoria,Media Studies - Print Media
Historia y Poder de La Prensa,pertenece a la categoria,Sociology
Las Guerras Que Nos Esperan (Cronica Actual),fue publicada en el año,2000
Las Guerras Que Nos Esperan (Cronica Actual),pertenece a la categoria,Military - General
Las Guerras Que Nos Esperan (Cronica Actual),pertenece a la categoria,History - Military / War
Las Guerras Que Nos Esperan (Cronica Actual),pertenece a la categoria,Spanish: Adult Nonfiction
Claves para entender la guerra,fue publicada en el año,2003
Claves para entender la guerra,pertenece a la categoria,World politics
Claves para entender la guerra,pertenece a la categoria,War
Claves para entender la guerra,pertenece a la categoria,Politics / Current Events
Claves para entender la guerra,pertenece a la categoria,Social Science
Claves para entender la guerra,pertenece a la categoria,Spanish: Adult Nonfiction
Claves para entender la guerra,pertenece a la categoria,War & Military
Claves para entender la guerra,pertenece a la categoria,International Relations - General
Claves para entender la guerra,pertenece a la categoria,Fiction / War
Claves para entender la guerra,pertenece a la categoria,Military art and science
Claves para entender la guerra,pertenece a la categoria,General
Chile a ciegas,fue publicada en el año,2012
Chile a ciegas,pertenece a la categoria,Energy policy
Sabiduría Chilena de tradicion oral (cuentos),fue publicada en el año,2013
Sabiduría Chilena de tradicion oral (cuentos),pertenece a la categoria,Folklore
Sabiduría Chilena de tradicion oral (cuentos),pertenece a la categoria,Oral tradition
Trasfondo ideológico del cine,fue publicada en el año,2017
La cara oculta del cine,fue publicada en el año,2011
La cara oculta del cine,pertenece a la categoria,Motion pictures
La cara oculta del cine,pertenece a la categoria,Reviews
Sabiduría chilena de tradición oral,fue publicada en el año,2009
Rostro de hombre,fue publicada en el año,1971
Norberto Bobbio,fue publicada en el año,2005
Norberto Bobbio,pertenece a la categoria,"Bobbio, Norberto, -- 1909-"
Norberto Bobbio,pertenece a la categoria,"Bobbio, Norberto, -- 1909-2004."
Norberto Bobbio,pertenece a la categoria,Political science -- Latin America.
Norberto Bobbio,pertenece a la categoria,Cientistas políticos -- Italia.
Norberto Bobbio,pertenece a la categoria,Filosofía del derecho.
Norberto Bobbio,pertenece a la categoria,Cientístas políticos -- Italia.
La nueva institucionalidad cultural de Chile,fue publicada en el año,2008
La nueva institucionalidad cultural de Chile,pertenece a la categoria,Consejo Nacional de la Cultura y las Artes (Chile)
La nueva institucionalidad cultural de Chile,pertenece a la categoria,Cultural property -- Protection -- Law and legislation -- Chile
El jinete en la lluvia,fue publicada en el año,2005
El jinete en la lluvia,pertenece a la categoria,Chile -- Cultural policy.
El jinete en la lluvia,pertenece a la categoria,Chile -- Intellectual life.
Filosofía del Derecho,fue publicada en el año,2001
Hombres inofensivos,fue publicada en el año,2021
Descorchados 2014,fue publicada en el año,2013
Descorchados 2004,fue publicada en el año,2004
Descorchados 2004,pertenece a la categoria,Beverages - Wine & Spirits
Descorchados 2004,pertenece a la categoria,Cooking / Wine
Todo Vino,fue publicada en el año,2004
Todo Vino,pertenece a la categoria,Beverages - Wine & Spirits
Todo Vino,pertenece a la categoria,Cooking / Wine
Los dos Borges,fue publicada en el año,1998
Los dos Borges,pertenece a la categoria,Argentine Authors
Los dos Borges,pertenece a la categoria,Biography
Mil veces Volodia,fue publicada en el año,2008
Ser en el Sur,fue publicada en el año,2010
Huidobro,fue publicada en el año,1996
Huidobro,pertenece a la categoria,Chilean Poets
Huidobro,pertenece a la categoria,Biography
Los Dos Borges Vida Sueños Enigmas :BORG,fue publicada en el año,1998
Los Dos Borges Vida Sueños Enigmas :BORG,pertenece a la categoria,General
Los Dos Borges Vida Sueños Enigmas :BORG,pertenece a la categoria,"Editors, Journalists, Publishers"
Los Dos Borges Vida Sueños Enigmas :BORG,pertenece a la categoria,Biography & Autobiography
Los Dos Borges Vida Sueños Enigmas :BORG,pertenece a la categoria,Biography / Autobiography
Los Dos Borges Vida Sueños Enigmas :BORG,pertenece a la categoria,Spanish: Adult Nonfiction
Neruda 100,fue publicada en el año,2004
The Neruda (Cristal del tiempo),fue publicada en el año,1988
The Neruda (Cristal del tiempo),pertenece a la categoria,General
The Neruda (Cristal del tiempo),pertenece a la categoria,Biography / Autobiography
Un Hombre de Edad Media - Antes del Olvido II,fue publicada en el año,2000
Un Hombre de Edad Media - Antes del Olvido II,pertenece a la categoria,General
Un Hombre de Edad Media - Antes del Olvido II,pertenece a la categoria,Biography / Autobiography
Gabriela Mistral,fue publicada en el año,2002
Gabriela Mistral,pertenece a la categoria,Literary
Gabriela Mistral,pertenece a la categoria,Biography & Autobiography
Gabriela Mistral,pertenece a la categoria,Biography / Autobiography
Gabriela Mistral,pertenece a la categoria,Spanish: Adult Nonfiction
Gabriela Mistral,pertenece a la categoria,Caribbean & Latin American
Gabriela Mistral,pertenece a la categoria,Poetry
Gabriela Mistral,pertenece a la categoria,Biography & Autobiography / Literary
Gabriela Mistral - Publica y Secreta,fue publicada en el año,1996
Huidobro,fue publicada en el año,1993
Huidobro,pertenece a la categoria,"Huidobro, Vicente, 1893-1948"
Huidobro,pertenece a la categoria,"Poets, Chilean -- 20th century -- Biography"
Los dos Borges,fue publicada en el año,1996
Los dos Borges,pertenece a la categoria,"Borges, Jorge Luis, -- 1899-1986"
Los dos Borges,pertenece a la categoria,"Borges, Jorge Luis, -- 1899-1986"
Los dos Borges,pertenece a la categoria,"Authors, Argentine -- 20th century -- Biography"
Los dos Borges,pertenece a la categoria,Autores argentinos -- Siglo XX -- Biografía
Los dos Borges,fue publicada en el año,1996
Los dos Borges,pertenece a la categoria,Argentine Authors
Los dos Borges,pertenece a la categoria,Autores argentinos
Los dos Borges,pertenece a la categoria,Biography
Los dos Borges,pertenece a la categoria,Biografía
Nahualliandoing Dos,fue publicada en el año,2012
Plan Camelot,fue publicada en el año,2019
Plan Camelot,pertenece a la categoria,Chilean Political fiction
Plan Camelot,pertenece a la categoria,Chilean fiction
Gemelo de sí mismo,fue publicada en el año,2017
El buscador de ciudades,fue publicada en el año,1995
El buscador de ciudades,pertenece a la categoria,CUENTOS
Los tiempos de la caimaguana,fue publicada en el año,2011
Santa María de Iquique,fue publicada en el año,2017
Santa María de Iquique,pertenece a la categoria,Massacres
Santa María de Iquique,pertenece a la categoria,Fiction
Santa María de Iquique,pertenece a la categoria,Strikes and lockouts
Santa María de Iquique,pertenece a la categoria,History
La casa de Electra,fue publicada en el año,2010
Huáscar,fue publicada en el año,2015
Pacífico,fue publicada en el año,2017
Pacífico,pertenece a la categoria,"War of the Pacific, 1879-1884"
Pacífico,pertenece a la categoria,Fiction
Pacífico,pertenece a la categoria,Influence
Pacífico,pertenece a la categoria,Chilean Short stories
Pacífico,pertenece a la categoria,Peruvian Short stories
Pacífico,pertenece a la categoria,"Influence (Literary, artistic, etc.)"
Pacífico,pertenece a la categoria,War of the Pacific (1879-1884) fast (OCoLC)fst01170524
Breviario del Neoliberalismo,fue publicada en el año,2019
Breviario del Neoliberalismo,pertenece a la categoria,Neoliberalism
El vino de dios,fue publicada en el año,2019
El vino de dios,pertenece a la categoria,Suspense fiction
El vino de dios,pertenece a la categoria,Religious fiction
El vino de dios,pertenece a la categoria,Chilean fiction
Todo legal,fue publicada en el año,2022
Todo legal,pertenece a la categoria,Corruption
Todo legal,pertenece a la categoria,History
Todo legal,pertenece a la categoria,Economic conditions
Insignificantes,fue publicada en el año,2005
Ahorcón,fue publicada en el año,2005
Baba,fue publicada en el año,2010
Baba,pertenece a la categoria,Chilean poetry
"Ya no doy más, prosaicas que me amáis",fue publicada en el año,2012
La vanidad de la soberbia,fue publicada en el año,2016
Hastío,fue publicada en el año,2015
Tonto,fue publicada en el año,2011
Ataudes,fue publicada en el año,1999
Caballeros De Chile,fue publicada en el año,2003
Caballeros De Chile,pertenece a la categoria,Caribbean & Latin American
Caballeros De Chile,pertenece a la categoria,Literary Criticism
Caballeros De Chile,pertenece a la categoria,Spanish: Adult Nonfiction
Coloquio del oro y el moro,fue publicada en el año,2006
Coloquio del oro y el moro,pertenece a la categoria,"Uribe, Armando -- Interviews."
Coloquio del oro y el moro,pertenece a la categoria,"Vidal, Virginia -- Interviews."
Coloquio del oro y el moro,pertenece a la categoria,"Authors, Chilean -- 20th century -- Interviews."
Coloquio del oro y el moro,pertenece a la categoria,Diplomats -- Chile -- Interviews.
De memoria =,fue publicada en el año,2006
De memoria =,pertenece a la categoria,"Uribe, Armando."
De memoria =,pertenece a la categoria,"Authors, Chilean -- 20th century -- Biography."
De memoria =,pertenece a la categoria,Diplomats -- Chile -- Biography.
El Fantasma Pinochet (Satelites),fue publicada en el año,2006
El Fantasma Pinochet (Satelites),pertenece a la categoria,Literary
El Fantasma Pinochet (Satelites),pertenece a la categoria,Fiction
El Fantasma Pinochet (Satelites),pertenece a la categoria,Spanish: Adult Fiction
Idem,fue publicada en el año,2008
La fe el amor la estupidez,fue publicada en el año,2006
La fe el amor la estupidez,pertenece a la categoria,Chile -- Poetry.
Te amo y te odio,fue publicada en el año,2005
Te amo y te odio,pertenece a la categoria,"Erotic poetry, Chilean."
La fauna del cielo,fue publicada en el año,2015
La dama del balcón y otros cuentos,fue publicada en el año,2009
Pikinini,fue publicada en el año,2017
Escucha Chile Radio Moscú,fue publicada en el año,2012
Escucha Chile Radio Moscú,pertenece a la categoria,Politics and government
Debo decir sucede,fue publicada en el año,2011
Debo decir sucede,pertenece a la categoria,Social life and customs
Los tenaces,fue publicada en el año,2010
El bosque sumergida,fue publicada en el año,2019
Las jaulas invisibles,fue publicada en el año,2002
El Chile que no queremos,fue publicada en el año,2005
El Chile que no queremos,pertenece a la categoria,Politics and government
El Chile que no queremos,pertenece a la categoria,Social conditions
Villegas presidente,fue publicada en el año,2013
Memorias de un amnésico,fue publicada en el año,2011
Memorias de un amnésico,pertenece a la categoria,Chilean Authors
Memorias de un amnésico,pertenece a la categoria,Biography
Memorias de un amnésico,pertenece a la categoria,Journalists
Memorias de un amnésico,pertenece a la categoria,History
Memorias de un amnésico,pertenece a la categoria,Politics and government
Memorias de un amnésico,pertenece a la categoria,World politics
Muerte a los latinos,fue publicada en el año,2007
Insurrección,fue publicada en el año,2020
Rito de viento y de madera,fue publicada en el año,2017
Frente a un hombre armado,fue publicada en el año,1981
Guerra Del Pacifico,fue publicada en el año,2022
Vestigio Del Silencio,fue publicada en el año,2017
Bonsái,fue publicada en el año,2006
Tema libre,fue publicada en el año,2018
Bahía inútil,fue publicada en el año,1998
Bahía inútil,pertenece a la categoria,POESIAS CHILENAS
Mudanza,fue publicada en el año,2014
Mudanza,pertenece a la categoria,Spanish poetry
No leer,fue publicada en el año,2012
No leer,pertenece a la categoria,Literature
No leer,pertenece a la categoria,Chilean essays
No leer,pertenece a la categoria,Ensayos chilenos
No leer,pertenece a la categoria,Literatura
Formas de volver a casa,fue publicada en el año,2011
Formas de volver a casa,pertenece a la categoria,Families
Formas de volver a casa,pertenece a la categoria,Dictatorship
Formas de volver a casa,pertenece a la categoria,Familias
Formas de volver a casa,pertenece a la categoria,Dictadura
Formas de volver a casa,pertenece a la categoria,Fiction
Formas de volver a casa,pertenece a la categoria,Chilean literature
Formas de volver a casa,pertenece a la categoria,Ficción
Formas de volver a casa,pertenece a la categoria,Literatura chilena
Formas de volver a casa,fue publicada en el año,2014
La vida privada de los árboles,fue publicada en el año,2007
Bonsái,fue publicada en el año,2006
No leer,fue publicada en el año,2010
No leer,pertenece a la categoria,Literature
Formas de volver a casa,fue publicada en el año,2011
For a savage love,fue publicada en el año,2012
Obra completa,fue publicada en el año,2008
Obra completa,pertenece a la categoria,Chilean Short stories
Obra completa,pertenece a la categoria,Chilean literature
Obra completa,pertenece a la categoria,Criticism and interpretation
Colección de cuentos,fue publicada en el año,2003
Cañuela y petaca y otros cuentos,fue publicada en el año,1985
La casa de la poesía,fue publicada en el año,2008
Mi Lai,fue publicada en el año,2015
Maravillas pulgares,fue publicada en el año,2012
Obra poética,fue publicada en el año,2018
Plaza tomada,fue publicada en el año,2021
Plaza tomada,pertenece a la categoria,Chilean poetry
Una lengua en trance,fue publicada en el año,2019
Un nuevo relieve,fue publicada en el año,2020
Lásbica,fue publicada en el año,2018
Plaza de la Dignidad,fue publicada en el año,2020
Plaza de la Dignidad,pertenece a la categoria,Chilean poetry
Plaza de la Dignidad,pertenece a la categoria,Chilean Political poetry
Plaza de la Dignidad,pertenece a la categoria,Social movements
Plaza de la Dignidad,pertenece a la categoria,Poetry
Plaza de la Dignidad,pertenece a la categoria,Demonstrations
Plaza de la Dignidad,pertenece a la categoria,Protest movements
Plaza de la Dignidad,pertenece a la categoria,Chilean literature
My Lai,fue publicada en el año,2017
El Rey Mocho/King Mocho,fue publicada en el año,2000
El Rey Mocho/King Mocho,pertenece a la categoria,Spanish: Babies & Toddlers
El Rey Mocho/King Mocho,pertenece a la categoria,Short Stories
El Rey Mocho/King Mocho,pertenece a la categoria,Juvenile Fiction
El Rey Mocho/King Mocho,pertenece a la categoria,Children's 4-8 - Picturebooks
El Rey Mocho/King Mocho,pertenece a la categoria,Spanish language materials
El Rey Mocho/King Mocho,pertenece a la categoria,Royalty (kings  queens  princes  princesses  knights  etc.)
El Rey Mocho/King Mocho,pertenece a la categoria,Folklore
El Rey Mocho/King Mocho,pertenece a la categoria,Kings and rulers
Rey Mocho (the Earless King),fue publicada en el año,2000
Rey Mocho (the Earless King),pertenece a la categoria,Royalty (kings  queens  princes  princesses  knights  etc.)
Rey Mocho (the Earless King),pertenece a la categoria,Children's 4-8 - Picturebooks
Rey Mocho (the Earless King),pertenece a la categoria,Short Stories
El infarto del alma,fue publicada en el año,2010
El infarto del alma,pertenece a la categoria,Psychiatric hospital patients
El infarto del alma,pertenece a la categoria,Portraits
El infarto del alma,pertenece a la categoria,Couples
El infarto del alma,pertenece a la categoria,Psychology
El infarto del alma,pertenece a la categoria,Psychiatric hospital care
Réplicas,fue publicada en el año,2016
Réplicas,pertenece a la categoria,Spanish American literature
Réplicas,pertenece a la categoria,History and criticism
Réplicas,pertenece a la categoria,Modern Arts
Mano de obra,fue publicada en el año,2011
Mano de obra,pertenece a la categoria,Spanish fiction
No hay armazón que la sostenga,fue publicada en el año,2017
No hay armazón que la sostenga,pertenece a la categoria,Interviews
No hay armazón que la sostenga,pertenece a la categoria,18.33 Spanish-American literature
Dos guiones,fue publicada en el año,2017
Dos guiones,pertenece a la categoria,Chilean drama
Premio FIL de literatura en lenguas romances,fue publicada en el año,2021
Premio FIL de literatura en lenguas romances,pertenece a la categoria,Criticism and interpretation
Premio FIL de literatura en lenguas romances,pertenece a la categoria,Premio FIL de Literatura en Lenguas Romances
Impuesto a la carne,fue publicada en el año,2010
Impuesto a la carne,pertenece a la categoria,Mothers and daughters
Impuesto a la carne,pertenece a la categoria,Fiction
Los Vigilantes,fue publicada en el año,1997
Los Vigilantes,pertenece a la categoria,Spanish: Adult Fiction
Provisoria-mente,fue publicada en el año,2007
Provisoria-mente,pertenece a la categoria,Literature and society
Provisoria-mente,pertenece a la categoria,Literature -- Philosophy
Jamás el fuego nunca,fue publicada en el año,2007
Mano de obra,fue publicada en el año,2002
Tres Novelas,fue publicada en el año,2005
Tres Novelas,pertenece a la categoria,General
Tres Novelas,pertenece a la categoria,Non-Classifiable
Tres Novelas,pertenece a la categoria,Spanish: Adult Nonfiction
Tres Novelas,pertenece a la categoria,Fiction - General
El infarto del alma,fue publicada en el año,1994
El infarto del alma,pertenece a la categoria,Psychiatric hospital care -- Chile -- Putaendo.
El infarto del alma,pertenece a la categoria,Psychiatric hospital patients -- Chile -- Putaendo.
El infarto del alma,pertenece a la categoria,Psychiatric hospital patients -- Pictorial works.
Los trabajadores de la muerte,fue publicada en el año,1998
Lumpérica,fue publicada en el año,1983
Antología personal,fue publicada en el año,2010
Signos vitales,fue publicada en el año,2008
Signos vitales,pertenece a la categoria,Interviews
Pacto de sangre,fue publicada en el año,2009
El pan y el vino,fue publicada en el año,2008
Escrito está,fue publicada en el año,2017
Escrito está,pertenece a la categoria,Chilean poetry
Poema de Chile,fue publicada en el año,2013
Poema de Chile,pertenece a la categoria,Poetry
El ojo atravesado II,fue publicada en el año,2007
El ojo atravesado II,pertenece a la categoria,Correspondence
El ojo atravesado II,pertenece a la categoria,Criticism and interpretation
El ojo atravesado II,pertenece a la categoria,Friends and associates
El ojo atravesado II,pertenece a la categoria,Chilean Authors
El ojo atravesado II,pertenece a la categoria,Uruguayan Authors
Me criaron peregrina,fue publicada en el año,2007
Me criaron peregrina,pertenece a la categoria,Poetry
"Manuel, en los labios por mucho tiempo--",fue publicada en el año,2005
"Manuel, en los labios por mucho tiempo--",pertenece a la categoria,Correspondence
"Manuel, en los labios por mucho tiempo--",pertenece a la categoria,Relations with men
"Manuel, en los labios por mucho tiempo--",pertenece a la categoria,Chilean Authors
"Manuel, en los labios por mucho tiempo--",pertenece a la categoria,Correspondencia
"Manuel, en los labios por mucho tiempo--",pertenece a la categoria,Autores chilenos
"Manuel, en los labios por mucho tiempo--",pertenece a la categoria,Cartas de amor
Gabriela Mistral en Puerto Rico,fue publicada en el año,2008
Poesía religiosa,fue publicada en el año,2013
Contra la Muerte,fue publicada en el año,2002
Poesía esencial,fue publicada en el año,2001
Poesía esencial,pertenece a la categoria,Caribbean & Latin American
Poesía esencial,pertenece a la categoria,Literature - Classics / Criticism
Antologia de Aire,fue publicada en el año,1999
Antologia de Aire,pertenece a la categoria,General
Antologia de Aire,pertenece a la categoria,Poetry
Del zumbido,fue publicada en el año,2006
El Alumbrado y otros poemas / The Lighting and other Poems (Poesia Catedra),fue publicada en el año,2003
El Alumbrado y otros poemas / The Lighting and other Poems (Poesia Catedra),pertenece a la categoria,Spanish Poetry
El Alumbrado y otros poemas / The Lighting and other Poems (Poesia Catedra),pertenece a la categoria,Poetry
El Alumbrado y otros poemas / The Lighting and other Poems (Poesia Catedra),pertenece a la categoria,Spanish: Adult Nonfiction
El Alumbrado y otros poemas / The Lighting and other Poems (Poesia Catedra),pertenece a la categoria,General
El Alumbrado y otros poemas / The Lighting and other Poems (Poesia Catedra),pertenece a la categoria,Continental European
From the Lightning,fue publicada en el año,2007
From the Lightning,pertenece a la categoria,Caribbean & Latin American
From the Lightning,pertenece a la categoria,General
From the Lightning,pertenece a la categoria,Poetry / General
From the Lightning,pertenece a la categoria,Poetry
From the Lightning,pertenece a la categoria,Spanish: Adult Nonfiction
La Reni~nez,fue publicada en el año,2004
No haya corrupción,fue publicada en el año,2003
Poesía esencial,fue publicada en el año,2001
Concierto,fue publicada en el año,2004
Las hermosas,fue publicada en el año,1991
Las hermosas,pertenece a la categoria,General
Las hermosas,pertenece a la categoria,Poetry
Quien no cumple cien años,fue publicada en el año,2008
No haya corrupción,fue publicada en el año,2003
No haya corrupción,pertenece a la categoria,POESIAS CHILENAS
Íntegra,fue publicada en el año,2012
10 relatos de amor,fue publicada en el año,1995
10 relatos de amor,pertenece a la categoria,Short Stories (single author)
10 relatos de amor,pertenece a la categoria,Fiction - General
Mi Nombre Es Emilia Del Valle / My Name Is Emilia Del Valle,fue publicada en el año,2025
Viento Conoce Mi Nombre / the Wind Knows My Name,fue publicada en el año,2025
Juego de Pipper,fue publicada en el año,2015
El bosque de los pigmeos,fue publicada en el año,2004
Reino Del Dragón de Oro,fue publicada en el año,2015
El bosque de los pigmeos,fue publicada en el año,2004
El bosque de los pigmeos,pertenece a la categoria,Elephants
El bosque de los pigmeos,pertenece a la categoria,Fiction
El bosque de los pigmeos,pertenece a la categoria,Grandmothers
El bosque de los pigmeos,pertenece a la categoria,Poaching
El bosque de los pigmeos,pertenece a la categoria,Kenya
"Perla, la Super Perrita!",fue publicada en el año,2024
Así Veo Las Cosas,fue publicada en el año,2024
Diarios tempranos,fue publicada en el año,2016
Diarios tempranos,pertenece a la categoria,Diaries
Cuentos/Stories,fue publicada en el año,1985
Cuentos/Stories,pertenece a la categoria,General
Cuentos/Stories,pertenece a la categoria,Fiction - General
Cuentos/Stories,pertenece a la categoria,Reading materials
Cuentos/Stories,pertenece a la categoria,Short stories
Cuentos/Stories,pertenece a la categoria,Spanish language
Un Lugar Sin Limite,fue publicada en el año,1985
Un Lugar Sin Limite,pertenece a la categoria,General
Un Lugar Sin Limite,pertenece a la categoria,Fiction - General
"Historia personal del ""Boom""",fue publicada en el año,1998
"Historia personal del ""Boom""",pertenece a la categoria,Spanish: Adult Nonfiction
"Historia personal del ""Boom""",pertenece a la categoria,Reference
"Historia personal del ""Boom""",pertenece a la categoria,Historical - General
"Historia personal del ""Boom""",pertenece a la categoria,Biography & Autobiography
"Historia personal del ""Boom""",pertenece a la categoria,Literature - Classics / Criticism
"Historia personal del ""Boom""",pertenece a la categoria,Literary
"Historia personal del ""Boom""",pertenece a la categoria,Bibliographies & Indexes
"Historia personal del ""Boom""",pertenece a la categoria,Caribbean & Latin American
Conversaciones con Manuel Rojas,fue publicada en el año,2012
Conversaciones con Manuel Rojas,pertenece a la categoria,Interviews
Rojas,fue publicada en el año,2019
Un joven en La Batalla,fue publicada en el año,2012
Un joven en La Batalla,pertenece a la categoria,Anarchism
Un joven en La Batalla,pertenece a la categoria,History
Un joven en La Batalla,pertenece a la categoria,Journalism
Su voz viene en el viento,fue publicada en el año,2012
La prosa nunca está terminada,fue publicada en el año,2013
La prosa nunca está terminada,pertenece a la categoria,Chilean fiction
La prosa nunca está terminada,pertenece a la categoria,History and criticism
La prosa nunca está terminada,pertenece a la categoria,Criticism and interpretation
La prosa nunca está terminada,pertenece a la categoria,Politics and literature
Dulce enemiga mía,fue publicada en el año,2013
Nosotras que nos queremos tanto,fue publicada en el año,2022
Albergue de Las Mujeres Tristes / the Retreat ForHeartbroken Women,fue publicada en el año,2022
Lo que está en mi corazón,fue publicada en el año,1901
Lo Que Esta en Mi Corazón / What's in My Heart,fue publicada en el año,2014
Antigua vida mía,fue publicada en el año,2011
Antigua vida mía,pertenece a la categoria,Social life and customs
Antigua vida mía,pertenece a la categoria,Man-woman relationships
Antigua vida mía,pertenece a la categoria,Families
Antigua vida mía,pertenece a la categoria,Ambition
Antigua vida mía,pertenece a la categoria,Women
Antigua vida mía,pertenece a la categoria,Fiction
Nosotras que nos queremos tanto,fue publicada en el año,2011
Dulce Enemiga Mía / My Sweet Enemy,fue publicada en el año,2022
Manto / the Mantle,fue publicada en el año,2020
Manto / the Mantle,pertenece a la categoria,Personal memoirs
Diez Mujeres / Ten Women,fue publicada en el año,2021
Nosotras Que Nos Queremos Tanto / We That Love Each Other So Much,fue publicada en el año,2021
Nosotras que nos queremos tanto,fue publicada en el año,1997
Para que no me olvides,fue publicada en el año,2011
Nosotras que nos queremos tanto,fue publicada en el año,2022
Vuelo de Pájaro. Cuadernos / a Birds-Eye View,fue publicada en el año,2024
Nosotras que nos queremos tanto,fue publicada en el año,1991
Para que no me olvides,fue publicada en el año,2011
Para que no me olvides,pertenece a la categoria,Women
Para que no me olvides,pertenece a la categoria,Fiction
Para que no me olvides,pertenece a la categoria,Romance fiction
Para que no me olvides,pertenece a la categoria,Femmes
Para que no me olvides,pertenece a la categoria,"Romans, nouvelles"
Para que no me olvides,pertenece a la categoria,Cuentos de amor
Lo que está en mi corazón,fue publicada en el año,2001
Temporal,fue publicada en el año,2014
Obras públicas,fue publicada en el año,2006
Obras públicas,pertenece a la categoria,Conceptual art
Obras públicas,pertenece a la categoria,Exhibitions
Nicanor Parra,fue publicada en el año,2005
Nicanor Parra,pertenece a la categoria,"Parra, Nicanor, -- 1914- -- Criticism and interpretation."
Nicanor Parra,pertenece a la categoria,"Parra, Nicanor, -- 1914- -- Crítica e interpretación."
Nicanor Parra,fue publicada en el año,2000
Nicanor Parra,pertenece a la categoria,"Parra, Nicanor, -- 1914- -- Criticism and interpretation."
Poemas y antipoemas,fue publicada en el año,1967
Poemas y antipoemas,fue publicada en el año,2011
After-dinner declarations,fue publicada en el año,2008
Nicanor Parra,fue publicada en el año,2007
Nicanor Parra,pertenece a la categoria,"Parra, Nicanor, -- 1914- -- Interviews"
Nicanor Parra,pertenece a la categoria,"Parra, Nicanor, -- 1914- -- Criticism and interpretation"
Nicanor Parra,pertenece a la categoria,"Authors, Chilean -- 20th century -- Interviews"
Obras completas & algo [más],fue publicada en el año,2006
Obras completas & algo [más],pertenece a la categoria,"Parra, Nicanor, -- 1914- -- Criticism and interpretation."
Obras completas & algo más,fue publicada en el año,2006
Poemas Y Antipoemas,fue publicada en el año,1994
Poemas Y Antipoemas,pertenece a la categoria,Poetry texts & anthologies
tentativa del hombre infinito,fue publicada en el año,2017
Crepusculario,fue publicada en el año,2020
Cien Sonetos,fue publicada en el año,2015
Crepusculario,fue publicada en el año,2013
20 Poemas de Amor y una Cancion Desesperada / 100 Sonetos de Amor,fue publicada en el año,2014
La esquina es mi corazón,fue publicada en el año,2001
Lemebel oral,fue publicada en el año,2018
Lemebel oral,pertenece a la categoria,Interviews
Lemebel oral,pertenece a la categoria,Chilean Authors
Lemebel oral,pertenece a la categoria,Biography
Lemebel oral,pertenece a la categoria,18.33 Spanish-American literature
Mi amiga Gladys,fue publicada en el año,2016
Mi amiga Gladys,pertenece a la categoria,Friends and associates
Mi amiga Gladys,pertenece a la categoria,Relations with women
Mi amiga Gladys,pertenece a la categoria,Communists
Mi amiga Gladys,pertenece a la categoria,Biography
Mi amiga Gladys,pertenece a la categoria,Women communists
Mi amiga Gladys,pertenece a la categoria,Legislators
Mi amiga Gladys,pertenece a la categoria,Women legislators
"No tengo amigos, tengo amores",fue publicada en el año,2018
"No tengo amigos, tengo amores",pertenece a la categoria,Interviews
"No tengo amigos, tengo amores",pertenece a la categoria,Chilean Authors
Ella entró por la ventana del baño,fue publicada en el año,2012
Ella entró por la ventana del baño,pertenece a la categoria,History
Ella entró por la ventana del baño,pertenece a la categoria,"Comic books, strips"
Ella entró por la ventana del baño,pertenece a la categoria,Social conditions
Háblame de amores,fue publicada en el año,2013
Poco Hombre,fue publicada en el año,2013
La esquina es mi corazón,fue publicada en el año,1995
Loco Afan,fue publicada en el año,2000
Loco Afan,pertenece a la categoria,General
Loco Afan,pertenece a la categoria,Fiction - General
Serenata cafiola,fue publicada en el año,2008
Tengo Miedo Torero,fue publicada en el año,2002
Tengo Miedo Torero,pertenece a la categoria,General
Tengo Miedo Torero,pertenece a la categoria,Fiction - General
Adiós mariquita linda,fue publicada en el año,2004
El lugar del otro,fue publicada en el año,2010
Las tristes,fue publicada en el año,2015
Hebras,fue publicada en el año,2020
La castaña - humor - gráfica -poesía,fue publicada en el año,2021
La castaña - humor - gráfica -poesía,pertenece a la categoria,Chilean wit and humor
La castaña - humor - gráfica -poesía,pertenece a la categoria,Pictorial Chilean wit and humor
La castaña - humor - gráfica -poesía,pertenece a la categoria,Chilean poetry
La castaña - humor - gráfica -poesía,pertenece a la categoria,Caricatures and cartoons
Bolaño por sí mismo,fue publicada en el año,2006
Bolaño por sí mismo,pertenece a la categoria,"Bolano, Roberto, -- 1953-2003 -- Interviews."
Bolaño por sí mismo,pertenece a la categoria,"Authors, Chilean -- 20th century -- Interviews."
Consejos de un discípulo de Morrison a un fanático de Joyce,fue publicada en el año,1984
Palabra De America / Words from America (Los Tres Mundos),fue publicada en el año,2004
Palabra De America / Words from America (Los Tres Mundos),pertenece a la categoria,Spanish American literature -- 20th century -- History and criticism.
Palabra De America / Words from America (Los Tres Mundos),pertenece a la categoria,Spanish literature -- 20th century -- History and criticism.
Vicente Huidobro,fue publicada en el año,2010
Poesía y creación,fue publicada en el año,2012
Mío Cid Campeador,fue publicada en el año,2009
Epistolario,fue publicada en el año,2008
Epistolario,pertenece a la categoria,"Huidobro, Vicente, -- 1893-1948 -- Correspondence"
Epistolario,pertenece a la categoria,"Authors, Chilean -- 20th century -- Correspondence"
Altazor Temblor De Cielo,fue publicada en el año,1994
Altazor Temblor De Cielo,pertenece a la categoria,Modern fiction
Altazor Temblor De Cielo,pertenece a la categoria,Poetry
Altazor Temblor De Cielo,pertenece a la categoria,Foreign Language Study
Altazor Temblor De Cielo,pertenece a la categoria,Spanish
Altazor Temblor De Cielo,pertenece a la categoria,Spanish: Adult Fiction
Altazor Temblor De Cielo,pertenece a la categoria,General
Manifest/Manifestos,fue publicada en el año,1999
Manifest/Manifestos,pertenece a la categoria,Poetry texts & anthologies
Manifest/Manifestos,pertenece a la categoria,Poetry
Manifest/Manifestos,pertenece a la categoria,Foreign Language Study
Manifest/Manifestos,pertenece a la categoria,Spanish: Adult Nonfiction
Manifest/Manifestos,pertenece a la categoria,General
Manifest/Manifestos,pertenece a la categoria,Poetry / General
Manifest/Manifestos,pertenece a la categoria,American - General
Manifest/Manifestos,pertenece a la categoria,Spanish
El libro mayor de Violeta Parra,fue publicada en el año,2009
El libro mayor de Violeta Parra,pertenece a la categoria,Singers
El libro mayor de Violeta Parra,pertenece a la categoria,Biography
Centésimas de alma,fue publicada en el año,2019
Centésimas de alma,pertenece a la categoria,Decimas
Centésimas de alma,pertenece a la categoria,Chilean poetry
Gracias a la Vida,fue publicada en el año,1998
Gracias a la Vida,pertenece a la categoria,General
Gracias a la Vida,pertenece a la categoria,Poetry
Violeta Parra,fue publicada en el año,2007
Violeta Parra,pertenece a la categoria,Chilean Art
Decimas,fue publicada en el año,1976