source,relation,target
Walter «Serrano» Abella,es de nacionalidad,uruguaya
Walter «Serrano» Abella,es autor de la obra,Los muros del silencio
Walter «Serrano» Abella,es autor de la obra,"Martín Aquino, el matrero"
Adolfo Agorio,es de nacionalidad,uruguaya
Julio Aguiar,es de nacionalidad,uruguaya
Gustavo Aguilera,es de nacionalidad,uruguaya
Gustavo Aguilera,es autor de la obra,Crimen y Castigo
Gustavo Aguilera,es autor de la obra,Vuelta Al Mundo en 80 Dias
Gustavo Aguilera,es autor de la obra,Faro Del Fin Del Mundo
Gustavo Aguilera,es autor de la obra,Faro Del Fin Del Mundo (Spanish Edition)
Gustavo Aguilera,es autor de la obra,Olalla (Spanish Edition)
Gustavo Aguilera,es autor de la obra,Diablo de la Botella (Spanish Edition)
Gustavo Aguilera,es autor de la obra,Crimen de Lord Arthur Saville
Gustavo Aguilera,es autor de la obra,Canto General (Spanish Edition)
Gustavo Aguilera,es autor de la obra,Psicologia y Pedagogia (Spanish Edition)
Gustavo Aguilera,es autor de la obra,Dracula (Spanish Edition)
Gustavo Aguilera,es autor de la obra,Espanto en Las Alturas (Spanish Edition)
Gustavo Aguilera,es autor de la obra,Catacumba Nueva (Spanish Edition)
Gustavo Aguilera,es autor de la obra,Mundo Perdido (Spanish Edition)
Gustavo Aguilera,es autor de la obra,Estudio en Escarlata (Spanish Edition)
Gustavo Aguilera,es autor de la obra,Sabueso de Los Baskerville (Spanish Edition)
Gustavo Aguilera,es autor de la obra,Signo de Los Cuatro
Gustavo Aguilera,es autor de la obra,Las Aventuras de Sherlock Holmes (Spanish Edition)
Gustavo Aguilera,es autor de la obra,Mundo Perdido
Gustavo Aguilera,es autor de la obra,Signo de Los Cuatro (Spanish Edition)
Gustavo Aguilera,es autor de la obra,Gato de Brasil
Gustavo Aguilera,es autor de la obra,Cumbres Barrascosas
Gustavo Aguilera,es autor de la obra,Mas Alla Del Bien y Del Mal (Spanish Edition)
Gustavo Aguilera,es autor de la obra,Asi Hablo Zaratustra (Spanish Version)
Gustavo Aguilera,es autor de la obra,Convivio (Spanish Version)
Gustavo Aguilera,es autor de la obra,Licenciado Vidriera (Spanish Edition)
Gustavo Aguilera,es autor de la obra,Gitanilla (Spanish Edition)
Gustavo Aguilera,es autor de la obra,Don Quijote de la Mancha (Spanish Edition)
Gustavo Aguilera,es autor de la obra,Reina Margot (Spanish Edition)
Gustavo Aguilera,es autor de la obra,Realidad Aparte (Spanish Edition)
Gustavo Aguilera,es autor de la obra,Escarabajo de Oro
Gustavo Aguilera,es autor de la obra,Sociologia de la Religion (Spanish Edition)
Gustavo Aguilera,es autor de la obra,Oro de Mllorca (Spanish Edition)
Gustavo Aguilera,es autor de la obra,Historia de Dos Ciudades (Spanish Edition)
Gustavo Aguilera,es autor de la obra,Perfecta Casada (Spanish Edition)
Gustavo Aguilera,es autor de la obra,Rey Lear (Spanish Edition)
Gustavo Aguilera,es autor de la obra,Carta Robada (Spanish Edition)
Gustavo Aguilera,es autor de la obra,David Copperfield Parte 3
Gustavo Aguilera,es autor de la obra,Las Enseñanzas de Don Juan (Spanish Edition)
Gustavo Aguilera,es autor de la obra,Frankenstein (Spanish Version)
Gustavo Aguilera,es autor de la obra,Dermian (Spanish Edition)
Gustavo Aguilera,es autor de la obra,Misterio de Marie Roget
Gustavo Aguilera,es autor de la obra,Lobo Estepario (Spanish Edition)
Gustavo Aguilera,es autor de la obra,Los Tres Mosqueteros (Spanish Edition)
Gustavo Aguilera,es autor de la obra,Loco (Spanish Edition)
Gustavo Aguilera,es autor de la obra,Segundo Anillo de Poder
Gustavo Aguilera,es autor de la obra,Barril Amontillado
Gustavo Aguilera,es autor de la obra,Historia de un Muerto Contada Por el Mismo (Spanish Edition)
Juan Carlos Albarado,es de nacionalidad,uruguaya
Juan Carlos Albarado,es autor de la obra,La ciudad de cartón
Mauricio Almada,es de nacionalidad,uruguaya
Mauricio Almada,es autor de la obra,Crónica de una infamia
Mauricio Almada,es autor de la obra,La última cárcel del pueblo
Eduardo Alvariza,es de nacionalidad,uruguaya
Eduardo Alvariza,es autor de la obra,Antología de cuentos uruguayos contemporáneos
Eduardo Alvariza,es autor de la obra,Mecanismo a válvula
Fernando Amado,es de nacionalidad,uruguaya
Fernando Amado,es autor de la obra,El club de los millones
Fernando Amado,es autor de la obra,La máscara de la diversidad
Fernando Amado,es autor de la obra,Mandato de sangre
Fernando Amado,es autor de la obra,Bajo sospecha
Fernando Amado,es autor de la obra,"Óscar Magurno, el padrino"
Fernando Amado,es autor de la obra,La masonería uruguaya
Fernando Amado,es autor de la obra,Desconfianza infinita
Fernando Amado,es autor de la obra,En penumbras
Fernando Amado,es autor de la obra,El peso de la cruz
Danilo Antón,es de nacionalidad,uruguaya
Danilo Antón,es autor de la obra,"Diversidad, Globalizacion Y Los Caminos De LA Naturaleza"
Tabaré Arapí,es de nacionalidad,uruguaya
Tabaré Arapí,es autor de la obra,Folklore duro
Tabaré Arapí,es autor de la obra,Crónicas sindicales
Orestes Araújo,es de nacionalidad,uruguaya
Arturo Ardao,es de nacionalidad,uruguaya
Arturo Ardao,es autor de la obra,Artigas y la Confederación
Arturo Ardao,es autor de la obra,Escritos trashumantes
Horacio Arredondo,es de nacionalidad,uruguaya
Hugo David Barbagelata,es de nacionalidad,uruguaya
Washington Benavides,es de nacionalidad,uruguaya
Washington Benavides,es autor de la obra,Como un comanche
Washington Benavides,es autor de la obra,La voz y la palabra
Washington Benavides,es autor de la obra,"Durandarte, durandarte"
Washington Benavides,es autor de la obra,Retablo roto
Washington Benavides,es autor de la obra,Tata vizcacha
Washington Benavides,es autor de la obra,Palabra impronunciada
Washington Benavides,es autor de la obra,Querencia
Washington Benavides,es autor de la obra,La pluma enlunarada
Washington Benavides,es autor de la obra,Seis variaciones para un armonio de cristal (electrónico)
Washington Benavides,es autor de la obra,El constelado
Washington Benavides,es autor de la obra,Los pies clavados y otros sonetos
Washington Benavides,es autor de la obra,Las palabras que llegaron
Washington Benavides,es autor de la obra,Poesía y transcreación
Washington Benavides,es autor de la obra,Mujeres
Washington Benavides,es autor de la obra,Diario del Iporá
Washington Benavides,es autor de la obra,Sonetos
Washington Benavides,es autor de la obra,Doce canciones amorosas del juglar Xoan Zorro
Hebert Benítez Pezzolano,es de nacionalidad,uruguaya
Hebert Benítez Pezzolano,es autor de la obra,Sesquicentenario
Hebert Benítez Pezzolano,es autor de la obra,El otro lado
Hebert Benítez Pezzolano,es autor de la obra,"Mundo, tiempos y escritura en la poesía de Marosa di Giorgio"
Hebert Benítez Pezzolano,es autor de la obra,El sitio de Lautréamont
Hebert Benítez Pezzolano,es autor de la obra,La poética de Jorge Arbeleche
Hebert Benítez Pezzolano,es autor de la obra,La poética de Jorge Arbeleche
Martín Bentancor,es de nacionalidad,uruguaya
Martín Bentancor,es autor de la obra,Cardal
Martín Bentancor,es autor de la obra,13 que cuentan
Martín Bentancor,es autor de la obra,Los colores primarios
Martín Bentancor,es autor de la obra,El fondo del quilombo
Martín Bentancor,es autor de la obra,Muerte y vida del sargento poeta
Martín Bentancor,es autor de la obra,Aquel viejo tango
Martín Bentancor,es autor de la obra,La redacción
Pedro P. Bermúdez,es de nacionalidad,uruguaya
Washington P. Bermúdez,es de nacionalidad,uruguaya
Francisco Berra,es de nacionalidad,uruguaya
Bernardo Prudencio Berro,es de nacionalidad,uruguaya
Guillermo Bertullo Santillán,es de nacionalidad,uruguaya
César Bianchi,es de nacionalidad,uruguaya
Edmundo Bianchi,es de nacionalidad,uruguaya
Pablo Blanco Acevedo,es de nacionalidad,uruguaya
Roberto Blatt,es de nacionalidad,uruguaya
Gastón Boero,es de nacionalidad,uruguaya
Domingo Bordoli,es de nacionalidad,uruguaya
Carlos Bouzas,es de nacionalidad,uruguaya
Alberto Brause,es de nacionalidad,uruguaya
Tomás Brena,es de nacionalidad,uruguaya
Álvaro Buela,es de nacionalidad,uruguaya
Jorge Burel,es de nacionalidad,uruguaya
Jorge Burel,es autor de la obra,La última historia de Homero Escribano
Jorge Burel,es autor de la obra,La noche fatal de Alberto Spark
Jorge Burel,es autor de la obra,El hijo del capitán Nemo
Jorge Burel,es autor de la obra,El ministro y la ballena
Jorge Burel,es autor de la obra,Iván Kmaid
Carlos Caggiani,es de nacionalidad,uruguaya
Carlos Caggiani,es autor de la obra,Pia Mi Amor
Carlos Caggiani,es autor de la obra,Secreto de Las Innovaciones
Carlos Caggiani,es autor de la obra,Huellas y Horizontes
Gonzalo Cammarota,es de nacionalidad,uruguaya
Gonzalo Cammarota,es autor de la obra,¿Por qué mataron a Jonathan Núñez?
Luis Camnitzer,es de nacionalidad,uruguaya
Luis Camnitzer,es autor de la obra,Arte y deshonra
Luis Camnitzer,es autor de la obra,Montalbetti & Camnitzer
Luis Camnitzer,es autor de la obra,Ética en el arte contemporáneo
Luis Camnitzer,es autor de la obra,Didática de la liberación
Luis Camnitzer,es autor de la obra,"Arte, estado y no he estado"
Luis Camnitzer,es autor de la obra,Negatec
Luis Camnitzer,es autor de la obra,De la Coca-cola al arte boludo
Luis Camnitzer,es autor de la obra,Antología de textos críticos 1979-2006
Luis Campodónico,es de nacionalidad,uruguaya
Alfredo Campos,es de nacionalidad,uruguaya
Alberto Candeau,es de nacionalidad,uruguaya
Roberto Canessa,es de nacionalidad,uruguaya
Roberto Canessa,es autor de la obra,Tenía que sobrevivir
Juan Capagorry,es de nacionalidad,uruguaya
Federico Capurro,es de nacionalidad,uruguaya
Albert Caraco,es de nacionalidad,uruguaya
Albert Caraco,es autor de la obra,Post Morten
Jacinto Carranza,es de nacionalidad,uruguaya
Tarik Carson,es de nacionalidad,uruguaya
Pablo Casacuberta,es de nacionalidad,uruguaya
Pablo Casacuberta,es autor de la obra,Persona
Pablo Casacuberta,es autor de la obra,Una vida llena de propósito
Pablo Casacuberta,es autor de la obra,Apariciones
Pablo Casacuberta,es autor de la obra,Aqui Y Ahora / Here and Now
Pablo Casacuberta,es autor de la obra,Escipión
Enrique Casaravilla Lemos,es de nacionalidad,uruguaya
Horacio Cassinelli Muñoz,es de nacionalidad,uruguaya
Horacio Cassinelli Muñoz,es autor de la obra,Regulación de la actividad privada
Adolfo Castells,es de nacionalidad,uruguaya
Adolfo Castells,es autor de la obra,Manual para indecisos
Adolfo Castells,es autor de la obra,La gran ilusión
Adolfo Castells,es autor de la obra,Carnaval  y populismo autoritario
Dolores Castillo,es de nacionalidad,uruguaya
Guido Castillo,es de nacionalidad,uruguaya
Julio César Castro,es de nacionalidad,uruguaya
Julio César Castro,es autor de la obra,El lugar de los grandes pecados atroces
Jorge Chagas,es de nacionalidad,uruguaya
Jorge Chagas,es autor de la obra,La sombra
Jorge Chagas,es autor de la obra,El sable roto
Jorge Chagas,es autor de la obra,La diosa y la noche
Jorge Chagas,es autor de la obra,El Pardejón
Jorge Chagas,es autor de la obra,Guillermo Chifflet
Jorge Chagas,es autor de la obra,Pacheco
Daniel Chavarría,es de nacionalidad,uruguaya
Daniel Chavarría,es autor de la obra,De La Habana ha llegado--
Daniel Chavarría,es autor de la obra,Y el mundo sigue andando
Daniel Chavarría,es autor de la obra,El aguacate y la virtud
Daniel Chavarría,es autor de la obra,Príapos
Daniel Chavarría,es autor de la obra,Una pica en Flandes
Guillermo Chifflet,es de nacionalidad,uruguaya
Guillermo Chifflet,es autor de la obra,De la discusión nace la luz
Hiber Conteris,es de nacionalidad,uruguaya
Hiber Conteris,es autor de la obra,La escritura sin tregua
Hiber Conteris,es autor de la obra,Territorios y fronteras en la escena iberoamericana
Hiber Conteris,es autor de la obra,Teatro y representación
Hiber Conteris,es autor de la obra,"Teatro, memoria, identidad"
Hiber Conteris,es autor de la obra,Cuarteto
Hiber Conteris,es autor de la obra,"Dos relatos sobre el arte, el amor, el sexo y algunas cosas más"
Hiber Conteris,es autor de la obra,El séptimo año
Hugo Cores,es de nacionalidad,uruguaya
Rómulo Cosse,es de nacionalidad,uruguaya
Rómulo Cosse,es autor de la obra,Tradición y cambio en la narrativa uruguaya
Ruben Cotelo,es de nacionalidad,uruguaya
Pablo da Silveira,es de nacionalidad,uruguaya
Pablo da Silveira,es autor de la obra,"Padres, maestros, y políticos"
Pablo da Silveira,es autor de la obra,Escrito en la arena
Antonio Dabezies,es de nacionalidad,uruguaya
Pedro Dalton,es de nacionalidad,uruguaya
Pedro Dalton,es autor de la obra,No sólo de hambre vive el hombre
Pedro Dalton,es autor de la obra,Cuatro libros de poesía y un montón de ojos en la cabeza
Pedro Dalton,es autor de la obra,La cara del ángel
Andrés Danza,es de nacionalidad,uruguaya
Andrés Danza,es autor de la obra,Una oveja negra al poder
Isidoro de María,es de nacionalidad,uruguaya
Héctor de Souza,es de nacionalidad,uruguaya
Alberto Demicheli,es de nacionalidad,uruguaya
Nelson Di Maggio,es de nacionalidad,uruguaya
Nelson Di Maggio,es autor de la obra,José Pedro Costigliolo
Nelson Di Maggio,es autor de la obra,Artes visuales en Uruguay
Álvaro Diez de Medina,es de nacionalidad,uruguaya
Álvaro Diez de Medina,es autor de la obra,Mapa de un engaño
Joaquín Doldán,es de nacionalidad,uruguaya
Joaquín Doldán,es autor de la obra,El murguista muerto
Anacleto Dufort y Álvarez,es de nacionalidad,uruguaya
Andrés Echevarría,es de nacionalidad,uruguaya
Andrés Echevarría,es autor de la obra,Vallejo2016
Andrés Echevarría,es autor de la obra,Señales elementales
Andrés Echevarría,es autor de la obra,Anatomía de lo aparente
Andrés Echevarría,es autor de la obra,La plaza del ángelus
Andrés Echevarría,es autor de la obra,Los árboles de piedra
Andrés Echevarría,es autor de la obra,Entrevista con el arte uruguayo
Andrés Echevarría,es autor de la obra,Pasión y poesía de Jules Laforgue
Andrés Echevarría,es autor de la obra,La sombra de las horas
Laszlo Erdelyi,es de nacionalidad,uruguaya
Gustavo Escanlar,es de nacionalidad,uruguaya
Gustavo Escanlar,es autor de la obra,"Grandes éxitos, un cuento y una despedida"
Gustavo Escanlar,es autor de la obra,Disco duro
Gustavo Escanlar,es autor de la obra,Dos o tres cosas que sé de gala
Francisco Espínola,es de nacionalidad,uruguaya
Francisco Espínola,es autor de la obra,Cuentos completos
Eleuterio Fernández Huidobro,es de nacionalidad,uruguaya
Benjamín Fernández y Medina,es de nacionalidad,uruguaya
José María Fernández Saldaña,es de nacionalidad,uruguaya
Julio Fernández Techera,es de nacionalidad,uruguaya
Julio Fernández Techera,es autor de la obra,"Jesuitas, Masones y universidad en el Uruguay"
Mario César Fernández,es de nacionalidad,uruguaya
Nelson Fernández,es de nacionalidad,uruguaya
Nelson Fernández,es autor de la obra,Una democracia única
Nelson Fernández,es autor de la obra,El voto del agua tibia
Nelson Fernández,es autor de la obra,A boca de urna
Nelson Fernández,es autor de la obra,Triunfo multicolor
Nelson Fernández,es autor de la obra,¡Maldita crisis!
Nelson Fernández,es autor de la obra,Quién es quién en el gobierno de Mujica
Alfredo Mario Ferreiro,es de nacionalidad,uruguaya
Felipe Ferreiro,es de nacionalidad,uruguaya
Daniel Figares,es de nacionalidad,uruguaya
Daniel Figares,es autor de la obra,Mateo y Trasante
Pedro Figari,es de nacionalidad,uruguaya
José María Firpo,es de nacionalidad,uruguaya
Diego Fischer,es de nacionalidad,uruguaya
Diego Fischer,es autor de la obra,Mejor callar
Diego Fischer,es autor de la obra,Carlota Ferreira
Diego Fischer,es autor de la obra,Dona Candida Saravia
Diego Fischer,es autor de la obra,El sentir de las violetas
Diego Fischer,es autor de la obra,Cuando todo pase
Diego Fischer,es autor de la obra,El robo de la historia
Diego Fischer,es autor de la obra,Secretos de un jardín
Diego Fischer,es autor de la obra,Qué poco vale la vida
Diego Fischer,es autor de la obra,Serás mía o de nadie
Diego Fischer,es autor de la obra,A mí me aplauden
Diego Fischer,es autor de la obra,Carlos Páez Vilaró
Diego Fischer,es autor de la obra,Qué tupé
Diego Fischer,es autor de la obra,100 años Punta del Este
Diego Fischer,es autor de la obra,Al encuentro de las tres Marías
Amaro Flores Sienra,es de nacionalidad,uruguaya
Aureliano Folle,es de nacionalidad,uruguaya
Aureliano Folle,es autor de la obra,La otra mirada
Constante Fontán Illas,es de nacionalidad,uruguaya
Clemente L. Fregeiro,es de nacionalidad,uruguaya
Nicolás Fusco Sansone,es de nacionalidad,uruguaya
Eduardo Galeano,es de nacionalidad,uruguaya
Eduardo Galeano,es autor de la obra,SER COMO ELLOS Y OTROS ARTICULOS
Eduardo Galeano,es autor de la obra,La piedra arde
Eduardo Galeano,es autor de la obra,Memoria del Fuego 1. Los Nacimientos
Julio Gallego,es de nacionalidad,uruguaya
Julio Gallego,es autor de la obra,Ensenar a Pensar En La Escuela (Ojos Solares)
Gustavo Gallinal,es de nacionalidad,uruguaya
Rodolfo Gambini,es de nacionalidad,uruguaya
Serafín J. García,es de nacionalidad,uruguaya
Leonardo Garet,es de nacionalidad,uruguaya
Leonardo Garet,es autor de la obra,Ciudades
Leonardo Garet,es autor de la obra,Quiroga
Leonardo Garet,es autor de la obra,Una vara de almendro
Leonardo Garet,es autor de la obra,Víctor Lima
Leonardo Garet,es autor de la obra,El orden de las letras
Leonardo Garet,es autor de la obra,Patio
Leonardo Garet,es autor de la obra,La sencilla espiral de los sucesos
Leonardo Garet,es autor de la obra,El libro de los suicidas
Leonardo Garet,es autor de la obra,El milagro incesante
Atilio Garrido,es de nacionalidad,uruguaya
Atilio Garrido,es autor de la obra,Maracana
Atilio Garrido,es autor de la obra,Siempre en el camino
Edgardo Ubaldo Genta,es de nacionalidad,uruguaya
Arturo Giménez Pastor,es de nacionalidad,uruguaya
Rafael Gomensoro,es de nacionalidad,uruguaya
Juan Carlos Gómez,es de nacionalidad,uruguaya
Damián González Bertolino,es de nacionalidad,uruguaya
Damián González Bertolino,es autor de la obra,13 que cuentan
Damián González Bertolino,es autor de la obra,Los trabajos del amor
Damián González Bertolino,es autor de la obra,Herodes
Damián González Bertolino,es autor de la obra,El origen de las palabras
Damián González Bertolino,es autor de la obra,El fondo
Damián González Bertolino,es autor de la obra,El increíble springer
Sergio Gorzy,es de nacionalidad,uruguaya
Sergio Gorzy,es autor de la obra,Camara Celeste en Sud Afrka
Daniel Granada,es de nacionalidad,uruguaya
Antonio Grompone,es de nacionalidad,uruguaya
Héctor Gros Espiell,es de nacionalidad,uruguaya
Héctor Gros Espiell,es autor de la obra,Constituciones iberoamericanas
Ana Grynbaum,es de nacionalidad,uruguaya
Ana Grynbaum,es autor de la obra,El coloquio de los suicidas
Ana Grynbaum,es autor de la obra,El deseo de un profeta confinado
Ana Grynbaum,es autor de la obra,Hombrecitos improvisados de apuro
Ana Grynbaum,es autor de la obra,La cuchara universal
Alberto Guani,es de nacionalidad,uruguaya
Eduardo Gudynas,es de nacionalidad,uruguaya
Eduardo Gudynas,es autor de la obra,Extractivismos y corrupción
Eduardo Gudynas,es autor de la obra,Extractivismos
Eduardo Gudynas,es autor de la obra,Libre comercio
Eduardo Gudynas,es autor de la obra,"Ecologia, economia, etica del desarrollo sostenible"
Eduardo Gudynas,es autor de la obra,Transiciones
Eduardo Gudynas,es autor de la obra,Derechos de la naturaleza
Eduardo Gudynas,es autor de la obra,Derechos de la naturaleza y políticas ambientales
Ernesto Herrera,es de nacionalidad,uruguaya
Bartolomé Hidalgo,es de nacionalidad,uruguaya
Claudio Invernizzi,es de nacionalidad,uruguaya
Claudio Invernizzi,es autor de la obra,La memoria obstinada de Puerto Vírgenes
Claudio Invernizzi,es autor de la obra,El pasado es un montón de cosas inconclusas
Sergio Israel,es de nacionalidad,uruguaya
Sergio Israel,es autor de la obra,Silencio de Estado
Sergio Israel,es autor de la obra,Tabaré Vázquez
Sergio Israel,es autor de la obra,El agente rojo
Sergio Israel,es autor de la obra,El enigma Trabal
Sergio Israel,es autor de la obra,Mujica
Marcelo Jelen,es de nacionalidad,uruguaya
Diego Jourdan,es de nacionalidad,uruguaya
Antonio Ladra,es de nacionalidad,uruguaya
Antonio Ladra,es autor de la obra,Daniel Martínez
Antonio Ladra,es autor de la obra,Uruguay en la mira del narco
Antonio Ladra,es autor de la obra,Narcos en el Uruguay
Jacobo Langsner,es de nacionalidad,uruguaya
Jacobo Langsner,es autor de la obra,Esperando la carroza
Martín Lasalt,es de nacionalidad,uruguaya
Martín Lasalt,es autor de la obra,13 que cuentan
Martín Lasalt,es autor de la obra,La subersión de la lluvia
Martín Lasalt,es autor de la obra,La entrada al paraíso
Martín Lasalt,es autor de la obra,Pichis
Martín Lasalt,es autor de la obra,Un odio cansado
Gustavo Leal,es de nacionalidad,uruguaya
Óscar Lebel,es de nacionalidad,uruguaya
Óscar Lebel,es autor de la obra,La muerte del Lobo
Óscar Lebel,es autor de la obra,Biografí́a de un hombre que perdió el miedo
Rubén Lena,es de nacionalidad,uruguaya
Alfonso Lessa,es de nacionalidad,uruguaya
Alfonso Lessa,es autor de la obra,Espías de la basura
Alfonso Lessa,es autor de la obra,"De las armas, las urnas y las letras"
Alfonso Lessa,es autor de la obra,Luis Alberto Lacalle
Alfonso Lessa,es autor de la obra,Conspiración
Alfonso Lessa,es autor de la obra,El pecado original
Alfonso Lessa,es autor de la obra,La primera orden
Alfonso Lessa,es autor de la obra,La Revolucion Imposible
Carlos Liscano,es de nacionalidad,uruguaya
Carlos Liscano,es autor de la obra,Escritor indolente
Carlos Liscano,es autor de la obra,Vida del cuervo blanco
Carlos Liscano,es autor de la obra,Apuntes de la cárcel
Carlos Liscano,es autor de la obra,Los orígenes
Carlos Liscano,es autor de la obra,Viaje a la noche
Carlos Liscano,es autor de la obra,La libreta negra
Carlos Liscano,es autor de la obra,Oficio de ventriloquia
Carlos Liscano,es autor de la obra,Ejercicio de impunidad
Carlos Liscano,es autor de la obra,El escritor y el otro
Miguel Livichich,es de nacionalidad,uruguaya
Marcos Llemes,es de nacionalidad,uruguaya
Marcos Llemes,es autor de la obra,Anatema
Guillermo Lockhart,es de nacionalidad,uruguaya
Ruperto Long,es de nacionalidad,uruguaya
Ruperto Long,es autor de la obra,La niña que miraba los trenes partir
Ruperto Long,es autor de la obra,La mujer que volvió del abismo
Ruperto Long,es autor de la obra,Éramos tres niños perdidos en la niebla
Ruperto Long,es autor de la obra,No dejaré memorias
Oscar López Goldaracena,es de nacionalidad,uruguaya
Oscar López Goldaracena,es autor de la obra,Derecho a la reparación integral de violaciones a los derechos humanos
Oscar López Goldaracena,es autor de la obra,El derecho y el revés
Oscar López Goldaracena,es autor de la obra,Cooperación con la corte penal internacional
Andrés López Reilly,es de nacionalidad,uruguaya
Andrés López Reilly,es autor de la obra,El ladrón de mapas
Andrés López Reilly,es autor de la obra,Un buceo por la historia
Andrés López Reilly,es autor de la obra,El infierno de los navegantes
Andrés López Reilly,es autor de la obra,Páginas perdidas de la historia uruguaya
Antonio Lussich,es de nacionalidad,uruguaya
Antonio Lussich,es autor de la obra,Los Tres Gauchos Orientales
Antonio Lussich,es autor de la obra,Poesías
Marcelo Estefanell,es de nacionalidad,uruguaya
Marcelo Estefanell,es autor de la obra,"De todos los nombres, el nombre"
Marcelo Estefanell,es autor de la obra,El hombre numerado
Marcelo Estefanell,es autor de la obra,"Cuadernos de la historia reciente, 1968 Uruguay 1985"
Pablo de María,es de nacionalidad,uruguaya
Emilio Martínez Cardona,es de nacionalidad,uruguaya
Emilio Martínez Cardona,es autor de la obra,De Orwell a Vargas Llosa
Carlos Martínez Moreno,es de nacionalidad,uruguaya
Marynés Casal Muñoz,es de nacionalidad,uruguaya
Leo Maslíah,es de nacionalidad,uruguaya
Rafael Massa,es de nacionalidad,uruguaya
Rafael Massa,es autor de la obra,Todos mienten
Rafael Massa,es autor de la obra,La estafa de la muerte
Humberto Megget,es de nacionalidad,uruguaya
Humberto Megget,es autor de la obra,Obra completa
Tabaré Melogno,es de nacionalidad,uruguaya
Carlos Mendive,es de nacionalidad,uruguaya
Carlos Mendive,es autor de la obra,Cuentos de La Comarca
Sebastián Miguez Conde,es de nacionalidad,uruguaya
Sebastián Miguez Conde,es autor de la obra,La raíz de la furia
Sebastián Miguez Conde,es autor de la obra,Nadie esta muerto mucho tiempo
César Miranda,es de nacionalidad,uruguaya
Gerardo Molina,es de nacionalidad,uruguaya
Gerardo Molina,es autor de la obra,Del campo vengo
Gerardo Molina,es autor de la obra,Juan Pedro López
Gerardo Molina,es autor de la obra,La página literaria
Gerardo Molina,es autor de la obra,Memorias
Gerardo Molina,es autor de la obra,La socialización por las letras de tango
Gerardo Molina,es autor de la obra,La última pulpería
Gerardo Molina,es autor de la obra,A la sed de los vientos
Gerardo Molina,es autor de la obra,Poemas de la Floresta
Gerardo Molina,es autor de la obra,Almafuerte y otros estudios literarios
Gerardo Molina,es autor de la obra,Si LOGO
Gerardo Molina,es autor de la obra,En la estancia de los Álamo
Gerardo Molina,es autor de la obra,De copla somos
Jacinto Ventura de Molina,es de nacionalidad,uruguaya
Jacinto Ventura de Molina,es autor de la obra,Jacinto Ventura de Molina
Juan Carlos Mondragón,es de nacionalidad,uruguaya
Juan Carlos Mondragón,es autor de la obra,Hagan de cuenta que estoy muerto
Juan Carlos Mondragón,es autor de la obra,El submarino peral
Juan Carlos Mondragón,es autor de la obra,La fuente del relato
Juan Carlos Mondragón,es autor de la obra,El viaje a escritura
Juan Carlos Mondragón,es autor de la obra,Night and day
Juan Carlos Mondragón,es autor de la obra,El misterio Horacio Q
Juan Carlos Mondragón,es autor de la obra,Barcelona senza fine
Juan Carlos Mondragón,es autor de la obra,Bruxelles piano-bar
Víctor Hugo Morales,es de nacionalidad,uruguaya
Víctor Hugo Morales,es autor de la obra,Víctor Hugo x Víctor Hugo Morales
Víctor Hugo Morales,es autor de la obra,Mentir a diario
Víctor Hugo Morales,es autor de la obra,Hablemos de fútbol
Víctor Hugo Morales,es autor de la obra,Audiencia con el Diablo
Orosmán Moratorio,es de nacionalidad,uruguaya
Omar Moreira,es de nacionalidad,uruguaya
Omar Moreira,es autor de la obra,150 años de la colonia suiza Nueva Helvecia
Omar Moreira,es autor de la obra,Molino quemado
Omar Moreira,es autor de la obra,Travesías
Omar Moreira,es autor de la obra,Los pata de perro
Omar Moreira,es autor de la obra,Para leer La espera del coronel
Omar Moreira,es autor de la obra,La espera del coronel
Ariel Muniz,es de nacionalidad,uruguaya
Mariella Nigro,es de nacionalidad,uruguaya
Mariella Nigro,es autor de la obra,Frida y México
Mariella Nigro,es autor de la obra,Alto oficio de poeta
Mariella Nigro,es autor de la obra,Después del nombre
Mariella Nigro,es autor de la obra,El tiempo circular
Mariella Nigro,es autor de la obra,El río vertical
Juan Oddone,es de nacionalidad,uruguaya
Juan Oddone,es autor de la obra,Historia de la Universidad de la República
Juan Oddone,es autor de la obra,Mirando atrás
Juan Oddone,es autor de la obra,Vecinos en discordia
Tomás Olivera Chirimini,es de nacionalidad,uruguaya
Carlos Oneto y Viana,es de nacionalidad,uruguaya
Domingo Ordoñana,es de nacionalidad,uruguaya
Enrique Ortega Salinas,es de nacionalidad,uruguaya
Enrique Ortega Salinas,es autor de la obra,No despertarás a mis siervos
Martín Otheguy,es de nacionalidad,uruguaya
Martín Otheguy,es autor de la obra,Mañana es tarde
Melchor Pacheco y Obes,es de nacionalidad,uruguaya
Claudio Paolillo,es de nacionalidad,uruguaya
Claudio Paolillo,es autor de la obra,Claudio Paolillo periodista
Claudio Paolillo,es autor de la obra,La cacería del caballero
José Parrilla,es de nacionalidad,uruguaya
Ricardo Paseyro,es de nacionalidad,uruguaya
Ricardo Paseyro,es autor de la obra,"Poesía, poetas y antipoetas"
Ricardo Paseyro,es autor de la obra,Animal nocturno
Ricardo Paseyro,es autor de la obra,"Poesía, poetas y antipoetas"
Aurelio Pastori,es de nacionalidad,uruguaya
Aurelio Pastori,es autor de la obra,Las manos y los álamos
Aurelio Pastori,es autor de la obra,De las cosas del campo
Aurelio Pastori,es autor de la obra,Asuntos personales
Luisa Peirano,es de nacionalidad,uruguaya
Fernando Peláez,es de nacionalidad,uruguaya
Fernando Peláez,es autor de la obra,Días de blues
Fernando Peláez,es autor de la obra,Rock que me hiciste mal
Fernando Peláez,es autor de la obra,Rock uruguayo
Darwin Peluffo Beisso,es de nacionalidad,uruguaya
Wilfredo Penco,es de nacionalidad,uruguaya
Ildefonso Pereda Valdés,es de nacionalidad,uruguaya
Gonzalo Perera,es de nacionalidad,uruguaya
Gonzalo Perera,es autor de la obra,Malditos números
Gonzalo Perera,es autor de la obra,Banda ancha para todos
Leonardo Pereyra,es de nacionalidad,uruguaya
Leonardo Pereyra,es autor de la obra,Crónica de una pasión
Luis Pérez Aguirre,es de nacionalidad,uruguaya
Luis Pérez Aguirre,es autor de la obra,Si digo derechos humanos--
Luis Pérez Aguirre,es autor de la obra,Vademécum para cristianos y cristianas
José Manuel Pérez Castellano,es de nacionalidad,uruguaya
José Manuel Pérez Castellano,es autor de la obra,Caxon de sastre
Manuel Pérez y Curis,es de nacionalidad,uruguaya
Manuel Pérez y Curis,es autor de la obra,Heliotropos del conticinio
Ubaldo Pino,es de nacionalidad,uruguaya
Ubaldo Pino,es autor de la obra,Illuminati
Luis Piñeyro del Campo,es de nacionalidad,uruguaya
Luis Piñeyro del Campo,es autor de la obra,Último Gaucho
Antonio Pippo,es de nacionalidad,uruguaya
Antonio Pippo,es autor de la obra,Troesma
Francisco Piria,es de nacionalidad,uruguaya
Jaime Poniachik,es de nacionalidad,uruguaya
Jaime Poniachik,es autor de la obra,Inteligencia instantanea/ Instant Intelligence
Jaime Poniachik,es autor de la obra,Como Jugar y Divertirse Con Su Inteligencia
Jaime Poniachik,es autor de la obra,Inteligencia Instantanea
Eliseo Salvador Porta,es de nacionalidad,uruguaya
Eliseo Salvador Porta,es autor de la obra,Intemperie
Omar Prego Gadea,es de nacionalidad,uruguaya
Omar Prego Gadea,es autor de la obra,Delmira
Ricardo Prieto,es de nacionalidad,uruguaya
Ricardo Prieto,es autor de la obra,La oscuridad menos reciente
Ricardo Prieto,es autor de la obra,Lugares insospechados
Valeria Puig,es de nacionalidad,uruguaya
Julio César Puppo,es de nacionalidad,uruguaya
Claudio Rama Vitale,es de nacionalidad,uruguaya
Claudio Rama Vitale,es autor de la obra,Los postgrados en América Latina y el Caribe en la sociedad del conocimiento
Germán Rama,es de nacionalidad,uruguaya
Gonzalo Ramírez,es de nacionalidad,uruguaya
Carlos Real de Azúa,es de nacionalidad,uruguaya
Andrés Redondo,es de nacionalidad,uruguaya
Dardo Regules,es de nacionalidad,uruguaya
Elías Regules,es de nacionalidad,uruguaya
Elías Regules,es autor de la obra,Martín Fierro
Tabaré Regules,es de nacionalidad,uruguaya
Carlos Rehermann,es de nacionalidad,uruguaya
Carlos Rehermann,es autor de la obra,El auto
Carlos Rehermann,es autor de la obra,Tesoro
Carlos Rehermann,es autor de la obra,Letra en la piedra
Carlos Rehermann,es autor de la obra,Basura y otros textos para teatro
Carlos Rehermann,es autor de la obra,Dodecamerón
Carlos Rehermann,es autor de la obra,Prometeo y la jarra de Pandora
Carlos Rehermann,es autor de la obra,180
Walter Rela,es de nacionalidad,uruguaya
Daniel Rey Piuma,es de nacionalidad,uruguaya
José Rilla,es de nacionalidad,uruguaya
José Rilla,es autor de la obra,Transparencia y ciudadanía responsable II
José Rilla,es autor de la obra,Partidos y movimientos políticos en Uruguay
José Rilla,es autor de la obra,"Nosotros, que nos queremos tanto"
José Rilla,es autor de la obra,Transparencia y ciudadanía responsable
José Rilla,es autor de la obra,Barrio Peñarol
José Rilla,es autor de la obra,La actualidad del pasado
Breogán Riveiro,es de nacionalidad,uruguaya
Federico Rivero Scarani,es de nacionalidad,uruguaya
Tabaré Rivero,es de nacionalidad,uruguaya
Federico Roca,es de nacionalidad,uruguaya
Federico Roca,es autor de la obra,Armando Cajas
Ricardo Rocha Imaz,es de nacionalidad,uruguaya
Ricardo Rocha Imaz,es autor de la obra,El país herido
José Enrique Rodó,es de nacionalidad,uruguaya
José Enrique Rodó,es autor de la obra,Ariel (Colleccion Austral)
José Enrique Rodó,es autor de la obra,Ariel
José Enrique Rodó,es autor de la obra,Ariel (Coleccion Clasicos De La Literatura Latinoamericana Carrascalejo De La Jara)
José Enrique Rodó,es autor de la obra,Parabolas - Golu
José Enrique Rodó,es autor de la obra,Ariel - Golu 30 -
Osiris Rodríguez Castillos,es de nacionalidad,uruguaya
Raúl Ronzoni,es de nacionalidad,uruguaya
Raúl Ronzoni,es autor de la obra,Anchorena
Raúl Ronzoni,es autor de la obra,El infidente
Raúl Ronzoni,es autor de la obra,Reforma al sistema penal y carcelario en Uruguay
Raúl Ronzoni,es autor de la obra,Asesinos & Cía
Raúl Ronzoni,es autor de la obra,¡Vidas bien vividas!
Raúl Ronzoni,es autor de la obra,Mercedes Pinto
Raúl Ronzoni,es autor de la obra,Criminales
Raúl Ronzoni,es autor de la obra,Viejos son los trapos
Joel Rosenberg,es de nacionalidad,uruguaya
Rómulo Rossi,es de nacionalidad,uruguaya
Gabriel Saad,es de nacionalidad,uruguaya
Luis Sabini,es de nacionalidad,uruguaya
Luis Sabini,es autor de la obra,"La izquierda, ¿baluarte de la derecha?"
Luis Sabini,es autor de la obra,"El racismo de la ""democracia"" israelí"
Luis Sabini,es autor de la obra,Futuros
Máximo Sáenz,es de nacionalidad,uruguaya
Vicente Salaverri,es de nacionalidad,uruguaya
Juan Faustino Sallaberry,es de nacionalidad,uruguaya
Gustavo San Román,es de nacionalidad,uruguaya
Gustavo San Román,es autor de la obra,José Enrique Rodó
Gustavo San Román,es autor de la obra,Sentir el lugar
Gustavo San Román,es autor de la obra,Soy celeste
Rodolfo Santullo,es de nacionalidad,uruguaya
Rodolfo Santullo,es autor de la obra,El dormilón
Rodolfo Santullo,es autor de la obra,Perro come perro
Rodolfo Santullo,es autor de la obra,Matufia
Rodolfo Santullo,es autor de la obra,Valizas
Rodolfo Santullo,es autor de la obra,Acto de guerra
Rodolfo Santullo,es autor de la obra,El club de los Ilustres
Rodolfo Santullo,es autor de la obra,13 que cuentan
Rodolfo Santullo,es autor de la obra,Erótica
Rodolfo Santullo,es autor de la obra,Malandras
Rodolfo Santullo,es autor de la obra,Horror
Rodolfo Santullo,es autor de la obra,Cuadernos de ficción
Rodolfo Santullo,es autor de la obra,Mentira
Rodolfo Santullo,es autor de la obra,Des/amor
Rodolfo Santullo,es autor de la obra,Final
Rodolfo Santullo,es autor de la obra,Los últimos días del Graf Spee
Rodolfo Santullo,es autor de la obra,Misterios de Cuarto Cerrado
Rodolfo Santullo,es autor de la obra,Zitarrosa
Rodolfo Santullo,es autor de la obra,El último adiós
Rodolfo Santullo,es autor de la obra,El Club de los Ilustres
Rodolfo Santullo,es autor de la obra,Santa Fe la invencible
Rodolfo Santullo,es autor de la obra,Cementerio norte
Rodolfo Santullo,es autor de la obra,Sobres papel manila
Marcos Sastre,es de nacionalidad,uruguaya
Marcos Sastre,es autor de la obra,"Tempe Argentino, El"
Arturo Scarone,es de nacionalidad,uruguaya
Daniel Scheck,es de nacionalidad,uruguaya
Francisco Schinca,es de nacionalidad,uruguaya
Joaquín Secco Illa,es de nacionalidad,uruguaya
Juan Luis Segundo,es de nacionalidad,uruguaya
Juan Luis Segundo,es autor de la obra,"Hombre de hoy ante Jesús de Nazaret, el."
Juan Luis Segundo,es autor de la obra,Teologia abierta (Senda abierta)
Fabián Severo,es de nacionalidad,uruguaya
Fabián Severo,es autor de la obra,Viralata
Fabián Severo,es autor de la obra,Noite nu norte
Fabián Severo,es autor de la obra,Sepultura
Carlos Sherman,es de nacionalidad,uruguaya
José Sienra Carranza,es de nacionalidad,uruguaya
Pablo Silva Olazábal,es de nacionalidad,uruguaya
Pablo Silva Olazábal,es autor de la obra,Entrar en el juego
Pablo Silva Olazábal,es autor de la obra,Pensión de animales
Pablo Silva Olazábal,es autor de la obra,A través de un breve laberinto
Pablo Silva Olazábal,es autor de la obra,Conversaciones con Mario Levrero
Pablo Silva Olazábal,es autor de la obra,La huida inútil de Violeto Parson
Claudio Silveira Silva,es de nacionalidad,uruguaya
Claudio Silveira Silva,es autor de la obra,Nuestro campo
Mario Said Silvera,es de nacionalidad,uruguaya
Sylvia Simonet,es de nacionalidad,uruguaya
Sylvia Simonet,es autor de la obra,El gramillal transfigurado
Alfredo Soderguit,es de nacionalidad,uruguaya
Oscar Solano,es de nacionalidad,uruguaya
Miguel Soler,es de nacionalidad,uruguaya
Miguel Soler,es autor de la obra,"Experiencias Prácticas en Didáctica Del Español Como Primera Ysegunda Lengua con Objetivos de Desarrollo Sostenible, Competencia Global YWorld-Readiness Standards"
Miguel Soler,es autor de la obra,Experiencias Prácticas en Didáctica de la Lengua Española Como Primera y Segunda Lengua
Miguel Soler,es autor de la obra,Mujeres y Escritura Subversiva Durante el Franquismo
Miguel Soler,es autor de la obra,Discurso Como Herramienta de Control Social
Miguel Soler,es autor de la obra,"Cine, Literatura y Otras Artes Al Servicio de Las Ideologías"
Miguel Soler,es autor de la obra,Las Insolentes
Miguel Soler,es autor de la obra,El viento espira desencanto
Miguel Soler,es autor de la obra,"Ay, ¡qué triste es toda la humanidad!"
Miguel Soler,es autor de la obra,El eterno presente de la literatura
Miguel Soler,es autor de la obra,Del lado de acá
Abel Soria,es de nacionalidad,uruguaya
Abel Soria,es autor de la obra,El humor es cosa Soria
Abel Soria,es autor de la obra,Que yunta pá una cinchada!
Gerardo Sotelo,es de nacionalidad,uruguaya
Gerardo Sotelo,es autor de la obra,Las cartas contra el pecho
Gerardo Sotelo,es autor de la obra,Mondo progre
Esteban Stancov,es de nacionalidad,uruguaya
Guillermo Stewart Vargas,es de nacionalidad,uruguaya
Sergio Stipanic,es de nacionalidad,uruguaya
Nilo Suburú,es de nacionalidad,uruguaya
Jules Supervielle,es de nacionalidad,uruguaya
Roberto Tálice,es de nacionalidad,uruguaya
Roberto Tálice,es autor de la obra,The Cien Mil Ejemplares Por Hora - Memorias de Un Reda
Santiago Tavella,es de nacionalidad,uruguaya
Santiago Tavella,es autor de la obra,Fuera de la realidad
Joaquín Torres García,es de nacionalidad,uruguaya
Joaquín Torres García,es autor de la obra,Torres García
Joaquín Torres García,es autor de la obra,Trazos de New York
Joaquín Torres García,es autor de la obra,Torres-García
Joaquín Torres García,es autor de la obra,New York
Joaquín Torres García,es autor de la obra,Aladdin
José de Torres Wilson,es de nacionalidad,uruguaya
Ernesto Tulbovitz,es de nacionalidad,uruguaya
Ernesto Tulbovitz,es autor de la obra,Testigos de su tiempo
Dani Umpi,es de nacionalidad,uruguaya
Dani Umpi,es autor de la obra,Un poquito tarada
Dani Umpi,es autor de la obra,La vueltita ridícula
Dani Umpi,es autor de la obra,Aún soltera
Dani Umpi,es autor de la obra,Aun Soltera
Estanislao Valdés Otero,es de nacionalidad,uruguaya
Juan Antonio Varese,es de nacionalidad,uruguaya
Juan Antonio Varese,es autor de la obra,Personajes y tertulias en cafés y bares de Montevideo
Juan Antonio Varese,es autor de la obra,Los viajes de Juan Díaz de Solís y el descubrimiento del Río de la Plata
Juan Antonio Varese,es autor de la obra,Candombe
Juan Antonio Varese,es autor de la obra,De náufrago a pionero
Juan Antonio Varese,es autor de la obra,Crónicas del tiempo libre
Juan Antonio Varese,es autor de la obra,Fotografías y fotógrafos en Uruguay 1870-1930
Juan Antonio Varese,es autor de la obra,La expedición de Magallanes en el Río de La Plata
Juan Antonio Varese,es autor de la obra,Artistas y cronistas viajeros en el Río de la Plata
Juan Antonio Varese,es autor de la obra,Los comienzos de la fotografía en Uruguay
Juan Antonio Varese,es autor de la obra,A orillas del descubrimiento
Juan Antonio Varese,es autor de la obra,Mercado del Puerto
Juan Antonio Varese,es autor de la obra,Pocitos
Juan Antonio Varese,es autor de la obra,Influencia británica en el Uruguay
Juan Antonio Varese,es autor de la obra,"Graff [sic] Spee, de la política al drama"
Juan Antonio Varese,es autor de la obra,Montevideo bajo bandera británica
Juan Antonio Varese,es autor de la obra,Estampas del candombe =
Juan Antonio Varese,es autor de la obra,ADES
Juan Antonio Varese,es autor de la obra,Faros del Uruguay
Juan Antonio Varese,es autor de la obra,Historia de la fotografia en el Uruguay
Álvaro Armando Vasseur,es de nacionalidad,uruguaya
Carlos Vaz Ferreira,es de nacionalidad,uruguaya
Roberto Ventura,es de nacionalidad,uruguaya
Roberto Ventura,es autor de la obra,Propósito Eterno de Dios para Mi Vida
Emilio Verdesio,es de nacionalidad,uruguaya
Gonzalo Vicino,es de nacionalidad,uruguaya
Daniel Vidart,es de nacionalidad,uruguaya
Daniel Vidart,es autor de la obra,Juego y la Condición Humana
Fernando Villalba,es de nacionalidad,uruguaya
Fernando Villalba,es autor de la obra,Nunca te duermas escuchando relatos de amor
Fernando Villalba,es autor de la obra,La bic de Dios
Fernando Villalba,es autor de la obra,El pañuelo del mago
Hugo Villar,es de nacionalidad,uruguaya
Hugo Villar,es autor de la obra,Descentralización en salud
Hugo Villar,es autor de la obra,Gestión de servicios de salud
Gustavo Wojciechowski,es de nacionalidad,uruguaya
Gustavo Wojciechowski,es autor de la obra,Tipoemaca
Gustavo Wojciechowski,es autor de la obra,Patria
Gustavo Wojciechowski,es autor de la obra,Aquí debería ir el título
Gustavo Wojciechowski,es autor de la obra,M3naje a truá
Gustavo Wojciechowski,es autor de la obra,Mecagoenusté
Gustavo Wojciechowski,es autor de la obra,Esto no es un libro de poemas
Gustavo Wojciechowski,es autor de la obra,Ni siquiera
Gustavo Wojciechowski,es autor de la obra,De entonces acá
Gustavo Wojciechowski,es autor de la obra,Cualquiercosario
Gustavo Wojciechowski,es autor de la obra,Trasiego
Gustavo Wojciechowski,es autor de la obra,Escrivisiones a partir de fotogravivas
Gustavo Wojciechowski,es autor de la obra,"Tipografia, Poemas & Polacos"
Isabel Wschebor,es de nacionalidad,uruguaya
Isabel Wschebor,es autor de la obra,La pantalla letrada
Isabel Wschebor,es autor de la obra,Archivos y derechos humanos
Yábor,es de nacionalidad,uruguaya
Jaime Yaffé,es de nacionalidad,uruguaya
Jaime Yaffé,es autor de la obra,Partidos y movimientos políticos en Uruguay
Jaime Yaffé,es autor de la obra,Al centro y adentro
Jorge Zabalza,es de nacionalidad,uruguaya
Jorge Zabalza,es autor de la obra,La experiencia tupamara
Jorge Zabalza,es autor de la obra,La leyenda insurgente
Jorge Zabalza,es autor de la obra,"Raúl Sendic, el tupamaro"
Justino Zavala Muniz,es de nacionalidad,uruguaya
Emiliano Zecca,es de nacionalidad,uruguaya
Emiliano Zecca,es autor de la obra,"""Ángeles de la muerte"
Fabio Zerpa,es de nacionalidad,uruguaya
Fabio Zerpa,es autor de la obra,Ellos - Los Seres Extraterrestres
Fabio Zerpa,es autor de la obra,El Mundo de Las Vidas Anteriores
Fabio Zerpa,es autor de la obra,El Universo De La Espiritualidad/ a Spiritual Universe
Fabio Zerpa,es autor de la obra,Los Grandes Misterios/ the Great Mysteries
Fabio Zerpa,es autor de la obra,Los Verdaderos Hombres de Negro
Fabio Zerpa,es autor de la obra,Morir Es Volver a Casa
Fabio Zerpa,es autor de la obra,"Ovni Existen y Son Extraterrestres, Los"
Fabio Zerpa,es autor de la obra,"Reino Subterraneo, El"
Fabio Zerpa,es autor de la obra,"Somos Eternos, La Muerte No Existe/ We Are Eternal, Death Doesn't Exist"
Fabio Zerpa,es autor de la obra,Un Gran Misterio Cosmico El Amor
Fabio Zerpa,es autor de la obra,"Vida Desde Adentro, La"
Fabio Zerpa,es autor de la obra,Los hombres de negro y los ovnis
Raúl Zibechi,es de nacionalidad,uruguaya
Raúl Zibechi,es autor de la obra,Los desbordes populares desde abajo
Raúl Zibechi,es autor de la obra,Tiempos de colapso
Raúl Zibechi,es autor de la obra,"Nuevas derechas, nuevas resistencias"
Raúl Zibechi,es autor de la obra,Genealogía de la revuelta
Raúl Zibechi,es autor de la obra,América Latina
Raúl Zibechi,es autor de la obra,Movimientos sociales en América Latina
Raúl Zibechi,es autor de la obra,Derechos humanos y desarrollo
Raúl Zibechi,es autor de la obra,Movimientos y emancipaciones
Raúl Zibechi,es autor de la obra,Dibujando fuera de los márgenes
Raúl Zibechi,es autor de la obra,Política y miseria
Raúl Zibechi,es autor de la obra,Tiempos de rebelión
Carlos Zubillaga,es de nacionalidad,uruguaya
Carlos Zubillaga,es autor de la obra,Una historia silenciada
Carlos Zubillaga,es autor de la obra,Niños de la guerra
Carlos Zubillaga,es autor de la obra,Cultura popular en el Uruguay de entresiglos (1870-1910)
Carlos Zubillaga,es autor de la obra,La utopia cosmopolita
Carlos Zubillaga,es autor de la obra,"Otro 900, El"
Carlos Zubillaga,es autor de la obra,Perfiles en sombra
Juan Antonio Zubillaga,es de nacionalidad,uruguaya
Amir Hamed,es de nacionalidad,uruguaya
Amir Hamed,es autor de la obra,El animal letrado
Amir Hamed,es autor de la obra,Ganas y letras
Amir Hamed,es autor de la obra,Hotel Lautréamont
Amir Hamed,es autor de la obra,Cielo 1/2
Amir Hamed,es autor de la obra,Mal y neomal
Amir Hamed,es autor de la obra,Guia Del Mundo
Amir Hamed,es autor de la obra,Orientales
Circe Maia,es de nacionalidad,uruguaya
Circe Maia,es autor de la obra,The invisible bridge
Circe Maia,es autor de la obra,Voces del agua
Circe Maia,es autor de la obra,Dualidades
Circe Maia,es autor de la obra,La pesadora de perlas
Circe Maia,es autor de la obra,Obra poética
Circe Maia,es autor de la obra,Obra poética
Cristina Peri Rossi,es de nacionalidad,uruguaya
Cristina Peri Rossi,es autor de la obra,Inmovilidad De Los Barcos (Coleccion Poesia # 73)
Cristina Peri Rossi,es autor de la obra,Desastres íntimos / Intimate Disasters
Cristina Peri Rossi,es autor de la obra,Cuando fumar era un placer/When Smoking Was A Pleasure
Cristina Peri Rossi,es autor de la obra,Desastres Intimos (Novela)
Cristina Peri Rossi,es autor de la obra,El Amor Es Una Droga Dura
Cristina Peri Rossi,es autor de la obra,El Libro de MIS Primos (Espejo de Tinta)
Cristina Peri Rossi,es autor de la obra,Habitacion de hotel/ Hotel Room
Cristina Peri Rossi,es autor de la obra,"Museos Abandonados, Los (Femenino Singular)"
Cristina Peri Rossi,es autor de la obra,Poesia Reunida / Poetry Together
Cristina Peri Rossi,es autor de la obra,Por Fin Solos / At Last Alone
Delmira Agustini,es de nacionalidad,uruguaya
Delmira Agustini,es autor de la obra,Algunos Poemas
Delmira Agustini,es autor de la obra,Delmira Agustini ..
Delmira Agustini,es autor de la obra,Los Calices Vacios
Delmira Agustini,es autor de la obra,Poesias Completas - Agustini
Delmira Agustini,es autor de la obra,Cartas de amor y otra correspondencia íntima
Delmira Agustini,es autor de la obra,Los cálices vacíos (poesías)
Delmira Agustini,es autor de la obra,Poems
Delmira Agustini,es autor de la obra,Cantos de la man ana
Delmira Agustini,es autor de la obra,Poesia completa
Eduardo Milán,es de nacionalidad,uruguaya
Eduardo Milán,es autor de la obra,El decir y el vértigo
Eduardo Milán,es autor de la obra,Extensión de la corteza
Eduardo Milán,es autor de la obra,"Oasis, no hacer"
Eduardo Milán,es autor de la obra,Suramen en el sentido de velamen
Eduardo Milán,es autor de la obra,Veredas a los modos de un bosque
Eduardo Milán,es autor de la obra,Habrá tenido lugar
Eduardo Milán,es autor de la obra,Donde no hay
Eduardo Milán,es autor de la obra,Pirí
Eduardo Milán,es autor de la obra,Chajá para todos
Eduardo Milán,es autor de la obra,Ensayos por ahora
Eduardo Milán,es autor de la obra,Derrotero
Eduardo Milán,es autor de la obra,"No hay, de veras, veredas"
Eduardo Milán,es autor de la obra,Salir fuera
Eduardo Milán,es autor de la obra,Pulir huesos
Eduardo Milán,es autor de la obra,El camino ullán
Eduardo Milán,es autor de la obra,De este modo se llena un vacío
Eduardo Milán,es autor de la obra,Cosas de ensayo veredes
Eduardo Milán,es autor de la obra,"Vacío, nombre de una carne"
Eduardo Milán,es autor de la obra,Disenso
Eduardo Milán,es autor de la obra,Ensayos unidos
Eduardo Milán,es autor de la obra,Obvio al desnudo
Felisberto Hernández,es de nacionalidad,uruguaya
Horacio Quiroga,es de nacionalidad,uruguaya
Horacio Quiroga,es autor de la obra,La honestidad artística
Horacio Quiroga,es autor de la obra,Juan Darién
Horacio Quiroga,es autor de la obra,Tres cuentos de la selva
Horacio Quiroga,es autor de la obra,"S. Fragoso Lima, novelas breves de Horacio Quiroga"
Horacio Quiroga,es autor de la obra,Textos políticos extraviados & dispersos
Horacio Quiroga,es autor de la obra,Los Mejores Relatos Marinos
Horacio Quiroga,es autor de la obra,Cuentos de terror
Horacio Quiroga,es autor de la obra,Relatos escalofriantes
Horacio Quiroga,es autor de la obra,Cuentos de amor de locura y de muerte ; Cuentos de la selva
Horacio Quiroga,es autor de la obra,Cuentos escogidos
Hugo Burel,es de nacionalidad,uruguaya
Hugo Burel,es autor de la obra,Sorocabana blues
Hugo Burel,es autor de la obra,Montevideo noir
Hugo Burel,es autor de la obra,La misteriosa muerte de Eleanor Rigby
Hugo Burel,es autor de la obra,Noches de Bonanza
Hugo Burel,es autor de la obra,El árbol de la ambición
Hugo Burel,es autor de la obra,La misión Rockefeller
Hugo Burel,es autor de la obra,El Club de los Nostálgicos
Hugo Burel,es autor de la obra,El hombre con una sola sandalia
Hugo Burel,es autor de la obra,El caso Bonapelch
Hugo Burel,es autor de la obra,El guerrero del crepúsculo
Hugo Burel,es autor de la obra,Diario de la arena
Hugo Burel,es autor de la obra,El desfile salvaje
Hugo Burel,es autor de la obra,El Guerrero Del Crepusculo
Ida Vitale,es de nacionalidad,uruguaya
Ida Vitale,es autor de la obra,Invierno Equivocado
Ida Vitale,es autor de la obra,Granta En Espanol #3
Ida Vitale,es autor de la obra,Todo de pronto es nada
Ida Vitale,es autor de la obra,Premio FIL de literatura en Lenguas Romances
Ida Vitale,es autor de la obra,El ABC de Byobu
Ida Vitale,es autor de la obra,Reason Enough
Ida Vitale,es autor de la obra,Un Invierno Equivocado / A Mistaken Winter (Encuento)
Ida Vitale,es autor de la obra,Lexico de Afinidades
Ida Vitale,es autor de la obra,Mella y criba
Idea Vilariño,es de nacionalidad,uruguaya
Idea Vilariño,es autor de la obra,Amor portátil
Idea Vilariño,es autor de la obra,El tango
Idea Vilariño,es autor de la obra,De la poesía y los poetas
Idea Vilariño,es autor de la obra,Poesia completa
Idea Vilariño,es autor de la obra,Diario de juventud
Idea Vilariño,es autor de la obra,Poesía completa
Idea Vilariño,es autor de la obra,Poesía completa
Idea Vilariño,es autor de la obra,Poesía completa
Juan Carlos Onetti,es de nacionalidad,uruguaya
Juan Carlos Onetti,es autor de la obra,'La cita' y otros cuentos de mujeres infieles
Juan Carlos Onetti,es autor de la obra,Astillero / the Shipyard
Juan Carlos Onetti,es autor de la obra,Vida Breve / a Brief Life
Juan Carlos Onetti,es autor de la obra,Vida Breve (Edición Conmemorativa de la RAE y la ASALE) / a Brief Life
Juan Carlos Onetti,es autor de la obra,"Onetti, entre la ironía y la piedad"
Juan Carlos Onetti,es autor de la obra,Cuentos completos
Juan Carlos Onetti,es autor de la obra,Novelas de Santa María
Juan Carlos Onetti,es autor de la obra,Novelas cortas
Juan Carlos Onetti,es autor de la obra,Obras completas
Juan Carlos Onetti,es autor de la obra,Novelas breves
Juan Carlos Onetti,es autor de la obra,El pozo
Juan Carlos Onetti,es autor de la obra,10 relatos de amor
Juan Carlos Onetti,es autor de la obra,Cinco novelas cortas
Juana de Ibarbourou,es de nacionalidad,uruguaya
Juana de Ibarbourou,es autor de la obra,El Raiz Salvaje - Cantaro Fresco
Juana de Ibarbourou,es autor de la obra,"Lenguas de Diamante, Las"
Juana de Ibarbourou,es autor de la obra,Obras
Juana de Ibarbourou,es autor de la obra,Obras escogidas
Mario Benedetti,es de nacionalidad,uruguaya
Mario Benedetti,es autor de la obra,La vida y otras geografías
Mario Benedetti,es autor de la obra,Relatos del Rio de la Plata. Incluye CD con la lectura de los relatos (Spanish Edition)
Mario Benedetti,es autor de la obra,Rêves et réalités / Sueños y realidades
Mario Benedetti,es autor de la obra,10 relatos de amor
Mario Benedetti,es autor de la obra,Historias médicas
Mario Benedetti,es autor de la obra,Poemas Revelados -Benedetti-
Mario Benedetti,es autor de la obra,Pasión de papel
Mario Benedetti,es autor de la obra,Noción de patria ; Próximo prójimo
Mario Benedetti,es autor de la obra,Inventario Uno - 1976-1985 - Con CD
Mario Benedetti,es autor de la obra,Acordes Cotidianos
Mario Benedetti,es autor de la obra,Inventario Tres
Mario Benedetti,es autor de la obra,Antologia Poetica
Mario Benedetti,es autor de la obra,Nocion de Patria/Proximo Projimo
Mario Benedetti,es autor de la obra,Unstill life
Mario Benedetti,es autor de la obra,Mini Letras va contigo Coleccionable 1 / Mini Writings Goes With You Collectible 1
Mario Benedetti,es autor de la obra,"Vida, Ese Parentesis, La"
Marosa di Giorgio,es de nacionalidad,uruguaya
Marosa di Giorgio,es autor de la obra,Carnation and tenebrae candle
Marosa di Giorgio,es autor de la obra,No develarás el misterio
Marosa di Giorgio,es autor de la obra,"El gran ratón dorado, el gran raton de lilas"
Marosa di Giorgio,es autor de la obra,La Flor de Lis with CD (Audio)
Marosa di Giorgio,es autor de la obra,Misales
Marosa di Giorgio,es autor de la obra,Diadem
Roy Berocay,es de nacionalidad,uruguaya
Roy Berocay,es autor de la obra,"Aventuras del Sapo Ruperto, Las"
Roy Berocay,es autor de la obra,Babu (Infantil)
Roy Berocay,es autor de la obra,El abuelo mas loco del mundo
Roy Berocay,es autor de la obra,"Mundo Perfecto, Un - Derecho a la Sanidad - 4"
Roy Berocay,es autor de la obra,Pateando Lunas
Roy Berocay,es autor de la obra,Pequeña ala
Roy Berocay,es autor de la obra,Rocanrol
Roy Berocay,es autor de la obra,Ruperto y los extraterrestres
Roy Berocay,es autor de la obra,UN Mundo Perfecto (Derechos Del Nino)
Roy Berocay,es autor de la obra,La niebla
Roy Berocay,es autor de la obra,Pateando Lunas
Roy Berocay,es autor de la obra,Ruperto Insiste!! - Nuevas Aventuras de Un Sapo Detective
Roy Berocay,es autor de la obra,Ruperto Detective
Roy Berocay,es autor de la obra,Instrucciones para jugar con sapos invisibles
Tomás de Mattos,es de nacionalidad,uruguaya
9789974498792,es un codigo ISBN para el libro,Los muros del silencio
9789974498792,es un codigo ISBN de una edicion publicada por,Fin de Siglo Editorial
9789974494459,es un codigo ISBN para el libro,"Martín Aquino, el matrero"
9789974494459,es un codigo ISBN de una edicion publicada por,Editorial Fin de Siglo
9781516857807,es un codigo ISBN para el libro,Crimen y Castigo
9781516857807,es un codigo ISBN de una edicion publicada por,CreateSpace Independent Publishing Platform
9781515030010,es un codigo ISBN para el libro,Vuelta Al Mundo en 80 Dias
9781515030010,es un codigo ISBN de una edicion publicada por,CreateSpace Independent Publishing Platform
9781537566405,es un codigo ISBN para el libro,Vuelta Al Mundo en 80 Dias
9781537566405,es un codigo ISBN de una edicion publicada por,CreateSpace Independent Publishing Platform
9781532897047,es un codigo ISBN para el libro,Vuelta Al Mundo en 80 Dias
9781532897047,es un codigo ISBN de una edicion publicada por,CreateSpace Independent Publishing Platform
9781516872565,es un codigo ISBN para el libro,Vuelta Al Mundo en 80 Dias
9781516872565,es un codigo ISBN de una edicion publicada por,CreateSpace Independent Publishing Platform
9781516862559,es un codigo ISBN para el libro,Faro Del Fin Del Mundo
9781516862559,es un codigo ISBN de una edicion publicada por,CreateSpace Independent Publishing Platform
9781515167259,es un codigo ISBN para el libro,Faro Del Fin Del Mundo (Spanish Edition)
9781515167259,es un codigo ISBN de una edicion publicada por,CreateSpace Independent Publishing Platform
9781515125464,es un codigo ISBN para el libro,Olalla (Spanish Edition)
9781515125464,es un codigo ISBN de una edicion publicada por,CreateSpace Independent Publishing Platform
9781515166078,es un codigo ISBN para el libro,Diablo de la Botella (Spanish Edition)
9781515166078,es un codigo ISBN de una edicion publicada por,CreateSpace Independent Publishing Platform
9781516862306,es un codigo ISBN para el libro,Crimen de Lord Arthur Saville
9781516862306,es un codigo ISBN de una edicion publicada por,CreateSpace Independent Publishing Platform
9781515105886,es un codigo ISBN para el libro,Canto General (Spanish Edition)
9781515105886,es un codigo ISBN de una edicion publicada por,CreateSpace Independent Publishing Platform
9781515029045,es un codigo ISBN para el libro,Psicologia y Pedagogia (Spanish Edition)
9781515029045,es un codigo ISBN de una edicion publicada por,CreateSpace Independent Publishing Platform
9781539364702,es un codigo ISBN para el libro,Dracula (Spanish Edition)
9781539364702,es un codigo ISBN de una edicion publicada por,CreateSpace Independent Publishing Platform
9781516859801,es un codigo ISBN para el libro,Dracula (Spanish Edition)
9781516859801,es un codigo ISBN de una edicion publicada por,CreateSpace Independent Publishing Platform
9781515196679,es un codigo ISBN para el libro,Espanto en Las Alturas (Spanish Edition)
9781515196679,es un codigo ISBN de una edicion publicada por,CreateSpace Independent Publishing Platform
9781515252023,es un codigo ISBN para el libro,Catacumba Nueva (Spanish Edition)
9781515252023,es un codigo ISBN de una edicion publicada por,CreateSpace Independent Publishing Platform
9781515177999,es un codigo ISBN para el libro,Mundo Perdido (Spanish Edition)
9781515177999,es un codigo ISBN de una edicion publicada por,CreateSpace Independent Publishing Platform
9781515178996,es un codigo ISBN para el libro,Estudio en Escarlata (Spanish Edition)
9781515178996,es un codigo ISBN de una edicion publicada por,CreateSpace Independent Publishing Platform
9781515178552,es un codigo ISBN para el libro,Sabueso de Los Baskerville (Spanish Edition)
9781515178552,es un codigo ISBN de una edicion publicada por,CreateSpace Independent Publishing Platform
9781516906512,es un codigo ISBN para el libro,Signo de Los Cuatro
9781516906512,es un codigo ISBN de una edicion publicada por,CreateSpace Independent Publishing Platform
9781517730710,es un codigo ISBN para el libro,Las Aventuras de Sherlock Holmes (Spanish Edition)
9781517730710,es un codigo ISBN de una edicion publicada por,CreateSpace Independent Publishing Platform
9781516893799,es un codigo ISBN para el libro,Mundo Perdido
9781516893799,es un codigo ISBN de una edicion publicada por,CreateSpace Independent Publishing Platform
9781539037736,es un codigo ISBN para el libro,Signo de Los Cuatro (Spanish Edition)
9781539037736,es un codigo ISBN de una edicion publicada por,CreateSpace Independent Publishing Platform
9781515195887,es un codigo ISBN para el libro,Signo de Los Cuatro (Spanish Edition)
9781515195887,es un codigo ISBN de una edicion publicada por,CreateSpace Independent Publishing Platform
9781517226268,es un codigo ISBN para el libro,Gato de Brasil
9781517226268,es un codigo ISBN de una edicion publicada por,CreateSpace Independent Publishing Platform
9781516893164,es un codigo ISBN para el libro,Cumbres Barrascosas
9781516893164,es un codigo ISBN de una edicion publicada por,CreateSpace Independent Publishing Platform
9781537267470,es un codigo ISBN para el libro,Mas Alla Del Bien y Del Mal (Spanish Edition)
9781537267470,es un codigo ISBN de una edicion publicada por,CreateSpace Independent Publishing Platform
9781514698983,es un codigo ISBN para el libro,Mas Alla Del Bien y Del Mal (Spanish Edition)
9781514698983,es un codigo ISBN de una edicion publicada por,CreateSpace Independent Publishing Platform
9781514684160,es un codigo ISBN para el libro,Asi Hablo Zaratustra (Spanish Version)
9781514684160,es un codigo ISBN de una edicion publicada por,CreateSpace Independent Publishing Platform
9781514715192,es un codigo ISBN para el libro,Convivio (Spanish Version)
9781514715192,es un codigo ISBN de una edicion publicada por,CreateSpace Independent Publishing Platform
9781518714009,es un codigo ISBN para el libro,Licenciado Vidriera (Spanish Edition)
9781518714009,es un codigo ISBN de una edicion publicada por,CreateSpace Independent Publishing Platform
9781518709265,es un codigo ISBN para el libro,Gitanilla (Spanish Edition)
9781518709265,es un codigo ISBN de una edicion publicada por,CreateSpace Independent Publishing Platform
9781518702983,es un codigo ISBN para el libro,Don Quijote de la Mancha (Spanish Edition)
9781518702983,es un codigo ISBN de una edicion publicada por,CreateSpace Independent Publishing Platform
9781515166764,es un codigo ISBN para el libro,Reina Margot (Spanish Edition)
9781515166764,es un codigo ISBN de una edicion publicada por,CreateSpace Independent Publishing Platform
9781515177715,es un codigo ISBN para el libro,Realidad Aparte (Spanish Edition)
9781515177715,es un codigo ISBN de una edicion publicada por,CreateSpace Independent Publishing Platform
9781516833351,es un codigo ISBN para el libro,Escarabajo de Oro
9781516833351,es un codigo ISBN de una edicion publicada por,CreateSpace Independent Publishing Platform
9781514803486,es un codigo ISBN para el libro,Escarabajo de Oro
9781514803486,es un codigo ISBN de una edicion publicada por,CreateSpace Independent Publishing Platform
9781515051077,es un codigo ISBN para el libro,Sociologia de la Religion (Spanish Edition)
9781515051077,es un codigo ISBN de una edicion publicada por,CreateSpace Independent Publishing Platform
9781515091011,es un codigo ISBN para el libro,Oro de Mllorca (Spanish Edition)
9781515091011,es un codigo ISBN de una edicion publicada por,CreateSpace Independent Publishing Platform
9781515245841,es un codigo ISBN para el libro,Historia de Dos Ciudades (Spanish Edition)
9781515245841,es un codigo ISBN de una edicion publicada por,CreateSpace Independent Publishing Platform
9781518710827,es un codigo ISBN para el libro,Perfecta Casada (Spanish Edition)
9781518710827,es un codigo ISBN de una edicion publicada por,CreateSpace Independent Publishing Platform
9781518710582,es un codigo ISBN para el libro,Perfecta Casada (Spanish Edition)
9781518710582,es un codigo ISBN de una edicion publicada por,CreateSpace Independent Publishing Platform
9781517707736,es un codigo ISBN para el libro,Rey Lear (Spanish Edition)
9781517707736,es un codigo ISBN de una edicion publicada por,CreateSpace Independent Publishing Platform
9781515028475,es un codigo ISBN para el libro,Carta Robada (Spanish Edition)
9781515028475,es un codigo ISBN de una edicion publicada por,CreateSpace Independent Publishing Platform
9781514837047,es un codigo ISBN para el libro,David Copperfield Parte 3
9781514837047,es un codigo ISBN de una edicion publicada por,CreateSpace Independent Publishing Platform
9781515168140,es un codigo ISBN para el libro,Las Enseñanzas de Don Juan (Spanish Edition)
9781515168140,es un codigo ISBN de una edicion publicada por,CreateSpace Independent Publishing Platform
9781514698020,es un codigo ISBN para el libro,Frankenstein (Spanish Version)
9781514698020,es un codigo ISBN de una edicion publicada por,CreateSpace Independent Publishing Platform
9781517321086,es un codigo ISBN para el libro,Dermian (Spanish Edition)
9781517321086,es un codigo ISBN de una edicion publicada por,CreateSpace Independent Publishing Platform
9781517226121,es un codigo ISBN para el libro,Dermian (Spanish Edition)
9781517226121,es un codigo ISBN de una edicion publicada por,CreateSpace Independent Publishing Platform
9781505574463,es un codigo ISBN para el libro,Misterio de Marie Roget
9781505574463,es un codigo ISBN de una edicion publicada por,CreateSpace Independent Publishing Platform
9781514800782,es un codigo ISBN para el libro,Misterio de Marie Roget
9781514800782,es un codigo ISBN de una edicion publicada por,CreateSpace Independent Publishing Platform
9781530645657,es un codigo ISBN para el libro,Lobo Estepario (Spanish Edition)
9781530645657,es un codigo ISBN de una edicion publicada por,CreateSpace Independent Publishing Platform
9781515084839,es un codigo ISBN para el libro,Lobo Estepario (Spanish Edition)
9781515084839,es un codigo ISBN de una edicion publicada por,CreateSpace Independent Publishing Platform
9781515123064,es un codigo ISBN para el libro,Los Tres Mosqueteros (Spanish Edition)
9781515123064,es un codigo ISBN de una edicion publicada por,CreateSpace Independent Publishing Platform
9781517640651,es un codigo ISBN para el libro,Loco (Spanish Edition)
9781517640651,es un codigo ISBN de una edicion publicada por,CreateSpace Independent Publishing Platform
9781517640514,es un codigo ISBN para el libro,Loco (Spanish Edition)
9781517640514,es un codigo ISBN de una edicion publicada por,CreateSpace Independent Publishing Platform
9781516906017,es un codigo ISBN para el libro,Segundo Anillo de Poder
9781516906017,es un codigo ISBN de una edicion publicada por,CreateSpace Independent Publishing Platform
9781514804988,es un codigo ISBN para el libro,Barril Amontillado
9781514804988,es un codigo ISBN de una edicion publicada por,CreateSpace Independent Publishing Platform
9781515100652,es un codigo ISBN para el libro,Historia de un Muerto Contada Por el Mismo (Spanish Edition)
9781515100652,es un codigo ISBN de una edicion publicada por,CreateSpace Independent Publishing Platform
9789974905160,es un codigo ISBN para el libro,La ciudad de cartón
9789974905160,es un codigo ISBN de una edicion publicada por,Linardi y Risso
9789974497863,es un codigo ISBN para el libro,Crónica de una infamia
9789974497863,es un codigo ISBN de una edicion publicada por,Editorial Fin de Siglo
9789974499416,es un codigo ISBN para el libro,La última cárcel del pueblo
9789974499416,es un codigo ISBN de una edicion publicada por,Editorial Fin de Siglo
9789974628366,es un codigo ISBN para el libro,Antología de cuentos uruguayos contemporáneos
9789974628366,es un codigo ISBN de una edicion publicada por,SUAT
9789974816404,es un codigo ISBN para el libro,Mecanismo a válvula
9789974816404,es un codigo ISBN de una edicion publicada por,Estuario Editora
9789974732667,es un codigo ISBN para el libro,El club de los millones
9789974732667,es un codigo ISBN de una edicion publicada por,"Penguin Random House, Groupo Editorial"
9789974903456,es un codigo ISBN para el libro,La máscara de la diversidad
9789974903456,es un codigo ISBN de una edicion publicada por,Sudamericana
9789974701212,es un codigo ISBN para el libro,Mandato de sangre
9789974701212,es un codigo ISBN de una edicion publicada por,Random House Mondadori
9789974701946,es un codigo ISBN para el libro,Bajo sospecha
9789974701946,es un codigo ISBN de una edicion publicada por,Random House Mondadori
9789974683464,es un codigo ISBN para el libro,"Óscar Magurno, el padrino"
9789974683464,es un codigo ISBN de una edicion publicada por,Editorial Sudamericana
9789915652726,es un codigo ISBN para el libro,La masonería uruguaya
9789915652726,es un codigo ISBN de una edicion publicada por,Sudamericana
9789974683761,es un codigo ISBN para el libro,La masonería uruguaya
9789974683761,es un codigo ISBN de una edicion publicada por,"Random House Mondadori, Editorial Sudamericana Uruguaya"
9789974494022,es un codigo ISBN para el libro,Desconfianza infinita
9789974494022,es un codigo ISBN de una edicion publicada por,Editorial Fin de Siglo
9789974494206,es un codigo ISBN para el libro,En penumbras
9789974494206,es un codigo ISBN de una edicion publicada por,Editorial Fin de Siglo
9789974683174,es un codigo ISBN para el libro,El peso de la cruz
9789974683174,es un codigo ISBN de una edicion publicada por,Editorial Sudamericana
9780889368859,es un codigo ISBN para el libro,"Diversidad, Globalizacion Y Los Caminos De LA Naturaleza"
9780889368859,es un codigo ISBN de una edicion publicada por,Piriguazú Ediciones
9789974998575,es un codigo ISBN para el libro,Folklore duro
9789974998575,es un codigo ISBN de una edicion publicada por,[publisher not identified]
9789974400610,es un codigo ISBN para el libro,Crónicas sindicales
9789974400610,es un codigo ISBN de una edicion publicada por,Arca
9789974494138,es un codigo ISBN para el libro,Artigas y la Confederación
9789974494138,es un codigo ISBN de una edicion publicada por,Editorial Fin de Siglo
9789974675278,es un codigo ISBN para el libro,Escritos trashumantes
9789974675278,es un codigo ISBN de una edicion publicada por,Linardi y Risso
9789974688780,es un codigo ISBN para el libro,Como un comanche
9789974688780,es un codigo ISBN de una edicion publicada por,Ministerio de Relaciones Exteriores
9789974109353,es un codigo ISBN para el libro,La voz y la palabra
9789974109353,es un codigo ISBN de una edicion publicada por,Ediciones de la Banda Oriental
9789974719248,es un codigo ISBN para el libro,"Durandarte, durandarte"
9789974719248,es un codigo ISBN de una edicion publicada por,Yaugurú
9789974852693,es un codigo ISBN para el libro,Retablo roto
9789974852693,es un codigo ISBN de una edicion publicada por,Solazul ediciones
9789974833579,es un codigo ISBN para el libro,Tata vizcacha
9789974833579,es un codigo ISBN de una edicion publicada por,Yaugurú
9789915936062,es un codigo ISBN para el libro,Palabra impronunciada
9789915936062,es un codigo ISBN de una edicion publicada por,Solazul ediciones
9789974876125,es un codigo ISBN para el libro,Querencia
9789974876125,es un codigo ISBN de una edicion publicada por,Solazul Ediciones
9789974876132,es un codigo ISBN para el libro,La pluma enlunarada
9789974876132,es un codigo ISBN de una edicion publicada por,Solazul Ediciones
9789974876170,es un codigo ISBN para el libro,Seis variaciones para un armonio de cristal (electrónico)
9789974876170,es un codigo ISBN de una edicion publicada por,Solazul Ediciones
9789915936086,es un codigo ISBN para el libro,El constelado
9789915936086,es un codigo ISBN de una edicion publicada por,Solazul ediciones
9789915945507,es un codigo ISBN para el libro,Los pies clavados y otros sonetos
9789915945507,es un codigo ISBN de una edicion publicada por,Solazul Ediciones
9789974968004,es un codigo ISBN para el libro,Las palabras que llegaron
9789974968004,es un codigo ISBN de una edicion publicada por,s.n.]
9789974550308,es un codigo ISBN para el libro,Poesía y transcreación
9789974550308,es un codigo ISBN de una edicion publicada por,Ediciones Biblioteca Nacional
9789974360204,es un codigo ISBN para el libro,Mujeres
9789974360204,es un codigo ISBN de una edicion publicada por,"Ministerio de Educacion y Cultura, Instituto Nacional del Libro"
9789974798113,es un codigo ISBN para el libro,Diario del Iporá
9789974798113,es un codigo ISBN de una edicion publicada por,CoRelato Editoras
9789974809499,es un codigo ISBN para el libro,Sonetos
9789974809499,es un codigo ISBN de una edicion publicada por,Rumbo Editorial
9789974825864,es un codigo ISBN para el libro,Doce canciones amorosas del juglar Xoan Zorro
9789974825864,es un codigo ISBN de una edicion publicada por,Rumbo Editorial
9789974915756,es un codigo ISBN para el libro,Sesquicentenario
9789974915756,es un codigo ISBN de una edicion publicada por,Antítesis
9789974015630,es un codigo ISBN para el libro,El otro lado
9789974015630,es un codigo ISBN de una edicion publicada por,Universidad de la República
9789974699304,es un codigo ISBN para el libro,"Mundo, tiempos y escritura en la poesía de Marosa di Giorgio"
9789974699304,es un codigo ISBN de una edicion publicada por,Estuario Editora
9789974813632,es un codigo ISBN para el libro,El sitio de Lautréamont
9789974813632,es un codigo ISBN de una edicion publicada por,Pirates
9789974681033,es un codigo ISBN para el libro,La poética de Jorge Arbeleche
9789974681033,es un codigo ISBN de una edicion publicada por,Ediciones de Hermes Criollo
9789974986343,es un codigo ISBN para el libro,Cardal
9789974986343,es un codigo ISBN de una edicion publicada por,"Fondo Concursable para la Cultura, MEC, Ministerio de Educación y Cultura"
9789974109810,es un codigo ISBN para el libro,13 que cuentan
9789974109810,es un codigo ISBN de una edicion publicada por,Ediciones de la Banda Oriental
9789974943704,es un codigo ISBN para el libro,Los colores primarios
9789974943704,es un codigo ISBN de una edicion publicada por,+Quiroga ediciones
9789974882737,es un codigo ISBN para el libro,El fondo del quilombo
9789974882737,es un codigo ISBN de una edicion publicada por,Estuario Editora
9789974108493,es un codigo ISBN para el libro,Muerte y vida del sargento poeta
9789974108493,es un codigo ISBN de una edicion publicada por,Ediciones de la Banda Oriental
9789974687769,es un codigo ISBN para el libro,Aquel viejo tango
9789974687769,es un codigo ISBN de una edicion publicada por,Estuario Editora
9789974825444,es un codigo ISBN para el libro,La redacción
9789974825444,es un codigo ISBN de una edicion publicada por,Sudestada
9789974498327,es un codigo ISBN para el libro,La última historia de Homero Escribano
9789974498327,es un codigo ISBN de una edicion publicada por,Fin de Siglo Editorial
9789974891494,es un codigo ISBN para el libro,La noche fatal de Alberto Spark
9789974891494,es un codigo ISBN de una edicion publicada por,Editorial Planeta S. A.
9789974496569,es un codigo ISBN para el libro,El hijo del capitán Nemo
9789974496569,es un codigo ISBN de una edicion publicada por,Editorial Fin de Siglo
9789974494251,es un codigo ISBN para el libro,El ministro y la ballena
9789974494251,es un codigo ISBN de una edicion publicada por,Fin de Siglo Editorial
9789974494763,es un codigo ISBN para el libro,Iván Kmaid
9789974494763,es un codigo ISBN de una edicion publicada por,Editorial Fin de Siglo
9781479377916,es un codigo ISBN para el libro,Pia Mi Amor
9781479377916,es un codigo ISBN de una edicion publicada por,CreateSpace Independent Publishing Platform
9781484069400,es un codigo ISBN para el libro,Secreto de Las Innovaciones
9781484069400,es un codigo ISBN de una edicion publicada por,CreateSpace Independent Publishing Platform
9781448649983,es un codigo ISBN para el libro,Huellas y Horizontes
9781448649983,es un codigo ISBN de una edicion publicada por,CreateSpace Independent Publishing Platform
9781466336377,es un codigo ISBN para el libro,Huellas y Horizontes
9781466336377,es un codigo ISBN de una edicion publicada por,CreateSpace Independent Publishing Platform
9789974732582,es un codigo ISBN para el libro,¿Por qué mataron a Jonathan Núñez?
9789974732582,es un codigo ISBN de una edicion publicada por,Penguin Random House
9789569144141,es un codigo ISBN para el libro,Arte y deshonra
9789569144141,es un codigo ISBN de una edicion publicada por,Museo de la Memoria y los Derechos Humanos
9786124705595,es un codigo ISBN para el libro,Montalbetti & Camnitzer
9786124705595,es un codigo ISBN de una edicion publicada por,"Meier Ramirez, Publicaciones Independientes"
9786124793493,es un codigo ISBN para el libro,Ética en el arte contemporáneo
9786124793493,es un codigo ISBN de una edicion publicada por,"Meier Ramirez, Publicaciones Independientes"
9789974814073,es un codigo ISBN para el libro,Didática de la liberación
9789974814073,es un codigo ISBN de una edicion publicada por,Casa Editorial HUM
9789974699342,es un codigo ISBN para el libro,"Arte, estado y no he estado"
9789974699342,es un codigo ISBN de una edicion publicada por,Casa editorial HUM
9789872287054,es un codigo ISBN para el libro,Negatec
9789872287054,es un codigo ISBN de una edicion publicada por,Espacio Fundación Telefónica
9789568415259,es un codigo ISBN para el libro,De la Coca-cola al arte boludo
9789568415259,es un codigo ISBN de una edicion publicada por,Ediciones Metales Pesados
9789586952644,es un codigo ISBN para el libro,Antología de textos críticos 1979-2006
9789586952644,es un codigo ISBN de una edicion publicada por,"Universidad de Los Andes, Facultad de Artes y Humanidades, Departamento de Artes"
9789974736535,es un codigo ISBN para el libro,Tenía que sobrevivir
9789974736535,es un codigo ISBN de una edicion publicada por,"Penguin Random House Groupo Editorial, Editorial Sudamericana Uruguaya"
9788430115891,es un codigo ISBN para el libro,Post Morten
9788430115891,es un codigo ISBN de una edicion publicada por,Ediciones Sigueme
9789974803800,es un codigo ISBN para el libro,Persona
9789974803800,es un codigo ISBN de una edicion publicada por,Zona Editorial
9789915661193,es un codigo ISBN para el libro,Una vida llena de propósito
9789915661193,es un codigo ISBN de una edicion publicada por,Estuario editora
9789974324374,es un codigo ISBN para el libro,Apariciones
9789974324374,es un codigo ISBN de una edicion publicada por,Ediciones Trilce
9789684115804,es un codigo ISBN para el libro,Aqui Y Ahora / Here and Now
9789684115804,es un codigo ISBN de una edicion publicada por,Era Edicions Sa
9789974325722,es un codigo ISBN para el libro,Escipión
9789974325722,es un codigo ISBN de una edicion publicada por,Ediciones Trilce
9788496822634,es un codigo ISBN para el libro,Escipión
9788496822634,es un codigo ISBN de una edicion publicada por,451 Editores
9789974209756,es un codigo ISBN para el libro,Regulación de la actividad privada
9789974209756,es un codigo ISBN de una edicion publicada por,"FCU, Fundación de Cultura Universitaria"
9789974812482,es un codigo ISBN para el libro,Manual para indecisos
9789974812482,es un codigo ISBN de una edicion publicada por,Artemisa Editores
9789974795426,es un codigo ISBN para el libro,La gran ilusión
9789974795426,es un codigo ISBN de una edicion publicada por,Artemisa Editores
9789974795457,es un codigo ISBN para el libro,Carnaval  y populismo autoritario
9789974795457,es un codigo ISBN de una edicion publicada por,Artemisa Editores
9789974643307,es un codigo ISBN para el libro,El lugar de los grandes pecados atroces
9789974643307,es un codigo ISBN de una edicion publicada por,Editorial Planeta
9789974651593,es un codigo ISBN para el libro,La sombra
9789974651593,es un codigo ISBN de una edicion publicada por,Rumbo Editorial
9789974498310,es un codigo ISBN para el libro,El sable roto
9789974498310,es un codigo ISBN de una edicion publicada por,Fin de Siglo Editorial
9789974498938,es un codigo ISBN para el libro,La diosa y la noche
9789974498938,es un codigo ISBN de una edicion publicada por,Editorial Fin de Siglo
9789974909274,es un codigo ISBN para el libro,El Pardejón
9789974909274,es un codigo ISBN de una edicion publicada por,Fin de Siglo
9789974827981,es un codigo ISBN para el libro,Guillermo Chifflet
9789974827981,es un codigo ISBN de una edicion publicada por,Rumbo Editorial
9789974789777,es un codigo ISBN para el libro,Pacheco
9789974789777,es un codigo ISBN de una edicion publicada por,Rumbo Editorial
9788478843701,es un codigo ISBN para el libro,De La Habana ha llegado--
9788478843701,es un codigo ISBN de una edicion publicada por,Editorial Popular
9789591015082,es un codigo ISBN para el libro,Y el mundo sigue andando
9789591015082,es un codigo ISBN de una edicion publicada por,Editorial Letras Cubanas
9789592181038,es un codigo ISBN para el libro,El aguacate y la virtud
9789592181038,es un codigo ISBN de una edicion publicada por,Editorial Unicornio
9789591010896,es un codigo ISBN para el libro,Príapos
9789591010896,es un codigo ISBN de una edicion publicada por,Not Avail
9789591009722,es un codigo ISBN para el libro,Una pica en Flandes
9789591009722,es un codigo ISBN de una edicion publicada por,Letras Cubanas
9789974950979,es un codigo ISBN para el libro,Una pica en Flandes
9789974950979,es un codigo ISBN de una edicion publicada por,Alfaguara
9789974805620,es un codigo ISBN para el libro,De la discusión nace la luz
9789974805620,es un codigo ISBN de una edicion publicada por,Letraeñe Ediciones
9789974497849,es un codigo ISBN para el libro,La escritura sin tregua
9789974497849,es un codigo ISBN de una edicion publicada por,Fin de Siglo Editorial
9789974008946,es un codigo ISBN para el libro,Territorios y fronteras en la escena iberoamericana
9789974008946,es un codigo ISBN de una edicion publicada por,"Universidad de la República, Facultad de Humanidades y Ciencias de la Educación"
9789974007833,es un codigo ISBN para el libro,Teatro y representación
9789974007833,es un codigo ISBN de una edicion publicada por,Comisión Sectorial de Investigación Científica de la Universidad de la República
9789974968042,es un codigo ISBN para el libro,"Teatro, memoria, identidad"
9789974968042,es un codigo ISBN de una edicion publicada por,"Facultad de Humanidades y Ciencias de la Educación, Universidad de la República"
9789974493933,es un codigo ISBN para el libro,Cuarteto
9789974493933,es un codigo ISBN de una edicion publicada por,Editorial Fin de Siglo
9789974494626,es un codigo ISBN para el libro,"Dos relatos sobre el arte, el amor, el sexo y algunas cosas más"
9789974494626,es un codigo ISBN de una edicion publicada por,Fin de Siglo
9789974687288,es un codigo ISBN para el libro,El séptimo año
9789974687288,es un codigo ISBN de una edicion publicada por,Hum
9789974550445,es un codigo ISBN para el libro,Tradición y cambio en la narrativa uruguaya
9789974550445,es un codigo ISBN de una edicion publicada por,Librería Linardi y Risso
9789870413233,es un codigo ISBN para el libro,"Padres, maestros, y políticos"
9789870413233,es un codigo ISBN de una edicion publicada por,Taurus
9789974898417,es un codigo ISBN para el libro,Escrito en la arena
9789974898417,es un codigo ISBN de una edicion publicada por,Editorial Planeta
9789974804227,es un codigo ISBN para el libro,No sólo de hambre vive el hombre
9789974804227,es un codigo ISBN de una edicion publicada por,Amuleto
9789974687561,es un codigo ISBN para el libro,Cuatro libros de poesía y un montón de ojos en la cabeza
9789974687561,es un codigo ISBN de una edicion publicada por,Estuario
9789974815285,es un codigo ISBN para el libro,La cara del ángel
9789974815285,es un codigo ISBN de una edicion publicada por,Cachimba del piojo
9789872380427,es un codigo ISBN para el libro,La cara del ángel
9789872380427,es un codigo ISBN de una edicion publicada por,Ediciones Piloto de tormenta
9789974723573,es un codigo ISBN para el libro,Una oveja negra al poder
9789974723573,es un codigo ISBN de una edicion publicada por,Penguin Random House
9789974969308,es un codigo ISBN para el libro,José Pedro Costigliolo
9789974969308,es un codigo ISBN de una edicion publicada por,"Ignacio Pedronzo Dutra, Editor/Publisher"
9789974991569,es un codigo ISBN para el libro,Artes visuales en Uruguay
9789974991569,es un codigo ISBN de una edicion publicada por,Gussi Libros
9789974881204,es un codigo ISBN para el libro,Mapa de un engaño
9789974881204,es un codigo ISBN de una edicion publicada por,Debate
9789974649187,es un codigo ISBN para el libro,El murguista muerto
9789974649187,es un codigo ISBN de una edicion publicada por,Ediciones Abrelabios
9786124714825,es un codigo ISBN para el libro,Vallejo2016
9786124714825,es un codigo ISBN de una edicion publicada por,Editorial Cátedra Vallejo
9789974800625,es un codigo ISBN para el libro,Señales elementales
9789974800625,es un codigo ISBN de una edicion publicada por,Editorial Artefato
9789974998438,es un codigo ISBN para el libro,Anatomía de lo aparente
9789974998438,es un codigo ISBN de una edicion publicada por,Antídesis Editorial
9789974833500,es un codigo ISBN para el libro,La plaza del ángelus
9789974833500,es un codigo ISBN de una edicion publicada por,Yaugurú
9789974661387,es un codigo ISBN para el libro,Los árboles de piedra
9789974661387,es un codigo ISBN de una edicion publicada por,Ediciones Orbe Libros
9789974663879,es un codigo ISBN para el libro,Entrevista con el arte uruguayo
9789974663879,es un codigo ISBN de una edicion publicada por,Bianchi Editores
9789974661202,es un codigo ISBN para el libro,Pasión y poesía de Jules Laforgue
9789974661202,es un codigo ISBN de una edicion publicada por,Ediciones Orbe Libros
9789974819085,es un codigo ISBN para el libro,La sombra de las horas
9789974819085,es un codigo ISBN de una edicion publicada por,Estuario Editora
9789974836099,es un codigo ISBN para el libro,"Grandes éxitos, un cuento y una despedida"
9789974836099,es un codigo ISBN de una edicion publicada por,Criatura Editora
9789974494428,es un codigo ISBN para el libro,Disco duro
9789974494428,es un codigo ISBN de una edicion publicada por,Editorial Fin de Siglo
9789974559707,es un codigo ISBN para el libro,Dos o tres cosas que sé de gala
9789974559707,es un codigo ISBN de una edicion publicada por,Librería Linardi y Risso
9789974540507,es un codigo ISBN para el libro,Cuentos completos
9789974540507,es un codigo ISBN de una edicion publicada por,Cal y Canto
9789974481275,es un codigo ISBN para el libro,"Jesuitas, Masones y universidad en el Uruguay"
9789974481275,es un codigo ISBN de una edicion publicada por,Ediciones de la Plaza
9789974498631,es un codigo ISBN para el libro,Una democracia única
9789974498631,es un codigo ISBN de una edicion publicada por,Fin De Siglo Editorial
9789974499089,es un codigo ISBN para el libro,El voto del agua tibia
9789974499089,es un codigo ISBN de una edicion publicada por,Fin de Siglo Editorial
9789974499720,es un codigo ISBN para el libro,A boca de urna
9789974499720,es un codigo ISBN de una edicion publicada por,Fin De Siglo Editorial
9789974499881,es un codigo ISBN para el libro,Triunfo multicolor
9789974499881,es un codigo ISBN de una edicion publicada por,Editorial Fin de Siglo
9789974494411,es un codigo ISBN para el libro,¡Maldita crisis!
9789974494411,es un codigo ISBN de una edicion publicada por,Editorial Fin de Siglo
9789974495036,es un codigo ISBN para el libro,Quién es quién en el gobierno de Mujica
9789974495036,es un codigo ISBN de una edicion publicada por,Editorial Fin de Siglo
9789974908536,es un codigo ISBN para el libro,Mateo y Trasante
9789974908536,es un codigo ISBN de una edicion publicada por,Estuarios Editora
9789974741690,es un codigo ISBN para el libro,Mejor callar
9789974741690,es un codigo ISBN de una edicion publicada por,Penguin Random House Grupo Editorial
9789974732711,es un codigo ISBN para el libro,Carlota Ferreira
9789974732711,es un codigo ISBN de una edicion publicada por,Penguin Random House
9789974892781,es un codigo ISBN para el libro,Dona Candida Saravia
9789974892781,es un codigo ISBN de una edicion publicada por,Penguin Random House Grupo Editorial
9789974881716,es un codigo ISBN para el libro,El sentir de las violetas
9789974881716,es un codigo ISBN de una edicion publicada por,Penguin Random House Grupo Edicorial
9789915654744,es un codigo ISBN para el libro,Cuando todo pase
9789915654744,es un codigo ISBN de una edicion publicada por,Planeta
9789974903432,es un codigo ISBN para el libro,El robo de la historia
9789974903432,es un codigo ISBN de una edicion publicada por,Sudamericana
9789974946590,es un codigo ISBN para el libro,Secretos de un jardín
9789974946590,es un codigo ISBN de una edicion publicada por,BMR Productos Culturales
9789915663555,es un codigo ISBN para el libro,Qué poco vale la vida
9789915663555,es un codigo ISBN de una edicion publicada por,Editorial Planeta S.A.
9789974713390,es un codigo ISBN para el libro,Serás mía o de nadie
9789974713390,es un codigo ISBN de una edicion publicada por,Penguin Random House
9789974701229,es un codigo ISBN para el libro,A mí me aplauden
9789974701229,es un codigo ISBN de una edicion publicada por,"Penguin Random House, Editorial Sudamericana Uruguaya"
9789974683631,es un codigo ISBN para el libro,Carlos Páez Vilaró
9789974683631,es un codigo ISBN de una edicion publicada por,"Random House Mondadori, Editorial Sudamericana"
9789974683402,es un codigo ISBN para el libro,Qué tupé
9789974683402,es un codigo ISBN de una edicion publicada por,Editorial Sudamericana Uruguaya
9789974951303,es un codigo ISBN para el libro,100 años Punta del Este
9789974951303,es un codigo ISBN de una edicion publicada por,Aguilar
9789974952546,es un codigo ISBN para el libro,Al encuentro de las tres Marías
9789974952546,es un codigo ISBN de una edicion publicada por,Aguilar
9789974700703,es un codigo ISBN para el libro,La otra mirada
9789974700703,es un codigo ISBN de una edicion publicada por,Planeta
9789876291392,es un codigo ISBN para el libro,SER COMO ELLOS Y OTROS ARTICULOS
9789876291392,es un codigo ISBN de una edicion publicada por,SIGLO XXI
9788485334070,es un codigo ISBN para el libro,La piedra arde
9788485334070,es un codigo ISBN de una edicion publicada por,Lóguez Ediciones
9789508950925,es un codigo ISBN para el libro,Memoria del Fuego 1. Los Nacimientos
9789508950925,es un codigo ISBN de una edicion publicada por,Siglo XXI
9788432304408,es un codigo ISBN para el libro,Memoria del Fuego 1. Los Nacimientos
9788432304408,es un codigo ISBN de una edicion publicada por,"Editores Siglo XXI de Espana, S.A."
9788436815641,es un codigo ISBN para el libro,Ensenar a Pensar En La Escuela (Ojos Solares)
9788436815641,es un codigo ISBN de una edicion publicada por,Piramide
9789974915770,es un codigo ISBN para el libro,Ciudades
9789974915770,es un codigo ISBN de una edicion publicada por,Antitesis Editorial
9789974859289,es un codigo ISBN para el libro,Quiroga
9789974859289,es un codigo ISBN de una edicion publicada por,Ediciones Aldebarán
9789974859296,es un codigo ISBN para el libro,Una vara de almendro
9789974859296,es un codigo ISBN de una edicion publicada por,La Casa del Rio
9789915938905,es un codigo ISBN para el libro,Víctor Lima
9789915938905,es un codigo ISBN de una edicion publicada por,Publicaciones La Casa del Río
9789974743380,es un codigo ISBN para el libro,El orden de las letras
9789974743380,es un codigo ISBN de una edicion publicada por,Editorial Cruz del Sur
9789974835559,es un codigo ISBN para el libro,Patio
9789974835559,es un codigo ISBN de una edicion publicada por,Yaugurú
9789974793705,es un codigo ISBN para el libro,La sencilla espiral de los sucesos
9789974793705,es un codigo ISBN de una edicion publicada por,Hermes Criollo
9789974790520,es un codigo ISBN para el libro,El libro de los suicidas
9789974790520,es un codigo ISBN de una edicion publicada por,Ediciones Cruz del Sur
9789974761797,es un codigo ISBN para el libro,El milagro incesante
9789974761797,es un codigo ISBN de una edicion publicada por,Ediciones Aldebarán
9789974991231,es un codigo ISBN para el libro,Maracana
9789974991231,es un codigo ISBN de una edicion publicada por,Publisher not identified]
9789974983861,es un codigo ISBN para el libro,Siempre en el camino
9789974983861,es un codigo ISBN de una edicion publicada por,Ediciones El Último Round
9789974720145,es un codigo ISBN para el libro,Los trabajos del amor
9789974720145,es un codigo ISBN de una edicion publicada por,Estuario Editora
9789974882560,es un codigo ISBN para el libro,Herodes
9789974882560,es un codigo ISBN de una edicion publicada por,Estuario Editora
9789915661131,es un codigo ISBN para el libro,El origen de las palabras
9789915661131,es un codigo ISBN de una edicion publicada por,Estuario Editora
9789974699441,es un codigo ISBN para el libro,El fondo
9789974699441,es un codigo ISBN de una edicion publicada por,Estuario Editora
9789974106031,es un codigo ISBN para el libro,El increíble springer
9789974106031,es un codigo ISBN de una edicion publicada por,Ediciones de La Banda Oriental
9789974828308,es un codigo ISBN para el libro,Camara Celeste en Sud Afrka
9789974828308,es un codigo ISBN de una edicion publicada por,Ediciones B Uruguay
9789703224180,es un codigo ISBN para el libro,Constituciones iberoamericanas
9789703224180,es un codigo ISBN de una edicion publicada por,Universidad Nacional Autónoma de México
9789874650795,es un codigo ISBN para el libro,El coloquio de los suicidas
9789874650795,es un codigo ISBN de una edicion publicada por,Muerde Muertos Editorial
9789915403984,es un codigo ISBN para el libro,El deseo de un profeta confinado
9789915403984,es un codigo ISBN de una edicion publicada por,Los libros del inquisitor
9789874734709,es un codigo ISBN para el libro,Hombrecitos improvisados de apuro
9789874734709,es un codigo ISBN de una edicion publicada por,Muerde Muertos
9789974799707,es un codigo ISBN para el libro,La cuchara universal
9789974799707,es un codigo ISBN de una edicion publicada por,Artefato
9786124677076,es un codigo ISBN para el libro,Extractivismos y corrupción
9786124677076,es un codigo ISBN de una edicion publicada por,CooperAcción
9789997484406,es un codigo ISBN para el libro,Extractivismos
9789997484406,es un codigo ISBN de una edicion publicada por,"CEDIB, Centro de Documentación e Información Bolivia"
9789978224557,es un codigo ISBN para el libro,Libre comercio
9789978224557,es un codigo ISBN de una edicion publicada por,ABYA-YALA
9789990503203,es un codigo ISBN para el libro,"Ecologia, economia, etica del desarrollo sostenible"
9789990503203,es un codigo ISBN de una edicion publicada por,ICIB
9789972722172,es un codigo ISBN para el libro,Transiciones
9789972722172,es un codigo ISBN de una edicion publicada por,Centro Peruano de Estudios Sociales
9789942093257,es un codigo ISBN para el libro,Derechos de la naturaleza
9789942093257,es un codigo ISBN de una edicion publicada por,Abya Yala
9789995416003,es un codigo ISBN para el libro,Derechos de la naturaleza y políticas ambientales
9789995416003,es un codigo ISBN de una edicion publicada por,Plural Editores
9789974882676,es un codigo ISBN para el libro,La memoria obstinada de Puerto Vírgenes
9789974882676,es un codigo ISBN de una edicion publicada por,Estuario Editora
9789915661087,es un codigo ISBN para el libro,El pasado es un montón de cosas inconclusas
9789915661087,es un codigo ISBN de una edicion publicada por,Estuario Editora
9789974952492,es un codigo ISBN para el libro,Silencio de Estado
9789974952492,es un codigo ISBN de una edicion publicada por,Aguilar
9789974880955,es un codigo ISBN para el libro,Tabaré Vázquez
9789974880955,es un codigo ISBN de una edicion publicada por,Editorial Planeta
9789974494923,es un codigo ISBN para el libro,El agente rojo
9789974494923,es un codigo ISBN de una edicion publicada por,Editorial Fin de Siglo
9789974495340,es un codigo ISBN para el libro,El enigma Trabal
9789974495340,es un codigo ISBN de una edicion publicada por,Fin de Siglo Editorial
9789974494725,es un codigo ISBN para el libro,Mujica
9789974494725,es un codigo ISBN de una edicion publicada por,Busqueda
9789974899261,es un codigo ISBN para el libro,Daniel Martínez
9789974899261,es un codigo ISBN de una edicion publicada por,Sudamericana
9789915659763,es un codigo ISBN para el libro,Uruguay en la mira del narco
9789915659763,es un codigo ISBN de una edicion publicada por,Sudamericana
9789974713840,es un codigo ISBN para el libro,Narcos en el Uruguay
9789974713840,es un codigo ISBN de una edicion publicada por,Penguin Random House
9789872024819,es un codigo ISBN para el libro,Esperando la carroza
9789872024819,es un codigo ISBN de una edicion publicada por,Teatro Vivo Teatro Vivo
9789974499058,es un codigo ISBN para el libro,La subersión de la lluvia
9789974499058,es un codigo ISBN de una edicion publicada por,Fin de Siglo
9789974109278,es un codigo ISBN para el libro,La entrada al paraíso
9789974109278,es un codigo ISBN de una edicion publicada por,Ediciones de la Banda Oriental
9789974498341,es un codigo ISBN para el libro,Pichis
9789974498341,es un codigo ISBN de una edicion publicada por,Fin de Siglo
9789974499713,es un codigo ISBN para el libro,Un odio cansado
9789974499713,es un codigo ISBN de una edicion publicada por,Editorial Fin de Siglo
9789974808843,es un codigo ISBN para el libro,La muerte del Lobo
9789974808843,es un codigo ISBN de una edicion publicada por,Rumbo Editorial
9789974827929,es un codigo ISBN para el libro,Biografí́a de un hombre que perdió el miedo
9789974827929,es un codigo ISBN de una edicion publicada por,Rumbo Editorial
9789974950252,es un codigo ISBN para el libro,Espías de la basura
9789974950252,es un codigo ISBN de una edicion publicada por,Aguilar
9789974892514,es un codigo ISBN para el libro,"De las armas, las urnas y las letras"
9789974892514,es un codigo ISBN de una edicion publicada por,Debate
9789974483279,es un codigo ISBN para el libro,Luis Alberto Lacalle
9789974483279,es un codigo ISBN de una edicion publicada por,Ediciones de la Plaza
9789915664224,es un codigo ISBN para el libro,Conspiración
9789915664224,es un codigo ISBN de una edicion publicada por,Sudamericana
9789974701250,es un codigo ISBN para el libro,El pecado original
9789974701250,es un codigo ISBN de una edicion publicada por,Debate
9789974683198,es un codigo ISBN para el libro,La primera orden
9789974683198,es un codigo ISBN de una edicion publicada por,Debate
9789974778498,es un codigo ISBN para el libro,La Revolucion Imposible
9789974778498,es un codigo ISBN de una edicion publicada por,Debolsillo
9789974722033,es un codigo ISBN para el libro,Escritor indolente
9789974722033,es un codigo ISBN de una edicion publicada por,Irrupciones Grupo Editor
9789974729308,es un codigo ISBN para el libro,Vida del cuervo blanco
9789974729308,es un codigo ISBN de una edicion publicada por,Seix Barral
9789974847705,es un codigo ISBN para el libro,Apuntes de la cárcel
9789974847705,es un codigo ISBN de una edicion publicada por,Ediciones del Caballo Perdido
9789974499829,es un codigo ISBN para el libro,Los orígenes
9789974499829,es un codigo ISBN de una edicion publicada por,Editorial Fin de Siglo
9789974719118,es un codigo ISBN para el libro,Viaje a la noche
9789974719118,es un codigo ISBN de una edicion publicada por,Yagurú
9789974815469,es un codigo ISBN para el libro,La libreta negra
9789974815469,es un codigo ISBN de una edicion publicada por,Ediciones del Caballo Perdido
9789974685574,es un codigo ISBN para el libro,Oficio de ventriloquia
9789974685574,es un codigo ISBN de una edicion publicada por,Editorial Planeta
9789875022041,es un codigo ISBN para el libro,Ejercicio de impunidad
9789875022041,es un codigo ISBN de una edicion publicada por,Distal
9789974643376,es un codigo ISBN para el libro,El escritor y el otro
9789974643376,es un codigo ISBN de una edicion publicada por,Planeta
9781517164706,es un codigo ISBN para el libro,Anatema
9781517164706,es un codigo ISBN de una edicion publicada por,CreateSpace Independent Publishing Platform
9789974736528,es un codigo ISBN para el libro,La niña que miraba los trenes partir
9789974736528,es un codigo ISBN de una edicion publicada por,Aguilar
9789974888739,es un codigo ISBN para el libro,La mujer que volvió del abismo
9789974888739,es un codigo ISBN de una edicion publicada por,Aguilar
9789915652603,es un codigo ISBN para el libro,Éramos tres niños perdidos en la niebla
9789915652603,es un codigo ISBN de una edicion publicada por,Aguilar
9789974955837,es un codigo ISBN para el libro,No dejaré memorias
9789974955837,es un codigo ISBN de una edicion publicada por,Aguilar
9789974805224,es un codigo ISBN para el libro,Derecho a la reparación integral de violaciones a los derechos humanos
9789974805224,es un codigo ISBN de una edicion publicada por,Ediciones del Crysol
9789974805644,es un codigo ISBN para el libro,El derecho y el revés
9789974805644,es un codigo ISBN de una edicion publicada por,Letraeñe Ediciones
9789974206632,es un codigo ISBN para el libro,Cooperación con la corte penal internacional
9789974206632,es un codigo ISBN de una edicion publicada por,Fundación de Cultura Universitaria
9789974892415,es un codigo ISBN para el libro,El ladrón de mapas
9789974892415,es un codigo ISBN de una edicion publicada por,Sudamericana
9789915663623,es un codigo ISBN para el libro,Un buceo por la historia
9789915663623,es un codigo ISBN de una edicion publicada por,Editorial Planeta
9789974482104,es un codigo ISBN para el libro,El infierno de los navegantes
9789974482104,es un codigo ISBN de una edicion publicada por,Ediciones de la Plaza
9789974481572,es un codigo ISBN para el libro,Páginas perdidas de la historia uruguaya
9789974481572,es un codigo ISBN de una edicion publicada por,Ediciones de la Plaza
9781502756527,es un codigo ISBN para el libro,Los Tres Gauchos Orientales
9781502756527,es un codigo ISBN de una edicion publicada por,CreateSpace Independent Publishing Platform
9781502756596,es un codigo ISBN para el libro,Poesías
9781502756596,es un codigo ISBN de una edicion publicada por,CreateSpace Independent Publishing Platform
9789915664392,es un codigo ISBN para el libro,"De todos los nombres, el nombre"
9789915664392,es un codigo ISBN de una edicion publicada por,Aguilar
9789974951365,es un codigo ISBN para el libro,El hombre numerado
9789974951365,es un codigo ISBN de una edicion publicada por,Aguilar
9789974104457,es un codigo ISBN para el libro,"Cuadernos de la historia reciente, 1968 Uruguay 1985"
9789974104457,es un codigo ISBN de una edicion publicada por,Ediciones de la Banda Oriental
9781517195885,es un codigo ISBN para el libro,De Orwell a Vargas Llosa
9781517195885,es un codigo ISBN de una edicion publicada por,CreateSpace Independent Publishing Platform
9789974720695,es un codigo ISBN para el libro,Todos mienten
9789974720695,es un codigo ISBN de una edicion publicada por,Estuario Editora
9789915653358,es un codigo ISBN para el libro,La estafa de la muerte
9789915653358,es un codigo ISBN de una edicion publicada por,Estuario Editora
9789974890398,es un codigo ISBN para el libro,Obra completa
9789974890398,es un codigo ISBN de una edicion publicada por,Yaugurú
9789974787520,es un codigo ISBN para el libro,Cuentos de La Comarca
9789974787520,es un codigo ISBN de una edicion publicada por,Ediciones Carolina
9789974859012,es un codigo ISBN para el libro,La raíz de la furia
9789974859012,es un codigo ISBN de una edicion publicada por,Criatura editora
9789974868687,es un codigo ISBN para el libro,Nadie esta muerto mucho tiempo
9789974868687,es un codigo ISBN de una edicion publicada por,Criatura Editora
9789974962866,es un codigo ISBN para el libro,Del campo vengo
9789974962866,es un codigo ISBN de una edicion publicada por,Grupo Erato
9789974968165,es un codigo ISBN para el libro,Juan Pedro López
9789974968165,es un codigo ISBN de una edicion publicada por,Federación de Instituciones Históricas Canelones
9789974912885,es un codigo ISBN para el libro,La página literaria
9789974912885,es un codigo ISBN de una edicion publicada por,Hoy Canelones
9789974998933,es un codigo ISBN para el libro,Memorias
9789974998933,es un codigo ISBN de una edicion publicada por,Asociación Histórica de Los Cerrillos
9789974917354,es un codigo ISBN para el libro,La socialización por las letras de tango
9789974917354,es un codigo ISBN de una edicion publicada por,Hoy Canelones
9789974944916,es un codigo ISBN para el libro,La última pulpería
9789974944916,es un codigo ISBN de una edicion publicada por,[publisher not identified]
9789974993754,es un codigo ISBN para el libro,A la sed de los vientos
9789974993754,es un codigo ISBN de una edicion publicada por,Associazione Ottovolante
9789974985582,es un codigo ISBN para el libro,Poemas de la Floresta
9789974985582,es un codigo ISBN de una edicion publicada por,Editorial Kasca
9789974398078,es un codigo ISBN para el libro,Almafuerte y otros estudios literarios
9789974398078,es un codigo ISBN de una edicion publicada por,Biblioteca Nacional y Americana
9789875451988,es un codigo ISBN para el libro,Si LOGO
9789875451988,es un codigo ISBN de una edicion publicada por,Grupo Editorial Norma
9789974820951,es un codigo ISBN para el libro,En la estancia de los Álamo
9789974820951,es un codigo ISBN de una edicion publicada por,Comisión Departamental del Patrimonio
9789974969261,es un codigo ISBN para el libro,De copla somos
9789974969261,es un codigo ISBN de una edicion publicada por,Sudestata
9789974004597,es un codigo ISBN para el libro,Jacinto Ventura de Molina
9789974004597,es un codigo ISBN de una edicion publicada por,"Universidad de la República, Facultad de Humanidades y Ciencias de la Educación, Departamento de Publicaciones"
9788484894926,es un codigo ISBN para el libro,Jacinto Ventura de Molina
9788484894926,es un codigo ISBN de una edicion publicada por,Iberoamericana
9789507315589,es un codigo ISBN para el libro,Hagan de cuenta que estoy muerto
9789507315589,es un codigo ISBN de una edicion publicada por,Seix Barral
9789974719477,es un codigo ISBN para el libro,El submarino peral
9789974719477,es un codigo ISBN de una edicion publicada por,Yaugurú
9789507317521,es un codigo ISBN para el libro,La fuente del relato
9789507317521,es un codigo ISBN de una edicion publicada por,Seix Barral
9789974801585,es un codigo ISBN para el libro,El viaje a escritura
9789974801585,es un codigo ISBN de una edicion publicada por,Ediciones del Cavallo Perdido
9789974783874,es un codigo ISBN para el libro,Night and day
9789974783874,es un codigo ISBN de una edicion publicada por,Ediciones del Caballo Perdido
9789504913603,es un codigo ISBN para el libro,El misterio Horacio Q
9789504913603,es un codigo ISBN de una edicion publicada por,Planeta
9789974815452,es un codigo ISBN para el libro,Barcelona senza fine
9789974815452,es un codigo ISBN de una edicion publicada por,Ediciones del Caballo Perdido
9789507316456,es un codigo ISBN para el libro,Bruxelles piano-bar
9789507316456,es un codigo ISBN de una edicion publicada por,Seix Barral
9789500730457,es un codigo ISBN para el libro,Víctor Hugo x Víctor Hugo Morales
9789500730457,es un codigo ISBN de una edicion publicada por,Sudamericana
9789876842693,es un codigo ISBN para el libro,Mentir a diario
9789876842693,es un codigo ISBN de una edicion publicada por,Colihue
9789875801813,es un codigo ISBN para el libro,Hablemos de fútbol
9789875801813,es un codigo ISBN de una edicion publicada por,Booket
9789870434481,es un codigo ISBN para el libro,Audiencia con el Diablo
9789870434481,es un codigo ISBN de una edicion publicada por,Aguilar
9789974834521,es un codigo ISBN para el libro,150 años de la colonia suiza Nueva Helvecia
9789974834521,es un codigo ISBN de una edicion publicada por,Textual
9789974812536,es un codigo ISBN para el libro,Molino quemado
9789974812536,es un codigo ISBN de una edicion publicada por,De Esta Banda
9789974812567,es un codigo ISBN para el libro,Travesías
9789974812567,es un codigo ISBN de una edicion publicada por,De esta Banda
9789974993976,es un codigo ISBN para el libro,Los pata de perro
9789974993976,es un codigo ISBN de una edicion publicada por,De Esta Banda
9789974811140,es un codigo ISBN para el libro,Para leer La espera del coronel
9789974811140,es un codigo ISBN de una edicion publicada por,Textual
9789974812505,es un codigo ISBN para el libro,La espera del coronel
9789974812505,es un codigo ISBN de una edicion publicada por,Textual S.A.
9789974719811,es un codigo ISBN para el libro,Frida y México
9789974719811,es un codigo ISBN de una edicion publicada por,Yaugurú
9789974905061,es un codigo ISBN para el libro,Alto oficio de poeta
9789974905061,es un codigo ISBN de una edicion publicada por,Linardi y Risso
9789974687714,es un codigo ISBN para el libro,Después del nombre
9789974687714,es un codigo ISBN de una edicion publicada por,Estuario Editora
9789974819337,es un codigo ISBN para el libro,El tiempo circular
9789974819337,es un codigo ISBN de una edicion publicada por,Yaugurú
9789974787490,es un codigo ISBN para el libro,El río vertical
9789974787490,es un codigo ISBN de una edicion publicada por,Artefato
9789974060195,es un codigo ISBN para el libro,Historia de la Universidad de la República
9789974060195,es un codigo ISBN de una edicion publicada por,Ediciones Universitarias
9789974986893,es un codigo ISBN para el libro,Mirando atrás
9789974986893,es un codigo ISBN de una edicion publicada por,Linardi y Risso
9789974553569,es un codigo ISBN para el libro,Vecinos en discordia
9789974553569,es un codigo ISBN de una edicion publicada por,Ediciones El Galeón
9789974790575,es un codigo ISBN para el libro,No despertarás a mis siervos
9789974790575,es un codigo ISBN de una edicion publicada por,Ediciones Cruz del Sur
9789974718487,es un codigo ISBN para el libro,Mañana es tarde
9789974718487,es un codigo ISBN de una edicion publicada por,Ediciones B Uruguay S.A.
9789974899841,es un codigo ISBN para el libro,Claudio Paolillo periodista
9789974899841,es un codigo ISBN de una edicion publicada por,Debate
9789974493636,es un codigo ISBN para el libro,La cacería del caballero
9789974493636,es un codigo ISBN de una edicion publicada por,Editorial Fin de Siglo
9788498412499,es un codigo ISBN para el libro,"Poesía, poetas y antipoetas"
9788498412499,es un codigo ISBN de una edicion publicada por,Ediciones Siruela
9789871203543,es un codigo ISBN para el libro,Animal nocturno
9789871203543,es un codigo ISBN de una edicion publicada por,Editorial de la Universidad Católica de Córdoba
9789508436825,es un codigo ISBN para el libro,Las manos y los álamos
9789508436825,es un codigo ISBN de una edicion publicada por,Vinciguerra
9789974681806,es un codigo ISBN para el libro,De las cosas del campo
9789974681806,es un codigo ISBN de una edicion publicada por,Botella al Mar
9789508438010,es un codigo ISBN para el libro,Asuntos personales
9789508438010,es un codigo ISBN de una edicion publicada por,Vinciguerra
9789974908901,es un codigo ISBN para el libro,Días de blues
9789974908901,es un codigo ISBN de una edicion publicada por,Estuario Editora
9789974104501,es un codigo ISBN para el libro,Rock que me hiciste mal
9789974104501,es un codigo ISBN de una edicion publicada por,Ediciones de la Banda Oriental
9789974819504,es un codigo ISBN para el libro,Rock uruguayo
9789974819504,es un codigo ISBN de una edicion publicada por,"Centro cultural de España, Montevideo"
9789974494527,es un codigo ISBN para el libro,Malditos números
9789974494527,es un codigo ISBN de una edicion publicada por,Fin de Siglo
9789974494954,es un codigo ISBN para el libro,Banda ancha para todos
9789974494954,es un codigo ISBN de una edicion publicada por,Fin de Siglo Editorial
9789974108271,es un codigo ISBN para el libro,Crónica de una pasión
9789974108271,es un codigo ISBN de una edicion publicada por,Ediciones de la Banda Oriental
9789974564312,es un codigo ISBN para el libro,Si digo derechos humanos--
9789974564312,es un codigo ISBN de una edicion publicada por,Servicio Paz y Justicia
9789974323995,es un codigo ISBN para el libro,Vademécum para cristianos y cristianas
9789974323995,es un codigo ISBN de una edicion publicada por,Ediciones Trilce
9789974364363,es un codigo ISBN para el libro,Caxon de sastre
9789974364363,es un codigo ISBN de una edicion publicada por,Ministerio de Educación y Cultura
9789915406695,es un codigo ISBN para el libro,Heliotropos del conticinio
9789915406695,es un codigo ISBN de una edicion publicada por,Ediciones del Sagitario
9798663236478,es un codigo ISBN para el libro,Illuminati
9798663236478,es un codigo ISBN de una edicion publicada por,Independently Published
9781021142023,es un codigo ISBN para el libro,Último Gaucho
9781021142023,es un codigo ISBN de una edicion publicada por,"Creative Media Partners, LLC"
9789974493513,es un codigo ISBN para el libro,Troesma
9789974493513,es un codigo ISBN de una edicion publicada por,Fin de siglo
9788479010911,es un codigo ISBN para el libro,Inteligencia instantanea/ Instant Intelligence
9788479010911,es un codigo ISBN de una edicion publicada por,Rba
9788488155603,es un codigo ISBN para el libro,Como Jugar y Divertirse Con Su Inteligencia
9788488155603,es un codigo ISBN de una edicion publicada por,Zugarto
9788488155481,es un codigo ISBN para el libro,Como Jugar y Divertirse Con Su Inteligencia
9788488155481,es un codigo ISBN de una edicion publicada por,Zugarto
9789879850862,es un codigo ISBN para el libro,Inteligencia Instantanea
9789879850862,es un codigo ISBN de una edicion publicada por,Ediciones de Mente
9789507651823,es un codigo ISBN para el libro,Inteligencia Instantanea
9789507651823,es un codigo ISBN de una edicion publicada por,Ediciones de Mente
9789974107212,es un codigo ISBN para el libro,Intemperie
9789974107212,es un codigo ISBN de una edicion publicada por,Biblioteca Nacional
9788420483764,es un codigo ISBN para el libro,Delmira
9788420483764,es un codigo ISBN de una edicion publicada por,Santillana
9789974628250,es un codigo ISBN para el libro,La oscuridad menos reciente
9789974628250,es un codigo ISBN de una edicion publicada por,AG Ediciones
9789974951402,es un codigo ISBN para el libro,Lugares insospechados
9789974951402,es un codigo ISBN de una edicion publicada por,Alfaguara
9789686802269,es un codigo ISBN para el libro,Los postgrados en América Latina y el Caribe en la sociedad del conocimiento
9789686802269,es un codigo ISBN de una edicion publicada por,Unión de Universidades de América Latina y el Caribe
9789879578605,es un codigo ISBN para el libro,Martín Fierro
9789879578605,es un codigo ISBN de una edicion publicada por,Ediciones del Jilguero
9789974732612,es un codigo ISBN para el libro,El auto
9789974732612,es un codigo ISBN de una edicion publicada por,Literatura Random House
9789974109674,es un codigo ISBN para el libro,Tesoro
9789974109674,es un codigo ISBN de una edicion publicada por,Ediciones de la Banda Oriental
9789974919686,es un codigo ISBN para el libro,Letra en la piedra
9789974919686,es un codigo ISBN de una edicion publicada por,Loca edición
9789974699373,es un codigo ISBN para el libro,Basura y otros textos para teatro
9789974699373,es un codigo ISBN de una edicion publicada por,Estuario Editora
9789974814042,es un codigo ISBN para el libro,Dodecamerón
9789974814042,es un codigo ISBN de una edicion publicada por,HUM
9789974799301,es un codigo ISBN para el libro,Prometeo y la jarra de Pandora
9789974799301,es un codigo ISBN de una edicion publicada por,R. Mirza Ed.
9789974687424,es un codigo ISBN para el libro,180
9789974687424,es un codigo ISBN de una edicion publicada por,HUM
9789974614451,es un codigo ISBN para el libro,Transparencia y ciudadanía responsable II
9789974614451,es un codigo ISBN de una edicion publicada por,Centro Latinoamericano de Economía Humana (CLAEH)
9789915657820,es un codigo ISBN para el libro,Partidos y movimientos políticos en Uruguay
9789915657820,es un codigo ISBN de una edicion publicada por,Crítica
9789974701816,es un codigo ISBN para el libro,"Nosotros, que nos queremos tanto"
9789974701816,es un codigo ISBN de una edicion publicada por,Debate
9789974614383,es un codigo ISBN para el libro,Transparencia y ciudadanía responsable
9789974614383,es un codigo ISBN de una edicion publicada por,Centro Latinoamericano de Economía Humana (CLAEH)
9789974614420,es un codigo ISBN para el libro,Barrio Peñarol
9789974614420,es un codigo ISBN de una edicion publicada por,Intendencia Municipal de Montevideo
9789974810037,es un codigo ISBN para el libro,La actualidad del pasado
9789974810037,es un codigo ISBN de una edicion publicada por,Debate
9781719916172,es un codigo ISBN para el libro,Armando Cajas
9781719916172,es un codigo ISBN de una edicion publicada por,Independently Published
9789974675537,es un codigo ISBN para el libro,El país herido
9789974675537,es un codigo ISBN de una edicion publicada por,Ediciones Blancas
9788423972166,es un codigo ISBN para el libro,Ariel (Colleccion Austral)
9788423972166,es un codigo ISBN de una edicion publicada por,"Espasa-Calpe, S.A."
9788437617916,es un codigo ISBN para el libro,Ariel
9788437617916,es un codigo ISBN de una edicion publicada por,Ediciones Catedra S.A.
9781413518221,es un codigo ISBN para el libro,Ariel (Coleccion Clasicos De La Literatura Latinoamericana Carrascalejo De La Jara)
9781413518221,es un codigo ISBN de una edicion publicada por,El Cid/Argentina
9789501321845,es un codigo ISBN para el libro,Parabolas - Golu
9789501321845,es un codigo ISBN de una edicion publicada por,Kapelusz
9789501321814,es un codigo ISBN para el libro,Ariel - Golu 30 -
9789501321814,es un codigo ISBN de una edicion publicada por,Kapelusz
9789974498082,es un codigo ISBN para el libro,Anchorena
9789974498082,es un codigo ISBN de una edicion publicada por,Fin de Siglo
9789974499256,es un codigo ISBN para el libro,El infidente
9789974499256,es un codigo ISBN de una edicion publicada por,Editorial Fin de Siglo
9789974965409,es un codigo ISBN para el libro,Reforma al sistema penal y carcelario en Uruguay
9789974965409,es un codigo ISBN de una edicion publicada por,Centro para la Apertura y el Desarrollo de América Latina
9789974495722,es un codigo ISBN para el libro,Asesinos & Cía
9789974495722,es un codigo ISBN de una edicion publicada por,Editorial Fin de Siglo
9789974495463,es un codigo ISBN para el libro,¡Vidas bien vividas!
9789974495463,es un codigo ISBN de una edicion publicada por,Editorial Fin de Siglo
9789974496477,es un codigo ISBN para el libro,Mercedes Pinto
9789974496477,es un codigo ISBN de una edicion publicada por,Fin de Siglo Editorial
9789974495227,es un codigo ISBN para el libro,Criminales
9789974495227,es un codigo ISBN de una edicion publicada por,Editorial Fin de Siglo
9789974967854,es un codigo ISBN para el libro,Viejos son los trapos
9789974967854,es un codigo ISBN de una edicion publicada por,Saga Ediciones
9789974730885,es un codigo ISBN para el libro,"La izquierda, ¿baluarte de la derecha?"
9789974730885,es un codigo ISBN de una edicion publicada por,Ediciones I Libri
9789871643134,es un codigo ISBN para el libro,"El racismo de la ""democracia"" israelí"
9789871643134,es un codigo ISBN de una edicion publicada por,Editorial Canaán
9789876930055,es un codigo ISBN para el libro,Futuros
9789876930055,es un codigo ISBN de una edicion publicada por,Ediciones CICCUS
9789915657660,es un codigo ISBN para el libro,José Enrique Rodó
9789915657660,es un codigo ISBN de una edicion publicada por,Planeta
9789974675452,es un codigo ISBN para el libro,Sentir el lugar
9789974675452,es un codigo ISBN de una edicion publicada por,"Universidad de la República, Facultad de Humanidades y Ciencias de la Educación, Departamento de Letras Modernas"
9789974493995,es un codigo ISBN para el libro,Soy celeste
9789974493995,es un codigo ISBN de una edicion publicada por,Editorial Fin de Siglo
9789873712289,es un codigo ISBN para el libro,El dormilón
9789873712289,es un codigo ISBN de una edicion publicada por,AB Grupo Belerofonte
9789974796355,es un codigo ISBN para el libro,Perro come perro
9789974796355,es un codigo ISBN de una edicion publicada por,Artefato
9789974699861,es un codigo ISBN para el libro,Matufia
9789974699861,es un codigo ISBN de una edicion publicada por,Estuario Editora
9789974687752,es un codigo ISBN para el libro,Valizas
9789974687752,es un codigo ISBN de una edicion publicada por,Grupo Belerofonte
9789974969896,es un codigo ISBN para el libro,Acto de guerra
9789974969896,es un codigo ISBN de una edicion publicada por,Grupo Belerofonte
9789974987326,es un codigo ISBN para el libro,El club de los Ilustres
9789974987326,es un codigo ISBN de una edicion publicada por,Editorial Belerofonte
9789974720237,es un codigo ISBN para el libro,Erótica
9789974720237,es un codigo ISBN de una edicion publicada por,Estuario Editora
9789872549169,es un codigo ISBN para el libro,Malandras
9789872549169,es un codigo ISBN de una edicion publicada por,Historieteca Editorial
9789974882485,es un codigo ISBN para el libro,Horror
9789974882485,es un codigo ISBN de una edicion publicada por,Estuario Editora
9789974882133,es un codigo ISBN para el libro,Cuadernos de ficción
9789974882133,es un codigo ISBN de una edicion publicada por,Estuario editora
9789915653877,es un codigo ISBN para el libro,Mentira
9789915653877,es un codigo ISBN de una edicion publicada por,Estuario Editorial
9789974882829,es un codigo ISBN para el libro,Des/amor
9789974882829,es un codigo ISBN de una edicion publicada por,Estuario Editora
9789915661162,es un codigo ISBN para el libro,Final
9789915661162,es un codigo ISBN de una edicion publicada por,Estuario Editora
9789974965423,es un codigo ISBN para el libro,Los últimos días del Graf Spee
9789974965423,es un codigo ISBN de una edicion publicada por,Grupo Belerofonte
9789974699793,es un codigo ISBN para el libro,Los últimos días del Graf Spee
9789974699793,es un codigo ISBN de una edicion publicada por,Estuario Editores
9789873684050,es un codigo ISBN para el libro,Misterios de Cuarto Cerrado
9789873684050,es un codigo ISBN de una edicion publicada por,PICTUS
9789974988149,es un codigo ISBN para el libro,Zitarrosa
9789974988149,es un codigo ISBN de una edicion publicada por,Editorial Estuario
9789974108110,es un codigo ISBN para el libro,El último adiós
9789974108110,es un codigo ISBN de una edicion publicada por,Ediciones de la Banda Oriental
9789974992658,es un codigo ISBN para el libro,El Club de los Ilustres
9789974992658,es un codigo ISBN de una edicion publicada por,Editorial Estuario
9789872587345,es un codigo ISBN para el libro,Santa Fe la invencible
9789872587345,es un codigo ISBN de una edicion publicada por,Loco Rabia
9789974325029,es un codigo ISBN para el libro,Cementerio norte
9789974325029,es un codigo ISBN de una edicion publicada por,Ediciones Trilce
9789974687325,es un codigo ISBN para el libro,Sobres papel manila
9789974687325,es un codigo ISBN de una edicion publicada por,Estuario Editora
9789502104478,es un codigo ISBN para el libro,"Tempe Argentino, El"
9789502104478,es un codigo ISBN de una edicion publicada por,Plus - Ultra
9788470573118,es un codigo ISBN para el libro,"Hombre de hoy ante Jesús de Nazaret, el."
9788470573118,es un codigo ISBN de una edicion publicada por,Ediciones Cristiandad S.A.
9788470573415,es un codigo ISBN para el libro,Teologia abierta (Senda abierta)
9788470573415,es un codigo ISBN de una edicion publicada por,Ediciones Cristiandad
9789974882461,es un codigo ISBN para el libro,Viralata
9789974882461,es un codigo ISBN de una edicion publicada por,Estuario Editora
9789974864313,es un codigo ISBN para el libro,Noite nu norte
9789974864313,es un codigo ISBN de una edicion publicada por,Kapparazón Ediciones
9789974948426,es un codigo ISBN para el libro,Sepultura
9789974948426,es un codigo ISBN de una edicion publicada por,Ediciones de la Canoa
9789974782280,es un codigo ISBN para el libro,Entrar en el juego
9789974782280,es un codigo ISBN de una edicion publicada por,Yargurú
9789974720138,es un codigo ISBN para el libro,Pensión de animales
9789974720138,es un codigo ISBN de una edicion publicada por,Estuario Editora
9789915938271,es un codigo ISBN para el libro,A través de un breve laberinto
9789915938271,es un codigo ISBN de una edicion publicada por,Astromulo
9789974324701,es un codigo ISBN para el libro,Conversaciones con Mario Levrero
9789974324701,es un codigo ISBN de una edicion publicada por,Ediciones Trilce
9789974830516,es un codigo ISBN para el libro,La huida inútil de Violeto Parson
9789974830516,es un codigo ISBN de una edicion publicada por,Ediciones Dixi
9789974777040,es un codigo ISBN para el libro,Nuestro campo
9789974777040,es un codigo ISBN de una edicion publicada por,Ediciones Tierradentro
9789974681613,es un codigo ISBN para el libro,El gramillal transfigurado
9789974681613,es un codigo ISBN de una edicion publicada por,Botella al Mar-Uruguay
9783631905609,es un codigo ISBN para el libro,"Experiencias Prácticas en Didáctica Del Español Como Primera Ysegunda Lengua con Objetivos de Desarrollo Sostenible, Competencia Global YWorld-Readiness Standards"
9783631905609,es un codigo ISBN de una edicion publicada por,"Lang GmbH, Internationaler Verlag der Wissenschaften, Peter"
9783631905593,es un codigo ISBN para el libro,"Experiencias Prácticas en Didáctica Del Español Como Primera Ysegunda Lengua con Objetivos de Desarrollo Sostenible, Competencia Global YWorld-Readiness Standards"
9783631905593,es un codigo ISBN de una edicion publicada por,"Lang GmbH, Internationaler Verlag der Wissenschaften, Peter"
9783631905494,es un codigo ISBN para el libro,Experiencias Prácticas en Didáctica de la Lengua Española Como Primera y Segunda Lengua
9783631905494,es un codigo ISBN de una edicion publicada por,"Lang GmbH, Internationaler Verlag der Wissenschaften, Peter"
9783631902721,es un codigo ISBN para el libro,Mujeres y Escritura Subversiva Durante el Franquismo
9783631902721,es un codigo ISBN de una edicion publicada por,"Lang GmbH, Internationaler Verlag der Wissenschaften, Peter"
9783631902714,es un codigo ISBN para el libro,Mujeres y Escritura Subversiva Durante el Franquismo
9783631902714,es un codigo ISBN de una edicion publicada por,"Lang GmbH, Internationaler Verlag der Wissenschaften, Peter"
9783631902509,es un codigo ISBN para el libro,Mujeres y Escritura Subversiva Durante el Franquismo
9783631902509,es un codigo ISBN de una edicion publicada por,"Lang GmbH, Internationaler Verlag der Wissenschaften, Peter"
9783631885161,es un codigo ISBN para el libro,Discurso Como Herramienta de Control Social
9783631885161,es un codigo ISBN de una edicion publicada por,"Lang GmbH, Internationaler Verlag der Wissenschaften, Peter"
9783631885178,es un codigo ISBN para el libro,Discurso Como Herramienta de Control Social
9783631885178,es un codigo ISBN de una edicion publicada por,"Lang GmbH, Internationaler Verlag der Wissenschaften, Peter"
9783631885154,es un codigo ISBN para el libro,Discurso Como Herramienta de Control Social
9783631885154,es un codigo ISBN de una edicion publicada por,"Lang GmbH, Internationaler Verlag der Wissenschaften, Peter"
9783631885208,es un codigo ISBN para el libro,"Cine, Literatura y Otras Artes Al Servicio de Las Ideologías"
9783631885208,es un codigo ISBN de una edicion publicada por,"Lang GmbH, Internationaler Verlag der Wissenschaften, Peter"
9783631885192,es un codigo ISBN para el libro,"Cine, Literatura y Otras Artes Al Servicio de Las Ideologías"
9783631885192,es un codigo ISBN de una edicion publicada por,"Lang GmbH, Internationaler Verlag der Wissenschaften, Peter"
9783631885185,es un codigo ISBN para el libro,"Cine, Literatura y Otras Artes Al Servicio de Las Ideologías"
9783631885185,es un codigo ISBN de una edicion publicada por,"Lang GmbH, Internationaler Verlag der Wissenschaften, Peter"
9783631846155,es un codigo ISBN para el libro,Las Insolentes
9783631846155,es un codigo ISBN de una edicion publicada por,"Lang GmbH, Internationaler Verlag der Wissenschaften, Peter"
9783631846162,es un codigo ISBN para el libro,Las Insolentes
9783631846162,es un codigo ISBN de una edicion publicada por,"Lang GmbH, Internationaler Verlag der Wissenschaften, Peter"
9783631846148,es un codigo ISBN para el libro,Las Insolentes
9783631846148,es un codigo ISBN de una edicion publicada por,"Lang GmbH, Internationaler Verlag der Wissenschaften, Peter"
9783631832752,es un codigo ISBN para el libro,Las Insolentes
9783631832752,es un codigo ISBN de una edicion publicada por,"Lang GmbH, Internationaler Verlag der Wissenschaften, Peter"
9788854859807,es un codigo ISBN para el libro,El viento espira desencanto
9788854859807,es un codigo ISBN de una edicion publicada por,Aracne
9788854859814,es un codigo ISBN para el libro,"Ay, ¡qué triste es toda la humanidad!"
9788854859814,es un codigo ISBN de una edicion publicada por,Aracne editrice S.r.l.
9788854859791,es un codigo ISBN para el libro,El eterno presente de la literatura
9788854859791,es un codigo ISBN de una edicion publicada por,Aracne editrice S.r.l.
9788854859821,es un codigo ISBN para el libro,Del lado de acá
9788854859821,es un codigo ISBN de una edicion publicada por,Aracne editrice S.r.l.
9789974685352,es un codigo ISBN para el libro,El humor es cosa Soria
9789974685352,es un codigo ISBN de una edicion publicada por,Planeta
9789974960763,es un codigo ISBN para el libro,Que yunta pá una cinchada!
9789974960763,es un codigo ISBN de una edicion publicada por,s.n.]
9789974729155,es un codigo ISBN para el libro,Las cartas contra el pecho
9789974729155,es un codigo ISBN de una edicion publicada por,Planeta
9789974891319,es un codigo ISBN para el libro,Mondo progre
9789974891319,es un codigo ISBN de una edicion publicada por,Planeta
9789500505512,es un codigo ISBN para el libro,The Cien Mil Ejemplares Por Hora - Memorias de Un Reda
9789500505512,es un codigo ISBN de una edicion publicada por,Corregidor Corregidor
9789974719835,es un codigo ISBN para el libro,Fuera de la realidad
9789974719835,es un codigo ISBN de una edicion publicada por,Yaugurú
9788461198801,es un codigo ISBN para el libro,Torres García
9788461198801,es un codigo ISBN de una edicion publicada por,"Fundacío Caixo Girona, Centre Cultural de Caixo Girona, Fontana D'or"
9789585207332,es un codigo ISBN para el libro,Torres García
9789585207332,es un codigo ISBN de una edicion publicada por,"Galería Sur, Punta del Este"
9789871172740,es un codigo ISBN para el libro,Torres García
9789871172740,es un codigo ISBN de una edicion publicada por,Universidad Nacional de Tres de Febrero
9789974794351,es un codigo ISBN para el libro,Trazos de New York
9789974794351,es un codigo ISBN de una edicion publicada por,Museo Torres García
9788480432238,es un codigo ISBN para el libro,Torres-García
9788480432238,es un codigo ISBN de una edicion publicada por,Museu Nacional d'Art de Catalunya
9789974794337,es un codigo ISBN para el libro,New York
9789974794337,es un codigo ISBN de una edicion publicada por,Museo Torres García
9789974794313,es un codigo ISBN para el libro,Aladdin
9789974794313,es un codigo ISBN de una edicion publicada por,Museo Torres García
9789974990920,es un codigo ISBN para el libro,Testigos de su tiempo
9789974990920,es un codigo ISBN de una edicion publicada por,D&C Impresos
9789974700130,es un codigo ISBN para el libro,Un poquito tarada
9789974700130,es un codigo ISBN de una edicion publicada por,Planeta
9789871405206,es un codigo ISBN para el libro,La vueltita ridícula
9789871405206,es un codigo ISBN de una edicion publicada por,Vestales
9789872264857,es un codigo ISBN para el libro,Aún soltera
9789872264857,es un codigo ISBN de una edicion publicada por,Mansalva
9789974880504,es un codigo ISBN para el libro,Personajes y tertulias en cafés y bares de Montevideo
9789974880504,es un codigo ISBN de una edicion publicada por,Editorial Planeta
9789974109711,es un codigo ISBN para el libro,Los viajes de Juan Díaz de Solís y el descubrimiento del Río de la Plata
9789974109711,es un codigo ISBN de una edicion publicada por,Ediciones de la Banda Oriental
9789974110212,es un codigo ISBN para el libro,Candombe
9789974110212,es un codigo ISBN de una edicion publicada por,Banda Oriental
9789974891876,es un codigo ISBN para el libro,De náufrago a pionero
9789974891876,es un codigo ISBN de una edicion publicada por,Planeta
9789915654324,es un codigo ISBN para el libro,Crónicas del tiempo libre
9789915654324,es un codigo ISBN de una edicion publicada por,Planeta
9789974111417,es un codigo ISBN para el libro,Fotografías y fotógrafos en Uruguay 1870-1930
9789974111417,es un codigo ISBN de una edicion publicada por,Ediciones de la Banda Oriental
9789974111639,es un codigo ISBN para el libro,La expedición de Magallanes en el Río de La Plata
9789974111639,es un codigo ISBN de una edicion publicada por,Banda Oriental
9789915663388,es un codigo ISBN para el libro,Artistas y cronistas viajeros en el Río de la Plata
9789915663388,es un codigo ISBN de una edicion publicada por,Editorial Planeta S.A.
9789974108578,es un codigo ISBN para el libro,Los comienzos de la fotografía en Uruguay
9789974108578,es un codigo ISBN de una edicion publicada por,Ediciones de la Banda Oriental
9789974833364,es un codigo ISBN para el libro,A orillas del descubrimiento
9789974833364,es un codigo ISBN de una edicion publicada por,Torre del Vigía
9789974106611,es un codigo ISBN para el libro,Mercado del Puerto
9789974106611,es un codigo ISBN de una edicion publicada por,Ediciones de la Banda Oriental
9789974107205,es un codigo ISBN para el libro,Pocitos
9789974107205,es un codigo ISBN de una edicion publicada por,Ediciones de la Banda Oriental
9789974694057,es un codigo ISBN para el libro,Influencia británica en el Uruguay
9789974694057,es un codigo ISBN de una edicion publicada por,Ediciones Cruz del Sur
9789974821781,es un codigo ISBN para el libro,"Graff [sic] Spee, de la política al drama"
9789974821781,es un codigo ISBN de una edicion publicada por,Ediciones Cruz del Sur
9789974804937,es un codigo ISBN para el libro,Montevideo bajo bandera británica
9789974804937,es un codigo ISBN de una edicion publicada por,Torre del Vigia Ediciones
9789974814967,es un codigo ISBN para el libro,Estampas del candombe =
9789974814967,es un codigo ISBN de una edicion publicada por,Del Sur Ediciones
9789974794047,es un codigo ISBN para el libro,ADES
9789974794047,es un codigo ISBN de una edicion publicada por,Torre del Vigía Ediciones
9789974794016,es un codigo ISBN para el libro,Faros del Uruguay
9789974794016,es un codigo ISBN de una edicion publicada por,Torre del Vigía Ediciones
9789974104785,es un codigo ISBN para el libro,Historia de la fotografia en el Uruguay
9789974104785,es un codigo ISBN de una edicion publicada por,Banda Oriental
9798405804248,es un codigo ISBN para el libro,Propósito Eterno de Dios para Mi Vida
9798405804248,es un codigo ISBN de una edicion publicada por,Independently Published
9798532849112,es un codigo ISBN para el libro,Juego y la Condición Humana
9798532849112,es un codigo ISBN de una edicion publicada por,Independently Published
9789974499409,es un codigo ISBN para el libro,Nunca te duermas escuchando relatos de amor
9789974499409,es un codigo ISBN de una edicion publicada por,Editorial Fin de Siglo
9789974909434,es un codigo ISBN para el libro,La bic de Dios
9789974909434,es un codigo ISBN de una edicion publicada por,Editorial Fin de siglo
9789974683365,es un codigo ISBN para el libro,El pañuelo del mago
9789974683365,es un codigo ISBN de una edicion publicada por,Mondadori
9789974637122,es un codigo ISBN para el libro,Descentralización en salud
9789974637122,es un codigo ISBN de una edicion publicada por,Sindicato Médico del Uruguay
9789974831070,es un codigo ISBN para el libro,Gestión de servicios de salud
9789974831070,es un codigo ISBN de una edicion publicada por,Zona Editorial
9789874117106,es un codigo ISBN para el libro,Tipoemaca
9789874117106,es un codigo ISBN de una edicion publicada por,Wolkowicz Editores
9789974722002,es un codigo ISBN para el libro,Patria
9789974722002,es un codigo ISBN de una edicion publicada por,Irrupciones Grupo Editor
9789974803381,es un codigo ISBN para el libro,Aquí debería ir el título
9789974803381,es un codigo ISBN de una edicion publicada por,Yaugurú
9789974841871,es un codigo ISBN para el libro,M3naje a truá
9789974841871,es un codigo ISBN de una edicion publicada por,Julieta Cartonera
9789974719163,es un codigo ISBN para el libro,Mecagoenusté
9789974719163,es un codigo ISBN de una edicion publicada por,Amordemisamores
9789974890282,es un codigo ISBN para el libro,Esto no es un libro de poemas
9789974890282,es un codigo ISBN de una edicion publicada por,Amordemisamores
9789974719828,es un codigo ISBN para el libro,Ni siquiera
9789974719828,es un codigo ISBN de una edicion publicada por,Yaugurú
9789974841895,es un codigo ISBN para el libro,De entonces acá
9789974841895,es un codigo ISBN de una edicion publicada por,Yaugurú
9789974839205,es un codigo ISBN para el libro,Cualquiercosario
9789974839205,es un codigo ISBN de una edicion publicada por,Yaugurú
9789974833548,es un codigo ISBN para el libro,Trasiego
9789974833548,es un codigo ISBN de una edicion publicada por,Yaugurú
9789974830202,es un codigo ISBN para el libro,Escrivisiones a partir de fotogravivas
9789974830202,es un codigo ISBN de una edicion publicada por,Los Libros de la Imperdible
9789509282278,es un codigo ISBN para el libro,"Tipografia, Poemas & Polacos"
9789509282278,es un codigo ISBN de una edicion publicada por,Argonauta
9789509282445,es un codigo ISBN para el libro,"Tipografia, Poemas & Polacos"
9789509282445,es un codigo ISBN de una edicion publicada por,Argonauta
9789974013452,es un codigo ISBN para el libro,La pantalla letrada
9789974013452,es un codigo ISBN de una edicion publicada por,"Espacio Interdisciplinario, Universidad de la República Uruguay"
9789974005990,es un codigo ISBN para el libro,Archivos y derechos humanos
9789974005990,es un codigo ISBN de una edicion publicada por,Archivo General de la Universidad de la República
9789974559653,es un codigo ISBN para el libro,Al centro y adentro
9789974559653,es un codigo ISBN de una edicion publicada por,Linardi y Risso
9789974911093,es un codigo ISBN para el libro,La experiencia tupamara
9789974911093,es un codigo ISBN de una edicion publicada por,[Jorge Zabalza?]
9789974946071,es un codigo ISBN para el libro,La leyenda insurgente
9789974946071,es un codigo ISBN de una edicion publicada por,Ediciónes de la Estaca
9789974826717,es un codigo ISBN para el libro,"Raúl Sendic, el tupamaro"
9789974826717,es un codigo ISBN de una edicion publicada por,Ediciones Letraeñe
9789915652023,es un codigo ISBN para el libro,"""Ángeles de la muerte"
9789915652023,es un codigo ISBN de una edicion publicada por,Debate
9789879630228,es un codigo ISBN para el libro,Ellos - Los Seres Extraterrestres
9789879630228,es un codigo ISBN de una edicion publicada por,Ameghino
9789509216778,es un codigo ISBN para el libro,El Mundo de Las Vidas Anteriores
9789509216778,es un codigo ISBN de una edicion publicada por,Planeta
9789871243631,es un codigo ISBN para el libro,El Universo De La Espiritualidad/ a Spiritual Universe
9789871243631,es un codigo ISBN de una edicion publicada por,DOS Editores
9789871243617,es un codigo ISBN para el libro,Los Grandes Misterios/ the Great Mysteries
9789871243617,es un codigo ISBN de una edicion publicada por,DOS Editores
9789879215081,es un codigo ISBN para el libro,Los Verdaderos Hombres de Negro
9789879215081,es un codigo ISBN de una edicion publicada por,Ameghino
9789507960086,es un codigo ISBN para el libro,Morir Es Volver a Casa
9789507960086,es un codigo ISBN de una edicion publicada por,Beas Ediciones
9789507425660,es un codigo ISBN para el libro,"Ovni Existen y Son Extraterrestres, Los"
9789507425660,es un codigo ISBN de una edicion publicada por,Planeta
9789507420696,es un codigo ISBN para el libro,"Reino Subterraneo, El"
9789507420696,es un codigo ISBN de una edicion publicada por,Planeta
9789871243624,es un codigo ISBN para el libro,"Somos Eternos, La Muerte No Existe/ We Are Eternal, Death Doesn't Exist"
9789871243624,es un codigo ISBN de una edicion publicada por,DOS Editores
9789879686911,es un codigo ISBN para el libro,Un Gran Misterio Cosmico El Amor
9789879686911,es un codigo ISBN de una edicion publicada por,Circulo del Buen Lector
9789508340580,es un codigo ISBN para el libro,"Vida Desde Adentro, La"
9789508340580,es un codigo ISBN de una edicion publicada por,Beas Ediciones
9789507422126,es un codigo ISBN para el libro,Los hombres de negro y los ovnis
9789507422126,es un codigo ISBN de una edicion publicada por,Planeta
9788494847943,es un codigo ISBN para el libro,Los desbordes populares desde abajo
9788494847943,es un codigo ISBN de una edicion publicada por,Baladre
9788412144321,es un codigo ISBN para el libro,Tiempos de colapso
9788412144321,es un codigo ISBN de una edicion publicada por,Zambra
9788412144314,es un codigo ISBN para el libro,"Nuevas derechas, nuevas resistencias"
9788412144314,es un codigo ISBN de una edicion publicada por,Baladre
9789872083410,es un codigo ISBN para el libro,Genealogía de la revuelta
9789872083410,es un codigo ISBN de una edicion publicada por,Nordan Comunidad
9789588454191,es un codigo ISBN para el libro,América Latina
9789588454191,es un codigo ISBN de una edicion publicada por,Ediciones Desde Abajo
9786079675134,es un codigo ISBN para el libro,Movimientos sociales en América Latina
9786079675134,es un codigo ISBN de una edicion publicada por,Bajo Tierra Ediciones
9788474262865,es un codigo ISBN para el libro,Derechos humanos y desarrollo
9788474262865,es un codigo ISBN de una edicion publicada por,Nordan-Comunidad
9789974822610,es un codigo ISBN para el libro,Movimientos y emancipaciones
9789974822610,es un codigo ISBN de una edicion publicada por,Alter Ediciones
9789876010665,es un codigo ISBN para el libro,Dibujando fuera de los márgenes
9789876010665,es un codigo ISBN de una edicion publicada por,"Lcrj', La Crujía"
9789872190071,es un codigo ISBN para el libro,Política y miseria
9789872190071,es un codigo ISBN de una edicion publicada por,Lavaca
9789871238347,es un codigo ISBN para el libro,Tiempos de rebelión
9789871238347,es un codigo ISBN de una edicion publicada por,GEMSAL
9789974675711,es un codigo ISBN para el libro,Una historia silenciada
9789974675711,es un codigo ISBN de una edicion publicada por,Ediciones Cruz del Sur
9789974675643,es un codigo ISBN para el libro,Niños de la guerra
9789974675643,es un codigo ISBN de una edicion publicada por,Linardi y Risso
9789974675421,es un codigo ISBN para el libro,Cultura popular en el Uruguay de entresiglos (1870-1910)
9789974675421,es un codigo ISBN de una edicion publicada por,Linardi y Risso
9789974001015,es un codigo ISBN para el libro,La utopia cosmopolita
9789974001015,es un codigo ISBN de una edicion publicada por,Facultad de Humanidades y Ciencias de la Educación
9789974530096,es un codigo ISBN para el libro,"Otro 900, El"
9789974530096,es un codigo ISBN de una edicion publicada por,Ediciones Colihue
9789974783560,es un codigo ISBN para el libro,Perfiles en sombra
9789974783560,es un codigo ISBN de una edicion publicada por,Librería de la Facultad de Humanidades y Ciencias de la Educación
9789974839090,es un codigo ISBN para el libro,El animal letrado
9789974839090,es un codigo ISBN de una edicion publicada por,H Editores
9789974763999,es un codigo ISBN para el libro,Ganas y letras
9789974763999,es un codigo ISBN de una edicion publicada por,H. Editores
9781848611894,es un codigo ISBN para el libro,Hotel Lautréamont
9781848611894,es un codigo ISBN de una edicion publicada por,Shearsman Books
9789974839007,es un codigo ISBN para el libro,Cielo 1/2
9789974839007,es un codigo ISBN de una edicion publicada por,H Editores
9789974807945,es un codigo ISBN para el libro,Mal y neomal
9789974807945,es un codigo ISBN de una edicion publicada por,Amuleto
9789974574489,es un codigo ISBN para el libro,Guia Del Mundo
9789974574489,es un codigo ISBN de una edicion publicada por,New Internationalist
9789974687417,es un codigo ISBN para el libro,Orientales
9789974687417,es un codigo ISBN de una edicion publicada por,Casa Editorial Hum
9780822963820,es un codigo ISBN para el libro,The invisible bridge
9780822963820,es un codigo ISBN de una edicion publicada por,University of Pittsburgh Press
9789974851566,es un codigo ISBN para el libro,Voces del agua
9789974851566,es un codigo ISBN de una edicion publicada por,Rebeca Linke Editoras
9789974833487,es un codigo ISBN para el libro,Dualidades
9789974833487,es un codigo ISBN de una edicion publicada por,Rebeca Linke Editoras
9789872904203,es un codigo ISBN para el libro,La pesadora de perlas
9789872904203,es un codigo ISBN de una edicion publicada por,Viento de Fondo
9789974809307,es un codigo ISBN para el libro,Obra poética
9789974809307,es un codigo ISBN de una edicion publicada por,Rebeca Linke Editoras
9789974816947,es un codigo ISBN para el libro,Obra poética
9789974816947,es un codigo ISBN de una edicion publicada por,Rebeca Linke Editoras
9788492128297,es un codigo ISBN para el libro,Inmovilidad De Los Barcos (Coleccion Poesia # 73)
9788492128297,es un codigo ISBN de una edicion publicada por,Bassarai
9788426423313,es un codigo ISBN para el libro,Desastres íntimos / Intimate Disasters
9788426423313,es un codigo ISBN de una edicion publicada por,Penguin Random House Grupo Editorial
9788426445926,es un codigo ISBN para el libro,Cuando fumar era un placer/When Smoking Was A Pleasure
9788426445926,es un codigo ISBN de una edicion publicada por,Lumen
9788426412430,es un codigo ISBN para el libro,Desastres Intimos (Novela)
9788426412430,es un codigo ISBN de una edicion publicada por,Editorial Lumen
9789700515953,es un codigo ISBN para el libro,El Amor Es Una Droga Dura
9789700515953,es un codigo ISBN de una edicion publicada por,Debate
9789507312885,es un codigo ISBN para el libro,El Amor Es Una Droga Dura
9789507312885,es un codigo ISBN de una edicion publicada por,Editorial Seix Barral
9788425320248,es un codigo ISBN para el libro,El Libro de MIS Primos (Espejo de Tinta)
9788425320248,es un codigo ISBN de una edicion publicada por,Grijalbo
9788401379789,es un codigo ISBN para el libro,Habitacion de hotel/ Hotel Room
9788401379789,es un codigo ISBN de una edicion publicada por,Plaza & Janes Editories Sa
9788426449030,es un codigo ISBN para el libro,"Museos Abandonados, Los (Femenino Singular)"
9788426449030,es un codigo ISBN de una edicion publicada por,Editorial Lumen
9788426415189,es un codigo ISBN para el libro,Poesia Reunida / Poetry Together
9788426415189,es un codigo ISBN de una edicion publicada por,Lumen Books/Sites Books
9788426414144,es un codigo ISBN para el libro,Por Fin Solos / At Last Alone
9788426414144,es un codigo ISBN de una edicion publicada por,Lumeneditorial
9789508500717,es un codigo ISBN para el libro,Algunos Poemas
9789508500717,es un codigo ISBN de una edicion publicada por,El Francotirador
9789974482395,es un codigo ISBN para el libro,Delmira Agustini ..
9789974482395,es un codigo ISBN de una edicion publicada por,Ediciones de la Plaza
9789879243350,es un codigo ISBN para el libro,Los Calices Vacios
9789879243350,es un codigo ISBN de una edicion publicada por,Ediciones Simurg
9788437612041,es un codigo ISBN para el libro,Poesias Completas - Agustini
9788437612041,es un codigo ISBN de una edicion publicada por,Ediciones Catedra S.A.
9789974540484,es un codigo ISBN para el libro,Cartas de amor y otra correspondencia íntima
9789974540484,es un codigo ISBN de una edicion publicada por,Cal y Canto
9788475178547,es un codigo ISBN para el libro,Los cálices vacíos (poesías)
9788475178547,es un codigo ISBN de una edicion publicada por,Hiperión
9789974481138,es un codigo ISBN para el libro,Poems
9789974481138,es un codigo ISBN de una edicion publicada por,Ediciones de la Plaza
9781423702566,es un codigo ISBN para el libro,Cantos de la man ana
9781423702566,es un codigo ISBN de una edicion publicada por,El Cid
9789974550537,es un codigo ISBN para el libro,Poesia completa
9789974550537,es un codigo ISBN de una edicion publicada por,Biblioteca Nacional
9789685647366,es un codigo ISBN para el libro,El decir y el vértigo
9789685647366,es un codigo ISBN de una edicion publicada por,"Filodecaballos, Editores"
9789569131226,es un codigo ISBN para el libro,Extensión de la corteza
9789569131226,es un codigo ISBN de una edicion publicada por,Alquimia
9786071641847,es un codigo ISBN para el libro,"Oasis, no hacer"
9786071641847,es un codigo ISBN de una edicion publicada por,Fondo de Cultura Económica
9789871904006,es un codigo ISBN para el libro,Suramen en el sentido de velamen
9789871904006,es un codigo ISBN de una edicion publicada por,Espacio Hudson
9789974550612,es un codigo ISBN para el libro,Veredas a los modos de un bosque
9789974550612,es un codigo ISBN de una edicion publicada por,Ediciones de la Biblioteca
9789974550414,es un codigo ISBN para el libro,Habrá tenido lugar
9789974550414,es un codigo ISBN de una edicion publicada por,Biblioteca Nacional
9786079640606,es un codigo ISBN para el libro,Donde no hay
9786079640606,es un codigo ISBN de una edicion publicada por,Mangos de Hacha
9788415398363,es un codigo ISBN para el libro,Donde no hay
9788415398363,es un codigo ISBN de una edicion publicada por,Amargord
9789807362245,es un codigo ISBN para el libro,Pirí
9789807362245,es un codigo ISBN de una edicion publicada por,Fondo Editorial del Caribe
9789974699991,es un codigo ISBN para el libro,Chajá para todos
9789974699991,es un codigo ISBN de una edicion publicada por,Estuario editora
9786075168708,es un codigo ISBN para el libro,Ensayos por ahora
9786075168708,es un codigo ISBN de una edicion publicada por,"Consejo Nacional para la Cultura y las Artes, Dirección General de Publicaciones"
9788416149384,es un codigo ISBN para el libro,Derrotero
9788416149384,es un codigo ISBN de una edicion publicada por,"Bolombolo, s.l."
9788415766049,es un codigo ISBN para el libro,"No hay, de veras, veredas"
9788415766049,es un codigo ISBN de una edicion publicada por,Libros de la resistencia
9788415700517,es un codigo ISBN para el libro,Salir fuera
9788415700517,es un codigo ISBN de una edicion publicada por,Baile del Sol
9788467227666,es un codigo ISBN para el libro,Pulir huesos
9788467227666,es un codigo ISBN de una edicion publicada por,Galaxia Gutenberg
9786070014741,es un codigo ISBN para el libro,El camino ullán
9786070014741,es un codigo ISBN de una edicion publicada por,Consejo para la Cultura y las Artes de Nuevo León
9789974792760,es un codigo ISBN para el libro,De este modo se llena un vacío
9789974792760,es un codigo ISBN de una edicion publicada por,Lapzus
9796890371375,es un codigo ISBN para el libro,De este modo se llena un vacío
9796890371375,es un codigo ISBN de una edicion publicada por,"UACM, Universidad Autónoma de la Ciudad de México"
9789800117316,es un codigo ISBN para el libro,Cosas de ensayo veredes
9789800117316,es un codigo ISBN de una edicion publicada por,Monte Ávila Editores Latinoamericana
9789974687523,es un codigo ISBN para el libro,"Vacío, nombre de una carne"
9789974687523,es un codigo ISBN de una edicion publicada por,Casa Editorial Hum
9786071605184,es un codigo ISBN para el libro,Disenso
9786071605184,es un codigo ISBN de una edicion publicada por,Fondo de Cultura Económica
9788477748373,es un codigo ISBN para el libro,Ensayos unidos
9788477748373,es un codigo ISBN de una edicion publicada por,A. Machado Libros
9786074332018,es un codigo ISBN para el libro,Obvio al desnudo
9786074332018,es un codigo ISBN de una edicion publicada por,Universidad Autónoma de Nuevo León
9789873670145,es un codigo ISBN para el libro,La honestidad artística
9789873670145,es un codigo ISBN de una edicion publicada por,Editorial Serapis
9789507535840,es un codigo ISBN para el libro,Juan Darién
9789507535840,es un codigo ISBN de una edicion publicada por,Cántaro
9789974325593,es un codigo ISBN para el libro,Tres cuentos de la selva
9789974325593,es un codigo ISBN de una edicion publicada por,Ediciones Trilce
9789974363816,es un codigo ISBN para el libro,"S. Fragoso Lima, novelas breves de Horacio Quiroga"
9789974363816,es un codigo ISBN de una edicion publicada por,+Quiroga Ediciones
9789915406817,es un codigo ISBN para el libro,Textos políticos extraviados & dispersos
9789915406817,es un codigo ISBN de una edicion publicada por,+Quiroga ediciones
9789879216200,es un codigo ISBN para el libro,Los Mejores Relatos Marinos
9789879216200,es un codigo ISBN de una edicion publicada por,Ameghino
9789681903558,es un codigo ISBN para el libro,Cuentos de terror
9789681903558,es un codigo ISBN de una edicion publicada por,Alfaguara
9789561313538,es un codigo ISBN para el libro,Relatos escalofriantes
9789561313538,es un codigo ISBN de una edicion publicada por,Andrés Bello
9788476729243,es un codigo ISBN para el libro,Cuentos de amor de locura y de muerte ; Cuentos de la selva
9788476729243,es un codigo ISBN de una edicion publicada por,Edicomunicación
9780080127910,es un codigo ISBN para el libro,Cuentos escogidos
9780080127910,es un codigo ISBN de una edicion publicada por,Pergamon
9789974748750,es un codigo ISBN para el libro,Sorocabana blues
9789974748750,es un codigo ISBN de una edicion publicada por,Alfaguara
9789974732544,es un codigo ISBN para el libro,Montevideo noir
9789974732544,es un codigo ISBN de una edicion publicada por,Alfaguara
9789974903081,es un codigo ISBN para el libro,La misteriosa muerte de Eleanor Rigby
9789974903081,es un codigo ISBN de una edicion publicada por,Alfaguara
9789974888906,es un codigo ISBN para el libro,Noches de Bonanza
9789974888906,es un codigo ISBN de una edicion publicada por,Alfaguara
9789915652672,es un codigo ISBN para el libro,El árbol de la ambición
9789915652672,es un codigo ISBN de una edicion publicada por,Alfaguara
9789915659794,es un codigo ISBN para el libro,La misión Rockefeller
9789915659794,es un codigo ISBN de una edicion publicada por,Alfaguara
9789974954939,es un codigo ISBN para el libro,El Club de los Nostálgicos
9789974954939,es un codigo ISBN de una edicion publicada por,Alfaguara
9789974700123,es un codigo ISBN para el libro,El hombre con una sola sandalia
9789974700123,es un codigo ISBN de una edicion publicada por,Seix Barral
9789974958234,es un codigo ISBN para el libro,El caso Bonapelch
9789974958234,es un codigo ISBN de una edicion publicada por,Alfaguara
9788416793136,es un codigo ISBN para el libro,El guerrero del crepúsculo
9788416793136,es un codigo ISBN de una edicion publicada por,Libervox
9789974953703,es un codigo ISBN para el libro,Diario de la arena
9789974953703,es un codigo ISBN de una edicion publicada por,Alfaguara
9789974951617,es un codigo ISBN para el libro,El desfile salvaje
9789974951617,es un codigo ISBN de una edicion publicada por,Alfaguara
9788489618770,es un codigo ISBN para el libro,El Guerrero Del Crepusculo
9788489618770,es un codigo ISBN de una edicion publicada por,Lengua De Trapo
9788418449116,es un codigo ISBN para el libro,Invierno Equivocado
9788418449116,es un codigo ISBN de una edicion publicada por,Vegueta Ediciones S. L.
9788495908902,es un codigo ISBN para el libro,Granta En Espanol #3
9788495908902,es un codigo ISBN de una edicion publicada por,Emece Editores
9788490125588,es un codigo ISBN para el libro,Todo de pronto es nada
9788490125588,es un codigo ISBN de una edicion publicada por,Ediciones Universidad de Salamanca
9786075472966,es un codigo ISBN para el libro,Premio FIL de literatura en Lenguas Romances
9786075472966,es un codigo ISBN de una edicion publicada por,"Universidad de Guadalajara, Editorial Universitaria"
9788493465100,es un codigo ISBN para el libro,El ABC de Byobu
9788493465100,es un codigo ISBN de una edicion publicada por,Not Avail
9780924047428,es un codigo ISBN para el libro,Reason Enough
9780924047428,es un codigo ISBN de una edicion publicada por,"Host Publications, Inc."
9789701832585,es un codigo ISBN para el libro,Un Invierno Equivocado / A Mistaken Winter (Encuento)
9789701832585,es un codigo ISBN de una edicion publicada por,Centro De Informacion Y Desarollo
9789686229905,es un codigo ISBN para el libro,Lexico de Afinidades
9789686229905,es un codigo ISBN de una edicion publicada por,Editorial Vuelta
9788496501140,es un codigo ISBN para el libro,Lexico de Afinidades
9788496501140,es un codigo ISBN de una edicion publicada por,Cobre
9788492913602,es un codigo ISBN para el libro,Mella y criba
9788492913602,es un codigo ISBN de una edicion publicada por,Pre-Textos
9788439742401,es un codigo ISBN para el libro,Amor portátil
9788439742401,es un codigo ISBN de una edicion publicada por,Random House
9789974540644,es un codigo ISBN para el libro,El tango
9789974540644,es un codigo ISBN de una edicion publicada por,Cal y Canto
9789974363755,es un codigo ISBN para el libro,De la poesía y los poetas
9789974363755,es un codigo ISBN de una edicion publicada por,Ministerio de Educación y Cultura
9789974540705,es un codigo ISBN para el libro,Poesia completa
9789974540705,es un codigo ISBN de una edicion publicada por,Cal y Canto
9789974540620,es un codigo ISBN para el libro,Diario de juventud
9789974540620,es un codigo ISBN de una edicion publicada por,Cal y Canto
9788426403490,es un codigo ISBN para el libro,Poesía completa
9788426403490,es un codigo ISBN de una edicion publicada por,LUMEN
9788426423276,es un codigo ISBN para el libro,Poesía completa
9788426423276,es un codigo ISBN de una edicion publicada por,Penguin Random House Grupo Editorial
9789974540491,es un codigo ISBN para el libro,Poesía completa
9789974540491,es un codigo ISBN de una edicion publicada por,Cal y Canto
9788426416636,es un codigo ISBN para el libro,Poesía completa
9788426416636,es un codigo ISBN de una edicion publicada por,Lumen
9788466313414,es un codigo ISBN para el libro,'La cita' y otros cuentos de mujeres infieles
9788466313414,es un codigo ISBN de una edicion publicada por,Suma de Letras
9789681913625,es un codigo ISBN para el libro,'La cita' y otros cuentos de mujeres infieles
9789681913625,es un codigo ISBN de una edicion publicada por,Alfaguara
9788466334310,es un codigo ISBN para el libro,Astillero / the Shipyard
9788466334310,es un codigo ISBN de una edicion publicada por,Penguin Random House Grupo Editorial
9788466334327,es un codigo ISBN para el libro,Vida Breve / a Brief Life
9788466334327,es un codigo ISBN de una edicion publicada por,Penguin Random House Grupo Editorial
9788420477626,es un codigo ISBN para el libro,Vida Breve (Edición Conmemorativa de la RAE y la ASALE) / a Brief Life
9788420477626,es un codigo ISBN de una edicion publicada por,Penguin Random House Grupo Editorial
9788493680886,es un codigo ISBN para el libro,"Onetti, entre la ironía y la piedad"
9788493680886,es un codigo ISBN de una edicion publicada por,Del  Centro Editores
9788466334600,es un codigo ISBN para el libro,Cuentos completos
9788466334600,es un codigo ISBN de una edicion publicada por,Debolsillo
9788498678697,es un codigo ISBN para el libro,Novelas de Santa María
9788498678697,es un codigo ISBN de una edicion publicada por,RBA Libros
9789876460606,es un codigo ISBN para el libro,Novelas cortas
9789876460606,es un codigo ISBN de una edicion publicada por,Centre de Recherches Latino-Américaines-Archivos
9788403041448,es un codigo ISBN para el libro,Obras completas
9788403041448,es un codigo ISBN de una edicion publicada por,Aguilar
9788467214567,es un codigo ISBN para el libro,Obras completas
9788467214567,es un codigo ISBN de una edicion publicada por,Galaxia Gutenberg
9789871673612,es un codigo ISBN para el libro,Novelas breves
9789871673612,es un codigo ISBN de una edicion publicada por,Eterna Cadencia
9788466320399,es un codigo ISBN para el libro,El pozo
9788466320399,es un codigo ISBN de una edicion publicada por,Punto de Lectura
9788401540028,es un codigo ISBN para el libro,10 relatos de amor
9788401540028,es un codigo ISBN de una edicion publicada por,Plaza & Janés
9789800106907,es un codigo ISBN para el libro,Cinco novelas cortas
9789800106907,es un codigo ISBN de una edicion publicada por,Monte Avila Editores
9789500301930,es un codigo ISBN para el libro,El Raiz Salvaje - Cantaro Fresco
9789500301930,es un codigo ISBN de una edicion publicada por,Losada
9789500359221,es un codigo ISBN para el libro,"Lenguas de Diamante, Las"
9789500359221,es un codigo ISBN de una edicion publicada por,Losada
9789974360105,es un codigo ISBN para el libro,Obras
9789974360105,es un codigo ISBN de una edicion publicada por,Instituto Nacional de Libro
9789561315426,es un codigo ISBN para el libro,Obras escogidas
9789561315426,es un codigo ISBN de una edicion publicada por,Andres Bello
9788426391520,es un codigo ISBN para el libro,La vida y otras geografías
9788426391520,es un codigo ISBN de una edicion publicada por,Edelvives
9788461327942,es un codigo ISBN para el libro,Relatos del Rio de la Plata. Incluye CD con la lectura de los relatos (Spanish Edition)
9788461327942,es un codigo ISBN de una edicion publicada por,Habla con Eñe
9782266150491,es un codigo ISBN para el libro,Rêves et réalités / Sueños y realidades
9782266150491,es un codigo ISBN de una edicion publicada por,Pocket
9788495642011,es un codigo ISBN para el libro,Historias médicas
9788495642011,es un codigo ISBN de una edicion publicada por,Páginas de Espuma
9788449411809,es un codigo ISBN para el libro,Poemas Revelados -Benedetti-
9788449411809,es un codigo ISBN de una edicion publicada por,Losada
9788495642493,es un codigo ISBN para el libro,Pasión de papel
9788495642493,es un codigo ISBN de una edicion publicada por,Páginas de Espuma
9789684294974,es un codigo ISBN para el libro,Noción de patria ; Próximo prójimo
9789684294974,es un codigo ISBN de una edicion publicada por,Nueva Imagen
9788475229010,es un codigo ISBN para el libro,Inventario Uno - 1976-1985 - Con CD
9788475229010,es un codigo ISBN de una edicion publicada por,Visor
9789879338087,es un codigo ISBN para el libro,Acordes Cotidianos
9789879338087,es un codigo ISBN de una edicion publicada por,Vergara
9789507315060,es un codigo ISBN para el libro,Inventario Tres
9789507315060,es un codigo ISBN de una edicion publicada por,Editorial Seix Barral
9789507314001,es un codigo ISBN para el libro,Inventario Tres
9789507314001,es un codigo ISBN de una edicion publicada por,Editorial Seix Barral
9789681915285,es un codigo ISBN para el libro,Inventario Tres
9789681915285,es un codigo ISBN de una edicion publicada por,Alfaguara
9788420673547,es un codigo ISBN para el libro,Antologia Poetica
9788420673547,es un codigo ISBN de una edicion publicada por,Alianza Editorial Sa
9789500718271,es un codigo ISBN para el libro,Nocion de Patria/Proximo Projimo
9789500718271,es un codigo ISBN de una edicion publicada por,Sudamericana
9780152928568,es un codigo ISBN para el libro,Unstill life
9780152928568,es un codigo ISBN de una edicion publicada por,"Harcourt, Brace & World"
9788496304833,es un codigo ISBN para el libro,Mini Letras va contigo Coleccionable 1 / Mini Writings Goes With You Collectible 1
9788496304833,es un codigo ISBN de una edicion publicada por,Hk Books
9789507312793,es un codigo ISBN para el libro,"Vida, Ese Parentesis, La"
9789507312793,es un codigo ISBN de una edicion publicada por,Planeta
9781945720215,es un codigo ISBN para el libro,Carnation and tenebrae candle
9781945720215,es un codigo ISBN de una edicion publicada por,Cardboard House Press
9789871228942,es un codigo ISBN para el libro,No develarás el misterio
9789871228942,es un codigo ISBN de una edicion publicada por,El Cuenco de Plata
9789871228607,es un codigo ISBN para el libro,"El gran ratón dorado, el gran raton de lilas"
9789871228607,es un codigo ISBN de una edicion publicada por,El Cuenco de Plata
9789872127466,es un codigo ISBN para el libro,La Flor de Lis with CD (Audio)
9789872127466,es un codigo ISBN de una edicion publicada por,El Cuenco de Plata
9789586555623,es un codigo ISBN para el libro,Misales
9789586555623,es un codigo ISBN de una edicion publicada por,Editorial Universidad de Antioquia
9789871228058,es un codigo ISBN para el libro,Misales
9789871228058,es un codigo ISBN de una edicion publicada por,El Cuenco de Plata
9781934414972,es un codigo ISBN para el libro,Diadem
9781934414972,es un codigo ISBN de una edicion publicada por,BOA Editions
9780613841733,es un codigo ISBN para el libro,"Aventuras del Sapo Ruperto, Las"
9780613841733,es un codigo ISBN de una edicion publicada por,Tandem Library
9789702902348,es un codigo ISBN para el libro,Babu (Infantil)
9789702902348,es un codigo ISBN de una edicion publicada por,Santillana USA Publishing Company
9789684116245,es un codigo ISBN para el libro,El abuelo mas loco del mundo
9789684116245,es un codigo ISBN de una edicion publicada por,Era Edicions Sa
9788420458281,es un codigo ISBN para el libro,"Mundo Perfecto, Un - Derecho a la Sanidad - 4"
9788420458281,es un codigo ISBN de una edicion publicada por,Alfaguara
9789974590632,es un codigo ISBN para el libro,Pateando Lunas
9789974590632,es un codigo ISBN de una edicion publicada por,Santillana USA Publishing Company
9789684115651,es un codigo ISBN para el libro,Pequeña ala
9789684115651,es un codigo ISBN de una edicion publicada por,Era Edicions Sa
9789974951044,es un codigo ISBN para el libro,Rocanrol
9789974951044,es un codigo ISBN de una edicion publicada por,Alfaguara
9789974950504,es un codigo ISBN para el libro,Ruperto y los extraterrestres
9789974950504,es un codigo ISBN de una edicion publicada por,Alfaguara
9788420458274,es un codigo ISBN para el libro,UN Mundo Perfecto (Derechos Del Nino)
9788420458274,es un codigo ISBN de una edicion publicada por,Santillana USA Publishing Company
9789684115668,es un codigo ISBN para el libro,La niebla
9789684115668,es un codigo ISBN de una edicion publicada por,Era Edicions Sa
9780613853446,es un codigo ISBN para el libro,Pateando Lunas
9780613853446,es un codigo ISBN de una edicion publicada por,Tandem Library
9789505118496,es un codigo ISBN para el libro,Pateando Lunas
9789505118496,es un codigo ISBN de una edicion publicada por,Aguilar
9789505116003,es un codigo ISBN para el libro,Ruperto Insiste!! - Nuevas Aventuras de Un Sapo Detective
9789505116003,es un codigo ISBN de una edicion publicada por,Alfaguara
9780613893220,es un codigo ISBN para el libro,Ruperto Insiste!! - Nuevas Aventuras de Un Sapo Detective
9780613893220,es un codigo ISBN de una edicion publicada por,Tandem Library
9789505117390,es un codigo ISBN para el libro,Ruperto Detective
9789505117390,es un codigo ISBN de una edicion publicada por,Alfaguara
9780613819992,es un codigo ISBN para el libro,Ruperto Detective
9780613819992,es un codigo ISBN de una edicion publicada por,Tandem Library
9789870401438,es un codigo ISBN para el libro,Ruperto Detective
9789870401438,es un codigo ISBN de una edicion publicada por,Alfaguara
9789974590656,es un codigo ISBN para el libro,Ruperto Detective
9789974590656,es un codigo ISBN de una edicion publicada por,Alfaguara
9789974805873,es un codigo ISBN para el libro,Instrucciones para jugar con sapos invisibles
9789974805873,es un codigo ISBN de una edicion publicada por,Editorial Sudamericana
