source,relation,target
Álvaro Abós,es de nacionalidad,argentina
Álvaro Abós,es autor de la obra,Eichmann en Argentina
Carlos Abrevaya,es de nacionalidad,argentina
Alejandro Agostinelli,es de nacionalidad,argentina
Alejandro Agostinelli,es autor de la obra,Invasores
Frank Agostino,es de nacionalidad,argentina
Frank Agostino,es autor de la obra,Ms All Del Universo
Eduardo Agüero Mackern,es de nacionalidad,argentina
Eduardo Agüero Mackern,es autor de la obra,Giuseppe Peano
Eduardo Agüero Mackern,es autor de la obra,Los FilÓsofos y Sus Preguntas
Eduardo Agüero Mackern,es autor de la obra,Pregunta Por el Sentido
Zacarías Agüero Vera,es de nacionalidad,argentina
Milton Aguilar,es de nacionalidad,argentina
Osvaldo Aguirre,es de nacionalidad,argentina
Osvaldo Aguirre,es autor de la obra,Enigmas de la crónica policial
Osvaldo Aguirre,es autor de la obra,Territorio de resistencia
Osvaldo Aguirre,es autor de la obra,La vanguardia perdida
Osvaldo Aguirre,es autor de la obra,1864
Osvaldo Aguirre,es autor de la obra,El campo
Osvaldo Aguirre,es autor de la obra,Hablados por la poesía
Osvaldo Aguirre,es autor de la obra,El crimen perfecto
Osvaldo Aguirre,es autor de la obra,La oscuridad dentro de mí
Osvaldo Aguirre,es autor de la obra,Tierra en el aire
Osvaldo Aguirre,es autor de la obra,El novato
Osvaldo Aguirre,es autor de la obra,Francisco Urondo
Osvaldo Aguirre,es autor de la obra,Leyenda negra
Osvaldo Aguirre,es autor de la obra,Lengua natal
Osvaldo Aguirre,es autor de la obra,Setecientosmonos
Osvaldo Aguirre,es autor de la obra,Escuela de detectives
Osvaldo Aguirre,es autor de la obra,Graffiti ninja
Osvaldo Aguirre,es autor de la obra,Oratorio Morante
Osvaldo Aguirre,es autor de la obra,Como si fuera hoy
Osvaldo Aguirre,es autor de la obra,El año del dragón y otros relatos
Osvaldo Aguirre,es autor de la obra,La selección argentina
Osvaldo Aguirre,es autor de la obra,Todos mienten
Osvaldo Aguirre,es autor de la obra,La conexión latina
Osvaldo Aguirre,es autor de la obra,La Deriva (Ficciones)
Osvaldo Aguirre,es autor de la obra,Los indeseables
Osvaldo Aguirre,es autor de la obra,Rocanrol
Osvaldo Aguirre,es autor de la obra,Estrella del Norte
Osvaldo Aguirre,es autor de la obra,Campo Albornoz
Osvaldo Aguirre,es autor de la obra,Campo Albornoz
Cristian Alarcón Casanova,es de nacionalidad,argentina
Cristian Alarcón Casanova,es autor de la obra,Tercer paraíso (Premio Alfaguara 2022) / the Third Paradise
Daniel Alcoba,es de nacionalidad,argentina
Daniel Alcoba,es autor de la obra,El lector del diablo (Coleccion Huella de sangre)
Pedro Salvador Alé,es de nacionalidad,argentina
Jorge Altamira,es de nacionalidad,argentina
Jorge Altamira,es autor de la obra,No fue un martes negro más
Jorge Altamira,es autor de la obra,El ascenso de la izquierda
Jorge Altamira,es autor de la obra,"El The Argentinazo, El Presente Como Historia"
Rodolfo A. Álvarez,es de nacionalidad,argentina
Mario Amadeo,es de nacionalidad,argentina
José Amícola,es de nacionalidad,argentina
José Amícola,es autor de la obra,Una erótica sangrienta
José Amícola,es autor de la obra,Estéticas bastardas
José Amícola,es autor de la obra,Un corte de género
José Amícola,es autor de la obra,La teoría literaria hoy
Nimio de Anquín,es de nacionalidad,argentina
Julio Ardiles Gray,es de nacionalidad,argentina
Julio Ardiles Gray,es autor de la obra,Panorama de la narrativa tucumana
Julio Ardiles Gray,es autor de la obra,Delirios Y Quimeras - Teatro (1979 - 1992)
Lucas Braulio Areco,es de nacionalidad,argentina
Antonio Argerich,es de nacionalidad,argentina
Antonio Argerich,es autor de la obra,Inocentes
Antonio Argerich,es autor de la obra,¿Inocentes o Culpables?
Horacio Armani,es de nacionalidad,argentina
Horacio Armani,es autor de la obra,Aventuras de la palabra
Horacio Armani,es autor de la obra,Por amor al maestro
Horacio Armani,es autor de la obra,Antología de poesía italiana contemporánea
Horacio Armani,es autor de la obra,Antologia De Poesia Italiana Contemporanea (Ediciones Varias)
Horacio Armani,es autor de la obra,El sueño de la poesía
Horacio Armani,es autor de la obra,La Poesia Que Queda
Horacio Armani,es autor de la obra,Veneno Lento / Slow Poison
Francisco Arrúa,es de nacionalidad,argentina
Carlos Astrada,es de nacionalidad,argentina
Carlos Astrada,es autor de la obra,Tierra y figura
Carlos Astrada,es autor de la obra,Sociología de la guerra y filosofía de la paz
Carlos Astrada,es autor de la obra,Escritos escogidos
Carlos Astrada,es autor de la obra,Hacia la revolución
Carlos Astrada,es autor de la obra,Martin Heidegger
Carlos Astrada,es autor de la obra,Metafísica de la pampa
Carlos Astrada,es autor de la obra,El Mito Gaucho
Laura Ávila,es de nacionalidad,argentina
Laura Ávila,es autor de la obra,La sociedad secreta de las hermanas Matanza
Adriana Ballesteros,es de nacionalidad,argentina
Adriana Ballesteros,es autor de la obra,Zapatos rojos de charol
Adriana Ballesteros,es autor de la obra,EL MÃGICO MUNDO DE LAS HADAS
Adriana Ballesteros,es autor de la obra,Multicuentos de Colores
Adriana Ballesteros,es autor de la obra,Multicuentos de Colores - Leyendas Argentinas
Adriana Ballesteros,es autor de la obra,Multicuentos de Colores Maravillosos - Para Los Mas Chiquitos
Adriana Ballesteros,es autor de la obra,Multicuentos de Colores - Para Los Mas Chicos
Vicente Barbieri,es de nacionalidad,argentina
Vicente Barbieri,es autor de la obra,El Libro de Las Mil Cosas
Vicente Barbieri,es autor de la obra,Obra Poetica - Barbieri
Pedro Luis Barcia,es de nacionalidad,argentina
Pedro Luis Barcia,es autor de la obra,Crítica Literaria
Pedro Luis Barcia,es autor de la obra,Estudios Esotéricos
Pedro Luis Barcia,es autor de la obra,Marechal
Pedro Luis Barcia,es autor de la obra,Narrativa Policial Argentina
Pedro Luis Barcia,es autor de la obra,Lengua Que Hablamos
Pedro Luis Barcia,es autor de la obra,Cuentos Desconocidos
Pedro Luis Barcia,es autor de la obra,Colección de Poesías Patrióticas : (inédito De 1826)
Pedro Luis Barcia,es autor de la obra,Ensayos Sobre Estética y Poética
Pedro Luis Barcia,es autor de la obra,Rescate de Náufragos I
Pedro Luis Barcia,es autor de la obra,Cancionero de las invasiones inglesas
Pedro Luis Barcia,es autor de la obra,Pedro Henríquez Ureña y la Argentina
Pedro Luis Barcia,es autor de la obra,Ideario de San Martín
Pedro Luis Barcia,es autor de la obra,Poesías desconocidas de la independencia argentina
Pedro Luis Barcia,es autor de la obra,La literatura antártica argentina
Pedro Luis Barcia,es autor de la obra,Misión Del Escritor - el Ideal Caballeresco
Pedro Luis Barcia,es autor de la obra,inédito N° 46-47 de Martín Fierro de Homenaje a Güiraldes
Pedro Luis Barcia,es autor de la obra,Elogios
Pedro Luis Barcia,es autor de la obra,La Biblioteca popular de Buenos Aires (1878-1883)
Pedro Luis Barcia,es autor de la obra,"Hacia un Diccionario de Gentilicios Argentinos, DiGA"
Pedro Luis Barcia,es autor de la obra,Homenaje a Larreta en el centenario de La gloria de don Ramiro (1908-2008)
Pedro Luis Barcia,es autor de la obra,Diccionario fraseológico del habla argentina
Pedro Luis Barcia,es autor de la obra,Elaboracion del Proyecto Educativo Institucional
Pedro Luis Barcia,es autor de la obra,Historia de La Historiografia Literaria Argentina
Pedro Luis Barcia,es autor de la obra,Léxico del mate
Pedro Luis Barcia,es autor de la obra,Un inédito diccionario de argentinismos del siglo XIX
Leónidas Barletta,es de nacionalidad,argentina
Tomás Barna,es de nacionalidad,argentina
Tomás Barna,es autor de la obra,Buceo excitante en las entrañas del tango
Tomás Barna,es autor de la obra,Amor y plenitud en el absurdo viaje hacia la muerte
Tomás Barna,es autor de la obra,"Voces interiores, meditaciones, reminiscencias"
Tomás Barna,es autor de la obra,Amor y tango en púrpura y azul
Tomás Barna,es autor de la obra,Amor
Tomás Barna,es autor de la obra,"Exploraciones, embriagueces, éxtasis"
Tomás Barna,es autor de la obra,Los intensos goces de la escritura
Tomás Barna,es autor de la obra,"Prodigios, exaltaciones y gozos"
Jorge Barón Biza,es de nacionalidad,argentina
Raúl Barón Biza,es de nacionalidad,argentina
Jorge Barraza,es de nacionalidad,argentina
Jorge Barraza,es autor de la obra,Fútbol de ayer y de hoy
Yerahmiel Barylka,es de nacionalidad,argentina
Vicente Battista,es de nacionalidad,argentina
Vicente Battista,es autor de la obra,Crimenes de arena
Vicente Battista,es autor de la obra,"Walsh, 1957"
Vicente Battista,es autor de la obra,Ojos que no ven
Vicente Battista,es autor de la obra,Enlaces y cabos sueltos
Vicente Battista,es autor de la obra,Cuaderno del ausente
Vicente Battista,es autor de la obra,Lo Mejor de Los Mejores
Vicente Battista,es autor de la obra,Antología personal
Ángel J. Battistessa,es de nacionalidad,argentina
Eduardo Belgrano Rawson,es de nacionalidad,argentina
Eduardo Belgrano Rawson,es autor de la obra,Ver para leer
Eduardo Belgrano Rawson,es autor de la obra,El sermón de La Victoria
Eduardo Belgrano Rawson,es autor de la obra,Vamos fusilando mientras llega la orden
Eduardo Belgrano Rawson,es autor de la obra,El Mundo Se Derrumba y Nosotros Nos Enamoramos
Eduardo Belgrano Rawson,es autor de la obra,Fuegia - En Los Confines del Mundo
Eduardo Belgrano Rawson,es autor de la obra,No Se Turbe Vuestro Corazon
Eduardo Belgrano Rawson,es autor de la obra,Noticias Secretas de America - Nueva Edicion
Eduardo Belgrano Rawson,es autor de la obra,Fuegia
Eduardo Belgrano Rawson,es autor de la obra,Noticias secretas de América
Eduardo Belgrano Rawson,es autor de la obra,El Naufrago de Las Estrellas
Rodolfo Bellani,es de nacionalidad,argentina
León Benarós,es de nacionalidad,argentina
León Benarós,es autor de la obra,Romances de pueblo
León Benarós,es autor de la obra,Eduardo Falú
Salvador Benesdra,es de nacionalidad,argentina
Emilia Bertolé,es de nacionalidad,argentina
Emilia Bertolé,es autor de la obra,Emilia Bertolé
Claudio Bertonatti,es de nacionalidad,argentina
Claudio Bertonatti,es autor de la obra,Ballenas
Claudio Bertonatti,es autor de la obra,Monos
Claudio Bertonatti,es autor de la obra,Murcielagos
Santiago Bilinkis,es de nacionalidad,argentina
Santiago Bilinkis,es autor de la obra,Artificial
Isidoro Blaisten,es de nacionalidad,argentina
Isidoro Blaisten,es autor de la obra,Sucedió en la lluvia
Isidoro Blaisten,es autor de la obra,Cuando Eramos Felices
Isidoro Blaisten,es autor de la obra,Cuentos Completos
Isidoro Blaisten,es autor de la obra,Dublin Al Sur y Otros Relatos
Isidoro Blaisten,es autor de la obra,Cuentos Anteriores
Paula Bombara,es de nacionalidad,argentina
Paula Bombara,es autor de la obra,?Quieres saber qué son las células?
Paula Bombara,es autor de la obra,Eleodoro
Paula Bombara,es autor de la obra,El Mar y la Serpiente/ The Sea and the Snake (Zona Libre/ Free Zone)
Paula Bombara,es autor de la obra,La Cuarta Pata
Paula Bombara,es autor de la obra,Queres Saber Que Son Las Proteinas?
Ángel Bonomini,es de nacionalidad,argentina
Ángel Bonomini,es autor de la obra,Historias Secretas
Mateo Booz,es de nacionalidad,argentina
Mateo Booz,es autor de la obra,La ciudad cambió la voz
Mateo Booz,es autor de la obra,El Cambaranga
Gonzalo Bosch,es de nacionalidad,argentina
Rodolfo Braceli,es de nacionalidad,argentina
Rodolfo Braceli,es autor de la obra,Cuerpos abrasados
Rodolfo Braceli,es autor de la obra,Bocca
Rodolfo Braceli,es autor de la obra,Argentinos En La Cornisa
Rodolfo Braceli,es autor de la obra,Borges-Bioy
Rodolfo Braceli,es autor de la obra,El ultimo padre / The Last Father
Rodolfo Braceli,es autor de la obra,"Fontanarrosa,entregate"
Alberto Buela,es de nacionalidad,argentina
Graciela Cabal,es de nacionalidad,argentina
Graciela Cabal,es autor de la obra,Miedo
Graciela Cabal,es autor de la obra,Las vacaciones de Tomasito
Graciela Cabal,es autor de la obra,Cosquillas en el ombligo
Graciela Cabal,es autor de la obra,La cenizas de papá
Graciela Cabal,es autor de la obra,Las Rositas
Graciela Cabal,es autor de la obra,Miedo
Graciela Cabal,es autor de la obra,"Rositas, Las"
Graciela Cabal,es autor de la obra,Secretos de familia
Graciela Cabal,es autor de la obra,Toby (Torre de Papel)
Max Cachimba,es de nacionalidad,argentina
Max Cachimba,es autor de la obra,Humor Idiota
Ricardo Caillet-Bois,es de nacionalidad,argentina
Matías Calandrelli,es de nacionalidad,argentina
Matías Calandrelli,es autor de la obra,Diccionario Filológico-Comparado de la Lengua Castellana; 4
Daniel Calmels,es de nacionalidad,argentina
Daniel Calmels,es autor de la obra,Cuerpo Cuenta
Daniel Calmels,es autor de la obra,Cuerpo y Saber
Daniel Calmels,es autor de la obra,El Libro de Los Pies
Daniel Calmels,es autor de la obra,Espacio Habitado
Daniel Calmels,es autor de la obra,Espacio Habitado - Psicomotricidad
Daniel Calmels,es autor de la obra,Juegos de Crianza
Daniel Calmels,es autor de la obra,El Cuerpo En La Escritura
Daniel Calmels,es autor de la obra,Marea En Las Manos
Daniel Calmels,es autor de la obra,Que Es La Psicomotricidad?
Arturo Cancela,es de nacionalidad,argentina
Arturo Cancela,es autor de la obra,Historia funambulesca del profesor Landormy
Alberto María Candioti,es de nacionalidad,argentina
Arturo Capdevila,es de nacionalidad,argentina
Arturo Capdevila,es autor de la obra,Arturo Capdevila
Arturo Capdevila,es autor de la obra,"Cuando Un Bosque Se Quema - Nene, Nena y Guau"
Arturo Capdevila,es autor de la obra,"Cuando Un Bosque Se Quema - Nene, Nena y Guau (Paco Capd-Vila)"
Leonardo Castellani,es de nacionalidad,argentina
Leonardo Castellani,es autor de la obra,Freud
Leonardo Castellani,es autor de la obra,Camperas
Leonardo Castellani,es autor de la obra,Cristo vuelve o no vuelve?
Leonardo Castellani,es autor de la obra,Pluma en ristre
Leonardo Castellani,es autor de la obra,El apokalipsis de San Juan
Ernesto L. Castro,es de nacionalidad,argentina
Mariano Caucino,es de nacionalidad,argentina
Mariano Caucino,es autor de la obra,Rusia Actor Global
Andrés Chabrillón,es de nacionalidad,argentina
Atilio Chiappori,es de nacionalidad,argentina
Florencio Chiarello,es de nacionalidad,argentina
Osiris Chierico,es de nacionalidad,argentina
Marcelo Cohen,es de nacionalidad,argentina
Marcelo Cohen,es autor de la obra,El fin de lo mismo
Marcelo Cohen,es autor de la obra,Relatos reunidos
Marcelo Cohen,es autor de la obra,Música prosaica (cuatro piezas sobre traducción)
Marcelo Cohen,es autor de la obra,Algo más
Marcelo Cohen,es autor de la obra,Jorge Miño
Marcelo Cohen,es autor de la obra,Riplay
Marcelo Cohen,es autor de la obra,El Oido Absoluto
Marcelo Cohen,es autor de la obra,El Pais de La Dama Electrica
Marcelo Cohen,es autor de la obra,El Testamento de O'Jaral (Alianza Literatura)
Marcelo Cohen,es autor de la obra,Impureza
Marcelo Cohen,es autor de la obra,Inolvidables Veladas
Marcelo Cohen,es autor de la obra,La Solucion Parcial/ the Partial Solution (Voces/ Literatura)
Marcelo Cohen,es autor de la obra,Realmente Fantastico! y Otros Ensayos
Marcelo Cohen,es autor de la obra,"Sitio de Kelany, El"
Marcelo Cohen,es autor de la obra,Buda
Marcelo Cohen,es autor de la obra,Hombres Amables
Marcelo Cohen,es autor de la obra,Casa de Ottro
Marcelo Cohen,es autor de la obra,Balada
Daniel Colombo,es de nacionalidad,argentina
Daniel Colombo,es autor de la obra,Abrir caminos
Daniel Colombo,es autor de la obra,Historias Que Hacen Bien/ Stories That Inspire
Félix Coluccio,es de nacionalidad,argentina
Félix Coluccio,es autor de la obra,Diccionario de juegos infantiles latinoamericanos
Julio Cortázar,es de nacionalidad,argentina
Julio Cortázar,es autor de la obra,'La cita' y otros cuentos de mujeres infieles
Julio Cortázar,es autor de la obra,Relatos del Rio de la Plata. Incluye CD con la lectura de los relatos (Spanish Edition)
Julio Cortázar,es autor de la obra,Rêves et réalités / Sueños y realidades
Julio Cortázar,es autor de la obra,Perseguidor
Julio Cortázar,es autor de la obra,Otra Orilla
Julio Cortázar,es autor de la obra,Los Crímenes de la Rue Morgue
Julio Cortázar,es autor de la obra,Las Aventuras de Arthur Gordon Pym
Julio Cortázar,es autor de la obra,Carta Robada
Julio Cortázar,es autor de la obra,Los Crímenes de la Calle Morgue
Julio Cortázar,es autor de la obra,Misterio de Marie Roget
Julio Cortázar,es autor de la obra,Cuentos
Julio Cortázar,es autor de la obra,Barril de Amontillado
Julio Cortázar,es autor de la obra,Cómo Escribir Cuentos
Roberto Cortés Conde,es de nacionalidad,argentina
Roberto Cortés Conde,es autor de la obra,Progreso Y Declinacion De LA Economia Argentina
Dardo Cúneo,es de nacionalidad,argentina
Florian Czarnyszewicz,es de nacionalidad,argentina
Gabriela Dalla-Corte,es de nacionalidad,argentina
Gabriela Dalla-Corte,es autor de la obra,Empresas y tierras de Carlos Casado en el Chaco Paraguayo
Gabriela Dalla-Corte,es autor de la obra,La conquista y ocupación de la frontera del Chaco entre Paraguay y Argentina
Gabriela Dalla-Corte,es autor de la obra,"Mocovíes, franciscanos y colonos de la zona chaqueña de Santa Fe, 1850-2011"
Gabriela Dalla-Corte,es autor de la obra,Lealtades firmes
Gabriela Dalla-Corte,es autor de la obra,La Guerra del Chaco
Gabriela Dalla-Corte,es autor de la obra,Carlos de Sanctis
Gabriela Dalla-Corte,es autor de la obra,San Francisco de Asís del Laishí
Gabriela Dalla-Corte,es autor de la obra,Casa de América de Barcelona (1911-1947)
Gabriela Dalla-Corte,es autor de la obra,Mujeres Argentinas/argentinian's Women
Juan Damonte,es de nacionalidad,argentina
Eduardo D'Anna,es de nacionalidad,argentina
Eduardo D'Anna,es autor de la obra,La literatura de Santa Fe
Eduardo D'Anna,es autor de la obra,Nadie cerca o lejos
Eduardo D'Anna,es autor de la obra,Zoológicos
Hugo del Rosso,es de nacionalidad,argentina
Josefina Delgado,es de nacionalidad,argentina
Josefina Delgado,es autor de la obra,Niní Marshall
Josefina Delgado,es autor de la obra,Juan Manuel Fangio
Josefina Delgado,es autor de la obra,Florentino Ameghino
Josefina Delgado,es autor de la obra,Victoria Ocampo
Josefina Delgado,es autor de la obra,Jorge Luis Borges
Josefina Delgado,es autor de la obra,Memorias imperfectas
Josefina Delgado,es autor de la obra,Lola Mora
Josefina Delgado,es autor de la obra,Astor Piazzolla
Josefina Delgado,es autor de la obra,"Tita Merello, la morocha argentina"
Josefina Delgado,es autor de la obra,Alfonsina Storni
Josefina Delgado,es autor de la obra,Julio Cortázar
Josefina Delgado,es autor de la obra,Enrique Santos Discépolo
Josefina Delgado,es autor de la obra,Jorge Newbery
Josefina Delgado,es autor de la obra,El Bosque de Los Libros
Josefina Delgado,es autor de la obra,Escrito Sobre Borges
Antonio Di Benedetto,es de nacionalidad,argentina
Antonio Di Benedetto,es autor de la obra,Tras la sombra de Antonio Di Benedetto
Antonio Di Benedetto,es autor de la obra,El hacedor de silencio
Antonio Di Benedetto,es autor de la obra,Cuentos Claros/clear Stories (Le Lengua)
Antonio Di Benedetto,es autor de la obra,Cuentos Completos / Complete Short Stories (La Lengua / Cuento)
Antonio Di Benedetto,es autor de la obra,Declinación y Angel
Antonio Di Benedetto,es autor de la obra,El Pentagono/the Pentagon
Antonio Di Benedetto,es autor de la obra,Paginas de Antonio Di Benedetto
Antonio Di Benedetto,es autor de la obra,Trilogía de la espera
Antonio Di Benedetto,es autor de la obra,Aballay
Luis Di Filippo,es de nacionalidad,argentina
Jorge Di Paola,es de nacionalidad,argentina
Alina Diaconú,es de nacionalidad,argentina
Sabetay Djaen,es de nacionalidad,argentina
Ariel Dorfman,es de nacionalidad,argentina
Ariel Dorfman,es autor de la obra,Otros septiembres
Aldo Duzdevich,es de nacionalidad,argentina
Aldo Duzdevich,es autor de la obra,Salvados por Francisco
Aldo Duzdevich,es autor de la obra,La lealtad
Francisco Erize,es de nacionalidad,argentina
Francisco Erize,es autor de la obra,Los Parques nacionales de la Argentina y otras de sus áreas naturales
Francisco Erize,es autor de la obra,El Nuevo Libro del Arbol (Colección Patrimonio Natural)
Diego Erlan,es de nacionalidad,argentina
Diego Erlan,es autor de la obra,El amor nos destrozará
Máximo Etchecopar,es de nacionalidad,argentina
Mariano Fazio Fernández,es de nacionalidad,argentina
Mariano Fazio Fernández,es autor de la obra,Al César lo que es del César
Mariano Fazio Fernández,es autor de la obra,Del buen salvaje al ciudadano
Mariano Fazio Fernández,es autor de la obra,Historia de la filosofía IV - Filosofía contemporánea
Mariano Fazio Fernández,es autor de la obra,Historia de la filosofía III - Filosofía moderna
Mariano Fazio Fernández,es autor de la obra,El siglo de oro español
Mariano Fazio Fernández,es autor de la obra,El último romántico
Mariano Fazio Fernández,es autor de la obra,El Papa Francisco
Mariano Fazio Fernández,es autor de la obra,"No esclavos, sino hijos"
Mariano Fazio Fernández,es autor de la obra,Transformar el mundo desde dentro
Mariano Fazio Fernández,es autor de la obra,De la persona a la aldea global
Sergio Federovisky,es de nacionalidad,argentina
Sergio Federovisky,es autor de la obra,El medio ambiente no le importa a nadie
Salvador Ferla,es de nacionalidad,argentina
María Teresa Ferrari,es de nacionalidad,argentina
León Federico Fiel,es de nacionalidad,argentina
Hugo Foguet,es de nacionalidad,argentina
Hugo Foguet,es autor de la obra,Covergencias
Hugo Foguet,es autor de la obra,Frente al Mar de Timor
Hugo Foguet,es autor de la obra,Obra poética
Roberto Fontanarrosa,es de nacionalidad,argentina
Roberto Fontanarrosa,es autor de la obra,Inodoro Pereyra 18
Roberto Fontanarrosa,es autor de la obra,Inodoro Pereyra 17
Roberto Fontanarrosa,es autor de la obra,Cuentos de ciencia ficción
Roberto Fontanarrosa,es autor de la obra,Los mejores cuentos de fútbol
Roberto Fontanarrosa,es autor de la obra,Cuentos Reunidos
Roberto Fontanarrosa,es autor de la obra,Cuentos de cine
Roberto Fontanarrosa,es autor de la obra,Boogie el aceitoso
Roberto Fontanarrosa,es autor de la obra,El fútbol es sagrado
Roberto Fontanarrosa,es autor de la obra,Los clásicos según Fontanarrosa
Roberto Fontanarrosa,es autor de la obra,No te vayas campeón
Roberto Fontanarrosa,es autor de la obra,Aventuras de Inodoro Pereyra 5
Roberto Fontanarrosa,es autor de la obra,Best Seller
Roberto Fontanarrosa,es autor de la obra,Boogie 11
Roberto Fontanarrosa,es autor de la obra,Boogie 6
Roberto Fontanarrosa,es autor de la obra,El Area 18 / The 18 Area
Roberto Fontanarrosa,es autor de la obra,El Mayor De Mis Defectos
Roberto Fontanarrosa,es autor de la obra,"El Mundo Ha Vivido Equivocado Y Otros Cuentos/the World Has Lived Mistaken, and Other Stories"
Roberto Fontanarrosa,es autor de la obra,El Rey De La Milonga / the King of the Milonga
Roberto Fontanarrosa,es autor de la obra,El Segundo Sexo De Fontanarro
Roberto Fontanarrosa,es autor de la obra,Fontanarrosa Contra La Cultura
Roberto Fontanarrosa,es autor de la obra,Fontanarrosa De Penal
Roberto Fontanarrosa,es autor de la obra,Fontanarrosa y la inseguridad/ Fontanarrosa And The Insecurity
Roberto Fontanarrosa,es autor de la obra,Fontanarrosa Y Los Medicos
Roberto Fontanarrosa,es autor de la obra,Inodoro Pereyra
Roberto Fontanarrosa,es autor de la obra,Inodoro Pereyra - 1
Roberto Fontanarrosa,es autor de la obra,Inodoro Pereyra 10
Roberto Fontanarrosa,es autor de la obra,Inodoro Pereyra 11
Roberto Fontanarrosa,es autor de la obra,Inodoro Pereyra 12
Roberto Fontanarrosa,es autor de la obra,Inodoro Pereyra 13
Roberto Fontanarrosa,es autor de la obra,Inodoro Pereyra 14
Roberto Fontanarrosa,es autor de la obra,Inodoro Pereyra 19
Roberto Fontanarrosa,es autor de la obra,Inodoro Pereyra 2
Roberto Fontanarrosa,es autor de la obra,Inodoro Pereyra 20
Roberto Fontanarrosa,es autor de la obra,Inodoro Pereyra 26
Roberto Fontanarrosa,es autor de la obra,Inodoro Pereyra 27
Roberto Fontanarrosa,es autor de la obra,Inodoro Pereyra 28
Roberto Fontanarrosa,es autor de la obra,Inodoro Pereyra 29
Roberto Fontanarrosa,es autor de la obra,Inodoro Pereyra 3
Roberto Fontanarrosa,es autor de la obra,Inodoro Pereyra 4
Roberto Fontanarrosa,es autor de la obra,Inodoro Pereyra 6
Roberto Fontanarrosa,es autor de la obra,Inodoro Pereyra 7
Roberto Fontanarrosa,es autor de la obra,Inodoro Pereyra 8
Roberto Fontanarrosa,es autor de la obra,La Mesa De Los Galanes y otros cuentos/ The Table of the Handsome Young Men and Other Stories
Roberto Fontanarrosa,es autor de la obra,Los Trenes Matan a Los Autos
Raúl Fortín,es de nacionalidad,argentina
Raúl Fortín,es autor de la obra,Juego y Aprendo 2 - Con El Grafico
Raúl Fortín,es autor de la obra,Juego y Aprendo 3 - Con El Grafico
Raúl Fortín,es autor de la obra,La Gran Payada
Raúl Fortín,es autor de la obra,Juego y Aprendo 1 - Con El Grafico
Raúl Fortín,es autor de la obra,Juego y Aprendo 4 - Con El Grafico
Luis Franco,es de nacionalidad,argentina
Luis Franco,es autor de la obra,La pampa habla
Luis Franco,es autor de la obra,Biografías animales
Luis Franco,es autor de la obra,El General Paz y Los DOS Candidatos
Luis Franco,es autor de la obra,El Aguila y El Zorro
Juan Carlos Frugone,es de nacionalidad,argentina
Raúl Galán,es de nacionalidad,argentina
Mariano Gambier,es de nacionalidad,argentina
Mariano Gambier,es autor de la obra,Prehistoria de San Juan
Jorge García Badaracco,es de nacionalidad,argentina
Martín García Mérou,es de nacionalidad,argentina
Germán García,es de nacionalidad,argentina
Germán García,es autor de la obra,El psicoanálisis y los debates culturales
Germán García,es autor de la obra,Actualidad del Trauma
Germán García,es autor de la obra,D'Escolar (Serie Impar)
Germán García,es autor de la obra,Fuego Amigo
Germán García,es autor de la obra,Gombrowicz - El Estilo y La Heraldica
Germán García,es autor de la obra,La Fortuna
Germán García,es autor de la obra,Oscar Masotta
Germán García,es autor de la obra,Oscar Masotta y El Psicoanalisis del Castellano (Extension Freudiana)
Eduardo Giorlandini,es de nacionalidad,argentina
José Gobello,es de nacionalidad,argentina
José Gobello,es autor de la obra,Paratangos
José Gobello,es autor de la obra,Curso básico de lunfardo
José Gobello,es autor de la obra,Diccionario gauchesco
José Gobello,es autor de la obra,Cronología general del tango
José Gobello,es autor de la obra,Historia de la Academia Porteña del Lunfardo
José Gobello,es autor de la obra,¿Cómo era Gardel?
José Gobello,es autor de la obra,Blanqueo etimológico del lunfardo
Eduardo Goligorsky,es de nacionalidad,argentina
Eduardo Goligorsky,es autor de la obra,Ilusiones - Bolsillo (Spanish Edition)
Ramón Gómez de la Serna,es de nacionalidad,argentina
Ramón Gómez de la Serna,es autor de la obra,La nardo
Ramón Gómez de la Serna,es autor de la obra,El desahucio a la vista
Ramón Gómez de la Serna,es autor de la obra,"Retratos, semblanzas y caricaturas variadas"
Bernardo González Arrili,es de nacionalidad,argentina
Betina González,es de nacionalidad,argentina
Betina González,es autor de la obra,America Alucinada
Andrew Graham-Yooll,es de nacionalidad,argentina
Andrew Graham-Yooll,es autor de la obra,Ocupacion y Reconquista. 1806 B 1807 a 200 Anos de Las Invasiones Inglesas
Andrew Graham-Yooll,es autor de la obra,Tiempo de Trajedias y Esperanzas - Cronologias Historica 1955-2005 de Peron a Kirchner
Andrew Graham-Yooll,es autor de la obra,El país que nos parió
Andrew Graham-Yooll,es autor de la obra,"Buenos Aires, otoño 1982"
Andrew Graham-Yooll,es autor de la obra,Agonia y Muerte de Juan Domingo Peron
Andrew Graham-Yooll,es autor de la obra,La colonia olvidada
Andrew Graham-Yooll,es autor de la obra,Pequeñas Guerras Britanicas En America Latina
Andrew Graham-Yooll,es autor de la obra,Memoria del Miedo
Eduardo Gudiño Kieffer,es de nacionalidad,argentina
Eduardo Gudiño Kieffer,es autor de la obra,Azazel
Luis Gudiño Krámer,es de nacionalidad,argentina
Jorge Gumier Maier,es de nacionalidad,argentina
Gusti,es de nacionalidad,argentina
Gusti,es autor de la obra,Viaje en Lápiz
Gusti,es autor de la obra,¡Vivan Las Uñas de Colores!
Gusti,es autor de la obra,"Nino, el rey de todo el mundo"
Gusti,es autor de la obra,temido enemigo
Gusti,es autor de la obra,Para qué sirven los dientes?
Gusti,es autor de la obra,Mallko y papá
Gusti,es autor de la obra,Basurarte
Gusti,es autor de la obra,El Hijo Del Viento/the Son of the Wind
Guillermo Helbling,es de nacionalidad,argentina
Ataliva Herrera,es de nacionalidad,argentina
Alberto Hidalgo,es de nacionalidad,argentina
Alberto Hidalgo,es autor de la obra,Poesía de la locura al celo
Alberto Hidalgo,es autor de la obra,España no existe
Alberto Hidalgo,es autor de la obra,Poemas simplistas
Juan Hilarión Lenzi,es de nacionalidad,argentina
Marcela Iacub,es de nacionalidad,argentina
Cristina Iglesia,es de nacionalidad,argentina
Cristina Iglesia,es autor de la obra,Dobleces
Cristina Iglesia,es autor de la obra,Letras y Divisas
Cristina Iglesia,es autor de la obra,Corrientes
Alí Mohamed Issa,es de nacionalidad,argentina
Paco Jamandreu,es de nacionalidad,argentina
Lewis Jones,es de nacionalidad,argentina
Carlos Juárez Aldazábal,es de nacionalidad,argentina
Carlos Juárez Aldazábal,es autor de la obra,El caserío
Carlos Juárez Aldazábal,es autor de la obra,El aire estaba quieto
Carlos Juárez Aldazábal,es autor de la obra,El banco está cerrado
Máximo José Kahn,es de nacionalidad,argentina
Máximo José Kahn,es autor de la obra,El Romancero sefardí de Máximo José Kahn
Máximo José Kahn,es autor de la obra,Arte y Torá
Malatios Khouri,es de nacionalidad,argentina
Ricardo Kirschbaum,es de nacionalidad,argentina
Elías Konsol,es de nacionalidad,argentina
Alberto Laiseca,es de nacionalidad,argentina
Alberto Laiseca,es autor de la obra,La puerta del viento
Alberto Laiseca,es autor de la obra,Poemas chinos
Alberto Laiseca,es autor de la obra,El artista
Alberto Laiseca,es autor de la obra,Cuentos de Terror (Interzona Ficciones)
Alberto Laiseca,es autor de la obra,LA Mujer En LA Muralla/the Woman on the Wall
Alberto Laiseca,es autor de la obra,las gordas tambien viajan en internet
Alberto Laiseca,es autor de la obra,Aventuras de Un Novelista Atonal
Alberto Laiseca,es autor de la obra,La mujer en la Muralla
Alberto Laiseca,es autor de la obra,Los sorias
Alberto Laiseca,es autor de la obra,Matando enanos a garrotazos
Alberto Laiseca,es autor de la obra,El artista
Alberto Laiseca,es autor de la obra,Su turno
Alberto Laiseca,es autor de la obra,Cuentos completos
Alejandro Lanoël,es de nacionalidad,argentina
Milton Läufer,es de nacionalidad,argentina
Arnoldo Liberman Stilman,es de nacionalidad,argentina
Mauro Libertella,es de nacionalidad,argentina
Mauro Libertella,es autor de la obra,Mi libro enterrado
Manuel Lizondo Borda,es de nacionalidad,argentina
Julio Llinás,es de nacionalidad,argentina
Estanislao Lluesma Uranga,es de nacionalidad,argentina
Omar López Mato,es de nacionalidad,argentina
Omar López Mato,es autor de la obra,El general y el almirante
Omar López Mato,es autor de la obra,Cuadros Clínicos
Omar López Mato,es autor de la obra,La patria enferma
Omar López Mato,es autor de la obra,Viviendo en el país de nunca jamás
Omar López Mato,es autor de la obra,Sin mañana
Omar López Mato,es autor de la obra,Artigas
Omar López Mato,es autor de la obra,La patria posible
Omar López Mato,es autor de la obra,Ringo y Joe
Omar López Mato,es autor de la obra,Monstruos como nosotros
Omar López Mato,es autor de la obra,Días de gloria
Jorge Elías Luján,es de nacionalidad,argentina
Jorge Elías Luján,es autor de la obra,Gitana de las Flores
Jorge Elías Luján,es autor de la obra,Accidente Celeste
Jorge Elías Luján,es autor de la obra,Alba y ocaso
Jorge Elías Luján,es autor de la obra,LA Vaca Roja
Jorge Elías Luján,es autor de la obra,Los Gemelos Del Popol Vuh/The Twins of Popol Vuh (Cuentamerica)
Jorge Elías Luján,es autor de la obra,Mas alla de mi brazo
Jorge Elías Luján,es autor de la obra,Mi Cuerpo Y Yo/ My Body and Me
Jorge Elías Luján,es autor de la obra,Sky Blue Accident/Accidente celeste
Jorge Elías Luján,es autor de la obra,Tarde de invierno/Winter Afternoon
José Ramón Luna,es de nacionalidad,argentina
Enrique Lynch,es de nacionalidad,argentina
Enrique Lynch,es autor de la obra,Nubarrones
Enrique Lynch,es autor de la obra,Dionisio Dormido Sobre Un Tigre (Ensayos/Destino)
Enrique Lynch,es autor de la obra,La Leccion de Sheherezade
Enrique Lynch,es autor de la obra,Merodeador - Tentativas Sobre Filosofia y Literatu (Argumentos)
Enrique Lynch,es autor de la obra,Prosa y circunstancia
Enrique Lynch,es autor de la obra,Television
Enrique Lynch,es autor de la obra,Hobbes
Enrique Lynch,es autor de la obra,Sobre la belleza
Homero Manzi,es de nacionalidad,argentina
Homero Manzi,es autor de la obra,"Poemas, prosa y cuentos cortos"
Homero Manzi,es autor de la obra,"Poemas, Prosa y Cuentos Cortos - Encuadernada"
Benigno T. Martínez,es de nacionalidad,argentina
Benigno T. Martínez,es autor de la obra,Naufragio
Leonardo Martínez,es de nacionalidad,argentina
Sebastián Martínez Daniell,es de nacionalidad,argentina
Sebastián Martínez Daniell,es autor de la obra,Precipitaciones aisladas
Sebastián Martínez Daniell,es autor de la obra,Precipitaciones aisladas
José Nicolás Matienzo,es de nacionalidad,argentina
Julio Mauricio,es de nacionalidad,argentina
Miguel Mazzeo,es de nacionalidad,argentina
Miguel Mazzeo,es autor de la obra,Resistencia o integración
Miguel Mazzeo,es autor de la obra,El hereje
Miguel Mazzeo,es autor de la obra,Malestar en la política
Miguel Mazzeo,es autor de la obra,El socialismo enraizado
Miguel Mazzeo,es autor de la obra,José Carlos Mariátegui y el socialismo de nuestra América
Miguel Mazzeo,es autor de la obra,Poder popular y nación
Miguel Mazzeo,es autor de la obra,Conjurar a Babel
Miguel Mazzeo,es autor de la obra,Entre la reivención de la política y el fetichismo del poder
Miguel Mazzeo,es autor de la obra,Osvaldo Bayer
Miguel Mazzeo,es autor de la obra,Invitación al descubrimiento
Miguel Mazzeo,es autor de la obra,"Cooke, de Vuelta"
Miguel Mazzeo,es autor de la obra,Dioses Fracasados
Miguel Mazzeo,es autor de la obra,Que No Hacer?
Miguel Mazzeo,es autor de la obra,Textos Traspapelados 1957 - 1961
Miguel Mazzeo,es autor de la obra,El sueño de una cosa
Enrique Medina,es de nacionalidad,argentina
Enrique Medina,es autor de la obra,Bestia y Los Tiempos Proféticos
Enrique Medina,es autor de la obra,Apocalipsis Develado y Las Trompetas
Enrique Medina,es autor de la obra,Espera Infinita
Enrique Medina,es autor de la obra,"Hienas, Las"
Enrique Medina,es autor de la obra,Perros de La Noche
Vicente Medina,es de nacionalidad,argentina
Vicente Medina,es autor de la obra,Abonico
Vicente Medina,es autor de la obra,Antología poética
Mamerto Menapace,es de nacionalidad,argentina
Mamerto Menapace,es autor de la obra,Puro cuento!
Mamerto Menapace,es autor de la obra,El milagro y el valor de la vida
Mamerto Menapace,es autor de la obra,No tan lejos ni hace tanto
Mamerto Menapace,es autor de la obra,"Los Valores, con humor"
Mamerto Menapace,es autor de la obra,Catequesis Yerbiadas I
Mamerto Menapace,es autor de la obra,Catequesis Yerbiadas III - La Confirmacion
Mamerto Menapace,es autor de la obra,Catequesis Yerbiadas II - La Eucaristia
Mamerto Menapace,es autor de la obra,Catequesis Yerbiadas V - El Orden Sagrado
Mamerto Menapace,es autor de la obra,Catequesis Yerbiadas VI - La Reconciliacion
Mamerto Menapace,es autor de la obra,Cuento Con Ustedes DOS
Mamerto Menapace,es autor de la obra,Cuentos Matizados
Mamerto Menapace,es autor de la obra,El Paso Y La Espera/ Walking Slowly. Reflections (Nueva Alianza Minor)
Mamerto Menapace,es autor de la obra,En La Luz de Mi Tierra
Mamerto Menapace,es autor de la obra,"Hoy, Como Ayer y Siempre"
Mamerto Menapace,es autor de la obra,La Vida Que El Padre Nos Dio
Mamerto Menapace,es autor de la obra,Nuestra Tierra y Nuestra Fe
Mamerto Menapace,es autor de la obra,Reflexiones Para La Cuaresma
Mamerto Menapace,es autor de la obra,Salmos Criollos
Mamerto Menapace,es autor de la obra,Sufrir
Mamerto Menapace,es autor de la obra,Una Orca Llamada Belen (Colección Ventana)
Mamerto Menapace,es autor de la obra,Camino de Emaus Con Fe y Esperanza
Mamerto Menapace,es autor de la obra,Con Corazon de Nino
Mamerto Menapace,es autor de la obra,Cuento con ustedes
Mamerto Menapace,es autor de la obra,Cuentos Rodados
Mamerto Menapace,es autor de la obra,Entre El Brocal y La Fragua
Mamerto Menapace,es autor de la obra,La Sal de La Tierra
Mamerto Menapace,es autor de la obra,Madera Verde
Mamerto Menapace,es autor de la obra,Un Dios Rico de Tiempo
Mamerto Menapace,es autor de la obra,El Paso y La Espera
Mamerto Menapace,es autor de la obra,Las Abejas de La Tapera
Carlos Alberto Merlino,es de nacionalidad,argentina
Emilio Mignone,es de nacionalidad,argentina
Emilio Mignone,es autor de la obra,Universidad Nacional de Luján
Emilio Mignone,es autor de la obra,Iglesia y dictadura
Emilio Mignone,es autor de la obra,Estrategia represiva de la dictadura militar
Emilio Mignone,es autor de la obra,Politica y Universidad
Emilio Mignone,es autor de la obra,Educacion Civica 2
Emilio Mignone,es autor de la obra,Educacion Civica 3
Emilio Mignone,es autor de la obra,Iglesia y Dictadura
Leonardo Moledo,es de nacionalidad,argentina
Leonardo Moledo,es autor de la obra,La gran aventura de la ciencia
Leonardo Moledo,es autor de la obra,Diez teorías que conmovieron al mundo
Leonardo Moledo,es autor de la obra,"Big Bang, El"
Leonardo Moledo,es autor de la obra,Curiosidades Planeta Tierra (Obras Diversas)
Leonardo Moledo,es autor de la obra,de Las Tortugas a Las Estrellas
Leonardo Moledo,es autor de la obra,"Evolucion, La"
Leonardo Moledo,es autor de la obra,Curiosidades de la ciencia
Leonardo Moledo,es autor de la obra,Lavar los platos
Leonardo Moledo,es autor de la obra,El Cafe de los Cientificos
Leonardo Moledo,es autor de la obra,Diez Teorias Que Conmovieron al Mundo
Leonardo Moledo,es autor de la obra,Diez Teorias Que Conmovieron Al Mundo II
Daniel Molina,es de nacionalidad,argentina
Daniel Molina,es autor de la obra,Solar Flare - Metal Pesado
Daniel Molina,es autor de la obra,La pluma y el fusil
José María Monner Sans,es de nacionalidad,argentina
Carlos Monsalve,es de nacionalidad,argentina
Eliseo Montaine,es de nacionalidad,argentina
Máximo Damián Morales,es de nacionalidad,argentina
Miguel Ángel Morelli,es de nacionalidad,argentina
Miguel Ángel Morelli,es autor de la obra,Despojos
Daniel Moyano,es de nacionalidad,argentina
Daniel Moyano,es autor de la obra,Relatos del Rio de la Plata. Incluye CD con la lectura de los relatos (Spanish Edition)
Daniel Moyano,es autor de la obra,Desde la Empresa
Daniel Moyano,es autor de la obra,Un sudaca en la corte
Daniel Moyano,es autor de la obra,Tres golpes de timbal
Daniel Moyano,es autor de la obra,El trino del diablo y otras modulaciones
Daniel Moyano,es autor de la obra,Donde Estas Con Tus Ojos Celestes
Daniel Moyano,es autor de la obra,Dondé estás con tus ojos celestes
Daniel Moyano,es autor de la obra,El Rescate y Otros Cuentos
Daniel Moyano,es autor de la obra,Libro de Navios y Borrascas
Daniel Moyano,es autor de la obra,Mi música es para esta gente
Daniel Moyano,es autor de la obra,El Oscuro
Daniel Moyano,es autor de la obra,Desde los parques y otros cuentos
Mario Muchnik,es de nacionalidad,argentina
Mario Muchnik,es autor de la obra,Instantes robados
Mario Muchnik,es autor de la obra,Ajuste de cuentos
Mario Muchnik,es autor de la obra,Banco de Pruebas
Mario Muchnik,es autor de la obra,A propósito
Mario Muchnik,es autor de la obra,El otro día
Mario Muchnik,es autor de la obra,Lo peor no son los autores
Mario Muchnik,es autor de la obra,Oficio editor
Hugo Mujica,es de nacionalidad,argentina
Hugo Mujica,es autor de la obra,A las estrellas lo inmenso
Hugo Mujica,es autor de la obra,Mirando caer las lluvias
Hugo Mujica,es autor de la obra,En el huego de la mano
Hugo Mujica,es autor de la obra,Pintura en voz baja
Hugo Mujica,es autor de la obra,La carne y el mármol
Hugo Mujica,es autor de la obra,Al alba los pájaros
Hugo Mujica,es autor de la obra,El saber del no saberse
Hugo Mujica,es autor de la obra,Del crear y lo creado
Hugo Mujica,es autor de la obra,Cuando todo calla
Hugo Mujica,es autor de la obra,La ética del compromiso
Hugo Mujica,es autor de la obra,La pasión según Georg Trakl
Hugo Mujica,es autor de la obra,Hugo Mujica Poesia Completa 1983-2004
Hugo Mujica,es autor de la obra,Kenosis Sabiduria y Compasion En Los Evange
Hugo Mujica,es autor de la obra,Kyrie Eleison - Un Metodo de Meditacion
Hugo Mujica,es autor de la obra,Lo naciente
Hugo Mujica,es autor de la obra,Noche Abierta
Hugo Mujica,es autor de la obra,Poeticas Del Vacio (La Dicha De Enmudecer)
Hugo Mujica,es autor de la obra,sed Adentro
Hugo Mujica,es autor de la obra,Flecha En La Niebla
Hugo Mujica,es autor de la obra,Solemne y Mesurado
Hugo Mujica,es autor de la obra,Y siempre después el viento
Vicente Muleiro,es de nacionalidad,argentina
Vicente Muleiro,es autor de la obra,El maratonista
Vicente Muleiro,es autor de la obra,La clase un cuarto
Vicente Muleiro,es autor de la obra,La niña de sus ojos
Vicente Muleiro,es autor de la obra,Los goliardos
Vicente Muleiro,es autor de la obra,"1976, el golpe civil"
Vicente Muleiro,es autor de la obra,Los garcas
Vicente Muleiro,es autor de la obra,El dictador
Vicente Muleiro,es autor de la obra,La balada del asador
Vicente Muleiro,es autor de la obra,Don Perro de Mendoza
Carlos Muzzio Sáenz-Peña,es de nacionalidad,argentina
David Nahón,es de nacionalidad,argentina
Fortunato Nari,es de nacionalidad,argentina
Fortunato Nari,es autor de la obra,Cantata de las ceremonias y otras cosmogonías
Fortunato Nari,es autor de la obra,La sopa del monstruo
Fortunato Nari,es autor de la obra,Atalaya del trébol azul
Fortunato Nari,es autor de la obra,De fácil alma
Fortunato Nari,es autor de la obra,Poeta en bicicleta
Fortunato Nari,es autor de la obra,Inmensa hierba
James Neilson,es de nacionalidad,argentina
James Neilson,es autor de la obra,Los años que vivimos con K
James Neilson,es autor de la obra,"Tiempo de Oscuridad, 1976-1983 (Biografias y Memorias)"
Raúl Núñez,es de nacionalidad,argentina
Raúl Núñez,es autor de la obra,Marihuana para los pájaros
Guillermo Orce Remis,es de nacionalidad,argentina
Emilio Ortiz Grognet,es de nacionalidad,argentina
Juan L. Ortiz,es de nacionalidad,argentina
Juan L. Ortiz,es autor de la obra,Islote municipal
Juan L. Ortiz,es autor de la obra,"Reinaldo Rosillo, poeta de los niños y del delta"
Juan L. Ortiz,es autor de la obra,Una poesía del futuro
Juan L. Ortiz,es autor de la obra,El junco y la corriente
Juan L. Ortiz,es autor de la obra,Conversaciones Con Juan L. Ortiz - CD
Juan L. Ortiz,es autor de la obra,El Gualeguay
Juan L. Ortiz,es autor de la obra,Juan L. Ortiz. Obra Completa
Luis Ovsejevich,es de nacionalidad,argentina
Luis Ovsejevich,es autor de la obra,"Premios Konex, quién es quién"
Luis Ovsejevich,es autor de la obra,Álbum de mi vida
Antonio Pagés Larraya,es de nacionalidad,argentina
Jorge Héctor Paladini,es de nacionalidad,argentina
Alberto Palomeque,es de nacionalidad,argentina
Mario Paoletti,es de nacionalidad,argentina
Mario Paoletti,es autor de la obra,Hetero/ doxos
Mario Paoletti,es autor de la obra,Mil casitas y un beso
Mario Paoletti,es autor de la obra,El otro Borges
Mario Paoletti,es autor de la obra,Las novias de Borges
Mario Paoletti,es autor de la obra,Mala Junta
Mario Paoletti,es autor de la obra,A Fuego Lento
Diego Paszkowski,es de nacionalidad,argentina
Diego Paszkowski,es autor de la obra,Rosen
Diego Paszkowski,es autor de la obra,Alrededor de Lorena/ Around Lorena (Literatura Mondadori/ Mondadori Literature)
Diego Paszkowski,es autor de la obra,Tesis sobre un homicidio
Diego Paszkowski,es autor de la obra,Presentaciones
Alan Pauls,es de nacionalidad,argentina
Alan Pauls,es autor de la obra,Trance
Alan Pauls,es autor de la obra,El asesino de tu herencia
Alan Pauls,es autor de la obra,La mitad fantasma
Alan Pauls,es autor de la obra,Factor Borges / the Borges Factor
Alan Pauls,es autor de la obra,Mitad Fantasma / the Half Ghos
Alan Pauls,es autor de la obra,Wasabi (Spanish Edition)
Alan Pauls,es autor de la obra,Como Se Escribe - El Diario Intimo
Alan Pauls,es autor de la obra,El pudor del pornógrafo
Alan Pauls,es autor de la obra,La vida descalzo/ The Barefoot Life (In Situ)
Alan Pauls,es autor de la obra,Wasabi
Alan Pauls,es autor de la obra,Factor Borges
Alejandro Pavlovsky,es de nacionalidad,argentina
Eduardo Pavlovsky,es de nacionalidad,argentina
Eduardo Pavlovsky,es autor de la obra,La multiplicación dramática
Eduardo Pavlovsky,es autor de la obra,Adolescencia Y Mito
Eduardo Pavlovsky,es autor de la obra,La Voz del Cuerpo
Eduardo Pavlovsky,es autor de la obra,Potestad
Eduardo Pavlovsky,es autor de la obra,Psicoterapia De Grupo En Ninos Y Adolescentes
Eduardo Pavlovsky,es autor de la obra,Resistir Cholo
Eduardo Pavlovsky,es autor de la obra,Teatro Completo 1
Eduardo Pavlovsky,es autor de la obra,Teatro Completo V (Atuel/Teatro)
Roberto Payró,es de nacionalidad,argentina
Roberto Payró,es autor de la obra,Aventuras Del Nieto de Juan Moreira
Roberto Payró,es autor de la obra,Charlas de un Optimista
Roberto Payró,es autor de la obra,Casamiento de Laucha
Roberto Payró,es autor de la obra,Falso Inca
Roberto Payró,es autor de la obra,7 Mejores Cuentos de Roberto Payró
Roberto Payró,es autor de la obra,Divertidas Aventuras Del Nieto de Juan Moreira
Roberto Payró,es autor de la obra,Pago Chico
Gustavo Pecoraro,es de nacionalidad,argentina
Gustavo Pecoraro,es autor de la obra,Palabra y pluma
Gustavo Pecoraro,es autor de la obra,De Querer Así
Renato Pellegrini,es de nacionalidad,argentina
Federico Peltzer,es de nacionalidad,argentina
Federico Peltzer,es autor de la obra,Carrera de postas
Federico Peltzer,es autor de la obra,Antes del Requiem
Federico Peltzer,es autor de la obra,Antes del réquiem
Federico Peltzer,es autor de la obra,Léxico del fútbol
Federico Peltzer,es autor de la obra,La Puerta del Limbo
Federico Peltzer,es autor de la obra,La vuelta de la esquina
Federico Peltzer,es autor de la obra,Mareas
Pedro Peretti,es de nacionalidad,argentina
Pedro Peretti,es autor de la obra,¿Quién mató a Francisco Netri?
Pedro Peretti,es autor de la obra,La Argentina agropecuaria
Pedro Peretti,es autor de la obra,Olvido y falsificación en la historia del Grito de Alcorta
Pedro Peretti,es autor de la obra,"Chacareros, soja y gobernabilidad"
Pedro Peretti,es autor de la obra,La chacra mixta y otras yerbas
Nicandro Pereyra,es de nacionalidad,argentina
Enrique Pérez Colman,es de nacionalidad,argentina
Adolfo Pérez Zelaschi,es de nacionalidad,argentina
Néstor Perlongher,es de nacionalidad,argentina
Néstor Perlongher,es autor de la obra,Antología diacrónica
Néstor Perlongher,es autor de la obra,Evita vive y otros relatos
Néstor Perlongher,es autor de la obra,Un Barroco de Trinchera
Néstor Perlongher,es autor de la obra,Poemas Completos
Néstor Perlongher,es autor de la obra,Lamê
Néstor Perlongher,es autor de la obra,Prosa Plebeya
Manuel Peyrou,es de nacionalidad,argentina
Manuel Peyrou,es autor de la obra,Breve Antologia De Cunentos Policiales
Manuel Peyrou,es autor de la obra,El Estruendo De Las Rosas
Manuel Peyrou,es autor de la obra,La Espada Dormida Y Otros Cuentos/the Sleeping Sold And Other Stories (Narrativa Losada España)
Manuel Peyrou,es autor de la obra,Los Mejores Cuentos Policiales de Manuel Peyrou
Ricardo Piglia,es de nacionalidad,argentina
Ricardo Piglia,es autor de la obra,Relatos del Rio de la Plata. Incluye CD con la lectura de los relatos (Spanish Edition)
Ricardo Piglia,es autor de la obra,Piglia x Piglia
Ricardo Piglia,es autor de la obra,Fragmentos de un diario
Ricardo Piglia,es autor de la obra,Escritores norteamericanos
Ricardo Piglia,es autor de la obra,Los libros
Ricardo Piglia,es autor de la obra,El Laucha Benítez cantaba boleros
Ricardo Piglia,es autor de la obra,Cuentos Completos
Ricardo Piglia,es autor de la obra,Antología personal - 1. edición.
Ricardo Piglia,es autor de la obra,Los  casos del comisario Croce
Ricardo Piglia,es autor de la obra,Por un Relato Futuro
Ricardo Piglia,es autor de la obra,Los Diarios de Emilio Renzi / the Diaries of Emilio Renzi
Felipe Pigna,es de nacionalidad,argentina
Felipe Pigna,es autor de la obra,"San Martín, lector del Quijote"
Felipe Pigna,es autor de la obra,Los cuentos de don Manuel
Felipe Pigna,es autor de la obra,Historia confidencial
Felipe Pigna,es autor de la obra,San Martín
Felipe Pigna,es autor de la obra,Historia confidencial
Felipe Pigna,es autor de la obra,La vida por la patria
Felipe Pigna,es autor de la obra,Bicentenario
Felipe Pigna,es autor de la obra,Los luchadores indígenas
Felipe Pigna,es autor de la obra,Historia. El Mundo Contemporáneo
Felipe Pigna,es autor de la obra,La noche de los bastones largos
Felipe Pigna,es autor de la obra,"Evita, realidad y mito"
Felipe Pigna,es autor de la obra,"Al gran pueblo argentino, salud"
Felipe Pigna,es autor de la obra,"Libertadores de América, aquellos gloriosos sudacas"
Felipe Pigna,es autor de la obra,1810
Felipe Pigna,es autor de la obra,Mujeres tenían que ser
Felipe Pigna,es autor de la obra,La voz del gran jefe
Felipe Pigna,es autor de la obra,Evita
Felipe Pigna,es autor de la obra,Mitos de La Historia Argentina 3
Felipe Pigna,es autor de la obra,"Myths of Argentine History, the"
Felipe Pigna,es autor de la obra,Historia - La Argentina Contemporanea / Polimodal
Rafael Pinedo,es de nacionalidad,argentina
Rafael Pinedo,es autor de la obra,Subte
Rafael Pinedo,es autor de la obra,Plop
Rafael Pinedo,es autor de la obra,Frío
Alberto Pinetta,es de nacionalidad,argentina
Carlos Polimeni,es de nacionalidad,argentina
Carlos Polimeni,es autor de la obra,Buenos Aires No Duerme
Carlos Polimeni,es autor de la obra,Bukowski Para Principiantes
Carlos Polimeni,es autor de la obra,Cortazar para principiantes/ Cortazar for Beginners (Para Principiantes/ for Beginners)
Carlos Polimeni,es autor de la obra,Cortázar para principiantes
Carlos Polimeni,es autor de la obra,Divididos - Historia Letras Discografia
Carlos Polimeni,es autor de la obra,Luca - La Historia Novelesca del Lider de Su
Carlos Polimeni,es autor de la obra,Pedro Almodovar Y El Kitsch Español/ Pedro Almodovar and the Spanish Kitsch (Intelectuales / Intellectuals)
Carlos Polimeni,es autor de la obra,Bailando Sobre Los Escombros
Aníbal Ponce,es de nacionalidad,argentina
Sixto Pondal Ríos,es de nacionalidad,argentina
José Portogalo,es de nacionalidad,argentina
Manuel Prado,es de nacionalidad,argentina
Manuel Prado,es autor de la obra,La Conquista de La Pampa
Juan Octavio Prenz,es de nacionalidad,argentina
Juan Octavio Prenz,es autor de la obra,Sólo los árboles tienen raíces
Alfredo Prior,es de nacionalidad,argentina
Patricio Pron,es de nacionalidad,argentina
Patricio Pron,es autor de la obra,La vida interior de las plantas de interior
Patricio Pron,es autor de la obra,Trayéndolo todo de regreso a casa
Patricio Pron,es autor de la obra,Lo que está y no se usa nos fulminará
Patricio Pron,es autor de la obra,Una puta mierda
Carlos de la Púa,es de nacionalidad,argentina
Eugenio Pucciarelli,es de nacionalidad,argentina
Rodolfo Puiggrós,es de nacionalidad,argentina
Rodolfo Puiggrós,es autor de la obra,La época de Mariano Moreno
Sergio Pujol,es de nacionalidad,argentina
Sergio Pujol,es autor de la obra,Rock y dictadura
Sergio Pujol,es autor de la obra,Discepolo
Sergio Pujol,es autor de la obra,Jazz Al Sur (Emece Argentina)
Ricardo Ragendorfer,es de nacionalidad,argentina
Ricardo Ragendorfer,es autor de la obra,La Maldición de Salsipuedes
Ricardo Ragendorfer,es autor de la obra,Los doblados
Ricardo Ragendorfer,es autor de la obra,Historias a pura sangre
Carlos Ríos,es de nacionalidad,argentina
Carlos Ríos,es autor de la obra,Vigía Estelar
Iris Rivera,es de nacionalidad,argentina
Iris Rivera,es autor de la obra,El cazador de incendios
Iris Rivera,es autor de la obra,Chicas Que Eran Unas Diosas
Iris Rivera,es autor de la obra,El Señor Medina
Iris Rivera,es autor de la obra,La IRA de Los Mares
Iris Rivera,es autor de la obra,Llaves
Iris Rivera,es autor de la obra,Los Viejitos de La Casa
Iris Rivera,es autor de la obra,"Rayos, Truenos y Centellas"
Iris Rivera,es autor de la obra,Relatos Relocos
Iris Rivera,es autor de la obra,Saca La Lengua
Iris Rivera,es autor de la obra,"Seor Medina, El"
Iris Rivera,es autor de la obra,Contando Ando
Iris Rivera,es autor de la obra,Hercules
Iris Rivera,es autor de la obra,La Nena de Las Estampitas
Agustín Rodríguez Araya,es de nacionalidad,argentina
Ruy Rodríguez,es de nacionalidad,argentina
Gustavo Roldán,es de nacionalidad,argentina
Raúl Rosarivo,es de nacionalidad,argentina
Edgardo Russo,es de nacionalidad,argentina
Edgardo Russo,es autor de la obra,Confesiones de escritores
Edgardo Russo,es autor de la obra,Cómo se escribe una novela
Edgardo Russo,es autor de la obra,Como Se Escribe La Carta de Amor
Máximo Sáenz,es de nacionalidad,argentina
Juan José Saer,es de nacionalidad,argentina
Juan José Saer,es autor de la obra,Islote municipal
Juan José Saer,es autor de la obra,Ensayos
Juan José Saer,es autor de la obra,Una forma más real que la del mundo
Juan José Saer,es autor de la obra,Borradores inéditos
Juan José Saer,es autor de la obra,Papeles de trabajo
Juan José Saer,es autor de la obra,Responso ; La vuelta completa ; Cicatrices
Juan José Saer,es autor de la obra,Del recuerdo a la voz
Juan José Saer,es autor de la obra,Glosa
José Salas Subirat,es de nacionalidad,argentina
Carlos Salem,es de nacionalidad,argentina
Carlos Salem,es autor de la obra,Isla de Los Ni©os Encontrados
Carlos Salem,es autor de la obra,Los Ladrones de Monta©as
Daniel Samoilovich,es de nacionalidad,argentina
Daniel Samoilovich,es autor de la obra,Siete colinas de jade
Daniel Samoilovich,es autor de la obra,Molestando a los demonios
Daniel Samoilovich,es autor de la obra,43 nuevos cri menes para resolver
Daniel Samoilovich,es autor de la obra,Como Jugar y Divertirse Con Escritores Famosos
Daniel Samoilovich,es autor de la obra,El Despertar de Samolio
Daniel Samoilovich,es autor de la obra,La Pequeña Gran Enciclopedia de La Historia de Las Palabras
Daniel Samoilovich,es autor de la obra,La Pequeña Gran Enciclopedia del Pensamiento Lateral
Daniel Samoilovich,es autor de la obra,Las Encantadas
Daniel Samoilovich,es autor de la obra,Rusia es el tema
Daniel Samoilovich,es autor de la obra,Sudoku Clasicos 1
Daniel Samoilovich,es autor de la obra,Sudoku Clasicos 2
Daniel Samoilovich,es autor de la obra,Molestando a los demonios
Daniel Samoilovich,es autor de la obra,Los dijos
Carlos Sampayo,es de nacionalidad,argentina
Carlos Sampayo,es autor de la obra,Lado Salvaje de la Vida
Jorge Sánchez Aguilar,es de nacionalidad,argentina
Julio Sánchez Gardel,es de nacionalidad,argentina
Marcelo Sánchez Sorondo,es de nacionalidad,argentina
Néstor Sánchez,es de nacionalidad,argentina
Néstor Sánchez,es autor de la obra,Solos de remington
Néstor Sánchez,es autor de la obra,Ojo de rapiña
Néstor Sánchez,es autor de la obra,El drama sin atenuantes
Néstor Sánchez,es autor de la obra,Cómico de la lengua
Justo S. López de Gomara,es de nacionalidad,argentina
Raúl Scalabrini Ortiz,es de nacionalidad,argentina
Raúl Scalabrini Ortiz,es autor de la obra,"Tierra sin nada, tierra de profetas"
Raúl Scalabrini Ortiz,es autor de la obra,Vigencia de las ideas de Raúl Scalabrini Ortiz
Raúl Scalabrini Ortiz,es autor de la obra,Raúl Scalabrini Ortiz
Raúl Scalabrini Ortiz,es autor de la obra,Forjando una nación
Werner Schad,es de nacionalidad,argentina
Carlos Schlaen,es de nacionalidad,argentina
Carlos Schlaen,es autor de la obra,El Caso del Cantante de Rock (Alfaguara Juvenil)
Carlos Schlaen,es autor de la obra,El Caso Del Futbolista Enmascarado/ the Case of the Masked Soccer Player
Carlos Schlaen,es autor de la obra,"Espada del Adelantado, La"
Carlos Schlaen,es autor de la obra,La Espada del Adelantado
Carlos Schlaen,es autor de la obra,La Maldicion del Virrey
Carlos Schlaen,es autor de la obra,La Sombra de Osiris
Carlos Schlaen,es autor de la obra,"Caso del Video Juego, El"
Carlos Schlaen,es autor de la obra,El Caso de La Modelo y Los Lentes de Elvis
Carlos Schlaen,es autor de la obra,El Caso del Video Juego
Carlos Schlaen,es autor de la obra,Ulrico
Carlos Schlaen,es autor de la obra,El Caso del Cantante de Rock
Alejandro Schmidt,es de nacionalidad,argentina
Alejandro Schmidt,es autor de la obra,Casa en la arena
Alejandro Schmidt,es autor de la obra,60 poemas breves
Alejandro Schmidt,es autor de la obra,Videla
Alejandro Schmidt,es autor de la obra,Escuela industrial
Alejandro Schmidt,es autor de la obra,La Vida Milagrosa
Alejandro Schmidt,es autor de la obra,Mamá
Alejandro Schmidt,es autor de la obra,Serie americana
Héctor Schmucler,es de nacionalidad,argentina
Héctor Schmucler,es autor de la obra,Cortázar
Héctor Schmucler,es autor de la obra,Los libros
Héctor Schmucler,es autor de la obra,Rayuela
Héctor Schmucler,es autor de la obra,El obrerismo de Pasado y presente
Héctor Schmucler,es autor de la obra,Política y comunicación
Luis Mario Schneider,es de nacionalidad,argentina
Luis Mario Schneider,es autor de la obra,El Estridentismo
Eduardo Sguiglia,es de nacionalidad,argentina
Eduardo Sguiglia,es autor de la obra,Los cuerpos y las sombras
Eduardo Sguiglia,es autor de la obra,Ojos Negros
Eduardo Sguiglia,es autor de la obra,Fordlandia : Un Oscuro Paraiso
Eduardo Sguiglia,es autor de la obra,Las Ideologias del Poder Economico
Eduardo Sguiglia,es autor de la obra,Ojos negros
William Shand,es de nacionalidad,argentina
Adolfo Silenzi de Stagni,es de nacionalidad,argentina
Susana Silvestre,es de nacionalidad,argentina
Susana Silvestre,es autor de la obra,Mil y una
Susana Silvestre,es autor de la obra,No Te Olvides de Mi
Fabricio Simeoni,es de nacionalidad,argentina
Fabricio Simeoni,es autor de la obra,Cuentos batidos
Simja Sneh,es de nacionalidad,argentina
Ezequiel Soria,es de nacionalidad,argentina
Osvaldo Soriano,es de nacionalidad,argentina
Osvaldo Soriano,es autor de la obra,Negro de Paris
Osvaldo Soriano,es autor de la obra,Llamada internacional
Osvaldo Soriano,es autor de la obra,"Piratas, fantasmas y dinosaurios"
Osvaldo Soriano,es autor de la obra,Sus Plantas Rendido un León
Osvaldo Soriano,es autor de la obra,Una sombra ya pronto serás
Osvaldo Soriano,es autor de la obra,"Cómicos, tiranos y leyendas"
Osvaldo Soriano,es autor de la obra,Cuentos de cine
Osvaldo Soriano,es autor de la obra,"Arqueros, Ilusionistas y Goleadores"
Osvaldo Soriano,es autor de la obra,"Artistas, Locos y Criminales (Seix Barral)"
Osvaldo Soriano,es autor de la obra,El Negro de Paris
Osvaldo Soriano,es autor de la obra,El Negro De Paris (Colección Torre de Papel)
Osvaldo Soriano,es autor de la obra,El Ojo de la Patria (Seix Barral Biblioteca Soriano)
Osvaldo Soriano,es autor de la obra,El The Ojo de La Patria (Colección Narrativas Argentinas)
Osvaldo Soriano,es autor de la obra,"Hora Sin Sombra, La"
Osvaldo Soriano,es autor de la obra,La Hora Sin Sombra (Seix Barral Biblioteca Soriano)
Osvaldo Soriano,es autor de la obra,Memorias del Mister
Osvaldo Soriano,es autor de la obra,No Habra Mas Pena Ni Olvidos
Osvaldo Soriano,es autor de la obra,No Habra Mas Penas Ni Olvidos
Osvaldo Soriano,es autor de la obra,"Rebeldes, Sonadores y Fugitivos"
Osvaldo Soriano,es autor de la obra,A Sus Plantas Rendido Un Leon (La Otra Orilla)
Osvaldo Soriano,es autor de la obra,Triste Solitario y Final - Con Guia de Lectura
Osvaldo Soriano,es autor de la obra,Triste Solitario y Final - S J -
Osvaldo Soriano,es autor de la obra,Una Sombra YA Pronto Seras (Colección Narrativas Argentinas)
Osvaldo Soriano,es autor de la obra,Cuentos de los años felices
Mónica Sorín,es de nacionalidad,argentina
Nelson Specchia,es de nacionalidad,argentina
Nelson Specchia,es autor de la obra,Mientras los veranos mueren
Nelson Specchia,es autor de la obra,Dichos y quebrantos
Nelson Specchia,es autor de la obra,Desde abajo
Nelson Specchia,es autor de la obra,El color de los turbantes
Nelson Specchia,es autor de la obra,Bolivia
Nelson Specchia,es autor de la obra,Ilustración y emancipación en América Latina
Nelson Specchia,es autor de la obra,"Crisis, Rupturas y Tendencias"
Nelson Specchia,es autor de la obra,El último año de las F.A.R.C.
Roberto Themis Speroni,es de nacionalidad,argentina
Alicia Steimberg,es de nacionalidad,argentina
Alicia Steimberg,es autor de la obra,Amatista
Alicia Steimberg,es autor de la obra,La música de Julia
Alicia Steimberg,es autor de la obra,"Mundo No Es de Polenta, El"
Alicia Steimberg,es autor de la obra,La Selva
Alicia Steimberg,es autor de la obra,Músicos y relojeros
Alicia Steimberg,es autor de la obra,"Una Tarde de Invierno, Un Submarino"
Oscar Steimberg,es de nacionalidad,argentina
Oscar Steimberg,es autor de la obra,Historia gráfica del Di Tella
Oscar Steimberg,es autor de la obra,El viaje y la utopía
Oscar Steimberg,es autor de la obra,El volver de las imágenes
Oscar Steimberg,es autor de la obra,El Pretexto del Sueño
Oscar Steimberg,es autor de la obra,Leyendo historietas
Oscar Steimberg,es autor de la obra,Semiotica de Los Medios Masivos
Enrique Symns,es de nacionalidad,argentina
Enrique Symns,es autor de la obra,Senderos extraviados
Enrique Symns,es autor de la obra,Big bad city
Enrique Symns,es autor de la obra,Cerdos & peces
Enrique Symns,es autor de la obra,En busca del asesino
Enrique Symns,es autor de la obra,El Señor de Los Venenos
Enrique Symns,es autor de la obra,La vida es un bar
Mario Szichman,es de nacionalidad,argentina
Mario Szichman,es autor de la obra,Verdadera Crónica Falsa
Mario Szichman,es autor de la obra,Los Judos Del Mar Dulce
Mario Szichman,es autor de la obra,Los Aos de la Guerra a Muerte
Mario Szichman,es autor de la obra,Eros y la doncella
Mario Szichman,es autor de la obra,A Las 20
Mario Szichman,es autor de la obra,Las dos muertes del general Simón Bolívar
Susana Szwarc,es de nacionalidad,argentina
Susana Szwarc,es autor de la obra,La mesa roja
Susana Szwarc,es autor de la obra,El azar cruje
Susana Szwarc,es autor de la obra,El Azar Ruje
Susana Szwarc,es autor de la obra,Habia Una Vez Una Gota
Susana Szwarc,es autor de la obra,Una felicidad liviana
Susana Szwarc,es autor de la obra,Una felicidad liviana
Oscar Taborda,es de nacionalidad,argentina
Atols Tapia,es de nacionalidad,argentina
Néstor Tirri,es de nacionalidad,argentina
Héctor Tizón,es de nacionalidad,argentina
Héctor Tizón,es autor de la obra,Recuento
Héctor Tizón,es autor de la obra,"Héctor Tizón, un ejemplar de frontera : conversaciones con Héctor Tizón"
Héctor Tizón,es autor de la obra,La casa y el viento
Claudio Tolcachir,es de nacionalidad,argentina
Claudio Tolcachir,es autor de la obra,El viento en un violín
Aimé Félix Tschiffely,es de nacionalidad,argentina
Manuel Baldomero Ugarte,es de nacionalidad,argentina
Manuel Baldomero Ugarte,es autor de la obra,"Patria Grande, La"
Pablo Urbanyi,es de nacionalidad,argentina
Pablo Urbanyi,es autor de la obra,Un revolver para Mack
Pablo Urbanyi,es autor de la obra,El zoológico de Dios II
Pablo Urbanyi,es autor de la obra,Noche de revolucionarios
Pablo Urbanyi,es autor de la obra,Cuentos desagradables
Pablo Urbanyi,es autor de la obra,La palabra
Pablo Urbanyi,es autor de la obra,"de Todo Un Poco, de NADA Mucho (Omnibus)"
Pablo Urbanyi,es autor de la obra,"El número 125, o, La educación sentimental"
Leda Valladares,es de nacionalidad,argentina
Beatriz Vallejos,es de nacionalidad,argentina
Beatriz Vallejos,es autor de la obra,El Cantaro
Oscar Varsavsky,es de nacionalidad,argentina
Mariano de Vedia y Mitre,es de nacionalidad,argentina
Carlos Vega,es de nacionalidad,argentina
Carlos Vega,es autor de la obra,El himno nacional argentino
Alfredo Veiravé,es de nacionalidad,argentina
Alfredo Veiravé,es autor de la obra,Cazador de signos
Alejandro Vignati,es de nacionalidad,argentina
Alejandro Vignati,es autor de la obra,Henry Miller O La Alegria Del Retorno
Oscar Hermes Villordo,es de nacionalidad,argentina
Oscar Hermes Villordo,es autor de la obra,Manucho
Oscar Hermes Villordo,es autor de la obra,El ahijado
Miguel Vitagliano,es de nacionalidad,argentina
Miguel Vitagliano,es autor de la obra,Enterrados
Miguel Vitagliano,es autor de la obra,Tratado sobre las manos
Miguel Vitagliano,es autor de la obra,El terror y la gloria
Miguel Vitagliano,es autor de la obra,Cuarteto para autos viejos
Miguel Vitagliano,es autor de la obra,La Educacion de Los Sentidos
Miguel Vitagliano,es autor de la obra,Los Ojos Asi
Miguel Vitagliano,es autor de la obra,El otro de mí
Wally Zenner,es de nacionalidad,argentina
Enrique Wernicke,es de nacionalidad,argentina
Enrique Wernicke,es autor de la obra,Obra poética
Enrique Wernicke,es autor de la obra,"The Jardines de Placido, Los"
Enrique Wernicke,es autor de la obra,Hans Grillo y Otros Cuentos
Enrique Wernicke,es autor de la obra,La ribera
Richard Bryn Williams,es de nacionalidad,argentina
Héctor Yánover,es de nacionalidad,argentina
Héctor Yánover,es autor de la obra,Antologia Poetica (Poetas argentinos contemporaneos)
Pedro Elías Zadunaisky,es de nacionalidad,argentina
Juan Bautista Zalazar,es de nacionalidad,argentina
Marcelo Zamboni,es de nacionalidad,argentina
Estanislao Zeballos,es de nacionalidad,argentina
Estanislao Zeballos,es autor de la obra,Escudo y Los Colores Nacionales
Estanislao Zeballos,es autor de la obra,Fracaso de la Instrucción Primaria
Estanislao Zeballos,es autor de la obra,Conquista de Quince Mil Leguas
Jorge Zentner,es de nacionalidad,argentina
Marcelo Zlotogwiazda,es de nacionalidad,argentina
Marcelo Zlotogwiazda,es autor de la obra,Citibank vs. Argentina
Ángel María Zuloaga,es de nacionalidad,argentina
Adolfo Bioy Casares,es de nacionalidad,argentina
Adolfo Bioy Casares,es autor de la obra,'La cita' y otros cuentos de mujeres infieles
Adolfo Bioy Casares,es autor de la obra,Cuentos de damas fantásticas
Adolfo Bioy Casares,es autor de la obra,Dos fantasías memorables ; Un modelo para la muerte
Adolfo Bioy Casares,es autor de la obra,La invención de Morel
Adolfo Bioy Casares,es autor de la obra,La trama celeste
Adolfo Bioy Casares,es autor de la obra,Dormir al sol
Adolfo Bioy Casares,es autor de la obra,Más allá
Adolfo Bioy Casares,es autor de la obra,Diccionario del argentino exquisito
Adolfo Bioy Casares,es autor de la obra,Homenaje a Adolfo Bioy Casares
Adolfo Bioy Casares,es autor de la obra,Cuentos de cine
Adolfo Bioy Casares,es autor de la obra,Plan de evasion
Adolfo Bioy Casares,es autor de la obra,Unos días en el Brasil
Alfonsina Storni,es de nacionalidad,argentina
Alfonsina Storni,es autor de la obra,Un libro quemado
Alfonsina Storni,es autor de la obra,Escritos
Alfonsina Storni,es autor de la obra,Selección de poesías amorosas en lengua española
Alfonsina Storni,es autor de la obra,Irremediablemente
Alfonsina Storni,es autor de la obra,Ésta es mi Storni
Alfonsina Storni,es autor de la obra,Alfonsina - Poesias / Golu
Alfonsina Storni,es autor de la obra,Alfonsina Storni: Poesa
Alfonsina Storni,es autor de la obra,Antologia
Alfonsina Storni,es autor de la obra,Antologia Mayor
Alfonsina Storni,es autor de la obra,Antologia Poetica - Alfonsina Storni
Alfonsina Storni,es autor de la obra,La Caricia Perdida
Claudia Piñeiro,es de nacionalidad,argentina
Claudia Piñeiro,es autor de la obra,Escribir un Silencio / Writing Silence
Claudia Piñeiro,es autor de la obra,Quién No / Who Isn#t?
Claudia Piñeiro,es autor de la obra,Tiempo de Las Moscas
Claudia Piñeiro,es autor de la obra,Elena Sabe / Elena Knows
Claudia Piñeiro,es autor de la obra,Catedrales / Cathedrals
César Aira,es de nacionalidad,argentina
César Aira,es autor de la obra,A brick wall
César Aira,es autor de la obra,"Ciudad, espacio público y cultura urbana"
César Aira,es autor de la obra,Eterna juventud
César Aira,es autor de la obra,Un filósofo
César Aira,es autor de la obra,El gran misterio
César Aira,es autor de la obra,La invención del tren fantasma
César Aira,es autor de la obra,Pinceladas musicales
César Aira,es autor de la obra,Fulgentius
César Aira,es autor de la obra,  Lugones 
César Aira,es autor de la obra,La ola que lee
César Aira,es autor de la obra,Festival
César Aira,es autor de la obra,Tres historias pringlenses
César Aira,es autor de la obra,Un episodio en la vida del pintor viajero
César Aira,es autor de la obra,El testamento del mago tenor
César Aira,es autor de la obra,Relatos reunidos
César Aira,es autor de la obra,Cumpleaños
César Aira,es autor de la obra,Artforum
César Aira,es autor de la obra,Margarita
César Aira,es autor de la obra,El náufrago
César Aira,es autor de la obra,El error
César Aira,es autor de la obra,Dante y reina
César Aira,es autor de la obra,Entre los indios
César Aira,es autor de la obra,Relatos reunidos
César Aira,es autor de la obra,La confesión
Eduardo Mallea,es de nacionalidad,argentina
Eduardo Mallea,es autor de la obra,Todo verdor perecerá
Eduardo Mallea,es autor de la obra,"Bahia de Silencio, La"
Eduardo Mallea,es autor de la obra,Historia De Una Pasion Argentina (Ensayo)
Eduardo Mallea,es autor de la obra,Historia de Una Pasion Argentina - Sin Sobrecubier
Eduardo Mallea,es autor de la obra,Historia De Una Pasion Argentina/ Story of an Argentinian Passion (Ensayo-Filosofia / Essay-Philosophy)
Ernesto Sabato,es de nacionalidad,argentina
Ernesto Sabato,es autor de la obra,Informe sobre ciegos
Ernesto Sabato,es autor de la obra,Hombres y engranajes
Ernesto Sabato,es autor de la obra,El Pintor Ernesto Sábato
Ernesto Sabato,es autor de la obra,Eduardo Falú
Jorge Luis Borges,es de nacionalidad,argentina
Jorge Luis Borges,es autor de la obra,En diálogo I
Jorge Luis Borges,es autor de la obra,"Rêves et réalités / Sueños y realidades, 1952-1977"
Jorge Luis Borges,es autor de la obra,Rêves et réalités / Sueños y realidades
Jorge Luis Borges,es autor de la obra,0
Juan Gelman,es de nacionalidad,argentina
Juan Gelman,es autor de la obra,Sleepless Nights Under Capitalism from the poems of John Wendell
Juan Gelman,es autor de la obra,Amaramara
Juan Gelman,es autor de la obra,Cólera buey
Juan Gelman,es autor de la obra,Des va-ríos
Juan Gelman,es autor de la obra,Poesía reunida
Juan Gelman,es autor de la obra,Hoy
Juan Gelman,es autor de la obra,Miradas
Juan Gelman,es autor de la obra,De atrásalante en su porfía
Juan Gelman,es autor de la obra,De atrásalante en su porfía
Juan Gelman,es autor de la obra,Los otros
Juan Gelman,es autor de la obra,Exilio
Juan Gelman,es autor de la obra,Marcelo Brodsky
Juan Gelman,es autor de la obra,Anunciaciones
Juan Gelman,es autor de la obra,Colera Buey
Juan Gelman,es autor de la obra,En Abierta Oscuridad/ In Open Darkness (La Letra Herida)
Juan Gelman,es autor de la obra,Gelman (Poesia Argentina-Grijalbo)
Juan Gelman,es autor de la obra,Gotan
Juan Gelman,es autor de la obra,Gotán y otras cuestiones
Leopoldo Lugones,es de nacionalidad,argentina
Leopoldo Lugones,es autor de la obra,Poemas solariegos
Leopoldo Lugones,es autor de la obra,El payador
Leopoldo Lugones,es autor de la obra,Elogios
Leopoldo Lugones,es autor de la obra,Las fuerzas extrañas
Leopoldo Lugones,es autor de la obra,Antología poética
Manuel Puig,es de nacionalidad,argentina
Manuel Puig,es autor de la obra,La traicion de rita hayworth/ The Betrayal of Rita Hayworth (Contemporanea) (Spanish Edition)
Manuel Puig,es autor de la obra,El beso de la mujer aran a
Manuel Puig,es autor de la obra,BOQUITAS PINTADAS
Manuel Puig,es autor de la obra,Teatro reunido
Manuel Puig,es autor de la obra,Maldición eterna a quien lea estas páginas
Manuel Puig,es autor de la obra,Un destino melodramático
Manuel Puig,es autor de la obra,Querida familia
Manuel Puig,es autor de la obra,Querida familia
Manuel Puig,es autor de la obra,Puig por Puig
Manuel Puig,es autor de la obra,Cuentos de cine
Manuel Puig,es autor de la obra,El beso de la mujer araña
María Elena Walsh,es de nacionalidad,argentina
María Elena Walsh,es autor de la obra,Canciones Infantiles Volumen 2
María Elena Walsh,es autor de la obra,15 Canciones
María Elena Walsh,es autor de la obra,Canciones Infantiles Volumen 3
María Elena Walsh,es autor de la obra,Canciones Infantiles Volumen 1
María Elena Walsh,es autor de la obra,Versos tradicionales para cebollitas
María Elena Walsh,es autor de la obra,Fantasmas en el parque
Oliverio Girondo,es de nacionalidad,argentina
Oliverio Girondo,es autor de la obra,En la masmédula
Oliverio Girondo,es autor de la obra,Antologia
Oliverio Girondo,es autor de la obra,Antologia - 5b
Oliverio Girondo,es autor de la obra,The En La Masmedula - 518 -
Oliverio Girondo,es autor de la obra,Espantapajaros (Al Alcance De Todos
Oliverio Girondo,es autor de la obra,Obra (Obras Poesia)
Oliverio Girondo,es autor de la obra,Obra Poetica (Clasicos Esenciales Santillana)
Oliverio Girondo,es autor de la obra,"Obras Oliverio Girondo (Obras, I)"
Oliverio Girondo,es autor de la obra,Oliverio
Oliverio Girondo,es autor de la obra,Persuasion De Los Dias
Oliverio Girondo,es autor de la obra,The Persuasion de Los Dias - En La Masmedula
Oliverio Girondo,es autor de la obra,Poemas de Amor de Autores Famosos 4 - Antologia
Oliverio Girondo,es autor de la obra,Veinte Poemas Para Ser Leidos
Oliverio Girondo,es autor de la obra,Veinte Poemas Para Ser Leidos En El Tranvia; Calcomanias; Y Otros Poemas (Colección Visor de poesia)
Oliverio Girondo,es autor de la obra,Oliverio Girondo
Oliverio Girondo,es autor de la obra,Espantapájaros ; En la masmédula
Ricardo Güiraldes,es de nacionalidad,argentina
Ricardo Güiraldes,es autor de la obra,Caaporá
Ricardo Güiraldes,es autor de la obra,Don Segundo Sombra
Rodolfo Walsh,es de nacionalidad,argentina
Rodolfo Walsh,es autor de la obra,Breve Antologia De Cunentos Policiales
Rodolfo Walsh,es autor de la obra,Antologia del Cuento Extrano 1
Rodolfo Walsh,es autor de la obra,Antologia del Cuento Extrao 2
Rodolfo Walsh,es autor de la obra,Antologia del Cuento Extrao 3
Rodolfo Walsh,es autor de la obra,Antologia del Cuento Extrao 4
Rodolfo Walsh,es autor de la obra,Las Pruebas de Imprenta y Otros Textos
Rodolfo Walsh,es autor de la obra,Los Oficios Terrestres/the Terrestrial Offices
Rodolfo Walsh,es autor de la obra,Operacion Masacre (Espejo de La Argentina)
Rodolfo Walsh,es autor de la obra,Operacion Masacre/ Massacre Operation
Rodolfo Walsh,es autor de la obra,"Violento Oficio de Escribir, El (Espejo de La Argentina)"
Samanta Schweblin,es de nacionalidad,argentina
Samanta Schweblin,es autor de la obra,Nuevas rutas
Samanta Schweblin,es autor de la obra,La respiración cavernaria
Samanta Schweblin,es autor de la obra,"Concurso nacional de cuento ""Jóvenes narradores"" 2001"
Silvina Ocampo,es de nacionalidad,argentina
Silvina Ocampo,es autor de la obra,Poemas / Poems
Silvina Ocampo,es autor de la obra,Promesa / the Promise
Silvina Ocampo,es autor de la obra,Autobiografía de Irene / Autobiography of Irene
Silvina Ocampo,es autor de la obra,El dibujo del tiempo
Silvina Ocampo,es autor de la obra,Breve santoral
Silvina Ocampo,es autor de la obra,Poesia Completa II
Silvina Ocampo,es autor de la obra,El que la hace-- ¿la paga?
Silvina Ocampo,es autor de la obra,"Caballo Alado, El"
Victoria Ocampo,es de nacionalidad,argentina
Victoria Ocampo,es autor de la obra,Testimonios
Victoria Ocampo,es autor de la obra,La viajera y sus sombras
Victoria Ocampo,es autor de la obra,Cartas de posguerra
Victoria Ocampo,es autor de la obra,Autobiografia I
Victoria Ocampo,es autor de la obra,Autobiografia III
9789509009912,es un codigo ISBN para el libro,Eichmann en Argentina
9789509009912,es un codigo ISBN de una edicion publicada por,Edhasa
9789500730617,es un codigo ISBN para el libro,Invasores
9789500730617,es un codigo ISBN de una edicion publicada por,Editorial Sudamericana
9781626751248,es un codigo ISBN para el libro,Ms All Del Universo
9781626751248,es un codigo ISBN de una edicion publicada por,BookBaby
9798633637212,es un codigo ISBN para el libro,Giuseppe Peano
9798633637212,es un codigo ISBN de una edicion publicada por,Independently Published
9798368353067,es un codigo ISBN para el libro,Los FilÓsofos y Sus Preguntas
9798368353067,es un codigo ISBN de una edicion publicada por,Independently Published
9798671172898,es un codigo ISBN para el libro,Pregunta Por el Sentido
9798671172898,es un codigo ISBN de una edicion publicada por,Independently Published
9798413370469,es un codigo ISBN para el libro,Pregunta Por el Sentido
9798413370469,es un codigo ISBN de una edicion publicada por,Independently Published
9789876276689,es un codigo ISBN para el libro,Enigmas de la crónica policial
9789876276689,es un codigo ISBN de una edicion publicada por,"Ediciones B, Grupo Zeta"
9789874606709,es un codigo ISBN para el libro,Territorio de resistencia
9789874606709,es un codigo ISBN de una edicion publicada por,Río Ancho Ediciones
9789505158553,es un codigo ISBN para el libro,La vanguardia perdida
9789505158553,es un codigo ISBN de una edicion publicada por,Ediciones de la Flor
9789877492422,es un codigo ISBN para el libro,1864
9789877492422,es un codigo ISBN de una edicion publicada por,"Secretaría de Planeamiento Institucional y Académico, Universidad Nacional del Litoral"
9789873708053,es un codigo ISBN para el libro,El campo
9789873708053,es un codigo ISBN de una edicion publicada por,Ivan Rosado
9789871904273,es un codigo ISBN para el libro,Hablados por la poesía
9789871904273,es un codigo ISBN de una edicion publicada por,Espacio Hudson
9789877383874,es un codigo ISBN para el libro,El crimen perfecto
9789877383874,es un codigo ISBN de una edicion publicada por,Alfaguara
9789876131902,es un codigo ISBN para el libro,La oscuridad dentro de mí
9789876131902,es un codigo ISBN de una edicion publicada por,Gárgola
9789509704459,es un codigo ISBN para el libro,Tierra en el aire
9789509704459,es un codigo ISBN de una edicion publicada por,Gog y Magog
9789872679002,es un codigo ISBN para el libro,El novato
9789872679002,es un codigo ISBN de una edicion publicada por,Aquilina
9789877492620,es un codigo ISBN para el libro,Francisco Urondo
9789877492620,es un codigo ISBN de una edicion publicada por,Ediciones UNL
9789876706032,es un codigo ISBN para el libro,Leyenda negra
9789876706032,es un codigo ISBN de una edicion publicada por,Tusquets Editores
9789871118236,es un codigo ISBN para el libro,Lengua natal
9789871118236,es un codigo ISBN de una edicion publicada por,En danza
9789871240661,es un codigo ISBN para el libro,Setecientosmonos
9789871240661,es un codigo ISBN de una edicion publicada por,Santiago Arcos Editor
9789876094351,es un codigo ISBN para el libro,Escuela de detectives
9789876094351,es un codigo ISBN de una edicion publicada por,Del Nuevo Extremo
9789875456358,es un codigo ISBN para el libro,Graffiti ninja
9789875456358,es un codigo ISBN de una edicion publicada por,Grupo Editorial Norma
9789871912049,es un codigo ISBN para el libro,Oratorio Morante
9789871912049,es un codigo ISBN de una edicion publicada por,"Municipalidad de Rosario, Secretaría de Cultura y Educación"
9789871950164,es un codigo ISBN para el libro,Como si fuera hoy
9789871950164,es un codigo ISBN de una edicion publicada por,El Ombú Bonsai
9789871414581,es un codigo ISBN para el libro,El año del dragón y otros relatos
9789871414581,es un codigo ISBN de una edicion publicada por,Recovecos
9789509779600,es un codigo ISBN para el libro,La selección argentina
9789509779600,es un codigo ISBN de una edicion publicada por,Tusquets Editores
9789872490010,es un codigo ISBN para el libro,Todos mienten
9789872490010,es un codigo ISBN de una edicion publicada por,Ediciones Aquilina
9789871210732,es un codigo ISBN para el libro,La conexión latina
9789871210732,es un codigo ISBN de una edicion publicada por,Tusquets Editores
9789508450425,es un codigo ISBN para el libro,La Deriva (Ficciones)
9789508450425,es un codigo ISBN de una edicion publicada por,B. Viterbo Editora
9789872426101,es un codigo ISBN para el libro,Los indeseables
9789872426101,es un codigo ISBN de una edicion publicada por,Casatomada
9789508451880,es un codigo ISBN para el libro,Rocanrol
9789508451880,es un codigo ISBN de una edicion publicada por,Beatriz Viterbo
9780613820301,es un codigo ISBN para el libro,Estrella del Norte
9780613820301,es un codigo ISBN de una edicion publicada por,Tandem Library
9789500713450,es un codigo ISBN para el libro,Estrella del Norte
9789500713450,es un codigo ISBN de una edicion publicada por,Sudamericana
9789974687387,es un codigo ISBN para el libro,Campo Albornoz
9789974687387,es un codigo ISBN de una edicion publicada por,Casa Editorial HUM
9781644735992,es un codigo ISBN para el libro,Tercer paraíso (Premio Alfaguara 2022) / the Third Paradise
9781644735992,es un codigo ISBN de una edicion publicada por,Penguin Random House Grupo Editorial
9788484110408,es un codigo ISBN para el libro,El lector del diablo (Coleccion Huella de sangre)
9788484110408,es un codigo ISBN de una edicion publicada por,"Editorial CIMS 97, Tempore"
9789872013486,es un codigo ISBN para el libro,No fue un martes negro más
9789872013486,es un codigo ISBN de una edicion publicada por,Rumbos
9789872013493,es un codigo ISBN para el libro,El ascenso de la izquierda
9789872013493,es un codigo ISBN de una edicion publicada por,Rumbos
9789872013417,es un codigo ISBN para el libro,"El The Argentinazo, El Presente Como Historia"
9789872013417,es un codigo ISBN de una edicion publicada por,Rumbos Rumbos
9789871985722,es un codigo ISBN para el libro,Una erótica sangrienta
9789871985722,es un codigo ISBN de una edicion publicada por,Editorial de la Universidad Nacional de La Plata (EDULP)
9789507869655,es un codigo ISBN para el libro,Estéticas bastardas
9789507869655,es un codigo ISBN de una edicion publicada por,Editorial Biblos
9789507869334,es un codigo ISBN para el libro,Un corte de género
9789507869334,es un codigo ISBN de una edicion publicada por,Editorial Biblos
9789876180276,es un codigo ISBN para el libro,La teoría literaria hoy
9789876180276,es un codigo ISBN de una edicion publicada por,Ediciones Al Margen
9789872254049,es un codigo ISBN para el libro,Panorama de la narrativa tucumana
9789872254049,es un codigo ISBN de una edicion publicada por,Lucio Piérola
9789500507448,es un codigo ISBN para el libro,Delirios Y Quimeras - Teatro (1979 - 1992)
9789500507448,es un codigo ISBN de una edicion publicada por,Ediciones Corregidor S.A.I.C.I. y E.
9781483966991,es un codigo ISBN para el libro,Inocentes
9781483966991,es un codigo ISBN de una edicion publicada por,CreateSpace Independent Publishing Platform
9781482640977,es un codigo ISBN para el libro,Inocentes
9781482640977,es un codigo ISBN de una edicion publicada por,CreateSpace Independent Publishing Platform
9798643334309,es un codigo ISBN para el libro,¿Inocentes o Culpables?
9798643334309,es un codigo ISBN de una edicion publicada por,Independently Published
9789871198603,es un codigo ISBN para el libro,Aventuras de la palabra
9789871198603,es un codigo ISBN de una edicion publicada por,Editorial Victoria Ocampo
9789871198696,es un codigo ISBN para el libro,Por amor al maestro
9789871198696,es un codigo ISBN de una edicion publicada por,Editorial Victoria Ocampo
9789233030459,es un codigo ISBN para el libro,Antología de poesía italiana contemporánea
9789233030459,es un codigo ISBN de una edicion publicada por,Litoral/Ediciones Unesco
9789500378079,es un codigo ISBN para el libro,Antologia De Poesia Italiana Contemporanea (Ediciones Varias)
9789500378079,es un codigo ISBN de una edicion publicada por,Losada
9789871198290,es un codigo ISBN para el libro,El sueño de la poesía
9789871198290,es un codigo ISBN de una edicion publicada por,Ediciones Fundación Victoria Ocampo
9789871198108,es un codigo ISBN para el libro,La Poesia Que Queda
9789871198108,es un codigo ISBN de una edicion publicada por,Editorial Victoria Ocampo
9789500722827,es un codigo ISBN para el libro,Veneno Lento / Slow Poison
9789500722827,es un codigo ISBN de una edicion publicada por,Sudamericana
9789872356729,es un codigo ISBN para el libro,Tierra y figura
9789872356729,es un codigo ISBN de una edicion publicada por,Las Cuarenta
9789879712979,es un codigo ISBN para el libro,Sociología de la guerra y filosofía de la paz
9789879712979,es un codigo ISBN de una edicion publicada por,"Secretaría de Cultura, Gobierno de la Provincia de Córdoba"
9789874750648,es un codigo ISBN para el libro,Escritos escogidos
9789874750648,es un codigo ISBN de una edicion publicada por,Editorial de la Facultad de Filosofía y Humanidades de la Universidad Nacional de Córdoba
9789505577316,es un codigo ISBN para el libro,Hacia la revolución
9789505577316,es un codigo ISBN de una edicion publicada por,Fondo de Cultura Económica
9789872071356,es un codigo ISBN para el libro,Martin Heidegger
9789872071356,es un codigo ISBN de una edicion publicada por,Quadrata
9789879350287,es un codigo ISBN para el libro,Metafísica de la pampa
9789879350287,es un codigo ISBN de una edicion publicada por,Biblioteca Nacional
9789507990038,es un codigo ISBN para el libro,El Mito Gaucho
9789507990038,es un codigo ISBN de una edicion publicada por,Generico
9788468315492,es un codigo ISBN para el libro,La sociedad secreta de las hermanas Matanza
9788468315492,es un codigo ISBN de una edicion publicada por,Edebé
9789877030259,es un codigo ISBN para el libro,Zapatos rojos de charol
9789877030259,es un codigo ISBN de una edicion publicada por,Uranito Editores
9786079344467,es un codigo ISBN para el libro,Zapatos rojos de charol
9786079344467,es un codigo ISBN de una edicion publicada por,Uranito Editores
9789974793057,es un codigo ISBN para el libro,EL MÃGICO MUNDO DE LAS HADAS
9789974793057,es un codigo ISBN de una edicion publicada por,KMP
9789879208342,es un codigo ISBN para el libro,Multicuentos de Colores
9789879208342,es un codigo ISBN de una edicion publicada por,Barcel Baires Ediciones
9789872139780,es un codigo ISBN para el libro,Multicuentos de Colores - Leyendas Argentinas
9789872139780,es un codigo ISBN de una edicion publicada por,Barcel Baires Ediciones
9789872139735,es un codigo ISBN para el libro,Multicuentos de Colores Maravillosos - Para Los Mas Chiquitos
9789872139735,es un codigo ISBN de una edicion publicada por,Barcel Baires Ediciones
9789872139728,es un codigo ISBN para el libro,Multicuentos de Colores - Para Los Mas Chicos
9789872139728,es un codigo ISBN de una edicion publicada por,Barcel Baires Ediciones
9789502102405,es un codigo ISBN para el libro,El Libro de Las Mil Cosas
9789502102405,es un codigo ISBN de una edicion publicada por,Plus - Ultra
9789502110066,es un codigo ISBN para el libro,Obra Poetica - Barbieri
9789502110066,es un codigo ISBN de una edicion publicada por,Plus - Ultra
9798721033766,es un codigo ISBN para el libro,Crítica Literaria
9798721033766,es un codigo ISBN de una edicion publicada por,Independently Published
9798716161849,es un codigo ISBN para el libro,Estudios Esotéricos
9798716161849,es un codigo ISBN de una edicion publicada por,Independently Published
9798719887210,es un codigo ISBN para el libro,Marechal
9798719887210,es un codigo ISBN de una edicion publicada por,Independently Published
9798454068721,es un codigo ISBN para el libro,Narrativa Policial Argentina
9798454068721,es un codigo ISBN de una edicion publicada por,Independently Published
9798712650163,es un codigo ISBN para el libro,Lengua Que Hablamos
9798712650163,es un codigo ISBN de una edicion publicada por,Independently Published
9798721058127,es un codigo ISBN para el libro,Cuentos Desconocidos
9798721058127,es un codigo ISBN de una edicion publicada por,Independently Published
9798722809520,es un codigo ISBN para el libro,Colección de Poesías Patrióticas : (inédito De 1826)
9798722809520,es un codigo ISBN de una edicion publicada por,Independently Published
9798727879351,es un codigo ISBN para el libro,Ensayos Sobre Estética y Poética
9798727879351,es un codigo ISBN de una edicion publicada por,Independently Published
9798724314688,es un codigo ISBN para el libro,Rescate de Náufragos I
9798724314688,es un codigo ISBN de una edicion publicada por,Independently Published
9789500432399,es un codigo ISBN para el libro,Cancionero de las invasiones inglesas
9789500432399,es un codigo ISBN de una edicion publicada por,Emecé
9789945160215,es un codigo ISBN para el libro,Pedro Henríquez Ureña y la Argentina
9789945160215,es un codigo ISBN de una edicion publicada por,Dirección General de la Feria del Libro
9789872397449,es un codigo ISBN para el libro,Ideario de San Martín
9789872397449,es un codigo ISBN de una edicion publicada por,Instituto Nacional Sanmartiniano
9798724288705,es un codigo ISBN para el libro,Poesías desconocidas de la independencia argentina
9798724288705,es un codigo ISBN de una edicion publicada por,Independently Published
9789875064973,es un codigo ISBN para el libro,Poesías desconocidas de la independencia argentina
9789875064973,es un codigo ISBN de una edicion publicada por,Editorial Docencia
9789505851393,es un codigo ISBN para el libro,La literatura antártica argentina
9789505851393,es un codigo ISBN de una edicion publicada por,Academia Argentina de Letras
9798722846075,es un codigo ISBN para el libro,Misión Del Escritor - el Ideal Caballeresco
9798722846075,es un codigo ISBN de una edicion publicada por,Independently Published
9798722786067,es un codigo ISBN para el libro,inédito N° 46-47 de Martín Fierro de Homenaje a Güiraldes
9798722786067,es un codigo ISBN de una edicion publicada por,Independently Published
9798724263818,es un codigo ISBN para el libro,Elogios
9798724263818,es un codigo ISBN de una edicion publicada por,Independently Published
9789505851270,es un codigo ISBN para el libro,La Biblioteca popular de Buenos Aires (1878-1883)
9789505851270,es un codigo ISBN de una edicion publicada por,Fundación Navarro Viola
9789505851218,es un codigo ISBN para el libro,"Hacia un Diccionario de Gentilicios Argentinos, DiGA"
9789505851218,es un codigo ISBN de una edicion publicada por,Academia Argentina de Letras
9789505851171,es un codigo ISBN para el libro,Homenaje a Larreta en el centenario de La gloria de don Ramiro (1908-2008)
9789505851171,es un codigo ISBN de una edicion publicada por,Academia Argentina de Letras
9789500432245,es un codigo ISBN para el libro,Diccionario fraseológico del habla argentina
9789500432245,es un codigo ISBN de una edicion publicada por,Emecé
9789508932310,es un codigo ISBN para el libro,Elaboracion del Proyecto Educativo Institucional
9789508932310,es un codigo ISBN de una edicion publicada por,Apuntes Libros
9789874315304,es un codigo ISBN para el libro,Historia de La Historiografia Literaria Argentina
9789874315304,es un codigo ISBN de una edicion publicada por,Autores Editores
9789505850952,es un codigo ISBN para el libro,Léxico del mate
9789505850952,es un codigo ISBN de una edicion publicada por,Academia Argentina de Letras
9789505850884,es un codigo ISBN para el libro,Un inédito diccionario de argentinismos del siglo XIX
9789505850884,es un codigo ISBN de una edicion publicada por,Academia Argentina de Letras
9789874939227,es un codigo ISBN para el libro,Buceo excitante en las entrañas del tango
9789874939227,es un codigo ISBN de una edicion publicada por,Enigma Editores
9789871812554,es un codigo ISBN para el libro,Amor y plenitud en el absurdo viaje hacia la muerte
9789871812554,es un codigo ISBN de una edicion publicada por,La Luna Que
9789508439895,es un codigo ISBN para el libro,"Voces interiores, meditaciones, reminiscencias"
9789508439895,es un codigo ISBN de una edicion publicada por,Vinciguerra
9789873600685,es un codigo ISBN para el libro,Amor y tango en púrpura y azul
9789873600685,es un codigo ISBN de una edicion publicada por,Enigma Editores
9789874939623,es un codigo ISBN para el libro,Amor
9789874939623,es un codigo ISBN de una edicion publicada por,Enigma Editores
9789872487027,es un codigo ISBN para el libro,"Exploraciones, embriagueces, éxtasis"
9789872487027,es un codigo ISBN de una edicion publicada por,La Máquina del Tiempo
9789871812288,es un codigo ISBN para el libro,Los intensos goces de la escritura
9789871812288,es un codigo ISBN de una edicion publicada por,La Luna Que
9789871282265,es un codigo ISBN para el libro,"Prodigios, exaltaciones y gozos"
9789871282265,es un codigo ISBN de una edicion publicada por,Marcelo H. Oliveri Editor
9789588850139,es un codigo ISBN para el libro,Fútbol de ayer y de hoy
9789588850139,es un codigo ISBN de una edicion publicada por,Ediciones B
9789508602909,es un codigo ISBN para el libro,Crimenes de arena
9789508602909,es un codigo ISBN de una edicion publicada por,"Desde la Gente, Ediciones del IMFC"
9789873805387,es un codigo ISBN para el libro,"Walsh, 1957"
9789873805387,es un codigo ISBN de una edicion publicada por,Unipe Editorial Universitaria
9789500206686,es un codigo ISBN para el libro,Ojos que no ven
9789500206686,es un codigo ISBN de una edicion publicada por,El Ateneo
9789508602589,es un codigo ISBN para el libro,Enlaces y cabos sueltos
9789508602589,es un codigo ISBN de una edicion publicada por,Desde la Gente
9789500204644,es un codigo ISBN para el libro,Cuaderno del ausente
9789500204644,es un codigo ISBN de una edicion publicada por,Editorial El Ateneo
9789500421317,es un codigo ISBN para el libro,Lo Mejor de Los Mejores
9789500421317,es un codigo ISBN de una edicion publicada por,Emecé Editores
9789508602275,es un codigo ISBN para el libro,Antología personal
9789508602275,es un codigo ISBN de una edicion publicada por,Ediciones del IMFC
9789871306237,es un codigo ISBN para el libro,Ver para leer
9789871306237,es un codigo ISBN de una edicion publicada por,Andrés Bello
9789504928225,es un codigo ISBN para el libro,El sermón de La Victoria
9789504928225,es un codigo ISBN de una edicion publicada por,Planeta
9789504934509,es un codigo ISBN para el libro,Vamos fusilando mientras llega la orden
9789504934509,es un codigo ISBN de una edicion publicada por,Planeta
9789870404774,es un codigo ISBN para el libro,El Mundo Se Derrumba y Nosotros Nos Enamoramos
9789870404774,es un codigo ISBN de una edicion publicada por,Alfaguara
9788445500415,es un codigo ISBN para el libro,Fuegia - En Los Confines del Mundo
9788445500415,es un codigo ISBN de una edicion publicada por,Apostrofe
9789507312496,es un codigo ISBN para el libro,No Se Turbe Vuestro Corazon
9789507312496,es un codigo ISBN de una edicion publicada por,Editorial Seix Barral
9789507313264,es un codigo ISBN para el libro,Noticias Secretas de America - Nueva Edicion
9789507313264,es un codigo ISBN de una edicion publicada por,Editorial Seix Barral
9789507312380,es un codigo ISBN para el libro,Fuegia
9789507312380,es un codigo ISBN de una edicion publicada por,Editorial Seix Barral
9789507315862,es un codigo ISBN para el libro,Noticias secretas de América
9789507315862,es un codigo ISBN de una edicion publicada por,Seix Barral
9789504901938,es un codigo ISBN para el libro,El Naufrago de Las Estrellas
9789504901938,es un codigo ISBN de una edicion publicada por,Planeta
9789500707602,es un codigo ISBN para el libro,El Naufrago de Las Estrellas
9789500707602,es un codigo ISBN de una edicion publicada por,Sudamericana
9789500710107,es un codigo ISBN para el libro,El Naufrago de Las Estrellas
9789500710107,es un codigo ISBN de una edicion publicada por,Sudamericana
9789500511735,es un codigo ISBN para el libro,Romances de pueblo
9789500511735,es un codigo ISBN de una edicion publicada por,Ediciones Corregidor
9788433402219,es un codigo ISBN para el libro,Eduardo Falú
9788433402219,es un codigo ISBN de una edicion publicada por,Ediciones Júcar
9789879267257,es un codigo ISBN para el libro,Emilia Bertolé
9789879267257,es un codigo ISBN de una edicion publicada por,Editorial Municipal de Rosario
9789502405988,es un codigo ISBN para el libro,Ballenas
9789502405988,es un codigo ISBN de una edicion publicada por,Albatros
9789502406268,es un codigo ISBN para el libro,Monos
9789502406268,es un codigo ISBN de una edicion publicada por,Albatros
9789502406602,es un codigo ISBN para el libro,Murcielagos
9789502406602,es un codigo ISBN de una edicion publicada por,Albatros
9788419642677,es un codigo ISBN para el libro,Artificial
9788419642677,es un codigo ISBN de una edicion publicada por,Random House Espanol
9789871567263,es un codigo ISBN para el libro,Sucedió en la lluvia
9789871567263,es un codigo ISBN de una edicion publicada por,Punto de Encuentro
9789507314827,es un codigo ISBN para el libro,Cuando Eramos Felices
9789507314827,es un codigo ISBN de una edicion publicada por,Editorial Seix Barral
9789500426145,es un codigo ISBN para el libro,Cuentos Completos
9789500426145,es un codigo ISBN de una edicion publicada por,Emece Editores
9788489618046,es un codigo ISBN para el libro,Dublin Al Sur y Otros Relatos
9788489618046,es un codigo ISBN de una edicion publicada por,Lengua de Trapo
9789500770132,es un codigo ISBN para el libro,Cuentos Anteriores
9789500770132,es un codigo ISBN de una edicion publicada por,Sudamericana
9789502313115,es un codigo ISBN para el libro,?Quieres saber qué son las células?
9789502313115,es un codigo ISBN de una edicion publicada por,Eudeba
9789875453401,es un codigo ISBN para el libro,Eleodoro
9789875453401,es un codigo ISBN de una edicion publicada por,Grupo Editorial Norma
9789875452114,es un codigo ISBN para el libro,El Mar y la Serpiente/ The Sea and the Snake (Zona Libre/ Free Zone)
9789875452114,es un codigo ISBN de una edicion publicada por,Grupo Editorial Norma
9789875453593,es un codigo ISBN para el libro,La Cuarta Pata
9789875453593,es un codigo ISBN de una edicion publicada por,Grupo Editorial Norma
9789502313283,es un codigo ISBN para el libro,Queres Saber Que Son Las Proteinas?
9789502313283,es un codigo ISBN de una edicion publicada por,Eudeba
9789509540026,es un codigo ISBN para el libro,Historias Secretas
9789509540026,es un codigo ISBN de una edicion publicada por,A. Korn Editora
9789871645015,es un codigo ISBN para el libro,La ciudad cambió la voz
9789871645015,es un codigo ISBN de una edicion publicada por,Editorial Diario La Capital
9784880125381,es un codigo ISBN para el libro,El Cambaranga
9784880125381,es un codigo ISBN de una edicion publicada por,Shinsekai Kenkyusho
9789505152049,es un codigo ISBN para el libro,Cuerpos abrasados
9789505152049,es un codigo ISBN de una edicion publicada por,Ediciones de la Flor
9789500813877,es un codigo ISBN para el libro,Bocca
9789500813877,es un codigo ISBN de una edicion publicada por,Atlantida
9789505113859,es un codigo ISBN para el libro,Argentinos En La Cornisa
9789505113859,es un codigo ISBN de una edicion publicada por,Aguilar
9789500712392,es un codigo ISBN para el libro,Borges-Bioy
9789500712392,es un codigo ISBN de una edicion publicada por,Editorial Sudamericana
9789505151950,es un codigo ISBN para el libro,El ultimo padre / The Last Father
9789505151950,es un codigo ISBN de una edicion publicada por,De La Flor
9789505155378,es un codigo ISBN para el libro,"Fontanarrosa,entregate"
9789505155378,es un codigo ISBN de una edicion publicada por,Ediciones de la Flor
9789500712620,es un codigo ISBN para el libro,Miedo
9789500712620,es un codigo ISBN de una edicion publicada por,Sudamericana
9789870409632,es un codigo ISBN para el libro,Las vacaciones de Tomasito
9789870409632,es un codigo ISBN de una edicion publicada por,Alfaguara
9781400000135,es un codigo ISBN para el libro,Cosquillas en el ombligo
9781400000135,es un codigo ISBN de una edicion publicada por,Sudamericana
9789875455382,es un codigo ISBN para el libro,La cenizas de papá
9789875455382,es un codigo ISBN de una edicion publicada por,Grupo Editorial Norma
9780613853521,es un codigo ISBN para el libro,Las Rositas
9780613853521,es un codigo ISBN de una edicion publicada por,Tandem Library
9781400000142,es un codigo ISBN para el libro,Miedo
9781400000142,es un codigo ISBN de una edicion publicada por,Sudamericana
9789505810956,es un codigo ISBN para el libro,"Rositas, Las"
9789505810956,es un codigo ISBN de una edicion publicada por,Ediciones Colihue SRL
9789876283724,es un codigo ISBN para el libro,Secretos de familia
9789876283724,es un codigo ISBN de una edicion publicada por,Edhasa
9789580442226,es un codigo ISBN para el libro,Toby (Torre de Papel)
9789580442226,es un codigo ISBN de una edicion publicada por,Grupo Editorial Norma
9789872084776,es un codigo ISBN para el libro,Humor Idiota
9789872084776,es un codigo ISBN de una edicion publicada por,Pequeno Editor
9781022442757,es un codigo ISBN para el libro,Diccionario Filológico-Comparado de la Lengua Castellana; 4
9781022442757,es un codigo ISBN de una edicion publicada por,"Creative Media Partners, LLC"
9781020493416,es un codigo ISBN para el libro,Diccionario Filológico-Comparado de la Lengua Castellana; 4
9781020493416,es un codigo ISBN de una edicion publicada por,"Creative Media Partners, LLC"
9798559056692,es un codigo ISBN para el libro,Cuerpo Cuenta
9798559056692,es un codigo ISBN de una edicion publicada por,Independently Published
9789875380356,es un codigo ISBN para el libro,Cuerpo y Saber
9789875380356,es un codigo ISBN de una edicion publicada por,Novedades Educativas
9789507863097,es un codigo ISBN para el libro,El Libro de Los Pies
9789507863097,es un codigo ISBN de una edicion publicada por,Editorial Biblos
9798563129566,es un codigo ISBN para el libro,Espacio Habitado
9798563129566,es un codigo ISBN de una edicion publicada por,Independently Published
9789875380349,es un codigo ISBN para el libro,Espacio Habitado
9789875380349,es un codigo ISBN de una edicion publicada por,Novedades Educativas
9789879646625,es un codigo ISBN para el libro,Espacio Habitado - Psicomotricidad
9789879646625,es un codigo ISBN de una edicion publicada por,D^b
9789507864407,es un codigo ISBN para el libro,Juegos de Crianza
9789507864407,es un codigo ISBN de una edicion publicada por,Editorial Biblos
9789879646632,es un codigo ISBN para el libro,El Cuerpo En La Escritura
9789879646632,es un codigo ISBN de una edicion publicada por,D^b
9789875380363,es un codigo ISBN para el libro,El Cuerpo En La Escritura
9789875380363,es un codigo ISBN de una edicion publicada por,Novedades Educativas
9789505815784,es un codigo ISBN para el libro,Marea En Las Manos
9789505815784,es un codigo ISBN de una edicion publicada por,Colihue
9789870003434,es un codigo ISBN para el libro,Que Es La Psicomotricidad?
9789870003434,es un codigo ISBN de una edicion publicada por,Lumen Books/Sites Books
9789505639175,es un codigo ISBN para el libro,Historia funambulesca del profesor Landormy
9789505639175,es un codigo ISBN de una edicion publicada por,Biblioteca Nacional
9789877503456,es un codigo ISBN para el libro,Arturo Capdevila
9789877503456,es un codigo ISBN de una edicion publicada por,Fundación Argentina para la Poesía
9780613852050,es un codigo ISBN para el libro,"Cuando Un Bosque Se Quema - Nene, Nena y Guau"
9780613852050,es un codigo ISBN de una edicion publicada por,Tandem Library
9788439284864,es un codigo ISBN para el libro,"Cuando Un Bosque Se Quema - Nene, Nena y Guau (Paco Capd-Vila)"
9788439284864,es un codigo ISBN de una edicion publicada por,Everest Publishing
9789879507810,es un codigo ISBN para el libro,Freud
9789879507810,es un codigo ISBN de una edicion publicada por,Jauja (Mendoza)
9789879222133,es un codigo ISBN para el libro,Camperas
9789879222133,es un codigo ISBN de una edicion publicada por,Vortice
9789879222171,es un codigo ISBN para el libro,Cristo vuelve o no vuelve?
9789879222171,es un codigo ISBN de una edicion publicada por,Vortice
9788492654420,es un codigo ISBN para el libro,Pluma en ristre
9788492654420,es un codigo ISBN de una edicion publicada por,Libroslibres
9788492518524,es un codigo ISBN para el libro,El apokalipsis de San Juan
9788492518524,es un codigo ISBN de una edicion publicada por,Homo Legens
9781508850076,es un codigo ISBN para el libro,Rusia Actor Global
9781508850076,es un codigo ISBN de una edicion publicada por,CreateSpace Independent Publishing Platform
9789875033832,es un codigo ISBN para el libro,El fin de lo mismo
9789875033832,es un codigo ISBN de una edicion publicada por,Editorial La Página
9789870432944,es un codigo ISBN para el libro,Relatos reunidos
9789870432944,es un codigo ISBN de una edicion publicada por,Alfaguara
9789871768196,es un codigo ISBN para el libro,Música prosaica (cuatro piezas sobre traducción)
9789871768196,es un codigo ISBN de una edicion publicada por,Editorial Entropía
9789874554499,es un codigo ISBN para el libro,Algo más
9789874554499,es un codigo ISBN de una edicion publicada por,Páprika
9789874578365,es un codigo ISBN para el libro,Jorge Miño
9789874578365,es un codigo ISBN de una edicion publicada por,"KBB, Kültur Büro"
9788415851424,es un codigo ISBN para el libro,Riplay
9788415851424,es un codigo ISBN de una edicion publicada por,Adriana Hidalgo editora 2
9789580440604,es un codigo ISBN para el libro,El Oido Absoluto
9789580440604,es un codigo ISBN de una edicion publicada por,Grupo Editorial Norma
9789872101497,es un codigo ISBN para el libro,El Pais de La Dama Electrica
9789872101497,es un codigo ISBN de una edicion publicada por,Unknown
9789504001263,es un codigo ISBN para el libro,El Testamento de O'Jaral (Alianza Literatura)
9789504001263,es un codigo ISBN de una edicion publicada por,Alianza
9789875454651,es un codigo ISBN para el libro,Impureza
9789875454651,es un codigo ISBN de una edicion publicada por,Grupo Editorial Norma
9788445072462,es un codigo ISBN para el libro,Inolvidables Veladas
9788445072462,es un codigo ISBN de una edicion publicada por,Minotauro
9788495642141,es un codigo ISBN para el libro,La Solucion Parcial/ the Partial Solution (Voces/ Literatura)
9788495642141,es un codigo ISBN de una edicion publicada por,Paginas de Espuma
9789875451193,es un codigo ISBN para el libro,Realmente Fantastico! y Otros Ensayos
9789875451193,es un codigo ISBN de una edicion publicada por,Grupo Editorial Norma
9789509540156,es un codigo ISBN para el libro,"Sitio de Kelany, El"
9789509540156,es un codigo ISBN de una edicion publicada por,ADA Korn Editora
9789580452898,es un codigo ISBN para el libro,Buda
9789580452898,es un codigo ISBN de una edicion publicada por,Norma
9788426424051,es un codigo ISBN para el libro,Buda
9788426424051,es un codigo ISBN de una edicion publicada por,Sites/Lumen Books
9789875451728,es un codigo ISBN para el libro,Hombres Amables
9789875451728,es un codigo ISBN de una edicion publicada por,Grupo Editorial Norma
9789879334065,es un codigo ISBN para el libro,Hombres Amables
9789879334065,es un codigo ISBN de una edicion publicada por,Grupo Editorial Norma
9789870413318,es un codigo ISBN para el libro,Casa de Ottro
9789870413318,es un codigo ISBN de una edicion publicada por,Alfaguara
9789870419730,es un codigo ISBN para el libro,Balada
9789870419730,es un codigo ISBN de una edicion publicada por,Alfaguara
9789876121248,es un codigo ISBN para el libro,Abrir caminos
9789876121248,es un codigo ISBN de una edicion publicada por,V & R Editoras
9789879201961,es un codigo ISBN para el libro,Historias Que Hacen Bien/ Stories That Inspire
9789879201961,es un codigo ISBN de una edicion publicada por,V & R Editores
9789500505048,es un codigo ISBN para el libro,Diccionario de juegos infantiles latinoamericanos
9789500505048,es un codigo ISBN de una edicion publicada por,Corregidor
9788466313414,es un codigo ISBN para el libro,'La cita' y otros cuentos de mujeres infieles
9788466313414,es un codigo ISBN de una edicion publicada por,Suma de Letras
9789681913625,es un codigo ISBN para el libro,'La cita' y otros cuentos de mujeres infieles
9789681913625,es un codigo ISBN de una edicion publicada por,Alfaguara
9788461327942,es un codigo ISBN para el libro,Relatos del Rio de la Plata. Incluye CD con la lectura de los relatos (Spanish Edition)
9788461327942,es un codigo ISBN de una edicion publicada por,Habla con Eñe
9782266150491,es un codigo ISBN para el libro,Rêves et réalités / Sueños y realidades
9782266150491,es un codigo ISBN de una edicion publicada por,Pocket
9781517231484,es un codigo ISBN para el libro,Perseguidor
9781517231484,es un codigo ISBN de una edicion publicada por,CreateSpace Independent Publishing Platform
9788420477749,es un codigo ISBN para el libro,Otra Orilla
9788420477749,es un codigo ISBN de una edicion publicada por,Penguin Random House Grupo Editorial
9781517279448,es un codigo ISBN para el libro,Los Crímenes de la Rue Morgue
9781517279448,es un codigo ISBN de una edicion publicada por,CreateSpace Independent Publishing Platform
9781530899166,es un codigo ISBN para el libro,Las Aventuras de Arthur Gordon Pym
9781530899166,es un codigo ISBN de una edicion publicada por,CreateSpace Independent Publishing Platform
9781517258078,es un codigo ISBN para el libro,Las Aventuras de Arthur Gordon Pym
9781517258078,es un codigo ISBN de una edicion publicada por,CreateSpace Independent Publishing Platform
9781511604017,es un codigo ISBN para el libro,Carta Robada
9781511604017,es un codigo ISBN de una edicion publicada por,CreateSpace Independent Publishing Platform
9798598409794,es un codigo ISBN para el libro,Los Crímenes de la Calle Morgue
9798598409794,es un codigo ISBN de una edicion publicada por,Independently Published
9781517278762,es un codigo ISBN para el libro,Misterio de Marie Roget
9781517278762,es un codigo ISBN de una edicion publicada por,CreateSpace Independent Publishing Platform
9781517278267,es un codigo ISBN para el libro,Cuentos
9781517278267,es un codigo ISBN de una edicion publicada por,CreateSpace Independent Publishing Platform
9781511608886,es un codigo ISBN para el libro,Barril de Amontillado
9781511608886,es un codigo ISBN de una edicion publicada por,CreateSpace Independent Publishing Platform
9781508740407,es un codigo ISBN para el libro,Cómo Escribir Cuentos
9781508740407,es un codigo ISBN de una edicion publicada por,CreateSpace Independent Publishing Platform
9789505572618,es un codigo ISBN para el libro,Progreso Y Declinacion De LA Economia Argentina
9789505572618,es un codigo ISBN de una edicion publicada por,Fondo de Cultura Económica
9789996725340,es un codigo ISBN para el libro,Empresas y tierras de Carlos Casado en el Chaco Paraguayo
9789996725340,es un codigo ISBN de una edicion publicada por,Intercontinental Editora
9788447535231,es un codigo ISBN para el libro,La conquista y ocupación de la frontera del Chaco entre Paraguay y Argentina
9788447535231,es un codigo ISBN de una edicion publicada por,"UB, Universitat de Barcelona"
9789871855117,es un codigo ISBN para el libro,"Mocovíes, franciscanos y colonos de la zona chaqueña de Santa Fe, 1850-2011"
9789871855117,es un codigo ISBN de una edicion publicada por,Taller de Estudios e Investigaciones Andino Amazónicas
9788400089269,es un codigo ISBN para el libro,Lealtades firmes
9788400089269,es un codigo ISBN de una edicion publicada por,Consejo Superior de Investigaciones Científicas
9789995373610,es un codigo ISBN para el libro,La Guerra del Chaco
9789995373610,es un codigo ISBN de una edicion publicada por,Intercontinental Editora
9789871304554,es un codigo ISBN para el libro,La Guerra del Chaco
9789871304554,es un codigo ISBN de una edicion publicada por,Prohistoria Ediciones
9789871855759,es un codigo ISBN para el libro,Carlos de Sanctis
9789871855759,es un codigo ISBN de una edicion publicada por,Prohistoria Ediciones
9789871855704,es un codigo ISBN para el libro,San Francisco de Asís del Laishí
9789871855704,es un codigo ISBN de una edicion publicada por,Prohistoria Ediciones
9788488717825,es un codigo ISBN para el libro,Casa de América de Barcelona (1911-1947)
9788488717825,es un codigo ISBN de una edicion publicada por,Not Avail
9788447526796,es un codigo ISBN para el libro,Mujeres Argentinas/argentinian's Women
9788447526796,es un codigo ISBN de una edicion publicada por,Publicaciones de la Universitat de Barcelona
9789873962103,es un codigo ISBN para el libro,La literatura de Santa Fe
9789873962103,es un codigo ISBN de una edicion publicada por,Espacio Santafesino Ediciones
9789870502784,es un codigo ISBN para el libro,Nadie cerca o lejos
9789870502784,es un codigo ISBN de una edicion publicada por,Identydad
9789872235420,es un codigo ISBN para el libro,Zoológicos
9789872235420,es un codigo ISBN de una edicion publicada por,Ediciones Recovecos
9789870405085,es un codigo ISBN para el libro,Niní Marshall
9789870405085,es un codigo ISBN de una edicion publicada por,Aguilar Argentina
9789870404811,es un codigo ISBN para el libro,Juan Manuel Fangio
9789870404811,es un codigo ISBN de una edicion publicada por,Aguilar Argentina
9789870405016,es un codigo ISBN para el libro,Florentino Ameghino
9789870405016,es un codigo ISBN de una edicion publicada por,Aguilar
9789870404873,es un codigo ISBN para el libro,Victoria Ocampo
9789870404873,es un codigo ISBN de una edicion publicada por,Aguilar
9789870404880,es un codigo ISBN para el libro,Jorge Luis Borges
9789870404880,es un codigo ISBN de una edicion publicada por,Aguilar Argentina
9789500749633,es un codigo ISBN para el libro,Memorias imperfectas
9789500749633,es un codigo ISBN de una edicion publicada por,Sudamericana
9789870405023,es un codigo ISBN para el libro,Lola Mora
9789870405023,es un codigo ISBN de una edicion publicada por,Aguilar
9789870404842,es un codigo ISBN para el libro,Astor Piazzolla
9789870404842,es un codigo ISBN de una edicion publicada por,Aguilar
9789870405771,es un codigo ISBN para el libro,"Tita Merello, la morocha argentina"
9789870405771,es un codigo ISBN de una edicion publicada por,Aguilar
9789870404835,es un codigo ISBN para el libro,Alfonsina Storni
9789870404835,es un codigo ISBN de una edicion publicada por,Aguilar
9789870404828,es un codigo ISBN para el libro,Julio Cortázar
9789870404828,es un codigo ISBN de una edicion publicada por,Aguilar
9789870404996,es un codigo ISBN para el libro,Enrique Santos Discépolo
9789870404996,es un codigo ISBN de una edicion publicada por,Aguilar
9789870405801,es un codigo ISBN para el libro,Jorge Newbery
9789870405801,es un codigo ISBN de una edicion publicada por,Aguilar
9789500286695,es un codigo ISBN para el libro,El Bosque de Los Libros
9789500286695,es un codigo ISBN de una edicion publicada por,El Ateneo
9789504903055,es un codigo ISBN para el libro,Escrito Sobre Borges
9789504903055,es un codigo ISBN de una edicion publicada por,Planeta
9789871191901,es un codigo ISBN para el libro,Tras la sombra de Antonio Di Benedetto
9789871191901,es un codigo ISBN de una edicion publicada por,Ediciones Culturales de Mendoza
9788401903298,es un codigo ISBN para el libro,El hacedor de silencio
9788401903298,es un codigo ISBN de una edicion publicada por,Aims Intl Books Corp
9789879396094,es un codigo ISBN para el libro,Cuentos Claros/clear Stories (Le Lengua)
9789879396094,es un codigo ISBN de una edicion publicada por,Adriana Hidalgo Editora
9789871156535,es un codigo ISBN para el libro,Cuentos Completos / Complete Short Stories (La Lengua / Cuento)
9789871156535,es un codigo ISBN de una edicion publicada por,Adriana Hidalgo Editora
9789509051805,es un codigo ISBN para el libro,Declinación y Angel
9789509051805,es un codigo ISBN de una edicion publicada por,Gárgola
9789871156375,es un codigo ISBN para el libro,El Pentagono/the Pentagon
9789871156375,es un codigo ISBN de una edicion publicada por,Adriana Hidalgo Editora
9789509106819,es un codigo ISBN para el libro,Paginas de Antonio Di Benedetto
9789509106819,es un codigo ISBN de una edicion publicada por,Editorial Celtia
9788476699843,es un codigo ISBN para el libro,Trilogía de la espera
9788476699843,es un codigo ISBN de una edicion publicada por,El Aleph
9789871556472,es un codigo ISBN para el libro,Aballay
9789871556472,es un codigo ISBN de una edicion publicada por,Adriana Hidalgo
9789507315398,es un codigo ISBN para el libro,Otros septiembres
9789507315398,es un codigo ISBN de una edicion publicada por,Seix Barral
9789877800289,es un codigo ISBN para el libro,Salvados por Francisco
9789877800289,es un codigo ISBN de una edicion publicada por,B
9789500753128,es un codigo ISBN para el libro,La lealtad
9789500753128,es un codigo ISBN de una edicion publicada por,Sudamericana
9788485389230,es un codigo ISBN para el libro,Los Parques nacionales de la Argentina y otras de sus áreas naturales
9788485389230,es un codigo ISBN de una edicion publicada por,Instituto de Cooperación Iberoamericana
9789500284745,es un codigo ISBN para el libro,El Nuevo Libro del Arbol (Colección Patrimonio Natural)
9789500284745,es un codigo ISBN de una edicion publicada por,El Ateneo
9789500285155,es un codigo ISBN para el libro,El Nuevo Libro del Arbol (Colección Patrimonio Natural)
9789500285155,es un codigo ISBN de una edicion publicada por,El Ateneo
9789876701235,es un codigo ISBN para el libro,El amor nos destrozará
9789876701235,es un codigo ISBN de una edicion publicada por,Tusquets
9788432139611,es un codigo ISBN para el libro,Al César lo que es del César
9788432139611,es un codigo ISBN de una edicion publicada por,Ediciones Rialp
9789875072404,es un codigo ISBN para el libro,Del buen salvaje al ciudadano
9789875072404,es un codigo ISBN de una edicion publicada por,Ciudad Argentina
9788482398600,es un codigo ISBN para el libro,Historia de la filosofía IV - Filosofía contemporánea
9788482398600,es un codigo ISBN de una edicion publicada por,Palabra Ediciones
9788482396071,es un codigo ISBN para el libro,Historia de la filosofía III - Filosofía moderna
9788482396071,es un codigo ISBN de una edicion publicada por,Palabra Ediciones
9788432148576,es un codigo ISBN para el libro,El siglo de oro español
9788432148576,es un codigo ISBN de una edicion publicada por,"Ediciones Rialp, S.A."
9788432149863,es un codigo ISBN para el libro,El último romántico
9788432149863,es un codigo ISBN de una edicion publicada por,"Ediciones Rialp, S.A."
9788432142970,es un codigo ISBN para el libro,El Papa Francisco
9788432142970,es un codigo ISBN de una edicion publicada por,"Ediciones Rialp, S.A."
9788413681108,es un codigo ISBN para el libro,"No esclavos, sino hijos"
9788413681108,es un codigo ISBN de una edicion publicada por,"Ediciones Palabra, S.A."
9788490618394,es un codigo ISBN para el libro,Transformar el mundo desde dentro
9788490618394,es un codigo ISBN de una edicion publicada por,"Ediciones Palabra, S.A."
9789872446246,es un codigo ISBN para el libro,De la persona a la aldea global
9789872446246,es un codigo ISBN de una edicion publicada por,Logos
9788490619476,es un codigo ISBN para el libro,De la persona a la aldea global
9788490619476,es un codigo ISBN de una edicion publicada por,"Ediciones Palabra, S.A."
9789504916338,es un codigo ISBN para el libro,El medio ambiente no le importa a nadie
9789504916338,es un codigo ISBN de una edicion publicada por,Planeta
9789509540101,es un codigo ISBN para el libro,Covergencias
9789509540101,es un codigo ISBN de una edicion publicada por,ADA Korn Editora
9789506391966,es un codigo ISBN para el libro,Frente al Mar de Timor
9789506391966,es un codigo ISBN de una edicion publicada por,Perfil
9789875591608,es un codigo ISBN para el libro,Obra poética
9789875591608,es un codigo ISBN de una edicion publicada por,Ediciones Del Dock
9789505156955,es un codigo ISBN para el libro,Inodoro Pereyra 18
9789505156955,es un codigo ISBN de una edicion publicada por,De La Flor
9789505156849,es un codigo ISBN para el libro,Inodoro Pereyra 17
9789505156849,es un codigo ISBN de una edicion publicada por,De La Flor
9789500122085,es un codigo ISBN para el libro,Cuentos de ciencia ficción
9789500122085,es un codigo ISBN de una edicion publicada por,Estrada
9789504959236,es un codigo ISBN para el libro,Los mejores cuentos de fútbol
9789504959236,es un codigo ISBN de una edicion publicada por,Planeta
9788420466231,es un codigo ISBN para el libro,Cuentos Reunidos
9788420466231,es un codigo ISBN de una edicion publicada por,Ediciones Alfaguara
9789505112593,es un codigo ISBN para el libro,Cuentos de cine
9789505112593,es un codigo ISBN de una edicion publicada por,Alfaguara
9789505156795,es un codigo ISBN para el libro,Boogie el aceitoso
9789505156795,es un codigo ISBN de una edicion publicada por,Ediciones de la Flor
9789505156726,es un codigo ISBN para el libro,El fútbol es sagrado
9789505156726,es un codigo ISBN de una edicion publicada por,Ediciones de la Flor
9789505156283,es un codigo ISBN para el libro,Los clásicos según Fontanarrosa
9789505156283,es un codigo ISBN de una edicion publicada por,Ediciones de la Flor
9789500718004,es un codigo ISBN para el libro,No te vayas campeón
9789500718004,es un codigo ISBN de una edicion publicada por,Editorial Sudamericana
9789505156221,es un codigo ISBN para el libro,Aventuras de Inodoro Pereyra 5
9789505156221,es un codigo ISBN de una edicion publicada por,De La Flor
9789505151653,es un codigo ISBN para el libro,Best Seller
9789505151653,es un codigo ISBN de una edicion publicada por,De La Flor
9789505157037,es un codigo ISBN para el libro,Boogie 11
9789505157037,es un codigo ISBN de una edicion publicada por,De La Flor
9789505156344,es un codigo ISBN para el libro,Boogie 6
9789505156344,es un codigo ISBN de una edicion publicada por,De La Flor
9789505151561,es un codigo ISBN para el libro,El Area 18 / The 18 Area
9789505151561,es un codigo ISBN de una edicion publicada por,De La Flor
9789505151219,es un codigo ISBN para el libro,El Mayor De Mis Defectos
9789505151219,es un codigo ISBN de una edicion publicada por,De La Flor
9789505151011,es un codigo ISBN para el libro,"El Mundo Ha Vivido Equivocado Y Otros Cuentos/the World Has Lived Mistaken, and Other Stories"
9789505151011,es un codigo ISBN de una edicion publicada por,De La Flor
9789505151974,es un codigo ISBN para el libro,El Rey De La Milonga / the King of the Milonga
9789505151974,es un codigo ISBN de una edicion publicada por,De La Flor
9789505156634,es un codigo ISBN para el libro,El Segundo Sexo De Fontanarro
9789505156634,es un codigo ISBN de una edicion publicada por,De La Flor
9789505156863,es un codigo ISBN para el libro,Fontanarrosa Contra La Cultura
9789505156863,es un codigo ISBN de una edicion publicada por,De La Flor
9789505156276,es un codigo ISBN para el libro,Fontanarrosa De Penal
9789505156276,es un codigo ISBN de una edicion publicada por,De La Flor
9789505157563,es un codigo ISBN para el libro,Fontanarrosa y la inseguridad/ Fontanarrosa And The Insecurity
9789505157563,es un codigo ISBN de una edicion publicada por,De La Flor
9789505156603,es un codigo ISBN para el libro,Fontanarrosa Y Los Medicos
9789505156603,es un codigo ISBN de una edicion publicada por,De La Flor
9789505157181,es un codigo ISBN para el libro,Inodoro Pereyra
9789505157181,es un codigo ISBN de una edicion publicada por,De La Flor
9789505156184,es un codigo ISBN para el libro,Inodoro Pereyra - 1
9789505156184,es un codigo ISBN de una edicion publicada por,De La Flor
9789505156337,es un codigo ISBN para el libro,Inodoro Pereyra 10
9789505156337,es un codigo ISBN de una edicion publicada por,De La Flor
9789505156443,es un codigo ISBN para el libro,Inodoro Pereyra 11
9789505156443,es un codigo ISBN de una edicion publicada por,De La Flor
9789505156535,es un codigo ISBN para el libro,Inodoro Pereyra 12
9789505156535,es un codigo ISBN de una edicion publicada por,De La Flor
9789505156610,es un codigo ISBN para el libro,Inodoro Pereyra 13
9789505156610,es un codigo ISBN de una edicion publicada por,De La Flor
9789505156665,es un codigo ISBN para el libro,Inodoro Pereyra 14
9789505156665,es un codigo ISBN de una edicion publicada por,De La Flor
9789505157020,es un codigo ISBN para el libro,Inodoro Pereyra 19
9789505157020,es un codigo ISBN de una edicion publicada por,de la Flor
9789505156191,es un codigo ISBN para el libro,Inodoro Pereyra 2
9789505156191,es un codigo ISBN de una edicion publicada por,De La Flor
9789505157136,es un codigo ISBN para el libro,Inodoro Pereyra 20
9789505157136,es un codigo ISBN de una edicion publicada por,De La Flor
9789505157518,es un codigo ISBN para el libro,Inodoro Pereyra 26
9789505157518,es un codigo ISBN de una edicion publicada por,De La Flor
9789505157549,es un codigo ISBN para el libro,Inodoro Pereyra 27
9789505157549,es un codigo ISBN de una edicion publicada por,De La Flor
9789505157587,es un codigo ISBN para el libro,Inodoro Pereyra 28
9789505157587,es un codigo ISBN de una edicion publicada por,De La Flor
9789505157655,es un codigo ISBN para el libro,Inodoro Pereyra 29
9789505157655,es un codigo ISBN de una edicion publicada por,De La Flor
9789505156207,es un codigo ISBN para el libro,Inodoro Pereyra 3
9789505156207,es un codigo ISBN de una edicion publicada por,De La Flor
9789505156214,es un codigo ISBN para el libro,Inodoro Pereyra 4
9789505156214,es un codigo ISBN de una edicion publicada por,De La Flor
9789505156238,es un codigo ISBN para el libro,Inodoro Pereyra 6
9789505156238,es un codigo ISBN de una edicion publicada por,De La Flor
9789505156245,es un codigo ISBN para el libro,Inodoro Pereyra 7
9789505156245,es un codigo ISBN de una edicion publicada por,De La Flor
9789505156252,es un codigo ISBN para el libro,Inodoro Pereyra 8
9789505156252,es un codigo ISBN de una edicion publicada por,De La Flor
9789505151516,es un codigo ISBN para el libro,La Mesa De Los Galanes y otros cuentos/ The Table of the Handsome Young Men and Other Stories
9789505151516,es un codigo ISBN de una edicion publicada por,Ediciones de la Flor
9789505151608,es un codigo ISBN para el libro,Los Trenes Matan a Los Autos
9789505151608,es un codigo ISBN de una edicion publicada por,Ediciones De La Flor
9789500816670,es un codigo ISBN para el libro,Juego y Aprendo 2 - Con El Grafico
9789500816670,es un codigo ISBN de una edicion publicada por,Atlantida
9789500816687,es un codigo ISBN para el libro,Juego y Aprendo 3 - Con El Grafico
9789500816687,es un codigo ISBN de una edicion publicada por,Atlantida
9789505816651,es un codigo ISBN para el libro,La Gran Payada
9789505816651,es un codigo ISBN de una edicion publicada por,Ediciones Colihue
9780613875264,es un codigo ISBN para el libro,Juego y Aprendo 1 - Con El Grafico
9780613875264,es un codigo ISBN de una edicion publicada por,Tandem Library
9789500816663,es un codigo ISBN para el libro,Juego y Aprendo 1 - Con El Grafico
9789500816663,es un codigo ISBN de una edicion publicada por,Atlantida
9789500816694,es un codigo ISBN para el libro,Juego y Aprendo 4 - Con El Grafico
9789500816694,es un codigo ISBN de una edicion publicada por,Atlantida
9780613875271,es un codigo ISBN para el libro,Juego y Aprendo 4 - Con El Grafico
9780613875271,es un codigo ISBN de una edicion publicada por,Tandem Library
9789879350546,es un codigo ISBN para el libro,La pampa habla
9789879350546,es un codigo ISBN de una edicion publicada por,Ediciones Biblioteca Nacional
9789879918678,es un codigo ISBN para el libro,Biografías animales
9789879918678,es un codigo ISBN de una edicion publicada por,Secretaría de Cultura de la Nación en coproducción con Ediciones Devenir
9789509086180,es un codigo ISBN para el libro,El General Paz y Los DOS Candidatos
9789509086180,es un codigo ISBN de una edicion publicada por,Solar
9789505814657,es un codigo ISBN para el libro,El Aguila y El Zorro
9789505814657,es un codigo ISBN de una edicion publicada por,Ediciones Colihue
9780613864930,es un codigo ISBN para el libro,El Aguila y El Zorro
9780613864930,es un codigo ISBN de una edicion publicada por,Tandem Library
9789879999622,es un codigo ISBN para el libro,Prehistoria de San Juan
9789879999622,es un codigo ISBN de una edicion publicada por,Ansilta Editora
9789501265507,es un codigo ISBN para el libro,El psicoanálisis y los debates culturales
9789501265507,es un codigo ISBN de una edicion publicada por,Ediciones Paidos Iberica
9789871199075,es un codigo ISBN para el libro,Actualidad del Trauma
9789871199075,es un codigo ISBN de una edicion publicada por,Grama Ediciones
9789879006726,es un codigo ISBN para el libro,D'Escolar (Serie Impar)
9789879006726,es un codigo ISBN de una edicion publicada por,Atuel
9789872077020,es un codigo ISBN para el libro,Fuego Amigo
9789872077020,es un codigo ISBN de una edicion publicada por,Grama Ediciones
9789879921937,es un codigo ISBN para el libro,Gombrowicz - El Estilo y La Heraldica
9789879921937,es un codigo ISBN de una edicion publicada por,Editorial Atuel
9789505152698,es un codigo ISBN para el libro,La Fortuna
9789505152698,es un codigo ISBN de una edicion publicada por,Ediciones de la Flor
9789879006740,es un codigo ISBN para el libro,Oscar Masotta
9789879006740,es un codigo ISBN de una edicion publicada por,Atuel-Anáfora
9788485464210,es un codigo ISBN para el libro,Oscar Masotta y El Psicoanalisis del Castellano (Extension Freudiana)
9788485464210,es un codigo ISBN de una edicion publicada por,Editorial Argonauta
9789879894965,es un codigo ISBN para el libro,Paratangos
9789879894965,es un codigo ISBN de una edicion publicada por,Marcelo Héctor Oliveri Editor
9789879689158,es un codigo ISBN para el libro,Curso básico de lunfardo
9789879689158,es un codigo ISBN de una edicion publicada por,Academia Porteña del Lunfardo
9789879894910,es un codigo ISBN para el libro,Diccionario gauchesco
9789879894910,es un codigo ISBN de una edicion publicada por,Not Avail
9789872331429,es un codigo ISBN para el libro,Cronología general del tango
9789872331429,es un codigo ISBN de una edicion publicada por,Carpe Noctem
9789872345952,es un codigo ISBN para el libro,Historia de la Academia Porteña del Lunfardo
9789872345952,es un codigo ISBN de una edicion publicada por,Academia Porteña del Lunfardo
9789872345914,es un codigo ISBN para el libro,¿Cómo era Gardel?
9789872345914,es un codigo ISBN de una edicion publicada por,Los Amigos de Gardel
9789872169152,es un codigo ISBN para el libro,Blanqueo etimológico del lunfardo
9789872169152,es un codigo ISBN de una edicion publicada por,Marcelo Héctor Oliveri Editor
9788466302401,es un codigo ISBN para el libro,Ilusiones - Bolsillo (Spanish Edition)
9788466302401,es un codigo ISBN de una edicion publicada por,Suma de Letras
9788475220802,es un codigo ISBN para el libro,La nardo
9788475220802,es un codigo ISBN de una edicion publicada por,"Consejería de educación, Comunidad de Madrid"
9788417930011,es un codigo ISBN para el libro,El desahucio a la vista
9788417930011,es un codigo ISBN de una edicion publicada por,Casimiro
9788416300952,es un codigo ISBN para el libro,"Retratos, semblanzas y caricaturas variadas"
9788416300952,es un codigo ISBN de una edicion publicada por,Ediciones Ulises
9789876703628,es un codigo ISBN para el libro,America Alucinada
9789876703628,es un codigo ISBN de una edicion publicada por,Tusquets
9789509603998,es un codigo ISBN para el libro,Ocupacion y Reconquista. 1806 B 1807 a 200 Anos de Las Invasiones Inglesas
9789509603998,es un codigo ISBN de una edicion publicada por,Lumiere
9789876030205,es un codigo ISBN para el libro,Tiempo de Trajedias y Esperanzas - Cronologias Historica 1955-2005 de Peron a Kirchner
9789876030205,es un codigo ISBN de una edicion publicada por,Lumiere
9789871294725,es un codigo ISBN para el libro,El país que nos parió
9789871294725,es un codigo ISBN de una edicion publicada por,Aurelia Libros
9789871307098,es un codigo ISBN para el libro,"Buenos Aires, otoño 1982"
9789871307098,es un codigo ISBN de una edicion publicada por,Marea Editorial
9789509603332,es un codigo ISBN para el libro,Agonia y Muerte de Juan Domingo Peron
9789509603332,es un codigo ISBN de una edicion publicada por,Lumiere Ediciones
9789500429122,es un codigo ISBN para el libro,La colonia olvidada
9789500429122,es un codigo ISBN de una edicion publicada por,Emecé Editores
9789500421737,es un codigo ISBN para el libro,La colonia olvidada
9789500421737,es un codigo ISBN de una edicion publicada por,Emece Editores
9789505772490,es un codigo ISBN para el libro,Pequeñas Guerras Britanicas En America Latina
9789505772490,es un codigo ISBN de una edicion publicada por,Fundacion Editorial de Belgrano
9789505772650,es un codigo ISBN para el libro,Memoria del Miedo
9789505772650,es un codigo ISBN de una edicion publicada por,Fundacion Editorial de Belgrano
9789505491827,es un codigo ISBN para el libro,Azazel
9789505491827,es un codigo ISBN de una edicion publicada por,Torres Aguero Editor
9786075574936,es un codigo ISBN para el libro,Viaje en Lápiz
9786075574936,es un codigo ISBN de una edicion publicada por,Editorial Oceano de Mexico
9781959273004,es un codigo ISBN para el libro,¡Vivan Las Uñas de Colores!
9781959273004,es un codigo ISBN de una edicion publicada por,Hexagramm Books
9786074002607,es un codigo ISBN para el libro,"Nino, el rey de todo el mundo"
9786074002607,es un codigo ISBN de una edicion publicada por,Editorial Oceano de Mexico
9786074004373,es un codigo ISBN para el libro,temido enemigo
9786074004373,es un codigo ISBN de una edicion publicada por,Editorial Oceano de Mexico
9788420469942,es un codigo ISBN para el libro,Para qué sirven los dientes?
9788420469942,es un codigo ISBN de una edicion publicada por,Alfaguara/Santillana
9786077353959,es un codigo ISBN para el libro,Mallko y papá
9786077353959,es un codigo ISBN de una edicion publicada por,Océano Travesía
9788449439360,es un codigo ISBN para el libro,Basurarte
9788449439360,es un codigo ISBN de una edicion publicada por,Océano travesía
9788420769714,es un codigo ISBN para el libro,El Hijo Del Viento/the Son of the Wind
9788420769714,es un codigo ISBN de una edicion publicada por,Lectorum Publications
9786075163659,es un codigo ISBN para el libro,Poesía de la locura al celo
9786075163659,es un codigo ISBN de una edicion publicada por,"CONACULTA, Dirección General de Publicaciones"
9788484892960,es un codigo ISBN para el libro,España no existe
9788484892960,es un codigo ISBN de una edicion publicada por,Iberoamericana
9788461383139,es un codigo ISBN para el libro,Poemas simplistas
9788461383139,es un codigo ISBN de una edicion publicada por,ZUT
9789874062673,es un codigo ISBN para el libro,Dobleces
9789874062673,es un codigo ISBN de una edicion publicada por,Modesto Rimba
9789872149321,es un codigo ISBN para el libro,Letras y Divisas
9789872149321,es un codigo ISBN de una edicion publicada por,Santiago Arcos Editor
9789508452450,es un codigo ISBN para el libro,Corrientes
9789508452450,es un codigo ISBN de una edicion publicada por,Beatriz Viterbo Editora
9789872385514,es un codigo ISBN para el libro,El caserío
9789872385514,es un codigo ISBN de una edicion publicada por,El Suri Porfiado
9789871650026,es un codigo ISBN para el libro,El aire estaba quieto
9789871650026,es un codigo ISBN de una edicion publicada por,Ediciones del CCC Centro Cultural de la Cooperación Floreal Gorini
9789871541294,es un codigo ISBN para el libro,El banco está cerrado
9789871541294,es un codigo ISBN de una edicion publicada por,El Suri Porfiado
9788489934320,es un codigo ISBN para el libro,El Romancero sefardí de Máximo José Kahn
9788489934320,es un codigo ISBN de una edicion publicada por,Fundación Ramón Areces
9788484726937,es un codigo ISBN para el libro,Arte y Torá
9788484726937,es un codigo ISBN de una edicion publicada por,Renacimiento
9789873728129,es un codigo ISBN para el libro,La puerta del viento
9789873728129,es un codigo ISBN de una edicion publicada por,Mansalva
9789509051669,es un codigo ISBN para el libro,Poemas chinos
9789509051669,es un codigo ISBN de una edicion publicada por,Gárgola
9789876580472,es un codigo ISBN para el libro,El artista
9789876580472,es un codigo ISBN de una edicion publicada por,Mondadori
9789872101442,es un codigo ISBN para el libro,Cuentos de Terror (Interzona Ficciones)
9789872101442,es un codigo ISBN de una edicion publicada por,Stockcero
9788483102084,es un codigo ISBN para el libro,LA Mujer En LA Muralla/the Woman on the Wall
9788483102084,es un codigo ISBN de una edicion publicada por,TusQuets
9789875033801,es un codigo ISBN para el libro,las gordas tambien viajan en internet
9789875033801,es un codigo ISBN de una edicion publicada por,Página/12
9789872037406,es un codigo ISBN para el libro,Aventuras de Un Novelista Atonal
9789872037406,es un codigo ISBN de una edicion publicada por,Santiago Arcos Editor
9789509779518,es un codigo ISBN para el libro,La mujer en la Muralla
9789509779518,es un codigo ISBN de una edicion publicada por,Tusquets
9789509051348,es un codigo ISBN para el libro,Los sorias
9789509051348,es un codigo ISBN de una edicion publicada por,Cuatro Vientos
9789872121310,es un codigo ISBN para el libro,Matando enanos a garrotazos
9789872121310,es un codigo ISBN de una edicion publicada por,Gargola
9789871474318,es un codigo ISBN para el libro,Su turno
9789871474318,es un codigo ISBN de una edicion publicada por,Mansalva
9789875541641,es un codigo ISBN para el libro,Cuentos completos
9789875541641,es un codigo ISBN de una edicion publicada por,Ediciones Simurg
9789871474790,es un codigo ISBN para el libro,Mi libro enterrado
9789871474790,es un codigo ISBN de una edicion publicada por,Mansalva
9789871555925,es un codigo ISBN para el libro,El general y el almirante
9789871555925,es un codigo ISBN de una edicion publicada por,Olmo Ediciones
9798664184587,es un codigo ISBN para el libro,Cuadros Clínicos
9798664184587,es un codigo ISBN de una edicion publicada por,Independently Published
9789500732512,es un codigo ISBN para el libro,La patria enferma
9789500732512,es un codigo ISBN de una edicion publicada por,Sudamericana
9789872386412,es un codigo ISBN para el libro,Viviendo en el país de nunca jamás
9789872386412,es un codigo ISBN de una edicion publicada por,Olmo Ediciones
9789871555161,es un codigo ISBN para el libro,Sin mañana
9789871555161,es un codigo ISBN de una edicion publicada por,Olmo Ediciones
9789500206457,es un codigo ISBN para el libro,Artigas
9789500206457,es un codigo ISBN de una edicion publicada por,Editorial El Ateneo
9789871555390,es un codigo ISBN para el libro,La patria posible
9789871555390,es un codigo ISBN de una edicion publicada por,Olmo Ediciones
9789871555604,es un codigo ISBN para el libro,Ringo y Joe
9789871555604,es un codigo ISBN de una edicion publicada por,Olmo Ediciones
9789500730082,es un codigo ISBN para el libro,Monstruos como nosotros
9789500730082,es un codigo ISBN de una edicion publicada por,Editorial Sudamericana
9789500731478,es un codigo ISBN para el libro,Días de gloria
9789500731478,es un codigo ISBN de una edicion publicada por,Editorial Sudamericana
9789681907488,es un codigo ISBN para el libro,Gitana de las Flores
9789681907488,es un codigo ISBN de una edicion publicada por,Santillana USA Publishing Company
9789681680770,es un codigo ISBN para el libro,Accidente Celeste
9789681680770,es un codigo ISBN de una edicion publicada por,Fondo de Cultura Económica
9780888995353,es un codigo ISBN para el libro,Alba y ocaso
9780888995353,es un codigo ISBN de una edicion publicada por,Groundwood Books
9789681906290,es un codigo ISBN para el libro,LA Vaca Roja
9789681906290,es un codigo ISBN de una edicion publicada por,Santillana USA Publishing Company
9789500725750,es un codigo ISBN para el libro,Los Gemelos Del Popol Vuh/The Twins of Popol Vuh (Cuentamerica)
9789500725750,es un codigo ISBN de una edicion publicada por,Sudamericana
9780888994646,es un codigo ISBN para el libro,Mas alla de mi brazo
9780888994646,es un codigo ISBN de una edicion publicada por,Groundwood Books
9789706830883,es un codigo ISBN para el libro,Mi Cuerpo Y Yo/ My Body and Me
9789706830883,es un codigo ISBN de una edicion publicada por,Artes De Mexico
9780888998057,es un codigo ISBN para el libro,Sky Blue Accident/Accidente celeste
9780888998057,es un codigo ISBN de una edicion publicada por,Groundwood Books
9780888997180,es un codigo ISBN para el libro,Tarde de invierno/Winter Afternoon
9780888997180,es un codigo ISBN de una edicion publicada por,Groundwood Books
9788494252228,es un codigo ISBN para el libro,Nubarrones
9788494252228,es un codigo ISBN de una edicion publicada por,Editorial Comba
9788423322695,es un codigo ISBN para el libro,Dionisio Dormido Sobre Un Tigre (Ensayos/Destino)
9788423322695,es un codigo ISBN de una edicion publicada por,Destino Ediciones
9788433900890,es un codigo ISBN para el libro,La Leccion de Sheherezade
9788433900890,es un codigo ISBN de una edicion publicada por,Anagrama
9788433913449,es un codigo ISBN para el libro,Merodeador - Tentativas Sobre Filosofia y Literatu (Argumentos)
9788433913449,es un codigo ISBN de una edicion publicada por,Editorial Anagrama
9789505114603,es un codigo ISBN para el libro,Prosa y circunstancia
9789505114603,es un codigo ISBN de una edicion publicada por,Taurus
9788401013898,es un codigo ISBN para el libro,Television
9788401013898,es un codigo ISBN de una edicion publicada por,"Plaza & Janes Editores, S.A."
9788429725735,es un codigo ISBN para el libro,Hobbes
9788429725735,es un codigo ISBN de una edicion publicada por,Edicions 62
9788420790602,es un codigo ISBN para el libro,Sobre la belleza
9788420790602,es un codigo ISBN de una edicion publicada por,Anaya
9789500517010,es un codigo ISBN para el libro,"Poemas, prosa y cuentos cortos"
9789500517010,es un codigo ISBN de una edicion publicada por,Corregidor
9789500513692,es un codigo ISBN para el libro,"Poemas, Prosa y Cuentos Cortos - Encuadernada"
9789500513692,es un codigo ISBN de una edicion publicada por,Corregidor
9781022379152,es un codigo ISBN para el libro,Naufragio
9781022379152,es un codigo ISBN de una edicion publicada por,"Creative Media Partners, LLC"
9781020430015,es un codigo ISBN para el libro,Naufragio
9781020430015,es un codigo ISBN de una edicion publicada por,"Creative Media Partners, LLC"
9789872479794,es un codigo ISBN para el libro,Precipitaciones aisladas
9789872479794,es un codigo ISBN de una edicion publicada por,Editorial Entropía
9789871505647,es un codigo ISBN para el libro,Resistencia o integración
9789871505647,es un codigo ISBN de una edicion publicada por,Herramienta Ediciones
9789871497829,es un codigo ISBN para el libro,El hereje
9789871497829,es un codigo ISBN de una edicion publicada por,Editorial El Colectivo
9789563940381,es un codigo ISBN para el libro,Malestar en la política
9789563940381,es un codigo ISBN de una edicion publicada por,Escaparate Ediciones
9789972663758,es un codigo ISBN para el libro,El socialismo enraizado
9789972663758,es un codigo ISBN de una edicion publicada por,Fondo de Cultura Económica
9789807603164,es un codigo ISBN para el libro,José Carlos Mariátegui y el socialismo de nuestra América
9789807603164,es un codigo ISBN de una edicion publicada por,Fondo Editorial de la Asamblea Nacional Willian Lara
9789871497362,es un codigo ISBN para el libro,Poder popular y nación
9789871497362,es un codigo ISBN de una edicion publicada por,Editorial El Colectivo
9789872786502,es un codigo ISBN para el libro,Conjurar a Babel
9789872786502,es un codigo ISBN de una edicion publicada por,Editorial El Colectivo
9789872959364,es un codigo ISBN para el libro,Entre la reivención de la política y el fetichismo del poder
9789872959364,es un codigo ISBN de una edicion publicada por,Puño y Letra
9789508601407,es un codigo ISBN para el libro,Osvaldo Bayer
9789508601407,es un codigo ISBN de una edicion publicada por,"Centro Cultural de la Cooperación, Ediciones del Instituto Movilizador de Fondos Cooperativos"
9789871497164,es un codigo ISBN para el libro,Invitación al descubrimiento
9789871497164,es un codigo ISBN de una edicion publicada por,Editorial El Colectivo
9789879713525,es un codigo ISBN para el libro,"Cooke, de Vuelta"
9789879713525,es un codigo ISBN de una edicion publicada por,Ediciones La Rosa Blindada
9789505375998,es un codigo ISBN para el libro,Dioses Fracasados
9789505375998,es un codigo ISBN de una edicion publicada por,Macchi Grupo Editorial
9789871238002,es un codigo ISBN para el libro,Que No Hacer?
9789871238002,es un codigo ISBN de una edicion publicada por,Antropofagia
9789879713556,es un codigo ISBN para el libro,Textos Traspapelados 1957 - 1961
9789879713556,es un codigo ISBN de una edicion publicada por,Catalogos
9789872351403,es un codigo ISBN para el libro,El sueño de una cosa
9789872351403,es un codigo ISBN de una edicion publicada por,Editorial El Colectivo
9781973551775,es un codigo ISBN para el libro,Bestia y Los Tiempos Proféticos
9781973551775,es un codigo ISBN de una edicion publicada por,Independently Published
9781976714580,es un codigo ISBN para el libro,Apocalipsis Develado y Las Trompetas
9781976714580,es un codigo ISBN de una edicion publicada por,Independently Published
9789505564156,es un codigo ISBN para el libro,Espera Infinita
9789505564156,es un codigo ISBN de una edicion publicada por,Editorial Galerna
9789506330040,es un codigo ISBN para el libro,"Hienas, Las"
9789506330040,es un codigo ISBN de una edicion publicada por,Milton
9789505561315,es un codigo ISBN para el libro,Perros de La Noche
9789505561315,es un codigo ISBN de una edicion publicada por,Editorial Galerna
9788494543326,es un codigo ISBN para el libro,Abonico
9788494543326,es un codigo ISBN de una edicion publicada por,Compobell
9788470398087,es un codigo ISBN para el libro,Antología poética
9788470398087,es un codigo ISBN de una edicion publicada por,Castalia
9789505461721,es un codigo ISBN para el libro,Puro cuento!
9789505461721,es un codigo ISBN de una edicion publicada por,Editora Patria Grande
9789505461257,es un codigo ISBN para el libro,El milagro y el valor de la vida
9789505461257,es un codigo ISBN de una edicion publicada por,Editora Patria Grande
9789505460571,es un codigo ISBN para el libro,No tan lejos ni hace tanto
9789505460571,es un codigo ISBN de una edicion publicada por,Editora Patria Grande
9789507681707,es un codigo ISBN para el libro,"Los Valores, con humor"
9789507681707,es un codigo ISBN de una edicion publicada por,Gidesa
9789505461523,es un codigo ISBN para el libro,Catequesis Yerbiadas I
9789505461523,es un codigo ISBN de una edicion publicada por,Editora Patria Grande
9789505461554,es un codigo ISBN para el libro,Catequesis Yerbiadas III - La Confirmacion
9789505461554,es un codigo ISBN de una edicion publicada por,Editora Patria Grande
9789505461530,es un codigo ISBN para el libro,Catequesis Yerbiadas II - La Eucaristia
9789505461530,es un codigo ISBN de una edicion publicada por,Editora Patria Grande
9789505460281,es un codigo ISBN para el libro,Catequesis Yerbiadas V - El Orden Sagrado
9789505460281,es un codigo ISBN de una edicion publicada por,Editora Patria Grande
9789505460335,es un codigo ISBN para el libro,Catequesis Yerbiadas VI - La Reconciliacion
9789505460335,es un codigo ISBN de una edicion publicada por,Editora Patria Grande
9789505461219,es un codigo ISBN para el libro,Cuento Con Ustedes DOS
9789505461219,es un codigo ISBN de una edicion publicada por,Editora Patria Grande
9789505461325,es un codigo ISBN para el libro,Cuentos Matizados
9789505461325,es un codigo ISBN de una edicion publicada por,Editora Patria Grande
9788430111923,es un codigo ISBN para el libro,El Paso Y La Espera/ Walking Slowly. Reflections (Nueva Alianza Minor)
9788430111923,es un codigo ISBN de una edicion publicada por,Ediciones Sigueme
9789505460557,es un codigo ISBN para el libro,En La Luz de Mi Tierra
9789505460557,es un codigo ISBN de una edicion publicada por,Editora Patria Grande
9789505461271,es un codigo ISBN para el libro,"Hoy, Como Ayer y Siempre"
9789505461271,es un codigo ISBN de una edicion publicada por,Editora Patria Grande
9789505461172,es un codigo ISBN para el libro,La Vida Que El Padre Nos Dio
9789505461172,es un codigo ISBN de una edicion publicada por,Editora Patria Grande
9789505460960,es un codigo ISBN para el libro,Nuestra Tierra y Nuestra Fe
9789505460960,es un codigo ISBN de una edicion publicada por,Editora Patria Grande
9789505461028,es un codigo ISBN para el libro,Reflexiones Para La Cuaresma
9789505461028,es un codigo ISBN de una edicion publicada por,Editora Patria Grande
9789505460168,es un codigo ISBN para el libro,Salmos Criollos
9789505460168,es un codigo ISBN de una edicion publicada por,Editora Patria Grande
9789505460267,es un codigo ISBN para el libro,Sufrir
9789505460267,es un codigo ISBN de una edicion publicada por,Editora Patria Grande
9789505460946,es un codigo ISBN para el libro,Una Orca Llamada Belen (Colección Ventana)
9789505460946,es un codigo ISBN de una edicion publicada por,Editora Patria Grande
9789505460861,es un codigo ISBN para el libro,Camino de Emaus Con Fe y Esperanza
9789505460861,es un codigo ISBN de una edicion publicada por,Editora Patria Grande
9789505460687,es un codigo ISBN para el libro,Camino de Emaus Con Fe y Esperanza
9789505460687,es un codigo ISBN de una edicion publicada por,Editora Patria Grande
9789505461011,es un codigo ISBN para el libro,Con Corazon de Nino
9789505461011,es un codigo ISBN de una edicion publicada por,Editora Patria Grande
9789505461424,es un codigo ISBN para el libro,Con Corazon de Nino
9789505461424,es un codigo ISBN de una edicion publicada por,Editora Patria Grande
9789505461141,es un codigo ISBN para el libro,Cuento con ustedes
9789505461141,es un codigo ISBN de una edicion publicada por,Editora Patria Grande
9789505461431,es un codigo ISBN para el libro,Cuentos Rodados
9789505461431,es un codigo ISBN de una edicion publicada por,Editora Patria Grande
9789505460847,es un codigo ISBN para el libro,Cuentos Rodados
9789505460847,es un codigo ISBN de una edicion publicada por,Editora Patria Grande
9789505460403,es un codigo ISBN para el libro,Entre El Brocal y La Fragua
9789505460403,es un codigo ISBN de una edicion publicada por,Editora Patria Grande
9789505460892,es un codigo ISBN para el libro,Entre El Brocal y La Fragua
9789505460892,es un codigo ISBN de una edicion publicada por,Editora Patria Grande
9789505460526,es un codigo ISBN para el libro,La Sal de La Tierra
9789505460526,es un codigo ISBN de una edicion publicada por,Editora Patria Grande
9789505460717,es un codigo ISBN para el libro,La Sal de La Tierra
9789505460717,es un codigo ISBN de una edicion publicada por,Editora Patria Grande
9789505461561,es un codigo ISBN para el libro,Madera Verde
9789505461561,es un codigo ISBN de una edicion publicada por,Editora Patria Grande
9789505460793,es un codigo ISBN para el libro,Madera Verde
9789505460793,es un codigo ISBN de una edicion publicada por,Editora Patria Grande
9789505460045,es un codigo ISBN para el libro,Un Dios Rico de Tiempo
9789505460045,es un codigo ISBN de una edicion publicada por,Editora Patria Grande
9789505461318,es un codigo ISBN para el libro,Un Dios Rico de Tiempo
9789505461318,es un codigo ISBN de una edicion publicada por,Editora Patria Grande
9789505460533,es un codigo ISBN para el libro,El Paso y La Espera
9789505460533,es un codigo ISBN de una edicion publicada por,Editora Patria Grande
9789505460977,es un codigo ISBN para el libro,El Paso y La Espera
9789505460977,es un codigo ISBN de una edicion publicada por,Editora Patria Grande
9789505460724,es un codigo ISBN para el libro,Las Abejas de La Tapera
9789505460724,es un codigo ISBN de una edicion publicada por,Editora Patria Grande
9789505461356,es un codigo ISBN para el libro,Las Abejas de La Tapera
9789505461356,es un codigo ISBN de una edicion publicada por,Editora Patria Grande
9789879285374,es un codigo ISBN para el libro,Universidad Nacional de Luján
9789879285374,es un codigo ISBN de una edicion publicada por,Universidad Nacional de Luján
9789505813797,es un codigo ISBN para el libro,Iglesia y dictadura
9789505813797,es un codigo ISBN de una edicion publicada por,Ediciones Colihue
9789505813940,es un codigo ISBN para el libro,Estrategia represiva de la dictadura militar
9789505813940,es un codigo ISBN de una edicion publicada por,Ediciones Colihue
9789508920508,es un codigo ISBN para el libro,Politica y Universidad
9789508920508,es un codigo ISBN de una edicion publicada por,Lugar Editorial
9789505813124,es un codigo ISBN para el libro,Educacion Civica 2
9789505813124,es un codigo ISBN de una edicion publicada por,Ediciones Colihue
9789505813131,es un codigo ISBN para el libro,Educacion Civica 3
9789505813131,es un codigo ISBN de una edicion publicada por,Ediciones Colihue
9788415256335,es un codigo ISBN para el libro,La gran aventura de la ciencia
9788415256335,es un codigo ISBN de una edicion publicada por,Ma Non Troppo
9789876141673,es un codigo ISBN para el libro,Diez teorías que conmovieron al mundo
9789876141673,es un codigo ISBN de una edicion publicada por,Capital Intelectual
9789507371738,es un codigo ISBN para el libro,"Big Bang, El"
9789507371738,es un codigo ISBN de una edicion publicada por,Coquena
9789500713238,es un codigo ISBN para el libro,Curiosidades Planeta Tierra (Obras Diversas)
9789500713238,es un codigo ISBN de una edicion publicada por,Sudamericana
9789505342778,es un codigo ISBN para el libro,de Las Tortugas a Las Estrellas
9789505342778,es un codigo ISBN de una edicion publicada por,AZ Editores
9789507371721,es un codigo ISBN para el libro,"Evolucion, La"
9789507371721,es un codigo ISBN de una edicion publicada por,Coquena
9789500712309,es un codigo ISBN para el libro,Curiosidades de la ciencia
9789500712309,es un codigo ISBN de una edicion publicada por,Sudamericana
9789876141055,es un codigo ISBN para el libro,Lavar los platos
9789876141055,es un codigo ISBN de una edicion publicada por,Capital Intelectual
9789871181858,es un codigo ISBN para el libro,El Cafe de los Cientificos
9789871181858,es un codigo ISBN de una edicion publicada por,CI Capital Intelectual
9789871181483,es un codigo ISBN para el libro,Diez Teorias Que Conmovieron al Mundo
9789871181483,es un codigo ISBN de una edicion publicada por,CI Capital Intelectual
9789871181520,es un codigo ISBN para el libro,Diez Teorias Que Conmovieron Al Mundo II
9789871181520,es un codigo ISBN de una edicion publicada por,CI Capital Intelectual
9798486898273,es un codigo ISBN para el libro,Solar Flare - Metal Pesado
9798486898273,es un codigo ISBN de una edicion publicada por,Independently Published
9786077611257,es un codigo ISBN para el libro,La pluma y el fusil
9786077611257,es un codigo ISBN de una edicion publicada por,"Ciudad de México, Secretaría de Cultura"
9789871254149,es un codigo ISBN para el libro,Despojos
9789871254149,es un codigo ISBN de una edicion publicada por,Tiempo Sur
9789875746763,es un codigo ISBN para el libro,Desde la Empresa
9789875746763,es un codigo ISBN de una edicion publicada por,Prometeo Libros S. A.
9789872493691,es un codigo ISBN para el libro,Un sudaca en la corte
9789872493691,es un codigo ISBN de una edicion publicada por,Caballo Negro
9789874745453,es un codigo ISBN para el libro,Tres golpes de timbal
9789874745453,es un codigo ISBN de una edicion publicada por,Lampalagua
9789876463010,es un codigo ISBN para el libro,Tres golpes de timbal
9789876463010,es un codigo ISBN de una edicion publicada por,Alción Editora
9789871747344,es un codigo ISBN para el libro,El trino del diablo y otras modulaciones
9789871747344,es un codigo ISBN de una edicion publicada por,Fundación A. Ross
9789509051423,es un codigo ISBN para el libro,Donde Estas Con Tus Ojos Celestes
9789509051423,es un codigo ISBN de una edicion publicada por,Gárgola
9789871180066,es un codigo ISBN para el libro,El Rescate y Otros Cuentos
9789871180066,es un codigo ISBN de una edicion publicada por,Stockcero
9789509051751,es un codigo ISBN para el libro,Libro de Navios y Borrascas
9789509051751,es un codigo ISBN de una edicion publicada por,de Los Cuatro Vientos Editorial
9789873612220,es un codigo ISBN para el libro,Mi música es para esta gente
9789873612220,es un codigo ISBN de una edicion publicada por,Caballa Negro Editora
9788496911499,es un codigo ISBN para el libro,El Oscuro
9788496911499,es un codigo ISBN de una edicion publicada por,Tropo Editores
9789509413535,es un codigo ISBN para el libro,El Oscuro
9789509413535,es un codigo ISBN de una edicion publicada por,Del Sol
9789876142540,es un codigo ISBN para el libro,Desde los parques y otros cuentos
9789876142540,es un codigo ISBN de una edicion publicada por,Capital Intelectual
9788483175965,es un codigo ISBN para el libro,Instantes robados
9788483175965,es un codigo ISBN de una edicion publicada por,Servicio de Publicaciones de la Universidad de Oviedo
9788415325666,es un codigo ISBN para el libro,Ajuste de cuentos
9788415325666,es un codigo ISBN de una edicion publicada por,El Aleph Editores
9788495303189,es un codigo ISBN para el libro,Banco de Pruebas
9788495303189,es un codigo ISBN de una edicion publicada por,Taller de Mario Muchnik
9788495303523,es un codigo ISBN para el libro,A propósito
9788495303523,es un codigo ISBN de una edicion publicada por,Del Taller de Mario Muchnik
9788495303677,es un codigo ISBN para el libro,El otro día
9788495303677,es un codigo ISBN de una edicion publicada por,Del Taller de Mario Muchnik
9788495303671,es un codigo ISBN para el libro,El otro día
9788495303671,es un codigo ISBN de una edicion publicada por,Del Taller de Mario Muchnik
9788492386994,es un codigo ISBN para el libro,Lo peor no son los autores
9788492386994,es un codigo ISBN de una edicion publicada por,Muchnik
9788476699492,es un codigo ISBN para el libro,Oficio editor
9788476699492,es un codigo ISBN de una edicion publicada por,El Aleph Editores
9788498953909,es un codigo ISBN para el libro,A las estrellas lo inmenso
9788498953909,es un codigo ISBN de una edicion publicada por,Visor Libros
9789800119518,es un codigo ISBN para el libro,Mirando caer las lluvias
9789800119518,es un codigo ISBN de una edicion publicada por,"República Bolivariana de Venzuela Monte Avila Editores Latinoamericana, CA"
9789995493868,es un codigo ISBN para el libro,En el huego de la mano
9789995493868,es un codigo ISBN de una edicion publicada por,Editorial 3600
9788478075522,es un codigo ISBN para el libro,Pintura en voz baja
9788478075522,es un codigo ISBN de una edicion publicada por,Centro José Guerrero
9788494823220,es un codigo ISBN para el libro,La carne y el mármol
9788494823220,es un codigo ISBN de una edicion publicada por,Vaso Roto Ediciones
9789873761256,es un codigo ISBN para el libro,Al alba los pájaros
9789873761256,es un codigo ISBN de una edicion publicada por,El Hilo de Ariadna
9788498795097,es un codigo ISBN para el libro,El saber del no saberse
9788498795097,es un codigo ISBN de una edicion publicada por,Trotta
9788415168799,es un codigo ISBN para el libro,Del crear y lo creado
9788415168799,es un codigo ISBN de una edicion publicada por,Vaso Roto
9788498958553,es un codigo ISBN para el libro,Cuando todo calla
9788498958553,es un codigo ISBN de una edicion publicada por,Visor Libros
9789879423998,es un codigo ISBN para el libro,La ética del compromiso
9789879423998,es un codigo ISBN de una edicion publicada por,Grupo Editor Altamira
9788498790542,es un codigo ISBN para el libro,La pasión según Georg Trakl
9788498790542,es un codigo ISBN de una edicion publicada por,Editorial Trotta
9789507314773,es un codigo ISBN para el libro,Hugo Mujica Poesia Completa 1983-2004
9789507314773,es un codigo ISBN de una edicion publicada por,Editorial Seix Barral
9789506710170,es un codigo ISBN para el libro,Kenosis Sabiduria y Compasion En Los Evange
9789506710170,es un codigo ISBN de una edicion publicada por,Troquel Editorial
9789501602180,es un codigo ISBN para el libro,Kyrie Eleison - Un Metodo de Meditacion
9789501602180,es un codigo ISBN de una edicion publicada por,Troquel Editorial
9788481918304,es un codigo ISBN para el libro,Lo naciente
9788481918304,es un codigo ISBN de una edicion publicada por,Editorial Pre-Textos
9788481912357,es un codigo ISBN para el libro,Noche Abierta
9788481912357,es un codigo ISBN de una edicion publicada por,Pre-Textos
9788481645040,es un codigo ISBN para el libro,Poeticas Del Vacio (La Dicha De Enmudecer)
9788481645040,es un codigo ISBN de una edicion publicada por,Trotta
9788481913668,es un codigo ISBN para el libro,sed Adentro
9788481913668,es un codigo ISBN de una edicion publicada por,Pre-Textos
9788481642261,es un codigo ISBN para el libro,Flecha En La Niebla
9788481642261,es un codigo ISBN de una edicion publicada por,Trotta
9789500388313,es un codigo ISBN para el libro,Solemne y Mesurado
9789500388313,es un codigo ISBN de una edicion publicada por,Editorial Losada
9788498957716,es un codigo ISBN para el libro,Y siempre después el viento
9788498957716,es un codigo ISBN de una edicion publicada por,Visor Libros
9789871869640,es un codigo ISBN para el libro,El maratonista
9789871869640,es un codigo ISBN de una edicion publicada por,Ediciones en Danza
9789504965145,es un codigo ISBN para el libro,La clase un cuarto
9789504965145,es un codigo ISBN de una edicion publicada por,Planeta
9789507319402,es un codigo ISBN para el libro,La niña de sus ojos
9789507319402,es un codigo ISBN de una edicion publicada por,Seix Barral
9789871869046,es un codigo ISBN para el libro,Los goliardos
9789871869046,es un codigo ISBN de una edicion publicada por,En Danza
9789504925118,es un codigo ISBN para el libro,"1976, el golpe civil"
9789504925118,es un codigo ISBN de una edicion publicada por,Planeta
9789504932246,es un codigo ISBN para el libro,Los garcas
9789504932246,es un codigo ISBN de una edicion publicada por,Planeta
9789500719551,es un codigo ISBN para el libro,El dictador
9789500719551,es un codigo ISBN de una edicion publicada por,Sudamericana
9789504917311,es un codigo ISBN para el libro,La balada del asador
9789504917311,es un codigo ISBN de una edicion publicada por,Planeta
9789505118052,es un codigo ISBN para el libro,Don Perro de Mendoza
9789505118052,es un codigo ISBN de una edicion publicada por,Alfaguara
9781417608447,es un codigo ISBN para el libro,Don Perro de Mendoza
9781417608447,es un codigo ISBN de una edicion publicada por,Tandem Library
9789877490701,es un codigo ISBN para el libro,Cantata de las ceremonias y otras cosmogonías
9789877490701,es un codigo ISBN de una edicion publicada por,EdicionesUNL
9789508439192,es un codigo ISBN para el libro,La sopa del monstruo
9789508439192,es un codigo ISBN de una edicion publicada por,Vinciguerra
9789508437105,es un codigo ISBN para el libro,Atalaya del trébol azul
9789508437105,es un codigo ISBN de una edicion publicada por,Vinciguerra
9789508438119,es un codigo ISBN para el libro,De fácil alma
9789508438119,es un codigo ISBN de una edicion publicada por,Vinciguerra
9789508438409,es un codigo ISBN para el libro,Poeta en bicicleta
9789508438409,es un codigo ISBN de una edicion publicada por,Vinciguerra
9789508437853,es un codigo ISBN para el libro,Inmensa hierba
9789508437853,es un codigo ISBN de una edicion publicada por,Vinciguerra
9789500433808,es un codigo ISBN para el libro,Los años que vivimos con K
9789500433808,es un codigo ISBN de una edicion publicada por,Emecé
9789500422161,es un codigo ISBN para el libro,"Tiempo de Oscuridad, 1976-1983 (Biografias y Memorias)"
9789500422161,es un codigo ISBN de una edicion publicada por,Emece Editores
9788496687820,es un codigo ISBN para el libro,Marihuana para los pájaros
9788496687820,es un codigo ISBN de una edicion publicada por,Ediciones Baile del Sol
9789506983376,es un codigo ISBN para el libro,Islote municipal
9789506983376,es un codigo ISBN de una edicion publicada por,Universidad Nacional de Entre Rios
9789506983390,es un codigo ISBN para el libro,"Reinaldo Rosillo, poeta de los niños y del delta"
9789506983390,es un codigo ISBN de una edicion publicada por,Universidad Nacional Entre Ríos
9789871474080,es un codigo ISBN para el libro,Una poesía del futuro
9789871474080,es un codigo ISBN de una edicion publicada por,Mansalva
9789506983062,es un codigo ISBN para el libro,El junco y la corriente
9789506983062,es un codigo ISBN de una edicion publicada por,Universidad Nacional del Litoral
9789505563951,es un codigo ISBN para el libro,Conversaciones Con Juan L. Ortiz - CD
9789505563951,es un codigo ISBN de una edicion publicada por,Libros
9789508451460,es un codigo ISBN para el libro,El Gualeguay
9789508451460,es un codigo ISBN de una edicion publicada por,Beatriz Viterbo
9789875085848,es un codigo ISBN para el libro,Juan L. Ortiz. Obra Completa
9789875085848,es un codigo ISBN de una edicion publicada por,Universidad Nacional del Litoral Centro de Pu
9789872459314,es un codigo ISBN para el libro,"Premios Konex, quién es quién"
9789872459314,es un codigo ISBN de una edicion publicada por,Fundación Konex
9789502322759,es un codigo ISBN para el libro,Álbum de mi vida
9789502322759,es un codigo ISBN de una edicion publicada por,Eudeba
9788499405582,es un codigo ISBN para el libro,Hetero/ doxos
9788499405582,es un codigo ISBN de una edicion publicada por,Biblioteca Nueva
9789876031301,es un codigo ISBN para el libro,Mil casitas y un beso
9789876031301,es un codigo ISBN de una edicion publicada por,Lumiere
9789500432979,es un codigo ISBN para el libro,El otro Borges
9789500432979,es un codigo ISBN de una edicion publicada por,Emecé
9789500434096,es un codigo ISBN para el libro,Las novias de Borges
9789500434096,es un codigo ISBN de una edicion publicada por,Emecé
9789505772612,es un codigo ISBN para el libro,Mala Junta
9789505772612,es un codigo ISBN de una edicion publicada por,Fundacion Editorial de Belgrano
9789505772384,es un codigo ISBN para el libro,A Fuego Lento
9789505772384,es un codigo ISBN de una edicion publicada por,Fundacion Editorial de Belgrano
9789500745376,es un codigo ISBN para el libro,Rosen
9789500745376,es un codigo ISBN de una edicion publicada por,Sudamericana
9789879397541,es un codigo ISBN para el libro,Alrededor de Lorena/ Around Lorena (Literatura Mondadori/ Mondadori Literature)
9789879397541,es un codigo ISBN de una edicion publicada por,Mondadori (IT)
9789500740982,es un codigo ISBN para el libro,Tesis sobre un homicidio
9789500740982,es un codigo ISBN de una edicion publicada por,Editorial Sudamericana
9789872195731,es un codigo ISBN para el libro,Presentaciones
9789872195731,es un codigo ISBN de una edicion publicada por,AMIA
9789874161062,es un codigo ISBN para el libro,Trance
9789874161062,es un codigo ISBN de una edicion publicada por,Ampersand
9789873305672,es un codigo ISBN para el libro,El asesino de tu herencia
9789873305672,es un codigo ISBN de una edicion publicada por,Sigismond de Vajay
9789877691276,es un codigo ISBN para el libro,La mitad fantasma
9789877691276,es un codigo ISBN de una edicion publicada por,Literatura Random House
9788439736479,es un codigo ISBN para el libro,Factor Borges / the Borges Factor
9788439736479,es un codigo ISBN de una edicion publicada por,Penguin Random House Grupo Editorial
9788439737766,es un codigo ISBN para el libro,Mitad Fantasma / the Half Ghos
9788439737766,es un codigo ISBN de una edicion publicada por,Penguin Random House Grupo Editorial
9788439736462,es un codigo ISBN para el libro,Wasabi (Spanish Edition)
9788439736462,es un codigo ISBN de una edicion publicada por,Penguin Random House Grupo Editorial
9789500284585,es un codigo ISBN para el libro,Como Se Escribe - El Diario Intimo
9789500284585,es un codigo ISBN de una edicion publicada por,El Ateneo
9788433997760,es un codigo ISBN para el libro,El pudor del pornógrafo
9788433997760,es un codigo ISBN de una edicion publicada por,Editorial Anagrama
9789500727464,es un codigo ISBN para el libro,La vida descalzo/ The Barefoot Life (In Situ)
9789500727464,es un codigo ISBN de una edicion publicada por,Sudamericana
9788433968814,es un codigo ISBN para el libro,Wasabi
9788433968814,es un codigo ISBN de una edicion publicada por,Anagrama
9789505573455,es un codigo ISBN para el libro,Factor Borges
9789505573455,es un codigo ISBN de una edicion publicada por,Fondo de Cultura Economica USA
9789871155330,es un codigo ISBN para el libro,La multiplicación dramática
9789871155330,es un codigo ISBN de una edicion publicada por,Editorial Atuel
9789505600694,es un codigo ISBN para el libro,Adolescencia Y Mito
9789505600694,es un codigo ISBN de una edicion publicada por,Ediciones Ayllu
9789872102890,es un codigo ISBN para el libro,La Voz del Cuerpo
9789872102890,es un codigo ISBN de una edicion publicada por,Astralib
9789505564132,es un codigo ISBN para el libro,Potestad
9789505564132,es un codigo ISBN de una edicion publicada por,Editorial Galerna
9789505600380,es un codigo ISBN para el libro,Psicoterapia De Grupo En Ninos Y Adolescentes
9789505600380,es un codigo ISBN de una edicion publicada por,Ediciones Bzsqueda de Ayllz
9789871185139,es un codigo ISBN para el libro,Resistir Cholo
9789871185139,es un codigo ISBN de una edicion publicada por,Editorial Topia
9789871155019,es un codigo ISBN para el libro,Teatro Completo 1
9789871155019,es un codigo ISBN de una edicion publicada por,Editorial Atuel
9789871155132,es un codigo ISBN para el libro,Teatro Completo V (Atuel/Teatro)
9789871155132,es un codigo ISBN de una edicion publicada por,Atuel
9781502845481,es un codigo ISBN para el libro,Aventuras Del Nieto de Juan Moreira
9781502845481,es un codigo ISBN de una edicion publicada por,CreateSpace Independent Publishing Platform
9781508794325,es un codigo ISBN para el libro,Charlas de un Optimista
9781508794325,es un codigo ISBN de una edicion publicada por,CreateSpace Independent Publishing Platform
9781508772293,es un codigo ISBN para el libro,Casamiento de Laucha
9781508772293,es un codigo ISBN de una edicion publicada por,CreateSpace Independent Publishing Platform
9781502852106,es un codigo ISBN para el libro,Falso Inca
9781502852106,es un codigo ISBN de una edicion publicada por,CreateSpace Independent Publishing Platform
9781505342727,es un codigo ISBN para el libro,Falso Inca
9781505342727,es un codigo ISBN de una edicion publicada por,CreateSpace Independent Publishing Platform
9798662609051,es un codigo ISBN para el libro,7 Mejores Cuentos de Roberto Payró
9798662609051,es un codigo ISBN de una edicion publicada por,Independently Published
9798645253905,es un codigo ISBN para el libro,Divertidas Aventuras Del Nieto de Juan Moreira
9798645253905,es un codigo ISBN de una edicion publicada por,Independently Published
9798694875066,es un codigo ISBN para el libro,Divertidas Aventuras Del Nieto de Juan Moreira
9798694875066,es un codigo ISBN de una edicion publicada por,Independently Published
9781511790079,es un codigo ISBN para el libro,Pago Chico
9781511790079,es un codigo ISBN de una edicion publicada por,CreateSpace Independent Publishing Platform
9781502852052,es un codigo ISBN para el libro,Pago Chico
9781502852052,es un codigo ISBN de una edicion publicada por,CreateSpace Independent Publishing Platform
9798612713371,es un codigo ISBN para el libro,Pago Chico
9798612713371,es un codigo ISBN de una edicion publicada por,Independently Published
9798694709323,es un codigo ISBN para el libro,Pago Chico
9798694709323,es un codigo ISBN de una edicion publicada por,Independently Published
9789873808005,es un codigo ISBN para el libro,Palabra y pluma
9789873808005,es un codigo ISBN de una edicion publicada por,La Mariposa y La Iguana
9798754235489,es un codigo ISBN para el libro,De Querer Así
9798754235489,es un codigo ISBN de una edicion publicada por,Independently Published
9789506949051,es un codigo ISBN para el libro,Carrera de postas
9789506949051,es un codigo ISBN de una edicion publicada por,Grupo Editor Latinoamericano
9789871198115,es un codigo ISBN para el libro,Antes del Requiem
9789871198115,es un codigo ISBN de una edicion publicada por,Editorial Victoria Ocampo
9789505850976,es un codigo ISBN para el libro,Léxico del fútbol
9789505850976,es un codigo ISBN de una edicion publicada por,Academia Argentina de Letras
9789500417280,es un codigo ISBN para el libro,La Puerta del Limbo
9789500417280,es un codigo ISBN de una edicion publicada por,Emecé Editores
9789500341950,es un codigo ISBN para el libro,La vuelta de la esquina
9789500341950,es un codigo ISBN de una edicion publicada por,Editorial Losada
9789506948528,es un codigo ISBN para el libro,Mareas
9789506948528,es un codigo ISBN de una edicion publicada por,Grupo Editor Latinoamericano
9789508089823,es un codigo ISBN para el libro,¿Quién mató a Francisco Netri?
9789508089823,es un codigo ISBN de una edicion publicada por,Homo Sapiens Ediciones
9789877303605,es un codigo ISBN para el libro,La Argentina agropecuaria
9789877303605,es un codigo ISBN de una edicion publicada por,ConTexto Librería Editorial
9789877710816,es un codigo ISBN para el libro,Olvido y falsificación en la historia del Grito de Alcorta
9789877710816,es un codigo ISBN de una edicion publicada por,Homo Sapiens Ediciones
9789876930215,es un codigo ISBN para el libro,"Chacareros, soja y gobernabilidad"
9789876930215,es un codigo ISBN de una edicion publicada por,Ediciones CICCUS
9789872573126,es un codigo ISBN para el libro,La chacra mixta y otras yerbas
9789872573126,es un codigo ISBN de una edicion publicada por,Perspectiva Bicentenario
9789801428459,es un codigo ISBN para el libro,Antología diacrónica
9789801428459,es un codigo ISBN de una edicion publicada por,Fundación Editorial
9789871240463,es un codigo ISBN para el libro,Evita vive y otros relatos
9789871240463,es un codigo ISBN de una edicion publicada por,Santiago Arcos Editor
9789872264895,es un codigo ISBN para el libro,Un Barroco de Trinchera
9789872264895,es un codigo ISBN de una edicion publicada por,Mansalva
9789872850609,es un codigo ISBN para el libro,Poemas Completos
9789872850609,es un codigo ISBN de una edicion publicada por,La Flauta Mágica
9789507313660,es un codigo ISBN para el libro,Poemas Completos
9789507313660,es un codigo ISBN de una edicion publicada por,Editorial Seix Barral
9788526803213,es un codigo ISBN para el libro,Lamê
9788526803213,es un codigo ISBN de una edicion publicada por,Editora da UNICAMP
9789505811915,es un codigo ISBN para el libro,Prosa Plebeya
9789505811915,es un codigo ISBN de una edicion publicada por,Ediciones Colihue
9789872840525,es un codigo ISBN para el libro,Prosa Plebeya
9789872840525,es un codigo ISBN de una edicion publicada por,Editorial Excursiones
9789500710060,es un codigo ISBN para el libro,Breve Antologia De Cunentos Policiales
9789500710060,es un codigo ISBN de una edicion publicada por,Sudamericana
9789505815814,es un codigo ISBN para el libro,El Estruendo De Las Rosas
9789505815814,es un codigo ISBN de una edicion publicada por,Ediciones Colihue
9788493291617,es un codigo ISBN para el libro,La Espada Dormida Y Otros Cuentos/the Sleeping Sold And Other Stories (Narrativa Losada España)
9788493291617,es un codigo ISBN de una edicion publicada por,Losada
9789500507295,es un codigo ISBN para el libro,Los Mejores Cuentos Policiales de Manuel Peyrou
9789500507295,es un codigo ISBN de una edicion publicada por,Corregidor
9788493635398,es un codigo ISBN para el libro,Piglia x Piglia
9788493635398,es un codigo ISBN de una edicion publicada por,Centro Editores
9789872726010,es un codigo ISBN para el libro,Fragmentos de un diario
9789872726010,es un codigo ISBN de una edicion publicada por,Galería Jorge Mara La Ruche
9789873633126,es un codigo ISBN para el libro,Escritores norteamericanos
9789873633126,es un codigo ISBN de una edicion publicada por,Tenemos las Máquinas
9789871741243,es un codigo ISBN para el libro,Los libros
9789871741243,es un codigo ISBN de una edicion publicada por,Biblioteca Nacional
9788492816477,es un codigo ISBN para el libro,El Laucha Benítez cantaba boleros
9788492816477,es un codigo ISBN de una edicion publicada por,Del Centro Editores
9788433999160,es un codigo ISBN para el libro,Cuentos Completos
9788433999160,es un codigo ISBN de una edicion publicada por,Anagrama
9786071623645,es un codigo ISBN para el libro,Antología personal - 1. edición.
9786071623645,es un codigo ISBN de una edicion publicada por,Fondo de Cultura Económica
9788433998606,es un codigo ISBN para el libro,Los  casos del comisario Croce
9788433998606,es un codigo ISBN de una edicion publicada por,Anagrama
9788433963932,es un codigo ISBN para el libro,Por un Relato Futuro
9788433963932,es un codigo ISBN de una edicion publicada por,Editorial Anagrama S.A.
9788466348690,es un codigo ISBN para el libro,Los Diarios de Emilio Renzi / the Diaries of Emilio Renzi
9788466348690,es un codigo ISBN de una edicion publicada por,Penguin Random House Grupo Editorial
9789509516229,es un codigo ISBN para el libro,"San Martín, lector del Quijote"
9789509516229,es un codigo ISBN de una edicion publicada por,Editorial Azul
9789504971030,es un codigo ISBN para el libro,Los cuentos de don Manuel
9789504971030,es un codigo ISBN de una edicion publicada por,Planeta
9789504909910,es un codigo ISBN para el libro,Historia confidencial
9789504909910,es un codigo ISBN de una edicion publicada por,Planeta
9789871435067,es un codigo ISBN para el libro,San Martín
9789871435067,es un codigo ISBN de una edicion publicada por,UNSAM edita
9789875800083,es un codigo ISBN para el libro,Historia confidencial
9789875800083,es un codigo ISBN de una edicion publicada por,Booket
9789504959403,es un codigo ISBN para el libro,La vida por la patria
9789504959403,es un codigo ISBN de una edicion publicada por,Planeta
9789505349579,es un codigo ISBN para el libro,Bicentenario
9789505349579,es un codigo ISBN de una edicion publicada por,A-Z Editora
9789878310404,es un codigo ISBN para el libro,Los luchadores indígenas
9789878310404,es un codigo ISBN de una edicion publicada por,Hojas del Sur
9789505346165,es un codigo ISBN para el libro,Historia. El Mundo Contemporáneo
9789505346165,es un codigo ISBN de una edicion publicada por,AZ Editores
9780613873482,es un codigo ISBN para el libro,Historia. El Mundo Contemporáneo
9780613873482,es un codigo ISBN de una edicion publicada por,Tandem Library
9789871025169,es un codigo ISBN para el libro,La noche de los bastones largos
9789871025169,es un codigo ISBN de una edicion publicada por,Fundación Octubre
9788423346912,es un codigo ISBN para el libro,"Evita, realidad y mito"
9788423346912,es un codigo ISBN de una edicion publicada por,Ediciones Destino
9789504937869,es un codigo ISBN para el libro,"Al gran pueblo argentino, salud"
9789504937869,es un codigo ISBN de una edicion publicada por,Planeta
9788496824645,es un codigo ISBN para el libro,"Libertadores de América, aquellos gloriosos sudacas"
9788496824645,es un codigo ISBN de una edicion publicada por,Fundación José Manuel Lara
9789504922889,es un codigo ISBN para el libro,1810
9789504922889,es un codigo ISBN de una edicion publicada por,Planeta
9789504927556,es un codigo ISBN para el libro,Mujeres tenían que ser
9789504927556,es un codigo ISBN de una edicion publicada por,Planeta
9789504942405,es un codigo ISBN para el libro,La voz del gran jefe
9789504942405,es un codigo ISBN de una edicion publicada por,Planeta
9789504928799,es un codigo ISBN para el libro,Evita
9789504928799,es un codigo ISBN de una edicion publicada por,Planeta
9789504917984,es un codigo ISBN para el libro,Evita
9789504917984,es un codigo ISBN de una edicion publicada por,Planeta
9789504915447,es un codigo ISBN para el libro,Mitos de La Historia Argentina 3
9789504915447,es un codigo ISBN de una edicion publicada por,Planeta
9789875452282,es un codigo ISBN para el libro,"Myths of Argentine History, the"
9789875452282,es un codigo ISBN de una edicion publicada por,Grupo Editorial Norma
9789505346516,es un codigo ISBN para el libro,Historia - La Argentina Contemporanea / Polimodal
9789505346516,es un codigo ISBN de una edicion publicada por,AZ Editores
9780613873383,es un codigo ISBN para el libro,Historia - La Argentina Contemporanea / Polimodal
9780613873383,es un codigo ISBN de una edicion publicada por,Tandem Library
9788415065296,es un codigo ISBN para el libro,Subte
9788415065296,es un codigo ISBN de una edicion publicada por,Salto de Página
9789592600614,es un codigo ISBN para el libro,Plop
9789592600614,es un codigo ISBN de una edicion publicada por,Cubanas Ediciones
9789871180059,es un codigo ISBN para el libro,Plop
9789871180059,es un codigo ISBN de una edicion publicada por,Stockcero
9788415065135,es un codigo ISBN para el libro,Plop
9788415065135,es un codigo ISBN de una edicion publicada por,Salto de página
9789871920082,es un codigo ISBN para el libro,Frío
9789871920082,es un codigo ISBN de una edicion publicada por,Interzona
9788415065043,es un codigo ISBN para el libro,Frío
9788415065043,es un codigo ISBN de una edicion publicada por,Salto de Página
9789505152520,es un codigo ISBN para el libro,Buenos Aires No Duerme
9789505152520,es un codigo ISBN de una edicion publicada por,De La Flor
9789879065549,es un codigo ISBN para el libro,Bukowski Para Principiantes
9789879065549,es un codigo ISBN de una edicion publicada por,Errepar
9789875550407,es un codigo ISBN para el libro,Cortazar para principiantes/ Cortazar for Beginners (Para Principiantes/ for Beginners)
9789875550407,es un codigo ISBN de una edicion publicada por,Longseller
9789508770059,es un codigo ISBN para el libro,Divididos - Historia Letras Discografia
9789508770059,es un codigo ISBN de una edicion publicada por,AC
9789509937352,es un codigo ISBN para el libro,Luca - La Historia Novelesca del Lider de Su
9789509937352,es un codigo ISBN de una edicion publicada por,AC
9788496089143,es un codigo ISBN para el libro,Pedro Almodovar Y El Kitsch Español/ Pedro Almodovar and the Spanish Kitsch (Intelectuales / Intellectuals)
9788496089143,es un codigo ISBN de una edicion publicada por,Campo de Ideas
9789507862984,es un codigo ISBN para el libro,Bailando Sobre Los Escombros
9789507862984,es un codigo ISBN de una edicion publicada por,Biblos
9789870401001,es un codigo ISBN para el libro,La Conquista de La Pampa
9789870401001,es un codigo ISBN de una edicion publicada por,Taurus
9789506949129,es un codigo ISBN para el libro,Sólo los árboles tienen raíces
9789506949129,es un codigo ISBN de una edicion publicada por,"Nuevohacer, Grupo Editor Latinoamericano"
9788439726548,es un codigo ISBN para el libro,La vida interior de las plantas de interior
9788439726548,es un codigo ISBN de una edicion publicada por,Mondadori
9789807312202,es un codigo ISBN para el libro,Trayéndolo todo de regreso a casa
9789807312202,es un codigo ISBN de una edicion publicada por,Ediciones Puntocero
9788439733737,es un codigo ISBN para el libro,Lo que está y no se usa nos fulminará
9788439733737,es un codigo ISBN de una edicion publicada por,Penguin Random House
9789871228416,es un codigo ISBN para el libro,Una puta mierda
9789871228416,es un codigo ISBN de una edicion publicada por,El cuenco de plata
9789872049386,es un codigo ISBN para el libro,La época de Mariano Moreno
9789872049386,es un codigo ISBN de una edicion publicada por,Ediciones Punto Crítico
9789500427395,es un codigo ISBN para el libro,Rock y dictadura
9789500427395,es un codigo ISBN de una edicion publicada por,Emece Editores
9789875801226,es un codigo ISBN para el libro,Discepolo
9789875801226,es un codigo ISBN de una edicion publicada por,Booket
9789500425391,es un codigo ISBN para el libro,Jazz Al Sur (Emece Argentina)
9789500425391,es un codigo ISBN de una edicion publicada por,Emece Editores
9789876276191,es un codigo ISBN para el libro,La Maldición de Salsipuedes
9789876276191,es un codigo ISBN de una edicion publicada por,"Ediciones B, Grupo Zeta"
9789500756105,es un codigo ISBN para el libro,Los doblados
9789500756105,es un codigo ISBN de una edicion publicada por,Sudamericana
9789871025183,es un codigo ISBN para el libro,Historias a pura sangre
9789871025183,es un codigo ISBN de una edicion publicada por,Fundación Octubre
9781791885540,es un codigo ISBN para el libro,Vigía Estelar
9781791885540,es un codigo ISBN de una edicion publicada por,Independently Published
9788426372659,es un codigo ISBN para el libro,El cazador de incendios
9788426372659,es un codigo ISBN de una edicion publicada por,Edelvives
9789875790414,es un codigo ISBN para el libro,Chicas Que Eran Unas Diosas
9789875790414,es un codigo ISBN de una edicion publicada por,Guadal
9789505814619,es un codigo ISBN para el libro,El Señor Medina
9789505814619,es un codigo ISBN de una edicion publicada por,Ediciones Colihue
9789875790391,es un codigo ISBN para el libro,La IRA de Los Mares
9789875790391,es un codigo ISBN de una edicion publicada por,Guadal
9789875411142,es un codigo ISBN para el libro,Llaves
9789875411142,es un codigo ISBN de una edicion publicada por,E.D.B.
9789875410435,es un codigo ISBN para el libro,Los Viejitos de La Casa
9789875410435,es un codigo ISBN de una edicion publicada por,E.D.B.
9789875790421,es un codigo ISBN para el libro,"Rayos, Truenos y Centellas"
9789875790421,es un codigo ISBN de una edicion publicada por,Guadal
9789507371349,es un codigo ISBN para el libro,Relatos Relocos
9789507371349,es un codigo ISBN de una edicion publicada por,Quirquincho
9789500285247,es un codigo ISBN para el libro,Saca La Lengua
9789500285247,es un codigo ISBN de una edicion publicada por,El Ateneo
9780613838467,es un codigo ISBN para el libro,"Seor Medina, El"
9780613838467,es un codigo ISBN de una edicion publicada por,Tandem Library
9789502112800,es un codigo ISBN para el libro,Contando Ando
9789502112800,es un codigo ISBN de una edicion publicada por,Plus - Ultra
9781417605293,es un codigo ISBN para el libro,Contando Ando
9781417605293,es un codigo ISBN de una edicion publicada por,Tandem Library
9780613956505,es un codigo ISBN para el libro,Hercules
9780613956505,es un codigo ISBN de una edicion publicada por,Tandem Library
9789505344666,es un codigo ISBN para el libro,Hercules
9789505344666,es un codigo ISBN de una edicion publicada por,AZ Editores
9789505814817,es un codigo ISBN para el libro,La Nena de Las Estampitas
9789505814817,es un codigo ISBN de una edicion publicada por,Ediciones Colihue
9780613942799,es un codigo ISBN para el libro,La Nena de Las Estampitas
9780613942799,es un codigo ISBN de una edicion publicada por,Tandem Library
9789500284530,es un codigo ISBN para el libro,Confesiones de escritores
9789500284530,es un codigo ISBN de una edicion publicada por,El Ateneo
9789500263214,es un codigo ISBN para el libro,Cómo se escribe una novela
9789500263214,es un codigo ISBN de una edicion publicada por,El Ateneo
9789500284486,es un codigo ISBN para el libro,Como Se Escribe La Carta de Amor
9789500284486,es un codigo ISBN de una edicion publicada por,El Ateneo
9789507318566,es un codigo ISBN para el libro,Ensayos
9789507318566,es un codigo ISBN de una edicion publicada por,Seix Barral
9789873728372,es un codigo ISBN para el libro,Una forma más real que la del mundo
9789873728372,es un codigo ISBN de una edicion publicada por,Mansalva
9789507317729,es un codigo ISBN para el libro,Borradores inéditos
9789507317729,es un codigo ISBN de una edicion publicada por,Seix Barral
9789507317460,es un codigo ISBN para el libro,Papeles de trabajo
9789507317460,es un codigo ISBN de una edicion publicada por,Seix Barral
9789507317248,es un codigo ISBN para el libro,Papeles de trabajo
9789507317248,es un codigo ISBN de una edicion publicada por,Seix Barral
9788415325253,es un codigo ISBN para el libro,Responso ; La vuelta completa ; Cicatrices
9788415325253,es un codigo ISBN de una edicion publicada por,El Aleph Editores
9789879300701,es un codigo ISBN para el libro,Del recuerdo a la voz
9789879300701,es un codigo ISBN de una edicion publicada por,Not Avail
9789876461283,es un codigo ISBN para el libro,Glosa
9789876461283,es un codigo ISBN de una edicion publicada por,Centre de Recherches Laino-américaines--Archivos
9788417284466,es un codigo ISBN para el libro,Isla de Los Ni©os Encontrados
9788417284466,es un codigo ISBN de una edicion publicada por,MueveTuLengua
9788468338439,es un codigo ISBN para el libro,Los Ladrones de Monta©as
9788468338439,es un codigo ISBN de una edicion publicada por,Edebé
9786077450757,es un codigo ISBN para el libro,Siete colinas de jade
9786077450757,es un codigo ISBN de una edicion publicada por,"Consejo Nacional para la Cultura y las Artes, Dirección General de Publicaciones"
9788481919554,es un codigo ISBN para el libro,Molestando a los demonios
9788481919554,es un codigo ISBN de una edicion publicada por,Editorial Pre-Textos
9789507652424,es un codigo ISBN para el libro,43 nuevos cri menes para resolver
9789507652424,es un codigo ISBN de una edicion publicada por,Ed. de Mente
9788488155450,es un codigo ISBN para el libro,Como Jugar y Divertirse Con Escritores Famosos
9788488155450,es un codigo ISBN de una edicion publicada por,Zugarto
9789871156207,es un codigo ISBN para el libro,El Despertar de Samolio
9789871156207,es un codigo ISBN de una edicion publicada por,Adriana Hidalgo Editora
9789872149468,es un codigo ISBN para el libro,La Pequeña Gran Enciclopedia de La Historia de Las Palabras
9789872149468,es un codigo ISBN de una edicion publicada por,Ediciones de Mente
9789879850886,es un codigo ISBN para el libro,La Pequeña Gran Enciclopedia del Pensamiento Lateral
9789879850886,es un codigo ISBN de una edicion publicada por,Ediciones de Mente
9788483109168,es un codigo ISBN para el libro,Las Encantadas
9788483109168,es un codigo ISBN de una edicion publicada por,TusQuets
9789871803606,es un codigo ISBN para el libro,Rusia es el tema
9789871803606,es un codigo ISBN de una edicion publicada por,Bajo La Luna
9789507651816,es un codigo ISBN para el libro,Sudoku Clasicos 1
9789507651816,es un codigo ISBN de una edicion publicada por,Ediciones de Mente
9789507651830,es un codigo ISBN para el libro,Sudoku Clasicos 2
9789507651830,es un codigo ISBN de una edicion publicada por,Ediciones de Mente
9789871073269,es un codigo ISBN para el libro,Los dijos
9789871073269,es un codigo ISBN de una edicion publicada por,Ediciones Vox
9798708537294,es un codigo ISBN para el libro,Lado Salvaje de la Vida
9798708537294,es un codigo ISBN de una edicion publicada por,Independently Published
9789872966911,es un codigo ISBN para el libro,Solos de remington
9789872966911,es un codigo ISBN de una edicion publicada por,La Comarca Libros
9789872966904,es un codigo ISBN para el libro,Ojo de rapiña
9789872966904,es un codigo ISBN de una edicion publicada por,La Comarca
9789872575588,es un codigo ISBN para el libro,El drama sin atenuantes
9789872575588,es un codigo ISBN de una edicion publicada por,Letranómada
9789879409732,es un codigo ISBN para el libro,Cómico de la lengua
9789879409732,es un codigo ISBN de una edicion publicada por,Paradiso
9789871326563,es un codigo ISBN para el libro,"Tierra sin nada, tierra de profetas"
9789871326563,es un codigo ISBN de una edicion publicada por,Editorial EDUNLA
9789871677887,es un codigo ISBN para el libro,Vigencia de las ideas de Raúl Scalabrini Ortiz
9789871677887,es un codigo ISBN de una edicion publicada por,Ediciones Fabro
9789872467944,es un codigo ISBN para el libro,Raúl Scalabrini Ortiz
9789872467944,es un codigo ISBN de una edicion publicada por,Ediciones Fabro
9789871326075,es un codigo ISBN para el libro,Forjando una nación
9789871326075,es un codigo ISBN de una edicion publicada por,Ediciones de la Universidad Nacional de Lanús
9789871326090,es un codigo ISBN para el libro,Forjando una nación
9789871326090,es un codigo ISBN de una edicion publicada por,Ediciones de la Universidad Nacional de Lanús
9789870401124,es un codigo ISBN para el libro,El Caso del Cantante de Rock (Alfaguara Juvenil)
9789870401124,es un codigo ISBN de una edicion publicada por,Alfaguara
9789707701182,es un codigo ISBN para el libro,El Caso Del Futbolista Enmascarado/ the Case of the Masked Soccer Player
9789707701182,es un codigo ISBN de una edicion publicada por,Alfaguara Infantil
9780613864886,es un codigo ISBN para el libro,"Espada del Adelantado, La"
9780613864886,es un codigo ISBN de una edicion publicada por,Tandem Library
9789504609773,es un codigo ISBN para el libro,La Espada del Adelantado
9789504609773,es un codigo ISBN de una edicion publicada por,Santillana S.A.
9789870400745,es un codigo ISBN para el libro,La Maldicion del Virrey
9789870400745,es un codigo ISBN de una edicion publicada por,Alfaguara
9789505119967,es un codigo ISBN para el libro,La Sombra de Osiris
9789505119967,es un codigo ISBN de una edicion publicada por,Alfaguara
9789507372643,es un codigo ISBN para el libro,"Caso del Video Juego, El"
9789507372643,es un codigo ISBN de una edicion publicada por,Coquena
9780613853439,es un codigo ISBN para el libro,"Caso del Video Juego, El"
9780613853439,es un codigo ISBN de una edicion publicada por,Tandem Library
9789505114696,es un codigo ISBN para el libro,El Caso de La Modelo y Los Lentes de Elvis
9789505114696,es un codigo ISBN de una edicion publicada por,Alfaguara
9780613841726,es un codigo ISBN para el libro,El Caso de La Modelo y Los Lentes de Elvis
9780613841726,es un codigo ISBN de una edicion publicada por,Tandem Library
9789505116539,es un codigo ISBN para el libro,El Caso del Video Juego
9789505116539,es un codigo ISBN de una edicion publicada por,Aguilar
9789509732445,es un codigo ISBN para el libro,Ulrico
9789509732445,es un codigo ISBN de una edicion publicada por,Quirquincho
9780613814522,es un codigo ISBN para el libro,El Caso del Cantante de Rock
9780613814522,es un codigo ISBN de una edicion publicada por,Tandem Library
9789507371639,es un codigo ISBN para el libro,El Caso del Cantante de Rock
9789507371639,es un codigo ISBN de una edicion publicada por,Coquena
9789505116072,es un codigo ISBN para el libro,El Caso del Cantante de Rock
9789505116072,es un codigo ISBN de una edicion publicada por,Alfaguara
9789872235475,es un codigo ISBN para el libro,Casa en la arena
9789872235475,es un codigo ISBN de una edicion publicada por,Ediciones Recovecos
9789871414321,es un codigo ISBN para el libro,60 poemas breves
9789871414321,es un codigo ISBN de una edicion publicada por,Ediciones Recovecos
9789871414314,es un codigo ISBN para el libro,Videla
9789871414314,es un codigo ISBN de una edicion publicada por,Ediciones Recovecos
9789871414215,es un codigo ISBN para el libro,Escuela industrial
9789871414215,es un codigo ISBN de una edicion publicada por,Ediciones Recovecos
9789872235406,es un codigo ISBN para el libro,La Vida Milagrosa
9789872235406,es un codigo ISBN de una edicion publicada por,Ediciones Recovecos
9789872318895,es un codigo ISBN para el libro,Mamá
9789872318895,es un codigo ISBN de una edicion publicada por,Recovecos
9789871414178,es un codigo ISBN para el libro,Serie americana
9789871414178,es un codigo ISBN de una edicion publicada por,Ediciones Recovecos
9789873699030,es un codigo ISBN para el libro,Cortázar
9789873699030,es un codigo ISBN de una edicion publicada por,Ediciones Letras y Bibliotecas Córdoba
9788492816262,es un codigo ISBN para el libro,Rayuela
9788492816262,es un codigo ISBN de una edicion publicada por,Del Centro Editores
9788437507217,es un codigo ISBN para el libro,Rayuela
9788437507217,es un codigo ISBN de una edicion publicada por,Fondo de Cultura Económica
9789876180740,es un codigo ISBN para el libro,El obrerismo de Pasado y presente
9789876180740,es un codigo ISBN de una edicion publicada por,Ediciones Al Margen
9789509314719,es un codigo ISBN para el libro,Política y comunicación
9789509314719,es un codigo ISBN de una edicion publicada por,Universidad Nacional de Cordoba
9789703244799,es un codigo ISBN para el libro,El Estridentismo
9789703244799,es un codigo ISBN de una edicion publicada por,Universidad Nacional Autónoma de México
9789876282925,es un codigo ISBN para el libro,Los cuerpos y las sombras
9789876282925,es un codigo ISBN de una edicion publicada por,Edhasa
9788498416459,es un codigo ISBN para el libro,Ojos Negros
9788498416459,es un codigo ISBN de una edicion publicada por,Siruela
9788478448210,es un codigo ISBN para el libro,Fordlandia : Un Oscuro Paraiso
9788478448210,es un codigo ISBN de una edicion publicada por,Siruela
9789509009745,es un codigo ISBN para el libro,Las Ideologias del Poder Economico
9789509009745,es un codigo ISBN de una edicion publicada por,Edhasa
9789876280907,es un codigo ISBN para el libro,Ojos negros
9789876280907,es un codigo ISBN de una edicion publicada por,Edhasa
9789876462457,es un codigo ISBN para el libro,Mil y una
9789876462457,es un codigo ISBN de una edicion publicada por,Alción Editora
9789592602021,es un codigo ISBN para el libro,Mil y una
9789592602021,es un codigo ISBN de una edicion publicada por,Editorial Casa de las Américas
9789508520739,es un codigo ISBN para el libro,No Te Olvides de Mi
9789508520739,es un codigo ISBN de una edicion publicada por,"Espasa Calpe Mexicana, S.A."
9789508086785,es un codigo ISBN para el libro,Cuentos batidos
9789508086785,es un codigo ISBN de una edicion publicada por,Homo Sapiens Ediciones
9788484410584,es un codigo ISBN para el libro,Negro de Paris
9788484410584,es un codigo ISBN de una edicion publicada por,Grijalbo
9789875034389,es un codigo ISBN para el libro,Llamada internacional
9789875034389,es un codigo ISBN de una edicion publicada por,Pagina/12
9789507317149,es un codigo ISBN para el libro,"Piratas, fantasmas y dinosaurios"
9789507317149,es un codigo ISBN de una edicion publicada por,Seix Barral
9788432212871,es un codigo ISBN para el libro,Sus Plantas Rendido un León
9788432212871,es un codigo ISBN de una edicion publicada por,Editorial Seix Barral
9789681323349,es un codigo ISBN para el libro,Una sombra ya pronto serás
9789681323349,es un codigo ISBN de una edicion publicada por,Editorial Diana
9789507317347,es un codigo ISBN para el libro,"Cómicos, tiranos y leyendas"
9789507317347,es un codigo ISBN de una edicion publicada por,Seix Barral
9789507315039,es un codigo ISBN para el libro,"Arqueros, Ilusionistas y Goleadores"
9789507315039,es un codigo ISBN de una edicion publicada por,Editorial Seix Barral
9789507314391,es un codigo ISBN para el libro,"Artistas, Locos y Criminales (Seix Barral)"
9789507314391,es un codigo ISBN de una edicion publicada por,Editorial Seix Barral
9789507314766,es un codigo ISBN para el libro,El Negro de Paris
9789507314766,es un codigo ISBN de una edicion publicada por,Planeta
9789580434504,es un codigo ISBN para el libro,El Negro De Paris (Colección Torre de Papel)
9789580434504,es un codigo ISBN de una edicion publicada por,Grupo Editorial Norma
9789507314025,es un codigo ISBN para el libro,El Ojo de la Patria (Seix Barral Biblioteca Soriano)
9789507314025,es un codigo ISBN de una edicion publicada por,Editorial Seix Barral
9789500708104,es un codigo ISBN para el libro,El The Ojo de La Patria (Colección Narrativas Argentinas)
9789500708104,es un codigo ISBN de una edicion publicada por,Editorial Sudamericana
9789580432029,es un codigo ISBN para el libro,"Hora Sin Sombra, La"
9789580432029,es un codigo ISBN de una edicion publicada por,Norma
9789507314117,es un codigo ISBN para el libro,La Hora Sin Sombra (Seix Barral Biblioteca Soriano)
9789507314117,es un codigo ISBN de una edicion publicada por,Editorial Seix Barral
9789580445029,es un codigo ISBN para el libro,Memorias del Mister
9789580445029,es un codigo ISBN de una edicion publicada por,Editorial Norma
9789500704090,es un codigo ISBN para el libro,No Habra Mas Pena Ni Olvidos
9789500704090,es un codigo ISBN de una edicion publicada por,Sudamericana
9789507313721,es un codigo ISBN para el libro,No Habra Mas Penas Ni Olvidos
9789507313721,es un codigo ISBN de una edicion publicada por,Editorial Seix Barral
9789507314674,es un codigo ISBN para el libro,"Rebeldes, Sonadores y Fugitivos"
9789507314674,es un codigo ISBN de una edicion publicada por,Editorial Seix Barral
9789580431831,es un codigo ISBN para el libro,A Sus Plantas Rendido Un Leon (La Otra Orilla)
9789580431831,es un codigo ISBN de una edicion publicada por,Norma
9789504911838,es un codigo ISBN para el libro,Triste Solitario y Final - Con Guia de Lectura
9789504911838,es un codigo ISBN de una edicion publicada por,Planeta
9789500703321,es un codigo ISBN para el libro,Triste Solitario y Final - S J -
9789500703321,es un codigo ISBN de una edicion publicada por,Sudamericana
9789500706438,es un codigo ISBN para el libro,Una Sombra YA Pronto Seras (Colección Narrativas Argentinas)
9789500706438,es un codigo ISBN de una edicion publicada por,Editorial Sudamericana
9789580438984,es un codigo ISBN para el libro,Cuentos de los años felices
9789580438984,es un codigo ISBN de una edicion publicada por,Norma
9789875594081,es un codigo ISBN para el libro,Mientras los veranos mueren
9789875594081,es un codigo ISBN de una edicion publicada por,Ediciones del Dock
9789877071047,es un codigo ISBN para el libro,Dichos y quebrantos
9789877071047,es un codigo ISBN de una edicion publicada por,Editorial Universidad Nacional de Córdoba
9789876261708,es un codigo ISBN para el libro,Desde abajo
9789876261708,es un codigo ISBN de una edicion publicada por,Editorial Universidad Católica Córdoba
9789876261326,es un codigo ISBN para el libro,El color de los turbantes
9789876261326,es un codigo ISBN de una edicion publicada por,Editorial de la Universidad Católica de Córdoba
9789876262101,es un codigo ISBN para el libro,Bolivia
9789876262101,es un codigo ISBN de una edicion publicada por,"SPyRSU, Secretaría de Proyección y Responsabilidad Social Universitaria"
9789876260237,es un codigo ISBN para el libro,Ilustración y emancipación en América Latina
9789876260237,es un codigo ISBN de una edicion publicada por,Editorial de la Universidad Católica de Córdoba
9789872084646,es un codigo ISBN para el libro,"Crisis, Rupturas y Tendencias"
9789872084646,es un codigo ISBN de una edicion publicada por,Editorial de la Universidad Catolica de Cordo
9789876261371,es un codigo ISBN para el libro,El último año de las F.A.R.C.
9789876261371,es un codigo ISBN de una edicion publicada por,Editorial de la Universidad Católica de Córdoba- EDUCC
9788472231245,es un codigo ISBN para el libro,Amatista
9788472231245,es un codigo ISBN de una edicion publicada por,Tusquets
9789870410225,es un codigo ISBN para el libro,La música de Julia
9789870410225,es un codigo ISBN de una edicion publicada por,Alfaguara
9789507370854,es un codigo ISBN para el libro,"Mundo No Es de Polenta, El"
9789507370854,es un codigo ISBN de una edicion publicada por,Coquena
9789505116614,es un codigo ISBN para el libro,La Selva
9789505116614,es un codigo ISBN de una edicion publicada por,Aguilar
9789870410218,es un codigo ISBN para el libro,Músicos y relojeros
9789870410218,es un codigo ISBN de una edicion publicada por,Alfaguara
9789505117567,es un codigo ISBN para el libro,"Una Tarde de Invierno, Un Submarino"
9789505117567,es un codigo ISBN de una edicion publicada por,Alfaguara
9780613951623,es un codigo ISBN para el libro,"Una Tarde de Invierno, Un Submarino"
9780613951623,es un codigo ISBN de una edicion publicada por,Tandem Library
9789876145367,es un codigo ISBN para el libro,Historia gráfica del Di Tella
9789876145367,es un codigo ISBN de una edicion publicada por,Capital Intelectual
9789879006801,es un codigo ISBN para el libro,El viaje y la utopía
9789879006801,es un codigo ISBN de una edicion publicada por,Facultad de Ciencias Sociales Universidad de
9789876010672,es un codigo ISBN para el libro,El volver de las imágenes
9789876010672,es un codigo ISBN de una edicion publicada por,La Crujía
9789872149383,es un codigo ISBN para el libro,El Pretexto del Sueño
9789872149383,es un codigo ISBN de una edicion publicada por,Santiago Arcos Editor
9789871673841,es un codigo ISBN para el libro,Leyendo historietas
9789871673841,es un codigo ISBN de una edicion publicada por,Eterna Cadencia Editora
9789879921999,es un codigo ISBN para el libro,Semiotica de Los Medios Masivos
9789879921999,es un codigo ISBN de una edicion publicada por,Atuel
9789873339042,es un codigo ISBN para el libro,Senderos extraviados
9789873339042,es un codigo ISBN de una edicion publicada por,Ediciones Sentimiento Incontrolable/Quiebre
9789871228256,es un codigo ISBN para el libro,Big bad city
9789871228256,es un codigo ISBN de una edicion publicada por,El Cuenco de Plata
9789871772292,es un codigo ISBN para el libro,Cerdos & peces
9789871772292,es un codigo ISBN de una edicion publicada por,Cuenco de Plata
9789871228713,es un codigo ISBN para el libro,En busca del asesino
9789871228713,es un codigo ISBN de una edicion publicada por,El Cuenco de Plata
9789871228782,es un codigo ISBN para el libro,El Señor de Los Venenos
9789871228782,es un codigo ISBN de una edicion publicada por,Cuenco de Plata
9789871228157,es un codigo ISBN para el libro,El Señor de Los Venenos
9789871228157,es un codigo ISBN de una edicion publicada por,El Cuenco de Plata
9789871228560,es un codigo ISBN para el libro,La vida es un bar
9789871228560,es un codigo ISBN de una edicion publicada por,El Cuenco de Plata
9781483595634,es un codigo ISBN para el libro,Verdadera Crónica Falsa
9781483595634,es un codigo ISBN de una edicion publicada por,BookBaby
9781624889431,es un codigo ISBN para el libro,Los Judos Del Mar Dulce
9781624889431,es un codigo ISBN de una edicion publicada por,BookBaby
9781618426628,es un codigo ISBN para el libro,Los Aos de la Guerra a Muerte
9781618426628,es un codigo ISBN de una edicion publicada por,BookBaby
9788479628239,es un codigo ISBN para el libro,Eros y la doncella
9788479628239,es un codigo ISBN de una edicion publicada por,Editorial Verbum
9781623093075,es un codigo ISBN para el libro,A Las 20
9781623093075,es un codigo ISBN de una edicion publicada por,BookBaby
9789992293904,es un codigo ISBN para el libro,A Las 20
9789992293904,es un codigo ISBN de una edicion publicada por,Ediciones del Norte
9789802633968,es un codigo ISBN para el libro,Las dos muertes del general Simón Bolívar
9789802633968,es un codigo ISBN de una edicion publicada por,J.A. Catalá
9789508602527,es un codigo ISBN para el libro,La mesa roja
9789508602527,es un codigo ISBN de una edicion publicada por,Desde la Gente
9789508952226,es un codigo ISBN para el libro,El azar cruje
9789508952226,es un codigo ISBN de una edicion publicada por,Catalogos
9789507372438,es un codigo ISBN para el libro,Habia Una Vez Una Gota
9789507372438,es un codigo ISBN de una edicion publicada por,Coquena
9789871133451,es un codigo ISBN para el libro,Una felicidad liviana
9789871133451,es un codigo ISBN de una edicion publicada por,Editorial Fundación Ross
9789509413047,es un codigo ISBN para el libro,Recuento
9789509413047,es un codigo ISBN de una edicion publicada por,Ediciones del Sol
9789505155811,es un codigo ISBN para el libro,"Héctor Tizón, un ejemplar de frontera : conversaciones con Héctor Tizón"
9789505155811,es un codigo ISBN de una edicion publicada por,Ediciones de la Flor
9789505116768,es un codigo ISBN para el libro,La casa y el viento
9789505116768,es un codigo ISBN de una edicion publicada por,Alfaguara
9789871155798,es un codigo ISBN para el libro,El viento en un violín
9789871155798,es un codigo ISBN de una edicion publicada por,Atuel
9789509971172,es un codigo ISBN para el libro,"Patria Grande, La"
9789509971172,es un codigo ISBN de una edicion publicada por,Ediciones Theoria
9789508952929,es un codigo ISBN para el libro,Un revolver para Mack
9789508952929,es un codigo ISBN de una edicion publicada por,Catálogos
9789508952981,es un codigo ISBN para el libro,El zoológico de Dios II
9789508952981,es un codigo ISBN de una edicion publicada por,Catálogos
9789874535535,es un codigo ISBN para el libro,Noche de revolucionarios
9789874535535,es un codigo ISBN de una edicion publicada por,Mil Botellas Editorial
9789508953261,es un codigo ISBN para el libro,Cuentos desagradables
9789508953261,es un codigo ISBN de una edicion publicada por,Catalogos
9789508953278,es un codigo ISBN para el libro,La palabra
9789508953278,es un codigo ISBN de una edicion publicada por,Catálogos
9789506000912,es un codigo ISBN para el libro,"de Todo Un Poco, de NADA Mucho (Omnibus)"
9789506000912,es un codigo ISBN de una edicion publicada por,Legasa
9789871359905,es un codigo ISBN para el libro,"El número 125, o, La educación sentimental"
9789871359905,es un codigo ISBN de una edicion publicada por,Alción Editora
9789879846353,es un codigo ISBN para el libro,El Cantaro
9789879846353,es un codigo ISBN de una edicion publicada por,Ediciones en Danza
9789871190423,es un codigo ISBN para el libro,El himno nacional argentino
9789871190423,es un codigo ISBN de una edicion publicada por,Editorial de la Universidad Católica Argentina
9789871371907,es un codigo ISBN para el libro,Cazador de signos
9789871371907,es un codigo ISBN de una edicion publicada por,EUDEM
9788472235694,es un codigo ISBN para el libro,Henry Miller O La Alegria Del Retorno
9788472235694,es un codigo ISBN de una edicion publicada por,Tusquets Editor
9789507420634,es un codigo ISBN para el libro,Manucho
9789507420634,es un codigo ISBN de una edicion publicada por,Planeta
9789507420160,es un codigo ISBN para el libro,El ahijado
9789507420160,es un codigo ISBN de una edicion publicada por,Planeta
9789876285018,es un codigo ISBN para el libro,Enterrados
9789876285018,es un codigo ISBN de una edicion publicada por,Edhasa
9789877120004,es un codigo ISBN para el libro,Tratado sobre las manos
9789877120004,es un codigo ISBN de una edicion publicada por,Eterna Cadencia
9789580445753,es un codigo ISBN para el libro,El terror y la gloria
9789580445753,es un codigo ISBN de una edicion publicada por,Norma
9789872426606,es un codigo ISBN para el libro,Cuarteto para autos viejos
9789872426606,es un codigo ISBN de una edicion publicada por,Eterna Cadencia Editora
9789875453623,es un codigo ISBN para el libro,La Educacion de Los Sentidos
9789875453623,es un codigo ISBN de una edicion publicada por,Grupo Editorial Norma
9789509779372,es un codigo ISBN para el libro,Los Ojos Asi
9789509779372,es un codigo ISBN de una edicion publicada por,Tusquets Editores
9789871673117,es un codigo ISBN para el libro,El otro de mí
9789871673117,es un codigo ISBN de una edicion publicada por,Eterna Cadencia Editora
9789873670176,es un codigo ISBN para el libro,Obra poética
9789873670176,es un codigo ISBN de una edicion publicada por,Editorial Serapis
9789505814862,es un codigo ISBN para el libro,"The Jardines de Placido, Los"
9789505814862,es un codigo ISBN de una edicion publicada por,Colihue Colihue
9789505812790,es un codigo ISBN para el libro,Hans Grillo y Otros Cuentos
9789505812790,es un codigo ISBN de una edicion publicada por,Ediciones Colihue SRL
9780613953542,es un codigo ISBN para el libro,Hans Grillo y Otros Cuentos
9780613953542,es un codigo ISBN de una edicion publicada por,Tandem Library
9789879637210,es un codigo ISBN para el libro,La ribera
9789879637210,es un codigo ISBN de una edicion publicada por,Atril
9789509807235,es un codigo ISBN para el libro,Antologia Poetica (Poetas argentinos contemporaneos)
9789509807235,es un codigo ISBN de una edicion publicada por,Fondo Nacional de las Artes
9781505366563,es un codigo ISBN para el libro,Escudo y Los Colores Nacionales
9781505366563,es un codigo ISBN de una edicion publicada por,CreateSpace Independent Publishing Platform
9781505366617,es un codigo ISBN para el libro,Fracaso de la Instrucción Primaria
9781505366617,es un codigo ISBN de una edicion publicada por,CreateSpace Independent Publishing Platform
9781517006075,es un codigo ISBN para el libro,Conquista de Quince Mil Leguas
9781517006075,es un codigo ISBN de una edicion publicada por,CreateSpace Independent Publishing Platform
9789500723985,es un codigo ISBN para el libro,Citibank vs. Argentina
9789500723985,es un codigo ISBN de una edicion publicada por,Editorial Sudamericana
9788495642103,es un codigo ISBN para el libro,Cuentos de damas fantásticas
9788495642103,es un codigo ISBN de una edicion publicada por,Páginas de Espuma
9789500418324,es un codigo ISBN para el libro,Dos fantasías memorables ; Un modelo para la muerte
9789500418324,es un codigo ISBN de una edicion publicada por,Emece Editores
9789500426831,es un codigo ISBN para el libro,La invención de Morel
9789500426831,es un codigo ISBN de una edicion publicada por,Emecé
9788420638768,es un codigo ISBN para el libro,La trama celeste
9788420638768,es un codigo ISBN de una edicion publicada por,Alianza Editorial
9786070731761,es un codigo ISBN para el libro,Dormir al sol
9786070731761,es un codigo ISBN de una edicion publicada por,Emecé/Planeta
9789509987166,es un codigo ISBN para el libro,Más allá
9789509987166,es un codigo ISBN de una edicion publicada por,Ediciones Instituto Movilizador de Fondos Cooperativos
9789500426619,es un codigo ISBN para el libro,Diccionario del argentino exquisito
9789500426619,es un codigo ISBN de una edicion publicada por,Emece  Editores
9783964563705,es un codigo ISBN para el libro,Homenaje a Adolfo Bioy Casares
9783964563705,es un codigo ISBN de una edicion publicada por,Iberoamericana Editorial Vervuert
9789500427500,es un codigo ISBN para el libro,Plan de evasion
9789500427500,es un codigo ISBN de una edicion publicada por,Emece  editores
9789872530167,es un codigo ISBN para el libro,Unos días en el Brasil
9789872530167,es un codigo ISBN de una edicion publicada por,La Compañía
9789872840532,es un codigo ISBN para el libro,Un libro quemado
9789872840532,es un codigo ISBN de una edicion publicada por,Editorial Excursiones
9789876991551,es un codigo ISBN para el libro,Escritos
9789876991551,es un codigo ISBN de una edicion publicada por,EDUVIM
9788471752789,es un codigo ISBN para el libro,Selección de poesías amorosas en lengua española
9788471752789,es un codigo ISBN de una edicion publicada por,Ediciones 29
9788478393473,es un codigo ISBN para el libro,Irremediablemente
9788478393473,es un codigo ISBN de una edicion publicada por,Ediciones Torremozas
9789871118809,es un codigo ISBN para el libro,Ésta es mi Storni
9789871118809,es un codigo ISBN de una edicion publicada por,Ediciones en Danza
9789501323139,es un codigo ISBN para el libro,Alfonsina - Poesias / Golu
9789501323139,es un codigo ISBN de una edicion publicada por,Kapelusz
9789681500139,es un codigo ISBN para el libro,Alfonsina Storni: Poesa
9789681500139,es un codigo ISBN de una edicion publicada por,"Editorial Diana, S.A."
9789500306133,es un codigo ISBN para el libro,Antologia
9789500306133,es un codigo ISBN de una edicion publicada por,Losada
9788475175126,es un codigo ISBN para el libro,Antologia Mayor
9788475175126,es un codigo ISBN de una edicion publicada por,Celeste Ediciones
9789879944622,es un codigo ISBN para el libro,Antologia Poetica - Alfonsina Storni
9789879944622,es un codigo ISBN de una edicion publicada por,"Plaza & Janes Editores, S.A."
9788401590399,es un codigo ISBN para el libro,La Caricia Perdida
9788401590399,es un codigo ISBN de una edicion publicada por,"Plaza & Janes Editores, S.A."
9788420477893,es un codigo ISBN para el libro,Escribir un Silencio / Writing Silence
9788420477893,es un codigo ISBN de una edicion publicada por,Penguin Random House Grupo Editorial
9786073173247,es un codigo ISBN para el libro,Quién No / Who Isn#t?
9786073173247,es un codigo ISBN de una edicion publicada por,Penguin Random House Grupo Editorial
9786073825030,es un codigo ISBN para el libro,Tiempo de Las Moscas
9786073825030,es un codigo ISBN de una edicion publicada por,Penguin Random House Grupo Editorial
9788420431970,es un codigo ISBN para el libro,Elena Sabe / Elena Knows
9788420431970,es un codigo ISBN de una edicion publicada por,Penguin Random House Grupo Editorial
9786073195188,es un codigo ISBN para el libro,Catedrales / Cathedrals
9786073195188,es un codigo ISBN de una edicion publicada por,Alfaguara
9788492816538,es un codigo ISBN para el libro,A brick wall
9788492816538,es un codigo ISBN de una edicion publicada por,Del Centro Editores
9789807309073,es un codigo ISBN para el libro,"Ciudad, espacio público y cultura urbana"
9789807309073,es un codigo ISBN de una edicion publicada por,Fundación para la Cultura Urbana
9789563650426,es un codigo ISBN para el libro,Eterna juventud
9789563650426,es un codigo ISBN de una edicion publicada por,Hueders
9789873708589,es un codigo ISBN para el libro,Un filósofo
9789873708589,es un codigo ISBN de una edicion publicada por,Ivan Rosado
9789874941404,es un codigo ISBN para el libro,El gran misterio
9789874941404,es un codigo ISBN de una edicion publicada por,Blatt & Ríos
9789873728228,es un codigo ISBN para el libro,La invención del tren fantasma
9789873728228,es un codigo ISBN de una edicion publicada por,Mansalva
9789874941367,es un codigo ISBN para el libro,Pinceladas musicales
9789874941367,es un codigo ISBN de una edicion publicada por,Blatt & Ríos
9789877691023,es un codigo ISBN para el libro,Fulgentius
9789877691023,es un codigo ISBN de una edicion publicada por,Literatura Random House
9789874941756,es un codigo ISBN para el libro,  Lugones 
9789874941756,es un codigo ISBN de una edicion publicada por,Blatt & Ríos
9789877691436,es un codigo ISBN para el libro,La ola que lee
9789877691436,es un codigo ISBN de una edicion publicada por,Literatura Random House
9789871474493,es un codigo ISBN para el libro,Festival
9789871474493,es un codigo ISBN de una edicion publicada por,Mansalva
9789871741793,es un codigo ISBN para el libro,Tres historias pringlenses
9789871741793,es un codigo ISBN de una edicion publicada por,Ediciones Biblioteca Nacional
9789873616013,es un codigo ISBN para el libro,Un episodio en la vida del pintor viajero
9789873616013,es un codigo ISBN de una edicion publicada por,Blatt & Ríos
9789500435895,es un codigo ISBN para el libro,El testamento del mago tenor
9789500435895,es un codigo ISBN de una edicion publicada por,Emecé
9789876582070,es un codigo ISBN para el libro,Relatos reunidos
9789876582070,es un codigo ISBN de una edicion publicada por,Mondadori
9789875668621,es un codigo ISBN para el libro,Cumpleaños
9789875668621,es un codigo ISBN de una edicion publicada por,Debolsillo
9789873616167,es un codigo ISBN para el libro,Artforum
9789873616167,es un codigo ISBN de una edicion publicada por,Blatt & Ríos
9789871474875,es un codigo ISBN para el libro,Margarita
9789871474875,es un codigo ISBN de una edicion publicada por,Mansalva
9789508452597,es un codigo ISBN para el libro,El náufrago
9789508452597,es un codigo ISBN de una edicion publicada por,Beatriz Viterbo Editora
9789876580632,es un codigo ISBN para el libro,El error
9789876580632,es un codigo ISBN de una edicion publicada por,Sudamericana
9789871474172,es un codigo ISBN para el libro,Dante y reina
9789871474172,es un codigo ISBN de una edicion publicada por,Mansalva
9789871474738,es un codigo ISBN para el libro,Entre los indios
9789871474738,es un codigo ISBN de una edicion publicada por,Mansalva
9786074454680,es un codigo ISBN para el libro,Entre los indios
9786074454680,es un codigo ISBN de una edicion publicada por,Ediciones Era
9788439726715,es un codigo ISBN para el libro,Relatos reunidos
9788439726715,es un codigo ISBN de una edicion publicada por,Random House Mondadori
9789508452351,es un codigo ISBN para el libro,La confesión
9789508452351,es un codigo ISBN de una edicion publicada por,Beatriz Viterbo Editora
9789500504980,es un codigo ISBN para el libro,Todo verdor perecerá
9789500504980,es un codigo ISBN de una edicion publicada por,Corregidor
9789500716420,es un codigo ISBN para el libro,"Bahia de Silencio, La"
9789500716420,es un codigo ISBN de una edicion publicada por,Sudamericana
9789500701013,es un codigo ISBN para el libro,Historia De Una Pasion Argentina (Ensayo)
9789500701013,es un codigo ISBN de una edicion publicada por,Sudamericana
9789500715997,es un codigo ISBN para el libro,Historia de Una Pasion Argentina - Sin Sobrecubier
9789500715997,es un codigo ISBN de una edicion publicada por,Sudamericana
9789875661349,es un codigo ISBN para el libro,Historia De Una Pasion Argentina/ Story of an Argentinian Passion (Ensayo-Filosofia / Essay-Philosophy)
9789875661349,es un codigo ISBN de una edicion publicada por,Debolsillo
9788415163206,es un codigo ISBN para el libro,Informe sobre ciegos
9788415163206,es un codigo ISBN de una edicion publicada por,Astiberri
9781015547162,es un codigo ISBN para el libro,Hombres y engranajes
9781015547162,es un codigo ISBN de una edicion publicada por,"Creative Media Partners, LLC"
9788472326163,es un codigo ISBN para el libro,El Pintor Ernesto Sábato
9788472326163,es un codigo ISBN de una edicion publicada por,Ediciones de Cultura Hispánica
9789500713955,es un codigo ISBN para el libro,En diálogo I
9789500713955,es un codigo ISBN de una edicion publicada por,Sudamericana
9782266018173,es un codigo ISBN para el libro,"Rêves et réalités / Sueños y realidades, 1952-1977"
9782266018173,es un codigo ISBN de una edicion publicada por,Presses Pocket
9788485876549,es un codigo ISBN para el libro,0
9788485876549,es un codigo ISBN de una edicion publicada por,Siruela
9781732936331,es un codigo ISBN para el libro,Sleepless Nights Under Capitalism from the poems of John Wendell
9781732936331,es un codigo ISBN de una edicion publicada por,Eulalia Books
9786078167319,es un codigo ISBN para el libro,Amaramara
9786078167319,es un codigo ISBN de una edicion publicada por,Grupo Editorial Planeta S.A.I.C. Publicado bajo el sello Seix Barral
9789507316463,es un codigo ISBN para el libro,Cólera buey
9789507316463,es un codigo ISBN de una edicion publicada por,Seix Barral
9788477314721,es un codigo ISBN para el libro,Des va-ríos
9788477314721,es un codigo ISBN de una edicion publicada por,"Centro de Ediciones, Diputación de Málaga"
9788432210112,es un codigo ISBN para el libro,Poesía reunida
9788432210112,es un codigo ISBN de una edicion publicada por,Seix Barral
9786071606570,es un codigo ISBN para el libro,Poesía reunida
9786071606570,es un codigo ISBN de una edicion publicada por,Fondo de Cultura Económica
9789507317200,es un codigo ISBN para el libro,Poesía reunida
9789507317200,es un codigo ISBN de una edicion publicada por,Seix Barral
9789507317484,es un codigo ISBN para el libro,Hoy
9789507317484,es un codigo ISBN de una edicion publicada por,Seix Barral
9786070251313,es un codigo ISBN para el libro,Hoy
9786070251313,es un codigo ISBN de una edicion publicada por,Ediciones Era
9789684116375,es un codigo ISBN para el libro,Miradas
9789684116375,es un codigo ISBN de una edicion publicada por,Biblioteca Era
9789507316128,es un codigo ISBN para el libro,De atrásalante en su porfía
9789507316128,es un codigo ISBN de una edicion publicada por,Seix Barral
9786074450309,es un codigo ISBN para el libro,De atrásalante en su porfía
9786074450309,es un codigo ISBN de una edicion publicada por,Ediciones Era
9789685189644,es un codigo ISBN para el libro,Los otros
9789685189644,es un codigo ISBN de una edicion publicada por,La Cabra Ediciones
9789504914785,es un codigo ISBN para el libro,Exilio
9789504914785,es un codigo ISBN de una edicion publicada por,Planeta
9789508891488,es un codigo ISBN para el libro,Marcelo Brodsky
9789508891488,es un codigo ISBN de una edicion publicada por,La Marca Editora
9788475222233,es un codigo ISBN para el libro,Anunciaciones
9788475222233,es un codigo ISBN de una edicion publicada por,Visor
9789507310881,es un codigo ISBN para el libro,Colera Buey
9789507310881,es un codigo ISBN de una edicion publicada por,Editorial Seix Barral
9789682318641,es un codigo ISBN para el libro,En Abierta Oscuridad/ In Open Darkness (La Letra Herida)
9789682318641,es un codigo ISBN de una edicion publicada por,Siglo Veintiuno Editores
9789879397015,es un codigo ISBN para el libro,Gelman (Poesia Argentina-Grijalbo)
9789879397015,es un codigo ISBN de una edicion publicada por,Mondadori (IT)
9789507314063,es un codigo ISBN para el libro,Gotan
9789507314063,es un codigo ISBN de una edicion publicada por,Editorial Seix Barral
9788475220918,es un codigo ISBN para el libro,Gotán y otras cuestiones
9788475220918,es un codigo ISBN de una edicion publicada por,Visor Libros
9789879743584,es un codigo ISBN para el libro,Poemas solariegos
9789879743584,es un codigo ISBN de una edicion publicada por,Pasco
9789879350898,es un codigo ISBN para el libro,El payador
9789879350898,es un codigo ISBN de una edicion publicada por,Biblioteca Nacional
9789879743560,es un codigo ISBN para el libro,Elogios
9789879743560,es un codigo ISBN de una edicion publicada por,Ediciones Pasco
9789871518159,es un codigo ISBN para el libro,Las fuerzas extrañas
9789871518159,es un codigo ISBN de una edicion publicada por,Eduvim
9788498957907,es un codigo ISBN para el libro,Antología poética
9788498957907,es un codigo ISBN de una edicion publicada por,Visor Libros
9789685957656,es un codigo ISBN para el libro,La traicion de rita hayworth/ The Betrayal of Rita Hayworth (Contemporanea) (Spanish Edition)
9789685957656,es un codigo ISBN de una edicion publicada por,Debolsillo
9788432217272,es un codigo ISBN para el libro,El beso de la mujer aran a
9788432217272,es un codigo ISBN de una edicion publicada por,Editorial Seix Barral
9788432207778,es un codigo ISBN para el libro,BOQUITAS PINTADAS
9788432207778,es un codigo ISBN de una edicion publicada por,Editorial Seix Barral
9789872479732,es un codigo ISBN para el libro,Teatro reunido
9789872479732,es un codigo ISBN de una edicion publicada por,Editorial Entropía
9788432216640,es un codigo ISBN para el libro,Maldición eterna a quien lea estas páginas
9788432216640,es un codigo ISBN de una edicion publicada por,Booket
9789872127404,es un codigo ISBN para el libro,Un destino melodramático
9789872127404,es un codigo ISBN de una edicion publicada por,El Cuenco de Plata
9789872104085,es un codigo ISBN para el libro,Querida familia
9789872104085,es un codigo ISBN de una edicion publicada por,David Donayo
9789872104023,es un codigo ISBN para el libro,Querida familia
9789872104023,es un codigo ISBN de una edicion publicada por,Editorial Entropía
9788484891857,es un codigo ISBN para el libro,Puig por Puig
9788484891857,es un codigo ISBN de una edicion publicada por,Iberoamericana
9789233088207,es un codigo ISBN para el libro,El beso de la mujer araña
9789233088207,es un codigo ISBN de una edicion publicada por,Unesco
9798486223679,es un codigo ISBN para el libro,Canciones Infantiles Volumen 2
9798486223679,es un codigo ISBN de una edicion publicada por,Independently Published
9798483233220,es un codigo ISBN para el libro,15 Canciones
9798483233220,es un codigo ISBN de una edicion publicada por,Independently Published
9798486240416,es un codigo ISBN para el libro,Canciones Infantiles Volumen 3
9798486240416,es un codigo ISBN de una edicion publicada por,Independently Published
9798485753214,es un codigo ISBN para el libro,Canciones Infantiles Volumen 1
9798485753214,es un codigo ISBN de una edicion publicada por,Independently Published
9789505116324,es un codigo ISBN para el libro,Versos tradicionales para cebollitas
9789505116324,es un codigo ISBN de una edicion publicada por,Santillana USA Publishing Company
9789870410997,es un codigo ISBN para el libro,Fantasmas en el parque
9789870410997,es un codigo ISBN de una edicion publicada por,Alfaguara
9788475220420,es un codigo ISBN para el libro,En la masmédula
9788475220420,es un codigo ISBN de una edicion publicada por,Visor Libros
9789509282063,es un codigo ISBN para el libro,Antologia
9789509282063,es un codigo ISBN de una edicion publicada por,Editorial Argonauta
9789509282407,es un codigo ISBN para el libro,Antologia - 5b
9789509282407,es un codigo ISBN de una edicion publicada por,Argonauta
9789500304030,es un codigo ISBN para el libro,The En La Masmedula - 518 -
9789500304030,es un codigo ISBN de una edicion publicada por,Losada Losada
9789500304047,es un codigo ISBN para el libro,Espantapajaros (Al Alcance De Todos
9789500304047,es un codigo ISBN de una edicion publicada por,Losada
9789500356985,es un codigo ISBN para el libro,Obra (Obras Poesia)
9789500356985,es un codigo ISBN de una edicion publicada por,Losada
9789504606444,es un codigo ISBN para el libro,Obra Poetica (Clasicos Esenciales Santillana)
9789504606444,es un codigo ISBN de una edicion publicada por,Santillana S.A.
9789500304016,es un codigo ISBN para el libro,"Obras Oliverio Girondo (Obras, I)"
9789500304016,es un codigo ISBN de una edicion publicada por,Losada
9789508452108,es un codigo ISBN para el libro,Oliverio
9789508452108,es un codigo ISBN de una edicion publicada por,Beatriz Viterbo Editora
9789500304627,es un codigo ISBN para el libro,Persuasion De Los Dias
9789500304627,es un codigo ISBN de una edicion publicada por,Losada
9789500359085,es un codigo ISBN para el libro,The Persuasion de Los Dias - En La Masmedula
9789500359085,es un codigo ISBN de una edicion publicada por,Losada Losada
9789879264010,es un codigo ISBN para el libro,Poemas de Amor de Autores Famosos 4 - Antologia
9789879264010,es un codigo ISBN de una edicion publicada por,Ideas & Color S.A.
9789500304429,es un codigo ISBN para el libro,Veinte Poemas Para Ser Leidos
9789500304429,es un codigo ISBN de una edicion publicada por,Losada
9788475222424,es un codigo ISBN para el libro,Veinte Poemas Para Ser Leidos En El Tranvia; Calcomanias; Y Otros Poemas (Colección Visor de poesia)
9788475222424,es un codigo ISBN de una edicion publicada por,Visor
9789879721186,es un codigo ISBN para el libro,Oliverio Girondo
9789879721186,es un codigo ISBN de una edicion publicada por,Mondadori (IT)
9786070012347,es un codigo ISBN para el libro,Espantapájaros ; En la masmédula
9786070012347,es un codigo ISBN de una edicion publicada por,Ediciones El Viaje
9789872633301,es un codigo ISBN para el libro,Caaporá
9789872633301,es un codigo ISBN de una edicion publicada por,Ediciones VR
9781423703235,es un codigo ISBN para el libro,Don Segundo Sombra
9781423703235,es un codigo ISBN de una edicion publicada por,Cid Editor
9789505062997,es un codigo ISBN para el libro,Antologia del Cuento Extrano 1
9789505062997,es un codigo ISBN de una edicion publicada por,Edicial
9789505063000,es un codigo ISBN para el libro,Antologia del Cuento Extrao 2
9789505063000,es un codigo ISBN de una edicion publicada por,Edicial
9789505063031,es un codigo ISBN para el libro,Antologia del Cuento Extrao 3
9789505063031,es un codigo ISBN de una edicion publicada por,Edicial
9789505063048,es un codigo ISBN para el libro,Antologia del Cuento Extrao 4
9789505063048,es un codigo ISBN de una edicion publicada por,Edicial
9789507530883,es un codigo ISBN para el libro,Las Pruebas de Imprenta y Otros Textos
9789507530883,es un codigo ISBN de una edicion publicada por,Cantaro Editores
9789505151103,es un codigo ISBN para el libro,Los Oficios Terrestres/the Terrestrial Offices
9789505151103,es un codigo ISBN de una edicion publicada por,De La Flor
9789507425646,es un codigo ISBN para el libro,Operacion Masacre (Espejo de La Argentina)
9789507425646,es un codigo ISBN de una edicion publicada por,Planeta
9789505153527,es un codigo ISBN para el libro,Operacion Masacre/ Massacre Operation
9789505153527,es un codigo ISBN de una edicion publicada por,De La Flor
9789507426162,es un codigo ISBN para el libro,"Violento Oficio de Escribir, El (Espejo de La Argentina)"
9789507426162,es un codigo ISBN de una edicion publicada por,Planeta
9786077749233,es un codigo ISBN para el libro,Nuevas rutas
9786077749233,es un codigo ISBN de una edicion publicada por,[Coedición Latinoamericana]
9789870603085,es un codigo ISBN para el libro,Nuevas rutas
9789870603085,es un codigo ISBN de una edicion publicada por,Coediciones Latinoamericanas
9788483932247,es un codigo ISBN para el libro,La respiración cavernaria
9788483932247,es un codigo ISBN de una edicion publicada por,Páginas de Espuma
9789871096152,es un codigo ISBN para el libro,"Concurso nacional de cuento ""Jóvenes narradores"" 2001"
9789871096152,es un codigo ISBN de una edicion publicada por,Ediciones del Candil
9786070761140,es un codigo ISBN para el libro,Poemas / Poems
9786070761140,es un codigo ISBN de una edicion publicada por,Editorial Planeta Mexicana
9788426426277,es un codigo ISBN para el libro,Promesa / the Promise
9788426426277,es un codigo ISBN de una edicion publicada por,Lumen
9788426426284,es un codigo ISBN para el libro,Autobiografía de Irene / Autobiography of Irene
9788426426284,es un codigo ISBN de una edicion publicada por,Penguin Random House Grupo Editorial
9788426400581,es un codigo ISBN para el libro,El dibujo del tiempo
9788426400581,es un codigo ISBN de una edicion publicada por,Lumen
9789509004436,es un codigo ISBN para el libro,Breve santoral
9789509004436,es un codigo ISBN de una edicion publicada por,Ediciones de Arte Gaglianone
9789500424813,es un codigo ISBN para el libro,Poesia Completa II
9789500424813,es un codigo ISBN de una edicion publicada por,Emecé Editores
9789684941946,es un codigo ISBN para el libro,El que la hace-- ¿la paga?
9789684941946,es un codigo ISBN de una edicion publicada por,Coedición Latinoamericana
9780613980227,es un codigo ISBN para el libro,"Caballo Alado, El"
9780613980227,es un codigo ISBN de una edicion publicada por,Tandem Library
9789872466428,es un codigo ISBN para el libro,Testimonios
9789872466428,es un codigo ISBN de una edicion publicada por,UNESCO-Villa Ocampo
9789872466411,es un codigo ISBN para el libro,Testimonios
9789872466411,es un codigo ISBN de una edicion publicada por,UNESCO-Villa Ocampo
9789505578450,es un codigo ISBN para el libro,La viajera y sus sombras
9789505578450,es un codigo ISBN de una edicion publicada por,Fondo de Cultura Económica de Argentina
9789505800018,es un codigo ISBN para el libro,Cartas de posguerra
9789505800018,es un codigo ISBN de una edicion publicada por,Editorial Sur
9789871198023,es un codigo ISBN para el libro,Autobiografia I
9789871198023,es un codigo ISBN de una edicion publicada por,Editorial Victoria Ocampo
9789871198122,es un codigo ISBN para el libro,Autobiografia III
9789871198122,es un codigo ISBN de una edicion publicada por,Editorial Victoria Ocampo
