subject,relation,object
Giovanni Orelli,es de nacionalidad,Switzerland
8806122444,es un codigo ISBN para el libro,Il sogno di Walacek
8806122444,es un codigo ISBN de una edicion publicada por,Einaudi
8806122444,está escrito en,Italiano
Giovanni Orelli,es autor de la obra,Il sogno di Walacek
8877131527,es un codigo ISBN para el libro,L' anno della valanga
8877131527,es un codigo ISBN de una edicion publicada por,Edizioni casagrande
8877131527,está escrito en,Italiano
Giovanni Orelli,es autor de la obra,L' anno della valanga
8877132949,es un codigo ISBN para el libro,Di una sirena in Parlamento
8877132949,es un codigo ISBN de una edicion publicada por,Edizioni Casagrande
8877132949,está escrito en,Italiano
Giovanni Orelli,es autor de la obra,Di una sirena in Parlamento
8879891731,es un codigo ISBN para el libro,Il treno delle italiane
8879891731,es un codigo ISBN de una edicion publicada por,Donzelli
8879891731,está escrito en,Italiano
Giovanni Orelli,es autor de la obra,Il treno delle italiane
8871682521,es un codigo ISBN para el libro,L' albero di Lutero
8871682521,es un codigo ISBN de una edicion publicada por,Marcos y Marcos
8871682521,está escrito en,Italiano
Giovanni Orelli,es autor de la obra,L' albero di Lutero
887168138X,es un codigo ISBN para el libro,Né timo né maggiorana
887168138X,es un codigo ISBN de una edicion publicada por,Marcos y Marcos
887168138X,está escrito en,Italiano
Giovanni Orelli,es autor de la obra,Né timo né maggiorana
8882124398,es un codigo ISBN para el libro,Quartine per Francesco
8882124398,es un codigo ISBN de una edicion publicada por,Interlinea
8882124398,está escrito en,Italiano
Giovanni Orelli,es autor de la obra,Quartine per Francesco
Quartine per Francesco,pertenece al género,Infants
Quartine per Francesco,pertenece al género,Poetry
8844410516,es un codigo ISBN para el libro,Sant'Antoni dai Padü
8844410516,es un codigo ISBN de una edicion publicada por,All'insegna del pesce d'oro
8844410516,está escrito en,Italiano
Giovanni Orelli,es autor de la obra,Sant'Antoni dai Padü
8835078687,es un codigo ISBN para el libro,Svizzera italiana
8835078687,es un codigo ISBN de una edicion publicada por,Editrice La Scuola
8835078687,está escrito en,Italiano
Giovanni Orelli,es autor de la obra,Svizzera italiana
Svizzera italiana,pertenece al género,History and criticism
Svizzera italiana,pertenece al género,Italian literature
8811632048,es un codigo ISBN para el libro,Un eterno imperfetto
8811632048,es un codigo ISBN de una edicion publicada por,Garzanti
8811632048,está escrito en,Italiano
Giovanni Orelli,es autor de la obra,Un eterno imperfetto
385791436X,es un codigo ISBN para el libro,Vom schönen Horizont
385791436X,es un codigo ISBN de una edicion publicada por,Limmat Verlag
385791436X,está escrito en,Alemán
Giovanni Orelli,es autor de la obra,Vom schönen Horizont
8888179003,es un codigo ISBN para el libro,Farciamm da Punt a Punt: facezie dell'Alto Ticino
8888179003,es un codigo ISBN de una edicion publicada por,Messaggi Brevi Ed.
8888179003,está escrito en,Italiano
Giovanni Orelli,es autor de la obra,Farciamm da Punt a Punt: facezie dell'Alto Ticino
Farciamm da Punt a Punt: facezie dell'Alto Ticino,pertenece al género,"Italienische, rum anische, r atoromanische Literatur"
Farciamm da Punt a Punt: facezie dell'Alto Ticino,pertenece al género,SEL Library selection
8888179135,es un codigo ISBN para el libro,Fatto soltanto di voce
8888179135,es un codigo ISBN de una edicion publicada por,Messaggi brevi
8888179135,está escrito en,Italiano
9788888179131,es un codigo ISBN para el libro,Fatto soltanto di voce
9788888179131,es un codigo ISBN de una edicion publicada por,Messaggi brevi
9788888179131,está escrito en,Italiano
Giovanni Orelli,es autor de la obra,Fatto soltanto di voce
Fatto soltanto di voce,pertenece al género,Italian language
Fatto soltanto di voce,pertenece al género,Texts
Fatto soltanto di voce,pertenece al género,Dialects
8877132493,es un codigo ISBN para el libro,Variazioni su basso ostinato
8877132493,es un codigo ISBN de una edicion publicada por,Casagrande
8877132493,está escrito en,Italiano
Giovanni Orelli,es autor de la obra,Variazioni su basso ostinato
Variazioni su basso ostinato,pertenece al género,Italian literature
8877131500,es un codigo ISBN para el libro,Concertino per Rane
8877131500,es un codigo ISBN de una edicion publicada por,Casagrande
8877131500,está escrito en,Italiano
Giovanni Orelli,es autor de la obra,Concertino per Rane
9781564787569,es un codigo ISBN para el libro,Walaschek's dream
9781564787569,es un codigo ISBN de una edicion publicada por,Dalkey Archive Press
9781564787569,está escrito en,Inglés
9781564787224,es un codigo ISBN para el libro,Walaschek's dream
9781564787224,es un codigo ISBN de una edicion publicada por,Dalkey Archive Press
9781564787224,está escrito en,Inglés
Giovanni Orelli,es autor de la obra,Walaschek's dream
Walaschek's dream,pertenece al género,Romance literature
Walaschek's dream,pertenece al género,"Fiction, general"
8879895605,es un codigo ISBN para el libro,Gli Occhiali di Gionata Lerolieff
8879895605,es un codigo ISBN de una edicion publicada por,Donzelli
8879895605,está escrito en,Italiano
Giovanni Orelli,es autor de la obra,Gli Occhiali di Gionata Lerolieff
9781022306714,es un codigo ISBN para el libro,Opera...
9781022306714,es un codigo ISBN de una edicion publicada por,"Creative Media Partners, LLC"
9781022306714,está escrito en,Italiano
9781020591679,es un codigo ISBN para el libro,Opera...
9781020591679,es un codigo ISBN de una edicion publicada por,"Creative Media Partners, LLC"
9781020591679,está escrito en,Italiano
Giovanni Orelli,es autor de la obra,Opera...
9781322658131,es un codigo ISBN para el libro,Walaschek's Dream
9781322658131,es un codigo ISBN de una edicion publicada por,Columbia University Press
9781322658131,está escrito en,Inglés
9781564787576,es un codigo ISBN para el libro,Walaschek's Dream
9781564787576,es un codigo ISBN de una edicion publicada por,Dalkey Archive Press
9781564787576,está escrito en,Inglés
Giovanni Orelli,es autor de la obra,Walaschek's Dream
3729603833,es un codigo ISBN para el libro,Gresso 999 m s/m
3729603833,es un codigo ISBN de una edicion publicada por,Zytglogge
3729603833,está escrito en,Alemán
3729603833,está escrito en,Italiano
Giovanni Orelli,es autor de la obra,Gresso 999 m s/m
Gresso 999 m s/m,pertenece al género,Social conditions
Gresso 999 m s/m,pertenece al género,Pictorial works
Gresso 999 m s/m,pertenece al género,Social change
9783857917318,es un codigo ISBN para el libro,Gipfel - Col - Valle
9783857917318,es un codigo ISBN de una edicion publicada por,Limmat Verlag
3857917318,es un codigo ISBN para el libro,Gipfel - Col - Valle
3857917318,es un codigo ISBN de una edicion publicada por,Limmat Verlag
Giovanni Orelli,es autor de la obra,Gipfel - Col - Valle
Gipfel - Col - Valle,pertenece al género,Fiction
Gipfel - Col - Valle,pertenece al género,Mountains
Gipfel - Col - Valle,pertenece al género,Literary collections
9788887469189,es un codigo ISBN para el libro,San Gottardo
9788887469189,es un codigo ISBN de una edicion publicada por,Gabriele Capelli Editore Sagl
9788887469189,está escrito en,Inglés
Giovanni Orelli,es autor de la obra,San Gottardo
San Gottardo,pertenece al género,Photography
Kurt Blum,es de nacionalidad,Switzerland
3765803340,es un codigo ISBN para el libro,Zofingen
3765803340,es un codigo ISBN de una edicion publicada por,C.J. Bucher
3765803340,está escrito en,Alemán
9783765803345,es un codigo ISBN para el libro,Zofingen
9783765803345,es un codigo ISBN de una edicion publicada por,C.J. Bucher
9783765803345,está escrito en,Alemán
Kurt Blum,es autor de la obra,Zofingen
Zofingen,pertenece al género,Pictorial works
Zofingen,pertenece al género,History
9783858591791,es un codigo ISBN para el libro,"ARAL Auto-Reisebuch Schweiz. Für Reise, Urlaub, Freizeit, Wochenende"
9783858591791,es un codigo ISBN de una edicion publicada por,Ringier & Co
3858591793,es un codigo ISBN para el libro,"ARAL Auto-Reisebuch Schweiz. Für Reise, Urlaub, Freizeit, Wochenende"
3858591793,es un codigo ISBN de una edicion publicada por,Ringier & Co
Kurt Blum,es autor de la obra,"ARAL Auto-Reisebuch Schweiz. Für Reise, Urlaub, Freizeit, Wochenende"
3855023409,es un codigo ISBN para el libro,Zofingen und sein Bezirk
3855023409,es un codigo ISBN de una edicion publicada por,AT-Verl.
3855023409,está escrito en,Alemán
Kurt Blum,es autor de la obra,Zofingen und sein Bezirk
9783110347630,es un codigo ISBN para el libro,Fenestra Prospectiva : Architektonisch Inszenierte Ausblicke
9783110347630,es un codigo ISBN de una edicion publicada por,"de Gruyter GmbH, Walter"
9783110347630,está escrito en,Alemán
9783110380378,es un codigo ISBN para el libro,Fenestra Prospectiva : Architektonisch Inszenierte Ausblicke
9783110380378,es un codigo ISBN de una edicion publicada por,"de Gruyter GmbH, Walter"
9783110380378,está escrito en,Alemán
Kurt Blum,es autor de la obra,Fenestra Prospectiva : Architektonisch Inszenierte Ausblicke
3831312109,es un codigo ISBN para el libro,Wochenend' und Sonnenschein
3831312109,es un codigo ISBN de una edicion publicada por,Wartberg
3831312109,está escrito en,Alemán
Kurt Blum,es autor de la obra,Wochenend' und Sonnenschein
Wochenend' und Sonnenschein,pertenece al género,Social life and customs
Wochenend' und Sonnenschein,pertenece al género,Pictorial works
9783663079538,es un codigo ISBN para el libro,Zerfall der Öffentlichkeit?
9783663079538,es un codigo ISBN de una edicion publicada por,VS Verlag fur Sozialwissenschaften GmbH
9783663079538,está escrito en,Alemán
9783531135557,es un codigo ISBN para el libro,Zerfall der Öffentlichkeit?
9783531135557,es un codigo ISBN de una edicion publicada por,Westdeutscher Verlag
3531135554,es un codigo ISBN para el libro,Zerfall der Öffentlichkeit?
3531135554,es un codigo ISBN de una edicion publicada por,Westdeutscher Verlag
Kurt Blum,es autor de la obra,Zerfall der Öffentlichkeit?
Zerfall der Öffentlichkeit?,pertenece al género,Mass media and publicity
Zerfall der Öffentlichkeit?,pertenece al género,Congresses
9783322971012,es un codigo ISBN para el libro,Integration und Medien
9783322971012,es un codigo ISBN de una edicion publicada por,VS Verlag fur Sozialwissenschaften GmbH
9783322971012,está escrito en,Alemán
3531137921,es un codigo ISBN para el libro,Integration und Medien
3531137921,es un codigo ISBN de una edicion publicada por,Westdeutscher Verlag
3531137921,está escrito en,Alemán
Kurt Blum,es autor de la obra,Integration und Medien
Integration und Medien,pertenece al género,Mass media and social integration
Integration und Medien,pertenece al género,Congresses
Integration und Medien,pertenece al género,Sociology
9783663123859,es un codigo ISBN para el libro,Steuerungs- und Regelungsprobleme in der Informationsgesellschaft
9783663123859,es un codigo ISBN de una edicion publicada por,VS Verlag fur Sozialwissenschaften GmbH
9783663123859,está escrito en,Alemán
3531134868,es un codigo ISBN para el libro,Steuerungs- und Regelungsprobleme in der Informationsgesellschaft
3531134868,es un codigo ISBN de una edicion publicada por,Westdeutscher Verlag
3531134868,está escrito en,Alemán
Kurt Blum,es autor de la obra,Steuerungs- und Regelungsprobleme in der Informationsgesellschaft
Steuerungs- und Regelungsprobleme in der Informationsgesellschaft,pertenece al género,Mass media policy
Steuerungs- und Regelungsprobleme in der Informationsgesellschaft,pertenece al género,Congresses
Steuerungs- und Regelungsprobleme in der Informationsgesellschaft,pertenece al género,Mass media
9783110347647,es un codigo ISBN para el libro,Fenestra Prospectiva : Architektonisch Gerahmte Ausblicke
9783110347647,es un codigo ISBN de una edicion publicada por,"De Gruyter, Inc."
9783110347647,está escrito en,Alemán
Kurt Blum,es autor de la obra,Fenestra Prospectiva : Architektonisch Gerahmte Ausblicke
9783658003487,es un codigo ISBN para el libro,Stratifizierte und Segmentierte Öffentlichkeit
9783658003487,es un codigo ISBN de una edicion publicada por,Springer Vieweg. in Springer Fachmedien Wiesbaden GmbH
9783658003487,está escrito en,Alemán
9783658003470,es un codigo ISBN para el libro,Stratifizierte und Segmentierte Öffentlichkeit
9783658003470,es un codigo ISBN de una edicion publicada por,Springer Fachmedien Wiesbaden GmbH
9783658003470,está escrito en,Alemán
Kurt Blum,es autor de la obra,Stratifizierte und Segmentierte Öffentlichkeit
9783531911267,es un codigo ISBN para el libro,Seismographische Funktion von Öffentlichkeit im Wandel
9783531911267,es un codigo ISBN de una edicion publicada por,VS Verlag fur Sozialwissenschaften GmbH
9783531911267,está escrito en,Alemán
3531159887,es un codigo ISBN para el libro,Seismographische Funktion von Öffentlichkeit im Wandel
3531159887,es un codigo ISBN de una edicion publicada por,VS Verlag für Sozialwissenschaften
9783531159881,es un codigo ISBN para el libro,Seismographische Funktion von Öffentlichkeit im Wandel
9783531159881,es un codigo ISBN de una edicion publicada por,VS Verlag für Sozialwissenschaften
Kurt Blum,es autor de la obra,Seismographische Funktion von Öffentlichkeit im Wandel
Seismographische Funktion von Öffentlichkeit im Wandel,pertenece al género,Mass media
Seismographische Funktion von Öffentlichkeit im Wandel,pertenece al género,Congresses
Seismographische Funktion von Öffentlichkeit im Wandel,pertenece al género,Communication
9783531905112,es un codigo ISBN para el libro,Demokratie in der Mediengesellschaft
9783531905112,es un codigo ISBN de una edicion publicada por,VS Verlag fur Sozialwissenschaften GmbH
9783531905112,está escrito en,Alemán
9783531152998,es un codigo ISBN para el libro,Demokratie in der Mediengesellschaft
9783531152998,es un codigo ISBN de una edicion publicada por,VS Verlag für Sozialwissenschaften
3531152998,es un codigo ISBN para el libro,Demokratie in der Mediengesellschaft
3531152998,es un codigo ISBN de una edicion publicada por,VS Verlag für Sozialwissenschaften
Kurt Blum,es autor de la obra,Demokratie in der Mediengesellschaft
Demokratie in der Mediengesellschaft,pertenece al género,Communication in politics
Demokratie in der Mediengesellschaft,pertenece al género,Mass media
Demokratie in der Mediengesellschaft,pertenece al género,Political aspects
9783322956866,es un codigo ISBN para el libro,Mediengesellschaft
9783322956866,es un codigo ISBN de una edicion publicada por,VS Verlag fur Sozialwissenschaften GmbH
9783322956866,está escrito en,Alemán
3531143727,es un codigo ISBN para el libro,Mediengesellschaft
3531143727,es un codigo ISBN de una edicion publicada por,VS Verlag für Sozialwissenschaften
9783531143729,es un codigo ISBN para el libro,Mediengesellschaft
9783531143729,es un codigo ISBN de una edicion publicada por,VS Verlag für Sozialwissenschaften
Kurt Blum,es autor de la obra,Mediengesellschaft
Mediengesellschaft,pertenece al género,Communication
Mediengesellschaft,pertenece al género,Congresses
Mediengesellschaft,pertenece al género,Mass media
9783658101404,es un codigo ISBN para el libro,Demokratisierung Durch Social Media?
9783658101404,es un codigo ISBN de una edicion publicada por,Springer Vieweg. in Springer Fachmedien Wiesbaden GmbH
9783658101404,está escrito en,Alemán
9783658101398,es un codigo ISBN para el libro,Demokratisierung Durch Social Media?
9783658101398,es un codigo ISBN de una edicion publicada por,Springer Fachmedien Wiesbaden GmbH
9783658101398,está escrito en,Alemán
Kurt Blum,es autor de la obra,Demokratisierung Durch Social Media?
9783531930848,es un codigo ISBN para el libro,Krise der Leuchttürme öffentlicher Kommunikation
9783531930848,es un codigo ISBN de una edicion publicada por,VS Verlag fur Sozialwissenschaften GmbH
9783531930848,está escrito en,Alemán
Kurt Blum,es autor de la obra,Krise der Leuchttürme öffentlicher Kommunikation
9780806994659,es un codigo ISBN para el libro,Giant book of math fun
9780806994659,es un codigo ISBN de una edicion publicada por,Sterling Publishing
9780806994659,está escrito en,Inglés
0806994657,es un codigo ISBN para el libro,Giant book of math fun
0806994657,es un codigo ISBN de una edicion publicada por,Sterling Publishing
0806994657,está escrito en,Inglés
Kurt Blum,es autor de la obra,Giant book of math fun
Giant book of math fun,pertenece al género,Mathematical recreations
Giant book of math fun,pertenece al género,Juvenile literature
Giant book of math fun,pertenece al género,Jeux mathématiques
9780813216010,es un codigo ISBN para el libro,"Letters, 121-150"
9780813216010,es un codigo ISBN de una edicion publicada por,Catholic University of America Press
9780813216010,está escrito en,Inglés
Kurt Blum,es autor de la obra,"Letters, 121-150"
9780806936963,es un codigo ISBN para el libro,Le Grand Livre des Math Amusantes
9780806936963,es un codigo ISBN de una edicion publicada por,Sterling
0806936967,es un codigo ISBN para el libro,Le Grand Livre des Math Amusantes
0806936967,es un codigo ISBN de una edicion publicada por,Sterling
Kurt Blum,es autor de la obra,Le Grand Livre des Math Amusantes
9783857916717,es un codigo ISBN para el libro,Kurt Blum - das fotografische Werk
9783857916717,es un codigo ISBN de una edicion publicada por,Limmat Verlag
3857916710,es un codigo ISBN para el libro,Kurt Blum - das fotografische Werk
3857916710,es un codigo ISBN de una edicion publicada por,Limmat Verlag
Kurt Blum,es autor de la obra,Kurt Blum - das fotografische Werk
Kurt Blum - das fotografische Werk,pertenece al género,Exhibitions
Kurt Blum - das fotografische Werk,pertenece al género,Artistic Photography
0977762203,es un codigo ISBN para el libro,Real-world Ajax
0977762203,es un codigo ISBN de una edicion publicada por,SYS-CON Media
0977762203,está escrito en,Inglés
Kurt Blum,es autor de la obra,Real-world Ajax
Real-world Ajax,pertenece al género,Páginas Web
Real-world Ajax,pertenece al género,Diseño
Walter Vogt,es de nacionalidad,Switzerland
0517065045,es un codigo ISBN para el libro,Machines That Think
0517065045,es un codigo ISBN de una edicion publicada por,Wings Books
0517065045,está escrito en,Inglés
9780517065044,es un codigo ISBN para el libro,Machines That Think
9780517065044,es un codigo ISBN de una edicion publicada por,Wings Books
9780517065044,está escrito en,Inglés
9780805006230,es un codigo ISBN para el libro,Machines That Think
9780805006230,es un codigo ISBN de una edicion publicada por,Henry Holt & Co
9780805006230,está escrito en,Inglés
0805006230,es un codigo ISBN para el libro,Machines That Think
0805006230,es un codigo ISBN de una edicion publicada por,Henry Holt & Co
0805006230,está escrito en,Inglés
0517444577,es un codigo ISBN para el libro,Machines That Think
0517444577,es un codigo ISBN de una edicion publicada por,Random House Value Publishing
0517444577,está escrito en,Inglés
9780517444573,es un codigo ISBN para el libro,Machines That Think
9780517444573,es un codigo ISBN de una edicion publicada por,Random House Value Publishing
9780517444573,está escrito en,Inglés
9780030614989,es un codigo ISBN para el libro,Machines That Think
9780030614989,es un codigo ISBN de una edicion publicada por,Henry Holt & Co
9780030614989,está escrito en,Inglés
0030614988,es un codigo ISBN para el libro,Machines That Think
0030614988,es un codigo ISBN de una edicion publicada por,Henry Holt & Co
0030614988,está escrito en,Inglés
0713916850,es un codigo ISBN para el libro,Machines That Think
0713916850,es un codigo ISBN de una edicion publicada por,Allen Lane
0713916850,está escrito en,Inglés
0140071946,es un codigo ISBN para el libro,Machines That Think
0140071946,es un codigo ISBN de una edicion publicada por,Penguin
0140071946,está escrito en,Inglés
9780030614989,es un codigo ISBN de una edicion publicada por,"Holt, Rinehart, and Winston"
0030614988,es un codigo ISBN de una edicion publicada por,"Holt, Rinehart, and Winston"
Walter Vogt,es autor de la obra,Machines That Think
Machines That Think,pertenece al género,"Science fiction, American"
Machines That Think,pertenece al género,American Science fiction
Machines That Think,pertenece al género,Computers
9780684842967,es un codigo ISBN para el libro,Fifty short science fiction tales
9780684842967,es un codigo ISBN de una edicion publicada por,Touchstone
9780684842967,está escrito en,Inglés
0684842963,es un codigo ISBN para el libro,Fifty short science fiction tales
0684842963,es un codigo ISBN de una edicion publicada por,Touchstone
0684842963,está escrito en,Inglés
0020163908,es un codigo ISBN para el libro,Fifty short science fiction tales
0020163908,es un codigo ISBN de una edicion publicada por,Collier Books
0020163908,está escrito en,Inglés
0020163908,es un codigo ISBN de una edicion publicada por,Collier Macmillan
0020163908,es un codigo ISBN de una edicion publicada por,Collier Macmillan Publishers
Walter Vogt,es autor de la obra,Fifty short science fiction tales
Fifty short science fiction tales,pertenece al género,Science fiction
Fifty short science fiction tales,pertenece al género,"Fiction, science fiction, general"
Fifty short science fiction tales,pertenece al género,"Fiction, short stories (single author)"
0451450272,es un codigo ISBN para el libro,Invasions
0451450272,es un codigo ISBN de una edicion publicada por,Roc
0451450272,está escrito en,Inglés
0451450272,es un codigo ISBN de una edicion publicada por,New American Library
Walter Vogt,es autor de la obra,Invasions
Invasions,pertenece al género,American Science fiction
Invasions,pertenece al género,Space warfare
Invasions,pertenece al género,Science fiction
0395719569,es un codigo ISBN para el libro,Imagine
0395719569,es un codigo ISBN de una edicion publicada por,Houghton Mifflin Company
0395719569,está escrito en,Inglés
9780395719565,es un codigo ISBN para el libro,Imagine
9780395719565,es un codigo ISBN de una edicion publicada por,Houghton Mifflin Company
9780395719565,está escrito en,Inglés
9780395795026,es un codigo ISBN para el libro,Imagine
9780395795026,es un codigo ISBN de una edicion publicada por,Houghton Mifflin Company
9780395795026,está escrito en,Inglés
0395795028,es un codigo ISBN para el libro,Imagine
0395795028,es un codigo ISBN de una edicion publicada por,Houghton Mifflin Company
0395795028,está escrito en,Inglés
0618057889,es un codigo ISBN para el libro,Imagine
0618057889,es un codigo ISBN de una edicion publicada por,Houghton Mifflin Co.
0618057889,está escrito en,Inglés
9780618057887,es un codigo ISBN para el libro,Imagine
9780618057887,es un codigo ISBN de una edicion publicada por,Houghton Mifflin Co.
9780618057887,está escrito en,Inglés
0395914868,es un codigo ISBN para el libro,Imagine
0395914868,es un codigo ISBN de una edicion publicada por,Houghton Mifflin Company
0395914868,está escrito en,Inglés
9780395914861,es un codigo ISBN para el libro,Imagine
9780395914861,es un codigo ISBN de una edicion publicada por,Houghton Mifflin Company
9780395914861,está escrito en,Inglés
0618057889,es un codigo ISBN de una edicion publicada por,Houghton Mifflin Co
9780618057887,es un codigo ISBN de una edicion publicada por,Houghton Mifflin Co
0395719569,es un codigo ISBN de una edicion publicada por,Houghton Mifflin Co.
9780395719565,es un codigo ISBN de una edicion publicada por,Houghton Mifflin Co.
Walter Vogt,es autor de la obra,Imagine
Imagine,pertenece al género,Language arts (Elementary)
Imagine,pertenece al género,Reading (Elementary)
Imagine,pertenece al género,Literature
9783312001637,es un codigo ISBN para el libro,Melancholie
9783312001637,es un codigo ISBN de una edicion publicada por,Nagel & Kimche
9783312001637,está escrito en,Alemán
3312001633,es un codigo ISBN para el libro,Melancholie
3312001633,es un codigo ISBN de una edicion publicada por,Nagel & Kimche
3312001633,está escrito en,Alemán
3257206232,es un codigo ISBN para el libro,Melancholie
3257206232,es un codigo ISBN de una edicion publicada por,Diogenes Verlag
3257206232,está escrito en,Alemán
Walter Vogt,es autor de la obra,Melancholie
354536321X,es un codigo ISBN para el libro,Vergessen und erinnern
354536321X,es un codigo ISBN de una edicion publicada por,Benziger
354536321X,está escrito en,Alemán
3312001692,es un codigo ISBN para el libro,Vergessen und erinnern
3312001692,es un codigo ISBN de una edicion publicada por,Nagel & Kimche
3312001692,está escrito en,Alemán
3596252512,es un codigo ISBN para el libro,Vergessen und erinnern
3596252512,es un codigo ISBN de una edicion publicada por,Fischer Taschenbuch
3596252512,está escrito en,Alemán
Walter Vogt,es autor de la obra,Vergessen und erinnern
3716016268,es un codigo ISBN para el libro,Der Vogel auf dem Tisch
3716016268,es un codigo ISBN de una edicion publicada por,Die Arche
3716016268,está escrito en,Alemán
Walter Vogt,es autor de la obra,Der Vogel auf dem Tisch
0517336359,es un codigo ISBN para el libro,Isaac Asimov's Science Fiction Treasury (The Future in Question / Space Mail)
0517336359,es un codigo ISBN de una edicion publicada por,Bonanza Books
0517336359,está escrito en,Inglés
0517336359,es un codigo ISBN de una edicion publicada por,Gramercy Books
9780517336359,es un codigo ISBN para el libro,Isaac Asimov's Science Fiction Treasury (The Future in Question / Space Mail)
9780517336359,es un codigo ISBN de una edicion publicada por,Gramercy Books
9780517336359,está escrito en,Inglés
Walter Vogt,es autor de la obra,Isaac Asimov's Science Fiction Treasury (The Future in Question / Space Mail)
Isaac Asimov's Science Fiction Treasury (The Future in Question / Space Mail),pertenece al género,American Science fiction
3312001706,es un codigo ISBN para el libro,Altern
3312001706,es un codigo ISBN de una edicion publicada por,Nagel & Kimche
9783312001705,es un codigo ISBN para el libro,Altern
9783312001705,es un codigo ISBN de una edicion publicada por,Nagel & Kimche
3545363082,es un codigo ISBN para el libro,Altern
3545363082,es un codigo ISBN de una edicion publicada por,Benziger
3545363082,está escrito en,Alemán
Walter Vogt,es autor de la obra,Altern
3312001714,es un codigo ISBN para el libro,Das Fort am Meer
3312001714,es un codigo ISBN de una edicion publicada por,Nagel & Kimche
3312001714,está escrito en,Alemán
9783312001712,es un codigo ISBN para el libro,Das Fort am Meer
9783312001712,es un codigo ISBN de una edicion publicada por,Nagel & Kimche
Walter Vogt,es autor de la obra,Das Fort am Meer
3312001684,es un codigo ISBN para el libro,Die roten Tiere von Tsavo
3312001684,es un codigo ISBN de una edicion publicada por,Nagel & Kimche
3312001684,está escrito en,Alemán
3716015806,es un codigo ISBN para el libro,Die roten Tiere von Tsavo
3716015806,es un codigo ISBN de una edicion publicada por,Arche
3716015806,está escrito en,Alemán
Walter Vogt,es autor de la obra,Die roten Tiere von Tsavo
3257206216,es un codigo ISBN para el libro,Husten
3257206216,es un codigo ISBN de una edicion publicada por,Diogenes
3257206216,está escrito en,Alemán
Walter Vogt,es autor de la obra,Husten
3379006866,es un codigo ISBN para el libro,Maskenzwang
3379006866,es un codigo ISBN de una edicion publicada por,Reclam-Verlag
3379006866,está escrito en,Alemán
3545364100,es un codigo ISBN para el libro,Maskenzwang
3545364100,es un codigo ISBN de una edicion publicada por,Benziger
3545364100,está escrito en,Alemán
Walter Vogt,es autor de la obra,Maskenzwang
9783312001699,es un codigo ISBN para el libro,Vergessen und Erinnern
9783312001699,es un codigo ISBN de una edicion publicada por,Nagel & Kimche
3312001692,es un codigo ISBN para el libro,Vergessen und Erinnern
354536321X,es un codigo ISBN para el libro,Vergessen und Erinnern
Walter Vogt,es autor de la obra,Vergessen und Erinnern
3716014222,es un codigo ISBN para el libro,Mein Sinai-Trip
3716014222,es un codigo ISBN de una edicion publicada por,Verlag der Arche
3716014222,está escrito en,Alemán
Walter Vogt,es autor de la obra,Mein Sinai-Trip
Mein Sinai-Trip,pertenece al género,German Sermons
3257206224,es un codigo ISBN para el libro,Wüthrich
3257206224,es un codigo ISBN de una edicion publicada por,Diogenes
3257206224,está escrito en,Alemán
Walter Vogt,es autor de la obra,Wüthrich
3312001625,es un codigo ISBN para el libro,Wüthrich
3312001625,es un codigo ISBN de una edicion publicada por,Nagel & Kimche
3312001625,está escrito en,Alemán
3764366389,es un codigo ISBN para el libro,Nachkriegsmoderne Schweiz
3764366389,es un codigo ISBN de una edicion publicada por,Birkh auser Verlag AG
3764366389,está escrito en,mul
9783764366384,es un codigo ISBN para el libro,Nachkriegsmoderne Schweiz
9783764366384,es un codigo ISBN de una edicion publicada por,Birkhäuser Basel
9783764366384,está escrito en,Alemán
9783764366384,está escrito en,Inglés
3764366389,es un codigo ISBN de una edicion publicada por,Birkhäuser Basel
3764366389,está escrito en,Alemán
3764366389,está escrito en,Inglés
3764366389,es un codigo ISBN de una edicion publicada por,Birkhäuser
3764366389,es un codigo ISBN de una edicion publicada por,Birkhauser Verlag
3764366389,es un codigo ISBN de una edicion publicada por,Birkhäuser
Walter Vogt,es autor de la obra,Nachkriegsmoderne Schweiz
Nachkriegsmoderne Schweiz,pertenece al género,Modern Architecure
Nachkriegsmoderne Schweiz,pertenece al género,Architects
Nachkriegsmoderne Schweiz,pertenece al género,Architecture
3545364518,es un codigo ISBN para el libro,"Der Garten der Frau des Mannes, der Noah hiess"
3545364518,es un codigo ISBN de una edicion publicada por,Benziger
3545364518,está escrito en,Alemán
Walter Vogt,es autor de la obra,"Der Garten der Frau des Mannes, der Noah hiess"
Hansjo?rg Schneider,es de nacionalidad,Switzerland
Mario Mantese,es de nacionalidad,Switzerland
9782880583552,es un codigo ISBN para el libro,Au pays du silence
9782880583552,es un codigo ISBN de una edicion publicada por,Vivez Soleil
9782880583552,está escrito en,Francés
2880583551,es un codigo ISBN para el libro,Au pays du silence
2880583551,es un codigo ISBN de una edicion publicada por,Vivez Soleil
2880583551,está escrito en,Francés
Mario Mantese,es autor de la obra,Au pays du silence
2322008869,es un codigo ISBN para el libro,J'ai vécu ma mort
2322008869,es un codigo ISBN de una edicion publicada por,BoD Books on demand
2322008869,está escrito en,Francés
9782322008865,es un codigo ISBN para el libro,J'ai vécu ma mort
9782322008865,es un codigo ISBN de una edicion publicada por,BoD Books on demand
9782322008865,está escrito en,Francés
Mario Mantese,es autor de la obra,J'ai vécu ma mort
3769905474,es un codigo ISBN para el libro,Die Welt bist Du. Perlen der Liebe
3769905474,es un codigo ISBN de una edicion publicada por,Drei Eichen Verlag
9783769905472,es un codigo ISBN para el libro,Die Welt bist Du. Perlen der Liebe
9783769905472,es un codigo ISBN de una edicion publicada por,Drei Eichen Verlag
Mario Mantese,es autor de la obra,Die Welt bist Du. Perlen der Liebe
9783769905854,es un codigo ISBN para el libro,Im Land der Stille. Meine Lehrzeit bei den Meistern im Himalaja
9783769905854,es un codigo ISBN de una edicion publicada por,Drei Eichen Verlag
3769905857,es un codigo ISBN para el libro,Im Land der Stille. Meine Lehrzeit bei den Meistern im Himalaja
3769905857,es un codigo ISBN de una edicion publicada por,Drei Eichen Verlag
Mario Mantese,es autor de la obra,Im Land der Stille. Meine Lehrzeit bei den Meistern im Himalaja
9783769905953,es un codigo ISBN para el libro,Licht einer großen Seele. Begegnungen mit einem Meister aus dem 'Land der Stille'
9783769905953,es un codigo ISBN de una edicion publicada por,Drei Eichen Verlag
3769905954,es un codigo ISBN para el libro,Licht einer großen Seele. Begegnungen mit einem Meister aus dem 'Land der Stille'
3769905954,es un codigo ISBN de una edicion publicada por,Drei Eichen Verlag
Mario Mantese,es autor de la obra,Licht einer großen Seele. Begegnungen mit einem Meister aus dem 'Land der Stille'
3855180148,es un codigo ISBN para el libro,Vision des Todes
3855180148,es un codigo ISBN de una edicion publicada por,D. Andres
3855180148,está escrito en,Alemán
Mario Mantese,es autor de la obra,Vision des Todes
3769905334,es un codigo ISBN para el libro,Vision des Todes. Bericht einer Seele aus dem Zwischenreich
3769905334,es un codigo ISBN de una edicion publicada por,Drei Eichen Verlag
3769905334,está escrito en,Alemán
9783769905335,es un codigo ISBN para el libro,Vision des Todes. Bericht einer Seele aus dem Zwischenreich
9783769905335,es un codigo ISBN de una edicion publicada por,Drei Eichen Verlag
9783769905335,está escrito en,Alemán
Mario Mantese,es autor de la obra,Vision des Todes. Bericht einer Seele aus dem Zwischenreich
9783752848120,es un codigo ISBN para el libro,En el Corazón Del Mundo
9783752848120,es un codigo ISBN de una edicion publicada por,Books on Demand GmbH
9783752848120,está escrito en,Alemán
Mario Mantese,es autor de la obra,En el Corazón Del Mundo
9783741234323,es un codigo ISBN para el libro,Art of Not Being
9783741234323,es un codigo ISBN de una edicion publicada por,Books on Demand GmbH
9783741234323,está escrito en,Inglés
Mario Mantese,es autor de la obra,Art of Not Being
9783735707161,es un codigo ISBN para el libro,En el Pais Del Silencio
9783735707161,es un codigo ISBN de una edicion publicada por,Books on Demand GmbH
9783735707161,está escrito en,Español
Mario Mantese,es autor de la obra,En el Pais Del Silencio
9783743104549,es un codigo ISBN para el libro,You Are the World
9783743104549,es un codigo ISBN de una edicion publicada por,Books on Demand GmbH
9783743104549,está escrito en,Inglés
Mario Mantese,es autor de la obra,You Are the World
9783752878677,es un codigo ISBN para el libro,Taoist
9783752878677,es un codigo ISBN de una edicion publicada por,Books on Demand GmbH
9783752878677,está escrito en,Inglés
Mario Mantese,es autor de la obra,Taoist
9783738672671,es un codigo ISBN para el libro,In the Heart of the World
9783738672671,es un codigo ISBN de una edicion publicada por,Books on Demand GmbH
9783738672671,está escrito en,Inglés
Mario Mantese,es autor de la obra,In the Heart of the World
9783743183131,es un codigo ISBN para el libro,In Touch with a Universal Master
9783743183131,es un codigo ISBN de una edicion publicada por,Books on Demand GmbH
9783743183131,está escrito en,Inglés
Mario Mantese,es autor de la obra,In Touch with a Universal Master
3755797747,es un codigo ISBN para el libro,Journey through Eternity
3755797747,es un codigo ISBN de una edicion publicada por,Books on Demand
9783755797746,es un codigo ISBN para el libro,Journey through Eternity
9783755797746,es un codigo ISBN de una edicion publicada por,Books on Demand
Mario Mantese,es autor de la obra,Journey through Eternity
9786055006112,es un codigo ISBN para el libro,Gercekte Sen Nesin?
9786055006112,es un codigo ISBN de una edicion publicada por,Ganj Yayinlari
6055006111,es un codigo ISBN para el libro,Gercekte Sen Nesin?
6055006111,es un codigo ISBN de una edicion publicada por,Ganj Yayinlari
Mario Mantese,es autor de la obra,Gercekte Sen Nesin?
6055006316,es un codigo ISBN para el libro,Sessizligin Ülkesinde
6055006316,es un codigo ISBN de una edicion publicada por,Ganj Yayinlari
9786055006310,es un codigo ISBN para el libro,Sessizligin Ülkesinde
9786055006310,es un codigo ISBN de una edicion publicada por,Ganj Yayinlari
Mario Mantese,es autor de la obra,Sessizligin Ülkesinde
9783738680591,es un codigo ISBN para el libro,Blessings
9783738680591,es un codigo ISBN de una edicion publicada por,Books on Demand GmbH
9783738680591,está escrito en,Inglés
Mario Mantese,es autor de la obra,Blessings
9783732201938,es un codigo ISBN para el libro,What You Really Are
9783732201938,es un codigo ISBN de una edicion publicada por,Books on Demand GmbH
9783732201938,está escrito en,Inglés
Mario Mantese,es autor de la obra,What You Really Are
9783842391666,es un codigo ISBN para el libro,In the Land of Silence
9783842391666,es un codigo ISBN de una edicion publicada por,Books on Demand GmbH
9783842391666,está escrito en,Inglés
Mario Mantese,es autor de la obra,In the Land of Silence
Urs Bitterli,es de nacionalidad,Switzerland
0745611575,es un codigo ISBN para el libro,Cultures in conflict
0745611575,es un codigo ISBN de una edicion publicada por,Polity P.
0745611575,está escrito en,Inglés
0745605303,es un codigo ISBN para el libro,Cultures in conflict
0745605303,es un codigo ISBN de una edicion publicada por,Polity Press
0745605303,está escrito en,Inglés
0804717370,es un codigo ISBN para el libro,Cultures in conflict
0804717370,es un codigo ISBN de una edicion publicada por,Stanford University Press
0804717370,está escrito en,Inglés
0804721769,es un codigo ISBN para el libro,Cultures in conflict
0804721769,es un codigo ISBN de una edicion publicada por,Stanford University Press
0804721769,está escrito en,Inglés
9780804721769,es un codigo ISBN para el libro,Cultures in conflict
9780804721769,es un codigo ISBN de una edicion publicada por,Stanford University Press
9780804721769,está escrito en,Inglés
Urs Bitterli,es autor de la obra,Cultures in conflict
Cultures in conflict,pertenece al género,Civilization
Cultures in conflict,pertenece al género,Colonies
Cultures in conflict,pertenece al género,Culture conflict
3406312713,es un codigo ISBN para el libro,"Alte Welt, neue Welt"
3406312713,es un codigo ISBN de una edicion publicada por,C.H. Beck
3406312713,está escrito en,Alemán
Urs Bitterli,es autor de la obra,"Alte Welt, neue Welt"
"Alte Welt, neue Welt",pertenece al género,Civilization
"Alte Welt, neue Welt",pertenece al género,Foreign influences
"Alte Welt, neue Welt",pertenece al género,History
3423043962,es un codigo ISBN para el libro,"Die ""Wilden"" und die ""Zivilisierten"""
3423043962,es un codigo ISBN de una edicion publicada por,Deutscher Taschenbuch-Verlag
3423043962,está escrito en,Alemán
3406061362,es un codigo ISBN para el libro,"Die ""Wilden"" und die ""Zivilisierten"""
3406061362,es un codigo ISBN de una edicion publicada por,Beck
3406061362,está escrito en,Alemán
9783406355837,es un codigo ISBN para el libro,"Die ""Wilden"" und die ""Zivilisierten"""
9783406355837,es un codigo ISBN de una edicion publicada por,C.H.Beck
9783406355837,está escrito en,Alemán
3406355838,es un codigo ISBN para el libro,"Die ""Wilden"" und die ""Zivilisierten"""
3406355838,es un codigo ISBN de una edicion publicada por,C.H.Beck
3406355838,está escrito en,Alemán
Urs Bitterli,es autor de la obra,"Die ""Wilden"" und die ""Zivilisierten"""
"Die ""Wilden"" und die ""Zivilisierten""",pertenece al género,Discovery and exploration
"Die ""Wilden"" und die ""Zivilisierten""",pertenece al género,Intellectual life
9783406421228,es un codigo ISBN para el libro,Die Entdeckung Amerikas
9783406421228,es un codigo ISBN de una edicion publicada por,C.H.Beck
9783406421228,está escrito en,Alemán
3406421229,es un codigo ISBN para el libro,Die Entdeckung Amerikas
3406421229,es un codigo ISBN de una edicion publicada por,C.H.Beck
3406421229,está escrito en,Alemán
340635467X,es un codigo ISBN para el libro,Die Entdeckung Amerikas
340635467X,es un codigo ISBN de una edicion publicada por,C.H. Beck
340635467X,está escrito en,Alemán
Urs Bitterli,es autor de la obra,Die Entdeckung Amerikas
Die Entdeckung Amerikas,pertenece al género,Discovery and exploration
3463404605,es un codigo ISBN para el libro,"Golo Mann, Instanz und Aussenseiter"
3463404605,es un codigo ISBN de una edicion publicada por,Kindler
3463404605,está escrito en,Alemán
Urs Bitterli,es autor de la obra,"Golo Mann, Instanz und Aussenseiter"
"Golo Mann, Instanz und Aussenseiter",pertenece al género,Biography
"Golo Mann, Instanz und Aussenseiter",pertenece al género,Historians
"Golo Mann, Instanz und Aussenseiter",pertenece al género,History
3463404605,es un codigo ISBN para el libro,Golo Mann - Instanz und Aussenseiter: eine Biographie
3463404605,es un codigo ISBN de una edicion publicada por,Kindler Verlag GmbH
Urs Bitterli,es autor de la obra,Golo Mann - Instanz und Aussenseiter: eine Biographie
Golo Mann - Instanz und Aussenseiter: eine Biographie,pertenece al género,Geschichte
Golo Mann - Instanz und Aussenseiter: eine Biographie,pertenece al género,OUR Brockhaus selection
Golo Mann - Instanz und Aussenseiter: eine Biographie,pertenece al género,Historians
3423043962,es un codigo ISBN de una edicion publicada por,dtv
9681610083,es un codigo ISBN para el libro,"Die ""Wilden"" und die ""Zivilisierten"""
9681610083,es un codigo ISBN de una edicion publicada por,Fondo de Cultura Económica
9681610083,está escrito en,Español
3499240785,es un codigo ISBN para el libro,Golo Mann
3499240785,es un codigo ISBN de una edicion publicada por,Rowohlt Taschenbuch Verla
9783499240782,es un codigo ISBN para el libro,Golo Mann
9783499240782,es un codigo ISBN de una edicion publicada por,Rowohlt Taschenbuch Verla
Urs Bitterli,es autor de la obra,Golo Mann
9783038234777,es un codigo ISBN para el libro,Jean Rudolf von Salis
9783038234777,es un codigo ISBN de una edicion publicada por,Verlag Neue Zürcher Zeitung
9783038234777,está escrito en,Alemán
Urs Bitterli,es autor de la obra,Jean Rudolf von Salis
Jean Rudolf von Salis,pertenece al género,Historians
Jean Rudolf von Salis,pertenece al género,Biography
Jean Rudolf von Salis,pertenece al género,Intellectuals
Cultures in conflict,pertenece al género,Foreign influences
3545361837,es un codigo ISBN para el libro,"Conrad, Malraux, Greene, Weiss"
3545361837,es un codigo ISBN de una edicion publicada por,Benziger
3545361837,está escrito en,Alemán
Urs Bitterli,es autor de la obra,"Conrad, Malraux, Greene, Weiss"
"Conrad, Malraux, Greene, Weiss",pertenece al género,Colonies in literature
"Conrad, Malraux, Greene, Weiss",pertenece al género,History and criticism
"Conrad, Malraux, Greene, Weiss",pertenece al género,Modern Literature
968,es un codigo ISBN para el libro,"Los "" salvajes y los ""civilizados"" : el encuentro de Europa y Ultramar"
968,es un codigo ISBN de una edicion publicada por,Fondo de cultura económica
968,está escrito en,Español
Urs Bitterli,es autor de la obra,"Los "" salvajes y los ""civilizados"" : el encuentro de Europa y Ultramar"
"Los "" salvajes y los ""civilizados"" : el encuentro de Europa y Ultramar",pertenece al género,Discovery and exploration
"Los "" salvajes y los ""civilizados"" : el encuentro de Europa y Ultramar",pertenece al género,Intellectual life
3406078818,es un codigo ISBN para el libro,Die Entdeckung und Eroberung der Welt: Dokumente u. Berichte (Beckʹsche Sonderausgaben) (German Edition)
3406078818,es un codigo ISBN de una edicion publicada por,Beck
3406078818,está escrito en,Alemán
Urs Bitterli,es autor de la obra,Die Entdeckung und Eroberung der Welt: Dokumente u. Berichte (Beckʹsche Sonderausgaben) (German Edition)
Die Entdeckung und Eroberung der Welt: Dokumente u. Berichte (Beckʹsche Sonderausgaben) (German Edition),pertenece al género,Discoveries in geography
3499178516,es un codigo ISBN para el libro,Wir und die Wilden
3499178516,es un codigo ISBN de una edicion publicada por,Rowohlt
3499178516,está escrito en,Alemán
Urs Bitterli,es autor de la obra,Wir und die Wilden
Wir und die Wilden,pertenece al género,Noble savage in literature
Wir und die Wilden,pertenece al género,Primitivism in literature
Wir und die Wilden,pertenece al género,Noble savage
3858238503,es un codigo ISBN para el libro,Das Eigene und das Fremde
3858238503,es un codigo ISBN de una edicion publicada por,NZZ
3858238503,está escrito en,Alemán
Urs Bitterli,es autor de la obra,Das Eigene und das Fremde
Das Eigene und das Fremde,pertenece al género,Civilization
Das Eigene und das Fremde,pertenece al género,Relations
Das Eigene und das Fremde,pertenece al género,Foreign influences
3906554015,es un codigo ISBN para el libro,Vom Kaffee in Frühen Reiseberichten
3906554015,es un codigo ISBN de una edicion publicada por,Jacobs Suchard Museum
3906554015,está escrito en,Alemán
Urs Bitterli,es autor de la obra,Vom Kaffee in Frühen Reiseberichten
Vom Kaffee in Frühen Reiseberichten,pertenece al género,Coffee in literature
Vom Kaffee in Frühen Reiseberichten,pertenece al género,Coffee
Vom Kaffee in Frühen Reiseberichten,pertenece al género,History
9783486827729,es un codigo ISBN para el libro,Die Kenntnis Beider Indien Im Frühneuzeitlichen Europa
9783486827729,es un codigo ISBN de una edicion publicada por,"de Gruyter GmbH, Walter"
9783486827729,está escrito en,Alemán
Urs Bitterli,es autor de la obra,Die Kenntnis Beider Indien Im Frühneuzeitlichen Europa
Electroboy,es de nacionalidad,Switzerland
Roger Schawinski,es de nacionalidad,Switzerland
9783036956930,es un codigo ISBN para el libro,Wer bin ich?
9783036956930,es un codigo ISBN de una edicion publicada por,Kein & Aber
9783036956930,está escrito en,Alemán
9783036992709,es un codigo ISBN para el libro,Wer bin ich?
9783036992709,es un codigo ISBN de una edicion publicada por,Kein & Aber
9783036992709,está escrito en,Alemán
Roger Schawinski,es autor de la obra,Wer bin ich?
Wer bin ich?,pertenece al género,Journalists
Wer bin ich?,pertenece al género,Biography
Wer bin ich?,pertenece al género,Radio personalities
9783864154218,es un codigo ISBN para el libro,Lust Auf Mehr Leben
9783864154218,es un codigo ISBN de una edicion publicada por,Muenchner Verlagsgruppe GmbH
9783864154218,está escrito en,gem
Roger Schawinski,es autor de la obra,Lust Auf Mehr Leben
3258013608,es un codigo ISBN para el libro,Die sozio-ökonomischen Faktoren des Fremdenverkehrs in Entwicklungsländern
3258013608,es un codigo ISBN de una edicion publicada por,Paul Haupt
3258013608,está escrito en,Inglés
3258013608,está escrito en,Español
Roger Schawinski,es autor de la obra,Die sozio-ökonomischen Faktoren des Fremdenverkehrs in Entwicklungsländern
Die sozio-ökonomischen Faktoren des Fremdenverkehrs in Entwicklungsländern,pertenece al género,Tourism
3716500437,es un codigo ISBN para el libro,Kassensturz
3716500437,es un codigo ISBN de una edicion publicada por,Benteli
3716500437,está escrito en,Alemán
Roger Schawinski,es autor de la obra,Kassensturz
Kassensturz,pertenece al género,Consumer education
3478733804,es un codigo ISBN para el libro,Lebenslust bis 100. Das Ego- Projekt
3478733804,es un codigo ISBN de una edicion publicada por,Moderne Verlagsges. Mvg
3478733804,está escrito en,Alemán
9783478733809,es un codigo ISBN para el libro,Lebenslust bis 100. Das Ego- Projekt
9783478733809,es un codigo ISBN de una edicion publicada por,Moderne Verlagsges. Mvg
9783478733809,está escrito en,Alemán
Roger Schawinski,es autor de la obra,Lebenslust bis 100. Das Ego- Projekt
3280050324,es un codigo ISBN para el libro,TV- Monopoly. Die Inside- Story
3280050324,es un codigo ISBN de una edicion publicada por,Orell Füssli
9783280050323,es un codigo ISBN para el libro,TV- Monopoly. Die Inside- Story
9783280050323,es un codigo ISBN de una edicion publicada por,Orell Füssli
Roger Schawinski,es autor de la obra,TV- Monopoly. Die Inside- Story
TV- Monopoly. Die Inside- Story,pertenece al género,Television broadcasting
TV- Monopoly. Die Inside- Story,pertenece al género,Monopolies
TV- Monopoly. Die Inside- Story,pertenece al género,Privates Fernsehen
9783280050606,es un codigo ISBN para el libro,Wer wird Milliardär? Der Börsenhype und seine Macher
9783280050606,es un codigo ISBN de una edicion publicada por,Orell Füssli
328005060X,es un codigo ISBN para el libro,Wer wird Milliardär? Der Börsenhype und seine Macher
328005060X,es un codigo ISBN de una edicion publicada por,Orell Füssli
Roger Schawinski,es autor de la obra,Wer wird Milliardär? Der Börsenhype und seine Macher
9783036955056,es un codigo ISBN para el libro,Die TV-Falle
9783036955056,es un codigo ISBN de una edicion publicada por,Kein & Aber
9783036955056,es un codigo ISBN de una edicion publicada por,Kein + Aber
3036955054,es un codigo ISBN para el libro,Die TV-Falle
3036955054,es un codigo ISBN de una edicion publicada por,Kein & Aber
3036955054,es un codigo ISBN de una edicion publicada por,Kein + Aber
Roger Schawinski,es autor de la obra,Die TV-Falle
Die TV-Falle,pertenece al género,Fernsehwirtschaft
Die TV-Falle,pertenece al género,Fernsehen
Die TV-Falle,pertenece al género,"SAT Eins, Satelliten-Fernsehen"
Jonas Fränkel,es de nacionalidad,Switzerland
Fulvio Caccia,es de nacionalidad,Switzerland
2891350332,es un codigo ISBN para el libro,Aknos ;
2891350332,es un codigo ISBN de una edicion publicada por,Guernica
2891350332,está escrito en,Francés
9782891350334,es un codigo ISBN para el libro,Aknos ;
9782891350334,es un codigo ISBN de una edicion publicada por,Guernica
9782891350334,está escrito en,Francés
1550710486,es un codigo ISBN para el libro,Aknos ;
1550710486,es un codigo ISBN de una edicion publicada por,Guernica
1550710486,está escrito en,Inglés
Fulvio Caccia,es autor de la obra,Aknos ;
Aknos ;,pertenece al género,Poetry (poetic works by one author)
2869592582,es un codigo ISBN para el libro,Cybersexe
2869592582,es un codigo ISBN de una edicion publicada por,Arléa
2869592582,es un codigo ISBN de una edicion publicada por,Diffusion Seuil
2869592582,está escrito en,Francés
2890527328,es un codigo ISBN para el libro,Cybersexe
2890527328,es un codigo ISBN de una edicion publicada por,Boréal
2890527328,está escrito en,Francés
Fulvio Caccia,es autor de la obra,Cybersexe
Cybersexe,pertenece al género,Computer network resources
Cybersexe,pertenece al género,Sexualité
Cybersexe,pertenece al género,Computer sex
2891350057,es un codigo ISBN para el libro,Irpinia
2891350057,es un codigo ISBN de una edicion publicada por,Éditions Guernica
2891350057,está escrito en,Francés
Fulvio Caccia,es autor de la obra,Irpinia
9782890315723,es un codigo ISBN para el libro,Le secret
9782890315723,es un codigo ISBN de una edicion publicada por,Triptyque
9782890315723,está escrito en,Francés
289031572X,es un codigo ISBN para el libro,Le secret
289031572X,es un codigo ISBN de una edicion publicada por,Triptyque
289031572X,está escrito en,Francés
Fulvio Caccia,es autor de la obra,Le secret
2890315347,es un codigo ISBN para el libro,Coïncidence(La)
2890315347,es un codigo ISBN de una edicion publicada por,Triptyque
2890315347,está escrito en,Francés
Fulvio Caccia,es autor de la obra,Coïncidence(La)
2890315096,es un codigo ISBN para el libro,Ligne gothique (La)
2890315096,es un codigo ISBN de una edicion publicada por,Triptyque
2890315096,está escrito en,Francés
Fulvio Caccia,es autor de la obra,Ligne gothique (La)
9782890315723,es un codigo ISBN para el libro,Secret
Fulvio Caccia,es autor de la obra,Secret
9782890316843,es un codigo ISBN para el libro,La transculture et Vice versa
9782890316843,es un codigo ISBN de una edicion publicada por,Triptyque
9782890316843,está escrito en,Francés
Fulvio Caccia,es autor de la obra,La transculture et Vice versa
La transculture et Vice versa,pertenece al género,Intellectual life
La transculture et Vice versa,pertenece al género,Cross-cultural studies
La transculture et Vice versa,pertenece al género,"Vice versa (Montréal, Quebec)"
2891350103,es un codigo ISBN para el libro,Sous le signe du phénix
2891350103,es un codigo ISBN de una edicion publicada por,Guernica
2891350103,está escrito en,Francés
Fulvio Caccia,es autor de la obra,Sous le signe du phénix
Sous le signe du phénix,pertenece al género,Interviews
Sous le signe du phénix,pertenece al género,Italians
Sous le signe du phénix,pertenece al género,Artists
1550710648,es un codigo ISBN para el libro,Interviews with the phoenix
1550710648,es un codigo ISBN de una edicion publicada por,Guernica
1550710648,está escrito en,Inglés
Fulvio Caccia,es autor de la obra,Interviews with the phoenix
Interviews with the phoenix,pertenece al género,Interviews
Interviews with the phoenix,pertenece al género,Italians
Interviews with the phoenix,pertenece al género,Artists
9781550710489,es un codigo ISBN para el libro,Aknos and Other Poems (Essential Poets 76)
9781550710489,es un codigo ISBN de una edicion publicada por,Guernica Editions Inc.
9781550710489,está escrito en,Inglés
1550710486,es un codigo ISBN para el libro,Aknos and Other Poems (Essential Poets 76)
1550710486,es un codigo ISBN de una edicion publicada por,Guernica Editions Inc.
Fulvio Caccia,es autor de la obra,Aknos and Other Poems (Essential Poets 76)
1550711105,es un codigo ISBN para el libro,Fulvio Caccia
1550711105,es un codigo ISBN de una edicion publicada por,Guernica Editions Inc.
1550711105,está escrito en,Inglés
9781550711103,es un codigo ISBN para el libro,Fulvio Caccia
9781550711103,es un codigo ISBN de una edicion publicada por,Guernica Editions Inc.
9781550711103,está escrito en,Inglés
Fulvio Caccia,es autor de la obra,Fulvio Caccia
Fulvio Caccia,pertenece al género,Translations into English
Fulvio Caccia,pertenece al género,Poetry (poetic works by one author)
2921425424,es un codigo ISBN para el libro,Golden eighties
2921425424,es un codigo ISBN de una edicion publicada por,Editions Balzac
2921425424,está escrito en,Francés
Fulvio Caccia,es autor de la obra,Golden eighties
2890185257,es un codigo ISBN para el libro,La chasse spirituelle
2890185257,es un codigo ISBN de una edicion publicada por,Éditions du Noroît
2890185257,está escrito en,Francés
Fulvio Caccia,es autor de la obra,La chasse spirituelle
2890315347,es un codigo ISBN para el libro,La coïncidence
Fulvio Caccia,es autor de la obra,La coïncidence
289031622X,es un codigo ISBN para el libro,La frontière tatouée
289031622X,es un codigo ISBN de una edicion publicada por,Triptyque
289031622X,está escrito en,Francés
9782890316225,es un codigo ISBN para el libro,La frontière tatouée
9782890316225,es un codigo ISBN de una edicion publicada por,Triptyque
9782890316225,está escrito en,Francés
Fulvio Caccia,es autor de la obra,La frontière tatouée
2890315096,es un codigo ISBN para el libro,La ligne gothique
Fulvio Caccia,es autor de la obra,La ligne gothique
2890313115,es un codigo ISBN para el libro,Lilas
2890313115,es un codigo ISBN de una edicion publicada por,Triptyque
2890313115,está escrito en,Francés
Fulvio Caccia,es autor de la obra,Lilas
155071144X,es un codigo ISBN para el libro,Republic denied
155071144X,es un codigo ISBN de una edicion publicada por,Guernica
155071144X,está escrito en,Inglés
Fulvio Caccia,es autor de la obra,Republic denied
Republic denied,pertenece al género,Politics and government
Republic denied,pertenece al género,Miscegenation
Republic denied,pertenece al género,Multiculturalisme
2890310272,es un codigo ISBN para el libro,Scirocco
2890310272,es un codigo ISBN de una edicion publicada por,Triptyque
2890310272,está escrito en,Francés
Fulvio Caccia,es autor de la obra,Scirocco
9782891350105,es un codigo ISBN para el libro,Sous Le Signe Du Phenix
9782891350105,es un codigo ISBN de una edicion publicada por,Guernica Editions
9782891350105,está escrito en,Inglés
2891350103,es un codigo ISBN para el libro,Sous Le Signe Du Phenix
2891350103,es un codigo ISBN de una edicion publicada por,Guernica Editions
2891350103,está escrito en,Inglés
Fulvio Caccia,es autor de la obra,Sous Le Signe Du Phenix
2891350332,es un codigo ISBN para el libro,Aknos
Fulvio Caccia,es autor de la obra,Aknos
Aknos,pertenece al género,Poetry (poetic works by one author)
2921468115,es un codigo ISBN para el libro,La République Mêtis
2921468115,es un codigo ISBN de una edicion publicada por,Balzac-Le Griot
2921468115,está escrito en,Francés
2921425696,es un codigo ISBN para el libro,La République Mêtis
2921425696,es un codigo ISBN de una edicion publicada por,Balzac-Le Griot
2921425696,está escrito en,Francés
Fulvio Caccia,es autor de la obra,La République Mêtis
La République Mêtis,pertenece al género,Politics and government
La République Mêtis,pertenece al género,Miscegenation
La République Mêtis,pertenece al género,Identité collective
9782890186255,es un codigo ISBN para el libro,Italie et autres voyages
9782890186255,es un codigo ISBN de una edicion publicada por,Éditions Bruno Doucey
9782890186255,es un codigo ISBN de una edicion publicada por,Éditions du Noroît
9782890186255,está escrito en,Francés
Fulvio Caccia,es autor de la obra,Italie et autres voyages
9782890182745,es un codigo ISBN para el libro,Voix d'Irlande et du Québec =
9782890182745,es un codigo ISBN de una edicion publicada por,Dedalus
9782890182745,está escrito en,Francés
2890182746,es un codigo ISBN para el libro,Voix d'Irlande et du Québec =
2890182746,es un codigo ISBN de una edicion publicada por,Dedalus
2890182746,está escrito en,Francés
1873790465,es un codigo ISBN para el libro,Voix d'Irlande et du Québec =
1873790465,es un codigo ISBN de una edicion publicada por,Dedalus
1873790465,es un codigo ISBN de una edicion publicada por,Dedalus Books Limited
1873790465,es un codigo ISBN de una edicion publicada por,LE NOROIT
1873790465,es un codigo ISBN de una edicion publicada por,Le Noroît
1873790465,está escrito en,Francés
2890182746,es un codigo ISBN de una edicion publicada por,Dedalus Books Limited
2890182746,es un codigo ISBN de una edicion publicada por,LE NOROIT
2890182746,es un codigo ISBN de una edicion publicada por,Le Noroît
Fulvio Caccia,es autor de la obra,Voix d'Irlande et du Québec =
Voix d'Irlande et du Québec =,pertenece al género,English poetry
Voix d'Irlande et du Québec =,pertenece al género,Translations into French
Voix d'Irlande et du Québec =,pertenece al género,Translations into English
9781550718737,es un codigo ISBN para el libro,Coincidence
9781550718737,es un codigo ISBN de una edicion publicada por,"Guernica Editions, Incorporated"
9781550718737,está escrito en,Inglés
Fulvio Caccia,es autor de la obra,Coincidence
Coincidence,pertenece al género,American literature
2891350065,es un codigo ISBN para el libro,Quêtes
2891350065,es un codigo ISBN de una edicion publicada por,Editions Guernica
2891350065,está escrito en,Francés
Fulvio Caccia,es autor de la obra,Quêtes
Quêtes,pertenece al género,Canadian literature (English)
Quêtes,pertenece al género,Canadian literature (French)
Quêtes,pertenece al género,Translations into French
2890311430,es un codigo ISBN para el libro,Métamorphoses d'une utopie
2890311430,es un codigo ISBN de una edicion publicada por,Editions Triptyque
2890311430,es un codigo ISBN de una edicion publicada por,Presses de la Sorbonne nouvelle
2890311430,está escrito en,Francés
287854031X,es un codigo ISBN para el libro,Métamorphoses d'une utopie
287854031X,es un codigo ISBN de una edicion publicada por,Editions Triptyque
287854031X,es un codigo ISBN de una edicion publicada por,Presses de la Sorbonne nouvelle
287854031X,está escrito en,Francés
Fulvio Caccia,es autor de la obra,Métamorphoses d'une utopie
Métamorphoses d'une utopie,pertenece al género,Multiculturalism
Métamorphoses d'une utopie,pertenece al género,Race relations
Métamorphoses d'une utopie,pertenece al género,Ethnic relations
J. Konrad Stettbacher,es de nacionalidad,Switzerland
9780452011595,es un codigo ISBN para el libro,Wenn Leiden einen Sinn haben soll
9780452011595,es un codigo ISBN de una edicion publicada por,Plume
9780452011595,está escrito en,Inglés
0452011590,es un codigo ISBN para el libro,Wenn Leiden einen Sinn haben soll
0452011590,es un codigo ISBN de una edicion publicada por,Plume
0452011590,está escrito en,Inglés
0525933581,es un codigo ISBN para el libro,Wenn Leiden einen Sinn haben soll
0525933581,es un codigo ISBN de una edicion publicada por,Dutton
0525933581,está escrito en,Inglés
345508365X,es un codigo ISBN para el libro,Wenn Leiden einen Sinn haben soll
345508365X,es un codigo ISBN de una edicion publicada por,Hoffmann und Campe
345508365X,está escrito en,Alemán
0452011124,es un codigo ISBN para el libro,Wenn Leiden einen Sinn haben soll
0452011124,es un codigo ISBN de una edicion publicada por,Meridian
0452011124,está escrito en,Inglés
J. Konrad Stettbacher,es autor de la obra,Wenn Leiden einen Sinn haben soll
Wenn Leiden einen Sinn haben soll,pertenece al género,Inner child
Wenn Leiden einen Sinn haben soll,pertenece al género,Primal therapy
Wenn Leiden einen Sinn haben soll,pertenece al género,Primärtherapie
2700721128,es un codigo ISBN para el libro,Pourquoi la souffrance
2700721128,es un codigo ISBN de una edicion publicada por,Aubier
2700721128,está escrito en,Francés
9782700721126,es un codigo ISBN para el libro,Pourquoi la souffrance
9782700721126,es un codigo ISBN de una edicion publicada por,Aubier
9782700721126,está escrito en,Francés
J. Konrad Stettbacher,es autor de la obra,Pourquoi la souffrance
Pourquoi la souffrance,pertenece al género,Souffrance
Pourquoi la souffrance,pertenece al género,Famille
Pourquoi la souffrance,pertenece al género,Aspect psychologique
Henri Rieben,es de nacionalidad,Switzerland
2826500384,es un codigo ISBN para el libro,Portraits de 250 entreprises vaudoises
2826500384,es un codigo ISBN de una edicion publicada por,24 heures
2826500384,está escrito en,Francés
2826500384,es un codigo ISBN de una edicion publicada por,"Diffusion en librairies, Payot"
Henri Rieben,es autor de la obra,Portraits de 250 entreprises vaudoises
Portraits de 250 entreprises vaudoises,pertenece al género,Industries
Portraits de 250 entreprises vaudoises,pertenece al género,Economic conditions
Portraits de 250 entreprises vaudoises,pertenece al género,Encyclopedias
2970026627,es un codigo ISBN para el libro,A l'ecoute de Jean Monnet
2970026627,es un codigo ISBN de una edicion publicada por,Centre de recherches européennes
2970026627,es un codigo ISBN de una edicion publicada por,Fondation Jean Monnet pour l'Europe
2970026627,está escrito en,Francés
Henri Rieben,es autor de la obra,A l'ecoute de Jean Monnet
A l'ecoute de Jean Monnet,pertenece al género,Biography
A l'ecoute de Jean Monnet,pertenece al género,Economists
A l'ecoute de Jean Monnet,pertenece al género,European federation
Susanne Wittpennig,es de nacionalidad,Switzerland
9783765541445,es un codigo ISBN para el libro,Maya und Domenico
9783765541445,es un codigo ISBN de una edicion publicada por,Brunnen-Verlag GmbH
9783765540400,es un codigo ISBN para el libro,Maya und Domenico
9783765540400,es un codigo ISBN de una edicion publicada por,Brunnen-Verlag GmbH
3765540404,es un codigo ISBN para el libro,Maya und Domenico
3765540404,es un codigo ISBN de una edicion publicada por,Brunnen-Verlag GmbH
Susanne Wittpennig,es autor de la obra,Maya und Domenico
9783765541971,es un codigo ISBN para el libro,Maya und Domenico 08. Bitte bleib bei mir!
9783765541971,es un codigo ISBN de una edicion publicada por,fontis
3765541974,es un codigo ISBN para el libro,Maya und Domenico 08. Bitte bleib bei mir!
3765541974,es un codigo ISBN de una edicion publicada por,fontis
Susanne Wittpennig,es autor de la obra,Maya und Domenico 08. Bitte bleib bei mir!
9789026614880,es un codigo ISBN para el libro,Een beslissing met gevolgen
9789026614880,es un codigo ISBN de una edicion publicada por,Callenbach
9026614888,es un codigo ISBN para el libro,Een beslissing met gevolgen
9026614888,es un codigo ISBN de una edicion publicada por,Callenbach
Susanne Wittpennig,es autor de la obra,Een beslissing met gevolgen
3765541052,es un codigo ISBN para el libro,Maya und Domenico 06
3765541052,es un codigo ISBN de una edicion publicada por,fontis
9783765541056,es un codigo ISBN para el libro,Maya und Domenico 06
9783765541056,es un codigo ISBN de una edicion publicada por,fontis
Susanne Wittpennig,es autor de la obra,Maya und Domenico 06
9789026613029,es un codigo ISBN para el libro,Maaike en Domenico
9789026613029,es un codigo ISBN de una edicion publicada por,Callenbach
9026613024,es un codigo ISBN para el libro,Maaike en Domenico
9026613024,es un codigo ISBN de una edicion publicada por,Callenbach
Susanne Wittpennig,es autor de la obra,Maaike en Domenico
Samuel Brawand,es de nacionalidad,Switzerland
Sigmund Widmer,es de nacionalidad,Switzerland
3406009018,es un codigo ISBN para el libro,Illustrierte Geschichte der Schweiz
3406009018,es un codigo ISBN de una edicion publicada por,Beck
3406009018,está escrito en,Alemán
Sigmund Widmer,es autor de la obra,Illustrierte Geschichte der Schweiz
Illustrierte Geschichte der Schweiz,pertenece al género,History
Illustrierte Geschichte der Schweiz,pertenece al género,Pictorial works
329011533X,es un codigo ISBN para el libro,"Zwingli, 1484-1984"
329011533X,es un codigo ISBN de una edicion publicada por,TVZ
329011533X,está escrito en,Alemán
Sigmund Widmer,es autor de la obra,"Zwingli, 1484-1984"
"Zwingli, 1484-1984",pertenece al género,Reformation
3760803997,es un codigo ISBN para el libro,Zürich
3760803997,es un codigo ISBN de una edicion publicada por,Artemis-Verlag
3760803997,está escrito en,Alemán
9783760803999,es un codigo ISBN para el libro,Zürich
9783760803999,es un codigo ISBN de una edicion publicada por,Artemis-Verlag
9783760803999,está escrito en,Alemán
Sigmund Widmer,es autor de la obra,Zürich
Zürich,pertenece al género,History
Zürich,pertenece al género,Intellectual life
3906740064,es un codigo ISBN para el libro,Familie Frey
3906740064,es un codigo ISBN de una edicion publicada por,Linda
3906740064,está escrito en,Alemán
Sigmund Widmer,es autor de la obra,Familie Frey
3760805019,es un codigo ISBN para el libro,Zürich als Anlass
3760805019,es un codigo ISBN de una edicion publicada por,Artemis-Verlag
3760805019,está escrito en,Alemán
Sigmund Widmer,es autor de la obra,Zürich als Anlass
Zürich als Anlass,pertenece al género,Biography
Zürich als Anlass,pertenece al género,History
Zürich als Anlass,pertenece al género,Intellectual life
376080411X,es un codigo ISBN para el libro,Fromme Ketzer
376080411X,es un codigo ISBN de una edicion publicada por,Artemis Verlag
376080411X,está escrito en,Alemán
Sigmund Widmer,es autor de la obra,Fromme Ketzer
Fromme Ketzer,pertenece al género,Christian heretics
Fromme Ketzer,pertenece al género,Christian heresies
Fromme Ketzer,pertenece al género,Reformation
3717800108,es un codigo ISBN para el libro,Worte zur Zeit
3717800108,es un codigo ISBN de una edicion publicada por,Ex-Libris-Verlag
3717800108,está escrito en,Alemán
Sigmund Widmer,es autor de la obra,Worte zur Zeit
3760806813,es un codigo ISBN para el libro,Zurcher kulturfahrplan
3760806813,es un codigo ISBN de una edicion publicada por,Artemis
3760806813,está escrito en,Alemán
Sigmund Widmer,es autor de la obra,Zurcher kulturfahrplan
3857170425,es un codigo ISBN para el libro,"Die Geschichte der Zunft zur Schiffleuten, 1336-1986"
3857170425,es un codigo ISBN de una edicion publicada por,Komm. T. Gut
3857170425,está escrito en,Alemán
Sigmund Widmer,es autor de la obra,"Die Geschichte der Zunft zur Schiffleuten, 1336-1986"
9783906740010,es un codigo ISBN para el libro,Von Zurich Nach Zurich - Tagebuch Einer Weltreise - Linda Verlag 1993
3906740013,es un codigo ISBN para el libro,Von Zurich Nach Zurich - Tagebuch Einer Weltreise - Linda Verlag 1993
Sigmund Widmer,es autor de la obra,Von Zurich Nach Zurich - Tagebuch Einer Weltreise - Linda Verlag 1993
3906740048,es un codigo ISBN para el libro,Um Miternacht beim Rilkegrab: Roman
3906740048,es un codigo ISBN de una edicion publicada por,Linda Verlag
9783906740041,es un codigo ISBN para el libro,Um Miternacht beim Rilkegrab: Roman
9783906740041,es un codigo ISBN de una edicion publicada por,Linda Verlag
Sigmund Widmer,es autor de la obra,Um Miternacht beim Rilkegrab: Roman
Albert Ehrismann,es de nacionalidad,Switzerland
3717201956,es un codigo ISBN para el libro,"Mich wundert, dass ich fröhlich bin"
3717201956,es un codigo ISBN de una edicion publicada por,Werner Classen
3717201956,está escrito en,Alemán
Albert Ehrismann,es autor de la obra,"Mich wundert, dass ich fröhlich bin"
371856064X,es un codigo ISBN para el libro,Gegen Ende des zweiten Jahrtausends
371856064X,es un codigo ISBN de una edicion publicada por,GS Verlag
371856064X,está escrito en,Alemán
Albert Ehrismann,es autor de la obra,Gegen Ende des zweiten Jahrtausends
3717203541,es un codigo ISBN para el libro,Der Dritte
3717203541,es un codigo ISBN de una edicion publicada por,W. Classen
3717203541,está escrito en,Alemán
Albert Ehrismann,es autor de la obra,Der Dritte
3718503824,es un codigo ISBN para el libro,Eine Art Bilanz
3718503824,es un codigo ISBN de una edicion publicada por,Gute Schriften
3718503824,está escrito en,Alemán
Albert Ehrismann,es autor de la obra,Eine Art Bilanz
371720260X,es un codigo ISBN para el libro,Inseln sind keine Luftgespinste
371720260X,es un codigo ISBN de una edicion publicada por,Werner Classen
371720260X,está escrito en,Alemán
Albert Ehrismann,es autor de la obra,Inseln sind keine Luftgespinste
3858190144,es un codigo ISBN para el libro,Schmelzwasser
3858190144,es un codigo ISBN de una edicion publicada por,Nebelspalter-Verlag
3858190144,está escrito en,Alemán
Albert Ehrismann,es autor de la obra,Schmelzwasser
Dieter Fringeli,es de nacionalidad,Switzerland
3530239011,es un codigo ISBN para el libro,Das Wort reden
3530239011,es un codigo ISBN de una edicion publicada por,"Freiburg i. Br., Walter"
3530239011,está escrito en,Alemán
Dieter Fringeli,es autor de la obra,Das Wort reden
3873650851,es un codigo ISBN para el libro,Durchaus
3873650851,es un codigo ISBN de una edicion publicada por,Verlag Eremiten-Presse
3873650851,está escrito en,Alemán
9783873650855,es un codigo ISBN para el libro,Durchaus
9783873650855,es un codigo ISBN de una edicion publicada por,Verlag Eremiten-Presse
9783873650855,está escrito en,Alemán
Dieter Fringeli,es autor de la obra,Durchaus
3873652595,es un codigo ISBN para el libro,Grenzlust
3873652595,es un codigo ISBN de una edicion publicada por,Eremiten-Presse
3873652595,está escrito en,Alemán
Dieter Fringeli,es autor de la obra,Grenzlust
3250010022,es un codigo ISBN para el libro,Mach keini Schprüch
3250010022,es un codigo ISBN de una edicion publicada por,Ammann Verlag
3250010022,está escrito en,Alemán
3250010022,es un codigo ISBN de una edicion publicada por,Ammann
Dieter Fringeli,es autor de la obra,Mach keini Schprüch
Mach keini Schprüch,pertenece al género,Swiss poetry (German)
Mach keini Schprüch,pertenece al género,German poetry
9783858150455,es un codigo ISBN para el libro,Haltla
9783858150455,es un codigo ISBN de una edicion publicada por,Buchverlag Basler Zeitung
9783858150455,está escrito en,Alemán
3858150452,es un codigo ISBN para el libro,Haltla
3858150452,es un codigo ISBN de una edicion publicada por,Buchverlag Basler Zeitung
3858150452,está escrito en,Alemán
Dieter Fringeli,es autor de la obra,Haltla
Haltla,pertenece al género,Swiss literature (German)
3545340929,es un codigo ISBN para el libro,Dichter im Einsatz
3545340929,es un codigo ISBN de una edicion publicada por,Benziger
3545340929,está escrito en,Alemán
Dieter Fringeli,es autor de la obra,Dichter im Einsatz
Dichter im Einsatz,pertenece al género,Swiss literature (German)
Dichter im Einsatz,pertenece al género,History and criticism
Dichter im Einsatz,pertenece al género,German literature
3716017515,es un codigo ISBN para el libro,Ohnmachtwechsel und andereGedichte aus 20 Jahren
3716017515,es un codigo ISBN de una edicion publicada por,Verlag der Arche
3716017515,está escrito en,Alemán
Dieter Fringeli,es autor de la obra,Ohnmachtwechsel und andereGedichte aus 20 Jahren
3858160172,es un codigo ISBN para el libro,R eden und andere Reden
3858160172,es un codigo ISBN de una edicion publicada por,Verlag Matthyas Jenny
3858160172,está escrito en,Alemán
Dieter Fringeli,es autor de la obra,R eden und andere Reden
3858421944,es un codigo ISBN para el libro,Unter mir gesagt
3858421944,es un codigo ISBN de una edicion publicada por,Pendo
3858421944,está escrito en,Alemán
Dieter Fringeli,es autor de la obra,Unter mir gesagt
3858421502,es un codigo ISBN para el libro,Wortwund
3858421502,es un codigo ISBN de una edicion publicada por,Pendo
3858421502,está escrito en,Alemán
Dieter Fringeli,es autor de la obra,Wortwund
3857872462,es un codigo ISBN para el libro,Das Heimatlos
3857872462,es un codigo ISBN de una edicion publicada por,Lenos
3857872462,está escrito en,Alemán
Dieter Fringeli,es autor de la obra,Das Heimatlos
3857872462,es un codigo ISBN de una edicion publicada por,Lenos Verlag
Das Heimatlos,pertenece al género,Swiss literature (German)
Das Heimatlos,pertenece al género,History and criticism
Das Heimatlos,pertenece al género,Homeland in literature
3760803393,es un codigo ISBN para el libro,Dichter im Abseits
3760803393,es un codigo ISBN de una edicion publicada por,Artemis Verlag
3760803393,está escrito en,Alemán
Dieter Fringeli,es autor de la obra,Dichter im Abseits
Dichter im Abseits,pertenece al género,Swiss literature (German)
Dichter im Abseits,pertenece al género,German literature
Dichter im Abseits,pertenece al género,History and criticism
Dichter im Einsatz,pertenece al género,"Authors, German"
Dichter im Einsatz,pertenece al género,German Authors
3760803156,es un codigo ISBN para el libro,Gut zum Druck
3760803156,es un codigo ISBN de una edicion publicada por,Artemis-Verlag
3760803156,está escrito en,Alemán
Dieter Fringeli,es autor de la obra,Gut zum Druck
Gut zum Druck,pertenece al género,Swiss literature (German)
Gut zum Druck,pertenece al género,German literature
3716016209,es un codigo ISBN para el libro,Ich bin nicht mehr zählbar
3716016209,es un codigo ISBN de una edicion publicada por,Verlag Die Arche
3716016209,está escrito en,Alemán
Dieter Fringeli,es autor de la obra,Ich bin nicht mehr zählbar
3857530006,es un codigo ISBN para el libro,Mein Feuilleton
3857530006,es un codigo ISBN de una edicion publicada por,Jeger-Moll
3857530006,está escrito en,Alemán
Dieter Fringeli,es autor de la obra,Mein Feuilleton
Mein Feuilleton,pertenece al género,German literature
Mein Feuilleton,pertenece al género,History and criticism
3858422762,es un codigo ISBN para el libro,Minderheiten wie liebe
3858422762,es un codigo ISBN de una edicion publicada por,Pendo
3858422762,está escrito en,Alemán
Dieter Fringeli,es autor de la obra,Minderheiten wie liebe
Minderheiten wie liebe,pertenece al género,Swiss poetry (German)
3716017515,es un codigo ISBN para el libro,Ohnmachtwechsel und andere Gedichte aus 20 Jahren
Dieter Fringeli,es autor de la obra,Ohnmachtwechsel und andere Gedichte aus 20 Jahren
3858160172,es un codigo ISBN para el libro,Reden und andere Reden
3858160172,es un codigo ISBN de una edicion publicada por,Nachtmaschine
Dieter Fringeli,es autor de la obra,Reden und andere Reden
3724503539,es un codigo ISBN para el libro,Von Spitteler zu Muschg
3724503539,es un codigo ISBN de una edicion publicada por,Reinhardt
3724503539,está escrito en,Alemán
Dieter Fringeli,es autor de la obra,Von Spitteler zu Muschg
Von Spitteler zu Muschg,pertenece al género,Swiss literature (German)
Von Spitteler zu Muschg,pertenece al género,History and criticism
3858421502,es un codigo ISBN de una edicion publicada por,Pendo-Verlag
Wortwund,pertenece al género,Swiss poetry (German)
3760803083,es un codigo ISBN para el libro,Mach Keini Schpruch
3760803083,es un codigo ISBN de una edicion publicada por,Ammann
9783760803081,es un codigo ISBN para el libro,Mach Keini Schpruch
9783760803081,es un codigo ISBN de una edicion publicada por,Ammann
Dieter Fringeli,es autor de la obra,Mach Keini Schpruch
Erwin Jaeckle,es de nacionalidad,Switzerland
9783858650917,es un codigo ISBN para el libro,Niemandsland der Dreissigerjahre
9783858650917,es un codigo ISBN de una edicion publicada por,H. Rohr
9783858650917,está escrito en,Alemán
3858650919,es un codigo ISBN para el libro,Niemandsland der Dreissigerjahre
3858650919,es un codigo ISBN de una edicion publicada por,H. Rohr
3858650919,está escrito en,Alemán
3858650919,es un codigo ISBN de una edicion publicada por,"H. Rohr, cop. 1979."
Erwin Jaeckle,es autor de la obra,Niemandsland der Dreissigerjahre
Niemandsland der Dreissigerjahre,pertenece al género,Biography
Niemandsland der Dreissigerjahre,pertenece al género,Swiss Authors
3881380795,es un codigo ISBN para el libro,Auf den Nagel geschrieben
3881380795,es un codigo ISBN de una edicion publicada por,Calatra Press Willem Enzinck
3881380795,está escrito en,Alemán
Erwin Jaeckle,es autor de la obra,Auf den Nagel geschrieben
3129040013,es un codigo ISBN para el libro,Die Farben Der Pflanze
3129040013,es un codigo ISBN de una edicion publicada por,Klett-Cotta
3129040013,está escrito en,Alemán
9783129040010,es un codigo ISBN para el libro,Die Farben Der Pflanze
9783129040010,es un codigo ISBN de una edicion publicada por,Klett-Cotta
9783129040010,está escrito en,Alemán
Erwin Jaeckle,es autor de la obra,Die Farben Der Pflanze
388138099X,es un codigo ISBN para el libro,Die Fülle des Verzichts
388138099X,es un codigo ISBN de una edicion publicada por,Calatra Press Willem Enzinck
388138099X,está escrito en,Alemán
Erwin Jaeckle,es autor de la obra,Die Fülle des Verzichts
385865051,es un codigo ISBN para el libro,Die Schicksaldrift
385865051,es un codigo ISBN de una edicion publicada por,Verlag Hans Rohr
385865051,está escrito en,Alemán
Erwin Jaeckle,es autor de la obra,Die Schicksaldrift
9783037401002,es un codigo ISBN para el libro,Bis an den Rand schreiben
9783037401002,es un codigo ISBN de una edicion publicada por,Waldgut
9783037401002,está escrito en,Alemán
Erwin Jaeckle,es autor de la obra,Bis an den Rand schreiben
3129040900,es un codigo ISBN para el libro,Evolution der Lyrik. Reden und Glossen zur Tabulatur
3129040900,es un codigo ISBN de una edicion publicada por,E. Klett
9783129040904,es un codigo ISBN para el libro,Evolution der Lyrik. Reden und Glossen zur Tabulatur
9783129040904,es un codigo ISBN de una edicion publicada por,E. Klett
Erwin Jaeckle,es autor de la obra,Evolution der Lyrik. Reden und Glossen zur Tabulatur
Evolution der Lyrik. Reden und Glossen zur Tabulatur,pertenece al género,Poetry
Evolution der Lyrik. Reden und Glossen zur Tabulatur,pertenece al género,Poetics
372140131X,es un codigo ISBN para el libro,AUF DER SCHWELLE VON WELTZEITALTERN
372140131X,es un codigo ISBN de una edicion publicada por,NOVALIS-VERLAG
372140131X,es un codigo ISBN de una edicion publicada por,Novalis
372140131X,está escrito en,Alemán
Erwin Jaeckle,es autor de la obra,AUF DER SCHWELLE VON WELTZEITALTERN
AUF DER SCHWELLE VON WELTZEITALTERN,pertenece al género,Feste und Feiern
AUF DER SCHWELLE VON WELTZEITALTERN,pertenece al género,Religiöse Erziehung
3129041605,es un codigo ISBN para el libro,Baumeister der unsichtbaren Kirche
3129041605,es un codigo ISBN de una edicion publicada por,Klett
3129041605,está escrito en,Alemán
Erwin Jaeckle,es autor de la obra,Baumeister der unsichtbaren Kirche
Baumeister der unsichtbaren Kirche,pertenece al género,Religion
Baumeister der unsichtbaren Kirche,pertenece al género,Criticism and interpretation
Baumeister der unsichtbaren Kirche,pertenece al género,Philosophers
3129040013,es un codigo ISBN para el libro,Die Farben der Pflanze
Erwin Jaeckle,es autor de la obra,Die Farben der Pflanze
3549066848,es un codigo ISBN para el libro,Die Idee Europa
3549066848,es un codigo ISBN de una edicion publicada por,Propyläen
3549066848,está escrito en,Alemán
Erwin Jaeckle,es autor de la obra,Die Idee Europa
Die Idee Europa,pertenece al género,Civilization
385865051X,es un codigo ISBN para el libro,Die Schicksalsdrift
385865051X,es un codigo ISBN de una edicion publicada por,H. Rohr
385865051X,está escrito en,Alemán
Erwin Jaeckle,es autor de la obra,Die Schicksalsdrift
Die Schicksalsdrift,pertenece al género,Biography
Die Schicksalsdrift,pertenece al género,Swiss Authors
Otto Marchi,es de nacionalidad,Switzerland
3729601288,es un codigo ISBN para el libro,"Schweizer Geschichte für Ketzer, oder, Die wundersame Entstehung der Eidgenossenschaft"
3729601288,es un codigo ISBN de una edicion publicada por,Zytglogge-Verlag
3729601288,está escrito en,Alemán
385869035X,es un codigo ISBN para el libro,"Schweizer Geschichte für Ketzer, oder, Die wundersame Entstehung der Eidgenossenschaft"
385869035X,es un codigo ISBN de una edicion publicada por,Rotpunktverlag
385869035X,está escrito en,Alemán
Otto Marchi,es autor de la obra,"Schweizer Geschichte für Ketzer, oder, Die wundersame Entstehung der Eidgenossenschaft"
"Schweizer Geschichte für Ketzer, oder, Die wundersame Entstehung der Eidgenossenschaft",pertenece al género,History
3627100905,es un codigo ISBN para el libro,Landolts Rezept
3627100905,es un codigo ISBN de una edicion publicada por,Frankfurter Verlagsanstalt
3627100905,está escrito en,Alemán
Otto Marchi,es autor de la obra,Landolts Rezept
3596223024,es un codigo ISBN para el libro,Rückfälle
3596223024,es un codigo ISBN de una edicion publicada por,S. Fischer
3596223024,está escrito en,Alemán
Otto Marchi,es autor de la obra,Rückfälle
Rückfälle,pertenece al género,German fiction
3596223326,es un codigo ISBN para el libro,Sehschule
3596223326,es un codigo ISBN de una edicion publicada por,S. Fischer
3596223326,está escrito en,Alemán
Otto Marchi,es autor de la obra,Sehschule
3312002001,es un codigo ISBN para el libro,Soviel ihr wollt
3312002001,es un codigo ISBN de una edicion publicada por,Nagel & Kimche
3312002001,está escrito en,Alemán
Otto Marchi,es autor de la obra,Soviel ihr wollt
9783261001191,es un codigo ISBN para el libro,Erste Freischarenzug
9783261001191,es un codigo ISBN de una edicion publicada por,"Lang GmbH, Internationaler Verlag der Wissenschaften, Peter"
9783261001191,está escrito en,Alemán
Otto Marchi,es autor de la obra,Erste Freischarenzug
Jean Vuilleumier,es de nacionalidad,Switzerland
282511409X,es un codigo ISBN para el libro,La Manipulation
282511409X,es un codigo ISBN de una edicion publicada por,L'Age d'homme
282511409X,está escrito en,Francés
Jean Vuilleumier,es autor de la obra,La Manipulation
La Manipulation,pertenece al género,Narration
2825107549,es un codigo ISBN para el libro,"Blanche, Marthe, Camille"
2825107549,es un codigo ISBN de una edicion publicada por,L'Age d'homme
2825107549,está escrito en,Francés
Jean Vuilleumier,es autor de la obra,"Blanche, Marthe, Camille"
2825103217,es un codigo ISBN para el libro,La rémanence
2825103217,es un codigo ISBN de una edicion publicada por,L'Age d'homme
2825103217,está escrito en,Francés
Jean Vuilleumier,es autor de la obra,La rémanence
2825110566,es un codigo ISBN para el libro,La rémission
2825110566,es un codigo ISBN de una edicion publicada por,L'Age d'homme
2825110566,está escrito en,Francés
Jean Vuilleumier,es autor de la obra,La rémission
2825106445,es un codigo ISBN para el libro,La substitution
2825106445,es un codigo ISBN de una edicion publicada por,L'Age d'homme
2825106445,está escrito en,Francés
Jean Vuilleumier,es autor de la obra,La substitution
2825102083,es un codigo ISBN para el libro,L' effacement
2825102083,es un codigo ISBN de una edicion publicada por,L'Age d'homme
2825102083,está escrito en,Francés
Jean Vuilleumier,es autor de la obra,L' effacement
2825111686,es un codigo ISBN para el libro,L' effraction
2825111686,es un codigo ISBN de una edicion publicada por,Age d'homme
2825111686,está escrito en,Francés
Jean Vuilleumier,es autor de la obra,L' effraction
282511300X,es un codigo ISBN para el libro,Le transfert
282511300X,es un codigo ISBN de una edicion publicada por,l'Âge d'homme
282511300X,está escrito en,Francés
Jean Vuilleumier,es autor de la obra,Le transfert
9782825118474,es un codigo ISBN para el libro,L' incartade
9782825118474,es un codigo ISBN de una edicion publicada por,L'Âge d'homme
9782825118474,está escrito en,Francés
2825118478,es un codigo ISBN para el libro,L' incartade
2825118478,es un codigo ISBN de una edicion publicada por,L'Âge d'homme
2825118478,está escrito en,Francés
Jean Vuilleumier,es autor de la obra,L' incartade
2825118478,es un codigo ISBN para el libro,Lincartade: recits
2825118478,es un codigo ISBN de una edicion publicada por,L'Age d'Homme - Editions Diffusion
Jean Vuilleumier,es autor de la obra,Lincartade: recits
Lincartade: recits,pertenece al género,"Franz osische Literatur, Literatur in verwandten Sprachen"
Lincartade: recits,pertenece al género,Literatur in verwandten Sprachen Franz osische Literatur
Lincartade: recits,pertenece al género,OUR Brockhaus selection
9782825136188,es un codigo ISBN para el libro,L'enjeu
9782825136188,es un codigo ISBN de una edicion publicada por,L'Age d'Homme
9782825136188,está escrito en,Francés
2825136182,es un codigo ISBN para el libro,L'enjeu
2825136182,es un codigo ISBN de una edicion publicada por,L'Age d'Homme
2825136182,está escrito en,Francés
Jean Vuilleumier,es autor de la obra,L'enjeu
L'enjeu,pertenece al género,Modern Literature
L'enjeu,pertenece al género,History and criticism
Luisa Famos,es de nacionalidad,Switzerland
3716021903,es un codigo ISBN para el libro,Poesias/Gedichte
3716021903,es un codigo ISBN de una edicion publicada por,Arche Verlag
3716021903,está escrito en,roh
3716021903,está escrito en,Alemán
9783716021903,es un codigo ISBN para el libro,Poesias/Gedichte
9783716021903,es un codigo ISBN de una edicion publicada por,Arche Verlag
9783716021903,está escrito en,roh
9783716021903,está escrito en,Alemán
Luisa Famos,es autor de la obra,Poesias/Gedichte
Poesias/Gedichte,pertenece al género,Rhaeto-Romance/Romansh literature
Poesias/Gedichte,pertenece al género,Rhaeto-Romance/Romansh poetry
Poesias/Gedichte,pertenece al género,Translations of Rhaeto-Romance/Romansh texts
3857914629,es un codigo ISBN para el libro,Ich bin die Schwalbe von einst/Eu sun la randolina d'ünsacura
3857914629,es un codigo ISBN de una edicion publicada por,Limmat Verlag
3857914629,está escrito en,roh
3857914629,está escrito en,Alemán
9783857914621,es un codigo ISBN para el libro,Ich bin die Schwalbe von einst/Eu sun la randolina d'ünsacura
9783857914621,es un codigo ISBN de una edicion publicada por,Limmat Verlag
9783857914621,está escrito en,roh
9783857914621,está escrito en,Alemán
Luisa Famos,es autor de la obra,Ich bin die Schwalbe von einst/Eu sun la randolina d'ünsacura
Ich bin die Schwalbe von einst/Eu sun la randolina d'ünsacura,pertenece al género,Rhaeto-Romance/Romansh literature
Ich bin die Schwalbe von einst/Eu sun la randolina d'ünsacura,pertenece al género,Rhaeto-Romance/Romansh poetry
Ich bin die Schwalbe von einst/Eu sun la randolina d'ünsacura,pertenece al género,Translations of Rhaeto-Romance/Romansh texts
2825111856,es un codigo ISBN para el libro,Poésies/Poesias
2825111856,es un codigo ISBN de una edicion publicada por,L'âge d'homme
2825111856,está escrito en,roh
2825111856,está escrito en,Francés
Luisa Famos,es autor de la obra,Poésies/Poesias
Poésies/Poesias,pertenece al género,Rhaeto-Romance/Romansh literature
Poésies/Poesias,pertenece al género,Rhaeto-Romance/Romansh poetry
Poésies/Poesias,pertenece al género,Translations of Rhaeto-Romance/Romansh texts
Marcus Tatius Alpinus,es de nacionalidad,Switzerland
Helen Meier,es de nacionalidad,Switzerland
3596292565,es un codigo ISBN para el libro,Das Haus am See
3596292565,es un codigo ISBN de una edicion publicada por,Fischer
3596292565,está escrito en,Alemán
3250100455,es un codigo ISBN para el libro,Das Haus am See
3250100455,es un codigo ISBN de una edicion publicada por,Ammann
3250100455,está escrito en,Alemán
Helen Meier,es autor de la obra,Das Haus am See
3250010553,es un codigo ISBN para el libro,Das einzige Objekt mit Farbe
3250010553,es un codigo ISBN de una edicion publicada por,Ammann
3250010553,está escrito en,Alemán
Helen Meier,es autor de la obra,Das einzige Objekt mit Farbe
3250102539,es un codigo ISBN para el libro,Die Novizin
3250102539,es un codigo ISBN de una edicion publicada por,Ammann
3250102539,está escrito en,Alemán
9783250102533,es un codigo ISBN para el libro,Die Novizin
9783250102533,es un codigo ISBN de una edicion publicada por,Ammann
9783250102533,está escrito en,Alemán
Helen Meier,es autor de la obra,Die Novizin
3858823244,es un codigo ISBN para el libro,"Adieu, Herr Landmann: sieben Begegnungen mit Jacob Zellweger-Zuberb uhler"
3858823244,es un codigo ISBN de una edicion publicada por,Appenzeller Verlag Schl apfer AG
3858823244,está escrito en,Alemán
Helen Meier,es autor de la obra,"Adieu, Herr Landmann: sieben Begegnungen mit Jacob Zellweger-Zuberb uhler"
"Adieu, Herr Landmann: sieben Begegnungen mit Jacob Zellweger-Zuberb uhler",pertenece al género,SEL Library selection
"Adieu, Herr Landmann: sieben Begegnungen mit Jacob Zellweger-Zuberb uhler",pertenece al género,Belletristik
3596102766,es un codigo ISBN para el libro,Lebenleben
3596102766,es un codigo ISBN de una edicion publicada por,Fischer
3596102766,está escrito en,Alemán
Helen Meier,es autor de la obra,Lebenleben
325010308X,es un codigo ISBN para el libro,Letzte Warnung
325010308X,es un codigo ISBN de una edicion publicada por,Ammann
325010308X,está escrito en,Alemán
Helen Meier,es autor de la obra,Letzte Warnung
3250100293,es un codigo ISBN para el libro,Trockenwiese
3250100293,es un codigo ISBN de una edicion publicada por,Ammann
3250100293,está escrito en,Alemán
Helen Meier,es autor de la obra,Trockenwiese
3858823244,es un codigo ISBN para el libro,"Adieu, Herr Landammann!"
3858823244,es un codigo ISBN de una edicion publicada por,Appenzeller Verlag
Helen Meier,es autor de la obra,"Adieu, Herr Landammann!"
"Adieu, Herr Landammann!",pertenece al género,Imaginary conversations
"Adieu, Herr Landammann!",pertenece al género,Fiction
3250101257,es un codigo ISBN para el libro,Lebenleben
3250101257,es un codigo ISBN de una edicion publicada por,Ammann
3250101257,está escrito en,Alemán
Lebenleben,pertenece al género,Swiss literature
Lebenleben,pertenece al género,Swiss literature (German)
9783518399019,es un codigo ISBN para el libro,Letzte Warnung. Geschichten
9783518399019,es un codigo ISBN de una edicion publicada por,Suhrkamp
3518399012,es un codigo ISBN para el libro,Letzte Warnung. Geschichten
3518399012,es un codigo ISBN de una edicion publicada por,Suhrkamp
Helen Meier,es autor de la obra,Letzte Warnung. Geschichten
3250104124,es un codigo ISBN para el libro,Liebe Stimme
3250104124,es un codigo ISBN de una edicion publicada por,Ammann
3250104124,está escrito en,Alemán
Helen Meier,es autor de la obra,Liebe Stimme
3250101699,es un codigo ISBN para el libro,Nachtbuch
3250101699,es un codigo ISBN de una edicion publicada por,Ammann
3250101699,está escrito en,Alemán
Helen Meier,es autor de la obra,Nachtbuch
325060089X,es un codigo ISBN para el libro,Schlafwandel
325060089X,es un codigo ISBN de una edicion publicada por,Ammann
325060089X,está escrito en,Alemán
9783250600893,es un codigo ISBN para el libro,Schlafwandel
9783250600893,es un codigo ISBN de una edicion publicada por,Ammann
9783250600893,está escrito en,Alemán
Helen Meier,es autor de la obra,Schlafwandel
9783905795332,es un codigo ISBN para el libro,Kleine Beweise der Freundschaft
9783905795332,es un codigo ISBN de una edicion publicada por,Xanthippe Verlag
9783905795332,está escrito en,gem
Helen Meier,es autor de la obra,Kleine Beweise der Freundschaft
3250100293,es un codigo ISBN de una edicion publicada por,Ammann Verlag
3719310477,es un codigo ISBN para el libro,"Der Thurgau und seine Menschen, 1930-1990"
3719310477,es un codigo ISBN de una edicion publicada por,Huber
3719310477,está escrito en,Alemán
Helen Meier,es autor de la obra,"Der Thurgau und seine Menschen, 1930-1990"
"Der Thurgau und seine Menschen, 1930-1990",pertenece al género,Pictorial works
Grytzko Mascioni,es de nacionalidad,Switzerland
8885933181,es un codigo ISBN para el libro,Cleopatra e una notte
8885933181,es un codigo ISBN de una edicion publicada por,Hefti
8885933181,está escrito en,Italiano
Grytzko Mascioni,es autor de la obra,Cleopatra e una notte
8805036900,es un codigo ISBN para el libro,Lo specchio greco
8805036900,es un codigo ISBN de una edicion publicada por,Società editrice internazionale
8805036900,está escrito en,Italiano
Grytzko Mascioni,es autor de la obra,Lo specchio greco
Lo specchio greco,pertenece al género,Civilization
Lo specchio greco,pertenece al género,History
8872323819,es un codigo ISBN para el libro,A tenera sorpresa
8872323819,es un codigo ISBN de una edicion publicada por,Book
8872323819,está escrito en,Italiano
8872323819,es un codigo ISBN de una edicion publicada por,Book editore
Grytzko Mascioni,es autor de la obra,A tenera sorpresa
1399354760,es un codigo ISBN para el libro,40 Disegni Di Maestri Moderni
1399354760,es un codigo ISBN de una edicion publicada por,GRAFICHE MILANI
Grytzko Mascioni,es autor de la obra,40 Disegni Di Maestri Moderni
8884191661,es un codigo ISBN para el libro,Angstbar
8884191661,es un codigo ISBN de una edicion publicada por,N. Aragno
8884191661,está escrito en,Italiano
Grytzko Mascioni,es autor de la obra,Angstbar
Angstbar,pertenece al género,Alcoholism
Angstbar,pertenece al género,Poetry
8886315090,es un codigo ISBN para el libro,Di libri mai nati
8886315090,es un codigo ISBN de una edicion publicada por,A. Dadò
8886315090,está escrito en,Italiano
Grytzko Mascioni,es autor de la obra,Di libri mai nati
9536150107,es un codigo ISBN para el libro,Ex Illyrico Tristia
9536150107,es un codigo ISBN de una edicion publicada por,Durieux
9536150107,es un codigo ISBN de una edicion publicada por,Edit
9536150107,está escrito en,Italiano
Grytzko Mascioni,es autor de la obra,Ex Illyrico Tristia
8818230263,es un codigo ISBN para el libro,La notte di Apollo
8818230263,es un codigo ISBN de una edicion publicada por,Rusconi
8818230263,está escrito en,Italiano
Grytzko Mascioni,es autor de la obra,La notte di Apollo
8835501148,es un codigo ISBN para el libro,La pelle di Socrate
8835501148,es un codigo ISBN de una edicion publicada por,Leonardo
8835501148,está escrito en,Italiano
Grytzko Mascioni,es autor de la obra,La pelle di Socrate
La pelle di Socrate,pertenece al género,Fiction
8872320657,es un codigo ISBN para el libro,La vanità di scrivere
8872320657,es un codigo ISBN de una edicion publicada por,Book editore
8872320657,está escrito en,Italiano
8872320658,es un codigo ISBN para el libro,La vanità di scrivere
8872320658,es un codigo ISBN de una edicion publicada por,Book editore
8872320658,está escrito en,Italiano
Grytzko Mascioni,es autor de la obra,La vanità di scrivere
8804347902,es un codigo ISBN para el libro,Mare degli immortali
8804347902,es un codigo ISBN de una edicion publicada por,A. Mondadori
8804347902,está escrito en,Italiano
Grytzko Mascioni,es autor de la obra,Mare degli immortali
Mare degli immortali,pertenece al género,Heracles (Greek mythology)
Mare degli immortali,pertenece al género,Fiction
Mare degli immortali,pertenece al género,Greek in fiction Mythology
8838425299,es un codigo ISBN para el libro,Puck
8838425299,es un codigo ISBN de una edicion publicada por,Piemme
8838425299,está escrito en,Italiano
Grytzko Mascioni,es autor de la obra,Puck
Puck,pertenece al género,Puck (Legendary character)
Puck,pertenece al género,Fiction
8871850998,es un codigo ISBN para el libro,Scrittori a confronto
8871850998,es un codigo ISBN de una edicion publicada por,Associazione Grytzko Mascioni
8871850998,es un codigo ISBN de una edicion publicada por,Nodolibri
8871850998,está escrito en,Italiano
Grytzko Mascioni,es autor de la obra,Scrittori a confronto
Scrittori a confronto,pertenece al género,"Authors, Italian"
Scrittori a confronto,pertenece al género,Biography
Scrittori a confronto,pertenece al género,Friends and associates
9788845260742,es un codigo ISBN para el libro,Tempi supplementari
9788845260742,es un codigo ISBN de una edicion publicada por,Bompiani
9788845260742,está escrito en,Italiano
Grytzko Mascioni,es autor de la obra,Tempi supplementari
Tempi supplementari,pertenece al género,Italian Authors
Tempi supplementari,pertenece al género,Biography
8839710167,es un codigo ISBN para el libro,Un' estate mediterranea
8839710167,es un codigo ISBN de una edicion publicada por,RAI-ERI
8839710167,está escrito en,Italiano
Grytzko Mascioni,es autor de la obra,Un' estate mediterranea
Un' estate mediterranea,pertenece al género,Travel
Un' estate mediterranea,pertenece al género,Description and travel
8872321476,es un codigo ISBN para el libro,Zoo d'amore
8872321476,es un codigo ISBN de una edicion publicada por,Book editore
8872321476,está escrito en,Italiano
Grytzko Mascioni,es autor de la obra,Zoo d'amore
9782940055326,es un codigo ISBN para el libro,La Rose des temps
9782940055326,es un codigo ISBN de una edicion publicada por,DOGANA
2940055327,es un codigo ISBN para el libro,La Rose des temps
2940055327,es un codigo ISBN de una edicion publicada por,DOGANA
Grytzko Mascioni,es autor de la obra,La Rose des temps
887713061X,es un codigo ISBN para el libro,Andri Peer - scrittore di frontiera/scriptur tranter cunfins
887713061X,es un codigo ISBN de una edicion publicada por,Casagrande
887713061X,está escrito en,Italiano
887713061X,está escrito en,Inglés
887713061X,está escrito en,Francés
887713061X,está escrito en,Alemán
887713061X,está escrito en,roh
Grytzko Mascioni,es autor de la obra,Andri Peer - scrittore di frontiera/scriptur tranter cunfins
Andri Peer - scrittore di frontiera/scriptur tranter cunfins,pertenece al género,Rhaeto-Romance/Romansh literary studies
8890031905,es un codigo ISBN para el libro,Poschiavo un mondo de valle
8890031905,es un codigo ISBN de una edicion publicada por,Edizioni L'Idea
8890031905,está escrito en,Italiano
Grytzko Mascioni,es autor de la obra,Poschiavo un mondo de valle
Poschiavo un mondo de valle,pertenece al género,Description and travel
Poschiavo un mondo de valle,pertenece al género,Social life and customs
Poschiavo un mondo de valle,pertenece al género,Pictorial works
Federico Hindermann,es de nacionalidad,Switzerland
3717516981,es un codigo ISBN para el libro,Schweizer Erzähler
3717516981,es un codigo ISBN de una edicion publicada por,Manesse Verlag
3717516981,está escrito en,Alemán
371751699X,es un codigo ISBN para el libro,Schweizer Erzähler
371751699X,es un codigo ISBN de una edicion publicada por,Manesse-Verlag
371751699X,está escrito en,Alemán
9783717516996,es un codigo ISBN para el libro,Schweizer Erzähler
9783717516996,es un codigo ISBN de una edicion publicada por,Manesse-Verlag
9783717516996,está escrito en,Alemán
Federico Hindermann,es autor de la obra,Schweizer Erzähler
Schweizer Erzähler,pertenece al género,"Short stories, Swiss (German)"
Schweizer Erzähler,pertenece al género,Swiss fiction (German)
9783717518082,es un codigo ISBN para el libro,"Italienische Erzähler, Ln, in 2 Bdn., Von Camillo Boito bis Goffredo Parise"
9783717518082,es un codigo ISBN de una edicion publicada por,Manesse-Verlag
3717518089,es un codigo ISBN para el libro,"Italienische Erzähler, Ln, in 2 Bdn., Von Camillo Boito bis Goffredo Parise"
3717518089,es un codigo ISBN de una edicion publicada por,Manesse-Verlag
Federico Hindermann,es autor de la obra,"Italienische Erzähler, Ln, in 2 Bdn., Von Camillo Boito bis Goffredo Parise"
3717516108,es un codigo ISBN para el libro,Kinder in der Weltliteratur
3717516108,es un codigo ISBN de una edicion publicada por,Manesse-Verlag
3717516108,está escrito en,Alemán
9783717516101,es un codigo ISBN para el libro,Kinder in der Weltliteratur
9783717516101,es un codigo ISBN de una edicion publicada por,Manesse-Verlag
9783717516101,está escrito en,Alemán
Federico Hindermann,es autor de la obra,Kinder in der Weltliteratur
9788895471068,es un codigo ISBN para el libro,L'occhio s'imperla
9788895471068,es un codigo ISBN de una edicion publicada por,AF
9788895471068,está escrito en,Italiano
Federico Hindermann,es autor de la obra,L'occhio s'imperla
L'occhio s'imperla,pertenece al género,Italian literature
3717517988,es un codigo ISBN para el libro,"Italienische Erzähler, Ln, in 2 Bdn., Vom 'Novellino' bis Carlo Gozzi"
3717517988,es un codigo ISBN de una edicion publicada por,Manesse-Verlag
9783717517986,es un codigo ISBN para el libro,"Italienische Erzähler, Ln, in 2 Bdn., Vom 'Novellino' bis Carlo Gozzi"
9783717517986,es un codigo ISBN de una edicion publicada por,Manesse-Verlag
Federico Hindermann,es autor de la obra,"Italienische Erzähler, Ln, in 2 Bdn., Vom 'Novellino' bis Carlo Gozzi"
9783717516156,es un codigo ISBN para el libro,Katzen Eine Auswahl von Texten aus der Weltliteratur
9783717516156,es un codigo ISBN de una edicion publicada por,Manesse-Verlag
9783717516156,está escrito en,Alemán
3717516159,es un codigo ISBN para el libro,Katzen Eine Auswahl von Texten aus der Weltliteratur
3717516159,es un codigo ISBN de una edicion publicada por,Manesse-Verlag
3717516159,está escrito en,Alemán
Federico Hindermann,es autor de la obra,Katzen Eine Auswahl von Texten aus der Weltliteratur
9783717516729,es un codigo ISBN para el libro,"Sag' ich's euch, geliebte Bäume. Texte aus der Weltliteratur"
9783717516729,es un codigo ISBN de una edicion publicada por,Manesse-Verlag
3717516728,es un codigo ISBN para el libro,"Sag' ich's euch, geliebte Bäume. Texte aus der Weltliteratur"
3717516728,es un codigo ISBN de una edicion publicada por,Manesse-Verlag
Federico Hindermann,es autor de la obra,"Sag' ich's euch, geliebte Bäume. Texte aus der Weltliteratur"
"Sag' ich's euch, geliebte Bäume. Texte aus der Weltliteratur",pertenece al género,Trees
"Sag' ich's euch, geliebte Bäume. Texte aus der Weltliteratur",pertenece al género,Literary collections
9783717517436,es un codigo ISBN para el libro,Deutsche Aphorismen aus drei Jahrhunderten
9783717517436,es un codigo ISBN de una edicion publicada por,Manesse-Verlag
9783717517436,está escrito en,Alemán
3717517430,es un codigo ISBN para el libro,Deutsche Aphorismen aus drei Jahrhunderten
3717517430,es un codigo ISBN de una edicion publicada por,Manesse-Verlag
3717517430,está escrito en,Alemán
3717517422,es un codigo ISBN para el libro,Deutsche Aphorismen aus drei Jahrhunderten
3717517422,es un codigo ISBN de una edicion publicada por,Manesse
3717517422,está escrito en,Alemán
3717517430,es un codigo ISBN de una edicion publicada por,Manesse
Federico Hindermann,es autor de la obra,Deutsche Aphorismen aus drei Jahrhunderten
Deutsche Aphorismen aus drei Jahrhunderten,pertenece al género,Aphorisms and apothegms
9783423240444,es un codigo ISBN para el libro,Katzen
9783423240444,es un codigo ISBN de una edicion publicada por,Dt. Taschenbuch-Verl.
9783423240444,es un codigo ISBN de una edicion publicada por,Manesse-Verl.
9783423240444,está escrito en,Alemán
342324044X,es un codigo ISBN para el libro,Katzen
342324044X,es un codigo ISBN de una edicion publicada por,Dt. Taschenbuch-Verl.
342324044X,es un codigo ISBN de una edicion publicada por,Manesse-Verl.
342324044X,está escrito en,Alemán
Federico Hindermann,es autor de la obra,Katzen
Katzen,pertenece al género,Katze
Katzen,pertenece al género,Anthologie
Katzen,pertenece al género,Literatur
3717517635,es un codigo ISBN para el libro,Inseln in der Weltliteratur
3717517635,es un codigo ISBN de una edicion publicada por,Manesse
3717517635,está escrito en,Alemán
3717517627,es un codigo ISBN para el libro,Inseln in der Weltliteratur
3717517627,es un codigo ISBN de una edicion publicada por,Manesse
3717517627,está escrito en,Alemán
Federico Hindermann,es autor de la obra,Inseln in der Weltliteratur
Inseln in der Weltliteratur,pertenece al género,Islands
Inseln in der Weltliteratur,pertenece al género,Literary collections
3717516817,es un codigo ISBN para el libro,Manesse Almanach auf das 40. Verlagsjahr
3717516817,es un codigo ISBN de una edicion publicada por,Manesse
3717516817,está escrito en,Alemán
3717516809,es un codigo ISBN para el libro,Manesse Almanach auf das 40. Verlagsjahr
3717516809,es un codigo ISBN de una edicion publicada por,Manesse
3717516809,está escrito en,Alemán
Federico Hindermann,es autor de la obra,Manesse Almanach auf das 40. Verlagsjahr
Manesse Almanach auf das 40. Verlagsjahr,pertenece al género,Catalogs
Manesse Almanach auf das 40. Verlagsjahr,pertenece al género,Literature
Manesse Almanach auf das 40. Verlagsjahr,pertenece al género,Collections
9788871688138,es un codigo ISBN para el libro,Sempre altrove
9788871688138,es un codigo ISBN de una edicion publicada por,Marcos y Marcos
9788871688138,está escrito en,Italiano
Federico Hindermann,es autor de la obra,Sempre altrove
Hans Rudolf Hilty,es de nacionalidad,Switzerland
385830123X,es un codigo ISBN para el libro,Lob der schwarzen Schafe
385830123X,es un codigo ISBN de una edicion publicada por,Orte-Verlag
385830123X,está escrito en,Alemán
Hans Rudolf Hilty,es autor de la obra,Lob der schwarzen Schafe
3293000274,es un codigo ISBN para el libro,Grenzgänge
3293000274,es un codigo ISBN de una edicion publicada por,Unionsverlag
3293000274,está escrito en,Alemán
Hans Rudolf Hilty,es autor de la obra,Grenzgänge
Grenzgänge,pertenece al género,Swiss literature (German)
Grenzgänge,pertenece al género,German literature
Grenzgänge,pertenece al género,Literary collections
9783855850310,es un codigo ISBN para el libro,Risse
9783855850310,es un codigo ISBN de una edicion publicada por,Bubenberg-Verlag
9783855850310,está escrito en,Alemán
3855850313,es un codigo ISBN para el libro,Risse
3855850313,es un codigo ISBN de una edicion publicada por,Bubenberg-Verlag
3855850313,está escrito en,Alemán
Hans Rudolf Hilty,es autor de la obra,Risse
3857910844,es un codigo ISBN para el libro,Zuspitzungen
3857910844,es un codigo ISBN de una edicion publicada por,Limmat
3857910844,está escrito en,Alemán
Hans Rudolf Hilty,es autor de la obra,Zuspitzungen
3724905319,es un codigo ISBN para el libro,"Bruder Klaus, oder, Zwei Männer im Wald"
3724905319,es un codigo ISBN de una edicion publicada por,E. Rentsch
3724905319,está escrito en,Alemán
Hans Rudolf Hilty,es autor de la obra,"Bruder Klaus, oder, Zwei Männer im Wald"
"Bruder Klaus, oder, Zwei Männer im Wald",pertenece al género,Fiction
"Bruder Klaus, oder, Zwei Männer im Wald",pertenece al género,Career education
Guerino Mazzola,es de nacionalidad,Switzerland
9783319644332,es un codigo ISBN para el libro,The Topos of Music
9783319644332,es un codigo ISBN de una edicion publicada por,Springer
3319644335,es un codigo ISBN para el libro,The Topos of Music
3319644335,es un codigo ISBN de una edicion publicada por,Springer
3034894546,es un codigo ISBN para el libro,The Topos of Music
3034894546,es un codigo ISBN de una edicion publicada por,Birkhäuser
9783034894548,es un codigo ISBN para el libro,The Topos of Music
9783034894548,es un codigo ISBN de una edicion publicada por,Birkhäuser
3764357312,es un codigo ISBN para el libro,The Topos of Music
3764357312,es un codigo ISBN de una edicion publicada por,Birkhauser Verlag
3764357312,está escrito en,Inglés
3764357312,es un codigo ISBN de una edicion publicada por,Birkhäuser Basel
9783764357313,es un codigo ISBN para el libro,The Topos of Music
9783764357313,es un codigo ISBN de una edicion publicada por,Birkhäuser Basel
9783764357313,está escrito en,Inglés
Guerino Mazzola,es autor de la obra,The Topos of Music
The Topos of Music,pertenece al género,"Music theory, mathematics"
The Topos of Music,pertenece al género,"Music, philosophy and aesthetics"
303009717X,es un codigo ISBN para el libro,The Topos of Music I : Theory
303009717X,es un codigo ISBN de una edicion publicada por,Springer
9783030097172,es un codigo ISBN para el libro,The Topos of Music I : Theory
9783030097172,es un codigo ISBN de una edicion publicada por,Springer
9783319643632,es un codigo ISBN para el libro,The Topos of Music I : Theory
9783319643632,es un codigo ISBN de una edicion publicada por,Springer
3319643630,es un codigo ISBN para el libro,The Topos of Music I : Theory
3319643630,es un codigo ISBN de una edicion publicada por,Springer
Guerino Mazzola,es autor de la obra,The Topos of Music I : Theory
The Topos of Music I : Theory,pertenece al género,Music theory
9783030097219,es un codigo ISBN para el libro,The Topos of Music IV : Roots
9783030097219,es un codigo ISBN de una edicion publicada por,Springer
3030097218,es un codigo ISBN para el libro,The Topos of Music IV : Roots
3030097218,es un codigo ISBN de una edicion publicada por,Springer
3319644947,es un codigo ISBN para el libro,The Topos of Music IV : Roots
3319644947,es un codigo ISBN de una edicion publicada por,Springer
9783319644943,es un codigo ISBN para el libro,The Topos of Music IV : Roots
9783319644943,es un codigo ISBN de una edicion publicada por,Springer
Guerino Mazzola,es autor de la obra,The Topos of Music IV : Roots
The Topos of Music IV : Roots,pertenece al género,Computer music
3030097196,es un codigo ISBN para el libro,The Topos of Music II : Performance
3030097196,es un codigo ISBN de una edicion publicada por,Springer
9783030097196,es un codigo ISBN para el libro,The Topos of Music II : Performance
9783030097196,es un codigo ISBN de una edicion publicada por,Springer
3319644432,es un codigo ISBN para el libro,The Topos of Music II : Performance
3319644432,es un codigo ISBN de una edicion publicada por,Springer
9783319644431,es un codigo ISBN para el libro,The Topos of Music II : Performance
9783319644431,es un codigo ISBN de una edicion publicada por,Springer
Guerino Mazzola,es autor de la obra,The Topos of Music II : Performance
The Topos of Music II : Performance,pertenece al género,"Music theory, mathematics"
The Topos of Music II : Performance,pertenece al género,"Music, philosophy and aesthetics"
9783034874274,es un codigo ISBN para el libro,Geometrie der Töne
9783034874274,es un codigo ISBN de una edicion publicada por,Birkhauser Verlag
9783034874274,está escrito en,Alemán
9783034874281,es un codigo ISBN para el libro,Geometrie der Töne
9783034874281,es un codigo ISBN de una edicion publicada por,Birkhäuser
3034874286,es un codigo ISBN para el libro,Geometrie der Töne
3034874286,es un codigo ISBN de una edicion publicada por,Birkhäuser
Guerino Mazzola,es autor de la obra,Geometrie der Töne
9783642118937,es un codigo ISBN para el libro,Musical Performance
9783642118937,es un codigo ISBN de una edicion publicada por,Springer
3642118933,es un codigo ISBN para el libro,Musical Performance
3642118933,es un codigo ISBN de una edicion publicada por,Springer
9783642118371,es un codigo ISBN para el libro,Musical Performance
9783642118371,es un codigo ISBN de una edicion publicada por,Springer-Verlag Berlin Heidelberg
9783642118371,está escrito en,Inglés
9783642118388,es un codigo ISBN para el libro,Musical Performance
9783642118388,es un codigo ISBN de una edicion publicada por,Springer-Verlag Berlin Heidelberg
9783642118388,está escrito en,Inglés
Guerino Mazzola,es autor de la obra,Musical Performance
Musical Performance,pertenece al género,Computer science
Musical Performance,pertenece al género,Algebraic topology
Musical Performance,pertenece al género,Music theory
9783642266416,es un codigo ISBN para el libro,Musical Performance : A Comprehensive Approach
9783642266416,es un codigo ISBN de una edicion publicada por,"Springer London, Limited"
9783642266416,está escrito en,Inglés
Guerino Mazzola,es autor de la obra,Musical Performance : A Comprehensive Approach
Musical Performance : A Comprehensive Approach,pertenece al género,"Music, performance"
Musical Performance : A Comprehensive Approach,pertenece al género,Aesthetics
9782752100290,es un codigo ISBN para el libro,La vérité du beau dans la musique
9782752100290,es un codigo ISBN de una edicion publicada por,Delatour France
9782752100290,es un codigo ISBN de una edicion publicada por,Ircam-Centre Pompidou
9782752100290,está escrito en,Francés
2752100299,es un codigo ISBN para el libro,La vérité du beau dans la musique
2752100299,es un codigo ISBN de una edicion publicada por,Delatour France
2752100299,es un codigo ISBN de una edicion publicada por,Ircam-Centre Pompidou
2752100299,está escrito en,Francés
Guerino Mazzola,es autor de la obra,La vérité du beau dans la musique
La vérité du beau dans la musique,pertenece al género,Music
La vérité du beau dans la musique,pertenece al género,Mathematics
La vérité du beau dans la musique,pertenece al género,Music theory
3764357312,es un codigo ISBN para el libro,The topos of music
0817657312,es un codigo ISBN para el libro,The topos of music
0817657312,es un codigo ISBN de una edicion publicada por,Birkhauser Verlag
0817657312,está escrito en,Inglés
Guerino Mazzola,es autor de la obra,The topos of music
The topos of music,pertenece al género,Mathematics
The topos of music,pertenece al género,Music
The topos of music,pertenece al género,Music theory
9783764323530,es un codigo ISBN para el libro,Geometrie der Töne. Elemente der Mathematischen Musiktheorie
9783764323530,es un codigo ISBN de una edicion publicada por,Birkhäuser Verlag
9783764323530,está escrito en,Alemán
3764323531,es un codigo ISBN para el libro,Geometrie der Töne. Elemente der Mathematischen Musiktheorie
3764323531,es un codigo ISBN de una edicion publicada por,Birkhäuser Verlag
3764323531,está escrito en,Alemán
Guerino Mazzola,es autor de la obra,Geometrie der Töne. Elemente der Mathematischen Musiktheorie
Geometrie der Töne. Elemente der Mathematischen Musiktheorie,pertenece al género,mathematics
Geometrie der Töne. Elemente der Mathematischen Musiktheorie,pertenece al género,music
Geometrie der Töne. Elemente der Mathematischen Musiktheorie,pertenece al género,category theory
3885382105,es un codigo ISBN para el libro,Gruppen und Kategorien in der Musik
3885382105,es un codigo ISBN de una edicion publicada por,Heldermann
3885382105,está escrito en,Alemán
Guerino Mazzola,es autor de la obra,Gruppen und Kategorien in der Musik
Gruppen und Kategorien in der Musik,pertenece al género,Categories (Mathematics)
Gruppen und Kategorien in der Musik,pertenece al género,Group theory
Gruppen und Kategorien in der Musik,pertenece al género,Mathematics
3764377453,es un codigo ISBN para el libro,Elemente der Musikinformatik
3764377453,es un codigo ISBN de una edicion publicada por,Birkhäuser Basel
3764377453,está escrito en,Alemán
9783764377458,es un codigo ISBN para el libro,Elemente der Musikinformatik
9783764377458,es un codigo ISBN de una edicion publicada por,Birkhäuser Basel
9783764377458,está escrito en,Alemán
Guerino Mazzola,es autor de la obra,Elemente der Musikinformatik
Elemente der Musikinformatik,pertenece al género,Music
Elemente der Musikinformatik,pertenece al género,Computer network resources
Elemente der Musikinformatik,pertenece al género,Information resources
9783319429373,es un codigo ISBN para el libro,Cool Math for Hot Music
9783319429373,es un codigo ISBN de una edicion publicada por,"Springer London, Limited"
9783319429373,está escrito en,Inglés
9783319826981,es un codigo ISBN para el libro,Cool Math for Hot Music
9783319826981,es un codigo ISBN de una edicion publicada por,Springer
3319826980,es un codigo ISBN para el libro,Cool Math for Hot Music
3319826980,es un codigo ISBN de una edicion publicada por,Springer
9783319429359,es un codigo ISBN para el libro,Cool Math for Hot Music
9783319429359,es un codigo ISBN de una edicion publicada por,Springer
3319429353,es un codigo ISBN para el libro,Cool Math for Hot Music
3319429353,es un codigo ISBN de una edicion publicada por,Springer
Guerino Mazzola,es autor de la obra,Cool Math for Hot Music
Cool Math for Hot Music,pertenece al género,"Music theory, mathematics"
9783034852333,es un codigo ISBN para el libro,Ansichten Eines Hirns
9783034852333,es un codigo ISBN de una edicion publicada por,Birkhauser Verlag
9783034852333,está escrito en,Alemán
Guerino Mazzola,es autor de la obra,Ansichten Eines Hirns
9783031301858,es un codigo ISBN para el libro,Classification of Musical Objects for Analysis and Composition
9783031301858,es un codigo ISBN de una edicion publicada por,Springer International Publishing AG
9783031301858,está escrito en,Inglés
9783031301827,es un codigo ISBN para el libro,Classification of Musical Objects for Analysis and Composition
9783031301827,es un codigo ISBN de una edicion publicada por,Springer International Publishing AG
9783031301827,está escrito en,Inglés
Guerino Mazzola,es autor de la obra,Classification of Musical Objects for Analysis and Composition
Classification of Musical Objects for Analysis and Composition,pertenece al género,"Music, instruction and study"
9783642245176,es un codigo ISBN para el libro,Musical Creativity
9783642245176,es un codigo ISBN de una edicion publicada por,Springer
9783642245176,está escrito en,Inglés
3662508648,es un codigo ISBN para el libro,Musical Creativity
3662508648,es un codigo ISBN de una edicion publicada por,Springer
9783662508640,es un codigo ISBN para el libro,Musical Creativity
9783662508640,es un codigo ISBN de una edicion publicada por,Springer
Guerino Mazzola,es autor de la obra,Musical Creativity
Musical Creativity,pertenece al género,Improvisation (music)
Musical Creativity,pertenece al género,"Music, data processing"
Musical Creativity,pertenece al género,Composition (music)
3540921958,es un codigo ISBN para el libro,"Flow, Gesture, and Spaces in Free Jazz: Towards a Theory of Collaboration (Computational Music Science)"
3540921958,es un codigo ISBN de una edicion publicada por,Springer
9783540921950,es un codigo ISBN para el libro,"Flow, Gesture, and Spaces in Free Jazz: Towards a Theory of Collaboration (Computational Music Science)"
9783540921950,es un codigo ISBN de una edicion publicada por,Springer
Guerino Mazzola,es autor de la obra,"Flow, Gesture, and Spaces in Free Jazz: Towards a Theory of Collaboration (Computational Music Science)"
"Flow, Gesture, and Spaces in Free Jazz: Towards a Theory of Collaboration (Computational Music Science)",pertenece al género,Cellular automata
"Flow, Gesture, and Spaces in Free Jazz: Towards a Theory of Collaboration (Computational Music Science)",pertenece al género,Jazz
9783319112367,es un codigo ISBN para el libro,Computational Counterpoint Worlds
9783319112367,es un codigo ISBN de una edicion publicada por,Springer International Publishing AG
9783319112367,está escrito en,Inglés
3319371673,es un codigo ISBN para el libro,Computational Counterpoint Worlds
3319371673,es un codigo ISBN de una edicion publicada por,Springer
9783319371672,es un codigo ISBN para el libro,Computational Counterpoint Worlds
9783319371672,es un codigo ISBN de una edicion publicada por,Springer
9783319112350,es un codigo ISBN para el libro,Computational Counterpoint Worlds
9783319112350,es un codigo ISBN de una edicion publicada por,Springer
331911235X,es un codigo ISBN para el libro,Computational Counterpoint Worlds
331911235X,es un codigo ISBN de una edicion publicada por,Springer
Guerino Mazzola,es autor de la obra,Computational Counterpoint Worlds
Computational Counterpoint Worlds,pertenece al género,Computer music
Computational Counterpoint Worlds,pertenece al género,Counterpoint
9783319114729,es un codigo ISBN para el libro,Computational Musicology in Hindustani Music
9783319114729,es un codigo ISBN de una edicion publicada por,Springer
9783319114729,está escrito en,Inglés
9783319114712,es un codigo ISBN para el libro,Computational Musicology in Hindustani Music
9783319114712,es un codigo ISBN de una edicion publicada por,Springer
3319114719,es un codigo ISBN para el libro,Computational Musicology in Hindustani Music
3319114719,es un codigo ISBN de una edicion publicada por,Springer
3319365533,es un codigo ISBN para el libro,Computational Musicology in Hindustani Music
3319365533,es un codigo ISBN de una edicion publicada por,Springer
9783319365534,es un codigo ISBN para el libro,Computational Musicology in Hindustani Music
9783319365534,es un codigo ISBN de una edicion publicada por,Springer
Guerino Mazzola,es autor de la obra,Computational Musicology in Hindustani Music
Computational Musicology in Hindustani Music,pertenece al género,Hindustani music
Computational Musicology in Hindustani Music,pertenece al género,Musical analysis
Computational Musicology in Hindustani Music,pertenece al género,"Analysis, appreciation"
9783540269373,es un codigo ISBN para el libro,Comprehensive Mathematics for Computer Scientists 2
9783540269373,es un codigo ISBN de una edicion publicada por,"Springer London, Limited"
9783540269373,está escrito en,Inglés
Guerino Mazzola,es autor de la obra,Comprehensive Mathematics for Computer Scientists 2
Comprehensive Mathematics for Computer Scientists 2,pertenece al género,Mathematics
3540368744,es un codigo ISBN para el libro,"Comprehensive Mathematics for Computer Scientists 1: Sets and Numbers, Graphs and Algebra, Logic and Machines, Linear Geometry (Universitext)"
3540368744,es un codigo ISBN de una edicion publicada por,Springer
9783540368748,es un codigo ISBN para el libro,"Comprehensive Mathematics for Computer Scientists 1: Sets and Numbers, Graphs and Algebra, Logic and Machines, Linear Geometry (Universitext)"
9783540368748,es un codigo ISBN de una edicion publicada por,Springer
Guerino Mazzola,es autor de la obra,"Comprehensive Mathematics for Computer Scientists 1: Sets and Numbers, Graphs and Algebra, Logic and Machines, Linear Geometry (Universitext)"
"Comprehensive Mathematics for Computer Scientists 1: Sets and Numbers, Graphs and Algebra, Logic and Machines, Linear Geometry (Universitext)",pertenece al género,Mathematics
9783319473345,es un codigo ISBN para el libro,All About Music : The Complete Ontology
9783319473345,es un codigo ISBN de una edicion publicada por,Springer International Publishing AG
9783319473345,está escrito en,Inglés
9783319837147,es un codigo ISBN para el libro,All About Music : The Complete Ontology
9783319837147,es un codigo ISBN de una edicion publicada por,Springer
3319837141,es un codigo ISBN para el libro,All About Music : The Complete Ontology
3319837141,es un codigo ISBN de una edicion publicada por,Springer
9783319473338,es un codigo ISBN para el libro,All About Music : The Complete Ontology
9783319473338,es un codigo ISBN de una edicion publicada por,Springer
3319473336,es un codigo ISBN para el libro,All About Music : The Complete Ontology
3319473336,es un codigo ISBN de una edicion publicada por,Springer
Guerino Mazzola,es autor de la obra,All About Music : The Complete Ontology
All About Music : The Complete Ontology,pertenece al género,Computer science
All About Music : The Complete Ontology,pertenece al género,Music
All About Music : The Complete Ontology,pertenece al género,Artificial intelligence
9783030851927,es un codigo ISBN para el libro,Functorial Semiotics for Creativity in Music and Mathematics
9783030851927,es un codigo ISBN de una edicion publicada por,Springer International Publishing AG
9783030851927,está escrito en,Inglés
9783030851897,es un codigo ISBN para el libro,Functorial Semiotics for Creativity in Music and Mathematics
9783030851897,es un codigo ISBN de una edicion publicada por,Springer International Publishing AG
9783030851897,está escrito en,Inglés
Guerino Mazzola,es autor de la obra,Functorial Semiotics for Creativity in Music and Mathematics
9783030856311,es un codigo ISBN para el libro,Making Musical Time
9783030856311,es un codigo ISBN de una edicion publicada por,Springer International Publishing AG
9783030856311,está escrito en,Inglés
9783030856281,es un codigo ISBN para el libro,Making Musical Time
9783030856281,es un codigo ISBN de una edicion publicada por,Springer International Publishing AG
9783030856281,está escrito en,Inglés
Guerino Mazzola,es autor de la obra,Making Musical Time
3540800735,es un codigo ISBN para el libro,Comprehensive Mathematics for Computer Scientists 2
3540800735,es un codigo ISBN de una edicion publicada por,Springer
9783540800736,es un codigo ISBN para el libro,Comprehensive Mathematics for Computer Scientists 2
9783540800736,es un codigo ISBN de una edicion publicada por,Springer
3642432840,es un codigo ISBN para el libro,"Flow, Gesture, and Spaces in Free Jazz"
3642432840,es un codigo ISBN de una edicion publicada por,Springer
9783642432842,es un codigo ISBN para el libro,"Flow, Gesture, and Spaces in Free Jazz"
9783642432842,es un codigo ISBN de una edicion publicada por,Springer
Guerino Mazzola,es autor de la obra,"Flow, Gesture, and Spaces in Free Jazz"
"Flow, Gesture, and Spaces in Free Jazz",pertenece al género,Cellular automata
"Flow, Gesture, and Spaces in Free Jazz",pertenece al género,Jazz
9781527501560,es un codigo ISBN para el libro,Creativity and Theory in Musicianship
9781527501560,es un codigo ISBN de una edicion publicada por,Cambridge Scholars Publishing
9781527501560,está escrito en,Inglés
Guerino Mazzola,es autor de la obra,Creativity and Theory in Musicianship
Creativity and Theory in Musicianship,pertenece al género,"Music, instruction and study"
9783030397111,es un codigo ISBN para el libro,The Future of Music
9783030397111,es un codigo ISBN de una edicion publicada por,Springer International Publishing AG
9783030397111,está escrito en,Inglés
3030397084,es un codigo ISBN para el libro,The Future of Music
3030397084,es un codigo ISBN de una edicion publicada por,Springer
3030397084,está escrito en,Inglés
9783030397081,es un codigo ISBN para el libro,The Future of Music
9783030397081,es un codigo ISBN de una edicion publicada por,Springer
9783030397081,está escrito en,Inglés
Guerino Mazzola,es autor de la obra,The Future of Music
The Future of Music,pertenece al género,Music theory
The Future of Music,pertenece al género,Application software
The Future of Music,pertenece al género,Mathematics
3319644793,es un codigo ISBN para el libro,The Topos of Music III : Gestures
3319644793,es un codigo ISBN de una edicion publicada por,Springer
9783319644790,es un codigo ISBN para el libro,The Topos of Music III : Gestures
9783319644790,es un codigo ISBN de una edicion publicada por,Springer
303009720X,es un codigo ISBN para el libro,The Topos of Music III : Gestures
303009720X,es un codigo ISBN de una edicion publicada por,Springer
9783030097202,es un codigo ISBN para el libro,The Topos of Music III : Gestures
9783030097202,es un codigo ISBN de una edicion publicada por,Springer
Guerino Mazzola,es autor de la obra,The Topos of Music III : Gestures
The Topos of Music III : Gestures,pertenece al género,Computer music
Hans A. Pestalozzi,es de nacionalidad,Switzerland
9783729603134,es un codigo ISBN para el libro,"Auf die Bäume, ihr Affen"
9783729603134,es un codigo ISBN de una edicion publicada por,Zytglogge-Verlag
9783729603134,está escrito en,Alemán
3729603132,es un codigo ISBN para el libro,"Auf die Bäume, ihr Affen"
3729603132,es un codigo ISBN de una edicion publicada por,Zytglogge-Verlag
3729603132,está escrito en,Alemán
Hans A. Pestalozzi,es autor de la obra,"Auf die Bäume, ihr Affen"
3442113490,es un codigo ISBN para el libro,Nach uns die Zukunft
3442113490,es un codigo ISBN de una edicion publicada por,Wilhelm Goldmann
3442113490,está escrito en,Alemán
3466110068,es un codigo ISBN para el libro,Nach uns die Zukunft
3466110068,es un codigo ISBN de una edicion publicada por,Ko sel-Verlag
3466110068,está escrito en,Alemán
Hans A. Pestalozzi,es autor de la obra,Nach uns die Zukunft
Nach uns die Zukunft,pertenece al género,Social conditions
Nach uns die Zukunft,pertenece al género,Economic conditions
Nach uns die Zukunft,pertenece al género,Social change
9783729603370,es un codigo ISBN para el libro,Rettet die Schweiz - schafft die Armee ab!
9783729603370,es un codigo ISBN de una edicion publicada por,Zytglogge
9783729603370,está escrito en,Alemán
372960337X,es un codigo ISBN para el libro,Rettet die Schweiz - schafft die Armee ab!
372960337X,es un codigo ISBN de una edicion publicada por,Zytglogge
372960337X,está escrito en,Alemán
Hans A. Pestalozzi,es autor de la obra,Rettet die Schweiz - schafft die Armee ab!
Rettet die Schweiz - schafft die Armee ab!,pertenece al género,Unilateralismus
Rettet die Schweiz - schafft die Armee ab!,pertenece al género,Abrüstung
Rettet die Schweiz - schafft die Armee ab!,pertenece al género,Aufsatzsammlung
9783729600980,es un codigo ISBN para el libro,Nach uns die Zukunft. Von der positiven Subversion
9783729600980,es un codigo ISBN de una edicion publicada por,Zytglogge-Verlag
3729600982,es un codigo ISBN para el libro,Nach uns die Zukunft. Von der positiven Subversion
3729600982,es un codigo ISBN de una edicion publicada por,Zytglogge-Verlag
Hans A. Pestalozzi,es autor de la obra,Nach uns die Zukunft. Von der positiven Subversion
Nach uns die Zukunft. Von der positiven Subversion,pertenece al género,Zukunft
Nach uns die Zukunft. Von der positiven Subversion,pertenece al género,Futurologie
Nach uns die Zukunft. Von der positiven Subversion,pertenece al género,Gesellschaftskritik
3889580114,es un codigo ISBN para el libro,Die sanfte Verblödung
3889580114,es un codigo ISBN de una edicion publicada por,Hermes-Verlag
3889580114,está escrito en,Alemán
Hans A. Pestalozzi,es autor de la obra,Die sanfte Verblödung
3729601598,es un codigo ISBN para el libro,"Rettet die Schweiz, schafft die Armee ab!"
3729601598,es un codigo ISBN de una edicion publicada por,Zytglogge
3729601598,está escrito en,Alemán
Hans A. Pestalozzi,es autor de la obra,"Rettet die Schweiz, schafft die Armee ab!"
"Rettet die Schweiz, schafft die Armee ab!",pertenece al género,Neutrality
"Rettet die Schweiz, schafft die Armee ab!",pertenece al género,Military policy
3729601075,es un codigo ISBN para el libro,M-Frühling
3729601075,es un codigo ISBN de una edicion publicada por,Zytglogge-Verlag
3729601075,está escrito en,Alemán
Hans A. Pestalozzi,es autor de la obra,M-Frühling
M-Frühling,pertenece al género,Supermarkets
M-Frühling,pertenece al género,Migros-Genossenschafts-Bund
M-Frühling,pertenece al género,Environmental aspects
3442113415,es un codigo ISBN para el libro,Frieden in Deutschland
3442113415,es un codigo ISBN de una edicion publicada por,W. Goldmann
3442113415,está escrito en,Alemán
Hans A. Pestalozzi,es autor de la obra,Frieden in Deutschland
Frieden in Deutschland,pertenece al género,Societies
Frieden in Deutschland,pertenece al género,History
Frieden in Deutschland,pertenece al género,Peace
Daniel Ammann,es de nacionalidad,Switzerland
9780312650681,es un codigo ISBN para el libro,The king of oil
9780312650681,es un codigo ISBN de una edicion publicada por,St. Martin's Griffin
9780312570743,es un codigo ISBN para el libro,The king of oil
9780312570743,es un codigo ISBN de una edicion publicada por,St. Martin's Press
9780312570743,está escrito en,Inglés
Daniel Ammann,es autor de la obra,The king of oil
The king of oil,pertenece al género,Administration of Criminal justice
The king of oil,pertenece al género,International cooperation
The king of oil,pertenece al género,Petroleum industry and trade
9783642525070,es un codigo ISBN para el libro,Ion-selective microelectrodes
9783642525070,es un codigo ISBN de una edicion publicada por,"Springer London, Limited"
9783642525070,está escrito en,Inglés
9783540162223,es un codigo ISBN para el libro,Ion-selective microelectrodes
9783540162223,es un codigo ISBN de una edicion publicada por,Springer
3540162224,es un codigo ISBN para el libro,Ion-selective microelectrodes
3540162224,es un codigo ISBN de una edicion publicada por,Springer
0387162224,es un codigo ISBN para el libro,Ion-selective microelectrodes
0387162224,es un codigo ISBN de una edicion publicada por,Springer-Verlag
0387162224,está escrito en,Inglés
0038716224,es un codigo ISBN para el libro,Ion-selective microelectrodes
0038716224,es un codigo ISBN de una edicion publicada por,Springer-Verlag
0038716224,está escrito en,Inglés
Daniel Ammann,es autor de la obra,Ion-selective microelectrodes
Ion-selective microelectrodes,pertenece al género,Ion selective Electrodes
Ion-selective microelectrodes,pertenece al género,Electrophysiology
Ion-selective microelectrodes,pertenece al género,Methods
3533044041,es un codigo ISBN para el libro,David Lodge and the art-and-reality novel
3533044041,es un codigo ISBN de una edicion publicada por,C. Winter
3533044041,está escrito en,Inglés
Daniel Ammann,es autor de la obra,David Lodge and the art-and-reality novel
David Lodge and the art-and-reality novel,pertenece al género,Literature
David Lodge and the art-and-reality novel,pertenece al género,Theory
David Lodge and the art-and-reality novel,pertenece al género,Knowledge
9781429986854,es un codigo ISBN para el libro,The king of oil
9781429986854,es un codigo ISBN de una edicion publicada por,St. Martin's Press
9781429986854,está escrito en,Inglés
9783428136803,es un codigo ISBN para el libro,Medizinethik und Medizinethische Expertengremien Im Licht des Öffentlichen Rechts
9783428136803,es un codigo ISBN de una edicion publicada por,Duncker & Humblot
9783428136803,está escrito en,Alemán
9783428536801,es un codigo ISBN para el libro,Medizinethik und Medizinethische Expertengremien Im Licht des Öffentlichen Rechts
9783428536801,es un codigo ISBN de una edicion publicada por,Duncker & Humblot GmbH
9783428536801,está escrito en,Alemán
Daniel Ammann,es autor de la obra,Medizinethik und Medizinethische Expertengremien Im Licht des Öffentlichen Rechts
3796510698,es un codigo ISBN para el libro,Kunst und Gentechnologie
3796510698,es un codigo ISBN de una edicion publicada por,Schwabe
3796510698,está escrito en,Alemán
Daniel Ammann,es autor de la obra,Kunst und Gentechnologie
3905111373,es un codigo ISBN para el libro,St. Gallen
3905111373,es un codigo ISBN de una edicion publicada por,AS Verlag und Buchkonzept
3905111373,está escrito en,Alemán
Daniel Ammann,es autor de la obra,St. Gallen
St. Gallen,pertenece al género,Pictorial works
9789655524291,es un codigo ISBN para el libro,Melekh ha-nefṭ
9789655524291,es un codigo ISBN de una edicion publicada por,Kineret
9789655524291,es un codigo ISBN de una edicion publicada por,Zemorah-Bitan
9789655524291,está escrito en,heb
9655524299,es un codigo ISBN para el libro,Melekh ha-nefṭ
9655524299,es un codigo ISBN de una edicion publicada por,Kineret
9655524299,es un codigo ISBN de una edicion publicada por,Zemorah-Bitan
9655524299,está escrito en,heb
Daniel Ammann,es autor de la obra,Melekh ha-nefṭ
Melekh ha-nefṭ,pertenece al género,Petroleum industry and trade
Melekh ha-nefṭ,pertenece al género,Biography
Melekh ha-nefṭ,pertenece al género,Tax evasion
3260039813,es un codigo ISBN para el libro,"Darstellung von alkali- und erdalkaliionenselektiven, elektrisch neutralen Trägerliganden und Entwicklung eines hochselektiven Ca²+-Sensors"
3260039813,es un codigo ISBN de una edicion publicada por,Juris-Druck und -Verlag
3260039813,está escrito en,Alemán
Daniel Ammann,es autor de la obra,"Darstellung von alkali- und erdalkaliionenselektiven, elektrisch neutralen Trägerliganden und Entwicklung eines hochselektiven Ca²+-Sensors"
"Darstellung von alkali- und erdalkaliionenselektiven, elektrisch neutralen Trägerliganden und Entwicklung eines hochselektiven Ca²+-Sensors",pertenece al género,Ion selective Electrodes
9783857874444,es un codigo ISBN para el libro,Jenseits der Blattränder
9783857874444,es un codigo ISBN de una edicion publicada por,Lenos Verlag
9783857874444,está escrito en,Alemán
9783857877766,es un codigo ISBN para el libro,Jenseits der Blattränder
9783857877766,es un codigo ISBN de una edicion publicada por,Lenos Verlag
9783857877766,está escrito en,Alemán
Daniel Ammann,es autor de la obra,Jenseits der Blattränder
Jenseits der Blattränder,pertenece al género,Plants
Jenseits der Blattränder,pertenece al género,Botany
Jenseits der Blattränder,pertenece al género,Miscellanea
9781537088921,es un codigo ISBN para el libro,Texte Meistern
9781537088921,es un codigo ISBN de una edicion publicada por,CreateSpace Independent Publishing Platform
9781537088921,está escrito en,Alemán
9781973936459,es un codigo ISBN para el libro,Texte Meistern
9781973936459,es un codigo ISBN de una edicion publicada por,CreateSpace Independent Publishing Platform
9781973936459,está escrito en,Alemán
Daniel Ammann,es autor de la obra,Texte Meistern
9788427037878,es un codigo ISBN para el libro,El rey del petróleo
9788427037878,es un codigo ISBN de una edicion publicada por,Ediciones Martínez Roca
8427037872,es un codigo ISBN para el libro,El rey del petróleo
8427037872,es un codigo ISBN de una edicion publicada por,Ediciones Martínez Roca
Daniel Ammann,es autor de la obra,El rey del petróleo
9789027277572,es un codigo ISBN para el libro,Index to Dialect Maps of Great Britain
9789027277572,es un codigo ISBN de una edicion publicada por,"Benjamins Publishing Company, John"
9789027277572,está escrito en,Inglés
Daniel Ammann,es autor de la obra,Index to Dialect Maps of Great Britain
3952486736,es un codigo ISBN para el libro,Der weiße Schatten und andere Geschichten
3952486736,es un codigo ISBN de una edicion publicada por,Magoria Verlag
9783952486733,es un codigo ISBN para el libro,Der weiße Schatten und andere Geschichten
9783952486733,es un codigo ISBN de una edicion publicada por,Magoria Verlag
Daniel Ammann,es autor de la obra,Der weiße Schatten und andere Geschichten
390752666X,es un codigo ISBN para el libro,Medien lesen
390752666X,es un codigo ISBN de una edicion publicada por,Verlag Pestalozzianum
390752666X,está escrito en,Alemán
Daniel Ammann,es autor de la obra,Medien lesen
Medien lesen,pertenece al género,Mass media and culture
Medien lesen,pertenece al género,Media literacy
Medien lesen,pertenece al género,Mass media
3037771119,es un codigo ISBN para el libro,Freiwilligenarbeit zwischen Freiheit und Professionalisierung
3037771119,es un codigo ISBN de una edicion publicada por,Seismo
3037771119,está escrito en,Alemán
9783037771112,es un codigo ISBN para el libro,Freiwilligenarbeit zwischen Freiheit und Professionalisierung
9783037771112,es un codigo ISBN de una edicion publicada por,Seismo
9783037771112,está escrito en,Alemán
Daniel Ammann,es autor de la obra,Freiwilligenarbeit zwischen Freiheit und Professionalisierung
Freiwilligenarbeit zwischen Freiheit und Professionalisierung,pertenece al género,Management
Freiwilligenarbeit zwischen Freiheit und Professionalisierung,pertenece al género,Congresses
Freiwilligenarbeit zwischen Freiheit und Professionalisierung,pertenece al género,Voluntarism
9783864423628,es un codigo ISBN para el libro,"Nicole Eisenman and the Modernists. Köpfe, Küsse, Kämpfe"
9783864423628,es un codigo ISBN de una edicion publicada por,Snoeck Verlagsgesellschaft mbH
9783864423628,está escrito en,Inglés
Daniel Ammann,es autor de la obra,"Nicole Eisenman and the Modernists. Köpfe, Küsse, Kämpfe"
"Nicole Eisenman and the Modernists. Köpfe, Küsse, Kämpfe",pertenece al género,Exhibitions
"Nicole Eisenman and the Modernists. Köpfe, Küsse, Kämpfe",pertenece al género,Modernism (Art)
"Nicole Eisenman and the Modernists. Köpfe, Küsse, Kämpfe",pertenece al género,Modernisme (Art)
Alexander Ziegler,es de nacionalidad,Switzerland
3726361472,es un codigo ISBN para el libro,Die Konsequenz
3726361472,es un codigo ISBN de una edicion publicada por,Schweizer Verlagshaus
3726361472,está escrito en,Alemán
3596234077,es un codigo ISBN para el libro,Die Konsequenz
3596234077,es un codigo ISBN de una edicion publicada por,Schweizer Verlagshaus
3596234077,está escrito en,Alemán
3596305594,es un codigo ISBN para el libro,Die Konsequenz
3596305594,es un codigo ISBN de una edicion publicada por,FISCHER Taschenbuch
9783596305599,es un codigo ISBN para el libro,Die Konsequenz
9783596305599,es un codigo ISBN de una edicion publicada por,FISCHER Taschenbuch
Alexander Ziegler,es autor de la obra,Die Konsequenz
Die Konsequenz,pertenece al género,Biography
Die Konsequenz,pertenece al género,Gay men
Die Konsequenz,pertenece al género,"Homosexuals, Male"
3596221900,es un codigo ISBN para el libro,Labyrinth
3596221900,está escrito en,Alemán
9783596221905,es un codigo ISBN para el libro,Labyrinth
9783596221905,está escrito en,Alemán
9783596305582,es un codigo ISBN para el libro,Labyrinth
9783596305582,es un codigo ISBN de una edicion publicada por,FISCHER Taschenbuch
3596305586,es un codigo ISBN para el libro,Labyrinth
3596305586,es un codigo ISBN de una edicion publicada por,FISCHER Taschenbuch
3726361871,es un codigo ISBN para el libro,Labyrinth
3726361871,es un codigo ISBN de una edicion publicada por,Schweizer Verlagshaus
3726361871,está escrito en,Alemán
Alexander Ziegler,es autor de la obra,Labyrinth
Labyrinth,pertenece al género,Biography
Labyrinth,pertenece al género,Gay men
Labyrinth,pertenece al género,Homosexuality
3596280524,es un codigo ISBN para el libro,Eines Mannes Liebe
3596280524,es un codigo ISBN de una edicion publicada por,Fischer Taschenbuch
3596280524,está escrito en,Alemán
9783596304448,es un codigo ISBN para el libro,Eines Mannes Liebe
9783596304448,es un codigo ISBN de una edicion publicada por,FISCHER Taschenbuch
359630444X,es un codigo ISBN para el libro,Eines Mannes Liebe
359630444X,es un codigo ISBN de una edicion publicada por,FISCHER Taschenbuch
3726362894,es un codigo ISBN para el libro,Eines Mannes Liebe
3726362894,es un codigo ISBN de una edicion publicada por,Schweizer Verlagshaus
3726362894,está escrito en,Alemán
Alexander Ziegler,es autor de la obra,Eines Mannes Liebe
3596281377,es un codigo ISBN para el libro,Die Zärtlichen
3596281377,es un codigo ISBN de una edicion publicada por,Fischer Taschenbuch Verlag
3596281377,está escrito en,Alemán
3726363416,es un codigo ISBN para el libro,Die Zärtlichen
3726363416,es un codigo ISBN de una edicion publicada por,"SV International, Schweizer Verlagshaus"
3726363416,está escrito en,Alemán
Alexander Ziegler,es autor de la obra,Die Zärtlichen
3596238056,es un codigo ISBN para el libro,Kein Recht auf Liebe
3596238056,es un codigo ISBN de una edicion publicada por,Fischer
3726362118,es un codigo ISBN para el libro,Kein Recht auf Liebe
3726362118,es un codigo ISBN de una edicion publicada por,Schweizer Verlagshaus
3726362118,está escrito en,Alemán
Alexander Ziegler,es autor de la obra,Kein Recht auf Liebe
9781514384459,es un codigo ISBN para el libro,Martin Behaim Aus Nürnberg
9781514384459,es un codigo ISBN de una edicion publicada por,CreateSpace Independent Publishing Platform
9781514384459,está escrito en,Alemán
9781494857844,es un codigo ISBN para el libro,Martin Behaim Aus Nürnberg
9781494857844,es un codigo ISBN de una edicion publicada por,CreateSpace Independent Publishing Platform
9781494857844,está escrito en,Alemán
Alexander Ziegler,es autor de la obra,Martin Behaim Aus Nürnberg
3922257305,es un codigo ISBN para el libro,Angstträume
3922257305,es un codigo ISBN de una edicion publicada por,Foerster
3922257305,está escrito en,Alemán
Alexander Ziegler,es autor de la obra,Angstträume
3726362711,es un codigo ISBN para el libro,Gesellschaftsspiele
3726362711,es un codigo ISBN de una edicion publicada por,Schweizer Verlagshaus
3726362711,está escrito en,Alemán
Alexander Ziegler,es autor de la obra,Gesellschaftsspiele
3726364528,es un codigo ISBN para el libro,Halunkengelächter
3726364528,es un codigo ISBN de una edicion publicada por,Schweizer Verlagshaus
3726364528,está escrito en,Alemán
Alexander Ziegler,es autor de la obra,Halunkengelächter
3726364595,es un codigo ISBN para el libro,Ich bekenne
3726364595,es un codigo ISBN de una edicion publicada por,"SV international, Schweizer Verlagshaus"
3726364595,está escrito en,Alemán
Alexander Ziegler,es autor de la obra,Ich bekenne
Ich bekenne,pertenece al género,Biography
Ich bekenne,pertenece al género,Swiss Authors
9284211972,es un codigo ISBN para el libro,"Transfer of Ownership in International Trade (Publication (International Chamber of Commerce), No 546.)"
9284211972,es un codigo ISBN de una edicion publicada por,Icc Pub
9284211972,está escrito en,Inglés
9789284211975,es un codigo ISBN para el libro,"Transfer of Ownership in International Trade (Publication (International Chamber of Commerce), No 546.)"
9789284211975,es un codigo ISBN de una edicion publicada por,Icc Pub
9789284211975,está escrito en,Inglés
9789041131348,es un codigo ISBN para el libro,"Transfer of Ownership in International Trade (Publication (International Chamber of Commerce), No 546.)"
9789041131348,es un codigo ISBN de una edicion publicada por,Kluwer Law International
9789041131348,es un codigo ISBN de una edicion publicada por,"Sold and distributed in North, Central and South America by: Aspen Publishers"
9789041131348,está escrito en,Inglés
9041112200,es un codigo ISBN para el libro,"Transfer of Ownership in International Trade (Publication (International Chamber of Commerce), No 546.)"
9041112200,es un codigo ISBN de una edicion publicada por,ICC Pub. SA
9041112200,es un codigo ISBN de una edicion publicada por,Kluwer Law International
9041112200,está escrito en,Inglés
9284211972,es un codigo ISBN de una edicion publicada por,ICC Pub. SA
9284211972,es un codigo ISBN de una edicion publicada por,Kluwer Law International
9789041112200,es un codigo ISBN para el libro,"Transfer of Ownership in International Trade (Publication (International Chamber of Commerce), No 546.)"
9789041112200,es un codigo ISBN de una edicion publicada por,Kluwer Law International
9789041112200,está escrito en,Inglés
Alexander Ziegler,es autor de la obra,"Transfer of Ownership in International Trade (Publication (International Chamber of Commerce), No 546.)"
"Transfer of Ownership in International Trade (Publication (International Chamber of Commerce), No 546.)",pertenece al género,Conflict of laws
"Transfer of Ownership in International Trade (Publication (International Chamber of Commerce), No 546.)",pertenece al género,Transfer
"Transfer of Ownership in International Trade (Publication (International Chamber of Commerce), No 546.)",pertenece al género,Export sales contracts
9783838652412,es un codigo ISBN para el libro,Programmierung Mit Servlets und Applets in Java
9783838652412,es un codigo ISBN de una edicion publicada por,Diplomarbeiten Agentur diplom.de. ein Imprint der Diplomica
9783838652412,está escrito en,Alemán
Alexander Ziegler,es autor de la obra,Programmierung Mit Servlets und Applets in Java
9783662519769,es un codigo ISBN para el libro,In-situ Materials Characterization
9783662519769,es un codigo ISBN de una edicion publicada por,Springer Berlin / Heidelberg
9783662519769,está escrito en,Inglés
9783642451522,es un codigo ISBN para el libro,In-situ Materials Characterization
9783642451522,es un codigo ISBN de una edicion publicada por,"Springer London, Limited"
9783642451522,está escrito en,Inglés
9783642451515,es un codigo ISBN para el libro,In-situ Materials Characterization
9783642451515,es un codigo ISBN de una edicion publicada por,Springer
3642451519,es un codigo ISBN para el libro,In-situ Materials Characterization
3642451519,es un codigo ISBN de una edicion publicada por,Springer
Alexander Ziegler,es autor de la obra,In-situ Materials Characterization
In-situ Materials Characterization,pertenece al género,Materials
In-situ Materials Characterization,pertenece al género,Nanostructures
In-situ Materials Characterization,pertenece al género,Building materials
3789061948,es un codigo ISBN para el libro,"Haftungsgrundlage im internationalen Seefrachtrecht. Evolution der Haftungsgrundlage von den Haager Regeln zu den Hamburger Regeln unter BerÂÃ¼cksichti ... Frankreich, Deutschland und der Schweiz"
3789061948,es un codigo ISBN de una edicion publicada por,Nomos Verlagsgesellschaft
3789061948,está escrito en,Alemán
9783789061943,es un codigo ISBN para el libro,"Haftungsgrundlage im internationalen Seefrachtrecht. Evolution der Haftungsgrundlage von den Haager Regeln zu den Hamburger Regeln unter BerÂÃ¼cksichti ... Frankreich, Deutschland und der Schweiz"
9783789061943,es un codigo ISBN de una edicion publicada por,Nomos Verlagsgesellschaft
9783789061943,está escrito en,Alemán
Alexander Ziegler,es autor de la obra,"Haftungsgrundlage im internationalen Seefrachtrecht. Evolution der Haftungsgrundlage von den Haager Regeln zu den Hamburger Regeln unter BerÂÃ¼cksichti ... Frankreich, Deutschland und der Schweiz"
9789041131485,es un codigo ISBN para el libro,The Rotterdam Rules 2008
9789041131485,es un codigo ISBN de una edicion publicada por,Kluwer Law International
9789041131485,es un codigo ISBN de una edicion publicada por,"Sold and distributed in North, Central and South America by Aspen Publishers"
Alexander Ziegler,es autor de la obra,The Rotterdam Rules 2008
The Rotterdam Rules 2008,pertenece al género,Rotterdam Rules
The Rotterdam Rules 2008,pertenece al género,Law and legislation
The Rotterdam Rules 2008,pertenece al género,Maritime Contracts
3789019607,es un codigo ISBN para el libro,Schadenersatz im internationalen Seefrachtrecht
3789019607,es un codigo ISBN de una edicion publicada por,Nomos
3789019607,está escrito en,Alemán
3789019607,está escrito en,Inglés
Alexander Ziegler,es autor de la obra,Schadenersatz im internationalen Seefrachtrecht
Schadenersatz im internationalen Seefrachtrecht,pertenece al género,Liability for marine accidents
Schadenersatz im internationalen Seefrachtrecht,pertenece al género,Maritime Insurance
Schadenersatz im internationalen Seefrachtrecht,pertenece al género,Maritime law
3725531005,es un codigo ISBN para el libro,Internationales Recht auf See und Binnengewässern
3725531005,es un codigo ISBN de una edicion publicada por,Schulthess
3725531005,está escrito en,Alemán
3725531005,está escrito en,Inglés
3725531005,está escrito en,Francés
Alexander Ziegler,es autor de la obra,Internationales Recht auf See und Binnengewässern
Internationales Recht auf See und Binnengewässern,pertenece al género,International rivers
Internationales Recht auf See und Binnengewässern,pertenece al género,Maritime law
9780274468003,es un codigo ISBN para el libro,Regiomontanus
9780274468003,es un codigo ISBN de una edicion publicada por,"Creative Media Partners, LLC"
9780274468003,está escrito en,Alemán
9781018528755,es un codigo ISBN para el libro,Regiomontanus
9781018528755,es un codigo ISBN de una edicion publicada por,"Creative Media Partners, LLC"
9781018528755,está escrito en,Alemán
9781018523637,es un codigo ISBN para el libro,Regiomontanus
9781018523637,es un codigo ISBN de una edicion publicada por,"Creative Media Partners, LLC"
9781018523637,está escrito en,Alemán
Alexander Ziegler,es autor de la obra,Regiomontanus
9781020603846,es un codigo ISBN para el libro,Neuestes Reisehandbuch für Thüringen
9781020603846,es un codigo ISBN de una edicion publicada por,"Creative Media Partners, LLC"
9781020603846,está escrito en,Alemán
Alexander Ziegler,es autor de la obra,Neuestes Reisehandbuch für Thüringen
Neuestes Reisehandbuch für Thüringen,pertenece al género,Guidebooks
Neuestes Reisehandbuch für Thüringen,pertenece al género,Guidebook
Neuestes Reisehandbuch für Thüringen,pertenece al género,Travel information
9780270006391,es un codigo ISBN para el libro,Der deutsche auswanderer nach den Vereinigten Staaten von Nordamerika
9780270006391,es un codigo ISBN de una edicion publicada por,"Creative Media Partners, LLC"
9780270006391,está escrito en,Alemán
Alexander Ziegler,es autor de la obra,Der deutsche auswanderer nach den Vereinigten Staaten von Nordamerika
9781017827156,es un codigo ISBN para el libro,"Meine Reise Im Orient, Zweiter Theil"
9781017827156,es un codigo ISBN de una edicion publicada por,"Creative Media Partners, LLC"
9781017827156,está escrito en,Alemán
Alexander Ziegler,es autor de la obra,"Meine Reise Im Orient, Zweiter Theil"
0887402321,es un codigo ISBN para el libro,Messerschmitt Me 163 Komet
0887402321,es un codigo ISBN de una edicion publicada por,Schiffer Pub.
0887402321,está escrito en,Inglés
Alexander Ziegler,es autor de la obra,Messerschmitt Me 163 Komet
Messerschmitt Me 163 Komet,pertenece al género,Tanks (military science)
Charles Monnard,es de nacionalidad,Switzerland
9781022081802,es un codigo ISBN para el libro,Chrestomathie des Prosateurs Français du Quatorzième Au Seizième Siècle
9781022081802,es un codigo ISBN de una edicion publicada por,"Creative Media Partners, LLC"
9781022081802,está escrito en,Francés
9781020838255,es un codigo ISBN para el libro,Chrestomathie des Prosateurs Français du Quatorzième Au Seizième Siècle
9781020838255,es un codigo ISBN de una edicion publicada por,"Creative Media Partners, LLC"
9781020838255,está escrito en,Francés
9781385932766,es un codigo ISBN para el libro,Chrestomathie des Prosateurs Français du Quatorzième Au Seizième Siècle
9781385932766,es un codigo ISBN de una edicion publicada por,"Creative Media Partners, LLC"
9781385932766,está escrito en,Francés
9780270113044,es un codigo ISBN para el libro,Chrestomathie des Prosateurs Français du Quatorzième Au Seizième Siècle
9780270113044,es un codigo ISBN de una edicion publicada por,"Creative Media Partners, LLC"
9780270113044,está escrito en,Francés
Charles Monnard,es autor de la obra,Chrestomathie des Prosateurs Français du Quatorzième Au Seizième Siècle
9781021820617,es un codigo ISBN para el libro,"Notice Biographique Sur le Général Frédéric-César de la Harpe, Précepteur de l'empereur de Russie Alexandre I. Directeur de la République Helvétique Citoyen Suisse du Canton du Vaud..."
9781021820617,es un codigo ISBN de una edicion publicada por,"Creative Media Partners, LLC"
9781021820617,está escrito en,Francés
Charles Monnard,es autor de la obra,"Notice Biographique Sur le Général Frédéric-César de la Harpe, Précepteur de l'empereur de Russie Alexandre I. Directeur de la République Helvétique Citoyen Suisse du Canton du Vaud..."
Metin Arditi,es de nacionalidad,Switzerland
9782246861423,es un codigo ISBN para el libro,L'enfant qui mesurait le monde
9782246861423,es un codigo ISBN de una edicion publicada por,B. Grasset
9782246861423,está escrito en,Francés
224686142X,es un codigo ISBN para el libro,L'enfant qui mesurait le monde
224686142X,es un codigo ISBN de una edicion publicada por,B. Grasset
224686142X,está escrito en,Francés
Metin Arditi,es autor de la obra,L'enfant qui mesurait le monde
L'enfant qui mesurait le monde,pertenece al género,Roman
L'enfant qui mesurait le monde,pertenece al género,Pères et filles
L'enfant qui mesurait le monde,pertenece al género,"Romans, nouvelles"
9782246804390,es un codigo ISBN para el libro,La confrérie des moines volants
9782246804390,es un codigo ISBN de una edicion publicada por,Bernard Grasset
9782246804390,está escrito en,Francés
Metin Arditi,es autor de la obra,La confrérie des moines volants
9782742777174,es un codigo ISBN para el libro,L'imprévisible
9782742777174,es un codigo ISBN de una edicion publicada por,Actes sud
9782742777174,es un codigo ISBN de una edicion publicada por,Leméac
9782742777174,está escrito en,Francés
9782760928404,es un codigo ISBN para el libro,L'imprévisible
9782760928404,es un codigo ISBN de una edicion publicada por,Actes sud
9782760928404,es un codigo ISBN de una edicion publicada por,Leméac
9782760928404,está escrito en,Francés
2742762574,es un codigo ISBN para el libro,L'imprévisible
2742762574,es un codigo ISBN de una edicion publicada por,Actes sud
2742762574,está escrito en,Francés
Metin Arditi,es autor de la obra,L'imprévisible
9782330018696,es un codigo ISBN para el libro,Turquetto
9782330018696,es un codigo ISBN de una edicion publicada por,ACTES SUD
233001869X,es un codigo ISBN para el libro,Turquetto
233001869X,es un codigo ISBN de una edicion publicada por,ACTES SUD
9750715152,es un codigo ISBN para el libro,Turquetto
9750715152,es un codigo ISBN de una edicion publicada por,Can
9789750715150,es un codigo ISBN para el libro,Turquetto
9789750715150,es un codigo ISBN de una edicion publicada por,Can
Metin Arditi,es autor de la obra,Turquetto
9782760926868,es un codigo ISBN para el libro,La pension Marguerite
9782760926868,es un codigo ISBN de una edicion publicada por,Actes sud
9782760926868,es un codigo ISBN de una edicion publicada por,Leméac
9782760926868,está escrito en,Francés
9782742769025,es un codigo ISBN para el libro,La pension Marguerite
9782742769025,es un codigo ISBN de una edicion publicada por,Actes sud
9782742769025,es un codigo ISBN de una edicion publicada por,Leméac
9782742769025,está escrito en,Francés
2760926869,es un codigo ISBN para el libro,La pension Marguerite
2760926869,es un codigo ISBN de una edicion publicada por,Actes sud
2760926869,es un codigo ISBN de una edicion publicada por,Leméac
2760926869,está escrito en,Francés
2742769021,es un codigo ISBN para el libro,La pension Marguerite
2742769021,es un codigo ISBN de una edicion publicada por,Actes sud
2742769021,es un codigo ISBN de una edicion publicada por,Leméac
2742769021,está escrito en,Francés
9782742758883,es un codigo ISBN para el libro,La pension Marguerite
9782742758883,es un codigo ISBN de una edicion publicada por,Actes sud
9782742758883,está escrito en,Francés
2742758887,es un codigo ISBN para el libro,La pension Marguerite
2742758887,es un codigo ISBN de una edicion publicada por,Actes sud
2742758887,está escrito en,Francés
Metin Arditi,es autor de la obra,La pension Marguerite
2881824552,es un codigo ISBN para el libro,La chambre de Vincent
2881824552,es un codigo ISBN de una edicion publicada por,Zoé
2881824552,está escrito en,Francés
Metin Arditi,es autor de la obra,La chambre de Vincent
La chambre de Vincent,pertenece al género,Childhood and youth
La chambre de Vincent,pertenece al género,Boarding school students
La chambre de Vincent,pertenece al género,Biography
9782246823957,es un codigo ISBN para el libro,L'homme qui peignait les âmes
9782246823957,es un codigo ISBN de una edicion publicada por,GRASSET
2246823951,es un codigo ISBN para el libro,L'homme qui peignait les âmes
2246823951,es un codigo ISBN de una edicion publicada por,GRASSET
Metin Arditi,es autor de la obra,L'homme qui peignait les âmes
9782330012564,es un codigo ISBN para el libro,Prince d'orchestre
9782330012564,es un codigo ISBN de una edicion publicada por,Actes sud
9782330012564,es un codigo ISBN de una edicion publicada por,Leméac
9782330012564,está escrito en,Francés
9782760908352,es un codigo ISBN para el libro,Prince d'orchestre
9782760908352,es un codigo ISBN de una edicion publicada por,Actes sud
9782760908352,es un codigo ISBN de una edicion publicada por,Leméac
9782760908352,está escrito en,Francés
Metin Arditi,es autor de la obra,Prince d'orchestre
Prince d'orchestre,pertenece al género,Conductors (Music)
Prince d'orchestre,pertenece al género,Fiction
2742754644,es un codigo ISBN para el libro,Dernière lettre à Théo
2742754644,es un codigo ISBN de una edicion publicada por,Actes Sud
2742754644,está escrito en,Francés
Metin Arditi,es autor de la obra,Dernière lettre à Théo
9782742785353,es un codigo ISBN para el libro,Loin des bras
9782742785353,es un codigo ISBN de una edicion publicada por,Actes sud
9782742785353,está escrito en,Francés
2742785353,es un codigo ISBN para el libro,Loin des bras
2742785353,es un codigo ISBN de una edicion publicada por,Actes sud
2742785353,está escrito en,Francés
Metin Arditi,es autor de la obra,Loin des bras
9782246816003,es un codigo ISBN para el libro,Carnaval noir
9782246816003,es un codigo ISBN de una edicion publicada por,Bernard Grasset
9782246816003,está escrito en,Francés
Metin Arditi,es autor de la obra,Carnaval noir
Carnaval noir,pertenece al género,Confraternities
Carnaval noir,pertenece al género,Fiction
Carnaval noir,pertenece al género,History
9782246813194,es un codigo ISBN para el libro,Mon père sur mes épaules
9782246813194,es un codigo ISBN de una edicion publicada por,Bernard Grasset
9782246813194,es un codigo ISBN de una edicion publicada por,Grasset and Fasquelle
9782246813194,está escrito en,Francés
2246813190,es un codigo ISBN para el libro,Mon père sur mes épaules
2246813190,es un codigo ISBN de una edicion publicada por,Bernard Grasset
2246813190,es un codigo ISBN de una edicion publicada por,Grasset and Fasquelle
2246813190,está escrito en,Francés
Metin Arditi,es autor de la obra,Mon père sur mes épaules
Mon père sur mes épaules,pertenece al género,Family
Mon père sur mes épaules,pertenece al género,Swiss Authors
Mon père sur mes épaules,pertenece al género,Biography
9782246825999,es un codigo ISBN para el libro,Rachel et les siens
9782246825999,es un codigo ISBN de una edicion publicada por,Bernard Grasset
9782246825999,está escrito en,Francés
Metin Arditi,es autor de la obra,Rachel et les siens
9782246829317,es un codigo ISBN para el libro,Tu seras mon père
9782246829317,es un codigo ISBN de una edicion publicada por,Bernard Grasset
9782246829317,está escrito en,Francés
Metin Arditi,es autor de la obra,Tu seras mon père
9788416259076,es un codigo ISBN para el libro,El turquetto
9788416259076,es un codigo ISBN de una edicion publicada por,Navona
8416259070,es un codigo ISBN para el libro,El turquetto
8416259070,es un codigo ISBN de una edicion publicada por,Navona
Metin Arditi,es autor de la obra,El turquetto
9782298011401,es un codigo ISBN para el libro,La fille des louganis
9782298011401,es un codigo ISBN de una edicion publicada por,France loisirs
2298011400,es un codigo ISBN para el libro,La fille des louganis
2298011400,es un codigo ISBN de una edicion publicada por,France loisirs
Metin Arditi,es autor de la obra,La fille des louganis
9782757840085,es un codigo ISBN para el libro,Confr'rie des Moines Volants(la)
9782757840085,es un codigo ISBN de una edicion publicada por,Contemporary French Fiction
2757840088,es un codigo ISBN para el libro,Confr'rie des Moines Volants(la)
2757840088,es un codigo ISBN de una edicion publicada por,Contemporary French Fiction
Metin Arditi,es autor de la obra,Confr'rie des Moines Volants(la)
9789750849077,es un codigo ISBN para el libro,Babam Omuzlarimda
9789750849077,es un codigo ISBN de una edicion publicada por,Yapi Kredi Yayinlari
9750849078,es un codigo ISBN para el libro,Babam Omuzlarimda
9750849078,es un codigo ISBN de una edicion publicada por,Yapi Kredi Yayinlari
Metin Arditi,es autor de la obra,Babam Omuzlarimda
9782742799459,es un codigo ISBN para el libro,Loin des bras
9782742799459,es un codigo ISBN de una edicion publicada por,Actes Sud
9782742799459,está escrito en,Francés
2742799451,es un codigo ISBN para el libro,Loin des bras
2742799451,es un codigo ISBN de una edicion publicada por,Actes Sud
2742799451,está escrito en,Francés
2881823513,es un codigo ISBN para el libro,Le mystère Machiavel
2881823513,es un codigo ISBN de una edicion publicada por,Editions Zoé
2881823513,está escrito en,Francés
Metin Arditi,es autor de la obra,Le mystère Machiavel
Le mystère Machiavel,pertenece al género,Bible
9781938901201,es un codigo ISBN para el libro,The Conductor Of Illusions
9781938901201,es un codigo ISBN de una edicion publicada por,Roaring Forties Press
Metin Arditi,es autor de la obra,The Conductor Of Illusions
The Conductor Of Illusions,pertenece al género,Conductors (Music)
The Conductor Of Illusions,pertenece al género,Fiction
The Conductor Of Illusions,pertenece al género,Change (Psychology)
9782742769018,es un codigo ISBN para el libro,La fille des Louganis
9782742769018,es un codigo ISBN de una edicion publicada por,Actes Sud
9782742769018,está escrito en,Francés
Metin Arditi,es autor de la obra,La fille des Louganis
2881822908,es un codigo ISBN para el libro,Mon cher Jean--
2881822908,es un codigo ISBN de una edicion publicada por,Editions Zoé
2881822908,está escrito en,Francés
Metin Arditi,es autor de la obra,Mon cher Jean--
Mon cher Jean--,pertenece al género,Criticism and interpretation
2881823998,es un codigo ISBN para el libro,"Nietzsche, ou, L'insaisissable consolation"
2881823998,es un codigo ISBN de una edicion publicada por,Editions Zoé
2881823998,está escrito en,Francés
Metin Arditi,es autor de la obra,"Nietzsche, ou, L'insaisissable consolation"
"Nietzsche, ou, L'insaisissable consolation",pertenece al género,Views on consolation
"Nietzsche, ou, L'insaisissable consolation",pertenece al género,Consolation
9782760925267,es un codigo ISBN para el libro,Victoria-Hall
9782760925267,es un codigo ISBN de una edicion publicada por,Actes sud
9782760925267,es un codigo ISBN de una edicion publicada por,Leméac
9782760925267,está escrito en,Francés
9782742758951,es un codigo ISBN para el libro,Victoria-Hall
9782742758951,es un codigo ISBN de una edicion publicada por,Actes sud
9782742758951,es un codigo ISBN de una edicion publicada por,Leméac
9782742758951,está escrito en,Francés
2760925269,es un codigo ISBN para el libro,Victoria-Hall
2760925269,es un codigo ISBN de una edicion publicada por,Actes sud
2760925269,es un codigo ISBN de una edicion publicada por,Leméac
2760925269,está escrito en,Francés
274275895X,es un codigo ISBN para el libro,Victoria-Hall
274275895X,es un codigo ISBN de una edicion publicada por,Actes sud
274275895X,es un codigo ISBN de una edicion publicada por,Leméac
274275895X,está escrito en,Francés
Metin Arditi,es autor de la obra,Victoria-Hall
9782760907300,es un codigo ISBN para el libro,Le Turquetto
9782760907300,es un codigo ISBN de una edicion publicada por,Actes sud
9782760907300,es un codigo ISBN de una edicion publicada por,Leméac
9782760907300,está escrito en,Francés
9782742799190,es un codigo ISBN para el libro,Le Turquetto
9782742799190,es un codigo ISBN de una edicion publicada por,Actes sud
9782742799190,es un codigo ISBN de una edicion publicada por,Leméac
9782742799190,está escrito en,Francés
Metin Arditi,es autor de la obra,Le Turquetto
Le Turquetto,pertenece al género,Jewish artists
Le Turquetto,pertenece al género,Fiction
Jean-Georges Lossier,es de nacionalidad,Switzerland
2940133077,es un codigo ISBN para el libro,"Poésie complète, 1939-1994"
2940133077,es un codigo ISBN de una edicion publicada por,Editions Empreintes
2940133077,está escrito en,Francés
Jean-Georges Lossier,es autor de la obra,"Poésie complète, 1939-1994"
Catherine Colomb,es de nacionalidad,Switzerland
9782825103883,es un codigo ISBN para el libro,OEUVRES COMPLETES T.3
9782825103883,es un codigo ISBN de una edicion publicada por,AGE D'HOMME
2825103888,es un codigo ISBN para el libro,OEUVRES COMPLETES T.3
2825103888,es un codigo ISBN de una edicion publicada por,AGE D'HOMME
Catherine Colomb,es autor de la obra,OEUVRES COMPLETES T.3
3545362965,es un codigo ISBN para el libro,Tagundnachtgleiche
3545362965,es un codigo ISBN de una edicion publicada por,Benziger
3545362965,es un codigo ISBN de una edicion publicada por,Ex Libris
3545362965,está escrito en,Alemán
Catherine Colomb,es autor de la obra,Tagundnachtgleiche
2825103861,es un codigo ISBN para el libro,Œuvres complètes
2825103861,es un codigo ISBN de una edicion publicada por,L'Age d'homme
2825103861,está escrito en,Francés
Catherine Colomb,es autor de la obra,Œuvres complètes
9782866060343,es un codigo ISBN para el libro,Ursula et Colombine
9782866060343,es un codigo ISBN de una edicion publicada por,Ed. I.L.M.
9782866060343,está escrito en,Francés
2866060342,es un codigo ISBN para el libro,Ursula et Colombine
2866060342,es un codigo ISBN de una edicion publicada por,Ed. I.L.M.
2866060342,está escrito en,Francés
Catherine Colomb,es autor de la obra,Ursula et Colombine
9780857423726,es un codigo ISBN para el libro,Spirits of the Earth
9780857423726,es un codigo ISBN de una edicion publicada por,University of Chicago Press
9780857423726,está escrito en,Inglés
Catherine Colomb,es autor de la obra,Spirits of the Earth
Spirits of the Earth,pertenece al género,"Fiction, general"
Spirits of the Earth,pertenece al género,Upper class
Spirits of the Earth,pertenece al género,Fiction
Jean-Noël Cuénod,es de nacionalidad,Switzerland
9782832102657,es un codigo ISBN para el libro,Une verite judiciaire: roman
9782832102657,es un codigo ISBN de una edicion publicada por,Slatkine Reprints
9782832102657,está escrito en,Francés
Jean-Noël Cuénod,es autor de la obra,Une verite judiciaire: roman
Une verite judiciaire: roman,pertenece al género,French literature
Une verite judiciaire: roman,pertenece al género,OUR Brockhaus selection
9782940188444,es un codigo ISBN para el libro,Circonstances
9782940188444,es un codigo ISBN de una edicion publicada por,Samizdat
9782940188444,está escrito en,Francés
2940188440,es un codigo ISBN para el libro,Circonstances
2940188440,es un codigo ISBN de una edicion publicada por,Samizdat
2940188440,está escrito en,Francés
Jean-Noël Cuénod,es autor de la obra,Circonstances
2832105033,es un codigo ISBN para el libro,Quinquennat d'un plouc chez les bobos
2832105033,es un codigo ISBN de una edicion publicada por,Slatkine
2832105033,está escrito en,Francés
9782832105030,es un codigo ISBN para el libro,Quinquennat d'un plouc chez les bobos
9782832105030,es un codigo ISBN de una edicion publicada por,Slatkine
9782832105030,está escrito en,Francés
Jean-Noël Cuénod,es autor de la obra,Quinquennat d'un plouc chez les bobos
Quinquennat d'un plouc chez les bobos,pertenece al género,Humor
Quinquennat d'un plouc chez les bobos,pertenece al género,Politics and government
Quinquennat d'un plouc chez les bobos,pertenece al género,Blogs
9782881290268,es un codigo ISBN para el libro,"Vérité-vérites, ou, la justice au quotidien"
9782881290268,es un codigo ISBN de una edicion publicada por,Promoédition
9782881290268,está escrito en,Francés
2881290264,es un codigo ISBN para el libro,"Vérité-vérites, ou, la justice au quotidien"
2881290264,es un codigo ISBN de una edicion publicada por,Promoédition
2881290264,está escrito en,Francés
Jean-Noël Cuénod,es autor de la obra,"Vérité-vérites, ou, la justice au quotidien"
"Vérité-vérites, ou, la justice au quotidien",pertenece al género,Law
"Vérité-vérites, ou, la justice au quotidien",pertenece al género,Anecdotes
"Vérité-vérites, ou, la justice au quotidien",pertenece al género,Administration of Justice
2826511319,es un codigo ISBN para el libro,De l'assassinat de Sissi à l'acquittement de Mikhaïlov
2826511319,es un codigo ISBN de una edicion publicada por,Tribune de Genève
2826511319,está escrito en,Francés
Jean-Noël Cuénod,es autor de la obra,De l'assassinat de Sissi à l'acquittement de Mikhaïlov
De l'assassinat de Sissi à l'acquittement de Mikhaïlov,pertenece al género,Politics and government
De l'assassinat de Sissi à l'acquittement de Mikhaïlov,pertenece al género,"Trials, litigation"
De l'assassinat de Sissi à l'acquittement de Mikhaïlov,pertenece al género,Administration of Justice
Patrizia Barbuiani,es de nacionalidad,Switzerland
Plinio Martini,es de nacionalidad,Switzerland
9788877137296,es un codigo ISBN para el libro,Il fondo del sacco
9788877137296,es un codigo ISBN de una edicion publicada por,Casagrande
9788877137296,es un codigo ISBN de una edicion publicada por,Edizioni Casagrande
9788877137296,está escrito en,Italiano
Plinio Martini,es autor de la obra,Il fondo del sacco
8882811298,es un codigo ISBN para el libro,Requiem per zia Domenica
8882811298,es un codigo ISBN de una edicion publicada por,Armando Dado Editore
8882811298,está escrito en,Italiano
8882811298,es un codigo ISBN de una edicion publicada por,A. Dadò
Plinio Martini,es autor de la obra,Requiem per zia Domenica
Requiem per zia Domenica,pertenece al género,Italian & Romance Lit
Requiem per zia Domenica,pertenece al género,SEL Library selection
071453935X,es un codigo ISBN para el libro,The Bottom of the Barrel
071453935X,es un codigo ISBN de una edicion publicada por,Calder
071453935X,es un codigo ISBN de una edicion publicada por,Riverrun ; London
9780714539355,es un codigo ISBN para el libro,The Bottom of the Barrel
9780714539355,es un codigo ISBN de una edicion publicada por,Riverrun Pr
071453935X,es un codigo ISBN de una edicion publicada por,Riverrun Pr
Plinio Martini,es autor de la obra,The Bottom of the Barrel
9780714539430,es un codigo ISBN para el libro,The Bottom of the Sack
9780714539430,es un codigo ISBN de una edicion publicada por,Rizzoli Intl Pubns
9780714539430,está escrito en,Inglés
0714539430,es un codigo ISBN para el libro,The Bottom of the Sack
0714539430,es un codigo ISBN de una edicion publicada por,Rizzoli Intl Pubns
0714539430,está escrito en,Inglés
Plinio Martini,es autor de la obra,The Bottom of the Sack
8882810321,es un codigo ISBN para el libro,Nessuno ha pregato per noi
8882810321,es un codigo ISBN de una edicion publicada por,A. Dadò
8882810321,está escrito en,Italiano
Plinio Martini,es autor de la obra,Nessuno ha pregato per noi
Nessuno ha pregato per noi,pertenece al género,History
Nessuno ha pregato per noi,pertenece al género,Social conditions
9788419017369,es un codigo ISBN para el libro,El fons del sac
9788419017369,es un codigo ISBN de una edicion publicada por,Angle Editorial
8419017361,es un codigo ISBN para el libro,El fons del sac
8419017361,es un codigo ISBN de una edicion publicada por,Angle Editorial
Plinio Martini,es autor de la obra,El fons del sac
3717202065,es un codigo ISBN para el libro,Nicht Anfang und nicht Ende
3717202065,es un codigo ISBN de una edicion publicada por,Werner Classen
3717202065,está escrito en,Alemán
Plinio Martini,es autor de la obra,Nicht Anfang und nicht Ende
Jean Rudolf von Salis,es de nacionalidad,Switzerland
3596256801,es un codigo ISBN para el libro,Notizen eines Müssiggängers
3596256801,es un codigo ISBN de una edicion publicada por,Fischer-Taschenbuch-Verl.
3596256801,está escrito en,Alemán
9783596256808,es un codigo ISBN para el libro,Notizen eines Müssiggängers
9783596256808,es un codigo ISBN de una edicion publicada por,Fischer-Taschenbuch-Verl.
9783596256808,está escrito en,Alemán
Jean Rudolf von Salis,es autor de la obra,Notizen eines Müssiggängers
Notizen eines Müssiggängers,pertenece al género,Jean Rudolf von Salis
Notizen eines Müssiggängers,pertenece al género,Tagebuch 1981-1983
328001154X,es un codigo ISBN para el libro,Weltgeschichte der neuesten Zeit
328001154X,es un codigo ISBN de una edicion publicada por,"Orell Füssli, Zürich"
9783280011546,es un codigo ISBN para el libro,Weltgeschichte der neuesten Zeit
9783280011546,es un codigo ISBN de una edicion publicada por,"Orell Füssli, Zürich"
Jean Rudolf von Salis,es autor de la obra,Weltgeschichte der neuesten Zeit
Fritz Schwarz,es de nacionalidad,Switzerland
9781322634487,es un codigo ISBN para el libro,Algorithmic Lie Theory for Solving Ordinary Differential Equations
9781322634487,es un codigo ISBN de una edicion publicada por,CRC Press LLC
9781322634487,está escrito en,Inglés
9780367388546,es un codigo ISBN para el libro,Algorithmic Lie Theory for Solving Ordinary Differential Equations
9780367388546,es un codigo ISBN de una edicion publicada por,Taylor & Francis Group
9780367388546,está escrito en,Inglés
9781584888901,es un codigo ISBN para el libro,Algorithmic Lie Theory for Solving Ordinary Differential Equations
9781584888901,es un codigo ISBN de una edicion publicada por,Taylor & Francis Group
9781584888901,está escrito en,Inglés
9780429150456,es un codigo ISBN para el libro,Algorithmic Lie Theory for Solving Ordinary Differential Equations
9780429150456,es un codigo ISBN de una edicion publicada por,Taylor & Francis Group
9780429150456,está escrito en,Inglés
Fritz Schwarz,es autor de la obra,Algorithmic Lie Theory for Solving Ordinary Differential Equations
9783709116876,es un codigo ISBN para el libro,Loewy Decomposition of Linear Differential Equations
9783709116876,es un codigo ISBN de una edicion publicada por,Springer
3709116872,es un codigo ISBN para el libro,Loewy Decomposition of Linear Differential Equations
3709116872,es un codigo ISBN de una edicion publicada por,Springer
9783709112878,es un codigo ISBN para el libro,Loewy Decomposition of Linear Differential Equations
9783709112878,es un codigo ISBN de una edicion publicada por,Springer
3709112877,es un codigo ISBN para el libro,Loewy Decomposition of Linear Differential Equations
3709112877,es un codigo ISBN de una edicion publicada por,Springer
9783709112861,es un codigo ISBN para el libro,Loewy Decomposition of Linear Differential Equations
9783709112861,es un codigo ISBN de una edicion publicada por,Imprint: Springer
9783709112861,es un codigo ISBN de una edicion publicada por,Springer Vienna
9783709112861,está escrito en,Inglés
Fritz Schwarz,es autor de la obra,Loewy Decomposition of Linear Differential Equations
Loewy Decomposition of Linear Differential Equations,pertenece al género,Appl.Mathematics/Computational Methods of Engineering
Loewy Decomposition of Linear Differential Equations,pertenece al género,Partial Differential equations
Loewy Decomposition of Linear Differential Equations,pertenece al género,Computer science
158488889X,es un codigo ISBN para el libro,Algorithmic Lie Theory for Solving Ordinary Differential Equations (Pure and Applied Mathematics)
158488889X,es un codigo ISBN de una edicion publicada por,Chapman & Hall/CRC
158488889X,está escrito en,Inglés
9781584888895,es un codigo ISBN para el libro,Algorithmic Lie Theory for Solving Ordinary Differential Equations (Pure and Applied Mathematics)
9781584888895,es un codigo ISBN de una edicion publicada por,Chapman & Hall/CRC
9781584888895,está escrito en,Inglés
Fritz Schwarz,es autor de la obra,Algorithmic Lie Theory for Solving Ordinary Differential Equations (Pure and Applied Mathematics)
Algorithmic Lie Theory for Solving Ordinary Differential Equations (Pure and Applied Mathematics),pertenece al género,Differential equations
Algorithmic Lie Theory for Solving Ordinary Differential Equations (Pure and Applied Mathematics),pertenece al género,Numerical solutions
Algorithmic Lie Theory for Solving Ordinary Differential Equations (Pure and Applied Mathematics),pertenece al género,Lie algebras
3795889251,es un codigo ISBN para el libro,"""Wenn Kirchenmitglieder Christen werden--"""
3795889251,es un codigo ISBN de una edicion publicada por,Schriftenmissions-Verlag
Fritz Schwarz,es autor de la obra,"""Wenn Kirchenmitglieder Christen werden--"""
"""Wenn Kirchenmitglieder Christen werden--""",pertenece al género,Christianity
158488889X,es un codigo ISBN para el libro,Algorithmic lie theory for solving ordinary differential equations
9781584888895,es un codigo ISBN para el libro,Algorithmic lie theory for solving ordinary differential equations
Fritz Schwarz,es autor de la obra,Algorithmic lie theory for solving ordinary differential equations
Algorithmic lie theory for solving ordinary differential equations,pertenece al género,Differential equations
Algorithmic lie theory for solving ordinary differential equations,pertenece al género,Numerical solutions
Algorithmic lie theory for solving ordinary differential equations,pertenece al género,Lie algebras
9781584888895,es un codigo ISBN para el libro,Alogrithmic lie theory for solving ordinary differential equations
9781584888895,es un codigo ISBN de una edicion publicada por,Taylor & Francis
Fritz Schwarz,es autor de la obra,Alogrithmic lie theory for solving ordinary differential equations
Alogrithmic lie theory for solving ordinary differential equations,pertenece al género,Differential equations
Alogrithmic lie theory for solving ordinary differential equations,pertenece al género,Numerical solutions
Alogrithmic lie theory for solving ordinary differential equations,pertenece al género,Lie algebras
3761546637,es un codigo ISBN para el libro,Theologie des Gemeindeaufbaus
3761546637,es un codigo ISBN de una edicion publicada por,Aussaat Verlag
3761546637,está escrito en,Alemán
Fritz Schwarz,es autor de la obra,Theologie des Gemeindeaufbaus
Theologie des Gemeindeaufbaus,pertenece al género,Practical Theology
Theologie des Gemeindeaufbaus,pertenece al género,Church growth
Theologie des Gemeindeaufbaus,pertenece al género,Church
9783111202860,es un codigo ISBN para el libro,Vocabularium iurisprudentiae Romanae : Auspiciis instituti Savigniani Fundatum
9783111202860,es un codigo ISBN de una edicion publicada por,"de Gruyter GmbH, Walter"
9783111202860,está escrito en,Alemán
Fritz Schwarz,es autor de la obra,Vocabularium iurisprudentiae Romanae : Auspiciis instituti Savigniani Fundatum
9783709112854,es un codigo ISBN para el libro,Loewy Decomposition Of Linear Differential Equations
9783709112854,es un codigo ISBN de una edicion publicada por,Springer
Fritz Schwarz,es autor de la obra,Loewy Decomposition Of Linear Differential Equations
Loewy Decomposition Of Linear Differential Equations,pertenece al género,Numerical solutions
Loewy Decomposition Of Linear Differential Equations,pertenece al género,Linear Differential equations
Loewy Decomposition Of Linear Differential Equations,pertenece al género,Decomposition (Mathematics)
0820444073,es un codigo ISBN para el libro,Values and human experience
0820444073,es un codigo ISBN de una edicion publicada por,P. Lang
0820444073,está escrito en,Inglés
9780820444079,es un codigo ISBN para el libro,Values and human experience
9780820444079,es un codigo ISBN de una edicion publicada por,"Lang Publishing, Incorporated, Peter"
9780820444079,es un codigo ISBN de una edicion publicada por,Peter Lang Publishing
9780820444079,está escrito en,Inglés
0820444073,es un codigo ISBN de una edicion publicada por,"Lang Publishing, Incorporated, Peter"
0820444073,es un codigo ISBN de una edicion publicada por,Peter Lang Publishing
Fritz Schwarz,es autor de la obra,Values and human experience
Values and human experience,pertenece al género,Ethics
Values and human experience,pertenece al género,Values
Values and human experience,pertenece al género,"Philosophy, modern"
9783852527000,es un codigo ISBN para el libro,Fritz Schwarz-Waldegg
9783852527000,es un codigo ISBN de una edicion publicada por,Jüdische Museum der Stadt Wien
9783852527000,es un codigo ISBN de una edicion publicada por,Verlag Bibliothek der Provinz
9783852527000,está escrito en,Alemán
3852527007,es un codigo ISBN para el libro,Fritz Schwarz-Waldegg
3852527007,es un codigo ISBN de una edicion publicada por,Jüdische Museum der Stadt Wien
3852527007,es un codigo ISBN de una edicion publicada por,Verlag Bibliothek der Provinz
3852527007,está escrito en,Alemán
Fritz Schwarz,es autor de la obra,Fritz Schwarz-Waldegg
Fritz Schwarz-Waldegg,pertenece al género,Exhibitions
3826014324,es un codigo ISBN para el libro,Der erwiderte Blick
3826014324,es un codigo ISBN de una edicion publicada por,Königshausen & Neumann
3826014324,está escrito en,Alemán
Fritz Schwarz,es autor de la obra,Der erwiderte Blick
Der erwiderte Blick,pertenece al género,French literature
Der erwiderte Blick,pertenece al género,African literature (French)
Der erwiderte Blick,pertenece al género,North African literature (French)
3900173419,es un codigo ISBN para el libro,Vom Wahren und Guten
3900173419,es un codigo ISBN de una edicion publicada por,Verlag St. Peter
3900173419,está escrito en,Alemán
3900173419,está escrito en,Inglés
Fritz Schwarz,es autor de la obra,Vom Wahren und Guten
Vom Wahren und Guten,pertenece al género,Ethics
Vom Wahren und Guten,pertenece al género,Philosophy
9783955582142,es un codigo ISBN para el libro,Traumlos ohne Takt
9783955582142,es un codigo ISBN de una edicion publicada por,Brandes & Apsel
9783955582142,está escrito en,Alemán
Fritz Schwarz,es autor de la obra,Traumlos ohne Takt
Traumlos ohne Takt,pertenece al género,German poetry
Traumlos ohne Takt,pertenece al género,Awards
Traumlos ohne Takt,pertenece al género,Literarischer März
9783835102125,es un codigo ISBN para el libro,Die Kunst des Modellierens
9783835102125,es un codigo ISBN de una edicion publicada por,Luderer Bernd
9783835102125,es un codigo ISBN de una edicion publicada por,Vieweg+Teubner Verlag
3835102125,es un codigo ISBN para el libro,Die Kunst des Modellierens
3835102125,es un codigo ISBN de una edicion publicada por,Luderer Bernd
3835102125,es un codigo ISBN de una edicion publicada por,Vieweg+Teubner Verlag
Fritz Schwarz,es autor de la obra,Die Kunst des Modellierens
Christian Mu?ller,es de nacionalidad,Switzerland
9783701312627,es un codigo ISBN para el libro,Ziegelbrennen
9783701312627,es un codigo ISBN de una edicion publicada por,Otto Mu ller Verlag
9783701312627,está escrito en,Alemán
Christian Mu?ller,es autor de la obra,Ziegelbrennen
9783834904249,es un codigo ISBN para el libro,Controlling und Rechnungslegung
9783834904249,es un codigo ISBN de una edicion publicada por,"Betriebswirtschaftlicher Verlag Dr. Th. Gabler / GWV Fachverlage, Wiesbaden"
9783834904249,está escrito en,Alemán
3834997188,es un codigo ISBN para el libro,Controlling und Rechnungslegung
3834997188,es un codigo ISBN de una edicion publicada por,"Betriebswirtschaftlicher Verlag Dr. Th. Gabler / GWV Fachverlage, Wiesbaden"
3834997188,está escrito en,Alemán
9783834997180,es un codigo ISBN para el libro,Controlling und Rechnungslegung
9783834997180,es un codigo ISBN de una edicion publicada por,"Betriebswirtschaftlicher Verlag Dr. Th. Gabler / GWV Fachverlage, Wiesbaden"
9783834997180,está escrito en,Alemán
3834904244,es un codigo ISBN para el libro,Controlling und Rechnungslegung
3834904244,es un codigo ISBN de una edicion publicada por,"Betriebswirtschaftlicher Verlag Dr. Th. Gabler / GWV Fachverlage, Wiesbaden"
3834904244,está escrito en,Alemán
Christian Mu?ller,es autor de la obra,Controlling und Rechnungslegung
Controlling und Rechnungslegung,pertenece al género,Management science
Controlling und Rechnungslegung,pertenece al género,Auditing
Controlling und Rechnungslegung,pertenece al género,Economics
9781015376359,es un codigo ISBN para el libro,Correct Order of Fundamental Harmonies
9781015376359,es un codigo ISBN de una edicion publicada por,"Creative Media Partners, LLC"
9781015376359,está escrito en,Inglés
Christian Mu?ller,es autor de la obra,Correct Order of Fundamental Harmonies
Guido A. Zäch,es de nacionalidad,Switzerland
9783540550501,es un codigo ISBN para el libro,Rehabilitation Beginnt Am Unfallort
9783540550501,es un codigo ISBN de una edicion publicada por,Springer Berlin / Heidelberg
9783540550501,está escrito en,Alemán
9783642772313,es un codigo ISBN para el libro,Rehabilitation Beginnt Am Unfallort
9783642772313,es un codigo ISBN de una edicion publicada por,"Springer London, Limited"
9783642772313,está escrito en,Alemán
Guido A. Zäch,es autor de la obra,Rehabilitation Beginnt Am Unfallort
3805579802,es un codigo ISBN para el libro,Paraplegie
3805579802,es un codigo ISBN de una edicion publicada por,Karger
3805579802,está escrito en,Alemán
Guido A. Zäch,es autor de la obra,Paraplegie
Paraplegie,pertenece al género,Medical
Paraplegie,pertenece al género,Nonfiction
Albert A. Stahel,es de nacionalidad,Switzerland
3728130451,es un codigo ISBN para el libro,Widerstand der Besiegten
3728130451,es un codigo ISBN de una edicion publicada por,vdf Hochschulverlag an der ETH
3728130451,está escrito en,Alemán
9783728130457,es un codigo ISBN para el libro,Widerstand der Besiegten
9783728130457,es un codigo ISBN de una edicion publicada por,vdf Hochschulverlag an der ETH
9783728130457,está escrito en,Alemán
Albert A. Stahel,es autor de la obra,Widerstand der Besiegten
Widerstand der Besiegten,pertenece al género,Guerrilla warfare
Widerstand der Besiegten,pertenece al género,History
3907983106,es un codigo ISBN para el libro,Die Strategie des Kleinstaates Schweiz gestern heute morgen
3907983106,es un codigo ISBN de una edicion publicada por,Schweizerzeit
3907983106,está escrito en,Alemán
Albert A. Stahel,es autor de la obra,Die Strategie des Kleinstaates Schweiz gestern heute morgen
Die Strategie des Kleinstaates Schweiz gestern heute morgen,pertenece al género,Politics and government
Die Strategie des Kleinstaates Schweiz gestern heute morgen,pertenece al género,Congresses
Die Strategie des Kleinstaates Schweiz gestern heute morgen,pertenece al género,National security
3952095060,es un codigo ISBN para el libro,Krieg in der Gegenwart
3952095060,es un codigo ISBN de una edicion publicada por,Militärakademie an der ETH Zürich
3952095060,está escrito en,Alemán
3952095060,está escrito en,Inglés
Albert A. Stahel,es autor de la obra,Krieg in der Gegenwart
Krieg in der Gegenwart,pertenece al género,War
Krieg in der Gegenwart,pertenece al género,Congresses
Krieg in der Gegenwart,pertenece al género,War (Philosophy)
3764810033,es un codigo ISBN para el libro,Die Anwendung von Lanchester-Modellen für die Beschreibung und die Simulation von Interaktionen im Guerillakrieg
3764810033,es un codigo ISBN de una edicion publicada por,Biblio-Verlag
3764810033,está escrito en,Alemán
Albert A. Stahel,es autor de la obra,Die Anwendung von Lanchester-Modellen für die Beschreibung und die Simulation von Interaktionen im Guerillakrieg
Die Anwendung von Lanchester-Modellen für die Beschreibung und die Simulation von Interaktionen im Guerillakrieg,pertenece al género,Data processing
Die Anwendung von Lanchester-Modellen für die Beschreibung und die Simulation von Interaktionen im Guerillakrieg,pertenece al género,Guerrilla warfare
Die Anwendung von Lanchester-Modellen für die Beschreibung und die Simulation von Interaktionen im Guerillakrieg,pertenece al género,Mathematical models
3728123692,es un codigo ISBN para el libro,Klassiker der Strategie
3728123692,es un codigo ISBN de una edicion publicada por,vdf Hochschulverlag
3728123692,está escrito en,Alemán
Albert A. Stahel,es autor de la obra,Klassiker der Strategie
Klassiker der Strategie,pertenece al género,Strategy
3728128619,es un codigo ISBN para el libro,Klassiker der Strategie - eine Bewertung. Strategie und Konfliktforschung
3728128619,es un codigo ISBN de una edicion publicada por,vdf Hochschulverlag
3728128619,está escrito en,Alemán
9783728128614,es un codigo ISBN para el libro,Klassiker der Strategie - eine Bewertung. Strategie und Konfliktforschung
9783728128614,es un codigo ISBN de una edicion publicada por,vdf Hochschulverlag
9783728128614,está escrito en,Alemán
Albert A. Stahel,es autor de la obra,Klassiker der Strategie - eine Bewertung. Strategie und Konfliktforschung
9783728126313,es un codigo ISBN para el libro,Konflikte und Kriege. Simulationstechnik und Spieltheorie
9783728126313,es un codigo ISBN de una edicion publicada por,vdf Hochschulverlag AG an der ETH Zürich
9783728126313,está escrito en,Alemán
3728126314,es un codigo ISBN para el libro,Konflikte und Kriege. Simulationstechnik und Spieltheorie
3728126314,es un codigo ISBN de una edicion publicada por,vdf Hochschulverlag AG an der ETH Zürich
3728126314,está escrito en,Alemán
Albert A. Stahel,es autor de la obra,Konflikte und Kriege. Simulationstechnik und Spieltheorie
3728119857,es un codigo ISBN para el libro,Luftverteidigung
3728119857,es un codigo ISBN de una edicion publicada por,Verlag der Fachvereine Zürich
3728119857,está escrito en,Alemán
Albert A. Stahel,es autor de la obra,Luftverteidigung
Luftverteidigung,pertenece al género,Air defenses
Luftverteidigung,pertenece al género,Air power
Luftverteidigung,pertenece al género,History
3274000140,es un codigo ISBN para el libro,Marxistisch-leninistische Konzeptionen des Terrorismus und der Revolution
3274000140,es un codigo ISBN de una edicion publicada por,Allgemeine Schweizerische Militärzeitschrift
3274000140,es un codigo ISBN de una edicion publicada por,Huber
3274000140,está escrito en,Alemán
Albert A. Stahel,es autor de la obra,Marxistisch-leninistische Konzeptionen des Terrorismus und der Revolution
Marxistisch-leninistische Konzeptionen des Terrorismus und der Revolution,pertenece al género,Communist strategy
Marxistisch-leninistische Konzeptionen des Terrorismus und der Revolution,pertenece al género,Revolutions and socialism
Marxistisch-leninistische Konzeptionen des Terrorismus und der Revolution,pertenece al género,Terrorism
3719307395,es un codigo ISBN para el libro,Simulationen sicherheitspolitischer Prozesse anhand von Beispielen und Problemen der schweizerischen Sicherheitspolitik
3719307395,es un codigo ISBN de una edicion publicada por,Huber
3719307395,está escrito en,Alemán
Albert A. Stahel,es autor de la obra,Simulationen sicherheitspolitischer Prozesse anhand von Beispielen und Problemen der schweizerischen Sicherheitspolitik
Simulationen sicherheitspolitischer Prozesse anhand von Beispielen und Problemen der schweizerischen Sicherheitspolitik,pertenece al género,Guerrilla warfare
Simulationen sicherheitspolitischer Prozesse anhand von Beispielen und Problemen der schweizerischen Sicherheitspolitik,pertenece al género,Simulation methods
Simulationen sicherheitspolitischer Prozesse anhand von Beispielen und Problemen der schweizerischen Sicherheitspolitik,pertenece al género,Strategy
9783728124906,es un codigo ISBN para el libro,"Strategisch denken. Ziel - Mittel - Einsatz in Politik, Wirtschaft und Armee"
9783728124906,es un codigo ISBN de una edicion publicada por,vdf Hochschulverlag AG an der ETH Zürich
3728124907,es un codigo ISBN para el libro,"Strategisch denken. Ziel - Mittel - Einsatz in Politik, Wirtschaft und Armee"
3728124907,es un codigo ISBN de una edicion publicada por,vdf Hochschulverlag AG an der ETH Zürich
Albert A. Stahel,es autor de la obra,"Strategisch denken. Ziel - Mittel - Einsatz in Politik, Wirtschaft und Armee"
3907543106,es un codigo ISBN para el libro,Indirekte Strategie
3907543106,es un codigo ISBN de una edicion publicada por,Presdok AG
3907543106,está escrito en,Alemán
Albert A. Stahel,es autor de la obra,Indirekte Strategie
Indirekte Strategie,pertenece al género,Communist strategy
Indirekte Strategie,pertenece al género,Military relations
Indirekte Strategie,pertenece al género,Psychological warfare
371930891X,es un codigo ISBN para el libro,"USA, UdSSR, Nuklearkrieg?"
371930891X,es un codigo ISBN de una edicion publicada por,Huber
371930891X,está escrito en,Alemán
Albert A. Stahel,es autor de la obra,"USA, UdSSR, Nuklearkrieg?"
"USA, UdSSR, Nuklearkrieg?",pertenece al género,Cruise missiles
"USA, UdSSR, Nuklearkrieg?",pertenece al género,Intercontinental ballistic missiles
"USA, UdSSR, Nuklearkrieg?",pertenece al género,Nuclear warfare
385823849X,es un codigo ISBN para el libro,Schweizerische Militärpolitik der Zukunft
385823849X,es un codigo ISBN de una edicion publicada por,Buchverlag Neue Z urcher Zeitung
385823849X,está escrito en,Alemán
385823849X,es un codigo ISBN de una edicion publicada por,"NZZ, Neue Zürcher Zeitung"
Albert A. Stahel,es autor de la obra,Schweizerische Militärpolitik der Zukunft
Schweizerische Militärpolitik der Zukunft,pertenece al género,Politics and government
Schweizerische Militärpolitik der Zukunft,pertenece al género,Switzerland
Schweizerische Militärpolitik der Zukunft,pertenece al género,Military policy
3258059497,es un codigo ISBN para el libro,Organisierte Kriminalität und Sicherheit
3258059497,es un codigo ISBN de una edicion publicada por,P. Haupt
3258059497,está escrito en,Alemán
Albert A. Stahel,es autor de la obra,Organisierte Kriminalität und Sicherheit
Organisierte Kriminalität und Sicherheit,pertenece al género,Organized crime
Organisierte Kriminalität und Sicherheit,pertenece al género,Congresses
9783728127884,es un codigo ISBN para el libro,Afghanistan - ein Land am Scheideweg
9783728127884,es un codigo ISBN de una edicion publicada por,vdf Hochschulverlag ETH Zürich
3728127884,es un codigo ISBN para el libro,Afghanistan - ein Land am Scheideweg
3728127884,es un codigo ISBN de una edicion publicada por,vdf Hochschulverlag ETH Zürich
3728127884,es un codigo ISBN de una edicion publicada por,vdf Hochschulverlag an der ETH
3728127884,está escrito en,Alemán
3728127884,es un codigo ISBN de una edicion publicada por,VDF Hochschulverlag an der ETH Z urich
Albert A. Stahel,es autor de la obra,Afghanistan - ein Land am Scheideweg
Afghanistan - ein Land am Scheideweg,pertenece al género,History
Afghanistan - ein Land am Scheideweg,pertenece al género,Sozialwissenschaften
Afghanistan - ein Land am Scheideweg,pertenece al género,SEL Library selection
Frédéric Monneron,es de nacionalidad,Switzerland
2884641998,es un codigo ISBN para el libro,"Frederic Monneron, ou, La nostalgie de l'au-dela"
2884641998,es un codigo ISBN de una edicion publicada por,Editions à la Carte
2884641998,está escrito en,Francés
Frédéric Monneron,es autor de la obra,"Frederic Monneron, ou, La nostalgie de l'au-dela"
"Frederic Monneron, ou, La nostalgie de l'au-dela",pertenece al género,French Poets
"Frederic Monneron, ou, La nostalgie de l'au-dela",pertenece al género,Biography
Pia Gyger,es de nacionalidad,Switzerland
3725206317,es un codigo ISBN para el libro,Die Erde ruft
3725206317,es un codigo ISBN de una edicion publicada por,Rex Verlag
3725206317,está escrito en,Alemán
Pia Gyger,es autor de la obra,Die Erde ruft
Die Erde ruft,pertenece al género,Youth
Die Erde ruft,pertenece al género,Religious life
Die Erde ruft,pertenece al género,Conduct of life
9783725205790,es un codigo ISBN para el libro,Mensch verbinde Erde und Himmel. Christliche Elemente einer kosmischen Spiritualität
9783725205790,es un codigo ISBN de una edicion publicada por,Rex Verlag
3725205795,es un codigo ISBN para el libro,Mensch verbinde Erde und Himmel. Christliche Elemente einer kosmischen Spiritualität
3725205795,es un codigo ISBN de una edicion publicada por,Rex Verlag
Pia Gyger,es autor de la obra,Mensch verbinde Erde und Himmel. Christliche Elemente einer kosmischen Spiritualität
1556128169,es un codigo ISBN para el libro,That we may join earth and heaven
1556128169,es un codigo ISBN de una edicion publicada por,Sheed & Ward
1556128169,está escrito en,Inglés
Pia Gyger,es autor de la obra,That we may join earth and heaven
That we may join earth and heaven,pertenece al género,Church and social problems
That we may join earth and heaven,pertenece al género,Doctrinal Theology
That we may join earth and heaven,pertenece al género,East and West
Petermann Etterlin,es de nacionalidad,Switzerland
9781019332191,es un codigo ISBN para el libro,Kronika Von der Loblichen Eidgnoschaft
9781019332191,es un codigo ISBN de una edicion publicada por,"Creative Media Partners, LLC"
9781019332191,está escrito en,Alemán
Petermann Etterlin,es autor de la obra,Kronika Von der Loblichen Eidgnoschaft
Joseph Spillmann,es de nacionalidad,Switzerland
3855481504,es un codigo ISBN para el libro,Der schwarze Schumacher
3855481504,es un codigo ISBN de una edicion publicada por,H. R. Balmer
3855481504,está escrito en,Alemán
Joseph Spillmann,es autor de la obra,Der schwarze Schumacher
142802879X,es un codigo ISBN para el libro,The Shipwreck (A Story for the Young)
142802879X,es un codigo ISBN de una edicion publicada por,IndyPublish
142802879X,está escrito en,Inglés
9781428028791,es un codigo ISBN para el libro,The Shipwreck (A Story for the Young)
9781428028791,es un codigo ISBN de una edicion publicada por,IndyPublish
9781428028791,está escrito en,Inglés
Joseph Spillmann,es autor de la obra,The Shipwreck (A Story for the Young)
Robert Seidel,es de nacionalidad,Switzerland
348436520X,es un codigo ISBN para el libro,Späthumanismus in Schlesien
348436520X,es un codigo ISBN de una edicion publicada por,Niemeyer
348436520X,está escrito en,Alemán
Robert Seidel,es autor de la obra,Späthumanismus in Schlesien
Späthumanismus in Schlesien,pertenece al género,Biography
Späthumanismus in Schlesien,pertenece al género,Intellectual life
Späthumanismus in Schlesien,pertenece al género,Classicists
9780126349603,es un codigo ISBN para el libro,Computer Literacy
9780126349603,es un codigo ISBN de una edicion publicada por,Academic Pr
9780126349603,está escrito en,Inglés
0126349606,es un codigo ISBN para el libro,Computer Literacy
0126349606,es un codigo ISBN de una edicion publicada por,Academic Pr
0126349606,está escrito en,Inglés
Robert Seidel,es autor de la obra,Computer Literacy
Gabriel Veraldi,es de nacionalidad,Switzerland
2130374220,es un codigo ISBN para el libro,Le roman d'espionnage
2130374220,es un codigo ISBN de una edicion publicada por,Presses Universitaires de France
2130374220,está escrito en,Francés
Gabriel Veraldi,es autor de la obra,Le roman d'espionnage
2268020983,es un codigo ISBN para el libro,"""Planète"""
2268020983,es un codigo ISBN de una edicion publicada por,Ed. du Rocher
2268020983,está escrito en,Francés
Gabriel Veraldi,es autor de la obra,"""Planète"""
"""Planète""",pertenece al género,"Planète (Paris, France)"
"""Planète""",pertenece al género,"Planète, périodique"
"""Planète""",pertenece al género,Social change
2130374220,es un codigo ISBN de una edicion publicada por,Presses universitaires de France
Le roman d'espionnage,pertenece al género,History and criticism
Le roman d'espionnage,pertenece al género,Spy stories
Le roman d'espionnage,pertenece al género,Roman d'espionnage
9782246399018,es un codigo ISBN para el libro,"Pauwels, ou, Le malentendu"
9782246399018,es un codigo ISBN de una edicion publicada por,Grasset
9782246399018,está escrito en,Francés
2246399017,es un codigo ISBN para el libro,"Pauwels, ou, Le malentendu"
2246399017,es un codigo ISBN de una edicion publicada por,Grasset
2246399017,está escrito en,Francés
Gabriel Veraldi,es autor de la obra,"Pauwels, ou, Le malentendu"
"Pauwels, ou, Le malentendu",pertenece al género,French Authors
"Pauwels, ou, Le malentendu",pertenece al género,Biography
0233960325,es un codigo ISBN para el libro,Espions de bonne volonté
0233960325,es un codigo ISBN de una edicion publicada por,Deutsch
0233960325,está escrito en,Inglés
Gabriel Veraldi,es autor de la obra,Espions de bonne volonté
Espions de bonne volonté,pertenece al género,Fiction
Espions de bonne volonté,pertenece al género,Children's fiction
8427108710,es un codigo ISBN para el libro,Psychologie de la création
8427108710,es un codigo ISBN de una edicion publicada por,Mensajero
8427108710,está escrito en,Español
Gabriel Veraldi,es autor de la obra,Psychologie de la création
Psychologie de la création,pertenece al género,Creative ability
Psychologie de la création,pertenece al género,Creativity
Isabelle Morel,es de nacionalidad,Switzerland
2880800056,es un codigo ISBN para el libro,"Louise et Albert, ou, Le danger d'être trop exigeant"
2880800056,es un codigo ISBN de una edicion publicada por,Nouvelle revue neuchâteloise
2880800056,está escrito en,Francés
Isabelle Morel,es autor de la obra,"Louise et Albert, ou, Le danger d'être trop exigeant"
Adolf Koelsch,es de nacionalidad,Switzerland
Otto Wirz,es de nacionalidad,Switzerland
Heinrich Federer,es de nacionalidad,Switzerland
3907851013,es un codigo ISBN para el libro,Heinrich Federer
3907851013,es un codigo ISBN de una edicion publicada por,Thur
3907851013,está escrito en,Alemán
Heinrich Federer,es autor de la obra,Heinrich Federer
3722806011,es un codigo ISBN para el libro,Auf den Spuren des Franz von Assisi
3722806011,es un codigo ISBN de una edicion publicada por,Paulusverlag
3722806011,está escrito en,Alemán
Heinrich Federer,es autor de la obra,Auf den Spuren des Franz von Assisi
Auf den Spuren des Franz von Assisi,pertenece al género,In literature
3725204713,es un codigo ISBN para el libro,Niklaus von Flüe
3725204713,es un codigo ISBN de una edicion publicada por,Rex-Verlag
3725204713,está escrito en,Alemán
Heinrich Federer,es autor de la obra,Niklaus von Flüe
Niklaus von Flüe,pertenece al género,Christian saints
Niklaus von Flüe,pertenece al género,Biography
9783952316382,es un codigo ISBN para el libro,Lieber leben als schreiben!
9783952316382,es un codigo ISBN de una edicion publicada por,Pro Libro
9783952316382,está escrito en,Alemán
Heinrich Federer,es autor de la obra,Lieber leben als schreiben!
3725200556,es un codigo ISBN para el libro,Das Mätteliseppi
3725200556,es un codigo ISBN de una edicion publicada por,Rex-Verlag
3725200556,está escrito en,Alemán
Heinrich Federer,es autor de la obra,Das Mätteliseppi
Philippe Godet,es de nacionalidad,Switzerland
Sonja Buholzer,es de nacionalidad,Switzerland
3280026903,es un codigo ISBN para el libro,Überlebensstrategien für Frauen. Pocket- Guide Frauenzeit
3280026903,es un codigo ISBN de una edicion publicada por,Orell Füssli
9783280026908,es un codigo ISBN para el libro,Überlebensstrategien für Frauen. Pocket- Guide Frauenzeit
9783280026908,es un codigo ISBN de una edicion publicada por,Orell Füssli
Sonja Buholzer,es autor de la obra,Überlebensstrategien für Frauen. Pocket- Guide Frauenzeit
9783478812405,es un codigo ISBN para el libro,Frauen starten duch. Erfolgsstrategien für Gewinnerinnen
9783478812405,es un codigo ISBN de una edicion publicada por,Moderne Verlagsges. Mvg
9783478812405,está escrito en,Alemán
3478812402,es un codigo ISBN para el libro,Frauen starten duch. Erfolgsstrategien für Gewinnerinnen
3478812402,es un codigo ISBN de una edicion publicada por,Moderne Verlagsges. Mvg
3478812402,está escrito en,Alemán
Sonja Buholzer,es autor de la obra,Frauen starten duch. Erfolgsstrategien für Gewinnerinnen
3261038136,es un codigo ISBN para el libro,Studien zur Gottes- und Seelenkonzeption im Werk der Mechthild von Magdeburg
3261038136,es un codigo ISBN de una edicion publicada por,P. Lang
3261038136,es un codigo ISBN de una edicion publicada por,"Peter Lang Gmbh, Internationaler Verlag Der Wissenschaften"
3261038136,es un codigo ISBN de una edicion publicada por,Peter Lang International Academic Publishers
3261038136,está escrito en,Alemán
Sonja Buholzer,es autor de la obra,Studien zur Gottes- und Seelenkonzeption im Werk der Mechthild von Magdeburg
Studien zur Gottes- und Seelenkonzeption im Werk der Mechthild von Magdeburg,pertenece al género,History of doctrines
Studien zur Gottes- und Seelenkonzeption im Werk der Mechthild von Magdeburg,pertenece al género,God
Studien zur Gottes- und Seelenkonzeption im Werk der Mechthild von Magdeburg,pertenece al género,Soul
3280026652,es un codigo ISBN para el libro,Ver-rückte Zeiten
3280026652,es un codigo ISBN de una edicion publicada por,Orell Füssli Verlag
3280026652,está escrito en,Alemán
Sonja Buholzer,es autor de la obra,Ver-rückte Zeiten
Ver-rückte Zeiten,pertenece al género,Equality
Ver-rückte Zeiten,pertenece al género,Feminism
Ver-rückte Zeiten,pertenece al género,Women
9783280019993,es un codigo ISBN para el libro,Aufbruch
9783280019993,es un codigo ISBN de una edicion publicada por,Orell Fussli
9783280019993,está escrito en,Alemán
3280019990,es un codigo ISBN para el libro,Aufbruch
3280019990,es un codigo ISBN de una edicion publicada por,Orell Fussli
3280019990,está escrito en,Alemán
3280019990,es un codigo ISBN de una edicion publicada por,Orell Füssli
Sonja Buholzer,es autor de la obra,Aufbruch
Aufbruch,pertenece al género,Women
Aufbruch,pertenece al género,Social conditions
3280051835,es un codigo ISBN para el libro,Shark leadership
3280051835,es un codigo ISBN de una edicion publicada por,Orell Füssli
3280051835,está escrito en,Alemán
9783280051832,es un codigo ISBN para el libro,Shark leadership
9783280051832,es un codigo ISBN de una edicion publicada por,Orell Füssli
9783280051832,está escrito en,Alemán
Sonja Buholzer,es autor de la obra,Shark leadership
Shark leadership,pertenece al género,Leadership
Shark leadership,pertenece al género,Management
Alain Claude Sulzer,es de nacionalidad,Switzerland
3856169415,es un codigo ISBN para el libro,Rudolf Maeglin
3856169415,es un codigo ISBN de una edicion publicada por,Christoph Merian Verlag
3856169415,está escrito en,Alemán
9783856169411,es un codigo ISBN para el libro,Rudolf Maeglin
9783856169411,es un codigo ISBN de una edicion publicada por,Christoph Merian Verlag
9783856169411,está escrito en,Alemán
Alain Claude Sulzer,es autor de la obra,Rudolf Maeglin
Rudolf Maeglin,pertenece al género,Exhibitions
9789041413352,es un codigo ISBN para el libro,Privélessen
9789041413352,es un codigo ISBN de una edicion publicada por,Ambo|Anthos
9789041413352,está escrito en,Neerlandés
9041413359,es un codigo ISBN para el libro,Privélessen
9041413359,es un codigo ISBN de una edicion publicada por,Ambo|Anthos
9041413359,está escrito en,Neerlandés
Alain Claude Sulzer,es autor de la obra,Privélessen
Privélessen,pertenece al género,Deutschlehrerin
Privélessen,pertenece al género,Liebesbeziehung
Privélessen,pertenece al género,Student
9041413308,es un codigo ISBN para el libro,Een volmaakte kelner
9041413308,es un codigo ISBN de una edicion publicada por,Anthos
9041413308,está escrito en,Neerlandés
9789041413307,es un codigo ISBN para el libro,Een volmaakte kelner
9789041413307,es un codigo ISBN de una edicion publicada por,Anthos
9789041413307,está escrito en,Neerlandés
Alain Claude Sulzer,es autor de la obra,Een volmaakte kelner
3455502520,es un codigo ISBN para el libro,Basel
3455502520,es un codigo ISBN de una edicion publicada por,Hoffmann und Campe
3455502520,está escrito en,Alemán
9783455502527,es un codigo ISBN para el libro,Basel
9783455502527,es un codigo ISBN de una edicion publicada por,Hoffmann und Campe
9783455502527,está escrito en,Alemán
Alain Claude Sulzer,es autor de la obra,Basel
Basel,pertenece al género,Description and travel
Basel,pertenece al género,Travel
Basel,pertenece al género,Social life and customs
3608955801,es un codigo ISBN para el libro,Das Künstlerzimmer
3608955801,es un codigo ISBN de una edicion publicada por,Klett-Cotta
3608955801,está escrito en,Alemán
Alain Claude Sulzer,es autor de la obra,Das Künstlerzimmer
9783905513431,es un codigo ISBN para el libro,Privatstunden: Roman
9783905513431,es un codigo ISBN de una edicion publicada por,Edition Epoca
9783905513431,está escrito en,Alemán
Alain Claude Sulzer,es autor de la obra,Privatstunden: Roman
Privatstunden: Roman,pertenece al género,German literature
Privatstunden: Roman,pertenece al género,OUR Brockhaus selection
3869710594,es un codigo ISBN para el libro,Aus den Fugen
3869710594,es un codigo ISBN de una edicion publicada por,Galiani
3869710594,está escrito en,Alemán
9783869710594,es un codigo ISBN para el libro,Aus den Fugen
9783869710594,es un codigo ISBN de una edicion publicada por,Galiani
9783869710594,está escrito en,Alemán
Alain Claude Sulzer,es autor de la obra,Aus den Fugen
Aus den Fugen,pertenece al género,Swiss Authors
Aus den Fugen,pertenece al género,Swiss fiction (German)
3905513234,es un codigo ISBN para el libro,Annas Maske
3905513234,es un codigo ISBN de una edicion publicada por,Edition Epoca
3905513234,está escrito en,Alemán
Alain Claude Sulzer,es autor de la obra,Annas Maske
3471786260,es un codigo ISBN para el libro,Bergelson
3471786260,es un codigo ISBN de una edicion publicada por,List
3471786260,está escrito en,Alemán
Alain Claude Sulzer,es autor de la obra,Bergelson
3471786228,es un codigo ISBN para el libro,Das Erwachsenengerüst
3471786228,es un codigo ISBN de una edicion publicada por,List
3471786228,está escrito en,Alemán
Alain Claude Sulzer,es autor de la obra,Das Erwachsenengerüst
3608957022,es un codigo ISBN para el libro,Die siamesischen Brüder
3608957022,es un codigo ISBN de una edicion publicada por,Klett-Cotta
3608957022,está escrito en,Alemán
Alain Claude Sulzer,es autor de la obra,Die siamesischen Brüder
3905513366,es un codigo ISBN para el libro,Ein perfekter Kellner
3905513366,es un codigo ISBN de una edicion publicada por,Edition Epoca
3905513366,está escrito en,Alemán
3518457411,es un codigo ISBN para el libro,Ein perfekter Kellner
3518457411,es un codigo ISBN de una edicion publicada por,Suhrkamp
3518457411,está escrito en,Alemán
9783518457412,es un codigo ISBN para el libro,Ein perfekter Kellner
9783518457412,es un codigo ISBN de una edicion publicada por,Suhrkamp
9783518457412,está escrito en,Alemán
Alain Claude Sulzer,es autor de la obra,Ein perfekter Kellner
Ein perfekter Kellner,pertenece al género,Kellner
Ein perfekter Kellner,pertenece al género,Belletristische Darstellung
Ein perfekter Kellner,pertenece al género,Homosexueller
9783905513431,es un codigo ISBN para el libro,Privatstunden
3905513439,es un codigo ISBN para el libro,Privatstunden
3905513439,es un codigo ISBN de una edicion publicada por,Edition Epoca
3905513439,está escrito en,Alemán
Alain Claude Sulzer,es autor de la obra,Privatstunden
Privatstunden,pertenece al género,Immigrants
Privatstunden,pertenece al género,Fiction
Privatstunden,pertenece al género,Tutors and tutoring
3608934472,es un codigo ISBN para el libro,Urmein
3608934472,es un codigo ISBN de una edicion publicada por,Klett-Cotta
3608934472,está escrito en,Alemán
Alain Claude Sulzer,es autor de la obra,Urmein
9780747590231,es un codigo ISBN para el libro,A Perfect Waiter
9780747590231,es un codigo ISBN de una edicion publicada por,Bloomsbury UK
1596914114,es un codigo ISBN para el libro,A Perfect Waiter
1596914114,es un codigo ISBN de una edicion publicada por,Bloomsbury
1596914114,es un codigo ISBN de una edicion publicada por,Distributed to the trade by Macmillan
1596914114,está escrito en,Inglés
9781596914117,es un codigo ISBN para el libro,A Perfect Waiter
9781596914117,es un codigo ISBN de una edicion publicada por,Bloomsbury
9781596914117,es un codigo ISBN de una edicion publicada por,Distributed to the trade by Macmillan
9781596914117,está escrito en,Inglés
1596914114,es un codigo ISBN de una edicion publicada por,Bloomsbury USA
9781596914117,es un codigo ISBN de una edicion publicada por,Bloomsbury USA
Alain Claude Sulzer,es autor de la obra,A Perfect Waiter
A Perfect Waiter,pertenece al género,Gay men
A Perfect Waiter,pertenece al género,Gay couples
A Perfect Waiter,pertenece al género,Fiction
9783869710198,es un codigo ISBN para el libro,Zur falschen Zeit
9783869710198,es un codigo ISBN de una edicion publicada por,Galiani
9783869710198,está escrito en,Alemán
3869710195,es un codigo ISBN para el libro,Zur falschen Zeit
3869710195,es un codigo ISBN de una edicion publicada por,Galiani
3869710195,está escrito en,Alemán
Alain Claude Sulzer,es autor de la obra,Zur falschen Zeit
Zur falschen Zeit,pertenece al género,Coming-out
Zur falschen Zeit,pertenece al género,Ehemann
Zur falschen Zeit,pertenece al género,Selbstmord
Alice Ceresa,es de nacionalidad,Switzerland
8806117238,es un codigo ISBN para el libro,Bambine
8806117238,es un codigo ISBN de una edicion publicada por,Einaudi
8806117238,está escrito en,Italiano
Alice Ceresa,es autor de la obra,Bambine
Bambine,pertenece al género,Italian fiction
Bambine,pertenece al género,Italiaanse fiksie
8877384182,es un codigo ISBN para el libro,La figlia prodiga e altre storie
8877384182,es un codigo ISBN de una edicion publicada por,La tartaruga
8877384182,está escrito en,Italiano
Alice Ceresa,es autor de la obra,La figlia prodiga e altre storie
9788874521074,es un codigo ISBN para el libro,Piccolo dizionario dell'inuguaglianza femminile
9788874521074,es un codigo ISBN de una edicion publicada por,Nottetempo
9788874521074,está escrito en,Italiano
Alice Ceresa,es autor de la obra,Piccolo dizionario dell'inuguaglianza femminile
Piccolo dizionario dell'inuguaglianza femminile,pertenece al género,Dictionaries
Piccolo dizionario dell'inuguaglianza femminile,pertenece al género,Italian
Piccolo dizionario dell'inuguaglianza femminile,pertenece al género,Sexism
Monique Schwitter,es de nacionalidad,Switzerland
3701714940,es un codigo ISBN para el libro,Ohren haben keine Lider
3701714940,es un codigo ISBN de una edicion publicada por,Residenz
3701714940,es un codigo ISBN de una edicion publicada por,Residenz Verlag
9783701714940,es un codigo ISBN para el libro,Ohren haben keine Lider
9783701714940,es un codigo ISBN de una edicion publicada por,Residenz
9783701714940,es un codigo ISBN de una edicion publicada por,Residenz Verlag
Monique Schwitter,es autor de la obra,Ohren haben keine Lider
9783990391921,es un codigo ISBN para el libro,Gleichgültigkeit
9783990391921,es un codigo ISBN de una edicion publicada por,Edizioni Alphabeta Verlag
9783990391921,es un codigo ISBN de una edicion publicada por,Limbus Verlag
9783990391921,está escrito en,Alemán
8872233569,es un codigo ISBN para el libro,Gleichgültigkeit
8872233569,es un codigo ISBN de una edicion publicada por,Edizioni Alphabeta Verlag
8872233569,es un codigo ISBN de una edicion publicada por,Limbus Verlag
8872233569,está escrito en,Alemán
9788872233566,es un codigo ISBN para el libro,Gleichgültigkeit
9788872233566,es un codigo ISBN de una edicion publicada por,Edizioni Alphabeta Verlag
9788872233566,es un codigo ISBN de una edicion publicada por,Limbus Verlag
9788872233566,está escrito en,Alemán
3990391925,es un codigo ISBN para el libro,Gleichgültigkeit
3990391925,es un codigo ISBN de una edicion publicada por,Edizioni Alphabeta Verlag
3990391925,es un codigo ISBN de una edicion publicada por,Limbus Verlag
3990391925,está escrito en,Alemán
Monique Schwitter,es autor de la obra,Gleichgültigkeit
Gleichgültigkeit,pertenece al género,German Short stories
8323331030,es un codigo ISBN para el libro,Panloptikum
8323331030,es un codigo ISBN de una edicion publicada por,Wydawnictwo Uniwersytetu Jagiellońskiego
8323331030,está escrito en,Polaco
9788323331032,es un codigo ISBN para el libro,Panloptikum
9788323331032,es un codigo ISBN de una edicion publicada por,Wydawnictwo Uniwersytetu Jagiellońskiego
9788323331032,está escrito en,Polaco
Monique Schwitter,es autor de la obra,Panloptikum
Panloptikum,pertenece al género,"Fiction, anthologies (multiple authors)"
9786059556071,es un codigo ISBN para el libro,Eins im Andern
9786059556071,es un codigo ISBN de una edicion publicada por,Hece Yayinlari
6059556078,es un codigo ISBN para el libro,Eins im Andern
6059556078,es un codigo ISBN de una edicion publicada por,Hece Yayinlari
9780892554973,es un codigo ISBN para el libro,Eins im Andern
9780892554973,es un codigo ISBN de una edicion publicada por,"Norton & Company, Incorporated, W. W."
9780892554973,está escrito en,Inglés
385420969X,es un codigo ISBN para el libro,Eins im Andern
385420969X,es un codigo ISBN de una edicion publicada por,Literaturverlag Droschl
385420969X,está escrito en,Alemán
9783854209690,es un codigo ISBN para el libro,Eins im Andern
9783854209690,es un codigo ISBN de una edicion publicada por,Literaturverlag Droschl
9783854209690,está escrito en,Alemán
Monique Schwitter,es autor de la obra,Eins im Andern
Eins im Andern,pertenece al género,Interpersonal relations
Eins im Andern,pertenece al género,Man-woman relationships
Eins im Andern,pertenece al género,Fiction
3854206941,es un codigo ISBN para el libro,Wenn's schneit beim Krokodil
3854206941,es un codigo ISBN de una edicion publicada por,Droschl
3854206941,está escrito en,Alemán
Monique Schwitter,es autor de la obra,Wenn's schneit beim Krokodil
Wenn's schneit beim Krokodil,pertenece al género,German Short stories
Wenn's schneit beim Krokodil,pertenece al género,18.09 German literature
9781910409633,es un codigo ISBN para el libro,Goldfischgedächtnis
9781910409633,es un codigo ISBN de una edicion publicada por,Parthian
9781910409633,está escrito en,Inglés
1910409634,es un codigo ISBN para el libro,Goldfischgedächtnis
1910409634,es un codigo ISBN de una edicion publicada por,Parthian
1910409634,está escrito en,Inglés
9783854207894,es un codigo ISBN para el libro,Goldfischgedächtnis
9783854207894,es un codigo ISBN de una edicion publicada por,Droschl
9783854207894,está escrito en,Alemán
Monique Schwitter,es autor de la obra,Goldfischgedächtnis
Goldfischgedächtnis,pertenece al género,"Short stories, Swiss (German)"
Goldfischgedächtnis,pertenece al género,Swiss fiction (German)
Goldfischgedächtnis,pertenece al género,"Fiction, general"
Jacques Neirynck,es de nacionalidad,Switzerland
9783688116409,es un codigo ISBN para el libro,Die letzten Tage des Vatikan
9783688116409,es un codigo ISBN de una edicion publicada por,Rowohlt Repertoire
3688116402,es un codigo ISBN para el libro,Die letzten Tage des Vatikan
3688116402,es un codigo ISBN de una edicion publicada por,Rowohlt Repertoire
9783499241222,es un codigo ISBN para el libro,Die letzten Tage des Vatikan
9783499241222,es un codigo ISBN de una edicion publicada por,Rowohlt Taschenbuch Verla
3499241226,es un codigo ISBN para el libro,Die letzten Tage des Vatikan
3499241226,es un codigo ISBN de una edicion publicada por,Rowohlt Taschenbuch Verla
3805205856,es un codigo ISBN para el libro,Die letzten Tage des Vatikan
9783805205856,es un codigo ISBN para el libro,Die letzten Tage des Vatikan
9783499227592,es un codigo ISBN para el libro,Die letzten Tage des Vatikan
9783499227592,es un codigo ISBN de una edicion publicada por,Rowohlt Tb.
3499227592,es un codigo ISBN para el libro,Die letzten Tage des Vatikan
3499227592,es un codigo ISBN de una edicion publicada por,Rowohlt Tb.
Jacques Neirynck,es autor de la obra,Die letzten Tage des Vatikan
9783540875239,es un codigo ISBN para el libro,Tout savoir sur le cerveau et les dernières découvertes sur le Moi
9783540875239,es un codigo ISBN de una edicion publicada por,Springer
9783540875239,está escrito en,Inglés
3540875239,es un codigo ISBN para el libro,Tout savoir sur le cerveau et les dernières découvertes sur le Moi
3540875239,es un codigo ISBN de una edicion publicada por,Springer
3540875239,está escrito en,Inglés
9783540875222,es un codigo ISBN para el libro,Tout savoir sur le cerveau et les dernières découvertes sur le Moi
9783540875222,es un codigo ISBN de una edicion publicada por,Springer
9783540875222,está escrito en,Inglés
3540875387,es un codigo ISBN para el libro,Tout savoir sur le cerveau et les dernières découvertes sur le Moi
3540875387,es un codigo ISBN de una edicion publicada por,Springer
3540875387,está escrito en,Inglés
3540875220,es un codigo ISBN para el libro,Tout savoir sur le cerveau et les dernières découvertes sur le Moi
3540875220,es un codigo ISBN de una edicion publicada por,Springer
3540875220,está escrito en,Inglés
9783540875383,es un codigo ISBN para el libro,Tout savoir sur le cerveau et les dernières découvertes sur le Moi
9783540875383,es un codigo ISBN de una edicion publicada por,Springer
9783540875383,está escrito en,Inglés
Jacques Neirynck,es autor de la obra,Tout savoir sur le cerveau et les dernières découvertes sur le Moi
Tout savoir sur le cerveau et les dernières découvertes sur le Moi,pertenece al género,Brain
Tout savoir sur le cerveau et les dernières découvertes sur le Moi,pertenece al género,Pathology
Tout savoir sur le cerveau et les dernières découvertes sur le Moi,pertenece al género,Mental Processes
9681342992,es un codigo ISBN para el libro,La Profecia Del Vaticano/ the Vatican's Prophecy
9681342992,es un codigo ISBN de una edicion publicada por,Editorial Diana S.A. De C.V.
9681342992,está escrito en,Español
9789681342999,es un codigo ISBN para el libro,La Profecia Del Vaticano/ the Vatican's Prophecy
9789681342999,es un codigo ISBN de una edicion publicada por,Editorial Diana S.A. De C.V.
9789681342999,está escrito en,Español
8496423158,es un codigo ISBN para el libro,La Profecia Del Vaticano/ the Vatican's Prophecy
8496423158,es un codigo ISBN de una edicion publicada por,Ed. Jaguar
8496423158,está escrito en,Español
9788496423152,es un codigo ISBN para el libro,La Profecia Del Vaticano/ the Vatican's Prophecy
9788496423152,es un codigo ISBN de una edicion publicada por,Jaguar Books
9788496423152,está escrito en,Español
8496423158,es un codigo ISBN de una edicion publicada por,Jaguar Books
Jacques Neirynck,es autor de la obra,La Profecia Del Vaticano/ the Vatican's Prophecy
La Profecia Del Vaticano/ the Vatican's Prophecy,pertenece al género,Popes
La Profecia Del Vaticano/ the Vatican's Prophecy,pertenece al género,Ficción
La Profecia Del Vaticano/ the Vatican's Prophecy,pertenece al género,Papas
1883225302,es un codigo ISBN para el libro,The Vassula enigma
1883225302,está escrito en,Inglés
9781883225308,es un codigo ISBN para el libro,The Vassula enigma
9781883225308,está escrito en,Inglés
1883225302,es un codigo ISBN de una edicion publicada por,Trinitas
9781883225308,es un codigo ISBN de una edicion publicada por,Trinitas
Jacques Neirynck,es autor de la obra,The Vassula enigma
The Vassula enigma,pertenece al género,Private revelations
288074203X,es un codigo ISBN para el libro,Le huitième jour de la création
288074203X,es un codigo ISBN de una edicion publicada por,Presses polytechniques romandes
288074203X,está escrito en,Francés
9782880742034,es un codigo ISBN para el libro,Le huitième jour de la création
9782880742034,es un codigo ISBN de una edicion publicada por,Presses polytechniques romandes
9782880742034,está escrito en,Francés
2880746337,es un codigo ISBN para el libro,Le huitième jour de la création
2880746337,es un codigo ISBN de una edicion publicada por,Presses polytechniques et universitaires romandes
2880746337,está escrito en,Inglés
Jacques Neirynck,es autor de la obra,Le huitième jour de la création
Le huitième jour de la création,pertenece al género,Progress
Le huitième jour de la création,pertenece al género,Technology
Le huitième jour de la création,pertenece al género,History
2804020746,es un codigo ISBN para el libro,Le Siège de Bruxelles
2804020746,es un codigo ISBN de una edicion publicada por,Editions Labor
2804020746,está escrito en,Francés
2220038181,es un codigo ISBN para el libro,Le Siège de Bruxelles
2220038181,es un codigo ISBN de una edicion publicada por,Desclée De Brouwer
2220038181,está escrito en,Francés
9782220038186,es un codigo ISBN para el libro,Le Siège de Bruxelles
9782220038186,es un codigo ISBN de una edicion publicada por,Desclée De Brouwer
9782220038186,está escrito en,Francés
Jacques Neirynck,es autor de la obra,Le Siège de Bruxelles
2204050628,es un codigo ISBN para el libro,Le Manuscrit du Saint-Sépulcre
2204050628,es un codigo ISBN de una edicion publicada por,Cerf
2204050628,está escrito en,Francés
9782204050623,es un codigo ISBN para el libro,Le Manuscrit du Saint-Sépulcre
9782204050623,es un codigo ISBN de una edicion publicada por,Cerf
9782204050623,está escrito en,Francés
Jacques Neirynck,es autor de la obra,Le Manuscrit du Saint-Sépulcre
9782708128491,es un codigo ISBN para el libro,Le Marketing sans Marketing
9782708128491,es un codigo ISBN de una edicion publicada por,Editions d'Organisation
9782708128491,está escrito en,Francés
2708128493,es un codigo ISBN para el libro,Le Marketing sans Marketing
2708128493,es un codigo ISBN de una edicion publicada por,Editions d'Organisation
2708128493,está escrito en,Francés
Jacques Neirynck,es autor de la obra,Le Marketing sans Marketing
2220040372,es un codigo ISBN para el libro,Les cendres de Superphénix
2220040372,es un codigo ISBN de una edicion publicada por,Desclée de Brouwer
2220040372,está escrito en,Francés
Jacques Neirynck,es autor de la obra,Les cendres de Superphénix
9782708125025,es un codigo ISBN para el libro,Les Paradoxes du marketing
9782708125025,es un codigo ISBN de una edicion publicada por,Organisation
2708125028,es un codigo ISBN para el libro,Les Paradoxes du marketing
2708125028,es un codigo ISBN de una edicion publicada por,Organisation
Jacques Neirynck,es autor de la obra,Les Paradoxes du marketing
2880746604,es un codigo ISBN para el libro,Science et conscience
2880746604,es un codigo ISBN de una edicion publicada por,Presses polytechniques et universitaires romandes
2880746604,está escrito en,Inglés
Jacques Neirynck,es autor de la obra,Science et conscience
0954033817,es un codigo ISBN para el libro,The Vassula enigma
0954033817,es un codigo ISBN de una edicion publicada por,English Association of True Life in God
0954033817,está escrito en,Inglés
2220044203,es un codigo ISBN para el libro,L' ange dans le placard
2220044203,es un codigo ISBN de una edicion publicada por,Desclée de Brouwer
2220044203,está escrito en,Francés
Jacques Neirynck,es autor de la obra,L' ange dans le placard
2856168108,es un codigo ISBN para el libro,La Prophétie du Vatican
2856168108,es un codigo ISBN de una edicion publicada por,Presses de la Renaissance
2856168108,está escrito en,Francés
9782856168103,es un codigo ISBN para el libro,La Prophétie du Vatican
9782856168103,es un codigo ISBN de una edicion publicada por,Presses de la Renaissance
9782856168103,está escrito en,Francés
Jacques Neirynck,es autor de la obra,La Prophétie du Vatican
2825118370,es un codigo ISBN para el libro,La Suisse
2825118370,es un codigo ISBN de una edicion publicada por,Age d'homme
2825118370,está escrito en,Francés
Jacques Neirynck,es autor de la obra,La Suisse
La Suisse,pertenece al género,Civilization
La Suisse,pertenece al género,Politik
La Suisse,pertenece al género,Aufsatzsammlung
2870030908,es un codigo ISBN para el libro,Le consommateur piégé
2870030908,es un codigo ISBN de una edicion publicada por,Les Editions ouvrières
2870030908,es un codigo ISBN de una edicion publicada por,Vie ouvrière
2870030908,está escrito en,Francés
Jacques Neirynck,es autor de la obra,Le consommateur piégé
Le consommateur piégé,pertenece al género,Consumer education
Le consommateur piégé,pertenece al género,Consumer protection
Le consommateur piégé,pertenece al género,Consumers
9782266165204,es un codigo ISBN para el libro,Trilogie Jacques Neirynck - coffret
9782266165204,es un codigo ISBN de una edicion publicada por,POCKET
2266165208,es un codigo ISBN para el libro,Trilogie Jacques Neirynck - coffret
2266165208,es un codigo ISBN de una edicion publicada por,POCKET
Jacques Neirynck,es autor de la obra,Trilogie Jacques Neirynck - coffret
9782266155366,es un codigo ISBN para el libro,Le manuscrit du Saint-Sépulcre
9782266155366,es un codigo ISBN de una edicion publicada por,Pocket
9782266155366,está escrito en,Francés
2266155369,es un codigo ISBN para el libro,Le manuscrit du Saint-Sépulcre
2266155369,es un codigo ISBN de una edicion publicada por,Pocket
2266155369,está escrito en,Francés
Jacques Neirynck,es autor de la obra,Le manuscrit du Saint-Sépulcre
2880740967,es un codigo ISBN para el libro,Le huitième jour de la création
2880740967,es un codigo ISBN de una edicion publicada por,Presses Polytechniques Romandes
2880740967,es un codigo ISBN de una edicion publicada por,Presses Polytechniques et Universitaires Romandes
2880740967,está escrito en,Francés
Le huitième jour de la création,pertenece al género,Technologie
Le huitième jour de la création,pertenece al género,Aspect social
Le huitième jour de la création,pertenece al género,Entropie
2828910679,es un codigo ISBN para el libro,Les scandales de l'eau en bouteilles
2828910679,es un codigo ISBN de una edicion publicada por,Favre
2828910679,está escrito en,Francés
9782828910679,es un codigo ISBN para el libro,Les scandales de l'eau en bouteilles
9782828910679,es un codigo ISBN de una edicion publicada por,Favre
9782828910679,está escrito en,Francés
Jacques Neirynck,es autor de la obra,Les scandales de l'eau en bouteilles
282890931X,es un codigo ISBN para el libro,Tout savoir sur le cerveau et les dernières découvertes sur le Moi
282890931X,es un codigo ISBN de una edicion publicada por,FAVRE
9782828909314,es un codigo ISBN para el libro,Tout savoir sur le cerveau et les dernières découvertes sur le Moi
9782828909314,es un codigo ISBN de una edicion publicada por,FAVRE
9782266149112,es un codigo ISBN para el libro,"Un pape suisse, Tome 2 (French Edition)"
9782266149112,es un codigo ISBN de una edicion publicada por,POCKET
2266149113,es un codigo ISBN para el libro,"Un pape suisse, Tome 2 (French Edition)"
2266149113,es un codigo ISBN de una edicion publicada por,POCKET
Jacques Neirynck,es autor de la obra,"Un pape suisse, Tome 2 (French Edition)"
9782264043511,es un codigo ISBN para el libro,Le meurtre de Pierre Curie (French Edition)
9782264043511,es un codigo ISBN de una edicion publicada por,10/18
2264043512,es un codigo ISBN para el libro,Le meurtre de Pierre Curie (French Edition)
2264043512,es un codigo ISBN de una edicion publicada por,10/18
Jacques Neirynck,es autor de la obra,Le meurtre de Pierre Curie (French Edition)
8838428689,es un codigo ISBN para el libro,Il manoscritto del Santo Sepolcro
8838428689,es un codigo ISBN de una edicion publicada por,Piemme
8838428689,está escrito en,Italiano
9788838428685,es un codigo ISBN para el libro,Il manoscritto del Santo Sepolcro
9788838428685,es un codigo ISBN de una edicion publicada por,Piemme
9788838428685,está escrito en,Italiano
Jacques Neirynck,es autor de la obra,Il manoscritto del Santo Sepolcro
9782882958150,es un codigo ISBN para el libro,Le secret des Suisses
9782882958150,es un codigo ISBN de una edicion publicada por,Éditions Cabédita
9782882958150,está escrito en,Francés
Jacques Neirynck,es autor de la obra,Le secret des Suisses
Le secret des Suisses,pertenece al género,Swiss National characteristics
Le secret des Suisses,pertenece al género,Political culture
Le secret des Suisses,pertenece al género,Consensus (Social sciences)
3816927742,es un codigo ISBN para el libro,Der göttliche Ingenieur
3816927742,es un codigo ISBN de una edicion publicada por,Expert-Verlag GmbH
9783816927747,es un codigo ISBN para el libro,Der göttliche Ingenieur
9783816927747,es un codigo ISBN de una edicion publicada por,Expert-Verlag GmbH
Jacques Neirynck,es autor de la obra,Der göttliche Ingenieur
Jakob Frey,es de nacionalidad,Switzerland
3906758958,es un codigo ISBN para el libro,Schweizerische Kirchenrechtsquellen
3906758958,es un codigo ISBN de una edicion publicada por,"Lang AG International Academic Publishers, Peter"
3906758958,es un codigo ISBN de una edicion publicada por,P. Lang
3906758958,está escrito en,Alemán
3906762556,es un codigo ISBN para el libro,Schweizerische Kirchenrechtsquellen
3906762556,es un codigo ISBN de una edicion publicada por,"Lang AG International Academic Publishers, Peter"
3906762556,es un codigo ISBN de una edicion publicada por,P. Lang
3906762556,está escrito en,Alemán
3039103873,es un codigo ISBN para el libro,Schweizerische Kirchenrechtsquellen
3039103873,es un codigo ISBN de una edicion publicada por,"Lang AG International Academic Publishers, Peter"
3039103873,es un codigo ISBN de una edicion publicada por,P. Lang
3039103873,está escrito en,Alemán
303910117X,es un codigo ISBN para el libro,Schweizerische Kirchenrechtsquellen
303910117X,es un codigo ISBN de una edicion publicada por,"Lang AG International Academic Publishers, Peter"
303910117X,es un codigo ISBN de una edicion publicada por,P. Lang
303910117X,está escrito en,Alemán
9783906762555,es un codigo ISBN para el libro,Schweizerische Kirchenrechtsquellen
9783906762555,es un codigo ISBN de una edicion publicada por,"Lang AG International Academic Publishers, Peter"
9783906762555,es un codigo ISBN de una edicion publicada por,Peter Lang Publishing
9783906762555,está escrito en,Inglés
3906762556,es un codigo ISBN de una edicion publicada por,Peter Lang Publishing
3906762556,está escrito en,Inglés
Jakob Frey,es autor de la obra,Schweizerische Kirchenrechtsquellen
Schweizerische Kirchenrechtsquellen,pertenece al género,Ecclesiastical law
Schweizerische Kirchenrechtsquellen,pertenece al género,Church and state
Schweizerische Kirchenrechtsquellen,pertenece al género,Constitutional law
9783847249122,es un codigo ISBN para el libro,Die Waise Von Holligen
9783847249122,es un codigo ISBN de una edicion publicada por,tredition Verlag
9783847249122,está escrito en,Inglés
9783842407534,es un codigo ISBN para el libro,Die Waise Von Holligen
9783842407534,es un codigo ISBN de una edicion publicada por,tredition Verlag
9783842407534,está escrito en,Inglés
Jakob Frey,es autor de la obra,Die Waise Von Holligen
9783906757155,es un codigo ISBN para el libro,Schweizerisches Jahrbuch Fur Kirchenrecht : Annuaire Suisse de Droit Ecclesial
9783906757155,es un codigo ISBN de una edicion publicada por,"Lang AG International Academic Publishers, Peter"
9783906757155,está escrito en,Alemán
Jakob Frey,es autor de la obra,Schweizerisches Jahrbuch Fur Kirchenrecht : Annuaire Suisse de Droit Ecclesial
Schweizerisches Jahrbuch Fur Kirchenrecht : Annuaire Suisse de Droit Ecclesial,pertenece al género,Evangelicalism
Schweizerisches Jahrbuch Fur Kirchenrecht : Annuaire Suisse de Droit Ecclesial,pertenece al género,Ecclesiastical law
9781022304802,es un codigo ISBN para el libro,Iohannis Iacobi Frey ... Commentatio de Mvntmannis Qva Simvl Qvid Mvndebvrdivm Fverit Vberivs Ostenditvr...
9781022304802,es un codigo ISBN de una edicion publicada por,"Creative Media Partners, LLC"
9781022304802,está escrito en,lat
9781020587603,es un codigo ISBN para el libro,Iohannis Iacobi Frey ... Commentatio de Mvntmannis Qva Simvl Qvid Mvndebvrdivm Fverit Vberivs Ostenditvr...
9781020587603,es un codigo ISBN de una edicion publicada por,"Creative Media Partners, LLC"
9781020587603,está escrito en,lat
Jakob Frey,es autor de la obra,Iohannis Iacobi Frey ... Commentatio de Mvntmannis Qva Simvl Qvid Mvndebvrdivm Fverit Vberivs Ostenditvr...
0917105036,es un codigo ISBN para el libro,Johann Jakob Frey (1813-1865)
0917105036,es un codigo ISBN de una edicion publicada por,Wheelock Whitney
0917105036,está escrito en,Inglés
Jakob Frey,es autor de la obra,Johann Jakob Frey (1813-1865)
Johann Jakob Frey (1813-1865),pertenece al género,Exhibitions
Johann Jakob Frey (1813-1865),pertenece al género,In art
3719009009,es un codigo ISBN para el libro,Der Basler Anwaltsgebührentarif
3719009009,es un codigo ISBN de una edicion publicada por,Helbing & Lichtenhahn
3719009009,está escrito en,Alemán
Jakob Frey,es autor de la obra,Der Basler Anwaltsgebührentarif
Der Basler Anwaltsgebührentarif,pertenece al género,Fees
Der Basler Anwaltsgebührentarif,pertenece al género,Lawyers
9783906758954,es un codigo ISBN para el libro,Schweizerische Kirchenrechtsquellen =
9783906758954,es un codigo ISBN de una edicion publicada por,"Lang AG International Academic Publishers, Peter"
9783906758954,es un codigo ISBN de una edicion publicada por,Peter Lang Publishing
9783906758954,está escrito en,Alemán
3906758958,es un codigo ISBN para el libro,Schweizerische Kirchenrechtsquellen =
3906758958,es un codigo ISBN de una edicion publicada por,Peter Lang Publishing
Jakob Frey,es autor de la obra,Schweizerische Kirchenrechtsquellen =
Schweizerische Kirchenrechtsquellen =,pertenece al género,Ecclesiastical law
Schweizerische Kirchenrechtsquellen =,pertenece al género,Digests
Schweizerische Kirchenrechtsquellen =,pertenece al género,Indexes
9783161540134,es un codigo ISBN para el libro,Identity of God's People and the Paradox of Hebrews
9783161540134,es un codigo ISBN de una edicion publicada por,Mohr Siebeck
9783161540134,es un codigo ISBN de una edicion publicada por,Mohr Siebeck GmbH & Company KG
9783161540134,está escrito en,Inglés
Jakob Frey,es autor de la obra,Identity of God's People and the Paradox of Hebrews
Identity of God's People and the Paradox of Hebrews,pertenece al género,"Bible, criticism, interpretation, etc., n. t. epistles"
Identity of God's People and the Paradox of Hebrews,pertenece al género,"Bible, relation of n. t. to o. t."
Identity of God's People and the Paradox of Hebrews,pertenece al género,Identification (religion)
9783161515439,es un codigo ISBN para el libro,Jesus in apokryphen Evangelienüberlieferungen
9783161515439,es un codigo ISBN de una edicion publicada por,Mohr Siebeck GmbH & Company KG
9783161515439,está escrito en,Alemán
Jakob Frey,es autor de la obra,Jesus in apokryphen Evangelienüberlieferungen
9783039106189,es un codigo ISBN para el libro,Schweizerisches Jahrbuch Fuer Kirchenrecht. Band 9 (2004). Annuaire Suisse de Droit Ecclésial. Volume 9 (2004)
9783039106189,es un codigo ISBN de una edicion publicada por,"Lang AG International Academic Publishers, Peter"
9783039106189,está escrito en,Alemán
Jakob Frey,es autor de la obra,Schweizerisches Jahrbuch Fuer Kirchenrecht. Band 9 (2004). Annuaire Suisse de Droit Ecclésial. Volume 9 (2004)
9783039109609,es un codigo ISBN para el libro,Schweizerisches Jahrbuch Fuer Kirchenrecht. Band 10 (2005). Annuaire Suisse de Droit Ecclésial. Volume 10 (2005)
9783039109609,es un codigo ISBN de una edicion publicada por,"Lang AG International Academic Publishers, Peter"
9783039109609,está escrito en,Alemán
Jakob Frey,es autor de la obra,Schweizerisches Jahrbuch Fuer Kirchenrecht. Band 10 (2005). Annuaire Suisse de Droit Ecclésial. Volume 10 (2005)
Johann Martin Usteri,es de nacionalidad,Switzerland
9781022826601,es un codigo ISBN para el libro,Wissenschaftlicher und Praktischer Commentar Über Den Ersten Petrusbrief
9781022826601,es un codigo ISBN de una edicion publicada por,"Creative Media Partners, LLC"
9781022826601,está escrito en,Alemán
9781020708909,es un codigo ISBN para el libro,Wissenschaftlicher und Praktischer Commentar Über Den Ersten Petrusbrief
9781020708909,es un codigo ISBN de una edicion publicada por,"Creative Media Partners, LLC"
9781020708909,está escrito en,Alemán
Johann Martin Usteri,es autor de la obra,Wissenschaftlicher und Praktischer Commentar Über Den Ersten Petrusbrief
9783111197968,es un codigo ISBN para el libro,Dichtungen in Versen und Prosa - Nebst Einer Lebensbeschreibung des Verfassers
9783111197968,es un codigo ISBN de una edicion publicada por,"De Gruyter, Inc."
9783111197968,está escrito en,Alemán
Johann Martin Usteri,es autor de la obra,Dichtungen in Versen und Prosa - Nebst Einer Lebensbeschreibung des Verfassers
3855720503,es un codigo ISBN para el libro,Der Maler
3855720503,es un codigo ISBN de una edicion publicada por,Buchverlag Berichthaus
3855720503,está escrito en,Alemán
Johann Martin Usteri,es autor de la obra,Der Maler
9783111569505,es un codigo ISBN para el libro,Johann Martin Usteri
9783111569505,es un codigo ISBN de una edicion publicada por,"de Gruyter GmbH, Walter"
9783111569505,está escrito en,Alemán
9783111604329,es un codigo ISBN para el libro,Johann Martin Usteri
9783111604329,es un codigo ISBN de una edicion publicada por,"de Gruyter GmbH, Walter"
9783111604329,está escrito en,Alemán
9783111229133,es un codigo ISBN para el libro,Johann Martin Usteri
9783111229133,es un codigo ISBN de una edicion publicada por,"De Gruyter, Inc."
9783111229133,está escrito en,Alemán
Johann Martin Usteri,es autor de la obra,Johann Martin Usteri
9783111687759,es un codigo ISBN para el libro,Dichtungen in Versen und Prosa
9783111687759,es un codigo ISBN de una edicion publicada por,"De Gruyter, Inc."
9783111687759,está escrito en,Alemán
Johann Martin Usteri,es autor de la obra,Dichtungen in Versen und Prosa
9783111300412,es un codigo ISBN para el libro,Dichtungen in Versen und Prosa Bd. 2
9783111300412,es un codigo ISBN de una edicion publicada por,"De Gruyter, Inc."
9783111300412,está escrito en,Alemán
Johann Martin Usteri,es autor de la obra,Dichtungen in Versen und Prosa Bd. 2
Elsie Attenhofer,es de nacionalidad,Switzerland
3724504861,es un codigo ISBN para el libro,Der Flug um die goldene Mücke
3724504861,es un codigo ISBN de una edicion publicada por,F. Reinhardt
3724504861,está escrito en,Alemán
Elsie Attenhofer,es autor de la obra,Der Flug um die goldene Mücke
3716500402,es un codigo ISBN para el libro,Cabaret Cornichon: Erinnerungen an ein Cabaret (German Edition)
3716500402,es un codigo ISBN de una edicion publicada por,Benteli
3716500402,está escrito en,Alemán
Elsie Attenhofer,es autor de la obra,Cabaret Cornichon: Erinnerungen an ein Cabaret (German Edition)
Cabaret Cornichon: Erinnerungen an ein Cabaret (German Edition),pertenece al género,"Cabaret Cornichon, Zürich"
Cabaret Cornichon: Erinnerungen an ein Cabaret (German Edition),pertenece al género,Cabaret Cornichon
Cabaret Cornichon: Erinnerungen an ein Cabaret (German Edition),pertenece al género,"Music-halls (Variety-theaters, cabarets, etc.)"
Carmen Binladin,es de nacionalidad,Switzerland
Jacques-Michel Pittier,es de nacionalidad,Switzerland
2859201513,es un codigo ISBN para el libro,Les forçats
2859201513,es un codigo ISBN de una edicion publicada por,Castor astral
2859201513,es un codigo ISBN de una edicion publicada por,L'Aire
2859201513,está escrito en,Francés
Jacques-Michel Pittier,es autor de la obra,Les forçats
9782859201517,es un codigo ISBN para el libro,Les forcats
9782859201517,es un codigo ISBN de una edicion publicada por,Castor astral
9782859201517,está escrito en,Francés
2859201513,es un codigo ISBN para el libro,Les forcats
Jacques-Michel Pittier,es autor de la obra,Les forcats
2601031085,es un codigo ISBN para el libro,L'Homme de musique
2601031085,es un codigo ISBN de una edicion publicada por,Payot
2601031085,está escrito en,Francés
Jacques-Michel Pittier,es autor de la obra,L'Homme de musique
2601032618,es un codigo ISBN para el libro,Une histoire en crescendo: la musique classique `a Lausanne
2601032618,es un codigo ISBN de una edicion publicada por,"Editions Payot Lausanne, Nadir SA"
2601032618,está escrito en,Francés
Jacques-Michel Pittier,es autor de la obra,Une histoire en crescendo: la musique classique `a Lausanne
Une histoire en crescendo: la musique classique `a Lausanne,pertenece al género,History and criticism
Une histoire en crescendo: la musique classique `a Lausanne,pertenece al género,Music
Une histoire en crescendo: la musique classique `a Lausanne,pertenece al género,Symphony orchestras
2888880636,es un codigo ISBN para el libro,Musique et humanisme
2888880636,es un codigo ISBN de una edicion publicada por,Bibliothèque cantonale et universitaire
2888880636,es un codigo ISBN de una edicion publicada por,Revue musicale de Suisse romande
2888880636,está escrito en,Francés
Jacques-Michel Pittier,es autor de la obra,Musique et humanisme
Musique et humanisme,pertenece al género,Humanism
Musique et humanisme,pertenece al género,History and criticism
Musique et humanisme,pertenece al género,Music
Gaston Cherpillod,es de nacionalidad,Switzerland
9782881083839,es un codigo ISBN para el libro,Le gour noir
9782881083839,es un codigo ISBN de una edicion publicada por,L'Aire bleue
9782881083839,está escrito en,Francés
2881083838,es un codigo ISBN para el libro,Le gour noir
2881083838,es un codigo ISBN de una edicion publicada por,L'Aire bleue
2881083838,está escrito en,Francés
Gaston Cherpillod,es autor de la obra,Le gour noir
3857916281,es un codigo ISBN para el libro,"viseversa literatur (Jahrbuch der Schweizer Literaturen, 5)"
3857916281,es un codigo ISBN de una edicion publicada por,Herausgeber Service de Presse Suisse
9783857916281,es un codigo ISBN para el libro,"viseversa literatur (Jahrbuch der Schweizer Literaturen, 5)"
9783857916281,es un codigo ISBN de una edicion publicada por,Herausgeber Service de Presse Suisse
Gaston Cherpillod,es autor de la obra,"viseversa literatur (Jahrbuch der Schweizer Literaturen, 5)"
2825138800,es un codigo ISBN para el libro,D'un ciel bleuâtre
2825138800,es un codigo ISBN de una edicion publicada por,Age d'homme
2825138800,está escrito en,Francés
9782825138809,es un codigo ISBN para el libro,D'un ciel bleuâtre
9782825138809,es un codigo ISBN de una edicion publicada por,Age d'homme
9782825138809,está escrito en,Francés
Gaston Cherpillod,es autor de la obra,D'un ciel bleuâtre
2825117188,es un codigo ISBN para el libro,Contredits
2825117188,es un codigo ISBN de una edicion publicada por,AGE D HOMME
2825117188,es un codigo ISBN de una edicion publicada por,Âge d'Homme
2825117188,está escrito en,Francés
Gaston Cherpillod,es autor de la obra,Contredits
2825117188,es un codigo ISBN para el libro,Contredits: Proses
2825117188,es un codigo ISBN de una edicion publicada por,L'Age d'Homme - Editions Diffusion
Gaston Cherpillod,es autor de la obra,Contredits: Proses
Contredits: Proses,pertenece al género,OUR Brockhaus selection
Contredits: Proses,pertenece al género,Literatur romanischer Sprachen
3545362973,es un codigo ISBN para el libro,Gewittereiche
3545362973,es un codigo ISBN de una edicion publicada por,Benziger
3545362973,está escrito en,Alemán
Gaston Cherpillod,es autor de la obra,Gewittereiche
2825115576,es un codigo ISBN para el libro,Idees et formes fixes: sonnets
2825115576,es un codigo ISBN de una edicion publicada por,L'Age d'Homme - Editions Diffusion
2825115576,está escrito en,Francés
Gaston Cherpillod,es autor de la obra,Idees et formes fixes: sonnets
Idees et formes fixes: sonnets,pertenece al género,OUR Brockhaus selection
Idees et formes fixes: sonnets,pertenece al género,Literatur romanischer Sprachen
2825115576,es un codigo ISBN para el libro,Idées et formes fixes
2825115576,es un codigo ISBN de una edicion publicada por,AGE D HOMME
2825115576,es un codigo ISBN de una edicion publicada por,L'Age d'homme
Gaston Cherpillod,es autor de la obra,Idées et formes fixes
2825101893,es un codigo ISBN para el libro,Jules Vallès
2825101893,es un codigo ISBN de una edicion publicada por,L'Age d'homme
2825101893,está escrito en,Francés
Gaston Cherpillod,es autor de la obra,Jules Vallès
Jules Vallès,pertenece al género,Criticism and interpretation
2881085059,es un codigo ISBN para el libro,Le cloche de minuit et autres contes
2881085059,es un codigo ISBN de una edicion publicada por,Editions de l'Aire
2881085059,está escrito en,Francés
Gaston Cherpillod,es autor de la obra,Le cloche de minuit et autres contes
2825106593,es un codigo ISBN para el libro,Le maître des roseaux
2825106593,es un codigo ISBN de una edicion publicada por,L'Age d'homme
2825106593,está escrito en,Francés
Gaston Cherpillod,es autor de la obra,Le maître des roseaux
9782825136096,es un codigo ISBN para el libro,Main tendue poing fermé
9782825136096,es un codigo ISBN de una edicion publicada por,Age d'Homme
9782825136096,está escrito en,Francés
2825136093,es un codigo ISBN para el libro,Main tendue poing fermé
2825136093,es un codigo ISBN de una edicion publicada por,Age d'Homme
2825136093,está escrito en,Francés
Gaston Cherpillod,es autor de la obra,Main tendue poing fermé
Roland Brogli,es de nacionalidad,Switzerland
Edmond Kaiser,es de nacionalidad,Switzerland
2890453278,es un codigo ISBN para el libro,La marche aux enfants
2890453278,es un codigo ISBN de una edicion publicada por,Hurtubise HMH
2890453278,está escrito en,Francés
282890038X,es un codigo ISBN para el libro,La marche aux enfants
282890038X,es un codigo ISBN de una edicion publicada por,P.-M. Favre
282890038X,está escrito en,Francés
Edmond Kaiser,es autor de la obra,La marche aux enfants
La marche aux enfants,pertenece al género,Abandoned children
La marche aux enfants,pertenece al género,Child welfare
La marche aux enfants,pertenece al género,Children's rights
2828905497,es un codigo ISBN para el libro,Entretiens avec Edmond Kaiser
2828905497,es un codigo ISBN de una edicion publicada por,Editions Favre
2828905497,está escrito en,Francés
Edmond Kaiser,es autor de la obra,Entretiens avec Edmond Kaiser
Entretiens avec Edmond Kaiser,pertenece al género,Child welfare
Entretiens avec Edmond Kaiser,pertenece al género,Humanitarianism
Entretiens avec Edmond Kaiser,pertenece al género,Interviews
Cristina Perincioli,es de nacionalidad,Switzerland
3770125193,es un codigo ISBN para el libro,Computer und Kreativität
3770125193,es un codigo ISBN de una edicion publicada por,DuMont Buchverlag
3770125193,está escrito en,Alemán
Cristina Perincioli,es autor de la obra,Computer und Kreativität
Computer und Kreativität,pertenece al género,"Art, Modern"
Computer und Kreativität,pertenece al género,Computer animation
Computer und Kreativität,pertenece al género,Computer art
9783896562326,es un codigo ISBN para el libro,Berlin wird feministisch
9783896562326,es un codigo ISBN de una edicion publicada por,Quer Verlag GmbH
3896562320,es un codigo ISBN para el libro,Berlin wird feministisch
3896562320,es un codigo ISBN de una edicion publicada por,Quer Verlag GmbH
Cristina Perincioli,es autor de la obra,Berlin wird feministisch
349914719X,es un codigo ISBN para el libro,"Die Frauen von Harrisburg, oder, Wir lassen uns die Angst nicht ausreden"
349914719X,es un codigo ISBN de una edicion publicada por,Rowohlt
349914719X,está escrito en,Alemán
Cristina Perincioli,es autor de la obra,"Die Frauen von Harrisburg, oder, Wir lassen uns die Angst nicht ausreden"
"Die Frauen von Harrisburg, oder, Wir lassen uns die Angst nicht ausreden",pertenece al género,Accidents
"Die Frauen von Harrisburg, oder, Wir lassen uns die Angst nicht ausreden",pertenece al género,Nuclear power plants
"Die Frauen von Harrisburg, oder, Wir lassen uns die Angst nicht ausreden",pertenece al género,Public opinion
Conrad Justinger,es de nacionalidad,Switzerland
Auguste Viatte,es de nacionalidad,Switzerland
9781019852071,es un codigo ISBN para el libro,Catholicisme Chez les Romantiques
9781019852071,es un codigo ISBN de una edicion publicada por,"Creative Media Partners, LLC"
9781019852071,está escrito en,Francés
9781022029262,es un codigo ISBN para el libro,Catholicisme Chez les Romantiques
9781022029262,es un codigo ISBN de una edicion publicada por,"Creative Media Partners, LLC"
9781022029262,está escrito en,Francés
9780270003314,es un codigo ISBN para el libro,Catholicisme Chez les Romantiques
9780270003314,es un codigo ISBN de una edicion publicada por,"Creative Media Partners, LLC"
9780270003314,está escrito en,Francés
Auguste Viatte,es autor de la obra,Catholicisme Chez les Romantiques
209190029X,es un codigo ISBN para el libro,Histoire comparée des littératures francophones
209190029X,es un codigo ISBN de una edicion publicada por,Nathan
209190029X,está escrito en,Francés
Auguste Viatte,es autor de la obra,Histoire comparée des littératures francophones
Histoire comparée des littératures francophones,pertenece al género,French literature
Histoire comparée des littératures francophones,pertenece al género,History and criticism
Histoire comparée des littératures francophones,pertenece al género,Foreign authors
9782051019064,es un codigo ISBN para el libro,Victor Hugo et les illuminés de son temps
9782051019064,es un codigo ISBN de una edicion publicada por,Slatkine Reprints
9782051019064,está escrito en,Francés
2051019061,es un codigo ISBN para el libro,Victor Hugo et les illuminés de son temps
2051019061,es un codigo ISBN de una edicion publicada por,Slatkine Reprints
2051019061,está escrito en,Francés
Auguste Viatte,es autor de la obra,Victor Hugo et les illuminés de son temps
Victor Hugo et les illuminés de son temps,pertenece al género,Illuminati
Victor Hugo et les illuminés de son temps,pertenece al género,French language materials
2763777783,es un codigo ISBN para el libro,D'un monde à l'autre--
2763777783,es un codigo ISBN de una edicion publicada por,Editions Communication jurassienne et européenne
2763777783,es un codigo ISBN de una edicion publicada por,L'Harmattan
2763777783,es un codigo ISBN de una edicion publicada por,Presses de l'Université Laval
2763777783,está escrito en,Francés
2763780075,es un codigo ISBN para el libro,D'un monde à l'autre--
2763780075,es un codigo ISBN de una edicion publicada por,Editions Communication jurassienne et européenne
2763780075,es un codigo ISBN de una edicion publicada por,L'Harmattan
2763780075,es un codigo ISBN de una edicion publicada por,Presses de l'Université Laval
2763780075,está escrito en,Francés
2940112126,es un codigo ISBN para el libro,D'un monde à l'autre--
2940112126,es un codigo ISBN de una edicion publicada por,Editions Communication jurassienne et européenne
2940112126,es un codigo ISBN de una edicion publicada por,L'Harmattan
2940112126,es un codigo ISBN de una edicion publicada por,Presses de l'Université Laval
2940112126,está escrito en,Francés
2747508153,es un codigo ISBN para el libro,D'un monde à l'autre--
2747508153,es un codigo ISBN de una edicion publicada por,Editions Communication jurassienne et européenne
2747508153,es un codigo ISBN de una edicion publicada por,L'Harmattan
2747508153,es un codigo ISBN de una edicion publicada por,Presses de l'Université Laval
2747508153,está escrito en,Francés
2747556522,es un codigo ISBN para el libro,D'un monde à l'autre--
2747556522,es un codigo ISBN de una edicion publicada por,Editions Communication jurassienne et européenne
2747556522,es un codigo ISBN de una edicion publicada por,L'Harmattan
2747556522,es un codigo ISBN de una edicion publicada por,Presses de l'Université Laval
2747556522,está escrito en,Francés
2940112088,es un codigo ISBN para el libro,D'un monde à l'autre--
2940112088,es un codigo ISBN de una edicion publicada por,Editions Communication jurassienne et européenne
2940112088,es un codigo ISBN de una edicion publicada por,L'Harmattan
2940112088,es un codigo ISBN de una edicion publicada por,Presses de l'Université Laval
2940112088,está escrito en,Francés
Auguste Viatte,es autor de la obra,D'un monde à l'autre--
D'un monde à l'autre--,pertenece al género,Biography
D'un monde à l'autre--,pertenece al género,Diaries
D'un monde à l'autre--,pertenece al género,Intellectual life
209190029X,es un codigo ISBN para el libro,Histoire comparée des littértures francophones
Auguste Viatte,es autor de la obra,Histoire comparée des littértures francophones
Histoire comparée des littértures francophones,pertenece al género,French literature
Histoire comparée des littértures francophones,pertenece al género,History and criticism
Histoire comparée des littértures francophones,pertenece al género,Foreign authors
2852030772,es un codigo ISBN para el libro,Les sources occultes du romantisme
2852030772,es un codigo ISBN de una edicion publicada por,H. Champion
2852030772,está escrito en,Francés
Auguste Viatte,es autor de la obra,Les sources occultes du romantisme
Les sources occultes du romantisme,pertenece al género,Romanticism
Les sources occultes du romantisme,pertenece al género,Illuminati
Les sources occultes du romantisme,pertenece al género,Theosophy
2747556521,es un codigo ISBN para el libro,D'UN MONDE À L'AUTRE - Journal d'un intellectuel jurassien au Québec (1939-1949) - Volume 2 novembre 1942-août 1945
2747556521,es un codigo ISBN de una edicion publicada por,Editions L'Harmattan
2747556521,está escrito en,Francés
Auguste Viatte,es autor de la obra,D'UN MONDE À L'AUTRE - Journal d'un intellectuel jurassien au Québec (1939-1949) - Volume 2 novembre 1942-août 1945
Gardi Hutter,es de nacionalidad,Switzerland
9867819306,es un codigo ISBN para el libro,Wo de ma ya! Bie zai wan mo fa le! =
9867819306,es un codigo ISBN de una edicion publicada por,Yu shan she chu ban shi ye gu fen you xian gong si
9867819306,está escrito en,chi
9789867819307,es un codigo ISBN para el libro,Wo de ma ya! Bie zai wan mo fa le! =
9789867819307,es un codigo ISBN de una edicion publicada por,Yu shan she chu ban shi ye gu fen you xian gong si
9789867819307,está escrito en,chi
Gardi Hutter,es autor de la obra,Wo de ma ya! Bie zai wan mo fa le! =
Wo de ma ya! Bie zai wan mo fa le! =,pertenece al género,Mothers and daughters
Wo de ma ya! Bie zai wan mo fa le! =,pertenece al género,Magic
Wo de ma ya! Bie zai wan mo fa le! =,pertenece al género,Fiction
9789867819284,es un codigo ISBN para el libro,Wo de ma ya! ni bu yao zou ma! =
9789867819284,es un codigo ISBN de una edicion publicada por,Yu shan she chu ban shi ye gu fen you xian gong si
9789867819284,está escrito en,chi
9867819284,es un codigo ISBN para el libro,Wo de ma ya! ni bu yao zou ma! =
9867819284,es un codigo ISBN de una edicion publicada por,Yu shan she chu ban shi ye gu fen you xian gong si
9867819284,está escrito en,chi
Gardi Hutter,es autor de la obra,Wo de ma ya! ni bu yao zou ma! =
Wo de ma ya! ni bu yao zou ma! =,pertenece al género,Mothers and daughters
Wo de ma ya! ni bu yao zou ma! =,pertenece al género,Juvenile fiction
Wo de ma ya! ni bu yao zou ma! =,pertenece al género,Dependency in children
9867819292,es un codigo ISBN para el libro,Wo de ma ya! wo men ku de hao tong kuai wo! =
9867819292,es un codigo ISBN de una edicion publicada por,Yu shan she chu ban shi ye gu fen you xian gong si
9867819292,está escrito en,chi
9789867819291,es un codigo ISBN para el libro,Wo de ma ya! wo men ku de hao tong kuai wo! =
9789867819291,es un codigo ISBN de una edicion publicada por,Yu shan she chu ban shi ye gu fen you xian gong si
9789867819291,está escrito en,chi
Gardi Hutter,es autor de la obra,Wo de ma ya! wo men ku de hao tong kuai wo! =
Wo de ma ya! wo men ku de hao tong kuai wo! =,pertenece al género,Mothers and daughters
Wo de ma ya! wo men ku de hao tong kuai wo! =,pertenece al género,Magic
Wo de ma ya! wo men ku de hao tong kuai wo! =,pertenece al género,Fiction
9783280034903,es un codigo ISBN para el libro,Mamma mia! Zum Schluchzen schön!
9783280034903,es un codigo ISBN de una edicion publicada por,Orell Fuessli Verlag
3280034906,es un codigo ISBN para el libro,Mamma mia! Zum Schluchzen schön!
3280034906,es un codigo ISBN de una edicion publicada por,Orell Fuessli Verlag
Gardi Hutter,es autor de la obra,Mamma mia! Zum Schluchzen schön!
9783280035078,es un codigo ISBN para el libro,Mamma mia! Lass das Zaubern!
9783280035078,es un codigo ISBN de una edicion publicada por,Orell Fuessli Verlag
3280035074,es un codigo ISBN para el libro,Mamma mia! Lass das Zaubern!
3280035074,es un codigo ISBN de una edicion publicada por,Orell Fuessli Verlag
Gardi Hutter,es autor de la obra,Mamma mia! Lass das Zaubern!
3280035023,es un codigo ISBN para el libro,Mamma mia! Geh nicht weg!
3280035023,es un codigo ISBN de una edicion publicada por,Orell Fuessli Verlag
9783280035023,es un codigo ISBN para el libro,Mamma mia! Geh nicht weg!
9783280035023,es un codigo ISBN de una edicion publicada por,Orell Fuessli Verlag
Gardi Hutter,es autor de la obra,Mamma mia! Geh nicht weg!
9783794148646,es un codigo ISBN para el libro,Der kleine See und das Meer
9783794148646,es un codigo ISBN de una edicion publicada por,Sauerländer
3794148649,es un codigo ISBN para el libro,Der kleine See und das Meer
3794148649,es un codigo ISBN de una edicion publicada por,Sauerländer
Gardi Hutter,es autor de la obra,Der kleine See und das Meer
Der kleine See und das Meer,pertenece al género,See
Der kleine See und das Meer,pertenece al género,Sehnsucht
Der kleine See und das Meer,pertenece al género,Meer
3314010079,es un codigo ISBN para el libro,Mamma mia! Geh nicht weg.
3314010079,es un codigo ISBN de una edicion publicada por,Nord Süd-Verlag
9783314010071,es un codigo ISBN para el libro,Mamma mia! Geh nicht weg.
9783314010071,es un codigo ISBN de una edicion publicada por,Nord Süd-Verlag
Gardi Hutter,es autor de la obra,Mamma mia! Geh nicht weg.
3314008961,es un codigo ISBN para el libro,Mamma mia. Was haben wir geweint.
3314008961,es un codigo ISBN de una edicion publicada por,Nord Süd-Verlag
9783314008962,es un codigo ISBN para el libro,Mamma mia. Was haben wir geweint.
9783314008962,es un codigo ISBN de una edicion publicada por,Nord Süd-Verlag
Gardi Hutter,es autor de la obra,Mamma mia. Was haben wir geweint.
Rudolph Sutermeister,es de nacionalidad,Switzerland
Ernst Eggimann,es de nacionalidad,Switzerland
3724905416,es un codigo ISBN para el libro,Emmental
3724905416,es un codigo ISBN de una edicion publicada por,Rentsch
3724905416,está escrito en,Alemán
Ernst Eggimann,es autor de la obra,Emmental
Emmental,pertenece al género,Social life and customs
Emmental,pertenece al género,Pictorial works
3459008881,es un codigo ISBN para el libro,Meditation mit offensen Augen
3459008881,es un codigo ISBN de una edicion publicada por,C. Kaiser
3459008881,está escrito en,Alemán
Ernst Eggimann,es autor de la obra,Meditation mit offensen Augen
Meditation mit offensen Augen,pertenece al género,Meditation
3716014257,es un codigo ISBN para el libro,Jesus-Texte
3716014257,es un codigo ISBN de una edicion publicada por,Im Verlag der Arche
3716014257,está escrito en,Alemán
Ernst Eggimann,es autor de la obra,Jesus-Texte
3716017442,es un codigo ISBN para el libro,E Satz zmitts id Wäut
3716017442,es un codigo ISBN de una edicion publicada por,Verlag der Arche
3716017442,está escrito en,Alemán
Ernst Eggimann,es autor de la obra,E Satz zmitts id Wäut
Josef Villiger,es de nacionalidad,Switzerland
Matthyas Jenny,es de nacionalidad,Switzerland
3857872551,es un codigo ISBN para el libro,Die Beschreibung der Tiefsee
3857872551,es un codigo ISBN de una edicion publicada por,Lenos
3857872551,está escrito en,Alemán
Matthyas Jenny,es autor de la obra,Die Beschreibung der Tiefsee
3856060022,es un codigo ISBN para el libro,Highway-Junkie
3856060022,es un codigo ISBN de una edicion publicada por,Lichtspuren
3856060022,está escrito en,Alemán
Matthyas Jenny,es autor de la obra,Highway-Junkie
Albert Bächtold,es de nacionalidad,Switzerland
3858050326,es un codigo ISBN para el libro,De Studänt Räbme
3858050326,es un codigo ISBN de una edicion publicada por,P. Meili
3858050326,está escrito en,Alemán
Albert Bächtold,es autor de la obra,De Studänt Räbme
9783858050267,es un codigo ISBN para el libro,Silbertischtle
9783858050267,es un codigo ISBN de una edicion publicada por,Meili
9783858050267,está escrito en,Alemán
3858050261,es un codigo ISBN para el libro,Silbertischtle
3858050261,es un codigo ISBN de una edicion publicada por,Meili
3858050261,está escrito en,Alemán
Albert Bächtold,es autor de la obra,Silbertischtle
3858050377,es un codigo ISBN para el libro,De Tischtelfink
3858050377,es un codigo ISBN de una edicion publicada por,P. Meili
3858050377,está escrito en,Alemán
Albert Bächtold,es autor de la obra,De Tischtelfink
3858050334,es un codigo ISBN para el libro,Noosüechle
3858050334,es un codigo ISBN de una edicion publicada por,P. Meili
3858050334,está escrito en,Alemán
Albert Bächtold,es autor de la obra,Noosüechle
3858050407,es un codigo ISBN para el libro,Aa zyt isch nid alli zyt
3858050407,es un codigo ISBN de una edicion publicada por,Meili
3858050407,está escrito en,Alemán
Albert Bächtold,es autor de la obra,Aa zyt isch nid alli zyt
Robert Mächler,es de nacionalidad,Switzerland
9783518399866,es un codigo ISBN para el libro,Das Leben Robert Walsers
9783518399866,es un codigo ISBN de una edicion publicada por,Suhrkamp
9783518399866,está escrito en,Alemán
3518399861,es un codigo ISBN para el libro,Das Leben Robert Walsers
3518399861,es un codigo ISBN de una edicion publicada por,Suhrkamp
3518399861,está escrito en,Alemán
3518068210,es un codigo ISBN para el libro,Das Leben Robert Walsers
3518068210,es un codigo ISBN de una edicion publicada por,Suhrkamp
3518068210,está escrito en,Alemán
Robert Mächler,es autor de la obra,Das Leben Robert Walsers
Das Leben Robert Walsers,pertenece al género,Biography
Das Leben Robert Walsers,pertenece al género,Swiss Authors
Das Leben Robert Walsers,pertenece al género,Écrivains suisses
351840444X,es un codigo ISBN para el libro,Das Leben Robert Walsers
351840444X,es un codigo ISBN de una edicion publicada por,Suhrkamp
351840444X,está escrito en,Alemán
3858423440,es un codigo ISBN para el libro,"Robert Walser, der Unenträtselte"
3858423440,es un codigo ISBN de una edicion publicada por,Pendo
3858423440,está escrito en,Alemán
Robert Mächler,es autor de la obra,"Robert Walser, der Unenträtselte"
"Robert Walser, der Unenträtselte",pertenece al género,Criticism and interpretation
9783258063881,es un codigo ISBN para el libro,Irrtum vorbehalten. Aphorismen und Reflexionen über Gott und die Welt
9783258063881,es un codigo ISBN de una edicion publicada por,"Paul Haupt, Bern"
9783258063881,está escrito en,Alemán
3258063885,es un codigo ISBN para el libro,Irrtum vorbehalten. Aphorismen und Reflexionen über Gott und die Welt
3258063885,es un codigo ISBN de una edicion publicada por,"Paul Haupt, Bern"
3258063885,está escrito en,Alemán
Robert Mächler,es autor de la obra,Irrtum vorbehalten. Aphorismen und Reflexionen über Gott und die Welt
3907576179,es un codigo ISBN para el libro,Robert Mächler-- ein Don Quijote im Schweizer Geistesleben?
3907576179,es un codigo ISBN de una edicion publicada por,Pano
3907576179,está escrito en,Alemán
Robert Mächler,es autor de la obra,Robert Mächler-- ein Don Quijote im Schweizer Geistesleben?
Robert Mächler-- ein Don Quijote im Schweizer Geistesleben?,pertenece al género,Bibliography
Robert Mächler-- ein Don Quijote im Schweizer Geistesleben?,pertenece al género,Church
Robert Mächler-- ein Don Quijote im Schweizer Geistesleben?,pertenece al género,Doctrinal Theology
3926112956,es un codigo ISBN para el libro,Zwischen Kniefall und Verdammung
3926112956,es un codigo ISBN de una edicion publicada por,Merlin
3926112956,está escrito en,Alemán
Robert Mächler,es autor de la obra,Zwischen Kniefall und Verdammung
Zwischen Kniefall und Verdammung,pertenece al género,Church
Zwischen Kniefall und Verdammung,pertenece al género,Doctrinal Theology
Zwischen Kniefall und Verdammung,pertenece al género,History
9783258075310,es un codigo ISBN para el libro,"""Arme Teufel sind wir alle ..."""
9783258075310,es un codigo ISBN de una edicion publicada por,Haupt Verlag
9783258075310,está escrito en,Alemán
325807531X,es un codigo ISBN para el libro,"""Arme Teufel sind wir alle ..."""
325807531X,es un codigo ISBN de una edicion publicada por,Haupt Verlag
325807531X,está escrito en,Alemán
Robert Mächler,es autor de la obra,"""Arme Teufel sind wir alle ..."""
"""Arme Teufel sind wir alle ...""",pertenece al género,Correspondence
3518046187,es un codigo ISBN para el libro,Robert Walser zum Gedenken
3518046187,es un codigo ISBN de una edicion publicada por,Suhrkamp
3518046187,está escrito en,Alemán
Robert Mächler,es autor de la obra,Robert Walser zum Gedenken
Robert Walser zum Gedenken,pertenece al género,Swiss Authors
Robert Walser zum Gedenken,pertenece al género,"Addresses, essays, lectures"
Robert Walser zum Gedenken,pertenece al género,Biography
Roland Zoss,es de nacionalidad,Switzerland
3794121600,es un codigo ISBN para el libro,WER DEN WIND VERNIMMT
3794121600,es un codigo ISBN de una edicion publicada por,SAUERLÄNDER
3794121600,está escrito en,Alemán
Roland Zoss,es autor de la obra,WER DEN WIND VERNIMMT
9781620955680,es un codigo ISBN para el libro,le Derrire la Lune
9781620955680,es un codigo ISBN de una edicion publicada por,BookBaby
9781620955680,está escrito en,Francés
Roland Zoss,es autor de la obra,le Derrire la Lune
9781618420954,es un codigo ISBN para el libro,Saitenstrassen - oder die Melodie des Zufalls
9781618420954,es un codigo ISBN de una edicion publicada por,BookBaby
9781618420954,está escrito en,Alemán
Roland Zoss,es autor de la obra,Saitenstrassen - oder die Melodie des Zufalls
9781483513188,es un codigo ISBN para el libro,"ABC Xenegugeli, Espaol"
9781483513188,es un codigo ISBN de una edicion publicada por,BookBaby
9781483513188,está escrito en,Español
Roland Zoss,es autor de la obra,"ABC Xenegugeli, Espaol"
9781543915280,es un codigo ISBN para el libro,Die Insel Hinterm Mond
9781543915280,es un codigo ISBN de una edicion publicada por,BookBaby
9781543915280,está escrito en,Alemán
Roland Zoss,es autor de la obra,Die Insel Hinterm Mond
9781483593357,es un codigo ISBN para el libro,Xenegugeli
9781483593357,es un codigo ISBN de una edicion publicada por,BookBaby
9781483593357,está escrito en,Alemán
Roland Zoss,es autor de la obra,Xenegugeli
9783037393031,es un codigo ISBN para el libro,Jimmy Flitz ChinderWiehnacht . Liederheft
9783037393031,es un codigo ISBN de una edicion publicada por,BookBaby
9783037393031,está escrito en,Alemán
Roland Zoss,es autor de la obra,Jimmy Flitz ChinderWiehnacht . Liederheft
9781483502502,es un codigo ISBN para el libro,"ABC Xenegugeli, Franais"
9781483502502,es un codigo ISBN de una edicion publicada por,BookBaby
9781483502502,está escrito en,Francés
Roland Zoss,es autor de la obra,"ABC Xenegugeli, Franais"
9781098306762,es un codigo ISBN para el libro,BAUMLIEDER Text- and Notenband CD 1+2
9781098306762,es un codigo ISBN de una edicion publicada por,BookBaby
9781098306762,está escrito en,Alemán
Roland Zoss,es autor de la obra,BAUMLIEDER Text- and Notenband CD 1+2
9781483585321,es un codigo ISBN para el libro,"Jesus, Judith and Johannes"
9781483585321,es un codigo ISBN de una edicion publicada por,BookBaby
9781483585321,está escrito en,Alemán
Roland Zoss,es autor de la obra,"Jesus, Judith and Johannes"
9781543975642,es un codigo ISBN para el libro,Baumlieder-Buch
9781543975642,es un codigo ISBN de una edicion publicada por,BookBaby
9781543975642,está escrito en,Alemán
Roland Zoss,es autor de la obra,Baumlieder-Buch
9781543998528,es un codigo ISBN para el libro,Muku-Tiki-Mu Text and Notenband Mit Hintergrundinfos
9781543998528,es un codigo ISBN de una edicion publicada por,BookBaby
9781543998528,está escrito en,Alemán
Roland Zoss,es autor de la obra,Muku-Tiki-Mu Text and Notenband Mit Hintergrundinfos
3907799437,es un codigo ISBN para el libro,"Jimmy Flitz, die Schweizermaus"
3907799437,es un codigo ISBN de una edicion publicada por,Riki-Verlag
3907799437,está escrito en,Alemán
9783907799437,es un codigo ISBN para el libro,"Jimmy Flitz, die Schweizermaus"
9783907799437,es un codigo ISBN de una edicion publicada por,Riki-Verlag
9783907799437,está escrito en,Alemán
Roland Zoss,es autor de la obra,"Jimmy Flitz, die Schweizermaus"
"Jimmy Flitz, die Schweizermaus",pertenece al género,Juvenile fiction
3905517477,es un codigo ISBN para el libro,Die Insel hinterm Mond
3905517477,es un codigo ISBN de una edicion publicada por,Hans Erpf
3905517477,está escrito en,Alemán
Roland Zoss,es autor de la obra,Die Insel hinterm Mond
Die Insel hinterm Mond,pertenece al género,Fiction
9781618420855,es un codigo ISBN para el libro,Island Beyond the Moon
9781618420855,es un codigo ISBN de una edicion publicada por,BookBaby
9781618420855,está escrito en,Inglés
Roland Zoss,es autor de la obra,Island Beyond the Moon
9781618424624,es un codigo ISBN para el libro,ABC Xenegugeli
9781618424624,es un codigo ISBN de una edicion publicada por,BookBaby
9781618424624,está escrito en,Alemán
Roland Zoss,es autor de la obra,ABC Xenegugeli
9781624888632,es un codigo ISBN para el libro,Xenegugeli English ABC
9781624888632,es un codigo ISBN de una edicion publicada por,BookBaby
9781624888632,está escrito en,Inglés
Roland Zoss,es autor de la obra,Xenegugeli English ABC
Xenegugeli English ABC,pertenece al género,Alphabet
Xenegugeli English ABC,pertenece al género,"English language, alphabet, juvenile literature"
9781618421104,es un codigo ISBN para el libro,Jimmy-Flitz die Schweizermaus
9781618421104,es un codigo ISBN de una edicion publicada por,BookBaby
9781618421104,está escrito en,Alemán
Roland Zoss,es autor de la obra,Jimmy-Flitz die Schweizermaus
Amalie Halter-Zollinger,es de nacionalidad,Switzerland
Rudolf Gelpke,es de nacionalidad,Switzerland
3859141457,es un codigo ISBN para el libro,EWIGES MORGENLAND
3859141457,es un codigo ISBN de una edicion publicada por,SPHINX-VERLAG
Rudolf Gelpke,es autor de la obra,EWIGES MORGENLAND
3608917209,es un codigo ISBN para el libro,Vom Rausch im Orient und Okzident
3608917209,es un codigo ISBN de una edicion publicada por,Klett-Cotta /J. G. Cotta'sche Buchhandlung Nachfo
3608917209,está escrito en,Alemán
9783608917208,es un codigo ISBN para el libro,Vom Rausch im Orient und Okzident
9783608917208,es un codigo ISBN de una edicion publicada por,Klett-Cotta /J. G. Cotta'sche Buchhandlung Nachfo
9783608917208,está escrito en,Alemán
Rudolf Gelpke,es autor de la obra,Vom Rausch im Orient und Okzident
Herbert Meier,es de nacionalidad,Switzerland
9783135761046,es un codigo ISBN para el libro,Spektroskopische Methoden in der organischen Chemie
9783135761046,es un codigo ISBN de una edicion publicada por,Thieme
3135761045,es un codigo ISBN para el libro,Spektroskopische Methoden in der organischen Chemie
3135761045,es un codigo ISBN de una edicion publicada por,Thieme
9780865776685,es un codigo ISBN para el libro,Spektroskopische Methoden in der organischen Chemie
9780865776685,es un codigo ISBN de una edicion publicada por,Thieme Medical Publishers
9780865776685,está escrito en,Inglés
0865776687,es un codigo ISBN para el libro,Spektroskopische Methoden in der organischen Chemie
0865776687,es un codigo ISBN de una edicion publicada por,Thieme Medical Publishers
0865776687,está escrito en,Inglés
0865776679,es un codigo ISBN para el libro,Spektroskopische Methoden in der organischen Chemie
0865776679,es un codigo ISBN de una edicion publicada por,Thieme Medical Publishers
0865776679,está escrito en,Inglés
9780865776678,es un codigo ISBN para el libro,Spektroskopische Methoden in der organischen Chemie
9780865776678,es un codigo ISBN de una edicion publicada por,Thieme Medical Publishers
9780865776678,está escrito en,Inglés
9783131060419,es un codigo ISBN para el libro,Spektroskopische Methoden in der organischen Chemie
9783131060419,es un codigo ISBN de una edicion publicada por,Thieme Publishing Group
9783131060419,está escrito en,Inglés
3131060417,es un codigo ISBN para el libro,Spektroskopische Methoden in der organischen Chemie
3131060417,es un codigo ISBN de una edicion publicada por,Thieme Publishing Group
3131060417,está escrito en,Inglés
3131060611,es un codigo ISBN para el libro,Spektroskopische Methoden in der organischen Chemie
3131060611,es un codigo ISBN de una edicion publicada por,G. Thieme
3131060611,es un codigo ISBN de una edicion publicada por,Thieme Verlag
3131060611,está escrito en,Inglés
0865776687,es un codigo ISBN de una edicion publicada por,G. Thieme
0865776687,es un codigo ISBN de una edicion publicada por,Thieme Verlag
3131060417,es un codigo ISBN de una edicion publicada por,G. Thieme
3131060417,es un codigo ISBN de una edicion publicada por,Thieme Verlag
0865776679,es un codigo ISBN de una edicion publicada por,G. Thieme
0865776679,es un codigo ISBN de una edicion publicada por,Thieme Verlag
Herbert Meier,es autor de la obra,Spektroskopische Methoden in der organischen Chemie
Spektroskopische Methoden in der organischen Chemie,pertenece al género,Spectrum analysis
Spektroskopische Methoden in der organischen Chemie,pertenece al género,Organic compounds
Spektroskopische Methoden in der organischen Chemie,pertenece al género,Analysis
3353010637,es un codigo ISBN para el libro,Winterball
3353010637,es un codigo ISBN de una edicion publicada por,Volk & Welt
3353010637,está escrito en,Alemán
Herbert Meier,es autor de la obra,Winterball
3545361918,es un codigo ISBN para el libro,Anatomische Geschichten
3545361918,es un codigo ISBN de una edicion publicada por,Benziger
3545361918,está escrito en,Alemán
Herbert Meier,es autor de la obra,Anatomische Geschichten
3353011552,es un codigo ISBN para el libro,"Aufbrüche, Reisen von Dorther"
3353011552,es un codigo ISBN de una edicion publicada por,Volk & Welt
3353011552,está escrito en,Alemán
Herbert Meier,es autor de la obra,"Aufbrüche, Reisen von Dorther"
3952286818,es un codigo ISBN para el libro,Denk an Siena
3952286818,es un codigo ISBN de una edicion publicada por,Xanthippe
3952286818,está escrito en,Alemán
9783952286814,es un codigo ISBN para el libro,Denk an Siena
9783952286814,es un codigo ISBN de una edicion publicada por,Xanthippe
9783952286814,está escrito en,Alemán
Herbert Meier,es autor de la obra,Denk an Siena
3492114385,es un codigo ISBN para el libro,Mythenspiel
3492114385,es un codigo ISBN de una edicion publicada por,Piper
3492114385,está escrito en,Alemán
Herbert Meier,es autor de la obra,Mythenspiel
3767208792,es un codigo ISBN para el libro,Siegward Sprotte malt in Nordfriesland
3767208792,es un codigo ISBN de una edicion publicada por,Christians
3767208792,está escrito en,Alemán
Herbert Meier,es autor de la obra,Siegward Sprotte malt in Nordfriesland
371930499X,es un codigo ISBN para el libro,Stauffer-Bern
371930499X,es un codigo ISBN de una edicion publicada por,Huber
371930499X,está escrito en,Alemán
Herbert Meier,es autor de la obra,Stauffer-Bern
Stauffer-Bern,pertenece al género,Fiction
3952286818,es un codigo ISBN para el libro,Denk an Siena: eine Liebesgeschichte
3952286818,es un codigo ISBN de una edicion publicada por,Xanthippe Verlag
Herbert Meier,es autor de la obra,Denk an Siena: eine Liebesgeschichte
Denk an Siena: eine Liebesgeschichte,pertenece al género,German literature
Denk an Siena: eine Liebesgeschichte,pertenece al género,SEL Library selection
3894113812,es un codigo ISBN para el libro,Gesammelte Gedichte
3894113812,es un codigo ISBN de una edicion publicada por,Johannes Verlag Einsiedeln
3894113812,está escrito en,Alemán
Herbert Meier,es autor de la obra,Gesammelte Gedichte
Gesammelte Gedichte,pertenece al género,SEL Library selection
Gesammelte Gedichte,pertenece al género,Fiction
9783894114114,es un codigo ISBN para el libro,Das Erhoffte will seine Zeit
9783894114114,es un codigo ISBN de una edicion publicada por,Johannes-Verl. Einsiedeln
9783894114114,está escrito en,Alemán
3894114118,es un codigo ISBN para el libro,Das Erhoffte will seine Zeit
3894114118,es un codigo ISBN de una edicion publicada por,Johannes-Verl. Einsiedeln
3894114118,está escrito en,Alemán
Herbert Meier,es autor de la obra,Das Erhoffte will seine Zeit
Jürg Laederach,es de nacionalidad,Switzerland
9783518402191,es un codigo ISBN para el libro,Emanuel: Worterbuch des hingerissenen Flaneurs
9783518402191,es un codigo ISBN de una edicion publicada por,Suhrkamp
9783518402191,está escrito en,Alemán
3518402196,es un codigo ISBN para el libro,Emanuel: Worterbuch des hingerissenen Flaneurs
3518402196,es un codigo ISBN de una edicion publicada por,Suhrkamp
3518402196,está escrito en,Alemán
Jürg Laederach,es autor de la obra,Emanuel: Worterbuch des hingerissenen Flaneurs
9783518405116,es un codigo ISBN para el libro,Passion: Ein Gestandnis
9783518405116,es un codigo ISBN de una edicion publicada por,Suhrkamp
9783518405116,está escrito en,Alemán
351840511X,es un codigo ISBN para el libro,Passion: Ein Gestandnis
351840511X,es un codigo ISBN de una edicion publicada por,Suhrkamp
351840511X,está escrito en,Alemán
Jürg Laederach,es autor de la obra,Passion: Ein Gestandnis
9781564789075,es un codigo ISBN para el libro,The Whole of Life
9781564789075,es un codigo ISBN de una edicion publicada por,Dalkey Archive Press
9781564789075,está escrito en,Inglés
Jürg Laederach,es autor de la obra,The Whole of Life
The Whole of Life,pertenece al género,"Fiction, visionary & metaphysical"
The Whole of Life,pertenece al género,English prose literature
3518045784,es un codigo ISBN para el libro,69 Arten den Blues zu spielen
3518045784,es un codigo ISBN de una edicion publicada por,Suhrkamp
3518045784,está escrito en,Alemán
Jürg Laederach,es autor de la obra,69 Arten den Blues zu spielen
3518035126,es un codigo ISBN para el libro,Das ganze Leben
3518035126,es un codigo ISBN de una edicion publicada por,Suhrkamp
3518035126,está escrito en,Alemán
Jürg Laederach,es autor de la obra,Das ganze Leben
3518114557,es un codigo ISBN para el libro,"Der zweite Sinn, oder, Unsentimentale Reise durch ein Feld Literatur"
3518114557,es un codigo ISBN de una edicion publicada por,Suhrkamp
3518114557,está escrito en,Alemán
Jürg Laederach,es autor de la obra,"Der zweite Sinn, oder, Unsentimentale Reise durch ein Feld Literatur"
3518119281,es un codigo ISBN para el libro,Eccentric
3518119281,es un codigo ISBN de una edicion publicada por,Suhrkamp
3518119281,está escrito en,Alemán
Jürg Laederach,es autor de la obra,Eccentric
Eccentric,pertenece al género,Criticism
Eccentric,pertenece al género,History and criticism
Eccentric,pertenece al género,Modern Literature
3518402196,es un codigo ISBN para el libro,Emanuel
Jürg Laederach,es autor de la obra,Emanuel
3518025813,es un codigo ISBN para el libro,Flugelmeyers Wahn
3518025813,es un codigo ISBN de una edicion publicada por,Suhrkamp
3518025813,está escrito en,Alemán
Jürg Laederach,es autor de la obra,Flugelmeyers Wahn
3518373145,es un codigo ISBN para el libro,Nach Einfall der Dämmerung
3518373145,es un codigo ISBN de una edicion publicada por,Suhrkamp
3518373145,está escrito en,Alemán
Jürg Laederach,es autor de la obra,Nach Einfall der Dämmerung
351811929X,es un codigo ISBN para el libro,Schattenmänner
351811929X,es un codigo ISBN de una edicion publicada por,Suhrkamp
351811929X,está escrito en,Alemán
Jürg Laederach,es autor de la obra,Schattenmänner
Schattenmänner,pertenece al género,German fiction
3518115030,es un codigo ISBN para el libro,Vor Schrecken starr
3518115030,es un codigo ISBN de una edicion publicada por,Suhrkamp
3518115030,está escrito en,Alemán
Jürg Laederach,es autor de la obra,Vor Schrecken starr
3518377353,es un codigo ISBN para el libro,"Sigmund, oder, Der Herr der Seelen tötet seine"
3518377353,es un codigo ISBN de una edicion publicada por,Suhrkamp
3518377353,está escrito en,Alemán
Jürg Laederach,es autor de la obra,"Sigmund, oder, Der Herr der Seelen tötet seine"
0936756624,es un codigo ISBN para el libro,69 ways to play the blues
0936756624,es un codigo ISBN de una edicion publicada por,Semiotext(e)
0936756624,está escrito en,Inglés
Jürg Laederach,es autor de la obra,69 ways to play the blues
69 ways to play the blues,pertenece al género,Political science
3518035134,es un codigo ISBN para el libro,Das Buch der Klagen
3518035134,es un codigo ISBN de una edicion publicada por,Suhrkamp
3518035134,está escrito en,Alemán
Jürg Laederach,es autor de la obra,Das Buch der Klagen
Das Buch der Klagen,pertenece al género,German Short stories
3518119281,es un codigo ISBN para el libro,"Eccentric, Kunst und Leben"
Jürg Laederach,es autor de la obra,"Eccentric, Kunst und Leben"
"Eccentric, Kunst und Leben",pertenece al género,Criticism
"Eccentric, Kunst und Leben",pertenece al género,History and criticism
"Eccentric, Kunst und Leben",pertenece al género,"Literature, Modern"
3518034944,es un codigo ISBN para el libro,Einfall der Dämmerung
3518034944,es un codigo ISBN de una edicion publicada por,Suhrkamp
3518034944,está escrito en,Alemán
Jürg Laederach,es autor de la obra,Einfall der Dämmerung
3518110756,es un codigo ISBN para el libro,Fahles Ende kleiner Begierden
3518110756,es un codigo ISBN de una edicion publicada por,Suhrkamp
3518110756,está escrito en,Alemán
Jürg Laederach,es autor de la obra,Fahles Ende kleiner Begierden
3518035118,es un codigo ISBN para el libro,Im Verlauf einer langen Erinnerung
3518035118,es un codigo ISBN de una edicion publicada por,Suhrkamp
3518035118,está escrito en,Alemán
Jürg Laederach,es autor de la obra,Im Verlauf einer langen Erinnerung
3905591650,es un codigo ISBN para el libro,In Hackensack
3905591650,es un codigo ISBN de una edicion publicada por,Engeler
3905591650,está escrito en,Alemán
Jürg Laederach,es autor de la obra,In Hackensack
351840511X,es un codigo ISBN para el libro,Passion
Jürg Laederach,es autor de la obra,Passion
3518377353,es un codigo ISBN para el libro,"Sigmund, oder, Der Herr der Seelen tötet seine"
Jürg Laederach,es autor de la obra,"Sigmund, oder, Der Herr der Seelen tötet seine"
9783518241226,es un codigo ISBN para el libro,Harmfuls Hölle
9783518241226,es un codigo ISBN de una edicion publicada por,Suhrkamp Verlag AG
3518241222,es un codigo ISBN para el libro,Harmfuls Hölle
3518241222,es un codigo ISBN de una edicion publicada por,Suhrkamp Verlag AG
Jürg Laederach,es autor de la obra,Harmfuls Hölle
351842243X,es un codigo ISBN para el libro,Harmfuls Hölle
351842243X,es un codigo ISBN de una edicion publicada por,Suhrkamp
351842243X,está escrito en,Alemán
9783518422434,es un codigo ISBN para el libro,Harmfuls Hölle
9783518422434,es un codigo ISBN de una edicion publicada por,Suhrkamp
9783518422434,está escrito en,Alemán
Pierre Olivier Walzer,es de nacionalidad,Switzerland
9782232108716,es un codigo ISBN para el libro,Mallarmé
9782232108716,es un codigo ISBN de una edicion publicada por,Seghers
2232108716,es un codigo ISBN para el libro,Mallarmé
2232108716,es un codigo ISBN de una edicion publicada por,Seghers
Pierre Olivier Walzer,es autor de la obra,Mallarmé
Mallarmé,pertenece al género,Critique et interprétation
Mallarmé,pertenece al género,Biographie
2852032805,es un codigo ISBN para el libro,Approches
2852032805,es un codigo ISBN de una edicion publicada por,H. Champion
2852032805,está escrito en,Francés
Pierre Olivier Walzer,es autor de la obra,Approches
Approches,pertenece al género,French literature
Approches,pertenece al género,History and criticism
2825113654,es un codigo ISBN para el libro,Galerie romande
2825113654,es un codigo ISBN de una edicion publicada por,L'Age d'homme
2825113654,está escrito en,Francés
Pierre Olivier Walzer,es autor de la obra,Galerie romande
Galerie romande,pertenece al género,History and criticism
Galerie romande,pertenece al género,Swiss Authors
Galerie romande,pertenece al género,Swiss literature (French)
2825112127,es un codigo ISBN para el libro,Humanités provinciales
2825112127,es un codigo ISBN de una edicion publicada por,L'Age d'homme
2825112127,está escrito en,Francés
Pierre Olivier Walzer,es autor de la obra,Humanités provinciales
Humanités provinciales,pertenece al género,Biography
Humanités provinciales,pertenece al género,Critics
2883660050,es un codigo ISBN para el libro,L' après-midi à Ropraz
2883660050,es un codigo ISBN de una edicion publicada por,P.-A. Pingoud
2883660050,está escrito en,Francés
Pierre Olivier Walzer,es autor de la obra,L' après-midi à Ropraz
2825106070,es un codigo ISBN para el libro,"Les poils du côté de la fenêtre, ou, Petit traité de discipline militaire"
2825106070,es un codigo ISBN de una edicion publicada por,L'Age d'homme
2825106070,está escrito en,Francés
Pierre Olivier Walzer,es autor de la obra,"Les poils du côté de la fenêtre, ou, Petit traité de discipline militaire"
"Les poils du côté de la fenêtre, ou, Petit traité de discipline militaire",pertenece al género,Armed Forces
"Les poils du côté de la fenêtre, ou, Petit traité de discipline militaire",pertenece al género,Military life
"Les poils du côté de la fenêtre, ou, Petit traité de discipline militaire",pertenece al género,Soldiers
2825104787,es un codigo ISBN para el libro,Les prisons de Charles-Albert
2825104787,es un codigo ISBN de una edicion publicada por,L'Age d'homme
2825104787,está escrito en,Francés
Pierre Olivier Walzer,es autor de la obra,Les prisons de Charles-Albert
Les prisons de Charles-Albert,pertenece al género,Biography
Les prisons de Charles-Albert,pertenece al género,Swiss Authors
2700300653,es un codigo ISBN para el libro,Le XXe [i.e. vingtieme] siecle (Litterature francaise ; 15-16)
2700300653,es un codigo ISBN de una edicion publicada por,Arthaud
2700300653,está escrito en,Francés
9782700300659,es un codigo ISBN para el libro,Le XXe [i.e. vingtieme] siecle (Litterature francaise ; 15-16)
9782700300659,es un codigo ISBN de una edicion publicada por,Arthaud
9782700300659,está escrito en,Francés
Pierre Olivier Walzer,es autor de la obra,Le XXe [i.e. vingtieme] siecle (Litterature francaise ; 15-16)
2700300653,es un codigo ISBN para el libro,Le XXe (i.e. vingtième) siècle
Pierre Olivier Walzer,es autor de la obra,Le XXe (i.e. vingtième) siècle
Le XXe (i.e. vingtième) siècle,pertenece al género,French literature
Le XXe (i.e. vingtième) siècle,pertenece al género,History and criticism
2700300653,es un codigo ISBN para el libro,Le XXe siècle
Pierre Olivier Walzer,es autor de la obra,Le XXe siècle
Le XXe siècle,pertenece al género,French literature
Le XXe siècle,pertenece al género,History and criticism
2825110639,es un codigo ISBN para el libro,L' âme antique
2825110639,es un codigo ISBN de una edicion publicada por,L'Age d'homme
2825110639,está escrito en,Francés
Pierre Olivier Walzer,es autor de la obra,L' âme antique
L' âme antique,pertenece al género,Biography
L' âme antique,pertenece al género,Childhood and youth
L' âme antique,pertenece al género,French Authors
2904638814,es un codigo ISBN para el libro,Paul-Jean Toulet
2904638814,es un codigo ISBN de una edicion publicada por,La Manufacture
2904638814,está escrito en,Francés
Pierre Olivier Walzer,es autor de la obra,Paul-Jean Toulet
Paul-Jean Toulet,pertenece al género,Criticism and interpretation
2884530614,es un codigo ISBN para el libro,Pierre-Olivier Walzer
2884530614,es un codigo ISBN de una edicion publicada por,Bibliothèque des arts
2884530614,está escrito en,Francés
Pierre Olivier Walzer,es autor de la obra,Pierre-Olivier Walzer
Pierre-Olivier Walzer,pertenece al género,Critics
Pierre-Olivier Walzer,pertenece al género,Interviews
Jean-Jacques Fiechter,es de nacionalidad,Switzerland
9781102802785,es un codigo ISBN para el libro,Death by publication
9781102802785,es un codigo ISBN de una edicion publicada por,"Skyhorse Publishing Company, Incorporated"
9781102802785,está escrito en,Inglés
1559702850,es un codigo ISBN para el libro,Death by publication
1559702850,es un codigo ISBN de una edicion publicada por,Arcade Publ.
1559702850,está escrito en,Inglés
Jean-Jacques Fiechter,es autor de la obra,Death by publication
Death by publication,pertenece al género,Authors and publishers
Death by publication,pertenece al género,Fiction
Death by publication,pertenece al género,Novelists
9500813017,es un codigo ISBN para el libro,Tiré à part
9500813017,es un codigo ISBN de una edicion publicada por,Editorial Atlántida
9500813017,está escrito en,Español
2207240177,es un codigo ISBN para el libro,Tiré à part
2207240177,es un codigo ISBN de una edicion publicada por,Denoël
2207240177,está escrito en,Francés
Jean-Jacques Fiechter,es autor de la obra,Tiré à part
Tiré à part,pertenece al género,Fiction
Tiré à part,pertenece al género,Authors and publishers
Tiré à part,pertenece al género,Publishers and publishing
9782213013350,es un codigo ISBN para el libro,UN DIPLOMATE AMRICAIN SOUS LA TERREUR (1789-1798)
9782213013350,es un codigo ISBN de una edicion publicada por,Fayard
2213013357,es un codigo ISBN para el libro,UN DIPLOMATE AMRICAIN SOUS LA TERREUR (1789-1798)
2213013357,es un codigo ISBN de una edicion publicada por,Fayard
Jean-Jacques Fiechter,es autor de la obra,UN DIPLOMATE AMRICAIN SOUS LA TERREUR (1789-1798)
2503515843,es un codigo ISBN para el libro,Faux et faussaires en art égyptien
2503515843,es un codigo ISBN de una edicion publicada por,Association égyptologique reine Elisabeth
2503515843,es un codigo ISBN de una edicion publicada por,Brepols
2503515843,está escrito en,Francés
Jean-Jacques Fiechter,es autor de la obra,Faux et faussaires en art égyptien
Faux et faussaires en art égyptien,pertenece al género,"Art, Egyptian"
Faux et faussaires en art égyptien,pertenece al género,Egyptian Art
Faux et faussaires en art égyptien,pertenece al género,Forgeries
2260011314,es un codigo ISBN para el libro,La moisson des dieux
2260011314,es un codigo ISBN de una edicion publicada por,Julliard
2260011314,está escrito en,Francés
Jean-Jacques Fiechter,es autor de la obra,La moisson des dieux
La moisson des dieux,pertenece al género,Collection and preservation
La moisson des dieux,pertenece al género,Excavations (Archaeology)
La moisson des dieux,pertenece al género,Antiquities
2603009281,es un codigo ISBN para el libro,Le baron Pierre-Victor de Besenval
2603009281,es un codigo ISBN de una edicion publicada por,Delachaux et Niestlé
2603009281,está escrito en,Francés
Jean-Jacques Fiechter,es autor de la obra,Le baron Pierre-Victor de Besenval
Le baron Pierre-Victor de Besenval,pertenece al género,Biography
Le baron Pierre-Victor de Besenval,pertenece al género,Swiss regiments
Le baron Pierre-Victor de Besenval,pertenece al género,France
2207243362,es un codigo ISBN para el libro,L' ombre au tableau
2207243362,es un codigo ISBN de una edicion publicada por,Denoël
2207243362,está escrito en,Francés
Jean-Jacques Fiechter,es autor de la obra,L' ombre au tableau
1559704306,es un codigo ISBN para el libro,A masterpiece of revenge
1559704306,es un codigo ISBN de una edicion publicada por,Arcade Pub.
1559704306,está escrito en,Inglés
Jean-Jacques Fiechter,es autor de la obra,A masterpiece of revenge
A masterpiece of revenge,pertenece al género,Attribution
A masterpiece of revenge,pertenece al género,Fiction
A masterpiece of revenge,pertenece al género,French Painting
2706814888,es un codigo ISBN para el libro,Mikérinos
2706814888,es un codigo ISBN de una edicion publicada por,Maisonneuve et Larose
2706814888,está escrito en,Francés
Jean-Jacques Fiechter,es autor de la obra,Mikérinos
Mikérinos,pertenece al género,Pyramids of Gizah (Egypt)
Mikérinos,pertenece al género,Pharaohs
Mikérinos,pertenece al género,Religious aspects
9782290039120,es un codigo ISBN para el libro,Tire à part
9782290039120,es un codigo ISBN de una edicion publicada por,J'ai lu
9782290039120,está escrito en,Francés
2290039128,es un codigo ISBN para el libro,Tire à part
2290039128,es un codigo ISBN de una edicion publicada por,J'ai lu
2290039128,está escrito en,Francés
Jean-Jacques Fiechter,es autor de la obra,Tire à part
9782080301116,es un codigo ISBN para el libro,Egyptian Fakes
9782080301116,es un codigo ISBN de una edicion publicada por,Flammarion
208030111X,es un codigo ISBN para el libro,Egyptian Fakes
208030111X,es un codigo ISBN de una edicion publicada por,Flammarion
Jean-Jacques Fiechter,es autor de la obra,Egyptian Fakes
Egyptian Fakes,pertenece al género,Egyptian Art
Egyptian Fakes,pertenece al género,Forgeries
Egyptian Fakes,pertenece al género,Forgery of antiquities
9782081220881,es un codigo ISBN para el libro,Faussaires d'Egypte
9782081220881,es un codigo ISBN de una edicion publicada por,Flammarion
9782081220881,está escrito en,Francés
Jean-Jacques Fiechter,es autor de la obra,Faussaires d'Egypte
Faussaires d'Egypte,pertenece al género,Egyptian Art
Faussaires d'Egypte,pertenece al género,Forgery of antiquities
Faussaires d'Egypte,pertenece al género,Forgeries
1559704306,es un codigo ISBN para el libro,A masterpeice of revenge
9781559704304,es un codigo ISBN para el libro,A masterpeice of revenge
9781559704304,es un codigo ISBN de una edicion publicada por,Arcade Pub.
9781559704304,está escrito en,Inglés
Jean-Jacques Fiechter,es autor de la obra,A masterpeice of revenge
A masterpeice of revenge,pertenece al género,Painting
A masterpeice of revenge,pertenece al género,French Painting
A masterpeice of revenge,pertenece al género,Attribution
2207243362,es un codigo ISBN para el libro,L'ombre au tableau
2207243362,es un codigo ISBN de una edicion publicada por,Denoël
9782207243367,es un codigo ISBN para el libro,L'ombre au tableau
9782207243367,es un codigo ISBN de una edicion publicada por,Denoël
9782207243367,está escrito en,Francés
Jean-Jacques Fiechter,es autor de la obra,L'ombre au tableau
9782884749923,es un codigo ISBN para el libro,Révolution française et christianisme - L'exemple du réseau Chaffoy en Franche-Comté
9782884749923,es un codigo ISBN de una edicion publicada por,INFOLIO
2884749926,es un codigo ISBN para el libro,Révolution française et christianisme - L'exemple du réseau Chaffoy en Franche-Comté
2884749926,es un codigo ISBN de una edicion publicada por,INFOLIO
Jean-Jacques Fiechter,es autor de la obra,Révolution française et christianisme - L'exemple du réseau Chaffoy en Franche-Comté
Révolution française et christianisme - L'exemple du réseau Chaffoy en Franche-Comté,pertenece al género,Counterrevolutions
Révolution française et christianisme - L'exemple du réseau Chaffoy en Franche-Comté,pertenece al género,History
Révolution française et christianisme - L'exemple du réseau Chaffoy en Franche-Comté,pertenece al género,Religious aspects
2882950578,es un codigo ISBN para el libro,Les abbayes vaudoises
2882950578,es un codigo ISBN de una edicion publicada por,Cabédita
2882950578,está escrito en,Francés
Jean-Jacques Fiechter,es autor de la obra,Les abbayes vaudoises
Les abbayes vaudoises,pertenece al género,Abbeys
Les abbayes vaudoises,pertenece al género,History
2855653088,es un codigo ISBN para el libro,"Mémoires du duc de Lauzun, général Biron"
2855653088,es un codigo ISBN de una edicion publicada por,Orban
2855653088,está escrito en,Francés
Jean-Jacques Fiechter,es autor de la obra,"Mémoires du duc de Lauzun, général Biron"
"Mémoires du duc de Lauzun, général Biron",pertenece al género,Court and courtiers
"Mémoires du duc de Lauzun, général Biron",pertenece al género,Biography
"Mémoires du duc de Lauzun, général Biron",pertenece al género,Social life and customs
Raphael Urweider,es de nacionalidad,Switzerland
9783832180553,es un codigo ISBN para el libro,Alle deine Namen
9783832180553,es un codigo ISBN de una edicion publicada por,DuMont
9783832180553,está escrito en,Alemán
Raphael Urweider,es autor de la obra,Alle deine Namen
3832178589,es un codigo ISBN para el libro,Das Gegenteil von Fleisch
3832178589,es un codigo ISBN de una edicion publicada por,DuMont
3832178589,está escrito en,Alemán
Raphael Urweider,es autor de la obra,Das Gegenteil von Fleisch
3832178589,es un codigo ISBN para el libro,Das Gegenteil von Fleisch: Gedichte
3832178589,es un codigo ISBN de una edicion publicada por,DuMont Buchverlag GmbH & Co.KG
Raphael Urweider,es autor de la obra,Das Gegenteil von Fleisch: Gedichte
Das Gegenteil von Fleisch: Gedichte,pertenece al género,Belletristik
Das Gegenteil von Fleisch: Gedichte,pertenece al género,OUR Brockhaus selection
3770152565,es un codigo ISBN para el libro,Lichter in Menlo Park
3770152565,es un codigo ISBN de una edicion publicada por,DuMont
3770152565,está escrito en,Alemán
Raphael Urweider,es autor de la obra,Lichter in Menlo Park
9783907078341,es un codigo ISBN para el libro,Benzin
9783907078341,es un codigo ISBN de una edicion publicada por,Lars Muller
9783907078341,está escrito en,Inglés
3907078349,es un codigo ISBN para el libro,Benzin
3907078349,es un codigo ISBN de una edicion publicada por,Lars Muller
3907078349,está escrito en,Inglés
3907078349,es un codigo ISBN de una edicion publicada por,"Distribution USA/Canada, Princeton Architectural Press"
3907078349,es un codigo ISBN de una edicion publicada por,Lars Muller Publishers
3907078349,es un codigo ISBN de una edicion publicada por,Lars Müller
Raphael Urweider,es autor de la obra,Benzin
Benzin,pertenece al género,Graphic arts
Benzin,pertenece al género,Graphic design
Benzin,pertenece al género,Graphic Arts - General
9781886224926,es un codigo ISBN para el libro,Dichten = No. 10
9781886224926,es un codigo ISBN de una edicion publicada por,Burning Deck/Anyart
9781886224926,es un codigo ISBN de una edicion publicada por,Small Press Distribution
9781886224926,está escrito en,Inglés
9781886224926,es un codigo ISBN de una edicion publicada por,Burning deck
Raphael Urweider,es autor de la obra,Dichten = No. 10
Dichten = No. 10,pertenece al género,German poetry
Dichten = No. 10,pertenece al género,Translations into English
Eugen Bircher,es de nacionalidad,Switzerland
Emil Beurmann,es de nacionalidad,Switzerland
3718501023,es un codigo ISBN para el libro,Emil Beurmann
3718501023,es un codigo ISBN de una edicion publicada por,GS-Verlag
3718501023,está escrito en,Alemán
Emil Beurmann,es autor de la obra,Emil Beurmann
Pierre Imhasly,es de nacionalidad,Switzerland
3878777590,es un codigo ISBN para el libro,"Widerpart, oder, Fuga mit Orgelpunkt vom Schnee"
3878777590,es un codigo ISBN de una edicion publicada por,Stroemfeld
3878777590,está escrito en,Alemán
3288033186,es un codigo ISBN para el libro,"Widerpart, oder, Fuga mit Orgelpunkt vom Schnee"
3288033186,es un codigo ISBN de una edicion publicada por,Suhrkamp
3288033186,está escrito en,Alemán
Pierre Imhasly,es autor de la obra,"Widerpart, oder, Fuga mit Orgelpunkt vom Schnee"
9783866000414,es un codigo ISBN para el libro,"Sellerie, Ketch up & Megatonnen"
9783866000414,es un codigo ISBN de una edicion publicada por,Stroemfeld
9783866000414,está escrito en,Alemán
Pierre Imhasly,es autor de la obra,"Sellerie, Ketch up & Megatonnen"
3878779623,es un codigo ISBN para el libro,Maithuna / Matterhorn
3878779623,es un codigo ISBN de una edicion publicada por,Stroemfeld
3878779623,está escrito en,Alemán
9783878779629,es un codigo ISBN para el libro,Maithuna / Matterhorn
9783878779629,es un codigo ISBN de una edicion publicada por,Stroemfeld Verlag Frankfurt & Basel
9783878779629,está escrito en,Alemán
Pierre Imhasly,es autor de la obra,Maithuna / Matterhorn
Maithuna / Matterhorn,pertenece al género,German fiction
Maithuna / Matterhorn,pertenece al género,SEL Library selection
9783866002715,es un codigo ISBN para el libro,Bodrerito Sutra
9783866002715,es un codigo ISBN de una edicion publicada por,Stroemfeld
9783866002715,está escrito en,Francés
9783866002715,está escrito en,Alemán
Pierre Imhasly,es autor de la obra,Bodrerito Sutra
3256000703,es un codigo ISBN para el libro,"Alfons Studer, oder, Ein Eros in allen Dingen"
3256000703,es un codigo ISBN de una edicion publicada por,Edition Erpf
3256000703,está escrito en,Alemán
Pierre Imhasly,es autor de la obra,"Alfons Studer, oder, Ein Eros in allen Dingen"
"Alfons Studer, oder, Ein Eros in allen Dingen",pertenece al género,Criticism and interpretation
2940327084,es un codigo ISBN para el libro,Blick auf-- Zermatt
2940327084,es un codigo ISBN de una edicion publicada por,Editions Porte-Plumes
2940327084,está escrito en,Alemán
Pierre Imhasly,es autor de la obra,Blick auf-- Zermatt
3256000150,es un codigo ISBN para el libro,Corrida
3256000150,es un codigo ISBN de una edicion publicada por,Edition Erpf
3256000150,está escrito en,Alemán
Pierre Imhasly,es autor de la obra,Corrida
Corrida,pertenece al género,Bullfighters
Corrida,pertenece al género,Bullfights
3878775601,es un codigo ISBN para el libro,Rhone saga
3878775601,es un codigo ISBN de una edicion publicada por,Stroemfeld
3878775601,está escrito en,Alemán
Pierre Imhasly,es autor de la obra,Rhone saga
Rhone saga,pertenece al género,In literature
9783866001954,es un codigo ISBN para el libro,Requiem d'amour
9783866001954,es un codigo ISBN de una edicion publicada por,Stroemfeld
9783866001954,está escrito en,Alemán
Pierre Imhasly,es autor de la obra,Requiem d'amour
3222700028,es un codigo ISBN para el libro,"Leni, Nomadin 3878778341"
Pierre Imhasly,es autor de la obra,"Leni, Nomadin 3878778341"
Daniele Pantano,es de nacionalidad,Switzerland
9781915079657,es un codigo ISBN para el libro,Home for Difficult Children
9781915079657,es un codigo ISBN de una edicion publicada por,Broken Sleep Books
9781915079657,está escrito en,Inglés
9781915079947,es un codigo ISBN para el libro,Home for Difficult Children
9781915079947,es un codigo ISBN de una edicion publicada por,Broken Sleep Books
9781915079947,está escrito en,Inglés
Daniele Pantano,es autor de la obra,Home for Difficult Children
9781625579003,es un codigo ISBN para el libro,Orakl
9781625579003,es un codigo ISBN de una edicion publicada por,Black Lawrence Press
9781625579003,está escrito en,Inglés
1625579004,es un codigo ISBN para el libro,Orakl
1625579004,es un codigo ISBN de una edicion publicada por,Black Lawrence Press
1625579004,está escrito en,Inglés
Daniele Pantano,es autor de la obra,Orakl
Orakl,pertenece al género,Ps3616.a39 o73 2017
Orakl,pertenece al género,811/.6
9780464666301,es un codigo ISBN para el libro,Kindertotenlieder
9780464666301,es un codigo ISBN de una edicion publicada por,Blurb
9780464666301,está escrito en,Inglés
Daniele Pantano,es autor de la obra,Kindertotenlieder
9780982636480,es un codigo ISBN para el libro,The Oldest Hands In The World Poems
9780982636480,es un codigo ISBN de una edicion publicada por,Black Lawrence Press
Daniele Pantano,es autor de la obra,The Oldest Hands In The World Poems
9780982622810,es un codigo ISBN para el libro,The Possible Is Monstrous Selected Poems
9780982622810,es un codigo ISBN de una edicion publicada por,Black Lawrence Press
Daniele Pantano,es autor de la obra,The Possible Is Monstrous Selected Poems
The Possible Is Monstrous Selected Poems,pertenece al género,Poetry (poetic works by one author)
9781803090696,es un codigo ISBN para el libro,Poems
9781803090696,es un codigo ISBN de una edicion publicada por,Seagull Books
9781803090696,está escrito en,Inglés
Daniele Pantano,es autor de la obra,Poems
9781803090498,es un codigo ISBN para el libro,Comedies
9781803090498,es un codigo ISBN de una edicion publicada por,Seagull Books
9781803090498,está escrito en,Inglés
9780857424693,es un codigo ISBN para el libro,Comedies
9780857424693,es un codigo ISBN de una edicion publicada por,"Seagull Books, Limited"
9780857424693,está escrito en,Inglés
Daniele Pantano,es autor de la obra,Comedies
Comedies,pertenece al género,Drama (dramatic works by one author)
Comedies,pertenece al género,German drama (Comedy)
Comedies,pertenece al género,History and criticism
Niklaus Brantschen,es de nacionalidad,Switzerland
3907027019,es un codigo ISBN para el libro,Fasten
3907027019,es un codigo ISBN de una edicion publicada por,Impressum [distributor]
3907027019,está escrito en,Alemán
9783907027011,es un codigo ISBN para el libro,Fasten
9783907027011,es un codigo ISBN de una edicion publicada por,Impressum [distributor]
9783907027011,está escrito en,Alemán
3907027019,es un codigo ISBN de una edicion publicada por,Moser
Niklaus Brantschen,es autor de la obra,Fasten
Fasten,pertenece al género,Fasting
Fasten,pertenece al género,Health aspects
Fasten,pertenece al género,Health aspects of Fasting
9780824525408,es un codigo ISBN para el libro,Fasting
9780824525408,es un codigo ISBN de una edicion publicada por,Crossroad Pub.
9780824525408,está escrito en,Inglés
Niklaus Brantschen,es autor de la obra,Fasting
Fasting,pertenece al género,Fasting
Fasting,pertenece al género,"Fasting, religious aspects, catholic church"
3451068907,es un codigo ISBN para el libro,Stille
3451068907,es un codigo ISBN de una edicion publicada por,Verlag Herder GmbH
9783451068904,es un codigo ISBN para el libro,Stille
9783451068904,es un codigo ISBN de una edicion publicada por,Verlag Herder GmbH
Niklaus Brantschen,es autor de la obra,Stille
3545201341,es un codigo ISBN para el libro,Du selbst bist die Welt
3545201341,es un codigo ISBN de una edicion publicada por,Benziger
3545201341,está escrito en,Alemán
Niklaus Brantschen,es autor de la obra,Du selbst bist die Welt
Du selbst bist die Welt,pertenece al género,Spirituality
Du selbst bist die Welt,pertenece al género,Peace movements
Du selbst bist die Welt,pertenece al género,Solidarity
9783451050305,es un codigo ISBN para el libro,Erfüllter Augenblick. Wege zur Mitte des Herzens
9783451050305,es un codigo ISBN de una edicion publicada por,"Herder, Freiburg"
3451050307,es un codigo ISBN para el libro,Erfüllter Augenblick. Wege zur Mitte des Herzens
3451050307,es un codigo ISBN de una edicion publicada por,"Herder, Freiburg"
Niklaus Brantschen,es autor de la obra,Erfüllter Augenblick. Wege zur Mitte des Herzens
9783722801803,es un codigo ISBN para el libro,Fasten im Alltag
9783722801803,es un codigo ISBN de una edicion publicada por,"Paulusverlag, Fribourg"
9783722801803,está escrito en,Alemán
372280180X,es un codigo ISBN para el libro,Fasten im Alltag
372280180X,es un codigo ISBN de una edicion publicada por,"Paulusverlag, Fribourg"
372280180X,está escrito en,Alemán
Niklaus Brantschen,es autor de la obra,Fasten im Alltag
9783451040580,es un codigo ISBN para el libro,"Fasten neu erleben. Warum, wie, wozu?"
9783451040580,es un codigo ISBN de una edicion publicada por,"Herder, Freiburg"
9783451040580,está escrito en,Alemán
3451040581,es un codigo ISBN para el libro,"Fasten neu erleben. Warum, wie, wozu?"
3451040581,es un codigo ISBN de una edicion publicada por,"Herder, Freiburg"
3451040581,está escrito en,Alemán
Niklaus Brantschen,es autor de la obra,"Fasten neu erleben. Warum, wie, wozu?"
3545200582,es un codigo ISBN para el libro,Was ist wichtig?
3545200582,es un codigo ISBN de una edicion publicada por,Benziger
Niklaus Brantschen,es autor de la obra,Was ist wichtig?
3466365996,es un codigo ISBN para el libro,Auf dem Weg des Zens. Als Christ Buddhist
3466365996,es un codigo ISBN de una edicion publicada por,Kösel
9783466365999,es un codigo ISBN para el libro,Auf dem Weg des Zens. Als Christ Buddhist
9783466365999,es un codigo ISBN de una edicion publicada por,Kösel
Niklaus Brantschen,es autor de la obra,Auf dem Weg des Zens. Als Christ Buddhist
Auf dem Weg des Zens. Als Christ Buddhist,pertenece al género,Zen-Buddhismus
Auf dem Weg des Zens. Als Christ Buddhist,pertenece al género,Christentum
Auf dem Weg des Zens. Als Christ Buddhist,pertenece al género,Meditation
9783545201163,es un codigo ISBN para el libro,Der Weg ist in dir. Anregungen zur Meditation
9783545201163,es un codigo ISBN de una edicion publicada por,Benziger
3545201163,es un codigo ISBN para el libro,Der Weg ist in dir. Anregungen zur Meditation
3545201163,es un codigo ISBN de una edicion publicada por,Benziger
Niklaus Brantschen,es autor de la obra,Der Weg ist in dir. Anregungen zur Meditation
3545201112,es un codigo ISBN para el libro,Erfüllter Augenblick
3545201112,es un codigo ISBN de una edicion publicada por,Benziger
3545201112,está escrito en,Alemán
Niklaus Brantschen,es autor de la obra,Erfüllter Augenblick
3545201481,es un codigo ISBN para el libro,Nicht vom Brot allein
3545201481,es un codigo ISBN de una edicion publicada por,Benziger
3545201481,está escrito en,Alemán
Niklaus Brantschen,es autor de la obra,Nicht vom Brot allein
Nicht vom Brot allein,pertenece al género,Spirituality
Nicht vom Brot allein,pertenece al género,Meditation
Nicht vom Brot allein,pertenece al género,Fasting
345105499X,es un codigo ISBN para el libro,Wie Zen mein Christsein verändert
345105499X,es un codigo ISBN de una edicion publicada por,Herder
345105499X,está escrito en,Alemán
9783451054990,es un codigo ISBN para el libro,Wie Zen mein Christsein verändert
9783451054990,es un codigo ISBN de una edicion publicada por,Herder
9783451054990,está escrito en,Alemán
Niklaus Brantschen,es autor de la obra,Wie Zen mein Christsein verändert
Wie Zen mein Christsein verändert,pertenece al género,Zen Buddhism
Wie Zen mein Christsein verändert,pertenece al género,Relations
Wie Zen mein Christsein verändert,pertenece al género,Christianity
Martin R. Dean,es de nacionalidad,Switzerland
039531285X,es un codigo ISBN para el libro,Science Fiction A to Z
039531285X,es un codigo ISBN de una edicion publicada por,Houghton Mifflin Company
039531285X,está escrito en,Inglés
039531285X,es un codigo ISBN de una edicion publicada por,Houghton Mifflin
Martin R. Dean,es autor de la obra,Science Fiction A to Z
Science Fiction A to Z,pertenece al género,American Science fiction
Science Fiction A to Z,pertenece al género,English Science fiction
Science Fiction A to Z,pertenece al género,Science fiction
0449213064,es un codigo ISBN para el libro,Dragon Tales
0449213064,es un codigo ISBN de una edicion publicada por,Fawcett Crest
0449213064,está escrito en,Inglés
9780449213063,es un codigo ISBN para el libro,Dragon Tales
9780449213063,es un codigo ISBN de una edicion publicada por,Fawcett Crest
9780449213063,está escrito en,Inglés
9780449245231,es un codigo ISBN para el libro,Dragon Tales
9780449245231,es un codigo ISBN de una edicion publicada por,Fawcett Crest
9780449245231,está escrito en,Inglés
0449245233,es un codigo ISBN para el libro,Dragon Tales
0449245233,es un codigo ISBN de una edicion publicada por,Fawcett Crest
0449245233,está escrito en,Inglés
Martin R. Dean,es autor de la obra,Dragon Tales
0130624306,es un codigo ISBN para el libro,"Prentice Hall Literature - Timeless Voices, Timeless Themes - The British Tradition"
0130624306,es un codigo ISBN de una edicion publicada por,Pearson Prentice Hall
0130624306,está escrito en,Inglés
9780130624307,es un codigo ISBN para el libro,"Prentice Hall Literature - Timeless Voices, Timeless Themes - The British Tradition"
9780130624307,es un codigo ISBN de una edicion publicada por,Pearson Prentice Hall
9780130624307,está escrito en,Inglés
9780130547934,es un codigo ISBN para el libro,"Prentice Hall Literature - Timeless Voices, Timeless Themes - The British Tradition"
9780130547934,es un codigo ISBN de una edicion publicada por,Prentice Hall
9780130547934,está escrito en,Inglés
013054793X,es un codigo ISBN para el libro,"Prentice Hall Literature - Timeless Voices, Timeless Themes - The British Tradition"
013054793X,es un codigo ISBN de una edicion publicada por,Prentice Hall
013054793X,está escrito en,Inglés
0131804375,es un codigo ISBN para el libro,"Prentice Hall Literature - Timeless Voices, Timeless Themes - The British Tradition"
0131804375,es un codigo ISBN de una edicion publicada por,Pearson Prentice Hall
0131804375,está escrito en,Inglés
9780131804371,es un codigo ISBN para el libro,"Prentice Hall Literature - Timeless Voices, Timeless Themes - The British Tradition"
9780131804371,es un codigo ISBN de una edicion publicada por,Pearson Prentice Hall
9780131804371,está escrito en,Inglés
9780130624581,es un codigo ISBN para el libro,"Prentice Hall Literature - Timeless Voices, Timeless Themes - The British Tradition"
9780130624581,es un codigo ISBN de una edicion publicada por,Pearson Prentice Hall
9780130624581,está escrito en,Inglés
0130624586,es un codigo ISBN para el libro,"Prentice Hall Literature - Timeless Voices, Timeless Themes - The British Tradition"
0130624586,es un codigo ISBN de una edicion publicada por,Pearson Prentice Hall
0130624586,está escrito en,Inglés
0130548081,es un codigo ISBN para el libro,"Prentice Hall Literature - Timeless Voices, Timeless Themes - The British Tradition"
0130548081,es un codigo ISBN de una edicion publicada por,Prentice Hall
0130548081,está escrito en,Inglés
9780130548085,es un codigo ISBN para el libro,"Prentice Hall Literature - Timeless Voices, Timeless Themes - The British Tradition"
9780130548085,es un codigo ISBN de una edicion publicada por,Prentice Hall
9780130548085,está escrito en,Inglés
Martin R. Dean,es autor de la obra,"Prentice Hall Literature - Timeless Voices, Timeless Themes - The British Tradition"
"Prentice Hall Literature - Timeless Voices, Timeless Themes - The British Tradition",pertenece al género,Readers (Secondary)
"Prentice Hall Literature - Timeless Voices, Timeless Themes - The British Tradition",pertenece al género,Study and teaching (Secondary)
"Prentice Hall Literature - Timeless Voices, Timeless Themes - The British Tradition",pertenece al género,English literature
088184702X,es un codigo ISBN para el libro,The Mammoth Book of New World Science Fiction
088184702X,es un codigo ISBN de una edicion publicada por,"Carroll & Graf Publishers, Inc."
088184702X,está escrito en,Inglés
1854876643,es un codigo ISBN para el libro,The Mammoth Book of New World Science Fiction
1854876643,está escrito en,Inglés
088184702X,es un codigo ISBN de una edicion publicada por,Carroll & Graf Pub
9780881847024,es un codigo ISBN para el libro,The Mammoth Book of New World Science Fiction
9780881847024,es un codigo ISBN de una edicion publicada por,Carroll & Graf Pub
9780881847024,está escrito en,Inglés
185487084X,es un codigo ISBN para el libro,The Mammoth Book of New World Science Fiction
185487084X,es un codigo ISBN de una edicion publicada por,Robinson Publishing
185487084X,está escrito en,Inglés
9781854870841,es un codigo ISBN para el libro,The Mammoth Book of New World Science Fiction
9781854870841,es un codigo ISBN de una edicion publicada por,Robinson Publishing
9781854870841,está escrito en,Inglés
Martin R. Dean,es autor de la obra,The Mammoth Book of New World Science Fiction
The Mammoth Book of New World Science Fiction,pertenece al género,American Science fiction
The Mammoth Book of New World Science Fiction,pertenece al género,Science-Fiction
The Mammoth Book of New World Science Fiction,pertenece al género,Anthologie
0803736975,es un codigo ISBN para el libro,Isaac Asimov's Masters of Science Fiction
0803736975,es un codigo ISBN de una edicion publicada por,Davis Publications
0803736975,está escrito en,Inglés
9780884115854,es un codigo ISBN para el libro,Isaac Asimov's Masters of Science Fiction
9780884115854,es un codigo ISBN de una edicion publicada por,Amereon Ltd
9780884115854,está escrito en,Inglés
0884115852,es un codigo ISBN para el libro,Isaac Asimov's Masters of Science Fiction
0884115852,es un codigo ISBN de una edicion publicada por,Amereon Ltd
0884115852,está escrito en,Inglés
0803736975,es un codigo ISBN de una edicion publicada por,DoubleDay
9780803736979,es un codigo ISBN para el libro,Isaac Asimov's Masters of Science Fiction
9780803736979,es un codigo ISBN de una edicion publicada por,DoubleDay
Martin R. Dean,es autor de la obra,Isaac Asimov's Masters of Science Fiction
Isaac Asimov's Masters of Science Fiction,pertenece al género,American Science fiction
Isaac Asimov's Masters of Science Fiction,pertenece al género,English Science fiction
Martin R. Dean,es autor de la obra,Isaac Asimov's Science Fiction Treasury (The Future in Question / Space Mail)
1938644204,es un codigo ISBN para el libro,Fantasy For Good
1938644204,es un codigo ISBN de una edicion publicada por,"Nightscape Press, LLP"
1938644204,está escrito en,Inglés
9781938644207,es un codigo ISBN para el libro,Fantasy For Good
9781938644207,es un codigo ISBN de una edicion publicada por,"Nightscape Press, LLP"
9781938644207,está escrito en,Inglés
Martin R. Dean,es autor de la obra,Fantasy For Good
0449243125,es un codigo ISBN para el libro,Space Mail
0449243125,es un codigo ISBN de una edicion publicada por,Fawcett Crest
0449243125,está escrito en,Inglés
9780449243121,es un codigo ISBN para el libro,Space Mail
9780449243121,es un codigo ISBN de una edicion publicada por,Fawcett
9780449243121,está escrito en,Inglés
0449243125,es un codigo ISBN de una edicion publicada por,Fawcett
9780345348418,es un codigo ISBN para el libro,Space Mail
9780345348418,es un codigo ISBN de una edicion publicada por,Del Rey Books
9780345348418,está escrito en,Inglés
0345348419,es un codigo ISBN para el libro,Space Mail
0345348419,es un codigo ISBN de una edicion publicada por,Del Rey Books
0345348419,está escrito en,Inglés
Martin R. Dean,es autor de la obra,Space Mail
0451129768,es un codigo ISBN para el libro,The Science fictional olympics
0451129768,es un codigo ISBN de una edicion publicada por,New American Library
0451129768,es un codigo ISBN de una edicion publicada por,Roc
0451129768,está escrito en,Inglés
Martin R. Dean,es autor de la obra,The Science fictional olympics
The Science fictional olympics,pertenece al género,American Science fiction
The Science fictional olympics,pertenece al género,English Science fiction
The Science fictional olympics,pertenece al género,Competition
3446149422,es un codigo ISBN para el libro,Der Mann ohne Licht
3446149422,es un codigo ISBN de una edicion publicada por,C. Hanser
3446149422,está escrito en,Alemán
9783423121392,es un codigo ISBN para el libro,Der Mann ohne Licht
9783423121392,es un codigo ISBN de una edicion publicada por,Dtv
9783423121392,está escrito en,Alemán
3423121394,es un codigo ISBN para el libro,Der Mann ohne Licht
3423121394,es un codigo ISBN de una edicion publicada por,Dtv
3423121394,está escrito en,Alemán
Martin R. Dean,es autor de la obra,Der Mann ohne Licht
3446134891,es un codigo ISBN para el libro,Die verborgenen Gärten
3446134891,es un codigo ISBN de una edicion publicada por,Hanser
3446134891,está escrito en,Alemán
3423063599,es un codigo ISBN para el libro,Die verborgenen Gärten
3423063599,es un codigo ISBN de una edicion publicada por,Deutscher Taschenbuchverlag
3423063599,está escrito en,Alemán
Martin R. Dean,es autor de la obra,Die verborgenen Gärten
9783990270691,es un codigo ISBN para el libro,Verbeugung vor Spiegeln
9783990270691,es un codigo ISBN de una edicion publicada por,Jung und Jung
9783990270691,está escrito en,Alemán
3990270699,es un codigo ISBN para el libro,Verbeugung vor Spiegeln
3990270699,es un codigo ISBN de una edicion publicada por,Jung und Jung
3990270699,está escrito en,Alemán
Martin R. Dean,es autor de la obra,Verbeugung vor Spiegeln
Verbeugung vor Spiegeln,pertenece al género,Other (Philosophy)
3446202668,es un codigo ISBN para el libro,Meine V ater
3446202668,es un codigo ISBN de una edicion publicada por,Carl Hanser VerlagGmbH & Co.
3446202668,está escrito en,Alemán
Martin R. Dean,es autor de la obra,Meine V ater
Meine V ater,pertenece al género,OUR Brockhaus selection
Meine V ater,pertenece al género,Belletristik
3990272284,es un codigo ISBN para el libro,Warum wir zusammen sind
3990272284,es un codigo ISBN de una edicion publicada por,Jung und Jung
3990272284,está escrito en,Alemán
9783990272282,es un codigo ISBN para el libro,Warum wir zusammen sind
9783990272282,es un codigo ISBN de una edicion publicada por,Jung und Jung
9783990272282,está escrito en,Alemán
Martin R. Dean,es autor de la obra,Warum wir zusammen sind
Warum wir zusammen sind,pertenece al género,Man-woman relationships
Warum wir zusammen sind,pertenece al género,Fiction
3715250011,es un codigo ISBN para el libro,Ein Stück Himmel
3715250011,es un codigo ISBN de una edicion publicada por,"Atlantis Verlag, in der Kampa Verlag AG"
3715250011,está escrito en,Alemán
9783715250014,es un codigo ISBN para el libro,Ein Stück Himmel
9783715250014,es un codigo ISBN de una edicion publicada por,"Atlantis Verlag, in der Kampa Verlag AG"
9783715250014,está escrito en,Alemán
Martin R. Dean,es autor de la obra,Ein Stück Himmel
Ein Stück Himmel,pertenece al género,Friendship
Ein Stück Himmel,pertenece al género,Fiction
Ein Stück Himmel,pertenece al género,Reunions
3990270524,es un codigo ISBN para el libro,Falsches Quartett
3990270524,es un codigo ISBN de una edicion publicada por,Jung und Jung
3990270524,está escrito en,Alemán
9783990270523,es un codigo ISBN para el libro,Falsches Quartett
9783990270523,es un codigo ISBN de una edicion publicada por,Jung und Jung
9783990270523,está escrito en,Alemán
Martin R. Dean,es autor de la obra,Falsches Quartett
Falsches Quartett,pertenece al género,Swiss Authors
Falsches Quartett,pertenece al género,Teaching
Falsches Quartett,pertenece al género,Fiction
3446172203,es un codigo ISBN para el libro,Der Guayanaknoten
3446172203,es un codigo ISBN de una edicion publicada por,C. Hanser
3446172203,está escrito en,Alemán
Martin R. Dean,es autor de la obra,Der Guayanaknoten
3446189254,es un codigo ISBN para el libro,Die Ballade von Billie und Joe
3446189254,es un codigo ISBN de una edicion publicada por,Hanser
3446189254,está escrito en,Alemán
Martin R. Dean,es autor de la obra,Die Ballade von Billie und Joe
Die Ballade von Billie und Joe,pertenece al género,Swiss fiction (German)
3446141383,es un codigo ISBN para el libro,Die gefiederte Frau
3446141383,es un codigo ISBN de una edicion publicada por,Hanser
3446141383,está escrito en,Alemán
Martin R. Dean,es autor de la obra,Die gefiederte Frau
3423063599,es un codigo ISBN para el libro,Die verborgenen Gärten. Roman
3423063599,es un codigo ISBN de una edicion publicada por,Dtv
9783423063593,es un codigo ISBN para el libro,Die verborgenen Gärten. Roman
9783423063593,es un codigo ISBN de una edicion publicada por,Dtv
9783423063593,está escrito en,Alemán
Martin R. Dean,es autor de la obra,Die verborgenen Gärten. Roman
3423107588,es un codigo ISBN para el libro,Die gefiederte Frau. Fünf Variationen über die Liebe
3423107588,es un codigo ISBN de una edicion publicada por,Dtv
3423107588,está escrito en,Alemán
9783423107587,es un codigo ISBN para el libro,Die gefiederte Frau. Fünf Variationen über die Liebe
9783423107587,es un codigo ISBN de una edicion publicada por,Dtv
9783423107587,está escrito en,Alemán
Martin R. Dean,es autor de la obra,Die gefiederte Frau. Fünf Variationen über die Liebe
3446202668,es un codigo ISBN para el libro,Meine Väter
3446202668,es un codigo ISBN de una edicion publicada por,Hanser
Martin R. Dean,es autor de la obra,Meine Väter
Meine Väter,pertenece al género,Swiss fiction (German)
Meine Väter,pertenece al género,German fiction
3446194819,es un codigo ISBN para el libro,"Monsieur Fume, oder, Das Glück der Vergesslichkeit"
3446194819,es un codigo ISBN de una edicion publicada por,C. Hanser
3446194819,está escrito en,Alemán
Martin R. Dean,es autor de la obra,"Monsieur Fume, oder, Das Glück der Vergesslichkeit"
9783902497925,es un codigo ISBN para el libro,Ein Koffer voller Wünsche
9783902497925,es un codigo ISBN de una edicion publicada por,Jung und Jung
9783902497925,está escrito en,Alemán
Martin R. Dean,es autor de la obra,Ein Koffer voller Wünsche
Ein Koffer voller Wünsche,pertenece al género,Swiss Authors
Ein Koffer voller Wünsche,pertenece al género,"Short stories, Swiss (German)"
3446143114,es un codigo ISBN para el libro,Ausser mir
3446143114,es un codigo ISBN de una edicion publicada por,Hanser
3446143114,está escrito en,Alemán
Martin R. Dean,es autor de la obra,Ausser mir
3715250003,es un codigo ISBN para el libro,"Der Sommer, in dem ich Schwarz wurde"
3715250003,es un codigo ISBN de una edicion publicada por,Atlantis
9783715250007,es un codigo ISBN para el libro,"Der Sommer, in dem ich Schwarz wurde"
9783715250007,es un codigo ISBN de una edicion publicada por,Atlantis
Martin R. Dean,es autor de la obra,"Der Sommer, in dem ich Schwarz wurde"
"Der Sommer, in dem ich Schwarz wurde",pertenece al género,Racism
"Der Sommer, in dem ich Schwarz wurde",pertenece al género,Race discrimination
"Der Sommer, in dem ich Schwarz wurde",pertenece al género,Black lives matter movement
9783868330953,es un codigo ISBN para el libro,"Susi Juvan, Germany -- Wonder, South Africa"
9783868330953,es un codigo ISBN de una edicion publicada por,Modo
9783868330953,está escrito en,Alemán
Martin R. Dean,es autor de la obra,"Susi Juvan, Germany -- Wonder, South Africa"
"Susi Juvan, Germany -- Wonder, South Africa",pertenece al género,Exhibitions
0449204332,es un codigo ISBN para el libro,TV 2000
0449204332,es un codigo ISBN de una edicion publicada por,Fawcett
0449204332,está escrito en,Inglés
9780449204337,es un codigo ISBN para el libro,TV 2000
9780449204337,es un codigo ISBN de una edicion publicada por,Fawcett
9780449204337,está escrito en,Inglés
Martin R. Dean,es autor de la obra,TV 2000
9780515040166,es un codigo ISBN para el libro,ANALOG ANNUAL
9780515040166,es un codigo ISBN de una edicion publicada por,Pyramid Books
0515040169,es un codigo ISBN para el libro,ANALOG ANNUAL
0515040169,es un codigo ISBN de una edicion publicada por,Pyramid Books
Martin R. Dean,es autor de la obra,ANALOG ANNUAL
Dorothee Elmiger,es de nacionalidad,Switzerland
9786052349229,es un codigo ISBN para el libro,Schlafgänger
9786052349229,es un codigo ISBN de una edicion publicada por,Deli Dolu
9786052349229,está escrito en,tur
6052349220,es un codigo ISBN para el libro,Schlafgänger
6052349220,es un codigo ISBN de una edicion publicada por,Deli Dolu
6052349220,está escrito en,tur
9780857425997,es un codigo ISBN para el libro,Schlafgänger
9780857425997,es un codigo ISBN de una edicion publicada por,Seagull Books
0857425994,es un codigo ISBN para el libro,Schlafgänger
0857425994,es un codigo ISBN de una edicion publicada por,Seagull Books
9781803091822,es un codigo ISBN para el libro,Schlafgänger
9781803091822,es un codigo ISBN de una edicion publicada por,Seagull Books
9781803091822,está escrito en,Inglés
9783832197421,es un codigo ISBN para el libro,Schlafgänger
9783832197421,está escrito en,Alemán
3832197427,es un codigo ISBN para el libro,Schlafgänger
3832197427,está escrito en,Alemán
Dorothee Elmiger,es autor de la obra,Schlafgänger
Schlafgänger,pertenece al género,"Fiction, general"
Schlafgänger,pertenece al género,German literature
6055060817,es un codigo ISBN para el libro,Einladung an die Waghalsigen
6055060817,es un codigo ISBN de una edicion publicada por,Delidolu
6055060817,está escrito en,tur
9786055060817,es un codigo ISBN para el libro,Einladung an die Waghalsigen
9786055060817,es un codigo ISBN de una edicion publicada por,Delidolu
9786055060817,está escrito en,tur
9780857426147,es un codigo ISBN para el libro,Einladung an die Waghalsigen
9780857426147,es un codigo ISBN de una edicion publicada por,University of Chicago Press
9780857426147,está escrito en,Inglés
9783832196127,es un codigo ISBN para el libro,Einladung an die Waghalsigen
9783832196127,es un codigo ISBN de una edicion publicada por,DuMont
9783832196127,está escrito en,Alemán
3832196129,es un codigo ISBN para el libro,Einladung an die Waghalsigen
3832196129,es un codigo ISBN de una edicion publicada por,DuMont
3832196129,está escrito en,Alemán
0857420194,es un codigo ISBN para el libro,Einladung an die Waghalsigen
0857420194,es un codigo ISBN de una edicion publicada por,Seagull Books
0857420194,está escrito en,Inglés
9780857420190,es un codigo ISBN para el libro,Einladung an die Waghalsigen
9780857420190,es un codigo ISBN de una edicion publicada por,Seagull Books
9780857420190,está escrito en,Inglés
Dorothee Elmiger,es autor de la obra,Einladung an die Waghalsigen
Einladung an die Waghalsigen,pertenece al género,Sisters
Einladung an die Waghalsigen,pertenece al género,Coal mines and mining
Einladung an die Waghalsigen,pertenece al género,Quests (Expeditions)
9783446267503,es un codigo ISBN para el libro,Aus der Zuckerfabrik
9783446267503,es un codigo ISBN de una edicion publicada por,Hanser
9783446267503,está escrito en,Alemán
9781949641400,es un codigo ISBN para el libro,Aus der Zuckerfabrik
9781949641400,es un codigo ISBN de una edicion publicada por,Two Lines Press
9781949641400,está escrito en,Inglés
Dorothee Elmiger,es autor de la obra,Aus der Zuckerfabrik
3858698210,es un codigo ISBN para el libro,Neue Schweizer Standpunkte
3858698210,es un codigo ISBN de una edicion publicada por,Rotpunktverlag
3858698210,está escrito en,Alemán
9783858698216,es un codigo ISBN para el libro,Neue Schweizer Standpunkte
9783858698216,es un codigo ISBN de una edicion publicada por,Rotpunktverlag
9783858698216,está escrito en,Alemán
Dorothee Elmiger,es autor de la obra,Neue Schweizer Standpunkte
Neue Schweizer Standpunkte,pertenece al género,Criticism and interpretation
Neue Schweizer Standpunkte,pertenece al género,Swiss Authors
Hans Caspar Hirzel,es de nacionalidad,Switzerland
Andreas Walser,es de nacionalidad,Switzerland
9783716514221,es un codigo ISBN para el libro,"Andreas Walser, Gaudenz Signorell - Chur - Paris"
9783716514221,es un codigo ISBN de una edicion publicada por,Benteli
9783716514221,está escrito en,Alemán
3716514225,es un codigo ISBN para el libro,"Andreas Walser, Gaudenz Signorell - Chur - Paris"
3716514225,es un codigo ISBN de una edicion publicada por,Benteli
3716514225,está escrito en,Alemán
Andreas Walser,es autor de la obra,"Andreas Walser, Gaudenz Signorell - Chur - Paris"
"Andreas Walser, Gaudenz Signorell - Chur - Paris",pertenece al género,Exhibitions
3865212549,es un codigo ISBN para el libro,"Andreas Walser: Liebe, Traum & Tod. Ausstellung, Kirchner Museum Davos, 11. Dezember 2005 bis 23. April 2006"
3865212549,es un codigo ISBN de una edicion publicada por,Gerhard Steidl Druckerei und Verlag
3865212549,está escrito en,Alemán
Andreas Walser,es autor de la obra,"Andreas Walser: Liebe, Traum & Tod. Ausstellung, Kirchner Museum Davos, 11. Dezember 2005 bis 23. April 2006"
"Andreas Walser: Liebe, Traum & Tod. Ausstellung, Kirchner Museum Davos, 11. Dezember 2005 bis 23. April 2006",pertenece al género,OUR Brockhaus selection
"Andreas Walser: Liebe, Traum & Tod. Ausstellung, Kirchner Museum Davos, 11. Dezember 2005 bis 23. April 2006",pertenece al género,Painting
"Andreas Walser: Liebe, Traum & Tod. Ausstellung, Kirchner Museum Davos, 11. Dezember 2005 bis 23. April 2006",pertenece al género,Exhibitions
3878774893,es un codigo ISBN para el libro,"Andreas Walser, Chur 1908-1930 Paris"
3878774893,es un codigo ISBN de una edicion publicada por,Stroemfeld/Roter Stern
3878774893,está escrito en,Alemán
Andreas Walser,es autor de la obra,"Andreas Walser, Chur 1908-1930 Paris"
"Andreas Walser, Chur 1908-1930 Paris",pertenece al género,Exhibitions
3875841131,es un codigo ISBN para el libro,"""Meine Bilder bleiben, die werden später von mir sprechen"""
3875841131,es un codigo ISBN de una edicion publicada por,Nicolai
3875841131,está escrito en,Alemán
Andreas Walser,es autor de la obra,"""Meine Bilder bleiben, die werden später von mir sprechen"""
"""Meine Bilder bleiben, die werden später von mir sprechen""",pertenece al género,Correspondence
"""Meine Bilder bleiben, die werden später von mir sprechen""",pertenece al género,Artists
"""Meine Bilder bleiben, die werden später von mir sprechen""",pertenece al género,Homes and haunts
Dominik Perler,es de nacionalidad,Switzerland
3150105579,es un codigo ISBN para el libro,Klassiker der Philosophie heute
3150105579,es un codigo ISBN de una edicion publicada por,Reclam
3150105579,está escrito en,Alemán
Dominik Perler,es autor de la obra,Klassiker der Philosophie heute
9789004122956,es un codigo ISBN para el libro,Ancient and Medieval Theories of Intentionality (Studien Und Texte Zur Geistesgeschichte Des Mittelalters)
9789004122956,es un codigo ISBN de una edicion publicada por,Brill Academic Publishers
9789004122956,está escrito en,Inglés
9004122958,es un codigo ISBN para el libro,Ancient and Medieval Theories of Intentionality (Studien Und Texte Zur Geistesgeschichte Des Mittelalters)
9004122958,es un codigo ISBN de una edicion publicada por,Brill Academic Publishers
9004122958,está escrito en,Inglés
Dominik Perler,es autor de la obra,Ancient and Medieval Theories of Intentionality (Studien Und Texte Zur Geistesgeschichte Des Mittelalters)
Ancient and Medieval Theories of Intentionality (Studien Und Texte Zur Geistesgeschichte Des Mittelalters),pertenece al género,"Philosophy, ancient"
Ancient and Medieval Theories of Intentionality (Studien Und Texte Zur Geistesgeschichte Des Mittelalters),pertenece al género,"Philosophy, medieval"
Ancient and Medieval Theories of Intentionality (Studien Und Texte Zur Geistesgeschichte Des Mittelalters),pertenece al género,Intentionality (Philosophy)
3525825072,es un codigo ISBN para el libro,Occasionalismus
3525825072,es un codigo ISBN de una edicion publicada por,Vandenhoeck & Ruprecht
3525825072,es un codigo ISBN de una edicion publicada por,Vandenhoeck & Ruprecht GmbH & Company KG
3525825072,está escrito en,Alemán
Dominik Perler,es autor de la obra,Occasionalismus
Occasionalismus,pertenece al género,European Philosophy
Occasionalismus,pertenece al género,History
Occasionalismus,pertenece al género,History..
9789060323106,es un codigo ISBN para el libro,"Pradestination, Zeit Und Kontingenz"
9789060323106,es un codigo ISBN de una edicion publicada por,Br Gruner Pub Co
9789060323106,está escrito en,Alemán
9060323106,es un codigo ISBN para el libro,"Pradestination, Zeit Und Kontingenz"
9060323106,es un codigo ISBN de una edicion publicada por,Br Gruner Pub Co
9060323106,está escrito en,Alemán
Dominik Perler,es autor de la obra,"Pradestination, Zeit Und Kontingenz"
9060323106,es un codigo ISBN para el libro,"Prädestination, Zeit und Kontingenz"
9060323106,es un codigo ISBN de una edicion publicada por,B.R. Grüner
9060323106,es un codigo ISBN de una edicion publicada por,"Gruner Publishing Company, B. R."
Dominik Perler,es autor de la obra,"Prädestination, Zeit und Kontingenz"
"Prädestination, Zeit und Kontingenz",pertenece al género,Contingency (Philosophy)
"Prädestination, Zeit und Kontingenz",pertenece al género,Medieval Philosophy
"Prädestination, Zeit und Kontingenz",pertenece al género,"Philosophy, Medieval"
3406419429,es un codigo ISBN para el libro,René Descartes
3406419429,es un codigo ISBN de una edicion publicada por,C.H. Beck
3406419429,está escrito en,Alemán
Dominik Perler,es autor de la obra,René Descartes
9783406419423,es un codigo ISBN para el libro,Rene Descartes
9783406419423,es un codigo ISBN de una edicion publicada por,C.H.Beck
3406419429,es un codigo ISBN para el libro,Rene Descartes
3406419429,es un codigo ISBN de una edicion publicada por,C.H.Beck
Dominik Perler,es autor de la obra,Rene Descartes
3465029100,es un codigo ISBN para el libro,Repräsentation bei Descartes
3465029100,es un codigo ISBN de una edicion publicada por,V. Klostermann
3465029100,está escrito en,Alemán
Dominik Perler,es autor de la obra,Repräsentation bei Descartes
Repräsentation bei Descartes,pertenece al género,History
Repräsentation bei Descartes,pertenece al género,Representation (Philosophy)
Repräsentation bei Descartes,pertenece al género,Idea (Philosophy)
3465031784,es un codigo ISBN para el libro,Theorien der Intentionalit at im Mittelalter
3465031784,es un codigo ISBN de una edicion publicada por,Vittorio Klostermann GmbH
3465031784,está escrito en,Alemán
Dominik Perler,es autor de la obra,Theorien der Intentionalit at im Mittelalter
Theorien der Intentionalit at im Mittelalter,pertenece al género,OUR Brockhaus selection
Theorien der Intentionalit at im Mittelalter,pertenece al género,Philosophie
9783465031789,es un codigo ISBN para el libro,Theorien der Intentionalität im Mittelalter
9783465031789,es un codigo ISBN de una edicion publicada por,Klostermann
3465031784,es un codigo ISBN para el libro,Theorien der Intentionalität im Mittelalter
3465031784,es un codigo ISBN de una edicion publicada por,Klostermann
Dominik Perler,es autor de la obra,Theorien der Intentionalität im Mittelalter
Theorien der Intentionalität im Mittelalter,pertenece al género,Intentionality (Philosophy)
Theorien der Intentionalität im Mittelalter,pertenece al género,Medieval Philosophy
3465034961,es un codigo ISBN para el libro,Zweifel und Gewissheit
3465034961,es un codigo ISBN de una edicion publicada por,Klostermann
3465034961,está escrito en,Alemán
Dominik Perler,es autor de la obra,Zweifel und Gewissheit
Zweifel und Gewissheit,pertenece al género,Medieval Philosophy
Zweifel und Gewissheit,pertenece al género,"Philosophy, Medieval"
Zweifel und Gewissheit,pertenece al género,Skepticism
3465034961,es un codigo ISBN para el libro,Zweifel und Gewissheit: skeptische Debatten im Mittelalter
3465034961,es un codigo ISBN de una edicion publicada por,Vittorio Klostermann GmbH
Dominik Perler,es autor de la obra,Zweifel und Gewissheit: skeptische Debatten im Mittelalter
Zweifel und Gewissheit: skeptische Debatten im Mittelalter,pertenece al género,Philosophy
Zweifel und Gewissheit: skeptische Debatten im Mittelalter,pertenece al género,OUR Brockhaus selection
2711616525,es un codigo ISBN para el libro,Théories de l'intentionnalité au moyen âge
2711616525,es un codigo ISBN de una edicion publicada por,Vrin
2711616525,está escrito en,Francés
9782711616527,es un codigo ISBN para el libro,Théories de l'intentionnalité au moyen âge
9782711616527,es un codigo ISBN de una edicion publicada por,J. Vrin
9782711616527,está escrito en,Francés
2711616525,es un codigo ISBN de una edicion publicada por,J. Vrin
Dominik Perler,es autor de la obra,Théories de l'intentionnalité au moyen âge
Théories de l'intentionnalité au moyen âge,pertenece al género,"Connaissance, Théorie de la"
Théories de l'intentionnalité au moyen âge,pertenece al género,History
Théories de l'intentionnalité au moyen âge,pertenece al género,Intentionaliteit
3110134152,es un codigo ISBN para el libro,Der propositionale Wahrheitsbegriff im 14. Jahrhundert
3110134152,es un codigo ISBN de una edicion publicada por,W. de Gruyter
3110134152,está escrito en,Alemán
Dominik Perler,es autor de la obra,Der propositionale Wahrheitsbegriff im 14. Jahrhundert
Der propositionale Wahrheitsbegriff im 14. Jahrhundert,pertenece al género,History
Der propositionale Wahrheitsbegriff im 14. Jahrhundert,pertenece al género,"Logic, Medieval"
Der propositionale Wahrheitsbegriff im 14. Jahrhundert,pertenece al género,Medieval Logic
Ernst Laur,es de nacionalidad,Switzerland
Traugótt Meyer,es de nacionalidad,Switzerland
3794132483,es un codigo ISBN para el libro,Der Gänneral Sutter
3794132483,es un codigo ISBN de una edicion publicada por,Sauerländer
3794132483,está escrito en,Alemán
Traugótt Meyer,es autor de la obra,Der Gänneral Sutter
Der Gänneral Sutter,pertenece al género,Fiction
3794130170,es un codigo ISBN para el libro,Dr Wächtersämmi und anderi Gschichte
3794130170,es un codigo ISBN de una edicion publicada por,Sauerländer
3794130170,está escrito en,Alemán
Traugótt Meyer,es autor de la obra,Dr Wächtersämmi und anderi Gschichte
3794129393,es un codigo ISBN para el libro,Gesammelte Werke
3794129393,es un codigo ISBN de una edicion publicada por,Sauerländer
3794129393,está escrito en,Alemán
Traugótt Meyer,es autor de la obra,Gesammelte Werke
3794133242,es un codigo ISBN para el libro,Land und Lüt
3794133242,es un codigo ISBN de una edicion publicada por,Sauerlander
3794133242,está escrito en,Alemán
Traugótt Meyer,es autor de la obra,Land und Lüt
Land und Lüt,pertenece al género,Literary collections
3794133250,es un codigo ISBN para el libro,My Wäg
3794133250,es un codigo ISBN de una edicion publicada por,Sauerländer
3794133250,está escrito en,Alemán
Traugótt Meyer,es autor de la obra,My Wäg
3794129393,es un codigo ISBN para el libro,S Bottebrächts Miggel
Traugótt Meyer,es autor de la obra,S Bottebrächts Miggel
3794129466,es un codigo ISBN para el libro,S Tunälldorf
3794129466,es un codigo ISBN de una edicion publicada por,Sauerländer
3794129466,está escrito en,Alemán
Traugótt Meyer,es autor de la obra,S Tunälldorf
3794130561,es un codigo ISBN para el libro,Uff e Wäg
3794130561,es un codigo ISBN de una edicion publicada por,Sauerländer
3794130561,está escrito en,Alemán
Traugótt Meyer,es autor de la obra,Uff e Wäg
3794131681,es un codigo ISBN para el libro,Us Härz und Heimet
3794131681,es un codigo ISBN de una edicion publicada por,Sauerländer
3794131681,está escrito en,Alemán
Traugótt Meyer,es autor de la obra,Us Härz und Heimet
Hanna Johansen,es de nacionalidad,Switzerland
9789669424938,es un codigo ISBN para el libro,Ja tut prosto kiška
9789669424938,es un codigo ISBN de una edicion publicada por,Vivat Vydavnyctvo
9789669424938,está escrito en,ukr
Hanna Johansen,es autor de la obra,Ja tut prosto kiška
Ja tut prosto kiška,pertenece al género,Katze
Ja tut prosto kiška,pertenece al género,Familienleben
8423927881,es un codigo ISBN para el libro,7 x 7 Siebenschläfergeschichten
8423927881,es un codigo ISBN de una edicion publicada por,Espasa-Calpe
8423927881,está escrito en,Español
9788423927883,es un codigo ISBN para el libro,7 x 7 Siebenschläfergeschichten
9788423927883,es un codigo ISBN de una edicion publicada por,Espasa-Calpe
9788423927883,está escrito en,Español
0571153208,es un codigo ISBN para el libro,7 x 7 Siebenschläfergeschichten
0571153208,es un codigo ISBN de una edicion publicada por,Faber
0571153208,es un codigo ISBN de una edicion publicada por,Faber Children's Books
0571153208,está escrito en,Inglés
9787540776831,es un codigo ISBN para el libro,7 x 7 Siebenschläfergeschichten
9787540776831,es un codigo ISBN de una edicion publicada por,漓江出版社
9787540776831,está escrito en,chi
7540776838,es un codigo ISBN para el libro,7 x 7 Siebenschläfergeschichten
7540776838,es un codigo ISBN de una edicion publicada por,漓江出版社
7540776838,está escrito en,chi
0525444912,es un codigo ISBN para el libro,7 x 7 Siebenschläfergeschichten
0525444912,es un codigo ISBN de una edicion publicada por,Dutton
0525444912,está escrito en,Inglés
9722108336,es un codigo ISBN para el libro,7 x 7 Siebenschläfergeschichten
9722108336,es un codigo ISBN de una edicion publicada por,Caminho
9722108336,está escrito en,Portugués
9789722108331,es un codigo ISBN para el libro,7 x 7 Siebenschläfergeschichten
9789722108331,es un codigo ISBN de una edicion publicada por,Caminho
9789722108331,está escrito en,Portugués
9780571165063,es un codigo ISBN para el libro,7 x 7 Siebenschläfergeschichten
9780571165063,es un codigo ISBN de una edicion publicada por,Faber
9780571165063,está escrito en,Inglés
0571165060,es un codigo ISBN para el libro,7 x 7 Siebenschläfergeschichten
0571165060,es un codigo ISBN de una edicion publicada por,Faber
0571165060,está escrito en,Inglés
3312009049,es un codigo ISBN para el libro,7 x 7 Siebenschläfergeschichten
3312009049,es un codigo ISBN de una edicion publicada por,Nagel & Kimche
3312009049,está escrito en,Alemán
9783312009046,es un codigo ISBN para el libro,7 x 7 Siebenschläfergeschichten
9783312009046,es un codigo ISBN de una edicion publicada por,Nagel & Kimche
9783312009046,está escrito en,Alemán
Hanna Johansen,es autor de la obra,7 x 7 Siebenschläfergeschichten
7 x 7 Siebenschläfergeschichten,pertenece al género,Seven (The number)
7 x 7 Siebenschläfergeschichten,pertenece al género,Garden dormouse
7 x 7 Siebenschläfergeschichten,pertenece al género,Children's fiction
911865102X,es un codigo ISBN para el libro,Bruder Bär und Schwester Bär
911865102X,es un codigo ISBN de una edicion publicada por,Norstedt
911865102X,está escrito en,Sueco
9789118651021,es un codigo ISBN para el libro,Bruder Bär und Schwester Bär
9789118651021,es un codigo ISBN de una edicion publicada por,Norstedt
9789118651021,está escrito en,Sueco
8210027034,es un codigo ISBN para el libro,Bruder Bär und Schwester Bär
8210027034,es un codigo ISBN de una edicion publicada por,Tiden
8210027034,está escrito en,nob
9788210027031,es un codigo ISBN para el libro,Bruder Bär und Schwester Bär
9788210027031,es un codigo ISBN de una edicion publicada por,Tiden
9788210027031,está escrito en,nob
9788983670014,es un codigo ISBN para el libro,Bruder Bär und Schwester Bär
9788983670014,es un codigo ISBN de una edicion publicada por,온누리
9788983670014,está escrito en,kor
8983670010,es un codigo ISBN para el libro,Bruder Bär und Schwester Bär
8983670010,es un codigo ISBN de una edicion publicada por,온누리
8983670010,está escrito en,kor
9782070311910,es un codigo ISBN para el libro,Bruder Bär und Schwester Bär
9782070311910,es un codigo ISBN de una edicion publicada por,Gallimard
9782070311910,está escrito en,Francés
9782070326051,es un codigo ISBN para el libro,Bruder Bär und Schwester Bär
9782070326051,es un codigo ISBN de una edicion publicada por,Gallimard
9782070326051,está escrito en,Francés
2070326055,es un codigo ISBN para el libro,Bruder Bär und Schwester Bär
2070326055,es un codigo ISBN de una edicion publicada por,Gallimard
2070326055,está escrito en,Francés
2070311910,es un codigo ISBN para el libro,Bruder Bär und Schwester Bär
2070311910,es un codigo ISBN de una edicion publicada por,Gallimard
2070311910,está escrito en,Francés
9783491240612,es un codigo ISBN para el libro,Bruder Bär und Schwester Bär
9783491240612,es un codigo ISBN de una edicion publicada por,Patmos
9783491240612,está escrito en,Alemán
3491240611,es un codigo ISBN para el libro,Bruder Bär und Schwester Bär
3491240611,es un codigo ISBN de una edicion publicada por,Patmos
3491240611,está escrito en,Alemán
9783401076751,es un codigo ISBN para el libro,Bruder Bär und Schwester Bär
9783401076751,es un codigo ISBN de una edicion publicada por,Arena
9783401076751,está escrito en,Alemán
3401076752,es un codigo ISBN para el libro,Bruder Bär und Schwester Bär
3401076752,es un codigo ISBN de una edicion publicada por,Arena
3401076752,está escrito en,Alemán
0027676609,es un codigo ISBN para el libro,Bruder Bär und Schwester Bär
0027676609,es un codigo ISBN de una edicion publicada por,Bradbury Press
0027676609,está escrito en,Inglés
0001840169,es un codigo ISBN para el libro,Bruder Bär und Schwester Bär
0001840169,es un codigo ISBN de una edicion publicada por,Collins
0001840169,está escrito en,Inglés
0001840177,es un codigo ISBN para el libro,Bruder Bär und Schwester Bär
0001840177,es un codigo ISBN de una edicion publicada por,Collins
0001840177,está escrito en,Inglés
9783545311169,es un codigo ISBN para el libro,Bruder Bär und Schwester Bär
9783545311169,es un codigo ISBN de una edicion publicada por,Benziger
9783545311169,está escrito en,Alemán
3545311163,es un codigo ISBN para el libro,Bruder Bär und Schwester Bär
3545311163,es un codigo ISBN de una edicion publicada por,Benziger
3545311163,está escrito en,Alemán
3423075732,es un codigo ISBN para el libro,Bruder Bär und Schwester Bär
3423075732,es un codigo ISBN de una edicion publicada por,dtv junior
3423075732,está escrito en,Alemán
2070310299,es un codigo ISBN para el libro,Bruder Bär und Schwester Bär
2070310299,es un codigo ISBN de una edicion publicada por,Gallimard
2070310299,está escrito en,Francés
8423928233,es un codigo ISBN para el libro,Bruder Bär und Schwester Bär
8423928233,es un codigo ISBN de una edicion publicada por,Espasa-Calpe
8423928233,está escrito en,Español
9788423928231,es un codigo ISBN para el libro,Bruder Bär und Schwester Bär
9788423928231,es un codigo ISBN de una edicion publicada por,Espasa-Calpe
9788423928231,está escrito en,Español
Hanna Johansen,es autor de la obra,Bruder Bär und Schwester Bär
Bruder Bär und Schwester Bär,pertenece al género,"Bears, fiction"
Bruder Bär und Schwester Bär,pertenece al género,Children's fiction
Bruder Bär und Schwester Bär,pertenece al género,Bears
9783423625449,es un codigo ISBN para el libro,Wenn ich ein Vöglein wär
9783423625449,es un codigo ISBN de una edicion publicada por,dtv
9783423625449,está escrito en,Alemán
3423625449,es un codigo ISBN para el libro,Wenn ich ein Vöglein wär
3423625449,es un codigo ISBN de una edicion publicada por,dtv
3423625449,está escrito en,Alemán
Hanna Johansen,es autor de la obra,Wenn ich ein Vöglein wär
Wenn ich ein Vöglein wär,pertenece al género,Children's fiction
Wenn ich ein Vöglein wär,pertenece al género,Blackbirds
Wenn ich ein Vöglein wär,pertenece al género,Birdsongs
3446193235,es un codigo ISBN para el libro,Bist du schon wach?
3446193235,es un codigo ISBN de una edicion publicada por,Hanser
3446193235,está escrito en,Alemán
9783446193239,es un codigo ISBN para el libro,Bist du schon wach?
9783446193239,es un codigo ISBN de una edicion publicada por,Hanser
9783446193239,está escrito en,Alemán
Hanna Johansen,es autor de la obra,Bist du schon wach?
Bist du schon wach?,pertenece al género,Children's fiction
Bist du schon wach?,pertenece al género,Morning
Bist du schon wach?,pertenece al género,"Sleep, fiction"
3446247793,es un codigo ISBN para el libro,Der Füsch
3446247793,es un codigo ISBN de una edicion publicada por,Hanser
3446247793,está escrito en,Alemán
9783446247796,es un codigo ISBN para el libro,Der Füsch
9783446247796,es un codigo ISBN de una edicion publicada por,Hanser
9783446247796,está escrito en,Alemán
9788485334995,es un codigo ISBN para el libro,Der Füsch
9788485334995,es un codigo ISBN de una edicion publicada por,Lóguez Ediciones
9788485334995,está escrito en,Español
848533499X,es un codigo ISBN para el libro,Der Füsch
848533499X,es un codigo ISBN de una edicion publicada por,Lóguez Ediciones
848533499X,está escrito en,Español
9783423620048,es un codigo ISBN para el libro,Der Füsch
9783423620048,es un codigo ISBN de una edicion publicada por,dtv
9783423620048,está escrito en,Alemán
3423620048,es un codigo ISBN para el libro,Der Füsch
3423620048,es un codigo ISBN de una edicion publicada por,dtv
3423620048,está escrito en,Alemán
3446178627,es un codigo ISBN para el libro,Der Füsch
3446178627,es un codigo ISBN de una edicion publicada por,Hanser
3446178627,está escrito en,Alemán
9783446178625,es un codigo ISBN para el libro,Der Füsch
9783446178625,es un codigo ISBN de una edicion publicada por,Hanser
9783446178625,está escrito en,Alemán
Hanna Johansen,es autor de la obra,Der Füsch
Der Füsch,pertenece al género,Children's fiction
Der Füsch,pertenece al género,"Birthdays, fiction"
Der Füsch,pertenece al género,Wishes in fiction
9783280029114,es un codigo ISBN para el libro,"Maus, die Maus, liest ein langes Buch"
9783280029114,es un codigo ISBN de una edicion publicada por,Orell Füssli
9783280029114,está escrito en,Alemán
3280029112,es un codigo ISBN para el libro,"Maus, die Maus, liest ein langes Buch"
3280029112,es un codigo ISBN de una edicion publicada por,Orell Füssli
3280029112,está escrito en,Alemán
Hanna Johansen,es autor de la obra,"Maus, die Maus, liest ein langes Buch"
"Maus, die Maus, liest ein langes Buch",pertenece al género,Children's fiction
"Maus, die Maus, liest ein langes Buch",pertenece al género,"Mice, fiction"
"Maus, die Maus, liest ein langes Buch",pertenece al género,Reading (Elementary)
2882581505,es un codigo ISBN para el libro,"Vom Hühnchen, das goldene Eier legen wollte"
2882581505,es un codigo ISBN de una edicion publicada por,Joie de Lire
2882581505,está escrito en,Francés
9782882581501,es un codigo ISBN para el libro,"Vom Hühnchen, das goldene Eier legen wollte"
9782882581501,es un codigo ISBN de una edicion publicada por,Joie de Lire
9782882581501,está escrito en,Francés
9783423079990,es un codigo ISBN para el libro,"Vom Hühnchen, das goldene Eier legen wollte"
9783423079990,es un codigo ISBN de una edicion publicada por,dtv
9783423079990,está escrito en,Alemán
3423079991,es un codigo ISBN para el libro,"Vom Hühnchen, das goldene Eier legen wollte"
3423079991,es un codigo ISBN de una edicion publicada por,dtv
3423079991,está escrito en,Alemán
9172708980,es un codigo ISBN para el libro,"Vom Hühnchen, das goldene Eier legen wollte"
9172708980,es un codigo ISBN de una edicion publicada por,Opal
9172708980,está escrito en,Sueco
9789172708983,es un codigo ISBN para el libro,"Vom Hühnchen, das goldene Eier legen wollte"
9789172708983,es un codigo ISBN de una edicion publicada por,Opal
9789172708983,está escrito en,Sueco
3312008190,es un codigo ISBN para el libro,"Vom Hühnchen, das goldene Eier legen wollte"
3312008190,es un codigo ISBN de una edicion publicada por,Nagel & Kimche
3312008190,está escrito en,Alemán
9783312008193,es un codigo ISBN para el libro,"Vom Hühnchen, das goldene Eier legen wollte"
9783312008193,es un codigo ISBN de una edicion publicada por,Nagel & Kimche
9783312008193,está escrito en,Alemán
9577452167,es un codigo ISBN para el libro,"Vom Hühnchen, das goldene Eier legen wollte"
9577452167,es un codigo ISBN de una edicion publicada por,格林文化
9577452167,está escrito en,chi
9788466702911,es un codigo ISBN para el libro,"Vom Hühnchen, das goldene Eier legen wollte"
9788466702911,es un codigo ISBN de una edicion publicada por,Anaya
9788466702911,está escrito en,Español
8466702911,es un codigo ISBN para el libro,"Vom Hühnchen, das goldene Eier legen wollte"
8466702911,es un codigo ISBN de una edicion publicada por,Anaya
8466702911,está escrito en,Español
1567922104,es un codigo ISBN para el libro,"Vom Hühnchen, das goldene Eier legen wollte"
1567922104,es un codigo ISBN de una edicion publicada por,D.R. Godine
1567922104,es un codigo ISBN de una edicion publicada por,Godine
1567922104,está escrito en,Inglés
Hanna Johansen,es autor de la obra,"Vom Hühnchen, das goldene Eier legen wollte"
"Vom Hühnchen, das goldene Eier legen wollte",pertenece al género,Children's fiction
"Vom Hühnchen, das goldene Eier legen wollte",pertenece al género,"Chickens, fiction"
"Vom Hühnchen, das goldene Eier legen wollte",pertenece al género,"Eggs, fiction"
9783446199705,es un codigo ISBN para el libro,Sei doch mal still
9783446199705,es un codigo ISBN de una edicion publicada por,Hanser
9783446199705,está escrito en,Alemán
3446199705,es un codigo ISBN para el libro,Sei doch mal still
3446199705,es un codigo ISBN de una edicion publicada por,Hanser
3446199705,está escrito en,Alemán
2746700913,es un codigo ISBN para el libro,Sei doch mal still
2746700913,es un codigo ISBN de una edicion publicada por,Autrement
2746700913,está escrito en,Francés
9782746700918,es un codigo ISBN para el libro,Sei doch mal still
9782746700918,es un codigo ISBN de una edicion publicada por,Autrement
9782746700918,está escrito en,Francés
9788489804531,es un codigo ISBN para el libro,Sei doch mal still
9788489804531,es un codigo ISBN de una edicion publicada por,Loguez Ediciones
9788489804531,está escrito en,Español
8489804532,es un codigo ISBN para el libro,Sei doch mal still
8489804532,es un codigo ISBN de una edicion publicada por,Loguez Ediciones
8489804532,está escrito en,Español
8955372884,es un codigo ISBN para el libro,Sei doch mal still
8955372884,es un codigo ISBN de una edicion publicada por,Newton Korea
8955372884,está escrito en,Inglés
Hanna Johansen,es autor de la obra,Sei doch mal still
Sei doch mal still,pertenece al género,Children's fiction
Sei doch mal still,pertenece al género,Listening in fiction
Sei doch mal still,pertenece al género,Silence in literature
3446174079,es un codigo ISBN para el libro,Über den Himmel
3446174079,es un codigo ISBN de una edicion publicada por,Hanser
3446174079,está escrito en,Alemán
9783446174078,es un codigo ISBN para el libro,Über den Himmel
9783446174078,es un codigo ISBN de una edicion publicada por,Hanser
9783446174078,está escrito en,Alemán
9783423133739,es un codigo ISBN para el libro,Über den Himmel
9783423133739,es un codigo ISBN de una edicion publicada por,dtv Verlagsgesellschaft
9783423133739,está escrito en,Alemán
Hanna Johansen,es autor de la obra,Über den Himmel
Über den Himmel,pertenece al género,Magic realism (Literature)
Über den Himmel,pertenece al género,Stars in literature
Über den Himmel,pertenece al género,Myth in literature
3446237887,es un codigo ISBN para el libro,Es weihnachtet sehr ...
3446237887,es un codigo ISBN de una edicion publicada por,Hanser
3446237887,está escrito en,Alemán
9783446237889,es un codigo ISBN para el libro,Es weihnachtet sehr ...
9783446237889,es un codigo ISBN de una edicion publicada por,Hanser
9783446237889,está escrito en,Alemán
Hanna Johansen,es autor de la obra,Es weihnachtet sehr ...
Es weihnachtet sehr ...,pertenece al género,Children's fiction
Es weihnachtet sehr ...,pertenece al género,"Cats, fiction"
Es weihnachtet sehr ...,pertenece al género,"Family life, fiction"
9783312009497,es un codigo ISBN para el libro,Die Hühneroper
9783312009497,es un codigo ISBN de una edicion publicada por,Nagel und Kimche
9783312009497,está escrito en,Alemán
3312009499,es un codigo ISBN para el libro,Die Hühneroper
3312009499,es un codigo ISBN de una edicion publicada por,Nagel und Kimche
3312009499,está escrito en,Alemán
Hanna Johansen,es autor de la obra,Die Hühneroper
Die Hühneroper,pertenece al género,Children's fiction
Die Hühneroper,pertenece al género,"Opera, fiction"
Die Hühneroper,pertenece al género,"Poultry, fiction"
3038200115,es un codigo ISBN para el libro,"Der Herbst, in dem ich Klavier spielen lernte"
3038200115,es un codigo ISBN de una edicion publicada por,Dörlemann
3038200115,está escrito en,Alemán
9783908778608,es un codigo ISBN para el libro,"Der Herbst, in dem ich Klavier spielen lernte"
9783908778608,es un codigo ISBN de una edicion publicada por,Dörlemann
9783908778608,está escrito en,Alemán
Hanna Johansen,es autor de la obra,"Der Herbst, in dem ich Klavier spielen lernte"
"Der Herbst, in dem ich Klavier spielen lernte",pertenece al género,"Authors, biography"
"Der Herbst, in dem ich Klavier spielen lernte",pertenece al género,Autobiography
"Der Herbst, in dem ich Klavier spielen lernte",pertenece al género,Piano music
3446209107,es un codigo ISBN para el libro,Ich bin hier bloß die Katze
3446209107,es un codigo ISBN de una edicion publicada por,Hanser
3446209107,está escrito en,Alemán
9783446209107,es un codigo ISBN para el libro,Ich bin hier bloß die Katze
9783446209107,es un codigo ISBN de una edicion publicada por,Hanser
9783446209107,está escrito en,Alemán
9871296770,es un codigo ISBN para el libro,Ich bin hier bloß die Katze
9871296770,es un codigo ISBN de una edicion publicada por,Editorial Heliasta
9871296770,está escrito en,Español
9789871296774,es un codigo ISBN para el libro,Ich bin hier bloß die Katze
9789871296774,es un codigo ISBN de una edicion publicada por,Editorial Heliasta
9789871296774,está escrito en,Español
Hanna Johansen,es autor de la obra,Ich bin hier bloß die Katze
Ich bin hier bloß die Katze,pertenece al género,Children's fiction
Ich bin hier bloß die Katze,pertenece al género,"Cats, fiction"
Ich bin hier bloß die Katze,pertenece al género,"Family life, fiction"
9783423107662,es un codigo ISBN para el libro,"Über den Wunsch, sich wohlzufühlen"
9783423107662,es un codigo ISBN de una edicion publicada por,dtv
9783423107662,está escrito en,Alemán
3423107669,es un codigo ISBN para el libro,"Über den Wunsch, sich wohlzufühlen"
3423107669,es un codigo ISBN de una edicion publicada por,dtv
3423107669,está escrito en,Alemán
3446143068,es un codigo ISBN para el libro,"Über den Wunsch, sich wohlzufühlen"
3446143068,es un codigo ISBN de una edicion publicada por,C. Hanser
3446143068,es un codigo ISBN de una edicion publicada por,Hanser
3446143068,está escrito en,Alemán
9783446143067,es un codigo ISBN para el libro,"Über den Wunsch, sich wohlzufühlen"
9783446143067,es un codigo ISBN de una edicion publicada por,C. Hanser
9783446143067,es un codigo ISBN de una edicion publicada por,Hanser
9783446143067,está escrito en,Alemán
Hanna Johansen,es autor de la obra,"Über den Wunsch, sich wohlzufühlen"
"Über den Wunsch, sich wohlzufühlen",pertenece al género,"Fiction, short stories (single author)"
"Über den Wunsch, sich wohlzufühlen",pertenece al género,"Love, fiction"
"Über den Wunsch, sich wohlzufühlen",pertenece al género,Slice of life
3446207554,es un codigo ISBN para el libro,Der schwarze Schirm
3446207554,es un codigo ISBN de una edicion publicada por,Hanser
3446207554,está escrito en,Alemán
9783446207554,es un codigo ISBN para el libro,Der schwarze Schirm
9783446207554,es un codigo ISBN de una edicion publicada por,Hanser
9783446207554,está escrito en,Alemán
Hanna Johansen,es autor de la obra,Der schwarze Schirm
Der schwarze Schirm,pertenece al género,"Loneliness, fiction"
Der schwarze Schirm,pertenece al género,"Mothers and daughters, fiction"
Der schwarze Schirm,pertenece al género,"Travel, fiction"
9782070701964,es un codigo ISBN para el libro,Die Analphabetin
9782070701964,es un codigo ISBN de una edicion publicada por,Gallimard
9782070701964,está escrito en,Francés
2070701964,es un codigo ISBN para el libro,Die Analphabetin
2070701964,es un codigo ISBN de una edicion publicada por,Gallimard
2070701964,está escrito en,Francés
3596254426,es un codigo ISBN para el libro,Die Analphabetin
3596254426,es un codigo ISBN de una edicion publicada por,Fischer Taschenbuch
3596254426,está escrito en,Alemán
9783596254422,es un codigo ISBN para el libro,Die Analphabetin
9783596254422,es un codigo ISBN de una edicion publicada por,Fischer Taschenbuch
9783596254422,está escrito en,Alemán
3446136061,es un codigo ISBN para el libro,Die Analphabetin
3446136061,es un codigo ISBN de una edicion publicada por,Hanser
3446136061,está escrito en,Alemán
9783446136069,es un codigo ISBN para el libro,Die Analphabetin
9783446136069,es un codigo ISBN de una edicion publicada por,Hanser
9783446136069,está escrito en,Alemán
Hanna Johansen,es autor de la obra,Die Analphabetin
Die Analphabetin,pertenece al género,Second World War fiction
Die Analphabetin,pertenece al género,"Girls, fiction"
Die Analphabetin,pertenece al género,"War, fiction"
3473520985,es un codigo ISBN para el libro,Die Ente und die Eule
3473520985,es un codigo ISBN de una edicion publicada por,Ravensburger Buchverlag
3473520985,está escrito en,Alemán
9783473520985,es un codigo ISBN para el libro,Die Ente und die Eule
9783473520985,es un codigo ISBN de una edicion publicada por,Ravensburger Buchverlag
9783473520985,está escrito en,Alemán
9780525448280,es un codigo ISBN para el libro,Die Ente und die Eule
9780525448280,es un codigo ISBN de una edicion publicada por,Dutton Children's Books
9780525448280,es un codigo ISBN de una edicion publicada por,Dutton Juvenile
9780525448280,está escrito en,Inglés
0525448284,es un codigo ISBN para el libro,Die Ente und die Eule
0525448284,es un codigo ISBN de una edicion publicada por,Dutton Children's Books
0525448284,es un codigo ISBN de una edicion publicada por,Dutton Juvenile
0525448284,está escrito en,Inglés
1567922856,es un codigo ISBN para el libro,Die Ente und die Eule
1567922856,es un codigo ISBN de una edicion publicada por,David R. Godine
1567922856,está escrito en,Inglés
9781567922851,es un codigo ISBN para el libro,Die Ente und die Eule
9781567922851,es un codigo ISBN de una edicion publicada por,David R. Godine
9781567922851,está escrito en,Inglés
9783312007615,es un codigo ISBN para el libro,Die Ente und die Eule
9783312007615,es un codigo ISBN de una edicion publicada por,Nagel & Kimche
9783312007615,está escrito en,Alemán
3312007615,es un codigo ISBN para el libro,Die Ente und die Eule
3312007615,es un codigo ISBN de una edicion publicada por,Nagel & Kimche
3312007615,está escrito en,Alemán
9783312007202,es un codigo ISBN para el libro,Die Ente und die Eule
9783312007202,es un codigo ISBN de una edicion publicada por,Nagel & Kimche
9783312007202,está escrito en,Alemán
3312007208,es un codigo ISBN para el libro,Die Ente und die Eule
3312007208,es un codigo ISBN de una edicion publicada por,Nagel & Kimche
3312007208,está escrito en,Alemán
Hanna Johansen,es autor de la obra,Die Ente und die Eule
Die Ente und die Eule,pertenece al género,Children's fiction
Die Ente und die Eule,pertenece al género,"Ducks, fiction"
Die Ente und die Eule,pertenece al género,"Owls, fiction"
2070523152,es un codigo ISBN para el libro,"Die Geschichte von der kleinen Gans, die nicht schnell genug war"
2070523152,es un codigo ISBN de una edicion publicada por,Gallimard Jeunesse
2070523152,está escrito en,Francés
9782070523153,es un codigo ISBN para el libro,"Die Geschichte von der kleinen Gans, die nicht schnell genug war"
9782070523153,es un codigo ISBN de una edicion publicada por,Gallimard Jeunesse
9782070523153,está escrito en,Francés
4061947141,es un codigo ISBN para el libro,"Die Geschichte von der kleinen Gans, die nicht schnell genug war"
4061947141,es un codigo ISBN de una edicion publicada por,講談社
4061947141,está escrito en,jpn
9784061947146,es un codigo ISBN para el libro,"Die Geschichte von der kleinen Gans, die nicht schnell genug war"
9784061947146,es un codigo ISBN de una edicion publicada por,講談社
9784061947146,está escrito en,jpn
9783423621120,es un codigo ISBN para el libro,"Die Geschichte von der kleinen Gans, die nicht schnell genug war"
9783423621120,es un codigo ISBN de una edicion publicada por,dtv
9783423621120,está escrito en,Alemán
3423621125,es un codigo ISBN para el libro,"Die Geschichte von der kleinen Gans, die nicht schnell genug war"
3423621125,es un codigo ISBN de una edicion publicada por,dtv
3423621125,está escrito en,Alemán
9783312007301,es un codigo ISBN para el libro,"Die Geschichte von der kleinen Gans, die nicht schnell genug war"
9783312007301,es un codigo ISBN de una edicion publicada por,Nagel & Kimche
9783312007301,está escrito en,Alemán
3312007305,es un codigo ISBN para el libro,"Die Geschichte von der kleinen Gans, die nicht schnell genug war"
3312007305,es un codigo ISBN de una edicion publicada por,Nagel & Kimche
3312007305,está escrito en,Alemán
Hanna Johansen,es autor de la obra,"Die Geschichte von der kleinen Gans, die nicht schnell genug war"
"Die Geschichte von der kleinen Gans, die nicht schnell genug war",pertenece al género,Children's fiction
"Die Geschichte von der kleinen Gans, die nicht schnell genug war",pertenece al género,"Geese, fiction"
"Die Geschichte von der kleinen Gans, die nicht schnell genug war",pertenece al género,Geese
842077765X,es un codigo ISBN para el libro,Die Hexe zieht den Schlafsack enger
842077765X,es un codigo ISBN de una edicion publicada por,Anaya
842077765X,está escrito en,Español
9788420777658,es un codigo ISBN para el libro,Die Hexe zieht den Schlafsack enger
9788420777658,es un codigo ISBN de una edicion publicada por,Anaya
9788420777658,está escrito en,Español
9780613805537,es un codigo ISBN para el libro,Die Hexe zieht den Schlafsack enger
9780613805537,es un codigo ISBN de una edicion publicada por,Tandem Library
9780613805537,está escrito en,Español
0613805534,es un codigo ISBN para el libro,Die Hexe zieht den Schlafsack enger
0613805534,es un codigo ISBN de una edicion publicada por,Tandem Library
0613805534,está escrito en,Español
8448905210,es un codigo ISBN para el libro,Die Hexe zieht den Schlafsack enger
8448905210,es un codigo ISBN de una edicion publicada por,Barcanova
8448905210,está escrito en,Catalán
9788448905217,es un codigo ISBN para el libro,Die Hexe zieht den Schlafsack enger
9788448905217,es un codigo ISBN de una edicion publicada por,Barcanova
9788448905217,está escrito en,Catalán
3312007879,es un codigo ISBN para el libro,Die Hexe zieht den Schlafsack enger
3312007879,es un codigo ISBN de una edicion publicada por,Nagel & Kimche
3312007879,está escrito en,Alemán
9783312007875,es un codigo ISBN para el libro,Die Hexe zieht den Schlafsack enger
9783312007875,es un codigo ISBN de una edicion publicada por,Nagel & Kimche
9783312007875,está escrito en,Alemán
Hanna Johansen,es autor de la obra,Die Hexe zieht den Schlafsack enger
Die Hexe zieht den Schlafsack enger,pertenece al género,Children's fiction
Die Hexe zieht den Schlafsack enger,pertenece al género,"Children, poetry"
Die Hexe zieht den Schlafsack enger,pertenece al género,"Seasons, fiction"
9789118111716,es un codigo ISBN para el libro,Die stehende Uhr
9789118111716,es un codigo ISBN de una edicion publicada por,Norstedt
9789118111716,está escrito en,Sueco
9118111718,es un codigo ISBN para el libro,Die stehende Uhr
9118111718,es un codigo ISBN de una edicion publicada por,Norstedt
9118111718,está escrito en,Sueco
3596221056,es un codigo ISBN para el libro,Die stehende Uhr
3596221056,es un codigo ISBN de una edicion publicada por,Fischer Taschenbuch
3596221056,está escrito en,Alemán
9783596221059,es un codigo ISBN para el libro,Die stehende Uhr
9783596221059,es un codigo ISBN de una edicion publicada por,Fischer Taschenbuch
9783596221059,está escrito en,Alemán
2070233197,es un codigo ISBN para el libro,Die stehende Uhr
2070233197,es un codigo ISBN de una edicion publicada por,Gallimard
2070233197,está escrito en,Francés
9783446126022,es un codigo ISBN para el libro,Die stehende Uhr
9783446126022,es un codigo ISBN de una edicion publicada por,Hanser
9783446126022,está escrito en,Alemán
3446126023,es un codigo ISBN para el libro,Die stehende Uhr
3446126023,es un codigo ISBN de una edicion publicada por,Hanser
3446126023,está escrito en,Alemán
Hanna Johansen,es autor de la obra,Die stehende Uhr
Die stehende Uhr,pertenece al género,"Voyages and travels, fiction"
Die stehende Uhr,pertenece al género,Depersonalization
Die stehende Uhr,pertenece al género,Railroad travel in fiction
9788390174259,es un codigo ISBN para el libro,Dinosaurier gibt es nicht
9788390174259,es un codigo ISBN de una edicion publicada por,Solura
9788390174259,está escrito en,Polaco
8390174251,es un codigo ISBN para el libro,Dinosaurier gibt es nicht
8390174251,es un codigo ISBN de una edicion publicada por,Solura
8390174251,está escrito en,Polaco
3763242864,es un codigo ISBN para el libro,Dinosaurier gibt es nicht
3763242864,es un codigo ISBN de una edicion publicada por,Büchergilde Gutenberg
3763242864,está escrito en,Alemán
9783763242863,es un codigo ISBN para el libro,Dinosaurier gibt es nicht
9783763242863,es un codigo ISBN de una edicion publicada por,Büchergilde Gutenberg
9783763242863,está escrito en,Alemán
9788420447698,es un codigo ISBN para el libro,Dinosaurier gibt es nicht
9788420447698,es un codigo ISBN de una edicion publicada por,Alfaguara
9788420447698,está escrito en,Español
8420447692,es un codigo ISBN para el libro,Dinosaurier gibt es nicht
8420447692,es un codigo ISBN de una edicion publicada por,Alfaguara
8420447692,está escrito en,Español
1571430180,es un codigo ISBN para el libro,Dinosaurier gibt es nicht
1571430180,es un codigo ISBN de una edicion publicada por,Wetlands Press
1571430180,está escrito en,Inglés
1571430229,es un codigo ISBN para el libro,Dinosaurier gibt es nicht
1571430229,es un codigo ISBN de una edicion publicada por,Wetlands Press
1571430229,está escrito en,Inglés
3473520799,es un codigo ISBN para el libro,Dinosaurier gibt es nicht
3473520799,es un codigo ISBN de una edicion publicada por,Ravensburger
3473520799,está escrito en,Alemán
9783473520794,es un codigo ISBN para el libro,Dinosaurier gibt es nicht
9783473520794,es un codigo ISBN de una edicion publicada por,Ravensburger
9783473520794,está escrito en,Alemán
3312007577,es un codigo ISBN para el libro,Dinosaurier gibt es nicht
3312007577,es un codigo ISBN de una edicion publicada por,Nagel & Kimche
3312007577,está escrito en,Alemán
9783312007578,es un codigo ISBN para el libro,Dinosaurier gibt es nicht
9783312007578,es un codigo ISBN de una edicion publicada por,Nagel & Kimche
9783312007578,está escrito en,Alemán
Hanna Johansen,es autor de la obra,Dinosaurier gibt es nicht
Dinosaurier gibt es nicht,pertenece al género,Dinosaurs
Dinosaurier gibt es nicht,pertenece al género,Juvenile fiction
Dinosaurier gibt es nicht,pertenece al género,Dinosaurs as pets
9783446153226,es un codigo ISBN para el libro,Ein Mann vor der Tür
9783446153226,es un codigo ISBN de una edicion publicada por,Hanser
9783446153226,está escrito en,Alemán
3446153225,es un codigo ISBN para el libro,Ein Mann vor der Tür
3446153225,es un codigo ISBN de una edicion publicada por,Hanser
3446153225,está escrito en,Alemán
9783423115179,es un codigo ISBN para el libro,Ein Mann vor der Tür
9783423115179,es un codigo ISBN de una edicion publicada por,dtv
9783423115179,está escrito en,Alemán
3423115173,es un codigo ISBN para el libro,Ein Mann vor der Tür
3423115173,es un codigo ISBN de una edicion publicada por,dtv
3423115173,está escrito en,Alemán
Hanna Johansen,es autor de la obra,Ein Mann vor der Tür
Ein Mann vor der Tür,pertenece al género,"Love, fiction"
Ein Mann vor der Tür,pertenece al género,Love affairs
Ein Mann vor der Tür,pertenece al género,Abandoned wives
331200778X,es un codigo ISBN para el libro,Ein Maulwurf kommt immer allein
331200778X,es un codigo ISBN de una edicion publicada por,Nagel & Kimche
331200778X,está escrito en,Alemán
9783312007783,es un codigo ISBN para el libro,Ein Maulwurf kommt immer allein
9783312007783,es un codigo ISBN de una edicion publicada por,Nagel & Kimche
9783312007783,está escrito en,Alemán
Hanna Johansen,es autor de la obra,Ein Maulwurf kommt immer allein
Ein Maulwurf kommt immer allein,pertenece al género,Children's fiction
Ein Maulwurf kommt immer allein,pertenece al género,Moles (Animals)
Ein Maulwurf kommt immer allein,pertenece al género,Behavioural theory (Behaviourism)
3446194878,es un codigo ISBN para el libro,"Halbe Tage, ganze Jahre"
3446194878,es un codigo ISBN de una edicion publicada por,Hanser
3446194878,está escrito en,Alemán
Hanna Johansen,es autor de la obra,"Halbe Tage, ganze Jahre"
"Halbe Tage, ganze Jahre",pertenece al género,"Fiction, short stories (single author)"
"Halbe Tage, ganze Jahre",pertenece al género,"Fiction, women"
"Halbe Tage, ganze Jahre",pertenece al género,Normalcy
3423123591,es un codigo ISBN para el libro,Kurnovelle
3423123591,es un codigo ISBN de una edicion publicada por,dtv
3423123591,está escrito en,Alemán
9783423123594,es un codigo ISBN para el libro,Kurnovelle
9783423123594,es un codigo ISBN de una edicion publicada por,dtv
9783423123594,está escrito en,Alemán
3446178430,es un codigo ISBN para el libro,Kurnovelle
3446178430,es un codigo ISBN de una edicion publicada por,Carl Hanser
3446178430,está escrito en,Alemán
Hanna Johansen,es autor de la obra,Kurnovelle
Kurnovelle,pertenece al género,"Man-woman relationships, fiction"
Kurnovelle,pertenece al género,Paradise
Kurnovelle,pertenece al género,cure
9783312009367,es un codigo ISBN para el libro,Omps
9783312009367,es un codigo ISBN de una edicion publicada por,Nagel & Kimche
9783312009367,está escrito en,Alemán
3312009367,es un codigo ISBN para el libro,Omps
3312009367,es un codigo ISBN de una edicion publicada por,Nagel & Kimche
3312009367,está escrito en,Alemán
Hanna Johansen,es autor de la obra,Omps
Omps,pertenece al género,"Dinosaurs, fiction"
Omps,pertenece al género,Hares in fiction
Omps,pertenece al género,Children's fiction
9788952709547,es un codigo ISBN para el libro,"Felis, Felis"
9788952709547,es un codigo ISBN de una edicion publicada por,Si Gongjunieo
9788952709547,está escrito en,kor
8952709543,es un codigo ISBN para el libro,"Felis, Felis"
8952709543,es un codigo ISBN de una edicion publicada por,Si Gongjunieo
8952709543,está escrito en,kor
9788210035432,es un codigo ISBN para el libro,"Felis, Felis"
9788210035432,es un codigo ISBN de una edicion publicada por,Gyldendal Tiden
9788210035432,está escrito en,nob
8439511167,es un codigo ISBN para el libro,"Felis, Felis"
8439511167,es un codigo ISBN de una edicion publicada por,Espasa-Calpe
8439511167,está escrito en,Español
9788439511168,es un codigo ISBN para el libro,"Felis, Felis"
9788439511168,es un codigo ISBN de una edicion publicada por,Espasa-Calpe
9788439511168,está escrito en,Español
3312007151,es un codigo ISBN para el libro,"Felis, Felis"
3312007151,es un codigo ISBN de una edicion publicada por,Nagel & Kimche
3312007151,está escrito en,Alemán
9783312007158,es un codigo ISBN para el libro,"Felis, Felis"
9783312007158,es un codigo ISBN de una edicion publicada por,Nagel & Kimche
9783312007158,está escrito en,Alemán
9783423620895,es un codigo ISBN para el libro,"Felis, Felis"
9783423620895,es un codigo ISBN de una edicion publicada por,dtv
9783423620895,está escrito en,Alemán
3423620897,es un codigo ISBN para el libro,"Felis, Felis"
3423620897,es un codigo ISBN de una edicion publicada por,dtv
3423620897,está escrito en,Alemán
0525445838,es un codigo ISBN para el libro,"Felis, Felis"
0525445838,es un codigo ISBN de una edicion publicada por,Dutton Children's Books
0525445838,está escrito en,Inglés
9786009211623,es un codigo ISBN para el libro,"Felis, Felis"
9786009211623,es un codigo ISBN de una edicion publicada por,پژواک فرزان
9786009211623,está escrito en,per
600921162X,es un codigo ISBN para el libro,"Felis, Felis"
600921162X,es un codigo ISBN de una edicion publicada por,پژواک فرزان
600921162X,está escrito en,per
Hanna Johansen,es autor de la obra,"Felis, Felis"
"Felis, Felis",pertenece al género,"Cats, fiction"
"Felis, Felis",pertenece al género,"Cats, juvenile literature"
"Felis, Felis",pertenece al género,"Pets, juvenile literature"
Rudolf Gwalther,es de nacionalidad,Switzerland
Gerold Edlibach,es de nacionalidad,Switzerland
Martin Hürlimann,es de nacionalidad,Switzerland
0500240701,es un codigo ISBN para el libro,Wien
0500240701,es un codigo ISBN de una edicion publicada por,Thames & Hudson
0500240701,está escrito en,Inglés
0670746010,es un codigo ISBN para el libro,Wien
0670746010,es un codigo ISBN de una edicion publicada por,Viking Press
0670746010,está escrito en,Inglés
0500240701,está escrito en,Alemán
Martin Hürlimann,es autor de la obra,Wien
Wien,pertenece al género,Description
Wien,pertenece al género,Views
Wien,pertenece al género,Pictorial works
0670405728,es un codigo ISBN para el libro,Japan
0670405728,es un codigo ISBN de una edicion publicada por,Viking Press
0670405728,está escrito en,Inglés
0500240728,es un codigo ISBN para el libro,Japan
0500240728,es un codigo ISBN de una edicion publicada por,Thames & Hudson
0500240728,está escrito en,Inglés
Martin Hürlimann,es autor de la obra,Japan
Japan,pertenece al género,Pictorial works
Japan,pertenece al género,"Japan, description and travel"
9780670436903,es un codigo ISBN para el libro,London
9780670436903,es un codigo ISBN de una edicion publicada por,Studio
0670436909,es un codigo ISBN para el libro,London
0670436909,es un codigo ISBN de una edicion publicada por,Studio
Martin Hürlimann,es autor de la obra,London
9780686202479,es un codigo ISBN para el libro,India
9780686202479,es un codigo ISBN de una edicion publicada por,Intl Book Distributors
9780686202479,está escrito en,Inglés
0686202473,es un codigo ISBN para el libro,India
0686202473,es un codigo ISBN de una edicion publicada por,Intl Book Distributors
0686202473,está escrito en,Inglés
Martin Hürlimann,es autor de la obra,India
Alexander Baumgartner,es de nacionalidad,Switzerland
0524084351,es un codigo ISBN para el libro,Lessing's religiöser Entwicklungsgang
0524084351,es un codigo ISBN de una edicion publicada por,Herder
0524084351,está escrito en,Alemán
Alexander Baumgartner,es autor de la obra,Lessing's religiöser Entwicklungsgang
Lessing's religiöser Entwicklungsgang,pertenece al género,Religion
Lessing's religiöser Entwicklungsgang,pertenece al género,Religieuze opvattingen
Lessing's religiöser Entwicklungsgang,pertenece al género,Verdraagzaamheid
0524086303,es un codigo ISBN para el libro,Longfellow's Dichtungen
0524086303,es un codigo ISBN de una edicion publicada por,Herder
0524086303,está escrito en,Alemán
Alexander Baumgartner,es autor de la obra,Longfellow's Dichtungen
Longfellow's Dichtungen,pertenece al género,Intellectual life
Thomas Hürlimann,es de nacionalidad,Switzerland
8493406813,es un codigo ISBN para el libro,Fraulein Stark
8493406813,es un codigo ISBN de una edicion publicada por,Tropismos
8493406813,está escrito en,Español
9944396915,es un codigo ISBN para el libro,Fraulein Stark
9944396915,es un codigo ISBN de una edicion publicada por,Pan Yayincilik
9789944396912,es un codigo ISBN para el libro,Fraulein Stark
9789944396912,es un codigo ISBN de una edicion publicada por,Pan Yayincilik
3596155487,es un codigo ISBN para el libro,Fraulein Stark
3596155487,es un codigo ISBN de una edicion publicada por,Fischer Taschenbuch Verlag GmbH
9783596155484,es un codigo ISBN para el libro,Fraulein Stark
9783596155484,es un codigo ISBN de una edicion publicada por,Fischer Taschenbuch Verlag GmbH
Thomas Hürlimann,es autor de la obra,Fraulein Stark
3250601004,es un codigo ISBN para el libro,Vierzig Rosen
3250601004,es un codigo ISBN de una edicion publicada por,Ammann Verlag
3250601004,está escrito en,Alemán
9783250601005,es un codigo ISBN para el libro,Vierzig Rosen
9783250601005,es un codigo ISBN de una edicion publicada por,Ammann Verlag
9783250601005,está escrito en,Alemán
3596176875,es un codigo ISBN para el libro,Vierzig Rosen
3596176875,es un codigo ISBN de una edicion publicada por,Fischer Taschenbuch Verlag GmbH
3596176875,es un codigo ISBN de una edicion publicada por,Fischer Verlag
9783596176878,es un codigo ISBN para el libro,Vierzig Rosen
9783596176878,es un codigo ISBN de una edicion publicada por,Fischer Taschenbuch Verlag GmbH
9783596176878,es un codigo ISBN de una edicion publicada por,Fischer Verlag
3596511488,es un codigo ISBN para el libro,Vierzig Rosen
3596511488,es un codigo ISBN de una edicion publicada por,FISCHER Taschenbuch
9783596511488,es un codigo ISBN para el libro,Vierzig Rosen
9783596511488,es un codigo ISBN de una edicion publicada por,FISCHER Taschenbuch
Thomas Hürlimann,es autor de la obra,Vierzig Rosen
Vierzig Rosen,pertenece al género,Jews
Vierzig Rosen,pertenece al género,Fiction
Vierzig Rosen,pertenece al género,"Holocaust, Jewish (1939-1945)"
325010129X,es un codigo ISBN para el libro,Das Gartenhaus
325010129X,es un codigo ISBN de una edicion publicada por,Ammann
325010129X,está escrito en,Alemán
3250600504,es un codigo ISBN para el libro,Das Gartenhaus
3250600504,es un codigo ISBN de una edicion publicada por,Ammann
3250600504,está escrito en,Alemán
Thomas Hürlimann,es autor de la obra,Das Gartenhaus
3596142776,es un codigo ISBN para el libro,Das Lied der Heimat
3596142776,es un codigo ISBN de una edicion publicada por,"Fischer (Tb.), Frankfurt"
3596142776,está escrito en,Alemán
9783596142774,es un codigo ISBN para el libro,Das Lied der Heimat
9783596142774,es un codigo ISBN de una edicion publicada por,"Fischer (Tb.), Frankfurt"
9783596142774,está escrito en,Alemán
Thomas Hürlimann,es autor de la obra,Das Lied der Heimat
9783596033799,es un codigo ISBN para el libro,Die Tessinerin
9783596033799,es un codigo ISBN de una edicion publicada por,FISCHER Taschenbuch
3596033799,es un codigo ISBN para el libro,Die Tessinerin
3596033799,es un codigo ISBN de una edicion publicada por,FISCHER Taschenbuch
3518374850,es un codigo ISBN para el libro,Die Tessinerin
3518374850,es un codigo ISBN de una edicion publicada por,Suhrkamp
3518374850,está escrito en,Alemán
9783518374856,es un codigo ISBN para el libro,Die Tessinerin
9783518374856,es un codigo ISBN de una edicion publicada por,Suhrkamp
9783518374856,está escrito en,Alemán
Thomas Hürlimann,es autor de la obra,Die Tessinerin
3250104353,es un codigo ISBN para el libro,Das Holztheater. Geschichten und Gedanken am Rand
3250104353,es un codigo ISBN de una edicion publicada por,"Ammann Vlg., Zürich"
9783250104353,es un codigo ISBN para el libro,Das Holztheater. Geschichten und Gedanken am Rand
9783250104353,es un codigo ISBN de una edicion publicada por,"Ammann Vlg., Zürich"
9783250600015,es un codigo ISBN para el libro,Das Holztheater. Geschichten und Gedanken am Rand
9783250600015,es un codigo ISBN de una edicion publicada por,Ammann
3250600016,es un codigo ISBN para el libro,Das Holztheater. Geschichten und Gedanken am Rand
3250600016,es un codigo ISBN de una edicion publicada por,Ammann
Thomas Hürlimann,es autor de la obra,Das Holztheater. Geschichten und Gedanken am Rand
3250102865,es un codigo ISBN para el libro,Der Franzos im Ybrig
3250102865,es un codigo ISBN de una edicion publicada por,Ammann
3250102865,está escrito en,Alemán
Thomas Hürlimann,es autor de la obra,Der Franzos im Ybrig
3250010340,es un codigo ISBN para el libro,Der letzte Gast
3250010340,es un codigo ISBN de una edicion publicada por,Ammann Verlag
3250010340,está escrito en,Alemán
Thomas Hürlimann,es autor de la obra,Der letzte Gast
3250010634,es un codigo ISBN para el libro,Der Gesandte
3250010634,es un codigo ISBN de una edicion publicada por,Ammann
3250010634,está escrito en,Alemán
Thomas Hürlimann,es autor de la obra,Der Gesandte
3596118794,es un codigo ISBN para el libro,Die Satellitenstadt
3596118794,es un codigo ISBN de una edicion publicada por,Fischer Taschenbuch Verlag
3596118794,está escrito en,Alemán
9783596118793,es un codigo ISBN para el libro,Die Satellitenstadt
9783596118793,es un codigo ISBN de una edicion publicada por,Fischer Taschenbuch Verlag
9783596118793,está escrito en,Alemán
Thomas Hürlimann,es autor de la obra,Die Satellitenstadt
9783250103523,es un codigo ISBN para el libro,Carleton
9783250103523,es un codigo ISBN de una edicion publicada por,Ammann
9783250103523,está escrito en,Alemán
3250103527,es un codigo ISBN para el libro,Carleton
3250103527,es un codigo ISBN de una edicion publicada por,Ammann
3250103527,está escrito en,Alemán
Thomas Hürlimann,es autor de la obra,Carleton
9780880641449,es un codigo ISBN para el libro,Couple
9780880641449,es un codigo ISBN de una edicion publicada por,National Book Network Nbn
0880641444,es un codigo ISBN para el libro,Couple
0880641444,es un codigo ISBN de una edicion publicada por,National Book Network Nbn
Thomas Hürlimann,es autor de la obra,Couple
Couple,pertenece al género,New York Times reviewed
3596146887,es un codigo ISBN para el libro,Das Gartenhaus. Großdruck. Novelle
3596146887,es un codigo ISBN de una edicion publicada por,"Fischer (Tb.), Frankfurt"
9783596146888,es un codigo ISBN para el libro,Das Gartenhaus. Großdruck. Novelle
9783596146888,es un codigo ISBN de una edicion publicada por,"Fischer (Tb.), Frankfurt"
Thomas Hürlimann,es autor de la obra,Das Gartenhaus. Großdruck. Novelle
3250600504,es un codigo ISBN para el libro,Das Gartenhaus. Novelle
3250600504,es un codigo ISBN de una edicion publicada por,Ammann Verlag
9783250600503,es un codigo ISBN para el libro,Das Gartenhaus. Novelle
9783250600503,es un codigo ISBN de una edicion publicada por,Ammann Verlag
9783250600503,está escrito en,Alemán
Thomas Hürlimann,es autor de la obra,Das Gartenhaus. Novelle
3596146593,es un codigo ISBN para el libro,Der große Kater
3596146593,es un codigo ISBN de una edicion publicada por,"Fischer (Tb.), Frankfurt"
3596146593,está escrito en,Alemán
9783596146598,es un codigo ISBN para el libro,Der große Kater
9783596146598,es un codigo ISBN de una edicion publicada por,"Fischer (Tb.), Frankfurt"
9783596146598,está escrito en,Alemán
Thomas Hürlimann,es autor de la obra,Der große Kater
9783250102984,es un codigo ISBN para el libro,Die Tessinerin. Eine Erzählung
9783250102984,es un codigo ISBN de una edicion publicada por,Ammann
9783250102984,está escrito en,Alemán
3250102989,es un codigo ISBN para el libro,Die Tessinerin. Eine Erzählung
3250102989,es un codigo ISBN de una edicion publicada por,Ammann
3250102989,está escrito en,Alemán
Thomas Hürlimann,es autor de la obra,Die Tessinerin. Eine Erzählung
3250111015,es un codigo ISBN para el libro,Fräulein Stark. 5 CDs mit Booklet
3250111015,es un codigo ISBN de una edicion publicada por,Ammann
3250111015,está escrito en,Alemán
9783250111016,es un codigo ISBN para el libro,Fräulein Stark. 5 CDs mit Booklet
9783250111016,es un codigo ISBN de una edicion publicada por,Ammann
9783250111016,está escrito en,Alemán
Thomas Hürlimann,es autor de la obra,Fräulein Stark. 5 CDs mit Booklet
3250300101,es un codigo ISBN para el libro,"Himmelsöhi, hilf. Über die Schweiz und andere Nester"
3250300101,es un codigo ISBN de una edicion publicada por,Ammann
9783250300106,es un codigo ISBN para el libro,"Himmelsöhi, hilf. Über die Schweiz und andere Nester"
9783250300106,es un codigo ISBN de una edicion publicada por,Ammann
Thomas Hürlimann,es autor de la obra,"Himmelsöhi, hilf. Über die Schweiz und andere Nester"
3250010014,es un codigo ISBN para el libro,Grossvater und Halbbruder
3250010014,es un codigo ISBN de una edicion publicada por,Ammann
3250010014,está escrito en,Alemán
Thomas Hürlimann,es autor de la obra,Grossvater und Halbbruder
9783250601258,es un codigo ISBN para el libro,Der Sprung in den Papierkorb
9783250601258,es un codigo ISBN de una edicion publicada por,Ammann
9783250601258,es un codigo ISBN de una edicion publicada por,Ammann Verlag
9783250601258,está escrito en,Alemán
325060125X,es un codigo ISBN para el libro,Der Sprung in den Papierkorb
325060125X,es un codigo ISBN de una edicion publicada por,Ammann
325060125X,es un codigo ISBN de una edicion publicada por,Ammann Verlag
325060125X,está escrito en,Alemán
Thomas Hürlimann,es autor de la obra,Der Sprung in den Papierkorb
9789654079716,es un codigo ISBN para el libro,ha-ʻAlmah Shṭarḳ
9789654079716,está escrito en,heb
Thomas Hürlimann,es autor de la obra,ha-ʻAlmah Shṭarḳ
3909060366,es un codigo ISBN para el libro,De Casanova im Chloster
3909060366,es un codigo ISBN de una edicion publicada por,Kulturverein Chärnehus Einsiedeln
3909060366,está escrito en,Alemán
9783909060362,es un codigo ISBN para el libro,De Casanova im Chloster
9783909060362,es un codigo ISBN de una edicion publicada por,Kulturverein Chärnehus Einsiedeln
9783909060362,está escrito en,Alemán
9783909060368,es un codigo ISBN para el libro,De Casanova im Chloster
9783909060368,es un codigo ISBN de una edicion publicada por,Kulturverein Chärnehus Einsiedeln
9783909060368,está escrito en,Alemán
Thomas Hürlimann,es autor de la obra,De Casanova im Chloster
De Casanova im Chloster,pertenece al género,Drama
De Casanova im Chloster,pertenece al género,Dramatic production
De Casanova im Chloster,pertenece al género,Theater
9783250108016,es un codigo ISBN para el libro,Dämmerschoppen
9783250108016,es un codigo ISBN de una edicion publicada por,Ammann
9783250108016,está escrito en,Alemán
3250108014,es un codigo ISBN para el libro,Dämmerschoppen
3250108014,es un codigo ISBN de una edicion publicada por,Ammann
3250108014,está escrito en,Alemán
Thomas Hürlimann,es autor de la obra,Dämmerschoppen
9789654079702,es un codigo ISBN para el libro,Bet ha-gan
9789654079702,es un codigo ISBN de una edicion publicada por,Karmel
9789654079702,está escrito en,heb
Thomas Hürlimann,es autor de la obra,Bet ha-gan
9783103970401,es un codigo ISBN para el libro,Abendspaziergang mit dem Kater
9783103970401,es un codigo ISBN de una edicion publicada por,S. Fischer
9783103970401,está escrito en,Alemán
3103970404,es un codigo ISBN para el libro,Abendspaziergang mit dem Kater
3103970404,es un codigo ISBN de una edicion publicada por,S. Fischer
3103970404,está escrito en,Alemán
Thomas Hürlimann,es autor de la obra,Abendspaziergang mit dem Kater
Abendspaziergang mit dem Kater,pertenece al género,Philosophy
9783103970715,es un codigo ISBN para el libro,Der Rote Diamant
9783103970715,es un codigo ISBN de una edicion publicada por,S. Fischer
9783103970715,está escrito en,Alemán
3103970714,es un codigo ISBN para el libro,Der Rote Diamant
3103970714,es un codigo ISBN de una edicion publicada por,S. Fischer
3103970714,está escrito en,Alemán
Thomas Hürlimann,es autor de la obra,Der Rote Diamant
Der Rote Diamant,pertenece al género,Boarding schools
Der Rote Diamant,pertenece al género,Fiction
Der Rote Diamant,pertenece al género,Diamonds
3909060226,es un codigo ISBN para el libro,Lymbacher
3909060226,es un codigo ISBN de una edicion publicada por,Kulturverein Chärnehus
3909060226,está escrito en,Alemán
Thomas Hürlimann,es autor de la obra,Lymbacher
Markus Hediger,es de nacionalidad,Switzerland
3545364976,es un codigo ISBN para el libro,Passagen
3545364976,es un codigo ISBN de una edicion publicada por,Benziger
3545364976,es un codigo ISBN de una edicion publicada por,Ex Libris
3545364976,está escrito en,Alemán
9783545364974,es un codigo ISBN para el libro,Passagen
9783545364974,es un codigo ISBN de una edicion publicada por,Benziger
9783545364974,es un codigo ISBN de una edicion publicada por,Ex Libris
9783545364974,está escrito en,Alemán
Markus Hediger,es autor de la obra,Passagen
Passagen,pertenece al género,Erzählung
Passagen,pertenece al género,Anthologie
Passagen,pertenece al género,Französische Literatur
9783905910476,es un codigo ISBN para el libro,"Va-t'en, oublie"
9783905910476,es un codigo ISBN de una edicion publicada por,Wolfbach
9783905910476,está escrito en,Francés
9783905910476,está escrito en,Alemán
Markus Hediger,es autor de la obra,"Va-t'en, oublie"
"Va-t'en, oublie",pertenece al género,Correspondence
2881084370,es un codigo ISBN para el libro,Ne retournez pas la pierre
2881084370,es un codigo ISBN de una edicion publicada por,Editions de l'Aire
2881084370,está escrito en,Francés
Markus Hediger,es autor de la obra,Ne retournez pas la pierre
331200165X,es un codigo ISBN para el libro,Werkausgabe
331200165X,es un codigo ISBN de una edicion publicada por,Nagel & Kimche
331200165X,está escrito en,Alemán
9783312001651,es un codigo ISBN para el libro,Werkausgabe
9783312001651,es un codigo ISBN de una edicion publicada por,Nagel & Kimche
9783312001651,está escrito en,Alemán
3312001633,es un codigo ISBN para el libro,Werkausgabe
3312001706,es un codigo ISBN para el libro,Werkausgabe
3312001706,está escrito en,Alemán
3312001684,es un codigo ISBN para el libro,Werkausgabe
3312001714,es un codigo ISBN para el libro,Werkausgabe
3312001668,es un codigo ISBN para el libro,Werkausgabe
3312001668,es un codigo ISBN de una edicion publicada por,Nagel & Kimche
3312001668,está escrito en,Alemán
3312001676,es un codigo ISBN para el libro,Werkausgabe
3312001676,es un codigo ISBN de una edicion publicada por,Nagel & Kimche
3312001676,está escrito en,Alemán
3312001692,es un codigo ISBN para el libro,Werkausgabe
9783312001637,es un codigo ISBN para el libro,Werkausgabe
Markus Hediger,es autor de la obra,Werkausgabe
9783515103428,es un codigo ISBN para el libro,Die Unvollendete Sakularisierung
9783515103428,es un codigo ISBN de una edicion publicada por,"Steiner Verlag, Franz"
9783515103428,está escrito en,Alemán
Markus Hediger,es autor de la obra,Die Unvollendete Sakularisierung
9783515103886,es un codigo ISBN para el libro,Die Unvollendete Säkularisierung
9783515103886,es un codigo ISBN de una edicion publicada por,"Steiner Verlag, Franz"
9783515103886,está escrito en,gem
Markus Hediger,es autor de la obra,Die Unvollendete Säkularisierung
Daniel de Roulet,es de nacionalidad,Switzerland
9782283032442,es un codigo ISBN para el libro,Dix petites anarchistes
9782283032442,es un codigo ISBN de una edicion publicada por,Buchet Chastel
Daniel de Roulet,es autor de la obra,Dix petites anarchistes
9783039260867,es un codigo ISBN para el libro,Un dimanche à la montagne
9783039260867,es un codigo ISBN de una edicion publicada por,Limmat
9783039260867,está escrito en,Alemán
2283021804,es un codigo ISBN para el libro,Un dimanche à la montagne
2283021804,es un codigo ISBN de una edicion publicada por,Buchet-Chastel
2283021804,está escrito en,Francés
Daniel de Roulet,es autor de la obra,Un dimanche à la montagne
2883820708,es un codigo ISBN para el libro,Double
2883820708,es un codigo ISBN de una edicion publicada por,Canevas
2883820708,está escrito en,Francés
9782883820708,es un codigo ISBN para el libro,Double
9782883820708,es un codigo ISBN de una edicion publicada por,Canevas
9782883820708,está escrito en,Francés
Daniel de Roulet,es autor de la obra,Double
9782283024126,es un codigo ISBN para el libro,Le silence des abeilles
9782283024126,es un codigo ISBN de una edicion publicada por,Buchet-Chastel
9782283024126,está escrito en,Francés
Daniel de Roulet,es autor de la obra,Le silence des abeilles
2020300052,es un codigo ISBN para el libro,Bleu siècle
2020300052,es un codigo ISBN de una edicion publicada por,Seuil
2020300052,está escrito en,Francés
Daniel de Roulet,es autor de la obra,Bleu siècle
9781570270987,es un codigo ISBN para el libro,The Blue Line
9781570270987,es un codigo ISBN de una edicion publicada por,Autonomedia
9781570270987,está escrito en,Inglés
1570270988,es un codigo ISBN para el libro,The Blue Line
1570270988,es un codigo ISBN de una edicion publicada por,Autonomedia
1570270988,está escrito en,Inglés
Daniel de Roulet,es autor de la obra,The Blue Line
The Blue Line,pertenece al género,Fiction
The Blue Line,pertenece al género,New York City Marathon
2883401543,es un codigo ISBN para el libro,Chronique américaine
2883401543,es un codigo ISBN de una edicion publicada por,Fata Morgana
2883401543,es un codigo ISBN de una edicion publicada por,Metropolis
2883401543,está escrito en,Francés
Daniel de Roulet,es autor de la obra,Chronique américaine
9781587431203,es un codigo ISBN para el libro,Finding Your Plot in a Plotless World
9781587431203,es un codigo ISBN de una edicion publicada por,Brazos Press
9781587431203,está escrito en,Inglés
1587431203,es un codigo ISBN para el libro,Finding Your Plot in a Plotless World
1587431203,es un codigo ISBN de una edicion publicada por,Brazos Press
1587431203,está escrito en,Inglés
Daniel de Roulet,es autor de la obra,Finding Your Plot in a Plotless World
Finding Your Plot in a Plotless World,pertenece al género,Christian life
Finding Your Plot in a Plotless World,pertenece al género,Spiritual direction
2020367688,es un codigo ISBN para el libro,Gris-bleu
2020367688,es un codigo ISBN de una edicion publicada por,Seuil
2020367688,está escrito en,Francés
Daniel de Roulet,es autor de la obra,Gris-bleu
9782283022962,es un codigo ISBN para el libro,Kamikaze Mozart
9782283022962,es un codigo ISBN de una edicion publicada por,BUCHET CHASTEL
9782283022962,es un codigo ISBN de una edicion publicada por,Buchet-Chastel
9782283022962,está escrito en,Francés
Daniel de Roulet,es autor de la obra,Kamikaze Mozart
2020231891,es un codigo ISBN para el libro,La ligne bleue
2020231891,es un codigo ISBN de una edicion publicada por,Seuil
2020231891,está escrito en,Francés
Daniel de Roulet,es autor de la obra,La ligne bleue
2883820155,es un codigo ISBN para el libro,"A nous deux, Ferdinand"
2883820155,es un codigo ISBN de una edicion publicada por,Canevas
2883820155,está escrito en,Francés
Daniel de Roulet,es autor de la obra,"A nous deux, Ferdinand"
2883820368,es un codigo ISBN para el libro,Virtuellement vôtre!
2883820368,es un codigo ISBN de una edicion publicada por,Canevas éditeur
2883820368,está escrito en,Francés
Daniel de Roulet,es autor de la obra,Virtuellement vôtre!
2830911342,es un codigo ISBN para el libro,L'envol du marcheur
2830911342,es un codigo ISBN de una edicion publicada por,Labor et Fides
2830911342,está escrito en,Francés
Daniel de Roulet,es autor de la obra,L'envol du marcheur
L'envol du marcheur,pertenece al género,Travel
L'envol du marcheur,pertenece al género,Northern France
L'envol du marcheur,pertenece al género,Description and travel
2883820546,es un codigo ISBN para el libro,"La vie, il y a des enfants pour ça"
2883820546,es un codigo ISBN de una edicion publicada por,Canevas Editeur
2883820546,está escrito en,Francés
Daniel de Roulet,es autor de la obra,"La vie, il y a des enfants pour ça"
9782752909787,es un codigo ISBN para el libro,Tous les lointains sont bleus
9782752909787,es un codigo ISBN de una edicion publicada por,Phébus
9782752909787,está escrito en,Francés
Daniel de Roulet,es autor de la obra,Tous les lointains sont bleus
Tous les lointains sont bleus,pertenece al género,Travel
Tous les lointains sont bleus,pertenece al género,Voyages around the world
9782283027646,es un codigo ISBN para el libro,Le démantèlement du cœur
9782283027646,es un codigo ISBN de una edicion publicada por,Buchet-Chastel
9782283027646,está escrito en,Francés
Daniel de Roulet,es autor de la obra,Le démantèlement du cœur
9782752909442,es un codigo ISBN para el libro,Légèrement seul
9782752909442,es un codigo ISBN de una edicion publicada por,Phébus
9782752909442,está escrito en,Francés
2752909446,es un codigo ISBN para el libro,Légèrement seul
2752909446,es un codigo ISBN de una edicion publicada por,Phébus
2752909446,está escrito en,Francés
Daniel de Roulet,es autor de la obra,Légèrement seul
Légèrement seul,pertenece al género,Travel
Légèrement seul,pertenece al género,Description and travel
2883401543,es un codigo ISBN para el libro,Chronique americaine
2883401543,es un codigo ISBN de una edicion publicada por,Les Editions Metropolis
Daniel de Roulet,es autor de la obra,Chronique americaine
Chronique americaine,pertenece al género,French literature
Chronique americaine,pertenece al género,OUR Brockhaus selection
2883401845,es un codigo ISBN para el libro,Un glacier dans le coeur
2883401845,es un codigo ISBN de una edicion publicada por,Metropolis
2883401845,está escrito en,Francés
9782883401846,es un codigo ISBN para el libro,Un glacier dans le coeur
9782883401846,es un codigo ISBN de una edicion publicada por,Metropolis
9782883401846,está escrito en,Francés
Daniel de Roulet,es autor de la obra,Un glacier dans le coeur
Un glacier dans le coeur,pertenece al género,Artists
Un glacier dans le coeur,pertenece al género,Swiss Authors
Un glacier dans le coeur,pertenece al género,Intellectual life
2940518416,es un codigo ISBN para el libro,TERMINAL TERRESTRE
2940518416,es un codigo ISBN de una edicion publicada por,D AUTRE PART
9782940518418,es un codigo ISBN para el libro,TERMINAL TERRESTRE
9782940518418,es un codigo ISBN de una edicion publicada por,D AUTRE PART
Daniel de Roulet,es autor de la obra,TERMINAL TERRESTRE
9788475847665,es un codigo ISBN para el libro,Fukushima mon amour
9788475847665,es un codigo ISBN de una edicion publicada por,Laertes
8475847668,es un codigo ISBN para el libro,Fukushima mon amour
8475847668,es un codigo ISBN de una edicion publicada por,Laertes
Daniel de Roulet,es autor de la obra,Fukushima mon amour
9781585585106,es un codigo ISBN para el libro,Finding Your Plot in a Plotless World
9781585585106,es un codigo ISBN de una edicion publicada por,Baker Publishing Group
9781585585106,está escrito en,Inglés
9781516591909,es un codigo ISBN para el libro,College Composition
9781516591909,es un codigo ISBN de una edicion publicada por,"Cognella, Inc."
9781516591909,está escrito en,Inglés
Daniel de Roulet,es autor de la obra,College Composition
College Composition,pertenece al género,Language arts
9782283021293,es un codigo ISBN para el libro,L'homme qui tombe
9782283021293,es un codigo ISBN de una edicion publicada por,Buchet Chastel
9782283021293,está escrito en,Francés
2283021294,es un codigo ISBN para el libro,L'homme qui tombe
2283021294,es un codigo ISBN de una edicion publicada por,Buchet Chastel
2283021294,está escrito en,Francés
Daniel de Roulet,es autor de la obra,L'homme qui tombe
9782940431137,es un codigo ISBN para el libro,Ecrire la mondialité
9782940431137,es un codigo ISBN de una edicion publicada por,Baconnière
9782940431137,está escrito en,Francés
2940431132,es un codigo ISBN para el libro,Ecrire la mondialité
2940431132,es un codigo ISBN de una edicion publicada por,Baconnière
2940431132,está escrito en,Francés
Daniel de Roulet,es autor de la obra,Ecrire la mondialité
Ecrire la mondialité,pertenece al género,Literature and globalization
Ecrire la mondialité,pertenece al género,Authorship
2283025281,es un codigo ISBN para el libro,Tu n'as rien vu à Fukushima
2283025281,es un codigo ISBN de una edicion publicada por,Buchet-Chastel
2283025281,está escrito en,Francés
9782283025284,es un codigo ISBN para el libro,Tu n'as rien vu à Fukushima
9782283025284,es un codigo ISBN de una edicion publicada por,Buchet-Chastel
9782283025284,está escrito en,Francés
Daniel de Roulet,es autor de la obra,Tu n'as rien vu à Fukushima
9782889275564,es un codigo ISBN para el libro,Quand vos nuits se morcellent
9782889275564,es un codigo ISBN de una edicion publicada por,Zoé
9782889275564,está escrito en,Francés
2889275566,es un codigo ISBN para el libro,Quand vos nuits se morcellent
2889275566,es un codigo ISBN de una edicion publicada por,Zoé
2889275566,está escrito en,Francés
Daniel de Roulet,es autor de la obra,Quand vos nuits se morcellent
9783857916380,es un codigo ISBN para el libro,Sturz ins Blaue
9783857916380,es un codigo ISBN de una edicion publicada por,Limmat Verlag
3857916389,es un codigo ISBN para el libro,Sturz ins Blaue
3857916389,es un codigo ISBN de una edicion publicada por,Limmat Verlag
Daniel de Roulet,es autor de la obra,Sturz ins Blaue
Etienne Barilier,es de nacionalidad,Switzerland
2260004822,es un codigo ISBN para el libro,Le dixième ciel
2260004822,es un codigo ISBN de una edicion publicada por,Julliard/L'Age d'homme
2260004822,está escrito en,Francés
2881824234,es un codigo ISBN para el libro,Le dixième ciel
2881824234,es un codigo ISBN de una edicion publicada por,Zoé
9782881824234,es un codigo ISBN para el libro,Le dixième ciel
9782881824234,es un codigo ISBN de una edicion publicada por,Zoé
Etienne Barilier,es autor de la obra,Le dixième ciel
Le dixième ciel,pertenece al género,Fiction
2260002307,es un codigo ISBN para el libro,Le rapt
2260002307,es un codigo ISBN de una edicion publicada por,Julliard
2260002307,es un codigo ISBN de una edicion publicada por,L'Age d'homme
2260002307,está escrito en,Francés
9782260002307,es un codigo ISBN para el libro,Le rapt
9782260002307,es un codigo ISBN de una edicion publicada por,L'Age d'Homme
9782260002307,está escrito en,Francés
Etienne Barilier,es autor de la obra,Le rapt
2881824307,es un codigo ISBN para el libro,L'énigme
2881824307,es un codigo ISBN de una edicion publicada por,Zoé
2881824307,está escrito en,Francés
9782881824302,es un codigo ISBN para el libro,L'énigme
9782881824302,es un codigo ISBN de una edicion publicada por,Zoé
9782881824302,está escrito en,Francés
9782881824883,es un codigo ISBN para el libro,L'énigme
9782881824883,es un codigo ISBN de una edicion publicada por,Zoé
9782881824883,está escrito en,Francés
2881824889,es un codigo ISBN para el libro,L'énigme
2881824889,es un codigo ISBN de una edicion publicada por,Zoé
2881824889,está escrito en,Francés
Etienne Barilier,es autor de la obra,L'énigme
L'énigme,pertenece al género,Belletristische Darstellung
L'énigme,pertenece al género,Auferstehung
2825104116,es un codigo ISBN para el libro,Le chien Tristan
2825104116,es un codigo ISBN de una edicion publicada por,Editions L'Age d'Homme
2825104116,está escrito en,Francés
Etienne Barilier,es autor de la obra,Le chien Tristan
2877060055,es un codigo ISBN para el libro,Musique
2877060055,es un codigo ISBN de una edicion publicada por,L'Age d'Homme
2877060055,está escrito en,Francés
9782877060059,es un codigo ISBN para el libro,Musique
9782877060059,es un codigo ISBN de una edicion publicada por,L'Age d'Homme
9782877060059,está escrito en,Francés
2877060055,es un codigo ISBN de una edicion publicada por,Editions de Fallois
Etienne Barilier,es autor de la obra,Musique
2020090465,es un codigo ISBN para el libro,La créature
2020090465,es un codigo ISBN de una edicion publicada por,Seuil
2020090465,está escrito en,Francés
Etienne Barilier,es autor de la obra,La créature
3545363171,es un codigo ISBN para el libro,Nachtgespräche
3545363171,es un codigo ISBN de una edicion publicada por,Benziger
3545363171,es un codigo ISBN de una edicion publicada por,Ex Libris
3545363171,está escrito en,Alemán
Etienne Barilier,es autor de la obra,Nachtgespräche
288182286X,es un codigo ISBN para el libro,B-A-C-H
288182286X,es un codigo ISBN de una edicion publicada por,Zoé
288182286X,está escrito en,Francés
Etienne Barilier,es autor de la obra,B-A-C-H
B-A-C-H,pertenece al género,Bach (Name) in music
B-A-C-H,pertenece al género,Influence
2881822290,es un codigo ISBN para el libro,Contre le nouvel obscurantisme
2881822290,es un codigo ISBN de una edicion publicada por,Editions Zoé
2881822290,es un codigo ISBN de una edicion publicada por,L'Hebdo
2881822290,está escrito en,Francés
Etienne Barilier,es autor de la obra,Contre le nouvel obscurantisme
Contre le nouvel obscurantisme,pertenece al género,Civilization
Contre le nouvel obscurantisme,pertenece al género,History
Contre le nouvel obscurantisme,pertenece al género,Philosophy
9783518120996,es un codigo ISBN para el libro,Gegen den neuen Obskurantismus. Lob des Fortschritts
9783518120996,es un codigo ISBN de una edicion publicada por,Suhrkamp
9783518120996,está escrito en,Alemán
3518120999,es un codigo ISBN para el libro,Gegen den neuen Obskurantismus. Lob des Fortschritts
3518120999,es un codigo ISBN de una edicion publicada por,Suhrkamp
3518120999,está escrito en,Alemán
Etienne Barilier,es autor de la obra,Gegen den neuen Obskurantismus. Lob des Fortschritts
2260003834,es un codigo ISBN para el libro,La créature
2260003834,es un codigo ISBN de una edicion publicada por,Julliard
2260003834,es un codigo ISBN de una edicion publicada por,L'Age d'homme
2260003834,está escrito en,Francés
Etienne Barilier,es autor de la obra,La créature
2260003834,es un codigo ISBN para el libro,La creature
9782260003830,es un codigo ISBN para el libro,La creature
9782260003830,es un codigo ISBN de una edicion publicada por,L'Age d'homme
9782260003830,está escrito en,Francés
Etienne Barilier,es autor de la obra,La creature
2825101613,es un codigo ISBN para el libro,La ressemblance humaine
2825101613,es un codigo ISBN de una edicion publicada por,L'Age d'homme
2825101613,está escrito en,Francés
Etienne Barilier,es autor de la obra,La ressemblance humaine
La ressemblance humaine,pertenece al género,Humanism
La ressemblance humaine,pertenece al género,Humanisme
2883570078,es un codigo ISBN para el libro,Les belles fidèles
2883570078,es un codigo ISBN de una edicion publicada por,"Centre de traduction littéraire, Université de Lausanne"
2883570078,está escrito en,Francés
Etienne Barilier,es autor de la obra,Les belles fidèles
Les belles fidèles,pertenece al género,Translating and interpreting
2881823130,es un codigo ISBN para el libro,Les enfants-loups
2881823130,es un codigo ISBN de una edicion publicada por,Zoé
2881823130,está escrito en,Francés
Etienne Barilier,es autor de la obra,Les enfants-loups
2260005071,es un codigo ISBN para el libro,Les petits camarades
2260005071,es un codigo ISBN de una edicion publicada por,Julliard/L'Age d'homme
2260005071,está escrito en,Francés
Etienne Barilier,es autor de la obra,Les petits camarades
2877060357,es un codigo ISBN para el libro,Les trois anneaux
2877060357,es un codigo ISBN de una edicion publicada por,Editions de Fallois/Age d'homme
2877060357,está escrito en,Francés
Etienne Barilier,es autor de la obra,Les trois anneaux
Les trois anneaux,pertenece al género,Criticism
Les trois anneaux,pertenece al género,French literature
Les trois anneaux,pertenece al género,History
Paul Sutermeister,es de nacionalidad,Switzerland
9783226001884,es un codigo ISBN para el libro,Der Dorfkaiser
9783226001884,es un codigo ISBN de una edicion publicada por,EOD Network
9783226001884,está escrito en,Alemán
3226001884,es un codigo ISBN para el libro,Der Dorfkaiser
3226001884,es un codigo ISBN de una edicion publicada por,EOD Network
3226001884,está escrito en,Alemán
Paul Sutermeister,es autor de la obra,Der Dorfkaiser
3226008722,es un codigo ISBN para el libro,Meta Heusser-Schweizer
3226008722,es un codigo ISBN de una edicion publicada por,EOD Network
3226008722,está escrito en,Alemán
9783226008722,es un codigo ISBN para el libro,Meta Heusser-Schweizer
9783226008722,es un codigo ISBN de una edicion publicada por,EOD Network
9783226008722,está escrito en,Alemán
Paul Sutermeister,es autor de la obra,Meta Heusser-Schweizer
9783226009385,es un codigo ISBN para el libro,Burenfrauen
9783226009385,es un codigo ISBN de una edicion publicada por,EOD Network
9783226009385,está escrito en,Alemán
3226009389,es un codigo ISBN para el libro,Burenfrauen
3226009389,es un codigo ISBN de una edicion publicada por,EOD Network
3226009389,está escrito en,Alemán
Paul Sutermeister,es autor de la obra,Burenfrauen
Burenfrauen,pertenece al género,Drama
9783640937264,es un codigo ISBN para el libro,Darwin Contra o Determinismo Geográfico - a América Latina Em 'a Cultura Importa'
9783640937264,es un codigo ISBN de una edicion publicada por,GRIN Verlag GmbH
9783640937264,está escrito en,Inglés
Paul Sutermeister,es autor de la obra,Darwin Contra o Determinismo Geográfico - a América Latina Em 'a Cultura Importa'
9783640121328,es un codigo ISBN para el libro,"Hayden White, History As Narrative"
9783640121328,es un codigo ISBN de una edicion publicada por,GRIN Verlag GmbH
9783640121328,está escrito en,Inglés
Paul Sutermeister,es autor de la obra,"Hayden White, History As Narrative"
9783035194616,es un codigo ISBN para el libro,Noi - Nous - Nosotros
9783035194616,es un codigo ISBN de una edicion publicada por,"Lang AG International Academic Publishers, Peter"
9783035194616,está escrito en,Francés
9783035194623,es un codigo ISBN para el libro,Noi - Nous - Nosotros
9783035194623,es un codigo ISBN de una edicion publicada por,"Lang AG International Academic Publishers, Peter"
9783035194623,está escrito en,Francés
9783035108019,es un codigo ISBN para el libro,Noi - Nous - Nosotros
9783035108019,es un codigo ISBN de una edicion publicada por,"Lang AG International Academic Publishers, Peter"
9783035108019,está escrito en,Francés
9783034315999,es un codigo ISBN para el libro,Noi - Nous - Nosotros
9783034315999,es un codigo ISBN de una edicion publicada por,"Lang AG International Academic Publishers, Peter"
9783034315999,está escrito en,Francés
Paul Sutermeister,es autor de la obra,Noi - Nous - Nosotros
Noi - Nous - Nosotros,pertenece al género,Romance philology
Gerold Spa?th,es de nacionalidad,Switzerland
Eugen Gomringer,es de nacionalidad,Switzerland
3780800705,es un codigo ISBN para el libro,Josef Albers
3780800705,es un codigo ISBN de una edicion publicada por,J. Keller
3780800705,está escrito en,Alemán
Eugen Gomringer,es autor de la obra,Josef Albers
3150093503,es un codigo ISBN para el libro,Konkrete Poesie
3150093503,es un codigo ISBN de una edicion publicada por,Reclam
3150093503,está escrito en,Alemán
9783150093504,es un codigo ISBN para el libro,Konkrete Poesie
9783150093504,es un codigo ISBN de una edicion publicada por,Philipp Reclam jun. Verlag GmbH
9783150093504,está escrito en,Alemán
3150093503,es un codigo ISBN de una edicion publicada por,Philipp Reclam jun. Verlag GmbH
Eugen Gomringer,es autor de la obra,Konkrete Poesie
3905545837,es un codigo ISBN para el libro,Zur Sache der Konkreten
3905545837,es un codigo ISBN de una edicion publicada por,Erker
3905545837,está escrito en,Alemán
3901190309,es un codigo ISBN para el libro,Zur Sache der Konkreten
3901190309,es un codigo ISBN de una edicion publicada por,Edition Splitter
3901190309,está escrito en,Alemán
Eugen Gomringer,es autor de la obra,Zur Sache der Konkreten
Zur Sache der Konkreten,pertenece al género,"Arts, Modern"
Zur Sache der Konkreten,pertenece al género,Concrete art
Zur Sache der Konkreten,pertenece al género,Concrete poetry
3908141354,es un codigo ISBN para el libro,Kommandiert die Poesie: biographische Berichte
3908141354,es un codigo ISBN de una edicion publicada por,Edition Signathur Bruno Oetterli Verlag
3908141354,está escrito en,Alemán
Eugen Gomringer,es autor de la obra,Kommandiert die Poesie: biographische Berichte
Kommandiert die Poesie: biographische Berichte,pertenece al género,German literature
Kommandiert die Poesie: biographische Berichte,pertenece al género,OUR Brockhaus selection
3150098416,es un codigo ISBN para el libro,"Konstellationen, Ideogramme, Stundenbuch"
3150098416,es un codigo ISBN de una edicion publicada por,Reclam
3150098416,está escrito en,Alemán
Eugen Gomringer,es autor de la obra,"Konstellationen, Ideogramme, Stundenbuch"
3924484740,es un codigo ISBN para el libro,Pfleghar
3924484740,es un codigo ISBN de una edicion publicada por,Neue Presse
3924484740,está escrito en,Alemán
9783924484743,es un codigo ISBN para el libro,Pfleghar
9783924484743,es un codigo ISBN de una edicion publicada por,Neue Presse
9783924484743,está escrito en,Alemán
Eugen Gomringer,es autor de la obra,Pfleghar
3901190198,es un codigo ISBN para el libro,Vom Rand nach innen
3901190198,es un codigo ISBN de una edicion publicada por,Edition Splitter
3901190198,está escrito en,Alemán
Eugen Gomringer,es autor de la obra,Vom Rand nach innen
3857361999,es un codigo ISBN para el libro,Dabei sein mittun
3857361999,es un codigo ISBN de una edicion publicada por,Edition Howeg
3857361999,está escrito en,Alemán
Eugen Gomringer,es autor de la obra,Dabei sein mittun
Dabei sein mittun,pertenece al género,Artists' books
9783908141358,es un codigo ISBN para el libro,Kommandier(t) die Poesie!
9783908141358,es un codigo ISBN de una edicion publicada por,Edition Signathur
9783908141358,está escrito en,Alemán
3908141354,es un codigo ISBN para el libro,Kommandier(t) die Poesie!
3908141354,es un codigo ISBN de una edicion publicada por,Edition Signathur
Eugen Gomringer,es autor de la obra,Kommandier(t) die Poesie!
Kommandier(t) die Poesie!,pertenece al género,Concrete poetry
Kommandier(t) die Poesie!,pertenece al género,Criticism and interpretation
Kommandier(t) die Poesie!,pertenece al género,Autobiographie
Pfleghar,pertenece al género,Catalogs
3908080320,es un codigo ISBN para el libro,Robert S. Gessner
3908080320,es un codigo ISBN de una edicion publicada por,H. Grieshaber
3908080320,es un codigo ISBN de una edicion publicada por,Waser
3908080320,está escrito en,Alemán
Eugen Gomringer,es autor de la obra,Robert S. Gessner
Robert S. Gessner,pertenece al género,Criticism and interpretation
Robert S. Gessner,pertenece al género,Catalogs
Robert S. Gessner,pertenece al género,Concrete art
3901190341,es un codigo ISBN para el libro,Theorie der konkreten Poesie
3901190341,es un codigo ISBN de una edicion publicada por,Edition Splitter
3901190341,está escrito en,Alemán
3901190538,es un codigo ISBN para el libro,Theorie der konkreten Poesie
3901190538,es un codigo ISBN de una edicion publicada por,Edition Splitter
3901190538,está escrito en,Alemán
Eugen Gomringer,es autor de la obra,Theorie der konkreten Poesie
Theorie der konkreten Poesie,pertenece al género,Concrete poetry
Theorie der konkreten Poesie,pertenece al género,Bibliography
Theorie der konkreten Poesie,pertenece al género,History and criticism
9783908141655,es un codigo ISBN para el libro,Der Sonette Gezeiten
9783908141655,es un codigo ISBN de una edicion publicada por,Edition Signathur
9783908141655,está escrito en,mul
9783908141655,está escrito en,Alemán
9783908141655,está escrito en,Inglés
Eugen Gomringer,es autor de la obra,Der Sonette Gezeiten
3901190902,es un codigo ISBN para el libro,Quadrate aller Länder
3901190902,es un codigo ISBN de una edicion publicada por,Edition Splitter
3901190902,está escrito en,Alemán
9783901190902,es un codigo ISBN para el libro,Quadrate aller Länder
9783901190902,es un codigo ISBN de una edicion publicada por,Edition Splitter
9783901190902,está escrito en,Alemán
Eugen Gomringer,es autor de la obra,Quadrate aller Länder
Quadrate aller Länder,pertenece al género,Austrian Concrete poetry
Daniele Mastrogiacomo,es de nacionalidad,Switzerland
1933372974,es un codigo ISBN para el libro,Days of fear
1933372974,es un codigo ISBN de una edicion publicada por,Europa Editions
1933372974,está escrito en,Inglés
9781933372976,es un codigo ISBN para el libro,Days of fear
9781933372976,es un codigo ISBN de una edicion publicada por,Europa Editions
9781933372976,está escrito en,Inglés
Daniele Mastrogiacomo,es autor de la obra,Days of fear
Days of fear,pertenece al género,Taliban
Days of fear,pertenece al género,Hostages
Days of fear,pertenece al género,Foreign correspondents
9788876418747,es un codigo ISBN para el libro,I giorni della paura
9788876418747,es un codigo ISBN de una edicion publicada por,E/o
9788876418747,está escrito en,Italiano
Daniele Mastrogiacomo,es autor de la obra,I giorni della paura
I giorni della paura,pertenece al género,Fiction
I giorni della paura,pertenece al género,"Kidnapping, 2009"
9781609459666,es un codigo ISBN para el libro,Days of Fear
9781609459666,es un codigo ISBN de una edicion publicada por,"Europa Editions, Incorporated"
9781609459666,está escrito en,Inglés
Daniele Mastrogiacomo,es autor de la obra,Days of Fear
Days of Fear,pertenece al género,"Fiction, general"
Mauro-Giuseppe Lepori,es de nacionalidad,Switzerland
8821163458,es un codigo ISBN para el libro,Il mistero e Pasquale
8821163458,es un codigo ISBN de una edicion publicada por,Marietti
8821163458,está escrito en,Italiano
9788821163456,es un codigo ISBN para el libro,Il mistero e Pasquale
9788821163456,es un codigo ISBN de una edicion publicada por,Marietti
9788821163456,está escrito en,Italiano
Mauro-Giuseppe Lepori,es autor de la obra,Il mistero e Pasquale
Il mistero e Pasquale,pertenece al género,Passion
Il mistero e Pasquale,pertenece al género,Predigt
Il mistero e Pasquale,pertenece al género,Triduum
9788821163265,es un codigo ISBN para el libro,L'amato presente
9788821163265,es un codigo ISBN de una edicion publicada por,Marietti
9788821163265,está escrito en,Italiano
8821163261,es un codigo ISBN para el libro,L'amato presente
8821163261,es un codigo ISBN de una edicion publicada por,Marietti
8821163261,está escrito en,Italiano
Mauro-Giuseppe Lepori,es autor de la obra,L'amato presente
9788490551226,es un codigo ISBN para el libro,"Simón, llamado Pedro"
9788490551226,es un codigo ISBN de una edicion publicada por,Ediciones Encuentro
8490551227,es un codigo ISBN para el libro,"Simón, llamado Pedro"
8490551227,es un codigo ISBN de una edicion publicada por,Ediciones Encuentro
Mauro-Giuseppe Lepori,es autor de la obra,"Simón, llamado Pedro"
9788413390819,es un codigo ISBN para el libro,"San José, el eco del Padre"
9788413390819,es un codigo ISBN de una edicion publicada por,ENCUENTRO
8413390818,es un codigo ISBN para el libro,"San José, el eco del Padre"
8413390818,es un codigo ISBN de una edicion publicada por,ENCUENTRO
Mauro-Giuseppe Lepori,es autor de la obra,"San José, el eco del Padre"
841339029X,es un codigo ISBN para el libro,Adherirse a Cristo
841339029X,es un codigo ISBN de una edicion publicada por,ENCUENTRO
9788413390291,es un codigo ISBN para el libro,Adherirse a Cristo
9788413390291,es un codigo ISBN de una edicion publicada por,ENCUENTRO
Mauro-Giuseppe Lepori,es autor de la obra,Adherirse a Cristo
9781586172718,es un codigo ISBN para el libro,Simon Called Peter
9781586172718,es un codigo ISBN de una edicion publicada por,Ignatius Press
9781586172718,está escrito en,Inglés
Mauro-Giuseppe Lepori,es autor de la obra,Simon Called Peter
Simon Called Peter,pertenece al género,"Peter, the apostle, saint"
Simon Called Peter,pertenece al género,Meditations
9788490551783,es un codigo ISBN para el libro,Jesús también estaba invitado
9788490551783,es un codigo ISBN de una edicion publicada por,Encuentro
8490551782,es un codigo ISBN para el libro,Jesús también estaba invitado
8490551782,es un codigo ISBN de una edicion publicada por,Encuentro
Mauro-Giuseppe Lepori,es autor de la obra,Jesús también estaba invitado
9788413390017,es un codigo ISBN para el libro,Seguir a Cristo
9788413390017,es un codigo ISBN de una edicion publicada por,ENCUENTRO
841339001X,es un codigo ISBN para el libro,Seguir a Cristo
841339001X,es un codigo ISBN de una edicion publicada por,ENCUENTRO
Mauro-Giuseppe Lepori,es autor de la obra,Seguir a Cristo
André Kaminski,es de nacionalidad,Switzerland
9783518389294,es un codigo ISBN para el libro,Nächstes Jahr in Jerusalem
9783518389294,es un codigo ISBN de una edicion publicada por,Suhrkamp
3518389297,es un codigo ISBN para el libro,Nächstes Jahr in Jerusalem
3518389297,es un codigo ISBN de una edicion publicada por,Suhrkamp
3518380192,es un codigo ISBN para el libro,Nächstes Jahr in Jerusalem
3518380192,es un codigo ISBN de una edicion publicada por,Suhrkamp
3518380192,está escrito en,Alemán
9783518380192,es un codigo ISBN para el libro,Nächstes Jahr in Jerusalem
9783518380192,es un codigo ISBN de una edicion publicada por,Suhrkamp
9783518380192,está escrito en,Alemán
3458145060,es un codigo ISBN para el libro,Nächstes Jahr in Jerusalem
3458145060,es un codigo ISBN de una edicion publicada por,Insel
3458145060,está escrito en,Alemán
André Kaminski,es autor de la obra,Nächstes Jahr in Jerusalem
Nächstes Jahr in Jerusalem,pertenece al género,Jewish families
Nächstes Jahr in Jerusalem,pertenece al género,Fiction
Nächstes Jahr in Jerusalem,pertenece al género,Familiensaga
9783518375808,es un codigo ISBN para el libro,Herzflattern. Neun wilde Geschichten
9783518375808,es un codigo ISBN de una edicion publicada por,Suhrkamp
3518375806,es un codigo ISBN para el libro,Herzflattern. Neun wilde Geschichten
3518375806,es un codigo ISBN de una edicion publicada por,Suhrkamp
André Kaminski,es autor de la obra,Herzflattern. Neun wilde Geschichten
Herzflattern. Neun wilde Geschichten,pertenece al género,German language materials
3458161333,es un codigo ISBN para el libro,Die Gärten des Mulay Abdallah
3458161333,es un codigo ISBN de una edicion publicada por,Insel Verlag
3458161333,está escrito en,Alemán
3518374303,es un codigo ISBN para el libro,Die Gärten des Mulay Abdallah
3518374303,es un codigo ISBN de una edicion publicada por,Suhrkamp
3518374303,está escrito en,Alemán
André Kaminski,es autor de la obra,Die Gärten des Mulay Abdallah
Die Gärten des Mulay Abdallah,pertenece al género,Description and travel
9783518383070,es un codigo ISBN para el libro,Kiebitz. Roman
9783518383070,es un codigo ISBN de una edicion publicada por,Suhrkamp
9783518383070,está escrito en,Alemán
3518383078,es un codigo ISBN para el libro,Kiebitz. Roman
3518383078,es un codigo ISBN de una edicion publicada por,Suhrkamp
3518383078,está escrito en,Alemán
André Kaminski,es autor de la obra,Kiebitz. Roman
3458160949,es un codigo ISBN para el libro,Flimmergeschichten
3458160949,es un codigo ISBN de una edicion publicada por,Insel
3458160949,está escrito en,Alemán
André Kaminski,es autor de la obra,Flimmergeschichten
8388203002,es un codigo ISBN para el libro,Przyszłego roku w jeruzalem
8388203002,es un codigo ISBN de una edicion publicada por,Wydawnictwo
8388203002,está escrito en,Polaco
André Kaminski,es autor de la obra,Przyszłego roku w jeruzalem
3518381377,es un codigo ISBN para el libro,Schalom allerseits
3518381377,es un codigo ISBN de una edicion publicada por,Suhrkamp
3518381377,está escrito en,Alemán
André Kaminski,es autor de la obra,Schalom allerseits
8420424528,es un codigo ISBN para el libro,El Ano Que Viene En Jerusalen
8420424528,es un codigo ISBN de una edicion publicada por,EDICIONES ALFAGUARA
9788420424521,es un codigo ISBN para el libro,El Ano Que Viene En Jerusalen
9788420424521,es un codigo ISBN de una edicion publicada por,EDICIONES ALFAGUARA
André Kaminski,es autor de la obra,El Ano Que Viene En Jerusalen
3518375806,es un codigo ISBN para el libro,Herzflattern
3518375806,es un codigo ISBN de una edicion publicada por,suhrkamp
3518375806,está escrito en,Alemán
André Kaminski,es autor de la obra,Herzflattern
3458146180,es un codigo ISBN para el libro,Kiebitz
3458146180,es un codigo ISBN de una edicion publicada por,Insel
3458146180,está escrito en,Alemán
André Kaminski,es autor de la obra,Kiebitz
0880641045,es un codigo ISBN para el libro,Kith and kin
0880641045,es un codigo ISBN de una edicion publicada por,Fromm International Pub. Corp.
0880641045,es un codigo ISBN de una edicion publicada por,[Distributed to the trade by Kampmann]
0880641045,está escrito en,Inglés
0880641045,está escrito en,Alemán
André Kaminski,es autor de la obra,Kith and kin
3458145826,es un codigo ISBN para el libro,Schalom allerseits
3458145826,es un codigo ISBN de una edicion publicada por,Insel
3458145826,está escrito en,Alemán
Schalom allerseits,pertenece al género,Description and travel
Schalom allerseits,pertenece al género,Travel
Schalom allerseits,pertenece al género,Jews
9529646259,es un codigo ISBN para el libro,Kahden sukuni tarina
9529646259,es un codigo ISBN de una edicion publicada por,Loki-kirjat
9529646259,está escrito en,Finés
André Kaminski,es autor de la obra,Kahden sukuni tarina
9785743901821,es un codigo ISBN para el libro,V budushchem godu - v Ierusalime
9785743901821,es un codigo ISBN de una edicion publicada por,"Zhurnal ""Zvezda"""
9785743901821,está escrito en,rus
André Kaminski,es autor de la obra,V budushchem godu - v Ierusalime
V budushchem godu - v Ierusalime,pertenece al género,Jewish families
V budushchem godu - v Ierusalime,pertenece al género,Fiction
9782260004929,es un codigo ISBN para el libro,L'année prochaine à Jérusalem
9782260004929,es un codigo ISBN de una edicion publicada por,Julliard
9782260004929,está escrito en,Francés
226000492X,es un codigo ISBN para el libro,L'année prochaine à Jérusalem
226000492X,es un codigo ISBN de una edicion publicada por,Julliard
226000492X,está escrito en,Francés
André Kaminski,es autor de la obra,L'année prochaine à Jérusalem
8830407151,es un codigo ISBN para el libro,L'anno prossimo a Gerusalemme
8830407151,es un codigo ISBN de una edicion publicada por,Longanesi
8830407151,está escrito en,Italiano
André Kaminski,es autor de la obra,L'anno prossimo a Gerusalemme
345834019,es un codigo ISBN para el libro,Der Sieg uber die Schwerkraft und andere Erzahlungen
345834019,es un codigo ISBN de una edicion publicada por,Insel-Verlag
345834019,está escrito en,Alemán
André Kaminski,es autor de la obra,Der Sieg uber die Schwerkraft und andere Erzahlungen
9788575280393,es un codigo ISBN para el libro,"O conselho tutelar, a criança e o ato infracional"
9788575280393,es un codigo ISBN de una edicion publicada por,Ulbra
9788575280393,está escrito en,Portugués
8575280392,es un codigo ISBN para el libro,"O conselho tutelar, a criança e o ato infracional"
8575280392,es un codigo ISBN de una edicion publicada por,Ulbra
8575280392,está escrito en,Portugués
8575280392,es un codigo ISBN de una edicion publicada por,Editora da ULBRA
André Kaminski,es autor de la obra,"O conselho tutelar, a criança e o ato infracional"
"O conselho tutelar, a criança e o ato infracional",pertenece al género,Administration of Juvenile justice
8527310244,es un codigo ISBN para el libro,Arte e política no Brasil
8527310244,es un codigo ISBN de una edicion publicada por,Perspectiva
8527310244,está escrito en,Portugués
9788527310246,es un codigo ISBN para el libro,Arte e política no Brasil
9788527310246,es un codigo ISBN de una edicion publicada por,Perspectiva
9788527310246,está escrito en,Portugués
André Kaminski,es autor de la obra,Arte e política no Brasil
Arte e política no Brasil,pertenece al género,Arts
Arte e política no Brasil,pertenece al género,Political aspects
Arte e política no Brasil,pertenece al género,Arts and society
Urs Widmer,es de nacionalidad,Switzerland
9783886611898,es un codigo ISBN para el libro,Top Dogs
9783886611898,es un codigo ISBN de una edicion publicada por,Verlag der Autoren
9783886611898,está escrito en,Alemán
2851814354,es un codigo ISBN para el libro,Top Dogs
2851814354,es un codigo ISBN de una edicion publicada por,L'Arche
2851814354,está escrito en,Francés
9782851814357,es un codigo ISBN para el libro,Top Dogs
9782851814357,es un codigo ISBN de una edicion publicada por,L'Arche
9782851814357,está escrito en,Francés
3886611892,es un codigo ISBN para el libro,Top Dogs
3886611892,es un codigo ISBN de una edicion publicada por,Verlag der Autoren
3886611892,está escrito en,Alemán
Urs Widmer,es autor de la obra,Top Dogs
Top Dogs,pertenece al género,Swiss fiction (German)
3257061161,es un codigo ISBN para el libro,Im Kongo
3257061161,es un codigo ISBN de una edicion publicada por,Diogenes
3257061161,está escrito en,Alemán
Urs Widmer,es autor de la obra,Im Kongo
3886610551,es un codigo ISBN para el libro,Die lange Nacht der Detektive
3886610551,es un codigo ISBN de una edicion publicada por,Verlag der Autoren
3257201176,es un codigo ISBN para el libro,Die lange Nacht der Detektive
3257201176,es un codigo ISBN de una edicion publicada por,Diogenes
3257201176,está escrito en,Alemán
3257201176,es un codigo ISBN de una edicion publicada por,Dogenes-Verlag
Urs Widmer,es autor de la obra,Die lange Nacht der Detektive
3257861095,es un codigo ISBN para el libro,Das Buch des Vaters
3257861095,es un codigo ISBN de una edicion publicada por,Diogenes
3257063873,es un codigo ISBN para el libro,Das Buch des Vaters
3257063873,es un codigo ISBN de una edicion publicada por,Diogenes
3257063873,está escrito en,Alemán
Urs Widmer,es autor de la obra,Das Buch des Vaters
Das Buch des Vaters,pertenece al género,German language materials
3257016158,es un codigo ISBN para el libro,Liebesnacht
3257016158,es un codigo ISBN de una edicion publicada por,Diogenes
3257016158,está escrito en,Alemán
3257211716,es un codigo ISBN para el libro,Liebesnacht
3257211716,es un codigo ISBN de una edicion publicada por,Diogenes
3257211716,está escrito en,Alemán
Urs Widmer,es autor de la obra,Liebesnacht
3257016611,es un codigo ISBN para el libro,Die gestohlene Schöpfung
3257016611,es un codigo ISBN de una edicion publicada por,Diogenes
3257016611,está escrito en,Alemán
3257214030,es un codigo ISBN para el libro,Die gestohlene Schöpfung
3257214030,es un codigo ISBN de una edicion publicada por,Diogenes
3257214030,está escrito en,Alemán
Urs Widmer,es autor de la obra,Die gestohlene Schöpfung
Die gestohlene Schöpfung,pertenece al género,Swiss fiction (German)
3257207972,es un codigo ISBN para el libro,"Züst, oder, Die Aufschneider"
3257207972,es un codigo ISBN de una edicion publicada por,Diogenes
3257207972,está escrito en,Alemán
3886612015,es un codigo ISBN para el libro,"Züst, oder, Die Aufschneider"
3886612015,es un codigo ISBN de una edicion publicada por,Verlag der Autoren
3886612015,está escrito en,Alemán
Urs Widmer,es autor de la obra,"Züst, oder, Die Aufschneider"
9783257261073,es un codigo ISBN para el libro,Der blaue Siphon
9783257261073,es un codigo ISBN de una edicion publicada por,Diogenes Verlag AG
3257261071,es un codigo ISBN para el libro,Der blaue Siphon
3257261071,es un codigo ISBN de una edicion publicada por,Diogenes Verlag AG
3257019092,es un codigo ISBN para el libro,Der blaue Siphon
3257019092,es un codigo ISBN de una edicion publicada por,Diogenes
3257019092,está escrito en,Alemán
Urs Widmer,es autor de la obra,Der blaue Siphon
9783257224641,es un codigo ISBN para el libro,Der Kongreß der Paläolepidopterologen
9783257224641,es un codigo ISBN de una edicion publicada por,Diogenes Verlag
9783257224641,está escrito en,Alemán
3257224648,es un codigo ISBN para el libro,Der Kongreß der Paläolepidopterologen
3257224648,es un codigo ISBN de una edicion publicada por,Diogenes Verlag
3257224648,está escrito en,Alemán
Urs Widmer,es autor de la obra,Der Kongreß der Paläolepidopterologen
9783257233476,es un codigo ISBN para el libro,Der Geliebte der Mutter
9783257233476,es un codigo ISBN de una edicion publicada por,"Diogenes Verlag AG,Switzerland"
9783257233476,está escrito en,Alemán
3257233477,es un codigo ISBN para el libro,Der Geliebte der Mutter
3257233477,es un codigo ISBN de una edicion publicada por,"Diogenes Verlag AG,Switzerland"
3257233477,está escrito en,Alemán
9783257056129,es un codigo ISBN para el libro,Der Geliebte der Mutter
9783257056129,es un codigo ISBN de una edicion publicada por,Diogenes
9783257056129,está escrito en,Alemán
3257056125,es un codigo ISBN para el libro,Der Geliebte der Mutter
3257056125,es un codigo ISBN de una edicion publicada por,Diogenes
3257056125,está escrito en,Alemán
Urs Widmer,es autor de la obra,Der Geliebte der Mutter
3257218478,es un codigo ISBN para el libro,Indianersommer
3257218478,es un codigo ISBN de una edicion publicada por,Diogenes Verlag
3257218478,está escrito en,Alemán
9783257218473,es un codigo ISBN para el libro,Indianersommer
9783257218473,es un codigo ISBN de una edicion publicada por,Diogenes Verlag
9783257218473,está escrito en,Alemán
3257016867,es un codigo ISBN para el libro,Indianersommer
3257016867,es un codigo ISBN de una edicion publicada por,Diogenes
3257016867,está escrito en,Alemán
Urs Widmer,es autor de la obra,Indianersommer
3257227272,es un codigo ISBN para el libro,Liebesbrief für Mary
3257227272,es un codigo ISBN de una edicion publicada por,Brand: Diogenes Verlag
3257227272,es un codigo ISBN de una edicion publicada por,Diogenes
3257227272,es un codigo ISBN de una edicion publicada por,Diogenes Verlag
3257227272,está escrito en,Alemán
9783257227277,es un codigo ISBN para el libro,Liebesbrief für Mary
9783257227277,es un codigo ISBN de una edicion publicada por,Diogenes Verlag
Urs Widmer,es autor de la obra,Liebesbrief für Mary
0857423150,es un codigo ISBN para el libro,In the Congo
0857423150,es un codigo ISBN de una edicion publicada por,Seagull Books
0857423150,está escrito en,Inglés
9780857423153,es un codigo ISBN para el libro,In the Congo
9780857423153,es un codigo ISBN de una edicion publicada por,Seagull Books
9780857423153,está escrito en,Inglés
Urs Widmer,es autor de la obra,In the Congo
In the Congo,pertenece al género,Fathers and sons
In the Congo,pertenece al género,Fiction
In the Congo,pertenece al género,German fiction
3257063873,es un codigo ISBN para el libro,Das Buch des Vaters: Roman
3257063873,es un codigo ISBN de una edicion publicada por,Diogenes Verlag AG
Urs Widmer,es autor de la obra,Das Buch des Vaters: Roman
Das Buch des Vaters: Roman,pertenece al género,Literatur in verwandten Sprachen Deutsche Literatur
Das Buch des Vaters: Roman,pertenece al género,OUR Brockhaus selection
3257063318,es un codigo ISBN para el libro,"Das Geld, die Arbeit, die Angst, das Gl uck"
3257063318,es un codigo ISBN de una edicion publicada por,Diogenes Verlag AG
3257063318,está escrito en,Alemán
Urs Widmer,es autor de la obra,"Das Geld, die Arbeit, die Angst, das Gl uck"
"Das Geld, die Arbeit, die Angst, das Gl uck",pertenece al género,Literatur germanischer Sprachen
"Das Geld, die Arbeit, die Angst, das Gl uck",pertenece al género,OUR Brockhaus selection
3257065132,es un codigo ISBN para el libro,Ein Leben als Zwerg
3257065132,es un codigo ISBN de una edicion publicada por,Diogenes Verlag AG
3257065132,está escrito en,Alemán
Urs Widmer,es autor de la obra,Ein Leben als Zwerg
Ein Leben als Zwerg,pertenece al género,German fiction
Ein Leben als Zwerg,pertenece al género,OUR Brockhaus selection
3257064624,es un codigo ISBN para el libro,Shakespeares K onigsdramen
3257064624,es un codigo ISBN de una edicion publicada por,Diogenes Verlag AG
3257064624,está escrito en,Alemán
Urs Widmer,es autor de la obra,Shakespeares K onigsdramen
Shakespeares K onigsdramen,pertenece al género,English literature
Shakespeares K onigsdramen,pertenece al género,OUR Brockhaus selection
3261014393,es un codigo ISBN para el libro,Stellung und Entwicklung der schweizerischen Papierindustrie im Lichte der wirtschaftlichen Integration Europas
3261014393,es un codigo ISBN de una edicion publicada por,Herbert Lang
3261014393,es un codigo ISBN de una edicion publicada por,"Lang AG International Academic Publishers, Peter"
3261014393,es un codigo ISBN de una edicion publicada por,Peter Lang
3261014393,está escrito en,Alemán
Urs Widmer,es autor de la obra,Stellung und Entwicklung der schweizerischen Papierindustrie im Lichte der wirtschaftlichen Integration Europas
Stellung und Entwicklung der schweizerischen Papierindustrie im Lichte der wirtschaftlichen Integration Europas,pertenece al género,Paper box industry
Stellung und Entwicklung der schweizerischen Papierindustrie im Lichte der wirtschaftlichen Integration Europas,pertenece al género,Paper industry
Stellung und Entwicklung der schweizerischen Papierindustrie im Lichte der wirtschaftlichen Integration Europas,pertenece al género,Paper making and trade
3257017707,es un codigo ISBN para el libro,Auf auf ihr Hirten! Die Kuh haut ab!
3257017707,es un codigo ISBN de una edicion publicada por,Diogenes
3257017707,está escrito en,Alemán
Urs Widmer,es autor de la obra,Auf auf ihr Hirten! Die Kuh haut ab!
Auf auf ihr Hirten! Die Kuh haut ab!,pertenece al género,"Fiction, humorous, general"
Auf auf ihr Hirten! Die Kuh haut ab!,pertenece al género,Swiss Feuilletons
3257200579,es un codigo ISBN para el libro,Das Normale und die Sehnsucht
3257200579,es un codigo ISBN de una edicion publicada por,Diogenes Verlag
3257200579,es un codigo ISBN de una edicion publicada por,Diogenes(-Verlag
3257200579,está escrito en,Alemán
Urs Widmer,es autor de la obra,Das Normale und die Sehnsucht
3257018495,es un codigo ISBN para el libro,Das Paradies des Vergessens
3257018495,es un codigo ISBN de una edicion publicada por,Diogenes
3257018495,está escrito en,Alemán
Urs Widmer,es autor de la obra,Das Paradies des Vergessens
Das Paradies des Vergessens,pertenece al género,Swiss fiction (German)
3257207832,es un codigo ISBN para el libro,Das Urs Widmer Lesebuch
3257207832,es un codigo ISBN de una edicion publicada por,Diogenes
3257207832,está escrito en,Alemán
Urs Widmer,es autor de la obra,Das Urs Widmer Lesebuch
3257215460,es un codigo ISBN para el libro,Das Verschwinden der Chinesen im neuen Jahr
3257215460,es un codigo ISBN de una edicion publicada por,Diogenes
3257215460,está escrito en,Alemán
Urs Widmer,es autor de la obra,Das Verschwinden der Chinesen im neuen Jahr
Der blaue Siphon,pertenece al género,Swiss fiction (German)
3257062451,es un codigo ISBN para el libro,Der Geliebte der Mutter
3257062451,es un codigo ISBN de una edicion publicada por,Diogenes
3257062451,está escrito en,Alemán
Der Geliebte der Mutter,pertenece al género,Mothers and sons
Der Geliebte der Mutter,pertenece al género,Fiction
Der Geliebte der Mutter,pertenece al género,Rejection (Psychology)
3257018096,es un codigo ISBN para el libro,Der Kongress der Paläolepidopterologen
3257018096,es un codigo ISBN de una edicion publicada por,Diogenes
3257018096,está escrito en,Alemán
Urs Widmer,es autor de la obra,Der Kongress der Paläolepidopterologen
Der Kongress der Paläolepidopterologen,pertenece al género,Swiss fiction (German)
Eduard Fankhauser,es de nacionalidad,Switzerland
0910550018,es un codigo ISBN para el libro,"Nudism, obscenity and the law"
0910550018,es un codigo ISBN de una edicion publicada por,Panu Pub. Co
0910550018,está escrito en,Inglés
9780910550017,es un codigo ISBN para el libro,"Nudism, obscenity and the law"
9780910550017,es un codigo ISBN de una edicion publicada por,Panu Pub. Co
9780910550017,está escrito en,Inglés
Eduard Fankhauser,es autor de la obra,"Nudism, obscenity and the law"
"Nudism, obscenity and the law",pertenece al género,Nudity
"Nudism, obscenity and the law",pertenece al género,Law and legislation
"Nudism, obscenity and the law",pertenece al género,Obscenity (Law)
3856830081,es un codigo ISBN para el libro,Kampf und Sieg der FKK
3856830081,es un codigo ISBN de una edicion publicada por,"Verlag ""Die Neue Zeit"""
3856830081,está escrito en,Alemán
Eduard Fankhauser,es autor de la obra,Kampf und Sieg der FKK
Kampf und Sieg der FKK,pertenece al género,Trials (Obscenity)
Kampf und Sieg der FKK,pertenece al género,"Trials, litigation"
Andreas Benz,es de nacionalidad,Switzerland
9783838619279,es un codigo ISBN para el libro,Konzeption Einer Prozesskostenrechnung Zur Abrechnung Von Workflows in Banken
9783838619279,es un codigo ISBN de una edicion publicada por,Diplomarbeiten Agentur diplom.de. ein Imprint der Diplomica
9783838619279,está escrito en,Alemán
Andreas Benz,es autor de la obra,Konzeption Einer Prozesskostenrechnung Zur Abrechnung Von Workflows in Banken
9783838670324,es un codigo ISBN para el libro,Wissensmanagement Im Finanzdienstleistungsbereich
9783838670324,es un codigo ISBN de una edicion publicada por,GRIN Verlag GmbH
9783838670324,está escrito en,Alemán
Andreas Benz,es autor de la obra,Wissensmanagement Im Finanzdienstleistungsbereich
9780199069170,es un codigo ISBN para el libro,Education for Development in Northern Pakistan
9780199069170,es un codigo ISBN de una edicion publicada por,Oxford University Press
9780199069170,está escrito en,Inglés
Andreas Benz,es autor de la obra,Education for Development in Northern Pakistan
Education for Development in Northern Pakistan,pertenece al género,"Education, pakistan"
Education for Development in Northern Pakistan,pertenece al género,Educational sociology
Education for Development in Northern Pakistan,pertenece al género,Education
9783865737748,es un codigo ISBN para el libro,Tracing connections
9783865737748,es un codigo ISBN de una edicion publicada por,"Wvb, Wissenschaftlicher Verlag Berlin"
9783865737748,está escrito en,Inglés
Andreas Benz,es autor de la obra,Tracing connections
Tracing connections,pertenece al género,Congresses
Tracing connections,pertenece al género,Emigration and immigration
Tracing connections,pertenece al género,Internal Migration
3863312643,es un codigo ISBN para el libro,Kunst im NS-Staat
3863312643,es un codigo ISBN de una edicion publicada por,Metropol
3863312643,está escrito en,Alemán
9783863312640,es un codigo ISBN para el libro,Kunst im NS-Staat
9783863312640,es un codigo ISBN de una edicion publicada por,Metropol
9783863312640,está escrito en,Alemán
Andreas Benz,es autor de la obra,Kunst im NS-Staat
Kunst im NS-Staat,pertenece al género,German Arts
Kunst im NS-Staat,pertenece al género,National socialism and art
Kunst im NS-Staat,pertenece al género,National socialism and literature
9783813403169,es un codigo ISBN para el libro,Erlebnisurlaub Pfalz. Kompass Freizeit Spezial.
9783813403169,es un codigo ISBN de una edicion publicada por,Kompass
3813403165,es un codigo ISBN para el libro,Erlebnisurlaub Pfalz. Kompass Freizeit Spezial.
3813403165,es un codigo ISBN de una edicion publicada por,Kompass
Andreas Benz,es autor de la obra,Erlebnisurlaub Pfalz. Kompass Freizeit Spezial.
9783525363911,es un codigo ISBN para el libro,Versuchung der Schönen Form
9783525363911,es un codigo ISBN de una edicion publicada por,Vandenhoeck & Ruprecht GmbH & Company KG
9783525363911,está escrito en,Alemán
Andreas Benz,es autor de la obra,Versuchung der Schönen Form
Versuchung der Schönen Form,pertenece al género,German literature
Versuchung der Schönen Form,pertenece al género,Congresses
Versuchung der Schönen Form,pertenece al género,History and criticism
9783050088259,es un codigo ISBN para el libro,Geschichte Schreiben
9783050088259,es un codigo ISBN de una edicion publicada por,"de Gruyter GmbH, Walter"
9783050088259,está escrito en,Alemán
Andreas Benz,es autor de la obra,Geschichte Schreiben
9783796549663,es un codigo ISBN para el libro,Zurcher Denkmalpflege. 24. Bericht 2017-2018
9783796549663,es un codigo ISBN de una edicion publicada por,Schwabe Verlag Basel
9783796549663,está escrito en,Alemán
Andreas Benz,es autor de la obra,Zurcher Denkmalpflege. 24. Bericht 2017-2018
Yusuf Yes?ilo?z,es de nacionalidad,Switzerland
Ju?rg Acklin,es de nacionalidad,Switzerland
Ossip K. Flechtheim,es de nacionalidad,Switzerland
3434001085,es un codigo ISBN para el libro,Die KPD in der Weimovrer Republik
3434001085,es un codigo ISBN de una edicion publicada por,Europaische Verlagsanstalt
3434001085,está escrito en,Alemán
Ossip K. Flechtheim,es autor de la obra,Die KPD in der Weimovrer Republik
3804684157,es un codigo ISBN para el libro,Futurologie. Der Kampf um die Zukunft
3804684157,es un codigo ISBN de una edicion publicada por,"Wiss. u. Pol., Köln"
9783804684157,es un codigo ISBN para el libro,Futurologie. Der Kampf um die Zukunft
9783804684157,es un codigo ISBN de una edicion publicada por,"Wiss. u. Pol., Köln"
Ossip K. Flechtheim,es autor de la obra,Futurologie. Der Kampf um die Zukunft
9783428004096,es un codigo ISBN para el libro,Von Hegel Zu Kelsen
9783428004096,es un codigo ISBN de una edicion publicada por,Duncker & Humblot GmbH
9783428004096,está escrito en,Alemán
Ossip K. Flechtheim,es autor de la obra,Von Hegel Zu Kelsen
3455090672,es un codigo ISBN para el libro,Die Parteien der Bundesrepublik Deutschland
3455090672,es un codigo ISBN de una edicion publicada por,Hoffmann und Campe
3455090672,está escrito en,Alemán
Ossip K. Flechtheim,es autor de la obra,Die Parteien der Bundesrepublik Deutschland
"""Arme Teufel sind wir alle ...""",es del año,2010
"""Meine Bilder bleiben, die werden später von mir sprechen""",es del año,2001
"""Planète""",es del año,1996
"""Wenn Kirchenmitglieder Christen werden--""",es del año,1986
40 Disegni Di Maestri Moderni,es del año,1961
69 Arten den Blues zu spielen,es del año,1984
69 ways to play the blues,es del año,1990
7 x 7 Siebenschläfergeschichten,es del año,1987
A Perfect Waiter,es del año,2008
A l'ecoute de Jean Monnet,es del año,2004
A masterpeice of revenge,es del año,1997
A masterpiece of revenge,es del año,1998
"A nous deux, Ferdinand",es del año,1991
A tenera sorpresa,es del año,2000
ABC Xenegugeli,es del año,2011
"ABC Xenegugeli, Espaol",es del año,2013
"ABC Xenegugeli, Franais",es del año,1999
ANALOG ANNUAL,es del año,1976
"ARAL Auto-Reisebuch Schweiz. Für Reise, Urlaub, Freizeit, Wochenende",es del año,1983
AUF DER SCHWELLE VON WELTZEITALTERN,es del año,1981
Aa zyt isch nid alli zyt,es del año,1982
Abendspaziergang mit dem Kater,es del año,2020
Adherirse a Cristo,es del año,2020
"Adieu, Herr Landammann!",es del año,2001
Afghanistan - ein Land am Scheideweg,es del año,2002
Aknos,es del año,1994
Aknos ;,es del año,1994
Aknos and Other Poems (Essential Poets 76),es del año,1998
"Alfons Studer, oder, Ein Eros in allen Dingen",es del año,1984
Algorithmic Lie Theory for Solving Ordinary Differential Equations,es del año,2007
Algorithmic Lie Theory for Solving Ordinary Differential Equations (Pure and Applied Mathematics),es del año,2007
Algorithmic lie theory for solving ordinary differential equations,es del año,2008
All About Music : The Complete Ontology,es del año,2016
Alle deine Namen,es del año,2008
Alogrithmic lie theory for solving ordinary differential equations,es del año,2007
"Alte Welt, neue Welt",es del año,1986
Altern,es del año,1981
Anatomische Geschichten,es del año,1973
Ancient and Medieval Theories of Intentionality (Studien Und Texte Zur Geistesgeschichte Des Mittelalters),es del año,2001
"Andreas Walser, Chur 1908-1930 Paris",es del año,1994
"Andreas Walser, Gaudenz Signorell - Chur - Paris",es del año,2006
"Andreas Walser: Liebe, Traum & Tod. Ausstellung, Kirchner Museum Davos, 11. Dezember 2005 bis 23. April 2006",es del año,2005
Andri Peer - scrittore di frontiera/scriptur tranter cunfins,es del año,1987
Angstbar,es del año,2003
Angstträume,es del año,1981
Annas Maske,es del año,2001
Ansichten Eines Hirns,es del año,2013
Approches,es del año,1993
Art of Not Being,es del año,2016
Arte e política no Brasil,es del año,2014
Au pays du silence,es del año,2001
Auf auf ihr Hirten! Die Kuh haut ab!,es del año,1988
Auf dem Weg des Zens. Als Christ Buddhist,es del año,2002
Auf den Nagel geschrieben,es del año,1986
Auf den Spuren des Franz von Assisi,es del año,2004
"Auf die Bäume, ihr Affen",es del año,2001
Aufbruch,es del año,1990
"Aufbrüche, Reisen von Dorther",es del año,1998
Aus den Fugen,es del año,2012
Aus der Zuckerfabrik,es del año,2020
Ausser mir,es del año,1990
B-A-C-H,es del año,1997
BAUMLIEDER Text- and Notenband CD 1+2,es del año,2020
Babam Omuzlarimda,es del año,2021
Bambine,es del año,1990
Basel,es del año,2013
Baumeister der unsichtbaren Kirche,es del año,1977
Baumlieder-Buch,es del año,2019
Benzin,es del año,2000
Bergelson,es del año,1985
Berlin wird feministisch,es del año,2015
Bet ha-gan,es del año,2009
Bis an den Rand schreiben,es del año,2010
Bist du schon wach?,es del año,1998
"Blanche, Marthe, Camille",es del año,1996
Blessings,es del año,2016
Bleu siècle,es del año,1996
Blick auf-- Zermatt,es del año,2004
Bodrerito Sutra,es del año,2016
Bruder Bär und Schwester Bär,es del año,1983
"Bruder Klaus, oder, Zwei Männer im Wald",es del año,1981
Burenfrauen,es del año,2011
Cabaret Cornichon: Erinnerungen an ein Cabaret (German Edition),es del año,1975
Carleton,es del año,1996
Carnaval noir,es del año,2018
Catholicisme Chez les Romantiques,es del año,2018
Chrestomathie des Prosateurs Français du Quatorzième Au Seizième Siècle,es del año,2018
Chronique américaine,es del año,2005
Circonstances,es del año,2009
Classification of Musical Objects for Analysis and Composition,es del año,2023
Cleopatra e una notte,es del año,1996
Coincidence,es del año,2015
College Composition,es del año,2019
Comedies,es del año,2018
"Comprehensive Mathematics for Computer Scientists 1: Sets and Numbers, Graphs and Algebra, Logic and Machines, Linear Geometry (Universitext)",es del año,2006
Comprehensive Mathematics for Computer Scientists 2,es del año,2006
Computational Counterpoint Worlds,es del año,2015
Computational Musicology in Hindustani Music,es del año,2014
Computer Literacy,es del año,1982
Computer und Kreativität,es del año,1990
Concertino per Rane,es del año,1993
Confr'rie des Moines Volants(la),es del año,2014
"Conrad, Malraux, Greene, Weiss",es del año,1973
Contre le nouvel obscurantisme,es del año,1995
Contredits,es del año,2002
Controlling und Rechnungslegung,es del año,2008
Cool Math for Hot Music,es del año,2016
Correct Order of Fundamental Harmonies,es del año,2021
Corrida,es del año,1982
Coïncidence(La),es del año,2005
Creativity and Theory in Musicianship,es del año,2023
Cultures in conflict,es del año,1989
Cybersexe,es del año,1995
D'UN MONDE À L'AUTRE - Journal d'un intellectuel jurassien au Québec (1939-1949) - Volume 2 novembre 1942-août 1945,es del año,2004
D'un ciel bleuâtre,es del año,2008
D'un monde à l'autre--,es del año,2001
Dabei sein mittun,es del año,2000
"Darstellung von alkali- und erdalkaliionenselektiven, elektrisch neutralen Trägerliganden und Entwicklung eines hochselektiven Ca²+-Sensors",es del año,1975
Darwin Contra o Determinismo Geográfico - a América Latina Em 'a Cultura Importa',es del año,2011
Das Buch der Klagen,es del año,1980
Das Buch des Vaters,es del año,2004
Das Eigene und das Fremde,es del año,2000
Das Erhoffte will seine Zeit,es del año,2010
Das Erwachsenengerüst,es del año,1983
Das Fort am Meer,es del año,1993
Das Gartenhaus,es del año,1989
Das Gartenhaus. Großdruck. Novelle,es del año,2000
Das Gartenhaus. Novelle,es del año,2000
Das Gegenteil von Fleisch,es del año,2003
Das Haus am See,es del año,1987
Das Heimatlos,es del año,1995
Das Holztheater. Geschichten und Gedanken am Rand,es del año,1997
Das Künstlerzimmer,es del año,1988
Das Leben Robert Walsers,es del año,1978
Das Lied der Heimat,es del año,1998
Das Mätteliseppi,es del año,1984
Das Normale und die Sehnsucht,es del año,1972
Das Paradies des Vergessens,es del año,1990
Das Urs Widmer Lesebuch,es del año,1980
Das Verschwinden der Chinesen im neuen Jahr,es del año,1987
Das Wort reden,es del año,1971
Das einzige Objekt mit Farbe,es del año,1985
Das ganze Leben,es del año,1978
David Lodge and the art-and-reality novel,es del año,1991
Days of Fear,es del año,2010
Days of fear,es del año,2010
De Casanova im Chloster,es del año,2017
De Studänt Räbme,es del año,1978
De Tischtelfink,es del año,1983
De l'assassinat de Sissi à l'acquittement de Mikhaïlov,es del año,1999
Death by publication,es del año,1995
Demokratie in der Mediengesellschaft,es del año,2006
Demokratisierung Durch Social Media?,es del año,2015
Denk an Siena,es del año,2004
Der Basler Anwaltsgebührentarif,es del año,1985
Der Dorfkaiser,es del año,2011
Der Dritte,es del año,1988
Der Flug um die goldene Mücke,es del año,1981
Der Franzos im Ybrig,es del año,1996
Der Füsch,es del año,1995
"Der Garten der Frau des Mannes, der Noah hiess",es del año,1987
Der Gänneral Sutter,es del año,1991
Der Geliebte der Mutter,es del año,2000
Der Gesandte,es del año,1991
Der Guayanaknoten,es del año,1994
"Der Herbst, in dem ich Klavier spielen lernte",es del año,2014
Der Kongress der Paläolepidopterologen,es del año,1989
Der Kongreß der Paläolepidopterologen,es del año,1991
Der Maler,es del año,1990
Der Mann ohne Licht,es del año,1988
Der Rote Diamant,es del año,2022
Der Sieg uber die Schwerkraft und andere Erzahlungen,es del año,1990
"Der Sommer, in dem ich Schwarz wurde",es del año,2021
Der Sonette Gezeiten,es del año,2009
Der Sprung in den Papierkorb,es del año,2008
"Der Thurgau und seine Menschen, 1930-1990",es del año,1990
Der Vogel auf dem Tisch,es del año,1978
Der Weg ist in dir. Anregungen zur Meditation,es del año,1996
Der blaue Siphon,es del año,1992
Der deutsche auswanderer nach den Vereinigten Staaten von Nordamerika,es del año,2018
Der erwiderte Blick,es del año,1998
Der große Kater,es del año,2000
Der göttliche Ingenieur,es del año,2008
Der kleine See und das Meer,es del año,2001
Der letzte Gast,es del año,1990
Der propositionale Wahrheitsbegriff im 14. Jahrhundert,es del año,1992
Der schwarze Schirm,es del año,2007
Der schwarze Schumacher,es del año,1976
Der weiße Schatten und andere Geschichten,es del año,2019
"Der zweite Sinn, oder, Unsentimentale Reise durch ein Feld Literatur",es del año,1988
Dernière lettre à Théo,es del año,2005
Deutsche Aphorismen aus drei Jahrhunderten,es del año,1987
Di libri mai nati,es del año,1994
Di una sirena in Parlamento,es del año,1999
Dichten = No. 10,es del año,2008
Dichter im Abseits,es del año,1974
Dichter im Einsatz,es del año,1991
Dichtungen in Versen und Prosa,es del año,2018
Dichtungen in Versen und Prosa - Nebst Einer Lebensbeschreibung des Verfassers,es del año,1831
Dichtungen in Versen und Prosa Bd. 2,es del año,1831
"Die ""Wilden"" und die ""Zivilisierten""",es del año,1976
Die Analphabetin,es del año,1982
Die Anwendung von Lanchester-Modellen für die Beschreibung und die Simulation von Interaktionen im Guerillakrieg,es del año,1975
Die Ballade von Billie und Joe,es del año,1997
Die Beschreibung der Tiefsee,es del año,1996
Die Entdeckung Amerikas,es del año,1991
Die Entdeckung und Eroberung der Welt: Dokumente u. Berichte (Beckʹsche Sonderausgaben) (German Edition),es del año,1980
Die Ente und die Eule,es del año,1988
Die Erde ruft,es del año,1996
Die Farben Der Pflanze,es del año,1995
Die Farben der Pflanze,es del año,1979
"Die Frauen von Harrisburg, oder, Wir lassen uns die Angst nicht ausreden",es del año,1980
Die Fülle des Verzichts,es del año,1990
Die Gärten des Mulay Abdallah,es del año,1983
"Die Geschichte der Zunft zur Schiffleuten, 1336-1986",es del año,1987
"Die Geschichte von der kleinen Gans, die nicht schnell genug war",es del año,1989
Die Hexe zieht den Schlafsack enger,es del año,1995
Die Hühneroper,es del año,2004
Die Idee Europa,es del año,1988
Die Insel Hinterm Mond,es del año,1992
Die Insel hinterm Mond,es del año,1992
Die KPD in der Weimovrer Republik,es del año,1973
Die Kenntnis Beider Indien Im Frühneuzeitlichen Europa,es del año,2019
Die Konsequenz,es del año,1975
Die Kunst des Modellierens,es del año,2008
Die Novizin,es del año,1995
Die Parteien der Bundesrepublik Deutschland,es del año,1973
Die Satellitenstadt,es del año,1994
Die Schicksaldrift,es del año,1979
Die Schicksalsdrift,es del año,1979
Die Strategie des Kleinstaates Schweiz gestern heute morgen,es del año,1992
Die TV-Falle,es del año,2007
Die Tessinerin,es del año,2001
Die Tessinerin. Eine Erzählung,es del año,1996
Die Unvollendete Sakularisierung,es del año,2013
Die Unvollendete Säkularisierung,es del año,2013
Die Waise Von Holligen,es del año,2011
Die Welt bist Du. Perlen der Liebe,es del año,1996
Die Zärtlichen,es del año,1982
Die gefiederte Frau,es del año,1984
Die gefiederte Frau. Fünf Variationen über die Liebe,es del año,1987
Die gestohlene Schöpfung,es del año,1984
Die lange Nacht der Detektive,es del año,1973
Die letzten Tage des Vatikan,es del año,2000
Die roten Tiere von Tsavo,es del año,1976
Die sanfte Verblödung,es del año,1985
Die siamesischen Brüder,es del año,1990
Die sozio-ökonomischen Faktoren des Fremdenverkehrs in Entwicklungsländern,es del año,1973
Die stehende Uhr,es del año,1978
Die verborgenen Gärten,es del año,1982
Die verborgenen Gärten. Roman,es del año,1985
Dinosaurier gibt es nicht,es del año,1992
Dix petites anarchistes,es del año,2018
Double,es del año,1998
Dr Wächtersämmi und anderi Gschichte,es del año,1988
Dragon Tales,es del año,1982
Du selbst bist die Welt,es del año,1997
Durchaus,es del año,1975
Dämmerschoppen,es del año,2009
E Satz zmitts id Wäut,es del año,1981
EWIGES MORGENLAND,es del año,1982
Eccentric,es del año,1995
"Eccentric, Kunst und Leben",es del año,1995
Ecrire la mondialité,es del año,2013
Education for Development in Northern Pakistan,es del año,2014
Een beslissing met gevolgen,es del año,2008
Een volmaakte kelner,es del año,2008
Egyptian Fakes,es del año,2009
Ein Koffer voller Wünsche,es del año,2011
Ein Mann vor der Tür,es del año,1988
Ein Maulwurf kommt immer allein,es del año,1994
Ein Stück Himmel,es del año,2022
Ein perfekter Kellner,es del año,2004
Eine Art Bilanz,es del año,1973
Eines Mannes Liebe,es del año,1980
Einfall der Dämmerung,es del año,1974
Einladung an die Waghalsigen,es del año,2010
Eins im Andern,es del año,2015
El Ano Que Viene En Jerusalen,es del año,1986
El fons del sac,es del año,2022
El rey del petróleo,es del año,2011
El turquetto,es del año,2017
Elemente der Musikinformatik,es del año,2006
Emanuel,es del año,1990
Emanuel: Worterbuch des hingerissenen Flaneurs,es del año,1990
Emil Beurmann,es del año,1990
Emmental,es del año,1983
En el Corazón Del Mundo,es del año,2018
En el Pais Del Silencio,es del año,2015
Entretiens avec Edmond Kaiser,es del año,1998
Erfüllter Augenblick,es del año,1990
Erfüllter Augenblick. Wege zur Mitte des Herzens,es del año,1999
Erlebnisurlaub Pfalz. Kompass Freizeit Spezial.,es del año,1996
Erste Freischarenzug,es del año,1971
Es weihnachtet sehr ...,es del año,2011
Espions de bonne volonté,es del año,1969
Evolution der Lyrik. Reden und Glossen zur Tabulatur,es del año,1972
Ex Illyrico Tristia,es del año,1994
Fahles Ende kleiner Begierden,es del año,1981
Falsches Quartett,es del año,2014
Familie Frey,es del año,1997
Fantasy For Good,es del año,2014
Fasten,es del año,1987
Fasten im Alltag,es del año,1994
"Fasten neu erleben. Warum, wie, wozu?",es del año,1999
Fasting,es del año,2010
Fatto soltanto di voce,es del año,2012
Faussaires d'Egypte,es del año,2009
Faux et faussaires en art égyptien,es del año,2005
"Felis, Felis",es del año,1987
Fenestra Prospectiva : Architektonisch Gerahmte Ausblicke,es del año,2015
Fenestra Prospectiva : Architektonisch Inszenierte Ausblicke,es del año,2015
Fifty short science fiction tales,es del año,1963
Finding Your Plot in a Plotless World,es del año,2007
Flimmergeschichten,es del año,1990
"Flow, Gesture, and Spaces in Free Jazz",es del año,2014
"Flow, Gesture, and Spaces in Free Jazz: Towards a Theory of Collaboration (Computational Music Science)",es del año,2008
Flugelmeyers Wahn,es del año,1986
Frauen starten duch. Erfolgsstrategien für Gewinnerinnen,es del año,2001
Fraulein Stark,es del año,2003
"Frederic Monneron, ou, La nostalgie de l'au-dela",es del año,2000
Freiwilligenarbeit zwischen Freiheit und Professionalisierung,es del año,2013
Frieden in Deutschland,es del año,1982
Fritz Schwarz-Waldegg,es del año,2009
Fromme Ketzer,es del año,1977
Fräulein Stark. 5 CDs mit Booklet,es del año,2002
Fukushima mon amour,es del año,2011
Fulvio Caccia,es del año,2000
Functorial Semiotics for Creativity in Music and Mathematics,es del año,2021
Futurologie. Der Kampf um die Zukunft,es del año,1982
Galerie romande,es del año,2000
Gegen Ende des zweiten Jahrtausends,es del año,1988
Gegen den neuen Obskurantismus. Lob des Fortschritts,es del año,1999
Geometrie der Töne,es del año,2012
Geometrie der Töne. Elemente der Mathematischen Musiktheorie,es del año,1990
Gercekte Sen Nesin?,es del año,2015
Gesammelte Gedichte,es del año,2003
Gesammelte Werke,es del año,1987
Geschichte Schreiben,es del año,2014
Gesellschaftsspiele,es del año,1980
Gewittereiche,es del año,1978
Giant book of math fun,es del año,1994
Gipfel - Col - Valle,es del año,2014
Gleichgültigkeit,es del año,2020
Gli Occhiali di Gionata Lerolieff,es del año,2000
Golden eighties,es del año,1994
Goldfischgedächtnis,es del año,2011
Golo Mann,es del año,2005
Golo Mann - Instanz und Aussenseiter: eine Biographie,es del año,2004
"Golo Mann, Instanz und Aussenseiter",es del año,2004
Grenzgänge,es del año,1981
Grenzlust,es del año,1991
Gresso 999 m s/m,es del año,1991
Gris-bleu,es del año,1999
Grossvater und Halbbruder,es del año,1981
Gruppen und Kategorien in der Musik,es del año,1985
Gut zum Druck,es del año,1972
"Haftungsgrundlage im internationalen Seefrachtrecht. Evolution der Haftungsgrundlage von den Haager Regeln zu den Hamburger Regeln unter BerÂÃ¼cksichti ... Frankreich, Deutschland und der Schweiz",es del año,2002
"Halbe Tage, ganze Jahre",es del año,1998
Haltla,es del año,1978
Halunkengelächter,es del año,1985
Harmfuls Hölle,es del año,2011
"Hayden White, History As Narrative",es del año,2008
Heinrich Federer,es del año,1996
Herzflattern. Neun wilde Geschichten,es del año,1984
Highway-Junkie,es del año,1983
"Himmelsöhi, hilf. Über die Schweiz und andere Nester",es del año,2002
Histoire comparée des littératures francophones,es del año,1980
Histoire comparée des littértures francophones,es del año,1980
Home for Difficult Children,es del año,2022
Humanités provinciales,es del año,1999
Husten,es del año,1968
I giorni della paura,es del año,2009
Ich bekenne,es del año,1985
Ich bin die Schwalbe von einst/Eu sun la randolina d'ünsacura,es del año,2004
Ich bin hier bloß die Katze,es del año,2007
Ich bin nicht mehr zählbar,es del año,1978
Identity of God's People and the Paradox of Hebrews,es del año,2015
Idées et formes fixes,es del año,2001
Il fondo del sacco,es del año,2017
Il manoscritto del Santo Sepolcro,es del año,1997
Il mistero e Pasquale,es del año,2006
Il sogno di Walacek,es del año,1991
Il treno delle italiane,es del año,1995
Illustrierte Geschichte der Schweiz,es del año,1977
Im Kongo,es del año,1996
Im Land der Stille. Meine Lehrzeit bei den Meistern im Himalaja,es del año,1998
Im Verlauf einer langen Erinnerung,es del año,1977
Imagine,es del año,1996
In Hackensack,es del año,2003
In Touch with a Universal Master,es del año,2017
In the Congo,es del año,2015
In the Heart of the World,es del año,2015
In the Land of Silence,es del año,2012
In-situ Materials Characterization,es del año,2014
Index to Dialect Maps of Great Britain,es del año,1991
India,es del año,1975
Indianersommer,es del año,1985
Indirekte Strategie,es del año,1989
Inseln in der Weltliteratur,es del año,1988
Inseln sind keine Luftgespinste,es del año,1977
Integration und Medien,es del año,2002
Internationales Recht auf See und Binnengewässern,es del año,1993
Interviews with the phoenix,es del año,1998
Invasions,es del año,1990
Iohannis Iacobi Frey ... Commentatio de Mvntmannis Qva Simvl Qvid Mvndebvrdivm Fverit Vberivs Ostenditvr...,es del año,2023
Ion-selective microelectrodes,es del año,1986
Irpinia,es del año,1983
Irrtum vorbehalten. Aphorismen und Reflexionen über Gott und die Welt,es del año,2001
Isaac Asimov's Masters of Science Fiction,es del año,1978
Isaac Asimov's Science Fiction Treasury (The Future in Question / Space Mail),es del año,1980
Island Beyond the Moon,es del año,1992
Italie et autres voyages,es del año,2010
"Italienische Erzähler, Ln, in 2 Bdn., Vom 'Novellino' bis Carlo Gozzi",es del año,1991
"Italienische Erzähler, Ln, in 2 Bdn., Von Camillo Boito bis Goffredo Parise",es del año,1991
J'ai vécu ma mort,es del año,2015
Ja tut prosto kiška,es del año,2018
Japan,es del año,1970
Jean Rudolf von Salis,es del año,2009
Jenseits der Blattränder,es del año,2014
Jesus in apokryphen Evangelienüberlieferungen,es del año,2010
"Jesus, Judith and Johannes",es del año,2016
Jesus-Texte,es del año,1972
Jesús también estaba invitado,es del año,2017
Jimmy Flitz ChinderWiehnacht . Liederheft,es del año,2013
"Jimmy Flitz, die Schweizermaus",es del año,2010
Jimmy-Flitz die Schweizermaus,es del año,2010
Johann Jakob Frey (1813-1865),es del año,1985
Johann Martin Usteri,es del año,1831
Josef Albers,es del año,1971
Journey through Eternity,es del año,2022
Jules Vallès,es del año,1991
Kahden sukuni tarina,es del año,2001
Kamikaze Mozart,es del año,2007
Kampf und Sieg der FKK,es del año,1984
Kassensturz,es del año,1975
Katzen,es del año,1994
Katzen Eine Auswahl von Texten aus der Weltliteratur,es del año,1991
Kein Recht auf Liebe,es del año,1978
Kiebitz,es del año,1988
Kiebitz. Roman,es del año,1991
Kinder in der Weltliteratur,es del año,1998
Kindertotenlieder,es del año,2019
Kith and kin,es del año,1988
Klassiker der Philosophie heute,es del año,2004
Klassiker der Strategie,es del año,1996
Klassiker der Strategie - eine Bewertung. Strategie und Konfliktforschung,es del año,2003
Kleine Beweise der Freundschaft,es del año,2014
Kommandier(t) die Poesie!,es del año,2006
Konflikte und Kriege. Simulationstechnik und Spieltheorie,es del año,1999
Konkrete Poesie,es del año,1972
"Konstellationen, Ideogramme, Stundenbuch",es del año,1977
Konzeption Einer Prozesskostenrechnung Zur Abrechnung Von Workflows in Banken,es del año,1999
Krieg in der Gegenwart,es del año,2004
Krise der Leuchttürme öffentlicher Kommunikation,es del año,2011
Kronika Von der Loblichen Eidgnoschaft,es del año,2022
Kunst im NS-Staat,es del año,2015
Kunst und Gentechnologie,es del año,1997
Kurnovelle,es del año,1994
Kurt Blum - das fotografische Werk,es del año,2012
L' albero di Lutero,es del año,1998
L' ange dans le placard,es del año,1999
L' anno della valanga,es del año,1991
L' après-midi à Ropraz,es del año,1990
L' effacement,es del año,1991
L' effraction,es del año,1998
L' incartade,es del año,2003
L' ombre au tableau,es del año,1996
L' âme antique,es del año,1997
L'Homme de musique,es del año,1992
L'amato presente,es del año,2002
L'anno prossimo a Gerusalemme,es del año,1987
L'année prochaine à Jérusalem,es del año,1987
L'enfant qui mesurait le monde,es del año,2016
L'enjeu,es del año,2005
L'envol du marcheur,es del año,2004
L'homme qui peignait les âmes,es del año,2021
L'homme qui tombe,es del año,2005
L'imprévisible,es del año,2006
L'occhio s'imperla,es del año,2011
L'ombre au tableau,es del año,1996
L'énigme,es del año,2001
La Manipulation,es del año,2000
La Profecia Del Vaticano/ the Vatican's Prophecy,es del año,2005
La Prophétie du Vatican,es del año,2003
La République Mêtis,es del año,1997
La Rose des temps,es del año,2000
La Suisse,es del año,2003
La chambre de Vincent,es del año,2002
La chasse spirituelle,es del año,2005
La confrérie des moines volants,es del año,2013
La coïncidence,es del año,2005
La creature,es del año,1984
La créature,es del año,1984
La créature,es del año,1986
La figlia prodiga e altre storie,es del año,2004
La fille des Louganis,es del año,2007
La fille des louganis,es del año,2008
La frontière tatouée,es del año,2008
La ligne bleue,es del año,1995
La ligne gothique,es del año,2004
La marche aux enfants,es del año,1979
La moisson des dieux,es del año,1994
La notte di Apollo,es del año,1990
La pelle di Socrate,es del año,1991
La pension Marguerite,es del año,2006
La ressemblance humaine,es del año,1991
La rémanence,es del año,1992
La rémission,es del año,1997
La substitution,es del año,1995
La transculture et Vice versa,es del año,2010
La vanità di scrivere,es del año,1992
"La vie, il y a des enfants pour ça",es del año,1994
La vérité du beau dans la musique,es del año,2007
Labyrinth,es del año,1900
Land und Lüt,es del año,1992
Landolts Rezept,es del año,1989
Le Grand Livre des Math Amusantes,es del año,1998
Le Manuscrit du Saint-Sépulcre,es del año,1994
Le Marketing sans Marketing,es del año,2002
Le Siège de Bruxelles,es del año,1996
Le Turquetto,es del año,2011
Le XXe (i.e. vingtième) siècle,es del año,1975
Le XXe [i.e. vingtieme] siecle (Litterature francaise ; 15-16),es del año,1975
Le XXe siècle,es del año,1975
Le baron Pierre-Victor de Besenval,es del año,1993
Le chien Tristan,es del año,1993
Le cloche de minuit et autres contes,es del año,1998
Le consommateur piégé,es del año,1973
Le dixième ciel,es del año,1986
Le démantèlement du cœur,es del año,2014
Le gour noir,es del año,1972
Le huitième jour de la création,es del año,1986
Le maître des roseaux,es del año,1995
Le manuscrit du Saint-Sépulcre,es del año,2006
Le meurtre de Pierre Curie (French Edition),es del año,2007
Le mystère Machiavel,es del año,1999
Le rapt,es del año,1980
Le roman d'espionnage,es del año,1983
Le secret,es del año,2006
Le secret des Suisses,es del año,2018
Le silence des abeilles,es del año,2009
Le transfert,es del año,1999
Lebenleben,es del año,1989
Lebenslust bis 100. Das Ego- Projekt,es del año,2002
Les Paradoxes du marketing,es del año,2000
Les abbayes vaudoises,es del año,1991
Les belles fidèles,es del año,1990
Les cendres de Superphénix,es del año,1997
Les enfants-loups,es del año,1997
Les forcats,es del año,1989
Les forçats,es del año,1989
Les petits camarades,es del año,1987
"Les poils du côté de la fenêtre, ou, Petit traité de discipline militaire",es del año,1994
Les prisons de Charles-Albert,es del año,1993
Les scandales de l'eau en bouteilles,es del año,2009
Les sources occultes du romantisme,es del año,1979
Les trois anneaux,es del año,1989
Lessing's religiöser Entwicklungsgang,es del año,1877
"Letters, 121-150",es del año,2012
Letzte Warnung,es del año,1996
Letzte Warnung. Geschichten,es del año,2002
Licht einer großen Seele. Begegnungen mit einem Meister aus dem 'Land der Stille',es del año,2001
Lichter in Menlo Park,es del año,2000
Liebe Stimme,es del año,2000
Lieber leben als schreiben!,es del año,2008
Liebesbrief für Mary,es del año,1995
Liebesnacht,es del año,1982
Lilas,es del año,1998
Lo specchio greco,es del año,1980
Lob der schwarzen Schafe,es del año,2003
Loewy Decomposition Of Linear Differential Equations,es del año,2012
Loewy Decomposition of Linear Differential Equations,es del año,2012
Loin des bras,es del año,2009
London,es del año,1956
Longfellow's Dichtungen,es del año,1877
"Los "" salvajes y los ""civilizados"" : el encuentro de Europa y Ultramar",es del año,1982
"Louise et Albert, ou, Le danger d'être trop exigeant",es del año,1999
Luftverteidigung,es del año,1993
Lust Auf Mehr Leben,es del año,2013
Lymbacher,es del año,2003
Légèrement seul,es del año,2013
M-Frühling,es del año,1980
Maaike en Domenico,es del año,2005
Mach Keini Schpruch,es del año,1981
Mach keini Schprüch,es del año,1981
Machines That Think,es del año,1984
Main tendue poing fermé,es del año,2005
Maithuna / Matterhorn,es del año,2005
Making Musical Time,es del año,2021
Mallarmé,es del año,1999
Mamma mia! Geh nicht weg!,es del año,2016
Mamma mia! Geh nicht weg.,es del año,2001
Mamma mia! Lass das Zaubern!,es del año,2016
Mamma mia! Zum Schluchzen schön!,es del año,2016
Mamma mia. Was haben wir geweint.,es del año,1999
Manesse Almanach auf das 40. Verlagsjahr,es del año,1984
Mare degli immortali,es del año,1991
Martin Behaim Aus Nürnberg,es del año,2014
Marxistisch-leninistische Konzeptionen des Terrorismus und der Revolution,es del año,1987
Maskenzwang,es del año,1985
"Maus, die Maus, liest ein langes Buch",es del año,2000
Maya und Domenico,es del año,2008
Maya und Domenico 06,es del año,2010
Maya und Domenico 08. Bitte bleib bei mir!,es del año,2013
Medien lesen,es del año,1999
Mediengesellschaft,es del año,2013
Meditation mit offensen Augen,es del año,1974
Medizinethik und Medizinethische Expertengremien Im Licht des Öffentlichen Rechts,es del año,2011
Mein Feuilleton,es del año,1982
Mein Sinai-Trip,es del año,1973
"Meine Reise Im Orient, Zweiter Theil",es del año,2022
Meine Väter,es del año,2003
Melancholie,es del año,1978
Melekh ha-nefṭ,es del año,2013
Mensch verbinde Erde und Himmel. Christliche Elemente einer kosmischen Spiritualität,es del año,1993
Messerschmitt Me 163 Komet,es del año,1990
Meta Heusser-Schweizer,es del año,2011
"Mich wundert, dass ich fröhlich bin",es del año,1973
Mikérinos,es del año,2001
Minderheiten wie liebe,es del año,1994
Mon cher Jean--,es del año,1997
Mon père sur mes épaules,es del año,2017
"Monsieur Fume, oder, Das Glück der Vergesslichkeit",es del año,1998
Muku-Tiki-Mu Text and Notenband Mit Hintergrundinfos,es del año,2020
Musical Creativity,es del año,2011
Musical Performance,es del año,2011
Musical Performance : A Comprehensive Approach,es del año,2013
Musique,es del año,1988
Musique et humanisme,es del año,1998
My Wäg,es del año,1992
Mythenspiel,es del año,1991
"Mémoires du duc de Lauzun, général Biron",es del año,1986
Métamorphoses d'une utopie,es del año,1992
Nach Einfall der Dämmerung,es del año,1982
Nach uns die Zukunft,es del año,1979
Nach uns die Zukunft. Von der positiven Subversion,es del año,2001
Nachkriegsmoderne Schweiz,es del año,2001
Nachtbuch,es del año,1992
Nachtgespräche,es del año,1979
Ne retournez pas la pierre,es del año,1996
Nessuno ha pregato per noi,es del año,1999
Neue Schweizer Standpunkte,es del año,2019
Neuestes Reisehandbuch für Thüringen,es del año,2023
Né timo né maggiorana,es del año,1995
Nicht Anfang und nicht Ende,es del año,1974
Nicht vom Brot allein,es del año,1998
"Nicole Eisenman and the Modernists. Köpfe, Küsse, Kämpfe",es del año,2022
Niemandsland der Dreissigerjahre,es del año,1979
"Nietzsche, ou, L'insaisissable consolation",es del año,2000
Niklaus von Flüe,es del año,1986
Noi - Nous - Nosotros,es del año,2015
Noosüechle,es del año,1978
"Notice Biographique Sur le Général Frédéric-César de la Harpe, Précepteur de l'empereur de Russie Alexandre I. Directeur de la République Helvétique Citoyen Suisse du Canton du Vaud...",es del año,2023
Notizen eines Müssiggängers,es del año,1989
"Nudism, obscenity and the law",es del año,1974
Nächstes Jahr in Jerusalem,es del año,1987
"O conselho tutelar, a criança e o ato infracional",es del año,2002
OEUVRES COMPLETES T.3,es del año,1993
Occasionalismus,es del año,2000
Ohnmachtwechsel und andere Gedichte aus 20 Jahren,es del año,1981
Ohnmachtwechsel und andereGedichte aus 20 Jahren,es del año,1981
Ohren haben keine Lider,es del año,2008
Omps,es del año,2003
Opera...,es del año,2023
Orakl,es del año,2017
Organisierte Kriminalität und Sicherheit,es del año,1999
Panloptikum,es del año,2011
Paraplegie,es del año,2006
Passagen,es del año,1991
Passion,es del año,1993
Passion: Ein Gestandnis,es del año,1993
Paul-Jean Toulet,es del año,1987
"Pauwels, ou, Le malentendu",es del año,1989
Pfleghar,es del año,1993
Piccolo dizionario dell'inuguaglianza femminile,es del año,2007
Pierre-Olivier Walzer,es del año,1999
Poems,es del año,2022
Poesias/Gedichte,es del año,1995
Portraits de 250 entreprises vaudoises,es del año,1972
Poschiavo un mondo de valle,es del año,1998
Pourquoi la souffrance,es del año,1992
"Poésie complète, 1939-1994",es del año,1995
Poésies/Poesias,es del año,1999
"Pradestination, Zeit Und Kontingenz",es del año,2000
"Prädestination, Zeit und Kontingenz",es del año,1988
"Prentice Hall Literature - Timeless Voices, Timeless Themes - The British Tradition",es del año,2002
Prince d'orchestre,es del año,2012
Privatstunden,es del año,2007
Privélessen,es del año,2015
Programmierung Mit Servlets und Applets in Java,es del año,2002
Przyszłego roku w jeruzalem,es del año,1999
Psychologie de la création,es del año,1974
Puck,es del año,1996
Quadrate aller Länder,es del año,2006
Quand vos nuits se morcellent,es del año,2018
Quartine per Francesco,es del año,2004
Quinquennat d'un plouc chez les bobos,es del año,2012
Quêtes,es del año,1983
R eden und andere Reden,es del año,1979
Rachel et les siens,es del año,2020
Real-world Ajax,es del año,2007
Reden und andere Reden,es del año,1979
Regiomontanus,es del año,2018
Rehabilitation Beginnt Am Unfallort,es del año,1992
Rene Descartes,es del año,1998
René Descartes,es del año,1998
Repräsentation bei Descartes,es del año,1996
Republic denied,es del año,2002
Requiem d'amour,es del año,2014
Requiem per zia Domenica,es del año,2004
Rettet die Schweiz - schafft die Armee ab!,es del año,1989
"Rettet die Schweiz, schafft die Armee ab!",es del año,1982
Rhone saga,es del año,1996
Risse,es del año,1977
Robert Mächler-- ein Don Quijote im Schweizer Geistesleben?,es del año,1999
Robert S. Gessner,es del año,1991
Robert Walser zum Gedenken,es del año,1976
"Robert Walser, der Unenträtselte",es del año,1999
Rudolf Maeglin,es del año,2021
Rückfälle,es del año,1978
Révolution française et christianisme - L'exemple du réseau Chaffoy en Franche-Comté,es del año,2021
S Bottebrächts Miggel,es del año,1987
S Tunälldorf,es del año,1988
"Sag' ich's euch, geliebte Bäume. Texte aus der Weltliteratur",es del año,1999
Saitenstrassen - oder die Melodie des Zufalls,es del año,1998
San Gottardo,es del año,2003
"San José, el eco del Padre",es del año,2021
Sant'Antoni dai Padü,es del año,1986
Schadenersatz im internationalen Seefrachtrecht,es del año,1990
Schalom allerseits,es del año,1987
Schattenmänner,es del año,1994
Schlafgänger,es del año,2014
Schlafwandel,es del año,2006
Schmelzwasser,es del año,1978
Schweizer Erzähler,es del año,1985
"Schweizer Geschichte für Ketzer, oder, Die wundersame Entstehung der Eidgenossenschaft",es del año,1981
Schweizerische Kirchenrechtsquellen,es del año,1999
Schweizerische Kirchenrechtsquellen =,es del año,2001
Schweizerische Militärpolitik der Zukunft,es del año,2000
Schweizerisches Jahrbuch Fuer Kirchenrecht. Band 10 (2005). Annuaire Suisse de Droit Ecclésial. Volume 10 (2005),es del año,2006
Schweizerisches Jahrbuch Fuer Kirchenrecht. Band 9 (2004). Annuaire Suisse de Droit Ecclésial. Volume 9 (2004),es del año,2005
Schweizerisches Jahrbuch Fur Kirchenrecht : Annuaire Suisse de Droit Ecclesial,es del año,1997
Science Fiction A to Z,es del año,1982
Scirocco,es del año,1985
Scrittori a confronto,es del año,2004
Seguir a Cristo,es del año,2019
Sehschule,es del año,1983
Sei doch mal still,es del año,2001
Seismographische Funktion von Öffentlichkeit im Wandel,es del año,2008
"Sellerie, Ketch up & Megatonnen",es del año,2012
Sempre altrove,es del año,2018
Sessizligin Ülkesinde,es del año,2016
Shakespeares K onigsdramen,es del año,2004
Shark leadership,es del año,2006
Siegward Sprotte malt in Nordfriesland,es del año,1984
"Sigmund, oder, Der Herr der Seelen tötet seine",es del año,1886
"Sigmund, oder, Der Herr der Seelen tötet seine",es del año,1986
Silbertischtle,es del año,1974
Simon Called Peter,es del año,2010
Simulationen sicherheitspolitischer Prozesse anhand von Beispielen und Problemen der schweizerischen Sicherheitspolitik,es del año,1980
"Simón, llamado Pedro",es del año,2016
Sous Le Signe Du Phenix,es del año,1985
Sous le signe du phénix,es del año,1985
Soviel ihr wollt,es del año,1994
Space Mail,es del año,1980
Späthumanismus in Schlesien,es del año,1994
Spektroskopische Methoden in der organischen Chemie,es del año,1991
Spirits of the Earth,es del año,2016
St. Gallen,es del año,1999
Stauffer-Bern,es del año,1975
Stellung und Entwicklung der schweizerischen Papierindustrie im Lichte der wirtschaftlichen Integration Europas,es del año,1974
Steuerungs- und Regelungsprobleme in der Informationsgesellschaft,es del año,1999
Stille,es del año,2016
"Strategisch denken. Ziel - Mittel - Einsatz in Politik, Wirtschaft und Armee",es del año,1997
Stratifizierte und Segmentierte Öffentlichkeit,es del año,2012
Studien zur Gottes- und Seelenkonzeption im Werk der Mechthild von Magdeburg,es del año,1988
Sturz ins Blaue,es del año,2011
"Susi Juvan, Germany -- Wonder, South Africa",es del año,2011
Svizzera italiana,es del año,1986
TERMINAL TERRESTRE,es del año,2017
TV 2000,es del año,1983
TV- Monopoly. Die Inside- Story,es del año,2002
Tagundnachtgleiche,es del año,1978
Taoist,es del año,2018
Tempi supplementari,es del año,2008
Texte Meistern,es del año,2016
That we may join earth and heaven,es del año,1996
The Blue Line,es del año,2000
The Bottom of the Barrel,es del año,1987
The Bottom of the Sack,es del año,1983
The Conductor Of Illusions,es del año,2014
The Future of Music,es del año,2020
The Mammoth Book of New World Science Fiction,es del año,1991
The Oldest Hands In The World Poems,es del año,2010
The Possible Is Monstrous Selected Poems,es del año,2010
The Rotterdam Rules 2008,es del año,2010
The Science fictional olympics,es del año,1984
The Shipwreck (A Story for the Young),es del año,2006
The Topos of Music,es del año,2003
The Topos of Music I : Theory,es del año,2018
The Topos of Music II : Performance,es del año,2018
The Topos of Music III : Gestures,es del año,2018
The Topos of Music IV : Roots,es del año,2018
The Vassula enigma,es del año,2001
The Whole of Life,es del año,2013
The king of oil,es del año,2009
The topos of music,es del año,2002
Theologie des Gemeindeaufbaus,es del año,1987
Theorie der konkreten Poesie,es del año,1997
Theorien der Intentionalität im Mittelalter,es del año,2002
Théories de l'intentionnalité au moyen âge,es del año,2003
Tire à part,es del año,1999
Tiré à part,es del año,1993
Top Dogs,es del año,1997
Tous les lointains sont bleus,es del año,2015
Tout savoir sur le cerveau et les dernières découvertes sur le Moi,es del año,2006
Tracing connections,es del año,2014
"Transfer of Ownership in International Trade (Publication (International Chamber of Commerce), No 546.)",es del año,1999
Traumlos ohne Takt,es del año,2017
Trilogie Jacques Neirynck - coffret,es del año,2006
Trockenwiese,es del año,1984
Tu n'as rien vu à Fukushima,es del año,2011
Tu seras mon père,es del año,2022
Turquetto,es del año,2012
UN DIPLOMATE AMRICAIN SOUS LA TERREUR (1789-1798),es del año,1983
"USA, UdSSR, Nuklearkrieg?",es del año,1983
Uff e Wäg,es del año,1989
Um Miternacht beim Rilkegrab: Roman,es del año,1994
Un dimanche à la montagne,es del año,2006
Un eterno imperfetto,es del año,2006
Un glacier dans le coeur,es del año,2009
"Un pape suisse, Tome 2 (French Edition)",es del año,2006
Un' estate mediterranea,es del año,1999
Une histoire en crescendo: la musique classique `a Lausanne,es del año,2000
Unter mir gesagt,es del año,1991
Urmein,es del año,1998
Ursula et Colombine,es del año,1988
Us Härz und Heimet,es del año,1989
Über den Himmel,es del año,1993
"Über den Wunsch, sich wohlzufühlen",es del año,1985
V budushchem godu - v Ierusalime,es del año,2013
"Va-t'en, oublie",es del año,2014
Values and human experience,es del año,1999
Variazioni su basso ostinato,es del año,1991
Ver-rückte Zeiten,es del año,2001
Verbeugung vor Spiegeln,es del año,2015
Vergessen und Erinnern,es del año,1980
Vergessen und erinnern,es del año,1980
Versuchung der Schönen Form,es del año,2019
Victor Hugo et les illuminés de son temps,es del año,1973
Victoria-Hall,es del año,2006
Vierzig Rosen,es del año,2006
Virtuellement vôtre!,es del año,1993
Vision des Todes,es del año,1981
Vision des Todes. Bericht einer Seele aus dem Zwischenreich,es del año,1993
Vocabularium iurisprudentiae Romanae : Auspiciis instituti Savigniani Fundatum,es del año,1964
Voix d'Irlande et du Québec =,es del año,1995
"Vom Hühnchen, das goldene Eier legen wollte",es del año,1998
Vom Kaffee in Frühen Reiseberichten,es del año,1988
Vom Rand nach innen,es del año,1995
Vom Rausch im Orient und Okzident,es del año,1995
Vom Wahren und Guten,es del año,1982
Vom schönen Horizont,es del año,2003
Von Hegel Zu Kelsen,es del año,1963
Von Spitteler zu Muschg,es del año,1975
Von Zurich Nach Zurich - Tagebuch Einer Weltreise - Linda Verlag 1993,es del año,1993
Vor Schrecken starr,es del año,1988
"Vérité-vérites, ou, la justice au quotidien",es del año,1996
WER DEN WIND VERNIMMT,es del año,1981
Walaschek's Dream,es del año,2012
Walaschek's dream,es del año,2012
Warum wir zusammen sind,es del año,2019
Was ist wichtig?,es del año,1985
Weltgeschichte der neuesten Zeit,es del año,1988
Wenn Leiden einen Sinn haben soll,es del año,1990
Wenn ich ein Vöglein wär,es del año,2013
Wenn's schneit beim Krokodil,es del año,2005
Wer bin ich?,es del año,2014
Wer wird Milliardär? Der Börsenhype und seine Macher,es del año,2003
Werkausgabe,es del año,1900
What You Really Are,es del año,2013
"Widerpart, oder, Fuga mit Orgelpunkt vom Schnee",es del año,1979
Widerstand der Besiegten,es del año,2006
Wie Zen mein Christsein verändert,es del año,2004
Wien,es del año,1970
Winterball,es del año,1996
Wir und die Wilden,es del año,1985
Wissenschaftlicher und Praktischer Commentar Über Den Ersten Petrusbrief,es del año,2023
Wissensmanagement Im Finanzdienstleistungsbereich,es del año,2003
Wo de ma ya! Bie zai wan mo fa le! =,es del año,2003
Wo de ma ya! ni bu yao zou ma! =,es del año,2003
Wo de ma ya! wo men ku de hao tong kuai wo! =,es del año,2003
Wochenend' und Sonnenschein,es del año,2001
Worte zur Zeit,es del año,1989
Wortwund,es del año,1988
Wüthrich,es del año,1966
Xenegugeli,es del año,2017
Xenegugeli English ABC,es del año,2013
You Are the World,es del año,2017
Zerfall der Öffentlichkeit?,es del año,2000
Ziegelbrennen,es del año,2018
Zofingen,es del año,1980
Zofingen und sein Bezirk,es del año,1989
Zoo d'amore,es del año,1993
Zur Sache der Konkreten,es del año,1988
Zur falschen Zeit,es del año,2010
Zurcher Denkmalpflege. 24. Bericht 2017-2018,es del año,2024
Zurcher kulturfahrplan,es del año,1986
Zuspitzungen,es del año,1984
Zürich,es del año,1975
Zürich als Anlass,es del año,1979
"Züst, oder, Die Aufschneider",es del año,1980
Zweifel und Gewissheit,es del año,2006
"Zwingli, 1484-1984",es del año,1983
Zwischen Kniefall und Verdammung,es del año,1999
ha-ʻAlmah Shṭarḳ,es del año,2009
le Derrire la Lune,es del año,1992
"viseversa literatur (Jahrbuch der Schweizer Literaturen, 5)",es del año,2011
Überlebensstrategien für Frauen. Pocket- Guide Frauenzeit,es del año,2002
Œuvres complètes,es del año,1993
